{
    "url": "http://www.alweeam.com.sa/348619/تويتــر-يطلق-خدمة-أمـان-جديـدة/",
    "title": "«تويتــر» يطلق خدمة أمـان جديـدة",
    "author": "واشنطن-الوئام:",
    "content": " أعلن موقع التواصل الاجتماعي تويتر إطلاق وظيفة أمان جديدة، حيث يمكن للمستخدم في الإعدادات الاطلاع على سجل عمليات تسجيل الدخول على الموقع. وأوضحت الشركة الأميركية أنه يتم في هذا السجل إدراج قائمة تشتمل على نوع التطبيق ونوع الجهاز المستخدم في تسجيل الدخول في حساب تويتر، بالإضافة إلى معلومات أخرى تشمل الموعد وعنوان بروتوكول الإنترنت (أي بي) والموقع، الذي تم منه تسجيل الدخول. وإذا لاحظ المستخدم وجود عملية تسجيل دخول غير معروفة أو مشبوهة في التطبيق، فيمكنه في هذه الحالة النقر مباشرة على علامة تبويب التطبيقات، وسحب إمكانية الوصول إلى التطبيق المعني. كما يمكن معرفة إذا كانت هناك عمليات تسجيل دخول بموقع الويب من أماكن غير معروفة، فعندئذ يتعين على المستخدم تغيير كلمات المرور على الفور. رابط الخبر بصحيفة الوئام: «تويتــر» يطلق خدمة أمـان جديـدة ",
    "date_extracted": "2015-07-21 17:03:15"
}