{
    "url": "http://www.alweeam.com.sa/349274/بالصور-النصر-يدشن-طقمه-الجديد/",
    "title": "بالصور .. النصر يدشن طقمه الجديد",
    "author": "",
    "content": "  دشن نادي النصر أطقم الفريق الأول لكرة القدم للموسم الرياضي 2015 / 2016 م والتي سيخوض بها الفريق جميع منافسات الموسم وجاء تدشين الأطقم الجديدة في إطار دعم بيئة الاستثمار للنادي بفضل ما يتمتع به النصر من قاعدة جماهيرية عريضة .\nوجاءت أطقم النصر الثلاثة وفق ما يلي :\n( الطقم الأول )\nوهو الطقم الأساسي الذي سيلعب به الفريق معظم مباريات الدوري وخصوصاً المباريات التي ستقام على أرضه ولون قمصانه صفراء والشورت باللون الأزرق والشراب اصفر وأرقام اللاعبين وأسماؤهم ستكون باللون الأزرق\nوارتدى الطقم الأساسي كل من ( حسين عبدالغني و محمد السهلاوي ونايف هزازي ) .\n( الطقم الثاني ): ـ\nويلعب به الفريق غالباً المباريات التي تقام خارج أرضه ولون قمصانه زرقاء والشورت ازرق والشراب ازرق أما أرقام اللاعبين وأسماؤهم ستكون باللون الأصفر .\n وقد ارتدى هذا الطقم كل من ( عمر هوساوي وعبدالعزيز الجبرين )\n ( الطقم الثالث ): ـ\nالطقم الجيشي : ولون القمصان جيشي مختلط الألوان الرصاصي مع الأسود .\nوقد ارتدى هذا الطقم كل من ( احمد عكاش وحسن الراهب وخالد الغامدي ) .\nويمتاز الطقمين الأصفر والأزرق بوجود فتحات للتهوية على جانبي القميص ينفذ من خلالها الهواء لحسم اللاعب صممت وفق عبارة NFC. هذا وقد قام المركز الإعلامي بعمل تصاميم التدشين .\n\n\n\nرابط الخبر بصحيفة الوئام: بالصور .. النصر يدشن طقمه الجديد ",
    "date_extracted": "2015-07-25 23:26:54"
}