{
    "url": "http://www.alweeam.com.sa/348978/شرطة-القصيم-تحقق-في-وفاة-طفلة-اختنقت-بـ/",
    "title": "شرطة القصيم تحقق في وفاة طفلة اختنقت بــ«حبل» أرجوحة",
    "author": "بريدة –الوئام- خالد المرشود:",
    "content": " فتح مخفر شرطة البتراء تحقيقًا في وفاة طفلة تبلغ من العمر ١٢ عامًا في بلدة المشنية غرب القصيم إثر اختناقها بحبل أرجوحة علقت بها عندما كانت تتلعب بها في منزل ذويها مساء أمس. ووفقًا للناطق الإعلامي لشرطة منطقة القصيم الرائد بدر السحيباني فإن شرطة محافظة النبهانية تلقت مساء أمس بلاغًا من مستشفى النبهانية العام حول وفاة طفلة تبلغ من العمر ١٢ عامًا، حيث جرى انتقال المختصين ومباشرة الحادثة في حينها. وأشار إلى أن إجراءات المعاينة الأولية أوضحت وجود آثار لسحجات حول عنقها، تعرضت لها إثر اختناقها بحبل أرجوحة علقت بها عندما كانت تلهو بمنزل ذويها.وأن التحقيقات لا تزال جارية لمعرفة ملابسات الحادثة. رابط الخبر بصحيفة الوئام: شرطة القصيم تحقق في وفاة طفلة اختنقت بــ«حبل» أرجوحة ",
    "date_extracted": "2015-07-23 17:22:51"
}