{
    "url": "http://www.alweeam.com.sa/348884/مقتل-20-في-انفجار-سيارة-ملغومة-ببغداد/",
    "title": "مقتل 20 في انفجار سيارة ملغومة ببغداد",
    "author": "بغداد - الوئام - رويترز :",
    "content": " انفجرت سيارة ملغومة اليوم الأربعاء في سوق مكتظة بالناس في حي الشرطة بالعاصمة العراقية بغداد.\n وكشفت مصادر أمنية وطبية أن الانفجار أدى إلى مقتل 20 شخصا على الأقل وإصابة 48 آخرين. رابط الخبر بصحيفة الوئام: مقتل 20 في انفجار سيارة ملغومة ببغداد ",
    "date_extracted": "2015-07-23 17:25:54"
}