{
    "url": "http://www.alweeam.com.sa/348983/بارتوميو-لا-تعاقدات-جديدة-في-برشلونة-و/",
    "title": "بارتوميو: لا تعاقدات جديدة في برشلونة وإنريكي سعيد",
    "author": "برشلونة-الوئام:",
    "content": " كشف رئيس نادي برشلونة الإسباني جوسيب ماريا بارتوميو، أن النادي لن يقدم على إبرام تعاقدات جديدة قبل انطلاق الموسم الجديد، مؤكداً سعادة المدرب لويس إنريكي بعناصر الفريق الحالي، الذي سيسعى للدفاع عن الثلاثية التي توج بها في الموسم الماضي. وأبدى بارتوميو، الذي يصاحب الفريق في بداية فترة الإعداد للموسم الجديد بالولايات المتحدة، تفاؤله بمستقبل الفريق الكاتالوني بقوله: “ينتظرنا واحد من تلك المواسم التي يحبها المشجع الكاتالوني لأنه يمكننا فيها تحقيق الكثير من الألقاب”. وأوضح رئيس البرسا، الذي فاز بهذا المنصب في الانتخابات التي جرت مؤخراً في النادي، أنه ليس لديه أي إخطار رسمي برغبة أي لاعب في الرحيل عن الفريق، ولكنه أبدى تفهمه لإمكانية حدوث هذا الأمر حتى 30 أغسطس (آب) المقبل. وحول هذا الأمرر كرر بارتوميو نفس الكلمات التي قالها مدربه حينما، واجه سؤالاً بخصوص نفس الموضوع، حيث صرح إنريكي: “من يرغب في الرحيل عليه سداد الشرط الجزائي”. وأضاف رئيس النادي “الفريق اكتمل، لدينا فريق متزن وكامل، نحتاج لكل لاعبينا لأن النادي يسعى هذا العام للعب على كل الألقاب”. رابط الخبر بصحيفة الوئام: بارتوميو: لا تعاقدات جديدة في برشلونة وإنريكي سعيد ",
    "date_extracted": "2015-07-23 17:22:44"
}