{
    "url": "http://www.alweeam.com.sa/348959/بالصور-كاميرا-طائرة-تكتشف-مشهداً-يلتق/",
    "title": "بالصور..كاميرا طائرة تكتشف مشهداً يلتقط لأول مرة في «الهيمالايا»",
    "author": "واشنطن-الوئام:",
    "content": " استطاع المصور البولندي، ديفيد كازلكوفسكي التقاط صورة مدهشة لمشهد جميل مخفي بين جبال الهيمالايا لأول مرة، عن طريق كاميرا طائرة، ونشر النتيجة على موقعه الخاص. ولم يكن من المكن التقاط هذه الصورة المذهلة لولا الكاميرا على طائرة موجهة.وتبدو اللقطة وكأنها من كوكب آخر، ويقول كازلكوفسكي: “بإمكان التكنولوجيا أن تساعد المصور، لكن هناك شيء وحيد لا يتغير ولا بد منه، عليك أن تتبع شغفك”.بحسب موقع 24 الاماراتي. رابط الخبر بصحيفة الوئام: بالصور..كاميرا طائرة تكتشف مشهداً يلتقط لأول مرة في «الهيمالايا» ",
    "date_extracted": "2015-07-23 17:25:03"
}