{
    "url": "http://www.alweeam.com.sa/348675/8-قتلى-من-عائلة-واحدة-بقصف-لـ-ميليشيا_ال/",
    "title": "8 قتلى من عائلة واحدة بقصف لـ #ميليشيا_الحوثي على دار سعد شمال #عدن",
    "author": "صنعاء-الوئام:",
    "content": " لقي 8 أشخاص من عائلة واحدة مصرعهم بقصف لـميليشيا الحوثي على دار سعد شمال عدن، ويأتي ذلك في الوقت الذي أعلنت فيه المقاومة اليمنية اليوم عن مقتل 22 من ميليشيا الحوثي باشتباكات معها قرب قاعدة العند ، فيما قتل 9 من الحوثيين وقوات صالح في هجوم للمقاومة الشعبية بـمأرب. رابط الخبر بصحيفة الوئام: 8 قتلى من عائلة واحدة بقصف لـ #ميليشيا_الحوثي على دار سعد شمال #عدن ",
    "date_extracted": "2015-07-21 17:48:40"
}