{
    "url": "http://www.alweeam.com.sa/342298/بالصور-العاصفة-أشوبا-تتسبب-في-فيضانا/",
    "title": "بالصور .. العاصفة “أشوبا” تتسبب في فيضانات كبيرة بسلطنة عُمان",
    "author": "",
    "content": " دخلت العاصفة المدارية اشوبا  إلى سواحل دول الخليج العربي وضربت سواحل سلطنة عمان التي تشهد منذ ليل الخميس هطول أمطار غزيرة تسببت بفيضانات كبيرة . رابط الخبر بصحيفة الوئام: بالصور .. العاصفة “أشوبا” تتسبب في فيضانات كبيرة بسلطنة عُمان ",
    "date_extracted": "2015-07-21 13:04:40"
}