{
    "url": "http://www.alweeam.com.sa/348693/4-وفيات-والعديد-من-الإصابات-في-حوادث-مخت/",
    "title": "4 وفيات والعديد من الإصابات في حوادث مختلفة بالباحة",
    "author": "الباحة ـ الوئام ـ محمد السويهري :",
    "content": " صرح المتحدث الرسمي للهلال الأحمر بالباحة عماد منسي الزهراني بأن غرفة العمليات بالمنطقة تلقت بلاغاً في تمام الساعة 12:46 صباح اليوم، الثلاثاء، يفيد بوقوع حادث انقلاب على طريق الملك سعود بكرا العقيق باتجاه الحمضة وتوجد إصابات متعددة وقد تم توجيه 4 فرق من الهلال الأحمر للموقع وعند وصول الفرقة الأولى للموقع تبين وجود 5 إصابات بالموقع.\n وأضاف الزهراني عن وجود حالتي وفاة بالموقع وحالة توقف قلب وتنفس وتم عمل CPR وهي خطيرة وتم نقلها بواسطة فرقة إسعاف العقيق إلى مستشفى العقيق وتوفي بعد وصوله المستشفى، أما الحالة الرابعة والخامسة فكانت وضع حالتهم من متوسطة إلى خطيرة فنقلت فرقة إسعاف العقيق الثانية وكانت فرقة متطوعة إلى مستشفى العقيق العام وحاله نقلت مع فرقة الدفاع المدني.\n وأفاد الزهراني أن 4 فرق من الهلال الأحمر والدفاع المدني شاركت في التعامل مع الحالات الناتجة عن الحادث.\n وأردف قائلاً: في حادث تصادم آخر وقع عند 12:01 صباح اليوم على طريق السواد الجديد بالباحة وتم التعامل مع الحالات ونقل حالتين لمستشفى الملك فهد بالباحة، كما ورد بلاغ للعمليات يفيد بوقوع حادث تصادم أمام ثانوية الملك فهد بالمخواه عند الساعة 12:58 صباح اليوم يفيد بوجود إصابتين متوسطتين تم التعامل معها حيث تم نقلهما إلى مستشفى المخواه العام.\n وأبان الزهراني عن ورود بلاغ يفيد بوجود حالتين متوسطتين نتيجة حادث تصادم بالوسقه، وذلك عند الساعة 1:06 صباح اليوم، وتم نقل الحالة إلى مستشفى الليث، كما وقع حادث تصادم عند الساعة 1:21 صباح اليوم بالرميضة عند الإسكان الخيري نتج عنه إصابة متوسطة وإصابة خطيرة وتم نقلها إلى مستشفى قلوه، ووأضح الزهراني وقوع حادث تصام بوادي ممنا بالمخواه في تمام الساعة 6:19 صباح اليوم وتم نقل حالة بسيطة إلى مستشفى المخواه، بينما ورد بلاغ عن حادث بكوبري العرائس الساعه 10:58 صباح اليوم وتم توجية الفرقة الإسعافية للموقع حيث وجدت حالة متوفاة بالموقع وإصابة أخرى نقلت عن طريق الجمهور. رابط الخبر بصحيفة الوئام: 4 وفيات والعديد من الإصابات في حوادث مختلفة بالباحة ",
    "date_extracted": "2015-07-21 20:07:55"
}