{
    "url": "http://www.alweeam.com.sa/348869/ايران-4-محطات-نووية-جديدة-لروسيا-والصين/",
    "title": "ايران: 4 محطات نووية جديدة لروسيا والصين",
    "author": "الوئام - كونا:",
    "content": " اعلن رئيس منظمة الطاقة الذرية الايرانية علي اكبر صالحي ان روسيا ستبدا اعمالا انشائية لبناء محطتين نوويتين في ايران العام الجاري كاشفا عن محادثات مماثلة مع الصين لبناء محطتين اخريين. وقال صالحي في تصريح صحافي اليوم ان ايران ستشهد خلال الاعوام الثلاثة او الاربعة المقبلة انشطة واسعة لبناء المحطات النووية الاربع مشيرا الى امتناع الروس فيما سبق عن التعاون في صنع الوقود النووي الايراني المخصب بنسبة 20 بالمئة تحت امتياز روسي. واضاف انه في ضوء التدابير المتخذة والواردة في نص الاتفاق النووي الذي تم التوصل اليه الاسبوع الماضي فان بامكان بلاده صنع وقود المحطات النووية تحت امتياز روسي معتبرا ذلك “تطورا مهما جدا”. واوضح صالحي ان الحاجة للوصول الى كميات كافية من عملية انتاج الوقود المطمئن هي ما بين 7 و 8 اعوام مؤكدا ضرورة حفاظ ايران على احتياطياتها من اليورانيوم. وذكر ان ايران بحاجة الى بناء ثلاثة مجمعات نووية مثل مدينة نطنز لتشغيل 150 الف جهاز للطرد المركزي من الجيل (ةز1) وبحاجة الى ما بين 7 و8 اعوام للاستخدام المطمئن للجيل (ةز8) من اجهزة الطرد الضرورية لبعض الانشطة النووية. وقال ان الانجاز الآخر من الاتفاق النووي يتعلق بسلعة (الماء الثقيل) الاستراتيجية في مدينة اراك مضيفا ” اننا ننتج الآن نحو 15 الى 16 طنا من الماء الثقيل سنويا ولدينا احتياطيات كافية حتى السنوات ال30 المقبلة”. ولفت الى ان ايران فتحت الطريق لبيع الماء الثقيل في الاسواق العالمية مشيرا الى ان بيع الماء الثقيل ومادة اليورانيوم يعد امرا مهما واستراتيجيا في الاسواق الدولية. وكان مجلس الامن الدولي صوت بالإجماع قبل يومين لصالح القرار (2231) الذي رحب باعتماد خطة العمل الشاملة المشتركة التي ابرمت في 14 يوليو الجاري بين ايران ومجموعة (5 + 1) ودعا الى تطبيقها بالكامل وفقا لجدول توقيتاتها. يذكر ان مجموعة (5 + 1) التي تضم الدول الخمس دائمة العضوية بمجلس الأمن إضافة إلى المانيا وايران أعلنت قبل ايام توقيع اتفاق شامل بينهما ينهي أزمة بين الجانبين استمرت نحو 12 عاما. رابط الخبر بصحيفة الوئام: ايران: 4 محطات نووية جديدة لروسيا والصين ",
    "date_extracted": "2015-07-22 22:39:23"
}