{
    "url": "http://www.alweeam.com.sa/348654/ريال-مدريد-يستهدف-رويس-لتعويض-رحيل-بن-ز/",
    "title": "ريال مدريد يستهدف رويس لتعويض رحيل بن زيما المرتقب",
    "author": "مدريد-الوئام:",
    "content": " اكدت تقارير صحفية صادرة صباح اليوم الاثنين ان نادي ريال مدريد عاود الاهتمام بالتعاقد مع مهاجم بروسيا دورتموند ماركو رويس.\n رويس (26 عاما) جدد عقده مع دورتموند مؤخرا حتى 2019، وسط اهتمام مستمر من اندية برشلونة اتلتيكو مدريد مانشستر يونايتد و ريال مدريد. وتعتبر هذه الخطوة المفاجآة من ريال مدريد كاجراء احترازي لامكانية رحيل بن زيما نحو ارسنال، حيث تدعي وسائل الاعلام البريطانية ان فينجر قدم 55 مليو يورو لضم مواطنه الفرنسي.ويعتقد ان المدرب الجديد رافا بينتيز غير مقتنع تمام باسلوب لعب بن زيما و ويعتبره لا يناسب خططه و نظرته التكتيكية. رابط الخبر بصحيفة الوئام: ريال مدريد يستهدف رويس لتعويض رحيل بن زيما المرتقب ",
    "date_extracted": "2015-07-21 17:02:33"
}