{
    "url": "http://www.alweeam.com.sa/349075/الذهب-يهوي-لأدنى-سعر-في-5-سنوات-ونصف/",
    "title": "الذهب يهوي لأدنى سعر في 5 سنوات ونصف",
    "author": "الوئام - رويترز:",
    "content": " هبطت اسعار الذهب أكثر من 1 بالمئة اثناء التعاملات الاسيوية اليوم الجمعة لتهوي الي أدنى مستوى لها في خمس سنوات ونصف وتتجه نحو تسجيل اكبر خسارة اسبوعية في تسعة اشهر. وساعدت بيانات قوية للوظائف في الولايات المتحدة في تعميق خسائر المعدن الاصفر هذا الاسبوع وأذكت مخاوف من انه قد يواصل الهبوط. وانخفض سعر الذهب للبيع الفوري 1.2 بالمئة الي 1077 دولارا للاوقية (الاونصة) وهو أدنى مستوى له منذ فبراير شباط 2010 قبل ان يتعافى قليلا الي 1082.80 دولار بحلول الساعة 0400 بتوقيت جرينتش. وزادت خسائر المعدن النفيس منذ بداية الاسبوع الي أكثر من 4 بالمئة وهو اكبر هبوط اسبوعي منذ اكتوبر تشرين الاول من العام الماضي. وتراجعت العقود الاجلة الامريكية للذهب تسليم اغسطس اب 1.3 بالمئة الي 1072.30 دولار للاوقية وهو أدنى مستوى لها منذ اكتوبر تشرين الاول 2009 قبل ان تتعافى الي 1082.10 دولار. رابط الخبر بصحيفة الوئام: الذهب يهوي لأدنى سعر في 5 سنوات ونصف ",
    "date_extracted": "2015-07-24 12:49:40"
}