{
    "url": "http://www.alweeam.com.sa/345445/مُغَرِدُونَ-يُخْرِبُونَ-بُيُوتَهُم/",
    "title": "مُغَرِدُون:َ يُخْرِبُونَ بُيُوتَهُمْ بِأَيْدِيهِمْ",
    "author": "عبدالرحمن التركي :",
    "content": " قبل عدة أيام ظهر وسم بعنوان: #فتش_جوال_أختك!\n وقبل أن تطوي صفحة المقال لظني أنك راق كل الرقي بعيدا كل البعد عن مثل هذا.\n أقف معك قليلا ونتحدث عن ذلك البعيد الشكاك وعن تلك الزوجة التي لا تسنح لها فرصة إلا وتفتش جوال زوجها وتسأل عن أشياء إن تبد لها تعكر صفاء حياتها أو عن ذلك الأخ الذي لم يستطع الفصل بين ما يعيشه من علاقات ومغامرات وبين حياة أهله وأخواته العفيفات أو ذلك الأب الذي اقتضى عمله في المحاكم على مباشرة قضايا الأعراض أو غيرها.\n فأفتتح مقالي هذا بحديث شريف عن الرسول، صلى الله عليه وسلم، تجلى فيه معجزة الوحي قَالَ عليه الصلاة والسلام: «إِنَّ الْأَمِيرَ إِذَا ابْتَغَى الرِّيبَةَ فِي النَّاسِ أَفْسَدَهُمْ»\n إن مثل هذا الكلام العميق لا يمكن أن يصدر إلا من وحي “وإِنْ هُوَ إِلَّا وَحْيٌ يُوحَى”\n فقد شهدت البشرية مصداق هذا الحديث وأن من ابتغى الريبة فيمن تحته لن يلبث مليا حتى يفسد أكثر مما يصلح.\n فما إن يرتاب الزوج بزوجته ويفتش وراءها وهو يعلم في قرارة نفسه أنه لن يرتاح حتى يجد ما يصدق شكه أو يخلق إن لم يجد ما يصدق شكه، ويبحث ذلك الزوج المسكين، ويفسر كل ما يراه من نظارة شكوكه، ويوما بعد يوم حتى يهدم البيت على رأس الزوجة والضحية هم الأبناء، نعم إن حديث الرسول في غاية الدقة فإن الأمير أو ولي الأمر أوالزوج ومن كان في يده الأمر إذا ابتدأ بشك فيمن تحته فإنه ينطفئ بريق العلاقة بينه وبين من تحته عاجلا أو آجلا، وأذكر قصة لأحد مرشدي الأسر أنه نصح شخصا من قرابته بترك العلاقات المحرمة، وقال إن لم تتب من هذه العلاقات ستجد غبها ولو بعد حين، وفعلا صدق توقع هذا المستشار، فيقول خرجت ذات يوم ورأيت سيارة الشرطة واقفة عند بيت هذا القريب، فتحدثت مع هذا الشرطي الفاضل، وشرحت له أن هذا من معارفنا فتفهم الموقف وذهب، فدخلت لداخل البيت حتى أحل المشكلة التي كانت واقعة بينه وبين زوجته، ثم تبين أن سبب المشكلة كانت من الزوج الشكاك، وأنه وضع جهاز تنصت تحت سرير الزوجة. انظر إلى هذا الحد وصل به الأمر وكيف يتهم زوجته الفاضلة بهذه الشناعة؟ فإن الشك نفق مظلم لا ينتهي إلا بهاوية من العداوة والبغضاء.\n لكن ننبه في حال كان هناك عاقل من العقلاء قد ارتاب ريبا له ما يقويه ويعضده وله فيه برهان، فله التقصي بحذر في هذا الموضوع مع إحسان الظن بشرط وهذا الشرط مهم أن يعلم في نفسه أنه سيحسن التصرف بالحكمة والموعظة الحسنة، والسلام ختام. رابط الخبر بصحيفة الوئام: مُغَرِدُون:َ يُخْرِبُونَ بُيُوتَهُمْ بِأَيْدِيهِمْ ",
    "date_extracted": "2015-07-21 13:04:14"
}