{
    "url": "http://www.alweeam.com.sa/349339/اللجنة-العامة-للانتخابات-البلدية-تعل/",
    "title": "اللجنة العامة للانتخابات البلدية تعلن اكتمال الاستعدادات لانطلاق المرحلة الأولى",
    "author": "الرياض - الوئام :",
    "content": " أعلنت اللجنة العامة للانتخابات البلدية اكتمال كافة الاستعدادات لانطلاق المرحلة الأولى من الانتخابات في السابع من ذي القعدة المقبل والتي تشمل قيد الناخبين وتسجيل المرشحين.\nوفي هذا الإطار قامت اللجنة التنفيذية للانتخابات البلدية بمتابعة تنفيذ كافة الخطط والإجراءات المتعلقة بالاستعدادات النهائية لانطلاق العملية الانتخابية خلال المرحلة المقبلة.\nوناقشت اللجنة التنفيذية خلال اجتماعها برئاسة المهندس جديع القحطاني العديد من التقارير الواردة من اللجان المحلية على مستوى الأمانات والبلديات حول استعدادات هذه اللجان لانطلاق المرحلة الأولى من العملية الانتخابية وخصوصاً فيما يتعلق باكتمال تشكيل اللجان الانتخابية في المراكز الانتخابية وتوفير الكوادر وتجهيز المراكز الانتخابية بالأثاث والمستلزمات المكتبية استعداداً لاستقبال الناخبين والمرشحين .\nكما ناقشت اللجنة تنفيذ الخطط التي وضعتها فرقها (التنظيمية والتقنية والإعلامية والقانونية) فيما يتعلق بالاستعدادات لمواكبة انطلاق العملية الانتخابية ، والإجراءات اللازمة لتنفيذ هذه الخطط وفق الجداول الزمنية الموضوعة .\nوتشرف اللجنة التنفيذية وفقاً للمهام الموكلة لها من اللجنة العامة على متابعة أعمال اللجان المحلية على مستوى المملكة والبالغ عددها (16) لجنة محلية حيث تتلقى منها التقارير بشكل دوري حول الاستعدادات في اللجان والمراكز الانتخابية على مستوى الأمانات والبلديات، وتضم اللجنة في عضويتها رؤساء الفرق الإعلامية والتنظيمية والقانونية والتقنية وتعقد اجتماعاتها بشكل اسبوعي لدراسة كافة التقارير الواردة من اللجان المحلية في مختلف الجوانب المتعلقة بالعملية الانتخابية ورفع تقرير اسبوعي إلى اللجنة العامة للانتخابات.\nمن جهته أكد رئيس الفريق الإعلامي الأستاذ/ حمد العمر استمرار الحملة الإعلامية والتوعوية خلال المرحلة المقبلة التي تسبق انطلاق العملية الانتخابية في السابع من ذي القعدة المقبل، مشيراً إلى أنه سيتم استئناف هذه الحملة خلال الأيام القليلة المقبلة بشكل أوسع بعد توقف مؤقت خلال إجازة عيد الفطر المبارك وذلك لتغطى كافة وسائل الإعلام المقروءة والمسموعة والمرئية ووسائل التواصل الاجتماعي.\nوأشار العمر إلى أن الحملة الإعلامية والتوعوية تهدف خلال المرحلة المقبلة لحشد المواطنين وحثهم على قيد أسماءهم في جداول الناخبين ليتمكنوا من المشاركة في العملية الانتخابية ويكونوا جزءاً فاعلا في صنع القرار البلدي عبر اختيار من يمثلهم من ذوي الكفاءات والخبرات بعيداً عن التعصب والمذهبية.\nوفيما يتعلق بالجانب التنظيمي أكد الأستاذ/بريك القرني عضو الفريق التنظيمي اكتمال الاستعدادات فيما يتعلق بهذا الجانب حيث تم تشكيل اللجان المحلية على مستوى المملكة والتي يبلغ عددها (16) لجنة محلية، كما تم تشكيل اللجان الانتخابية في الأمانات والبلديات التابعة لهذه اللجان.\nوأوضح القرني أنه تم تزويد المراكز الانتخابية بكافة الامكانات والأجهزة والكوادر الإدارية والفنية لاستقبال الناخبين والمرشحين خلال مرحلة القيد وتسجيل المرشحين . \nوأشار القرني إلى أن اللجنة العامة للانتخابات اعتمدت (1263) مركزاً انتخابياً موزعة على (284) أمانة وبلدية على مستوي المملكة ، كما اعتمدت اللجنة العامة (250) مركزاً انتخابياً احتياطيا موزعة على اللجان المحلية بكافة مناطق المملكة بحيث يتم فتحها مباشرة عند الحاجة إليها أو عند وصول أحد المراكز الانتخابية إلى طاقته الاستيعابية القصوى المحددة بثلاثة آلاف ناخب .\nمن جانبه نوه الأستاذ أحمد الحميدي رئيس الفريق القانوني إلى إصدار قرارات تشكيل لجان فصل الطعون والمخالفات الانتخابية ويبلغ عددها ( 16 ) لجنة ترتبط مباشرةً بمعالي الوزير، وكذلك إصدار قرارات مأموري الضبط في الدوائر الانتخابية .\nبدوره أوضح رئيس الفريق التقني المكلف المهندس / ناصر بن عبدالله الفهيد أنه تم الانتهاء من معظم الأعمال التقنية اللازمة استعداداً لتنفيذ اعمال الدورة الثالثة للانتخابات البلدية، وذلك من خلال فريق تقني متخصص يتكون من فريق رئيسي بالوزارة ووحدات معلومات بكل لجنة محلية بجميع الأمانات .\nرابط الخبر بصحيفة الوئام: اللجنة العامة للانتخابات البلدية تعلن اكتمال الاستعدادات لانطلاق المرحلة الأولى ",
    "date_extracted": "2015-07-26 17:18:50"
}