{
    "url": "http://www.alweeam.com.sa/349510/سفارة-المملكة-في-مسقط-توضح-ملابسات-الح/",
    "title": "سفارة المملكة في مسقط توضح ملابسات الحادثة التي وقعت للطفلة زينب لباد",
    "author": "عمان - الوئام :",
    "content": " أوضحت سفارة خادم الحرمين الشريفين لدى سلطنة عمان ملابسات الحادثة التي وقعت للطفلة السعودية زينب بنت محمد لباد في سلطنة عمان.\nوأفادت أن الطفلة زينب تعرضت بالخطأ لإطلاق نار أثناء لهوها في حديقة الفندق الذي تقيم فيه مع والدها بمنطقة مسندم بتاريخ 25 / 7 / 2015م.\nوقالت إن السفارة تابعت على الفور الحادث والتنسيق مع السلطات العمانية المختصة وطلب معرفة ملابساته والاطمئنان على حالة الطفلة ، وتبين من المعلومات الأولية للتحقيق أنه ناتج عن طلق ناري من خارج الفندق أثناء احتفال خاص وأنه تم التحفظ على الفاعل من قبل السلطات العمانية ولا تزال التحقيقات مستمرة حول هذه الحادثة .\n كما كلفت السفارة أحد موظفي قسم المواطنين بالذهاب إلى المستشفى الذي تتم فيه معالجة الطفلة ، وتبين أن حالتها ولله الحمد مستقرة وتخضع للعلاج وتتلقى العناية الطبية اللازمة.\nرابط الخبر بصحيفة الوئام: سفارة المملكة في مسقط توضح ملابسات الحادثة التي وقعت للطفلة زينب لباد ",
    "date_extracted": "2015-07-27 16:56:21"
}