{
    "url": "http://www.alweeam.com.sa/348990/اليمن-المقاومة-تدخل-القصر-الجمهوري-في/",
    "title": "اليمن : المقاومة تدخل القصر الجمهوري في المعاشيق",
    "author": "صنعاء-الوئام:",
    "content": " دخل مقاتلو المقاومة الشعبية الى القصر الجمهوري في المعاشيق التي يوجد فيها أيضا مسكن الرئيس اليمني، بينما قصف طيران التحالف الذي تقوده السعودية -اليوم الخميس- مواقع للحوثيين والقوات الموالية للرئيس المخلوع علي عبد الله صالح بالعاصمة صنعاء ومدينة مأرب شرقي اليمن. وأحكمت المقاومة الشعبية قبضتها تماما على عدن بدخولها القصر الجمهوري آخر معقل للحوثيين في منطقة جبل المعاشيق، بعد معارك ضارية أسفرت عن مقتل عشرين من الحوثيين وقوات صالح، بالإضافة إلى مقتل وجرح ستة من أفراد المقاومة.وفقا لقناة الجزيرة القطرية. وكانت القوات الموالية للرئيس اليمني عبد ربه منصور هادي استكملت أمس السيطرة على منطقة التواهي التي ظلت المعقل الكبير الأخير للمتمردين, وفيها مقرات حكومية بينها مقرا التلفزيون والإذاعة. رابط الخبر بصحيفة الوئام: اليمن : المقاومة تدخل القصر الجمهوري في المعاشيق ",
    "date_extracted": "2015-07-23 17:22:27"
}