{
    "url": "http://www.alweeam.com.sa/349283/طوارئ-مستشفى-البجادية-بدون-تكييف-منذ-6-أ/",
    "title": "طوارئ مستشفى البجادية بدون تكييف منذ 6 أشهر",
    "author": "البجادية - الوئام - شعوان النخيش :",
    "content": " أبدى عدد كبير من أهالي البجادية تذمرهم من استمرار تعطل نظام التكييف بطوارئ مستشفى البجادية لأكثر من 6 أشهر.\nوأضاف الأهالي لـ”الوئام” أن مراجعي الطوارئ يعانون من الحر الشديد، في ظل تعطل التكييف لأكثر من 6 أشهر، وأنهم تقدموا بالكثير من الشكاوى لإدارة المستشفى ولا يزالون في انتظار حل هذه المشكلة.\nومن جهة أخرى، كشفت مصادر لـ”الوئام” أن إدارة المستشفى خاطبت الشركة المشغلة، وكذلك قسم الصيانة في المديرية، وتم تكليف وكيل المكيفات من قبل قسم الصيانة في الشؤون الصحية للإصلاح، وتنتظر الشركة للتنفيذ.\nوأضافت المصادر أن الشركة زارت المستشفى لمعرفة الخلل و”التشييك الكامل” على التكييف ومدة الإصلاح تتضح حين توفيرهم للقطع، في حال وجودها في المملكة أو طلبها من الشركة الأم.\nويأمل الأهالي من الشؤون الصحية بمنطقة الرياض تكليف الشركة بسرعة معالجة الوضع.\nرابط الخبر بصحيفة الوئام: طوارئ مستشفى البجادية بدون تكييف منذ 6 أشهر ",
    "date_extracted": "2015-07-26 17:21:22"
}