{
    "url": "http://www.alweeam.com.sa/349493/الفوزان-نحن-بحاجة-لنظام-التحرش-ويجب-م/",
    "title": "الفوزان: نحن بحاجة لنظام التحرش.. ويجب معاقبة الشباب والفتيات المتحرشين (فيديو)",
    "author": "الرياض - الوئام :",
    "content": " أكد الشيخ عبد العزيز الفوزان عضو هيئة حقوق الإنسان وأستاذ الفقه المقارن أن المملكة في حاجة إلى نظام لضبط التجاوزات الموجودة فيما يخص قضايا التحرش التي ازدادت في الآونة الأخيرة، ولكنه اعتبرها قليلة جدا إذا ما قورنت بالدول الأخرى.\nوتابع الفوزان أن المرأة المسلمة لا يرى منها شيء غير عينيها وكفيها وهذا الغالب الأعم في نسائنا بالمملكة، واصفا الشباب الذين يلجأون للتحرش بأنهم أصحاب قلب مريض والشيطان يزين لهم ذلك.\nوأوضح أنه في البلدان غير الإسلامية يوجد بها التحرش بنسب مخيفة ومذهلة لان الانسان لا يشبع بينما في البلدان المحافظة كلها نسب التحرش فيها لا تقارن ابدا بالغرب.\nمن جهة أخرى، طالب الفوزان المرأة أن تحفظ نفسها من الفتنة وعدم الخروج في ساعات متأخرة من الليل وعدم إبداء مفاتنها حتى لا تمكن أصحاب القلوب المريضة منها، كما طالب الرجال والنساء بأن يتقوا الله عز وجل ولا يتحرش الرجل بالمرأة ولا تتحرش المرأة بالرجل أيضا.\nوأضاف الفوزان أنه يجب أن يعاقب الشباب المتحرشون والفتيات أيضا لأنهن متحرشات ولا بد أن يعاقبن كذلك حتى نقطع دابر الفتنة .\nوعاتب الفوزان وسائل الإعلام السعودية ووسائل التواصل الاجتماعي التي تبرز مثل هذه القضايا وتظهر المملكة بأنها ينتشر فيها قضايا التحرش وهي لا تتعدى أصابع اليد الواحدة.\nرابط الخبر بصحيفة الوئام: الفوزان: نحن بحاجة لنظام التحرش.. ويجب معاقبة الشباب والفتيات المتحرشين (فيديو) ",
    "date_extracted": "2015-07-27 16:56:27"
}