{
    "url": "http://www.alweeam.com.sa/348730/نواف-يضيء-منزل-الزميل-فالح-القثامي/",
    "title": "نواف يضيء منزل الزميل فالح القثامي",
    "author": "الطائف - الوئام :",
    "content": " رزق الزميل فالح إبراهيم القثامي المحرر الصحفي بمكتب صحيفة مكة بالطائف بمولود ذكر اتفق وحرمه على تسميته نواف لينضم لشقيقاته وريف وإيلاف ووسن ورفيف, جعله الله من مواليد الخير والسعادة والصلاح. رابط الخبر بصحيفة الوئام: نواف يضيء منزل الزميل فالح القثامي ",
    "date_extracted": "2015-07-22 09:59:12"
}