{
    "url": "http://www.alweeam.com.sa/349085/النفط-قرب-أدنى-مستوى-في-4-أشهر-مع-هبوط-وا/",
    "title": "النفط قرب أدنى مستوى في 4 أشهر مع هبوط واردات الصين وصعود الدولار",
    "author": "الوئام - رويترز:",
    "content": " اقتربت أسعار خام برنت من أدنى مستوياتها في أربعة أشهر اليوم الجمعة بعد صدور بيانات تظهر انكماش قطاع المصانع في الصين وارتفاع الدولار أمام سلة من العملات. وأظهر مسح أولي للقطاع الخاص أن نشاط قطاع الصناعات التحويلية الضخم في الصين انكمش بأسرع وتيرة له في 15 شهرا في يوليو تموز.\nوتراجع سعر مزيج برنت 35 سنتا إلى 54.92 دولار للبرميل بحلول الساعة 0947 بتوقيت جرينتش بعدما بلغ أدنى مستوى له في الجلسة عند 54.80 دولار للبرميل مسجلا أقل سعر له منذ أوائل أبريل نيسان.\nوخسر برنت نحو 13 بالمئة من قيمته في يوليو تموز مسجلا أكبر خسائره الشهرية منذ هبوطه حوالي 19 بالمئة في يناير كانون الثاني وإن كان تراجعه أقل حدة هذا الأسبوع.\nوتحركت الأسعار في أضيق نطاقاتها الأسبوعية في 11 شهرا مع قوة الطلب الموسمي وخصوصا على البنزين في موسم الصيف الأمريكي بما ساهم في تخفيف الأثر الطويل الأمد لتخمة المعروض العالمي.\nوارتفع سعر الخام الأمريكي في العقود الآجلة تسليم سبتمبر أيلول 12 سنتا إلى 48.57 دولار للبرميل بعد انخفاضه 74 سنتا عند التسوية أمس الخميس ليصل إلى 48.45 دولار للبرميل وهو أدنى مستوى له منذ 31 مارس آذار.\nوخسر خام غرب تكساس الوسيط 18 بالمئة من قيمته في يوليو تموز مسجلا أكبر هبوط شهري له منذ ديسمبر كانون الأول وثاني أكبر انخفاض شهري له في السنوات السبع الأخيرة. رابط الخبر بصحيفة الوئام: النفط قرب أدنى مستوى في 4 أشهر مع هبوط واردات الصين وصعود الدولار ",
    "date_extracted": "2015-07-24 16:17:06"
}