{
    "url": "http://www.alweeam.com.sa/348792/عبد-الغني-يطمئن-جماهير-النصر-قبل-السوب/",
    "title": "عبد الغني يطمئن جماهير النصر قبل السوبر السعودي",
    "author": "الرياض-الوئام:",
    "content": " قال نجم الفريق الأول لكرة القدم بنادي النصر السعودي حسين عبدالغني، إن الفريق قادر على تعويض غيابه عن مباراة كأس السوبر السعودي المقررة أمام الهلال. ويصطدم النصر مع الهلال في مباراة السوبر على ملعب لوفتس رود معقل نادي كوينز بارك رينجرز الإنجليزي بالعاصمة البريطانية لندن في 12 أغسطس (آب) المقبل. وقال عبدالغني في تصريحات إعلامية: “العودة للمران من جديد عقب العطلة أمر صعب من الناحية اللياقية، ولكن المدرب سيتدرج في المران مع اللاعبين في معسكر النمسا”. وأضاف “إقامة السوبر في لندن تجربة جديدة على الكرة السعودية، وكلي أمنيات أن تتكلل بالنجاح”. وعن غيابه عن اللقاء بسبب الإيقاف قال عبد الغني: “الفريق يعج بالأسماء المميزة وبالطبع هم قادرون على تعويض غيابي وغياب أي لاعب، وأريد أن يطمئن الجمهور حيال ذلك الأمر”. رابط الخبر بصحيفة الوئام: عبد الغني يطمئن جماهير النصر قبل السوبر السعودي ",
    "date_extracted": "2015-07-22 17:32:07"
}