{
    "url": "http://www.alweeam.com.sa/348977/الهلال-الأحمر-بالشمالية-يباشر-457-حالة/",
    "title": "الهلال الأحمر بالشمالية يباشر «457» حالة إسعافية",
    "author": "عرعر-الوئام:",
    "content": " أوضحت الإدارة العامة لهيئة الهلال الأحمر السعودي في منطقة الحدود الشمالية أنها باشرت 8 حالات وفاة و 133 إصابة و 184 حالة مرضية في المنطقة خلال شهر رمضان المنصرم. وأفاد المتحدث الرسمي للهيئة مساعد بن غالي العنزي، أنه تم التعامل مع 132 حالة بين المعالجة في أماكن تواجدها أو رفضها للنقل أو أسباب أخرى , وبذلك يصبح إجمالي الحالات التي باشرتها الهيئة 457 حالة إسعافية. رابط الخبر بصحيفة الوئام: الهلال الأحمر بالشمالية يباشر «457» حالة إسعافية ",
    "date_extracted": "2015-07-23 17:24:23"
}