{
    "url": "http://www.alweeam.com.sa/348759/المجلس-الاعلى-للقضاء-يقيم-حفل-معايدة-ع/",
    "title": "المجلس الاعلى للقضاء يقيم حفل معايدة عيد الفطر المبارك",
    "author": "الرياض - الوئام :",
    "content": " أقام المجلس الأعلى للقضاء حفل المعايدة صباح يوم الاربعاء  6/10/1436هـ في مقرة الصيفي في الطائف بمناسبة عيد الفطر المبارك  بحضور معالي الشيخ مبشر بن محمد آل غرمان عضو المجلس الاعلى للقضاء نيابة عن معالي رئيس المجلس الأعلى للقضاء  وبحضور اصحاب المعالي اعضاء المجلس ومعالي الامين العام وعدد من  اصحاب المعالي والفضيلة القضاة ومدراء العموم ورؤساء الأقسام والموظفين بالمجلس حيث تبادل الجميع التهنئة بالعيد المبارك. وألقى بهذه المناسبة معالي الشيخ مبشر بن محمد ال غرمان عضو المجلس كلمة بهذه المناسبة رفع من خلالها التهنئة والتبريكات لمقام خادم الحرمين الشريفين وولي عهده ولولي ولي عهده ولمعالي وزير العدل رئيس المجلس الأعلى للقضاء  الشيخ الدكتور وليد بن محمد الصمعاني بالعيد المبارك ولعامة المسلمين بمناسبة عيد الفطر المبارك . كما أكد معاليه في كلمته على ما تنعم به بلادنا  من أمن وأمان واستقرار بفضل الله أولاً ثم بفضل تطبيق الشريعة الإسلامية ، كما ذكر معاليه كلمته بأهمية شكر النعم لله سبحانه حتى تدوم وحذر من الإسراف وختم معاليه بأهمية الحذر من الأفكار الدخيلة الارهابية التي تغرر بعض الشباب في غفله من الاسر وضعف المراقبة. رابط الخبر بصحيفة الوئام: المجلس الاعلى للقضاء يقيم حفل معايدة عيد الفطر المبارك ",
    "date_extracted": "2015-07-22 13:46:29"
}