{
    "url": "http://www.alweeam.com.sa/349130/دونيس-مدرب-الهلال-يوافق-على-بث-مباريات/",
    "title": "دونيس مدرب الهلال يوافق على بث مباريات الفريق الودية",
    "author": "الرياض - الوئام :",
    "content": " أعلن اليوناني جورجيوس دونيس المدير الفني للهلال عن موافقته على نقل مباريات الفريق الودية تليفزيونياً خلال المعسكر النمساوي الذي يقيمه الزعيم حالياً.\n وتناقلت الجماهير الهلالية الخبر بفرحة كبيرة بعد أن منح المدرب دونيس الضوء الأخضر لإذاعة المباريات ونقلها عبر القنوات الفضائية وهو ما جاء على عكس الماضي الذي تمسك فيه الروماني ريجيكامب بعدم إذاعة التدريبات أو المباريات حفاظاً علي سرية المعسكر الخارجي.\n وتُجري حالياً بعض القنوات الفضائية مفاوضات رسمية مع الهلال للحصول على حقوق إذاعة المباريات الودية، وسيتم الحسم بشكل رسمي خلال الأيام القادمة.\n الجدير بالذكر أن لقاءات الهلال الودية في معسكر النمسا ستكون مع كل من جازينتاب سبور التركي يوم الاثنين المقبل، ويتبعها مواجهة أخرى مع فريق آخيسار سبور التركي الخميس المقبل قبل مواجهة العين يوم 2 أغسطس المقبل والتي ستكون منقولة عبر إحدى القنوات الإماراتية.\nرابط الخبر بصحيفة الوئام: دونيس مدرب الهلال يوافق على بث مباريات الفريق الودية ",
    "date_extracted": "2015-07-25 02:07:07"
}