{
    "url": "http://www.alweeam.com.sa/349375/السياحة-تغلق10-منشآت-سياحية-بتبوك-وضب/",
    "title": "السياحة تغلق«10» منشآت سياحية بتبوك وضباء والوجه",
    "author": "تبوك-الوئام:",
    "content": " أصدرت الهيئة العامة للسياحة والتراث الوطني قراراً بإغلاق 10 منشآت سياحية بمنطقة تبوك, لمخالفتها الاشتراطات والمواصفات، وتشغيل المنشأة دون الحصول على الترخيص اللازم، بناءً على محاضر الضبط التي دونها مفتشي فرع السياحة بتبوك خلال جولاتهم التفتيشية في محافظتي ضباء والوجه, بالإضافة إلى مدينة تبوك, وأعطيت هذه المنشآت المدة القانونية للاعتراض على القرار حسب اللوائح التي تنص عليها أنظمة الهيئة.\n وأوضح مدير فرع الهيئة العامة للسياحة والتراث الوطني بمنطقة تبوك ناصر بن أحمد الخريصي أن هذا القرار جاء تأكيداً من الهيئة على الاهتمام بجودة الأنشطة والخدمات المقدمة وتوفير وسائل الأمن والسلامة, ومراعاة تحقيق الجودة المطلوبة من قبل الراغبين في مزاولة النشاط السياحي, بعد حصولهم على التراخيص اللازمة لذلك.\n وأكد أن جميع المنشآت المخالفة أعطيت المهلة الكافية، ولم تقم بتصحيح وضعها النظامي، كما أن العديد من هذه المنشآت لم تستطع الوفاء بالالتزامات المطلوبة للترخيص, لعدم أهليتها لإيواء السياح, إما لمتطلبات إنشائية، أو خاصة بالأمن والسلامة، أو الصحة العامة.\n وحول تأثر الطاقة الاستيعابية لمرافق الإيواء بالمنطقة نفى أن يؤثر مثل هذا القرار على الطاقة الاستيعابية لمرافق الإيواء السياحي في تبوك، لكثرة دور الإيواء المصرح لها بممارسة النشاط السياحي، والتي تضمن عدم التأثر بإغلاق أي منشأة مخالفة.\n ودعا الخريصي المستثمرين الذين لم يستوفوا متطلبات الترخيص لمنشآتهم إلى سرعة استكمال طلبات الترخيص، مشدداً على أهمية تقديم خدمات مميزة ذات جودة عالية تليق بمنطقة تبوك ومكانتها السياحية، ومؤكداً اهتمام صاحب السمو الملكي الأمير فهد بن سلطان بن عبد العزيز أمير منطقة تبوك رئيس مجلس التنمية السياحية بالمنطقة, ومتابعة صاحب السمو الملكي الأمير سلطان بن سلمان بن عبدالعزيز رئيس الهيئة العامة للسياحة والتراث الوطني بتطور السياحة بالمنطقة وتحقيقها لرضي المستفيدين منها.\nرابط الخبر بصحيفة الوئام: السياحة تغلق«10» منشآت سياحية بتبوك وضباء والوجه ",
    "date_extracted": "2015-07-26 17:19:38"
}