{
    "url": "http://www.alweeam.com.sa/349143/زلزال-بقوة-5-1-درجة-يضرب-العاصمة-الباكست/",
    "title": "زلزال بقوة 5.1 درجة يضرب العاصمة الباكستانية",
    "author": "باكستان - الوئام :",
    "content": " ضرب زلزال بلغت قوته 5.1 درجة على مقياس ريختر اليوم العاصمة الباكستانية إسلام آباد ومدينة راولبندي وأجزاء من إقليمي البنجاب وخيبر بختونخواه.\n وأوضح المرصد الأمريكي للزلزال أن مركز الزلزال كان على عمق 26 كيلو مترا في سلسلة جبال مارجلا وعلى بُعد 15 كيلومتراً شمال شرق مدينة إسلام آباد.\n ولم ترد على الفور أنباء عن وقوع خسائر بشرية أو مادية جراء الزلزال، غير أنه أجبر سكان العاصمة إسلام آباد على الخروج من منازلهم خشية وقوع هزة ارتدادية مدمرة.\nرابط الخبر بصحيفة الوئام: زلزال بقوة 5.1 درجة يضرب العاصمة الباكستانية ",
    "date_extracted": "2015-07-25 10:26:08"
}