{
    "url": "http://www.alweeam.com.sa/349468/إمام-الحرم-يكشف-عن-أول_حادثة_تحرش_في_عص/",
    "title": "إمام الحرم يكشف عن أول حادثة تحرش في عصر النبوة",
    "author": "الرياض - الوئام :",
    "content": " قال إمام وخطيب المسجد الحرام الشيخ سعود الشريم، إن أول مَن تحرش بالنساء في الإسلام هما يهوديان في عصر النبوة كشفا سوءة امرأة عربية.\nوقال الشيخ الشريم عبر حسابه الشخصي على موقع التواصل الاجتماعي “تويتر”: أول من تحرش بالنساء في عصر النبوة رجلان يهوديان في سوق بني قينقاع حين كشفا سوءة امرأة عربية!!.حكاها ابن هشام، والبيهقي، وابن اﻷثير، وابن كثير.\nيشار الى أن حوادث التحرش تكررت في الفترة الاخيرة بشكل لافت األها كانت حادثة التحرش التي حدثت في أحد متنزهات جدة، والثانية التي حدثت في الطائف، واستنكر المجتمع السعودي هذه الحوادث والأفعال مطالبين بوضع حد لهذه الأفعال وإنزال أشد العقوبة على من يمارس مثل هذه الأفعال.\nرابط الخبر بصحيفة الوئام: إمام الحرم يكشف عن أول حادثة تحرش في عصر النبوة ",
    "date_extracted": "2015-07-27 16:56:40"
}