{
    "url": "http://www.alweeam.com.sa/349023/تصفيات-أوروبا-2016م-حسم-نقطة-من-رصيد-كروات/",
    "title": "تصفيات أوروبا 2016م : حسم نقطة من رصيد كرواتيا بسبب شعارات عنصرية",
    "author": "فرنسا - الوئام :",
    "content": " أعلن الاتحاد الأوروبي لكرة القدم اليوم أن لجنته التأديبية حسمت نقطة من رصيد كرواتيا “بسبب التصرفات العنصرية” في مباراتها مع ضيفتها إيطاليا 1-1 في يونيو الماضي ضمن التصفيات المؤهلة إلى كأس أوروبا 2016م.\n وبعد فتحها تحقيقا ضد الاتحاد الكرواتي، قررت لجنة الانضباط في الاتحاد القاري حسم نقطة من رصيد المنتخب الكرواتي الذي يتصدر المجموعة الثامنة أمام إيطاليا في التصفيات.\n كما قرر الاتحاد الأوروبي أيضا أن تخوض كرواتيا المباراتين المقبلتين على أرضها من دون جمهور ومنعها من خوض أي مباراة لها ضمن التصفيات الأوروبية على ملعب سبليت ، إلى جانب تغريم الاتحاد الأوروبي نظيره الكرواتي 100 ألف يورو ومنحه مهلة 3 أيام للاستئناف. رابط الخبر بصحيفة الوئام: تصفيات أوروبا 2016م : حسم نقطة من رصيد كرواتيا بسبب شعارات عنصرية ",
    "date_extracted": "2015-07-24 05:32:43"
}