{
    "url": "http://www.alweeam.com.sa/348916/تعليم-المخواة-يتسلم-5-مشروعات-مدرسية-بت/",
    "title": "تعليم المخواة يتسلم 5 مشروعات مدرسية بتكلفة تجاوزت 45 مليون ريال",
    "author": "المخواة - الوئام :",
    "content": " تسلمت إدارة التعليم بمحافظة المخواة خمسة مشروعات مدرسية جديدة للبنين والبنات بتكلفة إنشائية تُقدر بأكثر من 45 مليون ريال. وأفاد مدير شؤون المباني بتعليم المخواة المهندس بندر بن عطية المالكي،أن المشروعات شملت مدارس عاصم بن أبي النجود ، وتحفيظ القرآن الكريم للبنات بالحجرة ، والإمام تركي بن عبدالله الإبتدائية بقلوة ، وأسامة بن زيد الابتدائية ببني عاصم وثانوية ابن قيم الجوزية بيبس،وسيستفاد منها مطلع العام الدراسي القادم،مشيرًا إلى الانتهاء من تأهيل مجمع غامد الزناد للبنات بالمحافظة . رابط الخبر بصحيفة الوئام: تعليم المخواة يتسلم 5 مشروعات مدرسية بتكلفة تجاوزت 45 مليون ريال ",
    "date_extracted": "2015-07-23 17:26:03"
}