{
    "url": "http://www.alweeam.com.sa/349004/مسؤول-يمني-ألف-قتيل-و-9-آلاف-جريح-منذ-دخو/",
    "title": "مسؤول يمني : ألف قتيل و 9 آلاف جريح منذ دخول الحوثيين عدن",
    "author": "عدن-الوئام:",
    "content": " أوضح مسؤول يمني بمحافظة عدن، جنوب البلاد، اليوم، إن حصيلة القتلى منذ بدء المواجهات بين مسلحي الحوثي والمقاومة الشعبية في المدينة بلغت ألفاً .وقال مدير عام مكتب الصحة والسكان بالمحافظة “الخضر لصور” سقط ألف قتيل وجرح 9 آلاف آخرين توزعت حالاتهم بين الصعبة والعادية وبعضها بحاجة لرعاية، وجميعهم من المدنيين”. وأضاف في تصريح نشرته وكالة الانباء اليمنية “سبأ” أن “القتلى والجرحى سقطوا خلال عمليات العنف التي قامت بها ميليشيات الحوثي وصالح ضد المدنيين في محافظة عدن منذ أكثر من ثلاثة اشهر”، لافتاً إلى أن “المنشئات الطبية تعرضت للتدمير” . وأشار “لصور” إلى “أن الوضع الصحي في عدن استثنائي ومعظم المستشفيات الحكومية مدمرة تماماً وبحاجة لإعادة تأهيل بشكل سريع، كما أنها تحتاج لمستشفيات متنقلة مزودة بكادر طبي متكامل وجراحين ذو كفاءات عالية لتتمكن من تقديم الرعاية الطبية اللازمة للجرحى والمصابين”. رابط الخبر بصحيفة الوئام: مسؤول يمني : ألف قتيل و 9 آلاف جريح منذ دخول الحوثيين عدن ",
    "date_extracted": "2015-07-23 19:10:20"
}