{
    "url": "http://www.alweeam.com.sa/349225/المعهد-السعودي-للإلكترونيات-يفتح-باب/",
    "title": "المعهد السعودي للإلكترونيات يفتح باب القبول للدفعة الثامنة",
    "author": "الرياض-الوئام- علي القرني:",
    "content": " أعلن المعهد السعودي للإلكترونيات والأجهزة المنزلية عن فتح باب القبول والتسجيل للراغبين في الالتحاق في البرامج التي يقدمها المعهد وذلك عبر موقعه الإلكتروني www.sehai.org .\nوأوضح سعادة الأستاذ مساعد بن سعد العتيبي المدير التنفيذي للمعهد السعودي للإلكترونيات والأجهزة المنزلية أن القبول و التسجيل للعام الدراسي الجديد 1436-1437هـ في المعهد سيكون في تخصصات صيانة الإلكترونيات وصيانة الأجهزة المنزلية وصيانة أجهزة الحاسب الآلي والأجهزة المكتبية وصيانة أجهزة التبريد والتكييف وخدمة العملاء ، و صيانة الأجهزة في مجال الإلكتروميكانيكا ، وذلك لحملة شهادة الثانوية العامة و شهادة دبلوم المعهد الثانوي الصناعي، أو ما يعادلها.\nوأضاف العتيبي بأن المتدرب عند التحاقه بالمعهد السعودي للإلكترونيات يحصل على العديد من المزايا كتوقيع عقد عمل مع أحد الشركات الراعية و ضمان الوظيفة منذ بدء الدراسة ،مكافئة تدريب شهرية بمقدار 3000 ريـال سعودي خلال مدة الدراسة ، التسجيل في التأمينات الاجتماعية ، الحصول على تأمين طبي للعلاج بالمستشفيات الخاصة ، مباشرة العمل فوراً بعد التخرج براتب مجزي، اتاحة فرصة السكن في سكن الطلاب المؤثث بالمعهد لمن هم من خارج مدينة الرياض خلال مدة الدراسة.\nيذكر أن مدة البرنامج بالمعهد السعودي للإلكترونيات والأجهزة المنزلية سنتان يخضع المتدرب من خلالها لدراسة مكثفة في اللغة الإنجليزية قبل بداية البرنامج التقني، و يحصل الخريج على شهادة دبلوم عالي معتمد يعادل شهادة خريجي الكليات التقنية.\nالجدير بالذكر أن المعهد يشمل على معامل الكمبيوتر المتخصصة ، وورش ضخمة مجهزة بأحدث الأجهزة التعليمية و التقنية بالإضافة إلى قاعات التدريب، ومبنى الإدارة ، وقاعة الاحتفالات ، وصالة الطعام ، والصالة الرياضية وسكن الطلاب والملاعب الرياضية .\nرابط الخبر بصحيفة الوئام: المعهد السعودي للإلكترونيات يفتح باب القبول للدفعة الثامنة ",
    "date_extracted": "2015-07-25 23:27:21"
}