{
    "url": "http://www.alweeam.com.sa/343306/سارة-وأزمة-الحوار/",
    "title": "سارة وأزمة الحوار",
    "author": "لمياء العتيبي",
    "content": " تلقيت ردودا ذكورية غاضبة عبر البريد الإلكتروني حول مقالاتي السابقة والتي أبرزت فيها شيئا من معاناة المرأة السعودية في مقال «للعنوسة وجه آخر» و«من يطلق جناحيها؟» كنت قد بينت خلال السطور أن التعميم أمر خاطئ ولا نستطيع إطلاق هذه الأحكام على كل السعوديين، ولكن بصورة أخرى لا نستطيع تزكية المجتمع من هذه الممارسات.\n أحيانا ما تريد أن تقوله يفسر بأساليب مختلفة ويبدأ القراء بتصنيفك ضمن فئات معينة وهذا أمر طبيعي لأي رسالة اتصالية، إذ لا مشكلة في ذلك.\n إلا أن ما يهمنا هنا هو أننا لا نعترض على شريعة الله وولاية الرجل أو قوامته فمن مميزات الشريعة الإسلامية صلاحية تطبيقها في كل زمان ومكان، أردت فقط أن أصل بالقارئ إلى سحب ولاية غير المؤهلين دون تعنت وإطالة داخل أورقة المحاكم لأن في ذلك إهدار لحياة البعض، لما ننتظر على سبيل المثال الأب المدمن حتى يقتل ابنته لنسحب ولايته أو نحاكمه بأنه غير مؤهل.\n حاولت هذه الفترة أن أخرج من عباءة هذه الموضوعات وشرعت في موضوع جديد إلا أن مقتل سارة على يد شقيقها جعل أزمة الحوار بين الرجل والأنثى تطفو على السطح مجددًا، فهناك فئات لا تدرك أن القوامة والولاية مسؤولية عظيمة تتطلب وظائف وأدوارًا عدة أهمها النفقة أنها بتأكيد ليست استعبادا وقهرًا وإجبارًا فقط، أغلب المتسلطين في مسائل الولاية هم غائبون وليس لهم دور حقيقي داخل الأسرة أو اتجاه نسائهم وقد لا يلتقون إلا لمامًا ورغم هذا هم يظهرون فقط لإنفاذ قانون يفرضونه دون اتفاق بين الطرفين أو حوار.\n لماذا ينفذ الأخ الصغير إرادته رغم وجود الأب ومباركته للموضوع ومع أخت لقد تولت تربيته وتوبيخه عند إهمال واجباته بالتأكيد نحن لا ندعو إلى عدم احترام العادات والتقاليد حتى لو كانت مجحفة لأن مصادمة المجتمع في بديهياته يكبد المرء خسائر فادحة، كما تكبدتها سارة، ولكن لما يغيب الحوار بين الأخ وأخته أو الأب وابنته لما يتعلم الشباب عندنا على العنف وتسيير آرائه بالقوة وعدم احترام رغبة الأنثى أو موافقة الأب ويتعامل وكأنه يسكن جزيرة هو حاكمها الأوحد، لما لم يصل الحوار مع سارة إلى العدول عن الزواج من شاب يختلف عن جنسيتها أو العكس إقناع الأخ بصلاحية هذا الارتباط إنها أزمة الحوار الذي يحتاج المجتمع إلى التمرن على أبجدياته وقبول وجهة نظر الطرف الآخر واحتواءه وإقناعه بطرق سلمية، بداخل بعض الأسر نجد كل فرد من أفرادها يعمل على تنفيذ شريعته دون مراعاة للآخرين أو مراعاة لترتيبه داخل الأسرة وعادة ما تكون الفئة المستبدة هن الفتيات.\n سارة التي تبلغ الثالثة والثلاثين تفتح ملف مصادرة حق الفتاة السعودية في الاختيار إذا كان ثلث السعوديات عوانس كما ذكرت إحدى الدراسات، وإذا كان الشاب السعودي يمتلك حق الاختيار والزواج من أي جنسية عربية أو أجنبية ولا يسمح للفتاة أن تتزوج سعوديًا لا يكافئها في نسبها، فإن نسبة العنوسة ستزداد حتمًا بالإضافة إلى أن في ذلك تضييق لفرص الزواج المتكافئ بعيدًا عن التكافؤ الاجتماعي، من حق الفتاة عندنا ألا تنتظر عودة السعودي بعد خيبة التجربة الأجنبية أو العربية.\n يظن البعض أن الكتاب في بعض الموضوعات يبحثون عن الإثارة كسبًا للشهرة ولا يدرك شريحة من القراء أنها أزمة حقيقة ومشكلة تحتاج إلى حلول تتصل بالتربية والعادات والثقافة، والكتاب كانوا وما زالوا دعاة الإصلاح السلمي داخل البناء الاجتماعي. Lulu- ot.com رابط الخبر بصحيفة الوئام: سارة وأزمة الحوار ",
    "date_extracted": "2015-07-21 13:04:33"
}