{
    "url": "http://www.alweeam.com.sa/349041/ناسا-تعلن-العثور-على-كوكب-جديد-يكاد-ي/",
    "title": "«ناسا» تعلن العثور على كوكب جديد يكاد يماثل الأرض",
    "author": "الوئام - متابعات :",
    "content": " تمكن علماء يستخدمون تلسكوب «كبلر»، التابع لإدارة الطيران والفضاء الأميركية (ناسا) والمخصص لرصد الكواكب، من العثور على كوكب خارج النظام الشمسي يكاد يكون مماثلاً للأرض.\n وأوضح العلماء في مؤتمر صحفي أمس الخميس أن الكوكب الذي يعتقد أنه أكبر من الأرض بنحو 60% يوجد على بعد 1400 سنة ضوئية في مجموعة نجمية تعرف بمجموعة الدجاجة. رابط الخبر بصحيفة الوئام: «ناسا» تعلن العثور على كوكب جديد يكاد يماثل الأرض ",
    "date_extracted": "2015-07-24 05:32:19"
}