{
    "url": "http://www.alweeam.com.sa/349288/الجالية-البحرينية-في-السعودية-تستنكر/",
    "title": "المواطنون البحرينيون في السعودية يستنكرون التصريحات العدائية التي ترددها إيران",
    "author": "الرياض - الوئام :",
    "content": " نددت الجالية البحرينية بالمملكة بالتصريحات العدائية التي ترددها ايران معتبرة إياها اعتداءً صارخاً على سيادة البحرين وتدخلاً سافراً في شئونها الداخلية.\n وأوضحت الجالية البحرينية في بيان لها أن مثل هذه الجعجعات الإيرانية وإن كانت ليست بجديدة ولكن تكمن خطورتها في توقيت إطلاقها والذي تزامن مع الاتفاق النووي الإيراني الذي منح إيران مساحة أكثر من الحركة على المستوى الدولي، وهو ما يتطلب يقظة وحذراً في التعامل مع هكذا تصريحات من جانب شعوب المنطقة.\n وتابع البيان أنه على إيران توجيه جهودها -بعد اتفاقها النووي الأخير- لتنمية ورفع مستوى المعيشة للمواطن الإيراني الذي عانى الأمرين بسبب سياسة ايران التوسعية وإهدارها لمواردها الوطنية بمغامراتها الطائفية في الدول العربية والإسلامية. \n ولفت البيان إلى أنه عن أي ظلم في البحرين يتحدث خامنئي وهو من يمارس الظلم والقتل والاضطهاد ضد الأحواز العربية إضافة إلى أن النظام الايراني يقمع ويعتقل الإصلاحيين والمطالبين بالديمقراطية في بلاده؟ أي ظلم يحدثنا عنه وهو يساند النظام الجائر الذي يقتل النساء والأطفال والشيوخ بالبراميل المتفجرة في سوريا؟ أي ظلم يتحدث عنه وهو من أطلق مليشياته في العراق ولبنان واليمن يعيثون فيها فساداً ويعملون على تمزيقها وتفتيتها ؟\n وأشار البيان إلى أن التصريحات التي أطلقها خامنئي ليست الأولى ولن تكون الأخيرة طالما هناك مشروع صفوي قائم على الأحقاد والنعرات الطائفية يستهدف أمن واستقرار المنطقة وهويتها الدينية والتاريخية، ومن هذا المنطلق وللوقوف سدا منيعا في وجه الاطماع الفارسية ، بات من الضروري الإسراع في تطبيق الوحدة الخليجية بنهج يحفظ لمنطقتنا أمنها واستقرارها ويعمل على تطورها ونموها في مواجهة الأخطار المحدقة بها خاصة بعد توقيع الدول الغربية الاتفاق النووي الإيراني.\n وطالب البيان بضرورة الاصطفاف الوطني القوي داخل البحرين حتى يكون حائط الصد الأول للدفاع عنها ضد ما يحاك لها من مؤامرات، مبينا أن هذا هو الوقت المناسب ليعلن الشعب البحريني تمسكه بوحدته وثوابته الوطنية والبدء في تحرك عاجل وقوي لمجابهة المشروع الصفوي والأطماع الإيرانية في البحرين. \n وأفاد البيان أن دول مجلس التعاون كافة لن تألو جهدا في اتخاذ إجراءات صارمة في مواجهة هذه التدخلات غير المسئولة وفي مقدمتها التحرك لفضح التدخلات الفارسية ودعمها للإرهاب في البحرين والمنطقة.\n كما طالب البيان المجتمع الدولي بتحمل مسئولياته بدلا من منح إيران امتيازات تساعدها في تنفيذ مخططها الرامي إلى تفتيت وتمزيق المنطقة كما دعوا لتسجيل احتجاج رسمي لدى الأمم المتحدة والمنظمات الدولية لتقوم بدورها الأخلاقي ضد هذه التدخلات الصارخة.، التي تتنافى وأخلاقيات الجوار، ناهيك عن مخالفتها للأعراف والاتفاقات الدولية.\nرابط الخبر بصحيفة الوئام: المواطنون البحرينيون في السعودية يستنكرون التصريحات العدائية التي ترددها إيران ",
    "date_extracted": "2015-07-26 17:20:40"
}