{
    "url": "http://www.alweeam.com.sa/348813/مقتل-العشرات-من-داعش-في-غارات-للتحالف-ق/",
    "title": "مقتل العشرات من داعش في غارات للتحالف قرب الموصل",
    "author": "الموصل-الوئام:",
    "content": " لقي عشرات من عناصر تنظيم  داعش، مصرعهم في ضربات جوية شنتها مقاتلات التحالف الدولي الذي تقوده الولايات المتحدة، واستهدفت مواقع للتنظيم في عدد من القرى جنوب شرق محافظة نينوى الأربعاء. وقال القيادي في الاتحاد الوطني الكردستاني رشاد كلالي في قاطع مخمور، إن الضربات استهدفت مبنى ونقاط تفتيش لداعش في قرية تل شعير، ما أدى إلى مقتل 28 من مسلحي التنظيم على الأقل. وأضاف كلالي في اتصال مع “راديو سوا”، أن عددا آخر من عناصر التنظيم قتلوا لدى قصف التحالف لمقرات في قريتي دويزات والحود قرب الموصل، مشيرا إلى أن وجود داعش في المنطقة أصبح محدودا بسبب ضربات التحالف.وفرض داعش سيطرته على أغلب أقضية مدينة الموصل، باستثناء شيخان، منذ دخوله الموصل في 10 حزيران/يونيو من العام الماضي. رابط الخبر بصحيفة الوئام: مقتل العشرات من داعش في غارات للتحالف قرب الموصل ",
    "date_extracted": "2015-07-22 17:31:31"
}