{
    "url": "http://www.alweeam.com.sa/349203/العراق-مقتل-15-من-داعش-بينهم-قناصة-عرب/",
    "title": "العراق : مقتل 15 من «داعش» بينهم قناصة عرب شرق الرمادي",
    "author": "بغداد-الوئام:",
    "content": " أعلن قائد الشرطة الاتحادية الفريق رائد شاكر جودت، اليوم السبت، عن مقتل 15 عنصراً من “داعش” بينهم قناصون عرب الجنسية خلال تقدم القوات الأمنية.\nوقال جودت إن “القوات الأمنية استطاعت خلال التقدم تفكيك 35 عبوة ناسفة و13 منزلا مفخخا، فضلا عن تدمير كدس عتاد وثلاثة مركبات للتنظيم في قاطع عمليات حصيبة الشرقية شرق الرمادي”.\nمن جهتها أعلنت خلية الإعلام الحربي، السبت، عن تدمير أكبر معمل لتفخيخ المركبات وسط مدينة الفلوجة، وذلك بجهد استخباري عراقي دقيق وبالتعاون مع أبناء المدينة.\nرابط الخبر بصحيفة الوئام: العراق : مقتل 15 من «داعش» بينهم قناصة عرب شرق الرمادي ",
    "date_extracted": "2015-07-25 15:40:27"
}