{
    "url": "http://www.alweeam.com.sa/348902/عسيري-ما-تشهده-عدن-يعد-خطوة-إيجابية-ال/",
    "title": "عسيري: ما تشهده عدن يعد خطوة إيجابية الى الإمام",
    "author": "الرياض - الوئام :",
    "content": " وصف مستشار مكتب وزير الدفاع المتحدث باسم قوات التحالف العميد أحمد عسيري عبر “الإخبارية” أن العمل الذي يتم الآن في مدينة عدن خطوة ايجابية للإمام، مبينا أن العمل الإغاثي هو جزء من الأهداف التي تسعى قوات التحالف إلى تحقيقها بالإضافة إلى حماية المدنيين والتصدي لعمليات الميليشيات الحوثية.\n وتابع عسيري أن مركز الملك سلمان للأعمال الانسانية والإغاثة هو من ينظم وصول مثل مواد الإغاثة إلى داخل اليمن، مشددا على أنها مواد إغاثية وإن كان هناك دعم عسكري فهو ليس سرا لأن قوات التحالف ملتزمة بدعم الجيش اليمني الداعم للشرعية واللجان الشعبية لحماية نفسها وإذا وصلت المواد العسكرية فهذا أمر طبيعي.\n ولفت عسيري إلى أن المواد الإغاثية كانت تصل إلى اليمن منذ بداية عملية إعادة الأمل عن طريق الأمم المتحدة في جيبوتي ولذلك نطلب أن يتواجد مراقبون تابعون للأمم المتحدة على الأراضي اليمنية حتى يساعدوا في إيصال جميع المواد الإغاثية لجميع أفراد الشعب اليمني.\n وأضاف أنه فيما يخص الوضع الحالي فإن قوات التحالف تتحرك وفق خطة زمنية، مبينا أنه يتم التركيز الآن على تأمين مدينة عدن وإمداد المواطنين بالمواد الإغاثية، موضحا أن العمل مركز الآن على إعادة تأهيل المطار بشكل يتناسب مع إمكانية استضافة عدد كبير من الرحلات وإمكانية تأمينه من الجانب الأمني حتى يصبح في كامل جاهزيته لتتولى قوات التحالف عملية تنظيم الرحلات ووصول المواد الإغاثية إلى مطار عدن. رابط الخبر بصحيفة الوئام: عسيري: ما تشهده عدن يعد خطوة إيجابية الى الإمام ",
    "date_extracted": "2015-07-23 17:22:56"
}