{
    "url": "http://www.alweeam.com.sa/349012/وزير-داخلية-البحرين-إيران-متورطة-في-ال/",
    "title": "وزير داخلية البحرين: إيران متورطة في الإخلال بأمن البحرين",
    "author": "البحرين - الوئام :",
    "content": " أكد معالي الفريق الركن الشيخ راشد بن عبدالله آل خليفة وزير الداخلية بمملكة البحرين أن التدخلات الإيرانية في الشأن الداخلي لمملكة البحرين مرفوضة شكلاً ومضموناً، مشيراً إلى أن هذه التدخلات أخذت أبعاداً متعددة خارج نطاق العلاقات الدولية التي تحترم حسن الجوار ومن بينها التصريحات السياسية المعادية مروراً بتهريب مواد متفجرة وأسلحة وذخائر إلى مملكة البحرين وإيواء الهاربين من العدالة وفتح المعسكرات الإيرانية لتدريب المجموعات الإرهابية التي تسعى إلى استهداف أرواح الأبرياء، فضلاً عن الحملات الإعلامية المضللة والمستمرة تجاه مملكة البحرين.\n وقال معاليه في تصريح له اليوم إن البحرين لم ولن تتردد يوماً في حماية شعبها، وفي المقابل تسعى إلى تعزيز العلاقة مع أيران، وكانت كل تحركاتنا على الدوام إيجابية مراعاة لحسن الجوار، لذا نقول لهم إنكم متورطون في الإخلال بأمن البحرين، وإنكم دربتم على استخدام الأسلحة والمتفجرات ، وإنكم تصدرون إلينا ثقافة الإرهاب، وإنه كلما اتجهت الأمور لدينا إلى الاستقرار والتعافي الوطني عمدتم إلى إثارة القلاقل والتصعيد من خلال تدخلاتكم في شأننا الداخلي.\n وبين معاليه أن دول مجلس التعاون الخليجي تعمل كمنظومة أمنية متكاملة نحو هذا التهديد، وإن عليها في سبيل تحقيق الأهداف الأمنية لشعوب المنطقة أن تعزز تعاونها المستمر مع العمل على تطوير تحالفاتها الدولية التي تساعد على تحقيق ذلك.\n وأضاف : إنني أخاطب كل من في قلبه حب وإخلاص وولاء للبحرين، وأدعو إلى استنكار ورد وطني مخلص تجاه هذه التدخلات الإيرانية الخطيرة بشأن الأمن البحريني، مشدداً على أن الولاء المزدوج مرفوض، ويجب أن لا يكون له وجود ، وهو يشكل مخالفة قانونية دون شك، وإن ما أوجد مساحة إلى ذلك هو خلط المنبر الديني بالسياسة، وهو الأمر الذي سعت إليه الأجندة الإيرانية من خلال تسييس الحوزات الدينية في قم. وأوضح معالي وزير الداخلية البحريني أن الأولوية يجب أن تكون استنكاراً وطنياً وموقفاً بحرينياً صريحاً من خلال المؤسسات الوطنية ، والعلماء والمشايخ الأفاضل والفعاليات الرسمية والأهلية ، ومن خلال من يمثلون الشعب البحريني ومن يقيمون على أرضه، وإذا كان هناك من يتخلف عن هذا الاصطفاف الوطني فهو أراد لنفسه القبول بأعمال العنف والإرهاب وبالتدخلات الإيرانية التي من شأنها زعزعة أمن البحرين، مشيراً إلى أن من يحرص على أمن البحرين وسيادته ، ومن يشارك في هذا الموقف الوطني السيادي هو جدير بالاحترام والتقدير من قبل الجميع. رابط الخبر بصحيفة الوئام: وزير داخلية البحرين: إيران متورطة في الإخلال بأمن البحرين ",
    "date_extracted": "2015-07-24 05:32:41"
}