{
    "url": "http://www.alweeam.com.sa/348648/استقالة-المدير-التنفيذي-لشركة-توشيبا/",
    "title": "استقالة المدير التنفيذي لشركة توشيبا بسبب فضيحة مالية",
    "author": "الوئام - BBC",
    "content": " أعلن المدير التنفيذي لشركة توشيبا، هيساو تاناكا، استقالته بعدما كشفت الشركة أنها بالغت في في حساب أرباحها في الستة أعوام الأخيرة. وسيخلفه في منصبه ماساشي موروماتشي، كما أن نائبه نوريو ساساكي، سيستقيل أيضا. وأقرت لجنة مستقلة عينتها توشيبا، الاثنين، أن الشركة بالغت في حساب أرباحها بنحو 1،22 مليار دولار. ويفوق الرقم المعلن عنه التقدير الأولي لأرباح توشيبا بثلاثة أضعاف. وقال وزير المالية، تارو آسو، إن هذه القضية قد تهز ثقة المتعاملين في إدارة الشركات في اليابان. وبين التحقيق أن التصريحات الخاطئة بشأن الأرباح بدأت بعد الأزمة المالية، منذ 7 أعوام، عندما شرع كبار المسؤولين في وضع أهداف غير معقولة لأداء الشركة. وجاء في تقرير لجنة التحقيق أن “الثقافة التي كانت سائدة في شركة توشيبا هي أنه لا يمكن لأحد أن يتصرف خلاف ما يريده مديروه”. فعندما يضع كبار المسؤولين “أهدافا بعيدة المنال، يلجأ المسؤولون الفرعيون والموظفون إلى التلاعب بالحسابات لتحقيق تلك الأهداف، وفق رغبات مسؤوليهم”. رابط الخبر بصحيفة الوئام: استقالة المدير التنفيذي لشركة توشيبا بسبب فضيحة مالية ",
    "date_extracted": "2015-07-21 17:02:37"
}