{
    "url": "http://www.alweeam.com.sa/349157/انسحاب-المتمردين-الحوثيين-من-أطراف-عد/",
    "title": "انسحاب المتمردين الحوثيين من أطراف عدن باتجاه لحج",
    "author": "عدن - الوئام :",
    "content": " انسحبت ميليشيات الحوثيين وقوات الرئيس السابق علي عبد الله صالح، السبت، من الأطراف الشمالية لمدينة عدن باتجاه محافظة لحج.\nوتراجعت الميليشيات المتمردة من مناطق جعولة واللحوم شمالي عدن، بعد سلسة غارات لقوات التحالف العربي على مواقعها في الأطراف الشمالية والشرقية للمدينة الواقعة جنوبي البلاد.\nوتمكنت قوات المقاومة الشعبية الموالية للرئيس عبد ربه منصور هادي، من تحرير مدينة عدن من الحوثيين وحلفائهم، بدعم من غارات التحالف العربي الذي تقوده السعودية، مما يمهد الطريق لتحرير مناطق أخرى جنوبي اليمن.\nكما كثف التحالف العربي، الجمعة بحسب سكاي نيوز، غاراته على مواقع ميليشيات الحوثي وصالح، حيث أفيد عن تعرض المتمردين في عدة محافظات لضربات جوية أوقعت عشرات القتلى والجرحى في صفوفهم.\nرابط الخبر بصحيفة الوئام: انسحاب المتمردين الحوثيين من أطراف عدن باتجاه لحج ",
    "date_extracted": "2015-07-25 10:09:24"
}