{
    "url": "http://www.alweeam.com.sa/349086/بالصور-اصابة-مقيم-بسقوط-مقذوفات-على-نج/",
    "title": "بالصور.. اصابة مقيم بسقوط مقذوفات على نجران من الأراضي اليمنية",
    "author": "نجران-الوئام-عوض آل عاطف:",
    "content": " تعرض أحد المحلات التجارية بمدينة نجران صباح اليوم لسقوط بعض المقذوفات العسكرية القادمة من داخل الحدود اليمنية .\n وصرح المتحدث الاعلامي للدفاع المدني بمنطقة نجران المقدم علي بن عمير ال حرمان الشهراني بأن رجال الدفاع المدني باشروا في تمام الساعة العاشرة والثلث من ظهر اليوم  الجمعة الموافق ٨/ /١٠ /١٤٣٦هـ بلاغاً عن سقوط مقذوفات عسكرية من داخل الحدود اليمنية على محل تجاري بمدينة نجران ، مما نتج عنه إصابة أحد المقيمين من الجنسية اليمنية ، وتعرض المحل وعدد من السيارات الى أضرار ، حيث تم نقل المصاب الى المستشفى وإعادة الأوضاع وفق الخطط المعتمدة لذلك .\n \nرابط الخبر بصحيفة الوئام: بالصور.. اصابة مقيم بسقوط مقذوفات على نجران من الأراضي اليمنية ",
    "date_extracted": "2015-07-24 16:17:04"
}