{
    "url": "http://www.alweeam.com.sa/349256/بالصور-مصر-ارتفاع-عدد-ضحايا-غرق-مركب-ا/",
    "title": "بالصور .. مصر: ارتفاع عدد ضحايا غرق مركب النيل إلى 38",
    "author": "",
    "content": " قالت مصادر بالنيابة العامة في مصر السبت 25 يوليو/تموز إن عدد قتلى حادث غرق مركب في نهر النيل بالقاهرة الأسبوع الماضي ارتفع إلى 38 قتيلا.\nوغرق المركب وعلى متنه عشرات الركاب مساء الأربعاء وقالت وزارة الداخلية إن صندلاً نيلياً اصطدم به وحطمه قبل أن يغرق في الماء.\nوتتكرر حوادث النقل في مصر بسبب التراخي في تطبيق معايير السلامة.\nومنحت الحكومة 60 ألف جنيه (نحو 7600 دولار) تعويضا لأسرة كل متوفي.\n\n\n\n\n\n\n\n\n\n\n\nرابط الخبر بصحيفة الوئام: بالصور .. مصر: ارتفاع عدد ضحايا غرق مركب النيل إلى 38 ",
    "date_extracted": "2015-07-25 23:26:58"
}