{
    "url": "http://www.alweeam.com.sa/348984/مؤشر-سوق-الأسهم-السعودية-يغلق-على-انخف-4/",
    "title": "مؤشر سوق الأسهم السعودية يغلق على انخفاض طفيف",
    "author": "الرياض-الوئام:",
    "content": " أغلق مؤشر سوق الأسهم السعودية اليوم على انخفاض طفيف بلغ 8.28 نقطة عند مستوى 9372.74 نقطة بتداولات تجاوزت 4.1 مليار ريال. وشهدت تداولات اليوم ارتفاع أسهم 70 شركة في قيمتها وتراجعت أسهم 67 شركة,وظلت أسهم 28 شركة أخرى بدون تغير،في الوقت الذي بلغ فيه عدد الأسهم المتداولة اليوم أكثر من 143.8 مليون سهم توزعت على أكثر من 82.5 ألف صفقة. وكانت أسهم قطاع التأمين في صدارة أسهم الشركات المرتفعة بقيادة سهم المتحدة للتأمين،وبروج للتأمين والقصيم الزراعية، واليانزا وإكسا للتأمين ,فيما تصدر سهم الصناعات الكهربائية قائمة الأسهم الأكثر انخفاضا ,وتبعه البحري، وسابك ,واللجين والمتقدمة ،والانماء للتأمين ,وقد تراوحت الانخفاضات والارتفاعات في تداولات اليوم مابين 5.18% ارتفاعاً إلى 2.80% انخفاضاً. وجاءت أسهم شركات الإنماء وسابك والخدمات الأرضية ،وكيان وملاذ للتأمين ومصرف الراجحي على رأس الأسهم الأكثر نشاطاً بالقيمة ،فيما جاءت أسهم شركات الإنماء وكيان ،دار الأركان ,زين السعودية وسابك وملاذ على قائمة أكثر الأسهم نشاطا بالكمية . وتصدر قطاع التأمين قطاعات السوق المرتفعة بنسبة 1.63% تلاه قطاع شركات الاستثمار المتعدد وقطاع الفنادق والسياحة بنسبة 0.98 و 0.97% على التوالي ،في حين تصدر قطاع النقل قطاعات السوق المتراجعة بنسبة 1.17% ثم قطاع الصناعات البتروكيماوية بنسبة 0.88%. رابط الخبر بصحيفة الوئام: مؤشر سوق الأسهم السعودية يغلق على انخفاض طفيف ",
    "date_extracted": "2015-07-23 17:22:43"
}