{
    "url": "http://www.alweeam.com.sa/348777/المديرية-العامة-للدفاع-المدني-تقيم-حف/",
    "title": "المديرية العامة للدفاع المدني تقيم حفل معايدة لمنسوبيها",
    "author": "الرياض - الوئام :",
    "content": " أقامت المديرية العامة للدفاع المدني صباح اليوم الأربعاء حفل لمعايدة منسوبيها بمناسبة عيد الفطر المبارك , بحضور معالي مدير عام الدفاع المدني الفريق سليمان بن عبد الله العمرو وكافة مساعديه ومدراء الادارات العامة وجميع منسوبي  المديرية من الضباط والافراد والموظفين المدنين . وحرص الفريق العمرو خلال الحفل على نقل تهنئة صاحب السمو الملكي الامير محمد بن نايف ولي العهد ,نائب رئيس مجلس الوزارء , وزير الداخلية لكافة منسوبي الدفاع المدني بمناسبة عيد الفطر المبارك وتقديره لجهود رجال الدفاع المدني في تنفيذ خطة مواجهة الطوارئ بالعاصمة المقدسة والمدينة المنورة والحفاظ على أمن وسلامة المعتمرين وزوار بيت الله الحرام والمسجد النبوي الشريف . أوضح ذلك اللواء عيد بن عبد الله العصيمي مدير الادارة العامة للعلاقات والاعلام معرباً عن تقدير رجال الدفاع المدني لما يحظى به الجهاز من دعم القيادات الرشيدة  لاداء مهامه الانسانية والوطنية والذي كان له  أطيب الأثر في نجاح خطة مواجهة الطوارئ طوال شهر رمضان واحتفالات عيد الفطر في جميع مناطق المملكة وأضاف أن الحفل والذي اقيم بمقر المديرية العامة للدفاع المدني بالرياض شهد تبادل التهاني والتبريكات بالعيد. رابط الخبر بصحيفة الوئام: المديرية العامة للدفاع المدني تقيم حفل معايدة لمنسوبيها ",
    "date_extracted": "2015-07-22 17:33:22"
}