{
    "url": "http://www.alweeam.com.sa/349281/192-بلاغاً-لعمليات-الهلال-الأحمر-خلال-5-أي/",
    "title": "192 بلاغاً لعمليات الهلال الأحمر خلال 5 أيام بالباحة",
    "author": "الباحة ـ الوئام ـ محمد السويهري:",
    "content": " تلقت غرفة عمليات هيئة الهلال اﻷحمر بالباحة خلال خمسة أيام 192 بلاغاً، عبارة عن حوادث متفرقة وحالات مرضية.\n وأوضح المتحدث الرسمي لهيئة الهلال اﻷحمر بالباحة عماد منسي الزهراني أن الحالات المرضية المختلفة بلغت 106 حالات، نقل منها 64 حالة لمستشفيات المنطقة و41 حالة تم التعامل معها في حينه ولم يتم نقلها، كان من بينها حالة وفاة واحدة.\n وأضاف الزهراني أن عدد بلاغات الحوادث بلغ 89 حالة تم نقل 48 منها و41 حالة غير منقولة تم التعامل معها في مواقع الحوادث، ووقع بينها 3 وفيات.\nرابط الخبر بصحيفة الوئام: 192 بلاغاً لعمليات الهلال الأحمر خلال 5 أيام بالباحة ",
    "date_extracted": "2015-07-25 23:26:51"
}