{
    "url": "http://www.alweeam.com.sa/349378/بريدة-تسجل-صفقة-عقارية-كبرى-لإنشاء-مشر/",
    "title": "بريدة تسجل صفقة عقارية كبرى لإنشاء مشروع ومنطقة تجارية ترفيهية",
    "author": "بريدة – الوئام-خالد المرشود:",
    "content": " أعلن اليوم الأحد عن صفقة عقارية كبرى في مدينة بريدة تمثلت في شراء أرض استثمارية في أبرز موقع في المدينة لصالح شركة القصيم الزراعية التي وافقت جمعيتها العمومية مؤخرا على تعديل نشاطات الشركة وإضافة نشاطات جيدة ورفع توصية بتعديل المسمى إلى (شركة القصيم).\n حيث اشترت الشركة 50% من الأرض المملوكة لشركة وابل العربية للاستثمار المحدودة والتي تقع في تقاطع طريق الملك عبدالله مع طريق الملك سلمان والملك خالد ومساحتها 320 ألف م2 بقيمة 182.5000.000 مائة واثنان وثمانين مليون وخمسمائة ألف ريال الشركتين ستؤسسان في الموقع مولا تجاريا ضخما وبرجا فندقيا وتجاريا وبوليفارد ومنطقة أسواق مفتوحة ومنطقة ترفيهية، حيث روعي أن يكون المشروع واجهة حضارية لمدينة بريدة وسيكون محط اهتمام جميع أطياف المجتمع وسيسهم الموقع المميز في توزيع إمكانيات المشروع حيث يقع على أهم ثلاثة شرايين حيوية في بريدة والمنطقة.\nالتوقيع الذي شهده مقر شركة القصيم مثل به شركة وابل العربية الأستاذ فهد المقبل ومثل شركة القصيم الأستاذ عبدالعزيز الحميد رئيس مجلس الإدارة.\nيذكر أن شركة وابل متخصصة بالأسواق التجارية وتمتلك الرياض جاليري والعديد من المولات التجارية على مستوى المملكة وسيكون المشروع الجديد الذي تدشنه مع شركة القصيم مقدمة لتوجه الشركة التي بدأ مجلس إدارتها الجديد يعيد صياغتها استثماريا خصوصا بعد التعديلات الجديدة بمجلس الإدارة ودخول رئيس المجلس جديد الحميد وعدد من الأعضاء من أصحاب الخبرات.\nوقد توقع خبراء عقاريون واستثماريون أن يحقق المشروع نجاحا كبيرا وسريعا خصوصا أنه يلمس حاجات مدينة بريدة التي تنمو بشكل متسارع وكبير خلال الأعوام الأخيرة، حيث سيكون البرج معلما حضاريا للمدينة فيما ستقدم أجزاء المشروع الأخرى خدماتها لكل أفراد المجتمع.\nرابط الخبر بصحيفة الوئام: بريدة تسجل صفقة عقارية كبرى لإنشاء مشروع ومنطقة تجارية ترفيهية ",
    "date_extracted": "2015-07-26 17:19:32"
}