{
    "url": "http://www.alweeam.com.sa/348914/تناقض-العربية-يحرجها-مع-متابعيها-ال/",
    "title": "تناقض «العربية» يحرجها مع متابعيها",
    "author": "الرياض - الوئام :",
    "content": " انتقد مغردون تجاهل قناة “العربية” إطلاق لقب “شهيد” على عريف سعودي استشهد خلال عاصفة الحزم، واستعاضت عن ذلك بوصفه بالقتيل، في حين عادت القناة لإطلاق لقب “شهيد” على جندي إماراتي استشهد في الحرب التي تنفذها قوات التحالف على مخالفي الشرعية في اليمن. واعتبر المتابعون ما فعلته قناة “العربية” بأنه كيل بمكيالين، وتناقض يشير إلى خلل مهني في التعاطي مع الأحداث بنفس المعايير، وقال خالد المهاوش “هل السعودي قتيل والإماراتي شهيد يا قناة العربية أين كلامكم عندما كنتم تقولون نتعامل بمهنية لا في فلسطين ولا غيرها”. يذكر أن إدارة قناة “العربية” ذكرت في وقت سابق أن استخدام لقب “شهيد” يخالف سياستها التحريرية وذلك بعد انتقادات طالتها إثر وصفها لضحايا الاحتلال الصهيوني بالقتلى دون استخدام وصف “شهيد”. رابط الخبر بصحيفة الوئام: تناقض «العربية» يحرجها مع متابعيها ",
    "date_extracted": "2015-07-23 17:23:38"
}