{
    "url": "http://www.alweeam.com.sa/348910/مظاهرة-في-تايمز-سكوير-ضد-الاتفاق-النوو/",
    "title": "مظاهرة في تايمز سكوير ضد الاتفاق النووي الإيراني",
    "author": "نيويورك-الوئام:",
    "content": " تجمع متظاهرون في شارع تايمز سكوير بنيويورك للتنديد بالاتفاق النووي الايراني الموقع بين ايران والقوى العظمى داعين الكونغرس الاميركي الى رفض الاتفاق. وتجمع حوالى الف شخص في شارع تايمز سكوير، حسب تقديرات مصور وكالة فرانس برس. وحسب جيفري وايسنفيل، احد منظمي المظاهرة، فان حوالى 10 الاف شخص تجمعوا للتنديد بالاتفاق الذي يهدد، كما قالوا، الامن العالمي وامن اسرائيل. وشارك في المظاهرة خصوصا نواب جمهوريون ومؤيدون لليمين الاسرائيلي ومجموعات مسيحية انجيلية. وقال الحاكم السابق لولاية نيويورك جورج باتاكي في كلمة امام المتظاهرين “انه اتفاق رهيب يجب رفضه. يتوجب على الكونغرس ان يقوم بعمله وان يتحرك من اجل الشعب الاميركي ومن اجل امنه”.وفقا للفرنسية. وتحدث في المظاهرة ايضا الان ديشويتز وهو استاذ في جامعة هارفرد ومعرف بميوله اليسارية واكد ان الاتفاق سيء. رابط الخبر بصحيفة الوئام: مظاهرة في تايمز سكوير ضد الاتفاق النووي الإيراني ",
    "date_extracted": "2015-07-23 17:25:48"
}