{
    "url": "http://www.alweeam.com.sa/349382/مؤشر-الأسهم-السعودية-يتراجع-71-نقطة-وا/",
    "title": "مؤشر الأسهم السعودية يتراجع «71» نقطة والتداولات 5 مليارات ريال",
    "author": "الرياض-الوئام:",
    "content": " أغلق مؤشر سوق الأسهم السعودية اليوم منخفضاً 71.08 نقطة بنسبة 0.76% عند مستوى 9301.66 نقطة بتداولات قاربت 5 مليارات ريال.وشهدت تداولات اليوم ارتفاع أسهم 35 شركة في قيمتها وتراجعت أسهم 111 شركة,وظلت أسهم 19 شركة أخرى بدون تغير في أسعار، في الوقت الذي بلغ فيه عدد الأسهم المتداولة اليوم أكثر من 143.7 مليون سهم توزعت على أكثر من 85.5 ألف صفقة .\n وتصدر سهم شركة العالمية للتأمين قائمة الأسهم المرتفعة بنسبة 5.62%،و ميدغلف للتأمين والمتحدة للتأمين,وبروج ,والدرع للتأمين،والحمادي الأكثر ارتفاعاً اليوم , وتصدر سهم الاتصالات السعودية قائمة الأسهم الأكثر انخفاضا بنسبة 2.77% ,والبنك السعودي الفرنسي ، ونادك ,والمتقدمة ,واكسا للتأمين ، وصافولا,وتراوحت الانخفاضات والارتفاعات في تداولات اليوم مابين 5.62% ارتفاعاً إلى 2.77% انخفاضاً.\n وجاءت أسهم شركات سابك والإنماء ,والخدمات الأرضية والراجحي ,وملاذ للتأمين ,و ميدغلف للتأمين الأكثر نشاطاً بالقيمة ،فيما جاءت أسهم شركات الإنماء ,وسابك ودار وكيان السعودية ,وزين السعودية ,ودار الأركان وجاكو الزراعية على قائمة أكثر الأسهم نشاطا بالكمية .\n وأغلقت جميع قطاعات السوق منخفضة باستثناء قطاع شركات الاستثمار المتعدد الذي حقق ارتفاعا طفيفا بنسبة 0.04% ،وتصدر القطاعات المتراجعة قطاع النقل بنسبة 1.6% تلاه قطاع الاتصالات وتقنية المعلومات بنسبة 1.37% ثم قطاع الفنادق والسياحة فيما تراجع قطاع المصارف بنسبة 1.03 وقطاع البتروكيماويات 0.32%.\nرابط الخبر بصحيفة الوئام: مؤشر الأسهم السعودية يتراجع «71» نقطة والتداولات 5 مليارات ريال ",
    "date_extracted": "2015-07-26 17:19:27"
}