{
    "url": "http://www.alweeam.com.sa/348893/بيان-للخطوط-الحديدية-حول-تعطل-قطار-الر/",
    "title": "بيان حول تعطل قطار الركاب رقم “6” المتجه من الرياض إلى الدمام",
    "author": "الرياض - الوئام :",
    "content": " أوضحت المؤسسة العامة للخطوط الحديدية أن القطار رقم (6) وهو أحد قطارات “شركة كاف ” ا?سبانية، الذي كان متجهاً اليوم من الرياض إلى الدمام وعلى متنه 220 راكباً قد توقف عند الكيلو 310 حيث تعطل المحرك ووحدة التكييف.\n وقال المتحدث الإعلامي للمؤسسة العامة للخطوط الحديدية ناصر الدوسري، إنه تم على الفور فحص القطار من قبل الفني المتخصص وتم إبلاغ عمليات المؤسسة في تمام الساعة 12:53 ، وتم إبلاغ الهلال الأحمر ومكتب الحركة بالرياض لتجهيز قطار الطوارئ للقطار رقم ( 6 ) ، الذي وصل للموقع عند الساعة 14:47 وقام فريق المؤسسة وفريق الهلال الأحمر بالاطمئنان على الركاب كما تم فحص الركاب من قبل الفريق الطبي، بعدها تم نقل الركاب من قطار رقم ( 6 ) إلى قطار الطوارئ وتحرك القطار عند الساعة 16:00 متأخراً 3 ساعات و 17 دقيقة .\n ولفت الدوسري الانتباه إلى أن معالي الرئيس العام للمؤسسة العامة للخطوط الحديدية المهندس محمد بن خالد السويكت تابع بنفسه الموقف من غرفة التحكم ا?لي بالقطارات في الدمام للاطمئنان على سلامة الركاب ونقلهم للقطار ا?خر لمواصلة رحلتهم ووصولهم بالسلامة، مشيرًا إلى أن المؤسسة تتابع حالياً مع الشركة المشغلة لهذه القطارات على الأسباب التي أدت إلى هذا الخلل الفني والأسباب التي أدت إلى تعطل كل المحركات وتعطل المكيف، كما تعهدت المؤسسة بالإعلان بكل شفافية عن نتائج التحقيق في هذا الموقف الذي تأسف له وتقدم اعتذارها لركاب القطار ولكل المتضررين من هذا العطل . رابط الخبر بصحيفة الوئام: بيان حول تعطل قطار الركاب رقم “6” المتجه من الرياض إلى الدمام ",
    "date_extracted": "2015-07-23 17:25:19"
}