{
    "url": "http://www.alweeam.com.sa/348801/الضمان-الصحي-10-500-000-مؤمن-لهم-و2521-مقدم-خد/",
    "title": "الضمان الصحي: «10.500.000» مؤمن لهم و«2521» مقدم خدمة صحية",
    "author": "الرياض-الوئام:",
    "content": " أقامت الأمانة العامة لمجلس الضمان الصحي التعاوني حفل المعايدة السنوي لمنسوبيها بمناسبة عيد الفطر المبارك، وذلك بمقرها الرئيسي بمدينة الرياض، حيث رحب سعادة الأمين العام المساعد للشئون الفنية المهندس وائل الدهاسي بجميع الموظفين، مهنئا إياهم بعيد الفطر المبارك، داعيًا الله عز وجل أن يشمل الجميع بقبول صيامهم و قيامهم. ولفت إلى أن أمانة المجلس تولي تطوير أعمالها عناية خاصة مما يسهم في تطوير صناعة سوق التأمين الصحي من خلال تحديد احتياجات السوق وتلبيتها وبناء القدرات وتطوير أدوات وآليات العمل الإشرافي والرقابي والتنظيمي لقطاع التأمين الصحي، وأشار الدهاسي إلى الدور المهم لجميع موظفي الأمانة وما قدموه من جهد أسهم في تعزيز جودة أداء سوق التأمين الصحي، منوها بأن عدد المؤمن لهم يربو على 10,500,000 مؤمن يحصلون على خدمات الرعاية الصحية من خلال ما يزيد عن 2521 مقدم خدمة وشركتي تأمين صحي و8 شركات إدارة مطالبات. واختتم حديثه بأن المجلس يحرص على إقامة المناسبات الاجتماعية في إطار تعزيز الاتصال المؤسسي وتحسين البيئة الداخلية للموظف المحفزة على الإبداع والتميز ،ويسهم في تنمية العلاقات الاجتماعية بين منسوبي المؤسسة وإظهار أواصر المحبة بين الموظفين ورؤسائهم، وبث روح العمل والنشاط مع بداية العمل بعد إجازة عيد الفطر المبارك. رابط الخبر بصحيفة الوئام: الضمان الصحي: «10.500.000» مؤمن لهم و«2521» مقدم خدمة صحية ",
    "date_extracted": "2015-07-22 17:31:37"
}