{
    "url": "http://www.alweeam.com.sa/348661/فان-جال-يلمح-إلى-إمكانية-ضم-راموس-ومهاج/",
    "title": "فان جال يلمح إلى إمكانية ضم راموس ومهاجم “مفاجأة”",
    "author": "الوئام - رويترز:",
    "content": " ألمح الهولندي لويس فان جال مدرب مانشستر يونايتد المنافس بالدوري الانجليزي الممتاز لكرة القدم إلى أن ناديه ربما يحاول ضم سيرجيو راموس مدافع ريال مدريد الاسباني وقد يتعاقد أيضا مع مهاجم “مفاجأة”. وتكهنت وسائل إعلام بالأسابيع الماضية بإمكانية انتقال راموس (29 عاما) إلى مانشستر يونايتد رغم بقاء عامين في عقده مع ريال مدريد ضمن صفقة تبادلية ستشهد انتقال الحارس ديفيد دي خيا (24 عاما) إلى ريال. كما قالت تقارير إن النادي الانجليزي يسعى إلى تعزيز هجومه بالاسباني بيدرو لاعب برشلونة وتوماس مولر لاعب بايرن ميونيخ حيث يتطلع فان جال إلى تحسين تشكيلته بعد خيبة أمل الموسم الماضي. ولم يعد بيدرو (27 عاما) يلعب بصفة منتظمة مع برشلونة منذ وصول مهاجم أوروجواي لويس سواريز فيما لا يبدو مولر (25 عاما) راضيا عن أسلوب عمل المدرب بيب جوارديولا. وقال فان جال في مؤتمر صحفي خلال جولة فريقه في أمريكا الشمالية “لا يمكنني التعليق على هذه الشائعات. قلت في مؤتمرات صحفية سابقة إنها خطط وربما يكون راموس ضمن الخطة.. لا أحد يعرف ما سيحدث.” وأضاف المدرب المخضرم أن ناديه قد يتعاقد مع مهاجم لكنه ليس ممن تتحدث عنهم وسائل الإعلام. وتابع فان جال “علينا الانتظار حتى نرى ما سيحدث.. موسم الانتقالات مفتوح حتى أول سبتمبر لذا يجب أن نصبر.” رابط الخبر بصحيفة الوئام: فان جال يلمح إلى إمكانية ضم راموس ومهاجم “مفاجأة” ",
    "date_extracted": "2015-07-21 17:02:26"
}