{
    "url": "http://www.alweeam.com.sa/349247/نصر-الله-إيران-لن-تتخلى-عن-حزب-الله-بعد/",
    "title": "نصر الله: إيران لن تتخلى عن حزب الله بعد الاتفاق النووي",
    "author": "الوئام - رويترز",
    "content": " قال زعيم حزب الله اللبناني حسن نصر الله اليوم السبت إن الحزب يثق في أن بوسعه الاعتماد على الدعم الإيراني بعد الاتفاق النووي الذي وقعته طهران مع الغرب.\nوفي أول تصريحات علنية بعد الاتفاق النووي مع إيران الذي أبرم في وقت سابق هذا الشهر في فيينا قال نصر الله إنه واثق من أن إيران “ستفحم” منتقدين يقولون إنها ستوقف دعمها لحزب الله.\nوقال نصر الله في حفل لتكريم أبناء وبنات قتلى من مقاتلي حزب الله “في هذا الموضوع نتعاطي بكل ثقة واطمئنان.”\nوقال نصر الله إن العقوبات الأمريكية ضد ثلاثة من القادة العسكريين لحزب الله “لا تقدم ولا تؤخر”. وتقول واشنطن إن الثلاثة ضالعون في العمليات بسوريا.\nوأضاف أن العقوبات الجديدة التي أعقبت الاتفاق النووي واستمرار تصنيف الولايات المتحدة لحزب الله كمنظمة إرهابية يظهر أن السياسات الأمريكية لم تتغير.\nوقال “الولايات المتحدة الشيطان الأكبر وستبقى الشيطان الأكبر قبل الاتفاق النووي وبعده.”\nوقال الرئيس الأمريكي باراك أوباما ووزير خارجيته جون كيري مرارا إن الولايات المتحدة يزعجها الدعم الإيراني لجماعات إقليمية موالية لطهران بينها حزب الله.\nوقال نصر الله إن حزب الله فخور بالدعم المالي الإيراني الذي مكنه من الصمود في وجه السياسات الإسرائيلية والأمريكية بالمنطقة.\nويقدم حزب الله دعما حيويا للرئيس السوري بشار الأسد في الحرب الأهلية المستمرة منذ ما يزيد على أربع سنوات.\nرابط الخبر بصحيفة الوئام: نصر الله: إيران لن تتخلى عن حزب الله بعد الاتفاق النووي ",
    "date_extracted": "2015-07-25 23:27:04"
}