{
    "url": "http://www.alweeam.com.sa/349442/شرطة-الشرقية-وفاة-أحد-المطلوبين-للجها/",
    "title": "شرطة الشرقية: وفاة أحد المطلوبين للجهات الأمنية بطلقات نارية في بلدة القديح",
    "author": "الدمام - الوئام :",
    "content": " صرح الناطق الإعلامي بشرطة المنطقة الشرقية بأنه عند الساعة التاسعة من صباح اليوم الأحد الموافق 1436/10/10هـ ، باشرت شرطة القطيف بلاغًا عن تعرض أحد المواطنين للإصابة بطلقات نارية ، ونقله إلى مستوصف مضر ببلدة القديح بواسطة شقيقه ، حيث اتضح وفاة المصاب بعد وصوله إلى المستوصف ، وأنه من بين المطلوبين للجهات الأمنية المعلنة أسماؤهم على قائمة الـ (23) بتاريخ 1433/2/8هـ ، وهو المطلوب / محمد علي عبدالرحيم الفرج ، وأدلى شقيقه بمعلومات عن هوية الجناة الذين اتضح أنهما من المطلوبين في قضايا جنائية.\n وقد باشرت الجهات المختصة بشرطة القطيف إجراءات الضبط الجنائي للجريمة والتحقيق فيها.\nرابط الخبر بصحيفة الوئام: شرطة الشرقية: وفاة أحد المطلوبين للجهات الأمنية بطلقات نارية في بلدة القديح ",
    "date_extracted": "2015-07-27 16:56:14"
}