{
    "url": "http://www.alweeam.com.sa/348658/شركة-ماكدونالدز-تبدأ-التوظيف-في-‫‏إي/",
    "title": "شركة ماكدونالدز تبدأ التوظيف في ‫”‏إيران”‬ استعداداً لفتح فروعا لها",
    "author": "الوئام - bbc",
    "content": " اضاف الموقع الرسمي التابعة لسلسلة مطاعم ماكدنالدز، صفحة مخصصة لطلبات التوظيف في الداخل الإيراني، إلا أن المعلومة الأبرز في الصفحة تبقى بالإشارة إلى أنه “ليس لدينا تاريخ محدد لوصول ماكدونالدز في إيران، يمكننا في المستقبل أن نتخذ خطوات لفتح فروع لنا في إيران”. وعند الضغط عند المستند المخصص للوظائف، يظهر عنوان “تطبيق للامتياز الدولي في إيران”، في حين يعتبر باقي الطلب هو مماثل لكل البلدان في العالم. وبحسب موقع الإذاعة البريطانية “بي بي سي”، فإن الإتفاقات مع الولايات المتحدة سمحت بمرور المطاعم الأميركية إلى ايران. رابط الخبر بصحيفة الوئام: شركة ماكدونالدز تبدأ التوظيف في ‫”‏إيران”‬ استعداداً لفتح فروعا لها ",
    "date_extracted": "2015-07-21 17:02:28"
}