{
    "url": "http://www.alweeam.com.sa/349361/ضبط-وحجز-943-ثلاجة-مخالفة-للمواصفات-ال/",
    "title": "ضبط وحجز «943» ثلاجة مخالفة للمواصفات السعودية",
    "author": "الرياض-الوئام:",
    "content": " تمكنت الفرق الرقابية في وزارة التجارة والصناعة، خلال حملاتها التفتيشية المتواصلة على متاجر بيع الثلاجات والمجمدات المنزلية، من ضبط ما مجموعه 943 ثلاجة، حيث كان عدد المحال المخالفة 344 محلاً تم ضبط هذه الكمية فيها، كما تم مخالفة 487 محلاً .\nوشملت الجولات الرقابية 971 متجراً في مختلف مدن المملكة ، حيث جرى تطبيق العقوبات الرادعة بحق المخالفين لضمان خلو الأسواق من الأجهزة الكهربائية التي لا تتوافق مع المواصفات القياسية السعودية في مجال كفاءة استهلاك الطاقة، وبالتالي تسببها في هدر الطاقة الكهربائية.\nوتأتي هذه الجهود المتواصلة في إطار منظومة حكومية تنسق جهودها بإشراف ” البرنامج السعودي لكفاءة الطاقة ” الذي يسعى إلى وضع حد للاستهلاك المتنامي للطاقة في المملكة، وبالتالي رفع كفاءة استهلاك الطاقة باستخدام مبادرات وبرامج مصممة حسب إمكانات السوق المحلية، ومن ذلك تحديث عدد من المواصفات القياسية الخاصة بالأجهزة الكهربائية المنزلية الرئيسة التي تتسبب في استهلاك كبير للطاقة الكهربائية.\nوحرصاً من البرنامج السعودي لكفاءة الطاقة على تسهيل عملية استبدال بطاقات كفاءة الطاقة القديمة للثلاجات والمجمدات المنزلية بأخرى حديثة, فقد قامت الهيئة السعودية للمواصفات والمقاييس والجودة بإعادة فتح البرنامج الالكتروني الخاص باستبدال بطاقات كفاءة الطاقة القديمة للثلاجات والمجمدات المنزلية حتى نهاية شهر شوال 1436هـ, وذلك لتصحيح البطاقات الخاصة بأجهزتهم .\nووضع البرنامج آلية عمل محكمة تنفذها الجهات المعنية كل فيما يخصه، ومن هذه الآليات تعزيز الرقابة على المصانع وصالات عرض ومحال المنتجات الكهربائية المستهلكة للطاقة في المدن السعودية كافة، والتأكد من مدى التزامها بالمواصفات المحددة، وينفذ هذه الآلية فريق عمل مكون من الجهات المختصة كوزارة التجارة والصناعة، والهيئة السعودية للمواصفات والمقاييس والجودة، ومصلحة الجمارك العامة، والمركز السعودي لكفاءة الطاقة.\nرابط الخبر بصحيفة الوئام: ضبط وحجز «943» ثلاجة مخالفة للمواصفات السعودية ",
    "date_extracted": "2015-07-26 17:21:04"
}