{
    "url": "http://www.alweeam.com.sa/349031/خادم-الحرمين-الشريفين-يستقبل-وزير-الخ-3/",
    "title": "خادم الحرمين الشريفين يستقبل وزير الخارجية المصري",
    "author": "الرياض - الوئام :",
    "content": " استقبل خادم الحرمين الشريفين الملك سلمان بن عبدالعزيز آل سعود – حفظه الله – في قصر السلام اليوم معالي وزير الخارجية بجمهورية مصر العربية سامح شكري والوفد المرافق له.\n ونقل معاليه لخادم الحرمين الشريفين خلال الاستقبال تحيات فخامة الرئيس عبدالفتاح السيسي رئيس جمهورية مصر العربية وتقديره لمواقف المملكة تجاه مصر وشعبها في مختلف الظروف.\n وقد حمل الملك المفدى معاليه نقل تحياته لفخامة رئيس جمهورية مصر العربية مؤكداً – أيده الله – عمق العلاقات الأخوية بين البلدين الشقيقين وحرص المملكة على تعزيزها في شتى المجالات.\n كما تم خلال الاستقبال استعراض آفاق التعاون بين البلدين الشقيقين ومجمل تطورات الأحداث في المنطقة والعالم.\n حضر الاستقبال معالي وزير الدولة عضو مجلس الوزراء الدكتور مساعد بن محمد العيبان ، ومعالي وزير الثقافة والإعلام الدكتور عادل بن زيد الطريفي ، ومعالي وزير الخارجية الأستاذ عادل بن أحمد الجبير ، ومعالي سفير خادم الحرمين الشريفين لدى جمهورية مصر العربية مندوب المملكة الدائم لدى جامعة الدول العربية أحمد بن عبدالعزيز قطان ، وسفير جمهورية مصر العربية لدى المملكة عفيفي عبدالوهاب. رابط الخبر بصحيفة الوئام: خادم الحرمين الشريفين يستقبل وزير الخارجية المصري ",
    "date_extracted": "2015-07-24 05:32:28"
}