{
    "url": "http://www.alweeam.com.sa/348708/إصابة-مقيمين-في-الحرث-جراء-مقذوفات-عسك/",
    "title": "إصابة مقيمين في الحرث جراء مقذوفات عسكرية من الأراضي اليمنية",
    "author": "الوئام - متابعات :",
    "content": " باشرت فرق الدفاع المدني سقوط مقذوفات من داخل الأراضي اليمنية بمحافظتي الحرث والطوال، مما نتج عنه إصابة مقيمين من الجنسية اليمنية والمصرية ونقلوا للمستشفيات لتلقي العلاج اللازم. وأوضح المتحدث الرسمي لمديرية الدفاع المدني بمنطقة جازان الرائد يحيى عبد الله القحطاني أنه في تمام الساعة 1:50 صباح اليوم الثلاثاء باشرت فرق الدفاع المدني بلاغًا عن سقوط مقذوف على منزل بقرية المغيرة بمحافظة الحرث من داخل الأراضي اليمنية، مما نتج عنه إصابة مقيمين من الجنسية اليمنية، وتم نقلهم للمستشفى لتلقي العلاج اللازم. وأضاف أن فرق الدفاع المدني باشرت في نفس اليوم وفي تمام الساعة 12:30 ظهرًا بلاغًا عن سقوط مقذوف على مبنى تحت الإنشاء بمحافظة الطوال من داخل الأراضي اليمنية نتج عنه إصابة مقيم من الجنسية المصرية وتم نقله للمستشفى لتلقي العلاج اللازم. رابط الخبر بصحيفة الوئام: إصابة مقيمين في الحرث جراء مقذوفات عسكرية من الأراضي اليمنية ",
    "date_extracted": "2015-07-21 23:05:20"
}