{
    "url": "http://www.alweeam.com.sa/348755/وظائف-شاغرة-في-هيئة-الهلال-الأحمر-السع/",
    "title": "وظائف شاغرة في هيئة الهلال الأحمر السعودي",
    "author": "الرياض - الوئام :",
    "content": " أعلنت هيئة الهلال الأحمر السعودي عن حاجتها لشغل وظائف (طبيب مقيم)، ووظائف (أخصائي إسعاف وطب طواريء). وأكدت الهيئة في إعلانها أنه على المؤهلين لشغل هذه الوظائف تهيئة وتجهيز متطلبات شغلها حسب دليل مؤهلات لائحة الوظائف الصحية، واشتراطات الهيئة السعودية للتخصصات الصحية التالية: أولا: وظائف (طبيب مقيم) \n 1-صورة طبق الأصل من المؤهل. \n 2-شهادة تصنيف وتسجيل مهني من الهيئة السعودية للتخصصات الصحية سارية المفعول. \n 3- في حال وجود خبرة في طبيعة العمل فيلزم إثباتها حسب المتبع نظاما. ثانيا: وظائف (أخصائي إسعاف وطب طواريء) \n 1-الدرجة الجامعية في تخصص مناسب مهنيا للإسعاف وطب الطوارئ. \n 2- شهادة تصنيف وتسجيل مهني من الهيئة السعودية للتخصصات الصحية سارية المفعول. \n 3-أن يكون حاصلا على الدورات التالية : – \n دورة (دعم الحياة الأساسي BLS) . \n – دورة (دعم الحياة القلبي المتقدم ACLS) .\n – إحدى الدورتين (دعم الإصابات المتقدم PHTLS) أو (ITLS) . \n – أن تكون هذه الدورات سارية المفعول. 4- في حال وجود خبرة في طبيعة العمل فيلزم إثباتها حسب المتبع نظاما. (تدرج ايقونة بوابة التوظيف ــ أخصائي اسعاف وطب طواريء) ثالثاً: التقديم يبدأ من تاريخ 10/10/1436هـ وحتى نهاية تاريخ 16/10/1436هـ ، وسيتم تحديد مكان وزمان الاختبار لاحقا في موقع الهيئة الرسمي رابط الخبر بصحيفة الوئام: وظائف شاغرة في هيئة الهلال الأحمر السعودي ",
    "date_extracted": "2015-07-22 13:46:31"
}