{
    "url": "http://www.alweeam.com.sa/349269/تصفيات-مونديال-2018-الأرجنتين-والأكوادو/",
    "title": "تصفيات مونديال 2018: الأرجنتين والأكوادور .. وتشيلي مع البرازيل في الجولة الأولى",
    "author": "امريكا - الوئام :",
    "content": " أوقعت قرعة أميركا الجنوبية المؤهلة إلى نهائيات كأس العالم المقررة في روسيا عام 2018 م قمتين قويتين في الجولة الأولى ، حيث تلعب الأرجنتين وصيفة بطلة العالم مع الاكوادور، فيما تلعب تشيلي بطلة كوبا أميركا مع البرازيل.\n وستخوض البرازيل مواجهتها الساخنة مع تشيلي في غياب نجمها وبرشلونة الإسباني نيمار دا سيلفا لايقافه في كوبا أميركا عقب طرده في كوبا أميركا في نهاية المباراة ضد كولومبيا ( 0 -1) في الجولة الثانية من دور المجموعات.\n أما المباريات الثلاث الأخرى في الجولة الأولى من التصفيات الأميركية الجنوبية فتجمع كولومبيا مع البيرو، وفنزويلا مع البارغواي، وبوليفيا مع الأوروغواي.\n وتتأهل المنتخبات الأربع الأولى في التصفيات مباشرة إلى النهائيات، على أن يخوض الخامس ملحقا مع اوقيانيا.\nرابط الخبر بصحيفة الوئام: تصفيات مونديال 2018: الأرجنتين والأكوادور .. وتشيلي مع البرازيل في الجولة الأولى ",
    "date_extracted": "2015-07-25 23:26:56"
}