{
    "url": "http://www.alweeam.com.sa/349293/سماء-غائمة-جزئياً-وطقس-معتدل-على-المصا/",
    "title": "سماء غائمة جزئياً وطقس معتدل على المصايف",
    "author": "الرياض-الوئام:",
    "content": " توقّعت الرئاسة العامة للأرصاد وحماية البيئة في تقريرها عن حالة الطقس لهذا اليوم ـ بمشيئة الله تعالى ـ سماء غائمة جزئياً وطقس معتدل على المصايف، شديد الحرارة على شرق ووسط المملكة وأجزاء من شمال وغرب المملكة، في حين تتأثر الرؤية الأفقية بالعوالق الترابية على مناطق (جازان، وعسير، والباحة) يشمل السواحل الجنوبية للبحر الأحمر.\nوأورد التقرير أن حركة الرياح السطحية على البحر الأحمر ستكون ـ بمشيئة الله تعالى ـ شمالية غربية إلى غربية بسرعة 15-35 كم/ساعة ، وارتفاع الموج من متر إلى متر ونصف ، وحالة البحر متوسط الموج ، بينما تكون حركة الرياح السطحية على الخليج العربي شرقية إلى شمالية شرقية بسرعة 10 – 30 كم/ساعة ، وارتفاع الموج من نصف متر إلى متر ونصف ، وحالة البحر خفيف إلى متوسط الموج.\nرابط الخبر بصحيفة الوئام: سماء غائمة جزئياً وطقس معتدل على المصايف ",
    "date_extracted": "2015-07-26 17:21:18"
}