{
    "url": "http://www.alweeam.com.sa/349047/البحرين-تصريحات-المالكي-ضد-السعودية-إ/",
    "title": "البحرين : تصريحات المالكي ضد السعودية إساءة مرفوضة",
    "author": "المنامة - الوئام - وكالات :",
    "content": " استنكرت مملكة البحرين وبشدة تصريحات نوري المالكي نائب رئيس جمهورية العراق ضد المملكة العربية السعودية، معتبرة أن هذه التصريحات غير المسؤولة تعديًا سافرًا وإساءة مرفوضة لدول مجلس التعاون لدول الخليج العربية كافة. وذكرت وكالة أنباء البحرين أن مملكة البحرين تشدد على أن هذه التصريحات الباطلة والادعاءات الكاذبة تتعارض مع حرص دول مجلس التعاون على تعزيز علاقاتها بجمهورية العراق ومد جسور الثقة والتعاون بين الجانبين في المجالات كافة، كما تتنافى مع الواقع الذي يؤكد الدور الفاعل والرائد الذي تضطلع به المملكة العربية السعودية في دعم ومساندة جميع الأشقاء العرب في مكافحة العنف والتطرف والإرهاب، ومبادراتها السباقة ومساعيها الحثيثة لإحلال الأمن والسلم ليس في العراق فقط بل في جميع الدول العربية والإسلامية، وهو الأمر الذي لا ينكره إلا جاحد أو حاقد.\n وأكدت البحرين أن مثل هذه التصريحات الفجة لا تخدم مطلقًا مصالح العراق و شعبه الشقيق، وتؤكد انصياع بعض المسؤولين العراقيين ومن بينهم المالكي للأجندات الأجنبية، التي تهدف لإحداث الفتنة الطائفية وتصدير التوتر للمنطقة، معربة عن أملها في عودة العراق إلى ممارسة دوره الفاعل في العمل العربي المشترك، بعيدًا عمن يعملون بكل جهدهم لإبعاده عن محيطه الطبيعي. رابط الخبر بصحيفة الوئام: البحرين : تصريحات المالكي ضد السعودية إساءة مرفوضة ",
    "date_extracted": "2015-07-24 08:38:05"
}