{
    "url": "http://www.alweeam.com.sa/349217/قوات-التحالف-تعلن-بدء-الهدنة-الإنساني/",
    "title": "قوات التحالف تعلن بدء الهدنة الإنسانية في اليمن اعتباراً من مساء الأحد",
    "author": "جدة-الوئام:",
    "content": " صدر عن قيادة قوات التحالف بيان بشأن الالتزام بهدنة إنسانية في اليمن فيما يلي نصه :استجابة لطلب فخامة الرئيس عبدربه منصور هادي رئيس الجمهورية اليمنية في رسالته الموجهة لأخيه خادم الحرمين الشريفين الملك سلمان بن عبدالعزيز آل سعود ملك المملكة العربية السعودية المؤرخة في 24/7/2015م الآتي نصها :\n الأخ العزيز خادم الحرمين الشريفين الملك سلمان بن عبدالعزيز آل سعود\n ملك المملكة العربية السعودية حفظه الله\n السلام عليكم ورحمة الله وبركاته :-\n أبعث لكم يا خادم الحرمين الشريفين بأطيب تحياتي وتقديري ، وأود أن أشير إلى كتابي لمقامكم بتاريخ 7 / يوليو /2015 م والذي طلبت فيه دعم موقفنا في الحكومة اليمنية في مباحثاتنا مع ممثل الأمين العام للأمم المتحدة حيال إعلان هدنة إنسانية وفق شروط أهمها التزام الحوثيين وحلفائهم بالهدنة وعدم التعرض للمساعدات الإنسانية.\nورغبة منا في إدخال وتوزيع أكبر قدر من المساعدات الإنسانية والطبية ، فقد تقرر الإعلان عن هدنة إنسانية لمدة خمسة أيام اعتباراً من يوم الأحد (10/شوال / 1436هـ ) الموافق (26/7/2015م) الساعة الحادية عشرة وتسع وخمسين دقيقة مساءً ، تتوقف فيها الأعمال العسكرية من قبل قوات التحالف ، وفي حال استمرار قيام المليشيات الحوثية والقوات الموالية لها بأي أعمال أو تحركات عسكرية في أي منطقة فسوف يتم التصدي لها من قبل قوات التحالف ، مع استمرار الحظر والتفتيش الجوي والبحري والاستطلاع الجوي لأي تحركات لمليشيات الحوثي والقوات الموالية لها .\n إنني آمل منكم يا خادم الحرمين الشريفين ومن إخوانكم قادة دول التحالف التكرم بدعم هذه الخطوة في سبيل سعينا لتحقيق الأمن والاستقرار لبلادنا مثمناً لكم دعمكم ونبيل مواقفكم مع اليمن قيادة وشعباً .\n وتقبلوا خالص الاحترام.\n عبد ربه منصور هادي\n رئيس الجمهورية \nفقد تقرر أن تبدأ الهدنة الإنسانية اعتباراً من الساعة (11:59) مساءً بتوقيت اليمن يوم الأحد (10 شوال 1436هـ ) الموافق ( 26 يوليو 2015م ) ولمدة (خمسة) أيام وفقاً لما ورد في رسالة فخامة الرئيس عبدربه منصور هادي رئيس الجمهورية اليمنية ، لإدخال وتوزيع أكبر قدر من المساعدات الإنسانية والطبية للشعب اليمني الشقيق، حيث تتوقف فيها الأعمال العسكرية من قبل قوات التحالف، وفي حال قيام المليشيات الحوثية والقوات الموالية لها بأي أعمال أو تحركات عسكرية في أي منطقة فسوف يتم التصدي لها من قبل قوات التحالف ، مع استمرار الحظر والتفتيش الجوي والبحري ، والاستطلاع الجوي لأي تحركات لمليشيات الحوثي والقوات الموالية لها . والله نسأل أن يحفظ الشعب اليمني الشقيق من كل مكروه.\nرابط الخبر بصحيفة الوئام: قوات التحالف تعلن بدء الهدنة الإنسانية في اليمن اعتباراً من مساء الأحد ",
    "date_extracted": "2015-07-25 23:27:14"
}