{
    "url": "http://www.alweeam.com.sa/348924/ديوان-المظالم-يطلق-تطبيقاته-الإلكترو/",
    "title": "ديوان المظالم يطلق تطبيقاته الإلكترونية للأجهزة الكفية الذكية",
    "author": "الرياض - الوئام :",
    "content": " أطلق ديوان المظالم تطبيقاته للأجهزة الكفية, التي يمكن من خلالها تصفح محتويات بوابة ديوان المظالم الإلكترونية والاستفادة من الخدمات المتاحة عليها. وأوضح رئيس لجنة التعاملات الإلكترونية إبراهيم بن عبدالله المطرودي, أن هذه الخطوة تأتي امتداداً لخطة الديوان في سبيل الاستفادة من الإمكانات التقنية لتقديم الخدمات عبر جميع الوسائل المتاحة. وأبان أن ديوان المظالم سيقوم – بمشيئة الله- بتطوير الخدمات وزيادة عددها بما يُمكن من التحول الإلكتروني في جميع أعماله،وتحديث التطبيقات عند نشر تلك الخدمات. رابط الخبر بصحيفة الوئام: ديوان المظالم يطلق تطبيقاته الإلكترونية للأجهزة الكفية الذكية ",
    "date_extracted": "2015-07-23 17:23:37"
}