{
    "url": "http://www.alweeam.com.sa/349140/بالفيديو-ابنة-معلمة-تبوك-الجامعة-تلا/",
    "title": "بالفيديو.. ابنة معلمة تبوك المتوفاة: الجامعة تلاعبت بالرغبات ولم تتدخل بإسعاف والدتي",
    "author": "الرياض - الوئام - فهد العمران:",
    "content": " فارقت مواطنة الحياة داخل مبنى عمادة القبول والتسجيل بجامعة تبوك جراء إصابتها بصدمة عصبية على خلفية عدم قبول ابنتها المتفوقة الحاصلة على نسبة 99% في الثانوية العامة بكلية الطب.\n وأوضح زوج المعلمة ووالد الطالبة فيصل العمراني أنه فوجئ بعد ظهور النتائج بقبول ابنته في تخصص الحاسب الآلي بدلا من كلية الطب، لافتا إلى انهم كانوا يراجعون الجامعة من شهر رمضان وما حدث أي تغيير برغم وعود عديدة من الجامعة، الأمر الذي دفع والدتها لمراجعتهم مرة أخرى ولكنها أصيبت بصدمة عصبية وارتفاع في ضغط الدم نتيجة عدم امكانية تحقيق رغبة ابنتها.\n وأثار هذا الحادث تعاطفا كبيرا من قبل المواطنين وأولياء الأمور وألقوا باللوم على الجامعة التي لم تحقق رغبة الطالبة في الالتحاق بكلية الطب مطالبين بمحاسبة المتسبب في وفاة والدتها.\n من جهته أوضح المتحدث الرسمي باسم جامعة تبوك الدكتور محمد الثبيتي أن الجامعة لا تتدخل نهائيا في اختيار رغبات الطلاب، وأن المسؤول الأول والأخير عن اختيار الرغبات هم الطلاب، مبينا أن الطالبة ادخلت رغباتها وتم اختيار تخصصها دون أي تدخل بشري لأن اختيار الرغبات يكون عبر النظام، وأن الرغبة العاشرة للطالبة هي الطب والجراحة.\n وأشار الثبيتي إلى أنه لم يتم استقبال المعلمة والدة الطالبة لأن المكان غير مخصص للسيدات، وأنه تم النقاش مع والد الطالبة وغادرت والدتها إلى سيارتها ولم تصب بارتفاع ضغط الدم بسبب النقاش معها، لأن والدها الذي تناقش مع الجامعة وعندما أصيبت تم نقلها إلى المستوصف التابع للجامعة.\n كما أبدى نشطاء مواقع التواصل الاجتماعي استياءهم لعدم قبول ابنة المعلمة الحاصلة على 99% بكلية الطب، واطلقوا هشتاق بعنوان #وفاة_معلمة_لعدم_قبول_ابنتها_بكلية_الطب سائلين المولى أن يتغمدها برحمته مطالبين بسرعة التحقيق مع المتسبب في هذه الواقعة وتساءلوا: ما النسبة المطلوبة حتى تستطيع الطالبة دخول كلية الطب؟\n من جهتها، قالت الطالبة ابنة المعلمة المتوفية إن جامعة تبوك تلاعبت بالرغبات، ووضعت رغبة الطب الرغبة العاشرة في حين أنها كانت الرغبة الأولى، موضحة انها لم تطلب علوم حاسب من الأساس في الرغبات لأنها “علمي”.\n ولفتت إلى أن الجامعة لم تتدخل وتسعف والدتها وتركوها ووالدها وأخاها الذين قاموا بنقلها بسيارتهم الخاصة، وأن مقيما من جنسية عربية عندما شاهدهم بهذه الحالة دلهم على المستوصف، مؤكدة أن ما قاله المتحدث الرسمي باسم جامعة تبوك الدكتور محمد الثبيتي بسرعة إسعاف والدتها ونقلها إلى مستوصف الجامعة لا أساس له من الصحة.\nرابط الخبر بصحيفة الوئام: بالفيديو.. ابنة معلمة تبوك المتوفاة: الجامعة تلاعبت بالرغبات ولم تتدخل بإسعاف والدتي ",
    "date_extracted": "2015-07-25 02:07:01"
}