{
    "url": "http://www.alweeam.com.sa/349062/خدمة-المجتمع-لم-ينجح-أحد/",
    "title": "خدمة المجتمع .. لم ينجح أحد",
    "author": "بدر العجمي",
    "content": " التسويق التجاري حق مشروع ولكن التدليس والكذب يرفضة العقل البشري ويحرمة الشرع رغم ان هناك عقول اشك انها بشرية تتقبله احياناً . \n بالامس القريب موبايلي تعيد معنا وتجيب العيد عيدين بإعلان اقرب ما اقول عنه سخيف وتافة وهي وجة نظري ومن حقك ان توافقني او تعارضني . \n ثلاث شركات اتصالات مصرح لها بالسعودية تحت مظلة هيئة الاتصالات والمعلومات ارباحها ربع سنوية تتجاوز تسعة من مليارات الريالات نعم تسعة مليار ريال سعودي تبي تزعل ازعل وعلى قولة حسينوة نوط ينطح نوط من جيوبنا نحن جميعاً ، اللهم لا حسد ودكانهم وكيفهم الله يرزقهم ، \n لكن\n هل هم في بلاد الفرنجة يمارسون مايمارسونه عندنا \n اها قلتي كيف ؟ اين هي من دعم المجتمع او خدمة المجتمع كما يسمونها في بعض الاقسام ، \n هل ساهموا في تنمية المجتمع هل دعموا صندوق الموارد البشرية ؟\n اكثر من ٧٤٨ جمعية خيرية مسجلة بوزارة الشؤون الاجتماعية هل تبنوا احد مشاريعها او ساندوهم ؟ \n هل وقعوا مع اي مستشفى وتعاونا ووفروا أجهزة؟\n لجنة المعسرين في أمارات المناطق وبالتعاون مع مديريات السجون كل عام يسددوا عن مجموعة من سجناء الحق الخاص وغالبيتهم عاجزين هل دعمهوهم ؟ \n اين هم من النوادي الادبية وفئة الشباب اين دعمهم اين هذة الاموال اين هم عن الحدائق والاحياء وتطويرها لماذا لا يتشاركون مع امانات المناطق في التطوير كم مشروع نفذوه مع المجالس البلدية ؟ \n لماذا الدولة هي المسؤولة وكل يوم نحمل الميزانية اعبائنا ومن ثم نولول على حالنا ، \n الاتصالات والبنوك والشركات الرائدة وهم لايتجاوزون ٥٠ شركة عندهم زليار ريال \n (الزليار رقم لا يقرأ) تأخذ منا ولا تعطي ! ونهاية كل عام لا نشاهد من أرباحهم إلا أرقام على ورق وأن سألت اين أموالهم رد عليك شايباً راحت كحل باكية رابط الخبر بصحيفة الوئام: خدمة المجتمع .. لم ينجح أحد ",
    "date_extracted": "2015-07-24 12:49:47"
}