{
    "url": "http://www.alweeam.com.sa/349301/بالصور-قوات-الاحتلال-الإسرائيلى-تقتح/",
    "title": "بالصور.. قوات الاحتلال الإسرائيلى تقتحم باحة «الأقصى» وتشتبك مع فلسطينيين",
    "author": "القدس - الوئام :",
    "content": " اقتحمت قوات الاحتلال الإسرائيلى باحة المسجد الأقصى، منذ قليل، واشتبكت مع عدد من الفلسطينيين، بحسب ما أذاعت قناة العربية.\n \n رابط الخبر بصحيفة الوئام: بالصور.. قوات الاحتلال الإسرائيلى تقتحم باحة «الأقصى» وتشتبك مع فلسطينيين ",
    "date_extracted": "2015-07-26 17:21:02"
}