{
    "url": "http://www.alweeam.com.sa/349425/بالصور-مدني-نجران-إصابة-فتاة-وطفلين-ب/",
    "title": "بالصور.. مدني نجران: إصابة فتاة وطفلين بمقذوف من داخل الحدود اليمنية",
    "author": "نجران - الوئام - عوض ال عاطف :",
    "content": " باشرت فرق الدفاع المدني اليوم الأحد سقوط مقذوف عسكري من داخل الحدود اليمنية على منزل بمدينة نجران مما نتج عنه إصابة فتاة وطفلين.\n وأوضح المتحدث الإعلامي للدفاع المدني بمنطقة نجران المقدم علي بن عمير آل جرمان الشهراني أن رجال الدفاع المدني باشروا بلاغاً عصر اليوم الأحد عن سقوط مقذوف عسكري من داخل الحدود اليمنية على منزل بمدينة نجران.\n وأضاف الشهراني أنه نتج عن ذلك إصابة فتاة وطفلين سعوديين، ونقلوا للمستشفى، كما تم تنفيذ الإجراءات اللازمة وفق الخطط المعتمدة لذلك.\nرابط الخبر بصحيفة الوئام: بالصور.. مدني نجران: إصابة فتاة وطفلين بمقذوف من داخل الحدود اليمنية ",
    "date_extracted": "2015-07-26 22:34:17"
}