{
    "url": "http://www.alweeam.com.sa/348830/شؤون-الحرمين-تعقب-على-فيديو-تبول-طفلة/",
    "title": "شؤون الحرمين تعقب على فيديو «تبول طفلة بماء زمزم» : تصرفها بريء وحافظات زمزم محمية",
    "author": "مكة المكرمة -الوئام:",
    "content": " أعلنت الرئاسة العامة لشئون المسجد الحرام والمسجد النبوي اليوم أن حافظات ماء زمزم الموجودة بالحرم المكي الشريف محمية تماما. وجاء ذلك على خلفية تداول مقطع فيديو أظهر بوضوح تبول طفلة بماء زمزم. حيث اكدت الرئاسة بالقول أن (تصرفها برئ وأن الحافظات محمية). رابط الخبر بصحيفة الوئام: شؤون الحرمين تعقب على فيديو «تبول طفلة بماء زمزم» : تصرفها بريء وحافظات زمزم محمية ",
    "date_extracted": "2015-07-22 17:31:13"
}