{
    "url": "http://www.alweeam.com.sa/349199/الديوان-الملكي-خادم-الحرمين-الشريفين-6/",
    "title": "الديوان الملكي : خادم الحرمين الشريفين سيتوجه اليوم لخارج المملكة في إجازة خاصة",
    "author": "جدة-الوئام- واس:",
    "content": " صدر عن الديوان الملكي اليوم البيان التالي : بمشيئة الله تعالى سيتوجه خادم الحرمين الشريفين الملك سلمان بن عبدالعزيز آل سعود ـ حفظه الله ـ اعتباراً من هذا اليوم السبت 9 / 10 / 1436 هـ الموافق 25 / 7 / 2015 م إلى خارج المملكة في إجازة خاصة . حفظ الله خادم الحرمين الشريفين في سفره وإقامته .\nرابط الخبر بصحيفة الوئام: الديوان الملكي : خادم الحرمين الشريفين سيتوجه اليوم لخارج المملكة في إجازة خاصة ",
    "date_extracted": "2015-07-25 15:40:32"
}