{
    "url": "http://www.alweeam.com.sa/349272/بالأرقام-إيران-تُجوّع-شعبَها-لتصدر-ثو/",
    "title": "بالأرقام .. إيران تُجوّع شعبَها لتُصدّر ثَورتها إلى الخارج",
    "author": "الوئام - متابعات:",
    "content": " كشف التقرير الخاص بنسبة الفقر داخل المجتمع الإيراني، الذي أصدره مركز المزماة للدراسات والبحوث بالإمارات، أنَّ أكثر من 85% من الشعب الإيراني تحت خط الفقر وفقاً للمعايير الدَّولية، ويُعاني نصف ذلك العدد فقرا شديدا.\nوأوضح التقرير حجم المعاناة التي يقاسيه الشعب الإيراني، وبعد الدراسات التي أُجريت على الوضع المعيشي في بلاد فارس (إيران)، ومقارنة الدخول باحتياجات الفرد الرئيسية من مأكل وملبس وتعليم وصحة، أخذاً في الاعتبار معدلات التضخم وارتفاع الأسعار وهبوط قيمة العملة الفارسية (الإيرانية) إضافة إلى الأعداد الهائلة من العاطلين.\nوذكر التقرير أن إيران تُصَدِّرُ نظام ولاية الفقيه الفارسي الفاشي على حساب قوت الشعب الإيراني البائس، وتزيد سياسة ألازدواجية في التعامل مع قضايا الداخل والخارج من عزلة طهران ونبذ المجتمع الدولي لها، والفقر والجوع المنتشران في إيران ليسا راجعين إلى ضعف مواردها الاقتصادية وإنما يكمن السبب في أن دولة ولاية الفقيه ومن خلال مشروعها في تصدير ثورتها والتطرف الشيعي في المنطقة تتغاضى عن معاناة الداخل وتدعم أذرعها المختصة في نشر التشيع والفوضى وتهديد أمن دول منطقة الخليج العربي وصولا إلى العراق ولبنان والبحرين واليمن مرورا بدعم النظام البعثي النصيري الأسدي في سوريا، واقتحامها للعراق ومحاولتها تغيير الديموغرافية لحساب المكون الطائفي الشيعي الإرهابي.\nوبين التقرير أنه إذا ما استمر الانهيار الاقتصادي، فإنَّ المتابعين للوضع الإيراني، داخليا وخارجيا، يتوقعون انتفاضات جماهيرية تلوح في الأفق. وإذا ما أرادت السلطة احتواء أيّ تحرك شعبي، فهي مضطرة لتقليص نفقات الدعم التي توجهها لأذرعها في مناطق الصراع في الخليج العربي والشرق الأوسط وكذلك تصدير الإرهاب ممّا سيؤدي، حسب الملاحظين، إلى ضعف كيانها ويجعلها تفقد قوتها ويفتح الطريق أمام الشعب الإيراني لإسقاط نظام ولاية الفقيه الفارسي وفرض إرادته.\nوأرجع محمد محدثين، رئيس لجنة الشؤون الخارجية في المجلس الوطني للمقاومة الإيرانية السبب في ذلك إلى نظام ولاية الفقيه الفارسي الفاشي الإيراني الذي يُصَدِّرُ الحروب إلى المنطقة معتمدا على الثروات الطبيعية التي هي من حق الإيرانيين وليست ملكاً للنظام وحده، وأورد رقماً يثير التوجس والخوف معاً وهو أن طهران أنفقت حتى الآن أكثر من 90 مليار دولار من ثروات الشعب الإيراني لإنقاذ النظام البعثي النصيري الأسدي الحاكم في دمشق من السقوط. \nوتابع أن إيران دعمت “حزب نصر الله” الإرهابي بسبب الخسائر الهائلة التي مُني بها بعد تهوّره وحماقته في مغامرة حرب صيف 2006 ضد جيش الدفاع الإسرائيلي الذي لقَّنهُ درساً لن ينساه، إذ قدمت طهران لدجَّال المقاومة المعتوه حسن نصر الله 15 مليارًا من قوت الشعب الإيراني المحروم .\nوأضاف محدثين أن هذا الوضع الاقتصادي والمعيشي المتردي مع انخفاض سعر برميل النفط إلى ما يقارب 50 دولارًا، والذي تعتمد إيران على تصديره بشكل أساسي في دعم اقتصادها، نجد حكومة طهران تتحمل أعباء مادية ضخمة سببها الإنفاق على ميليشيا “حزب نصر الله” الإرهابي وميليشيات “الحشد الشعبي” الشيعية في العراق و”عصائب أهل الحق” وغيرها من الميليشيات الإرهابية التي ترسلها إلى سوريا من أفغانستان وباكستان ودعمها للحوثيين الانقلابيين الشيعة في اليمن، إضافة إلى الأموال التي تنفقها من أجل تشييع أفغانستان وباكستان والسودان ومصر وغرب أفريقيا وشمالها ووسطها.\nولفت إلى أنه بعد وصول الأوضاع المعيشية والاقتصادية إلى أدنى مستوى لها في تاريخ إيران الحديث بدأت الأصوات المعارضة للنظام الفارسي الفاشي الإيراني تتصاعد معترضة على السياستين الخارجية والداخلية، وتعمُّد طهران دعم الإرهاب الشيعي الطائفي في المنطقة.\nمن جهتها، عبرت المعارضة الإيرانية عن ذلك على لسان السيدة مريم رجوي زعيمة منظمة “مُجاهدي خلق” المعارضة التي تقول إن “النظام يواجه نفس المأزق جراء تدخلاته في العراق وسوريا أيضًا”، والسؤال المطروح هو لماذا يعتبر تصدير التطرف الشيعي والإرهاب إلى خارج الحدود الفارسية حاجة حيوية لنظام طهران؟! يجيب علي شمخاني، سكرتير المجلس الأعلى لأمن النظام عن ذلك بقوله “نحن نضحي بدمائنا في العراق وسوريا كيلا نضطر لمثل هذه التضحيات في طهران”.\nكما أكد محمد علي جعفري قائد قوات الحرس الثوري الفارسي قائلاً: “إننا اليوم ندافع عن حدودنا على مسافة كيلومترات بعيدًا عنها”.\nوأشارت رجوي إلى أن المواد 3 و11 و154، من دستور ولاية الفقيه تنص على تصدير التطرف الشيعي والإرهاب وتسويغه قانونيا. وحسب رجوي، فنظام ولاية الفقيه الفارسي هو المنبع والمصدر الرئيسي للإرهاب والتطرف الشيعي في المنطقة، وأن الخطوة الضرورية الأولى والأهم لمواجهة التطرف المتستر بالدين هي قطع أذرع النظام الفارسي الإيراني في العراق وسوريا ولبنان والبحرين واليمن.\nرابط الخبر بصحيفة الوئام: بالأرقام .. إيران تُجوّع شعبَها لتُصدّر ثَورتها إلى الخارج ",
    "date_extracted": "2015-07-25 23:26:56"
}