{
    "url": "http://www.alweeam.com.sa/349282/وزارة-الحج-تستعد-لإطلاق-برنامج-التسجي/",
    "title": "وزارة الحج تستعد لإطلاق برنامج التسجيل الإلكتروني لحجاج الداخل",
    "author": "جدة - الوئام :",
    "content": " تستعد وزارة الحج لإطلاق برنامج التسجيل الإلكتروني لحجاج الداخل بعد أن أنهت لجان المراقبة بالوزارة والأجهزة الرقابية الأخرى مبالغة كبيرة في أسعار بعض شركات حجاج الداخل مما أدى إلى الارتفاع غير المبرر للأسعار إلى جانب الشكاوي التي تم رصدها أيضاً من عدم وضوح للخدمات التي تقدم للحجاج .\n وأوضح المشرف العام على العلاقات العامة والإعلام بوزارة الحج علي بن محمد الغامدي أن الوزارة تهدف من خلال البرنامج إلى إيجاد حلول مناسبة تحافظ على مصالح الحجاج وأصحاب الشركات وتضمن جودة الخدمات من منطلق الحرص والمحافظة على حقوق الحجاج وأصحاب الشركات في إطار مسؤوليتها لتنظيم القطاع بالشكل الذي يحقق توجيهات الدولة المتمثلة في تمكين الحجاج من أداء الفريضة بكل يسر وسهولة .\n وأشار الى أن الوزارة كلفت في هذا الصدد فريقاً من أصحاب الاختصاص من جامعتي أم القرى والملك عبدالعزيز بإجراء دراسة تتناول تحديداً كمياً ونوعياً لجميع الخدمات التي تقدمها الشركات للحجاج وكذلك أسعارها من خلال مسح ميداني ومن ثم تحديد خمس شرائح للخدمات ولكل شريحة سعر محدد وتكون الشرائح متاحة للحجاج لاختيار ما يرغبون، وهذه الشرائح معروضة في برنامج إلكتروني مع معلومات أخرى ويتمكن الحاج من دفع التكلفة إلكترونياً .\n وأبان الغامدي أن برنامج التسجيل الإلكتروني يحقق فوائد عدة منها توفير الشفافية والوضوح في حزم الخدمات والأسعار ويمكن الحاج من الحجز والدفع إلكترونياً مما يسهل وييسر الاستعدادات للحج كما يوفر البرنامج الإلكتروني مرجعا نظاميا يتم الرجوع إليها في حالة اختلاف الطرفين على حزم الخدمات أو السعر أو العقد ، والطريقة التقليدية المطبقة حالياً لا توفر هذه المزايا .\n وأفاد أن الوزارة كانت قد نظمت اجتماعاً بحضور معالي وزير الحج الدكتور بندر بن محمد حجار والمجلس التنسيقي لحجاج الداخل واللجنة الوطنية للحج والعمرة حيث طالب معاليه خلال الاجتماع من المجتمعين إبداء مرئياتهم في البرنامج قبل إطلاقه بصفة رسمية وبعد هذا الاجتماع عقدت ثلاث اجتماعات وتم الاستماع لمرئيات وملاحظات أصحاب الشركات ومنها السماح للتسجيل لنسبة معينة من الحجاج عن طريق الشركة مباشرة والأخذ ببعض الاستثناءات التي تتطلبها مقتضيات الواقع وراحة الحاج .\n وأكد على أن هذا البرنامج سيحقق – بمشيئة الله تعالى -تطلعات المواطنين والمقيمين في التمكن من الحج بأسعار وخدمات مناسبة ، وفي نفس الوقت يضمن الوضوح والشفافية والرقابة الفعالة ويعود بالربح على الشركات أيضا .\n وأبدى المشرف العام على العلاقات العامة والإعلام استعداد الوزارة لإطلاع وسائل الإعلام على البرنامج كاملاً للتعرف على الفوائد الكبيرة التي يحققها تطبيقه ، مشيرا أن هناك نظام مماثل مطبق على المعتمرين القادمين من خارج المملكة وآخر سيطبق بشكل كامل على الحجاج القادمين من الخارج .\nرابط الخبر بصحيفة الوئام: وزارة الحج تستعد لإطلاق برنامج التسجيل الإلكتروني لحجاج الداخل ",
    "date_extracted": "2015-07-25 23:26:50"
}