{
    "url": "http://www.alweeam.com.sa/349123/حسين-ينال-عقوبة-التأخير-والمحترف-فابي/",
    "title": "حسين ينال عقوبة التأخير والمحترف فابيان خارج حسابات النصر",
    "author": "الرياض - الوئام :",
    "content": " قررت إدارة النصر الحسم من مستحقات المدافع البحريني محمد حسين نظراً لتأخره في الانضمام لتدريبات الفريق التي انطلقت في الرياض قبل أيام.\n وطالبت الإدارة جميع اللاعبين بالالتزام والانضباط من أجل الدخول للموسم الجديد بالشكل الذي يتوافق مع طموحات الجماهير النصراوية.\n من جهة أخرى، ذكرت تقارير إخبارية أنه بات من المؤكد رحيل لاعب خط الوسط الأوروغوياني فابيان عن صفوف الفريق الأول لكرة القدم بنادي النصر خلال الصيف الحالي حتى في حالة فشل النادي في التوصل لاتفاق من أجل ضم لاعب الوسط محمد اليونسي.\n وفي سياق متصل، ترددت أنباء داخل البيت النصراوي أن الأمير فيصل بن تركي حدد عدداً من الخيارات لحسم صفقة المحترف الأجنبي الرابع وذلك مع عدم الإبقاء على فابيان في الفريق.\nرابط الخبر بصحيفة الوئام: حسين ينال عقوبة التأخير والمحترف فابيان خارج حسابات النصر ",
    "date_extracted": "2015-07-25 02:07:09"
}