{
    "url": "http://www.al-jazirah.com/2015/20150804/sp21.htm",
    "title": "الأهلي يبدأ من سويسرا رحلته مجدداً بحثاً عن لقب الدوري ",
    "author": "",
    "content": "\nكتب - عمر عبدالعزيز: \nأعاد الأهلاويون ترتيب أوراقهم سريعاً عقب خيبة الموسم الماضي بخسارة لقب دوري عبداللطيف جميل للمحترفين أمام النصر في الأمتار الأخيرة من الدوري، بعد موسم مميز قدم من خلاله الفريق الأهلي كل ما يمكن لتحقيق اللقب وخير دليل على ذلك إنهائه للموسم دون خسارة. \nوجاء الإعداد للموسم الجديد متوافقاً مع الطموحات من خلال تلبية احتياجات الفريق بتدعيم نقاط قوته ومحاولة تلافي السلبيات التي كانت سبباً رئيسياً في خسارة لقب الدوري في الموسم الماضي. \n( استمرار السويسري أولى خطوات الأهلاويين بحثاً عن الدوري) \nكانت أولى خطوات التحضير الأهلاوي للموسم المقبل بتجديد الثقة في الجهاز الفني بقيادة المدرب السويسري كريستيان جروس الذي تم اختياره كأفضل مدرب في الموسم الماضي، عقب النجاحات الكبيرة التي حققها مع الأهلي ومن أهمها تحقيق لقب كأس ولي العهد والخروج بخسارة وحيدة من أصل 42 مباراة خاضها الأهلي في كافة المسابقات. \nوجاء تجديد الثقة في المدرب السويسري ليصنع استقراراً للفريق وتدعيماً لمكتسبات الماضي ليواصل الفريق مشواره نحو البحث عن لقب الدوري الغائب عن الخزائن الخضراء منذ أكثر من ثلاثين عاماً. \n( 50 ? من أجانب الأهلي مستمرون حتى 2018 ! ) \nوعلى ذات السياق اختار الأهلاويون البحث عن الاستقرار من ناحية العنصر الأجنبي، حيث نجحوا في توقيع عقود طويلة الأمد مع المصري محمد عبدالشافي والسوري عمر السومه عقب النجاحات الكبيرة التي حققوها مع الفريق في الموسم الماضي وكانوا من أبرز العناصر الأجنبية التي قدمت الإضافة الفنية المطلوبة في الدوري السعودي بشكل عام وهو ما جعل الأهلاويين يرتبطون بعقود مع الثنائي تستمر حتى 2018، فيما تم الاستغناء عن خدمات الثنائي البرازيلي برونو سيزار واوزفالدو وتعويضهم بالتعاقد مع السويدي نبيل بهوي واليوناني جيناس فتفاتزيدس . \n( سراج وفهد حمد ثمرة الأهلي من السوق المحلية). \nكان للأهلاويين نشاط في سوق الانتقالات المحلية، حيث نجحت الإدارة في تدعيم صفوف الفريق بالتعاقد مع المهاجم اسلام سراج من نادي الفيصلي ولاعب خط الوسط فهد حمد من نادي الشباب حيث جاء اختيار تلك الأسماء من قبل المدرب السويسري كريستيان جروس الذي استغنى في المقابل عن خمسة عناصر وهم أحمد العوفي وياسر الفهمي وماجد عسيري وسامر سالم ومحمد مجرشي. \n(جروس يفضل اللياقه على المباريات الودية القوية). \nاختار كريستيان جروس أن يقيم معسكر فريقه في بلاده سويسرا، حيث وقع الاختيار على مدينتي سان مورتيز ولوزان شمال سويسرا للتحضير المثالي قبل انطلاقة الموسم الجديد. \nإلا أن الملفت في المعسكر الأهلاوي أن المدرب السويسري خيّر الإعداد البدني واللياقي على الاحتكاك الفني المثالي والتجارب القوية، حيث جاء اختيار مدينتي سان مورتيز ولوزان على الرغم من عدم إمكانية خوض مباريات ودية قوية في المدينتين بسبب عدم تواجد أي فريق يقيم معسكره بالقرب من معسكر الأهلي، رغم ذلك أن إلا أن جروس أصر على إقامة المعسكر هناك وتنفيذ برنامج لياقي خاص تضمن تدريبات لياقية مكثفة وبشكل يومي بإشراف من قبل أحد المدربين المختصين في هذا المجال والذي تم جلبه للمعسكر خصيصاً لهذا الجانب. \nكما شهد المعسكر في مرحلته الأولى التي أقيمت في مدينة سان مورتيز وضع برنامج لياقي مختلف للاعبين تضمن حصص يومية لصعود جبال المدينة الصغيرة، قبل أن يصعد لاعبو الأهلي جبال الألب بالأقدام لمسافة ثلاثة كيلومترات. \nفيما تضمن البرنامج الفني قرابة الثمانية مباريات ودية مع فرق سويسرية من الدرجات المختلفة. \n( لاعبي الأهلي : معسكر سويسرا قوي لياقياً!) \nاعتبر عدد من لاعبي الأهلي أن معسكر الفريق الحالي في سويسرا هو من أقوى المعسكرات وأكثرها اهتماماً بالجانب اللياقي، مؤكدين أن هذا الجانب سيعود بالنفع عليهم في الموسم الجديد من خلال ارتفاع المعدل اللياقي وزيادة الجاهزية البدنية للمنافسات التي تنتظرهم هذا الموسم . \nيذكر أن لاعبي الأهلي قد تحدثوا في أكثر من مره عبر وسائل التواصل الاجتماعي المختلفة عن حجم المجهود الكبير الذي بذلوه من خلال صعود الجبال والتدريبات اللياقية القوية . \n( سراج والموسى وهوساوي الأفضل لياقياً ) \nشهد المعسكر الأهلاوي تفوق الثلاثي اسلام سراج وكامل الموسى وأسامه هوساوي من النواحي اللياقية، حيث أثبتوا جاهزية تامة من خلال تفوقهم على زملائهم في كافة الاختبارات اللياقية التي أجريت خلال فترة المعسكر. \n( معسكر مكتمل العناصر يعزز قوة الأهلي في الموسم الجديد). \nتميز معسكر النادي الأهلي في هذا الموسم باكتمال الفريق من الناحية العناصرية عكس المواسم السابقة، حيث اصطحب السويسري جروس معه إلى المعسكر ثمانية وعشرين لاعباً سيعتمد عليهم في الموسم المقبل، قبل أن ينتظم المحترف الجديد جيناس فتفاتزيدس إلى المعسكر في مرحلته الثانية التي تقام حالياً في مدينة لوزان. \nويعتبر هذا الجانب إيجابياً بكل تأكيد من خلال اكتمال العناصر مبكراً وتواجدها كاملة مع الفريق في المعسكر الإعدادي قبل انطلاقة الموسم وهي النقطة السلبية في معسكر الموسم الماضي. \n",
    "date_extracted": "2015-08-04 18:34:57"
}