{
    "url": "http://www.al-jazirah.com/2015/20150805/sp34.htm",
    "title": "بينيتيز يتوقع بقاء بنزيمة وجاريث بيل مع ريال مدريد",
    "author": "مدريد - (د ب أ):",
    "content": " بينيتيز\nتوقع رافاييل بينيتيز المدير الفني الجديد لنادي ريال مدريد الأسباني بقاء مهاجمه الفرنسي كريم بنزيمة وجناحه الويلزي جاريث بيل في سانتياجو برنابيو.وترددت أنباء قوية عن سعي مانشستر يونايتد الإنجليزي لضم بيل 26/ عاما/ بينما ربطت تقارير إعلامية بين بنزيمة 27/ عاما/ وارسنال الإنجليزي.ونقلت هيئة الإذاعة البريطانية (بي.بي.سي) عن بينتيز قوله «لن اتطرق إلى الحديث عن العروض، كل شيء يسير على ما يرام وبيل سيخوض موسم جيد معنا، واثق من ذلك».وأضاف «جوابي هو أن بنزيمة سيبقى معنا، أنا سعيد للغاية معه».وتردد أنباء قوية حول قرب انتقال بيل إلى مانشستر بعد اقترب النجم الأرجنتيني أنخيل دي ماريا من الرحيل إلى باريس سان جيرمان، ولكن بينيتيز أكد «جاريث لاعب كبير بالنسبة لنا، وأعلم أنا سعيد معنا».ورفض بينيتيز التعليق على التقارير الإعلامية التي تشير إلى قرب انتقال الأسباني ديفيد دي خيا حارس مانشستر يونايتد إلى النادي الملكي، مشيرا «لقد قلت في خمسة مؤتمرات صحفية سابقة أنني لن أتحدث عن لاعبي الأندية الأخرى».وأضاف «لدينا ثلاثة حراس مرمى رائعين، يمكنني الحديث عنهم ، وليس حراس أخرين». \n",
    "date_extracted": "2015-08-06 01:33:53"
}