{
    "url": "http://www.al-jazirah.com/2015/20150804/du7.htm",
    "title": "أردوغان يعتبر أن بوتين يتجه إلى «التخلي» عن الأسد",
    "author": "اسطنبول - (أ.ف.ب):",
    "content": "\nاعتبر الرئيس التركي رجب طيب أردوغان أن الرئيس الروسي فلاديمير بوتين يتجه إلى «التخلي» عن نظيره السوري بشار الأسد، في أقوال نقلتها الصحف التركية يوم أمس الاثنين. وصرح أردوغان في الطائرة عائدًا من جولة نقلته إلى الصين وإندونيسيا، خصوصًا أن بوتين «لم يعد يشاطر الرأي القائل بأن بلاده ستقف إلى جانب سوريا حتى النهاية. اعتقد أنه يتجه إلى التخلي عن الأسد». \nوأجرى أردوغان وبوتين لقاءً مطولاً في حزيران - يونيو على هامش حفل افتتاح الألعاب الأوروبية في باكو في أذربيجان. وتابع أن «لقاءنا في باكو وحديثنا الهاتفي لاحقًا أوحيا لي أنه يبدل موقفه» من الأزمة السورية، على ما نقلت عنه الصحف التركية. ولطالما شكلت روسيا حليفة رئيسة للرئيس السوري الذي بات أردوغان خصمًا شرسًا له. \nفي التصريحات نفسها التي أدلى بها للصحافيين الأتراك كرر أردوغان تأكيد عزمه على المضي في الحملة التي أعلنها تحتى مسمى «الحرب على الإرهاب» واستهدفت بالأساس حزب العمال الكردستاني وإن شملت تنظيم داعش المتطرف. \n",
    "date_extracted": "2015-08-04 18:34:25"
}