{
    "url": "http://www.al-jazirah.com/2015/20150803/ec13.htm",
    "title": "33 كلية و21 معهداً تقدم كافة البرامج المهنية لـ(18.410) متدرب باللغة الإنجليزية",
    "author": "الجزيرة - عبدالله العثمان:",
    "content": "\n\nكشفت المؤسسة العامة للتدريب التقني والمهني عن قبول (18.410) متدرب ومتدربة خلال الفترة الماضية في برنامج اللغة الإنجليزية المكثّف لخريجي وخريجات الكليات التقنية، والهادف إلى رفع مستوى اللغة الإنجليزية وتحسين الكفاءة اللغوية لهم بما يزيد من تأهيل الشباب والفتيات المدرَّبين تدريباً مهنياً ويعزز تنافسيتهم في سوق العمل. \n\nويأتي برنامج اللغة الإنجليزية المكثف في إطار اهتمام المؤسسة اهتماماً كبيراً باللغة الإنجليزية واعتبارها عنصراً أساسياً في البرامج التدريبية المنفذة في الكليات والمعاهد التابعة لها، ويأتي جنباً إلى جنب مع البرامج التدريبية في كليّات التميّز البالغ عددها (33) كليّة، والتي يتمّ تنفيذ كافة البرامج التدريبية فيها باللغة الإنجليزية، والتي يتم تشغيلها بالشراكة مع كليات عالمية تطبيقية, وكذلك البرامج المتاحة في (21) معهداً متخصصاً في عدة مجالات بالشراكة مع قطاع الأعمال وذلك ضمن برنامج الشراكات الاستراتيجية للمؤسسة مع القطاع الخاص , حيث يُخصص العام الأول كاملاً في تلك الكليات والمعاهد لتعليم اللغة الإنجليزية. \n\nوبلغ عدد فروع برنامج اللغة الإنجليزية للخريجين والخريجات في الكليات التقنية (18) فرعاً، خُصص للبنين (12) فرعاً في كل من الرياض وجدة والدمام والأحساء والمدينة المنورة وخميس مشيط وحائل وبريدة وتبوك والباحة وجازان ونجران، وللبنات (6) فروع في كل من الرياض وجدة والمدينة المنورة والأحساء وبريدة وتبوك. \n\nبدوره، قال المتحدث الرسمي بالمؤسسة العامة للتدريب التقني والمهني فهد بن مناحي العتيبي، إن البرنامج يتّبع منهجية الإطار الأوروبي المرجعي المشترك للغات المستخدم في عدد كبير من المنظمات التي تهتم بتعليم اللغة الإنجليزية، ويعتبر من أكثر المنهجيات المعترف بها دولياً لتقييم قدرات اللغة الإنجليزية لدى متعلميها. \n\nوأشار العتيبي إلى أن البرنامج يستهدف حملة شهادة الدبلوم من خريجي وخريجات الكليات التقنية، وتنفذه المؤسسة بالتعاون مع شركات متخصصة في تعليم اللغة الإنجليزية بطريقة تعتمد على تفاعل المتعلم والتركيز على إشراكه في النشاطات الصفية بفاعلية أكبر. \n\nوأوضح المتحدث الرسمي أن الملتحق ببرنامج اللغة الإنجليزية المكثف يحصل على مزايا متعددة من أهمها إتقانه للغة عن طريق كادر تدريبي لغتهم الأم هي الإنجليزية ، وإمكانيّة التحاقه بكلية المدربين التقنيين التي تشترط اجتياز البرنامج للقبول بها، وحصوله على شهادة معتمدة تؤكد اجتيازه (360) ساعة تدريبية. \n\nيذكر أن توسع المؤسسة في تنفيذ البرامج التدريبية في الكليات والمعاهد باللغة الإنجليزية، يأتي تلبية لاحتياج سوق العمل السعودي , وساهم ذلك إلى جانب تأهيل المتدربين تأهيلاً تقنياً عالي المستوى في إقبال الخاص على استقطاب وتوظيف الخريجين حيث زاد المسجلون من الخريجين بنظام التأمينات الاجتماعية من (38%) عام 2012 م إلى (52%) العام الماضي، مما يؤكد زيادة التحاق الخريجين بالقطاع الخاص، في حين انخفض عدد الباحثين عن عمل من إجمالي الخريجين إلى (8%) فقط خلال العام الماضي حسب بيانات برنامج حافز. \n\n",
    "date_extracted": "2015-08-03 21:11:47"
}