{
    "url": "http://www.al-jazirah.com/2015/20150805/sp14.htm",
    "title": "جوارديولا يتوقع تألق شفاينشتايجر مع مانشستر يونايتد",
    "author": "ميونيخ - (د ب أ):",
    "content": " جوسيب جوارديولا\nتوقع الأسباني جوسيب جوارديولا المدير الفني لنادي بايرن ميونيخ حامل لقب الدوري الألماني أن يحقق لاعب وسطه السابق باستيان شفاينشتايجر نجاحا باهرا مع مانشستر يونايتد الإنجليزي إذا تمكن من تجاوز أزماته مع الإصابات.وانتقل شفاينشتايجر 31/ عاما/ إلى مانشستر يونايتد مقابل 4ر14 مليون جنيه استرليني بعد أن قضى 13 عاما مع بايرن ميونيخ.وقال جوارديولا في تصريحات صحفية «مقتنع تماما من أنه سيظهر بصورة رائعة في مانشستر يونايتد».وأضاف «إنه لاعب عالمي، لسوء الحظ في العامين الماضيين عانى من مشاكل الإصابات».وأشار جوارديولا «عندما يكون شفاينشتايجر في حالة بدنية جيدة يكون نجما كبيرا ولاعبا مفيدا حقا». \n",
    "date_extracted": "2015-08-06 01:34:16"
}