{
    "url": "http://www.al-jazirah.com/2015/20150804/ln15.htm",
    "title": "الفرق الشعبية تتألق في صيف الباحة بعروضها المنوَّعة",
    "author": "الباحة - عليان آل سعدان:",
    "content": "\nواصل عددٌ من الفرق الشعبية التابعة لوزارة الثقافة والإعلام بمنتزه الثروة الوطني بمحافظة القرى تألقها بتقديم عروض فنية مصحوبة بالرقصات الفلكلورية والاستعراضية المعبرة، ضمن فعاليات صيف الباحة لهذا العام، وسط حضور كثيف من السياح وزوار وأهالي المنطقة، في ضيافة لجنة الفنون الشعبية بمحافظة القرى بقيادة رئيسها محمد الزهراني، حيث قدّمت فرق جازان وجدة وعنيزة وفرقة القرى عدداً من الفلكلوريات الشعبية. \nوأوضح المشرف على فرق الفنون الشعبية هذال العتيبي، أن مشاركة الفرق في صيف الباحة جاء بناءً على توجيهات أمير منطقة الباحة. وأفاد أن الفرق المشاركة تمثِّل فرقة دار عُنيزة، التي تقدم لون الناقوز، والحوط، العرضة، والسامري والدوسري، بمشاركة فرقة الرياض، وفرقة جدة للفنون الشعبية التي تعرض ألوان العجل، السمسمية، والمزمار، والخبيتي، بينما تقدّم فرقة جازان لون الربش، والسيف، ورقصة الشباب، والعزاوي. \n",
    "date_extracted": "2015-08-04 18:37:59"
}