{
    "url": "http://www.al-jazirah.com/2015/20150805/fe5.htm",
    "title": "صحة الطائف بدأت في الاستعداد لخطة حج هذا العام",
    "author": "الطائف - محمد الوذيناني:",
    "content": "\nبدأت مديرية الشؤون الصحية بالطائف ممثلة بإدارة الطوارئ الصحية في الاستعداد لحج هذا العام، من خلال إعداد خطة متكاملة لخدمة حجاج بيت الله الحرام منذ وصولهم إلى الطائف, وحتى مغادرتهم بعد أداء مناسك الحج. \nوأوضح مدير إدارة الطوارئ الصحية بصحة الطائف سعيد الزهراني، أنه تم البدء بالفعل في التجهيز المبكر من أجل تقديم أفضل الخدمات , مفيدًا أنه سيتم تشغيل العديد من المراكز الصحية على مدار الساعة على مختلف الطرقات التي يسلكها ضيوف الرحمن، إضافة إلى تدعيم أقسام الطوارئ في المستشفيات بما تحتاجه من التجهيزات. \nوأفاد أنه سيتم إنشاء مركز طوارئ متكامل ومجهز بالعديد من سيارات الإسعاف في مركز الفرز بالبهيته على طريق السيل ليقدم خدماته للعاملين من رجال الأمن والمشاركين في خدمة ضيوف الرحمن, وأيضا الحجاج وعابري الطريق. \nوأكد الزهراني، أن إدارة الطوارئ ستقوم بالتنسيق مع جميع الإدارات داخل المديرية مثل الصحة العامة, والمختبرات, والتوعية الصحية, والخدمات العامة, والشؤون الهندسية, وإدارة المستشفيات حتى تتكامل الجهود المختلفة في سبيل تقديم أرقى الخدمات للضيوف الكرام. \n",
    "date_extracted": "2015-08-06 01:31:55"
}