{
    "url": "http://www.al-jazirah.com/2015/20150805/rv3.htm",
    "title": "مبنى هيئة الأمر بالمعروف بالمجمعة... مهمل",
    "author": "سعادة رئيس تحرير جريدة الجزيرة الأستاذ خالد حمد المالك - سلمه الله",
    "content": "\nالسلام عليكم ورحمة الله وبركاته ... وبعد: \nأقرأ ما تنشره جريدة الجزيرة حول مواضيع تتعلق بالمباني الحكومية الجديدة، حيث تعمل الدولة - رعاها الله - على إنشاء مبان حديثة لكافة القطاعات الحكومية، وتعمل على تزويدها بالأثاث وكافة المستلزمات الضرورية لتؤدي هذه الدوائر أعمالها على أكمل وجه، إلا أنه هناك دوائر حكومية يوجد لها مبان حديثة جاهزة للانتقال إليها، ومع ذلك ما زال هذا المبنى مغلق لوجود ملاحظات قد تكون مع المقاول أو مع الإدارة نفسها، مثال مبنى هيئة الأمر بالمعروف والنهي عن المنكر في مدينة المجمعة الواقع على طريق الملك عبد العزيز، حيث ما زال مغلقاً منذ فترة ومظلات مواقف السيارات الداخلية ساقطة على الأرض منذ فترة ليست بالقصيرة، وكما يعلم الجميع أن توقف العمل فيه يسبب تلفاً للمبنى مع مرور الوقت، وقد يحتاج إلى صيانة وترميم من جديد دون الاستفادة منه وتحقيق الغرض من إقامته، لذا نأمل من المسؤولين معالجة الخلل وسرعة الانتقال إليه خاصة أنه يقع على طريق رئيسي وشريان مهم في المدينة، هذا من ناحية، ومن ناحية أخرى نثمن ما تضطلع به الهيئة من جهود تذكر فتشكر طوال أيام السنة خاصة في هذا شهر رمضان الكريم، سائلاً الله سبحانه أن يديم علينا نعمة الأمن والأمان ويحفظ لنا قادة هذه البلاد من كل مكروه ... والله الموفق. \nفهد أحمد الثميري - المجمعة\n",
    "date_extracted": "2015-08-06 01:32:20"
}