{
    "url": "http://www.al-jazirah.com/2015/20150805/sp24.htm",
    "title": "فواصل",
    "author": "",
    "content": "- الحديث عن رفع العقوبات عن الموقوفين في الهلال والنصر ليشاركوا في مباراة السوبر ضرب من العبث. ولا يقبله عقل ولا منطق؛ فالأنظمة والقرارات يجب أن تحترم. ولا يمكن تصور أن الجهة الرسمية ممثلة في اتحاد الكرة سوف تقدم على مثل هذه الخطوة القاتلة لكل النظم والأسس والقواعد القانونية. \n* * \n- نقل مباراة السوبر من الرياض إلى لندن بدأ بتسريب مقصود امتص ردود الأفعال الغاضبة والمستنكرة والمعترضة .. وبعد هدوء العاصفة صدر القرار وسط ردود أفعال ضعيفة. وربما يكون رفع العقوبات عن موقوفي السوبر يسير في نفس الاتجاه.!! \n* * \n- لازال اتحاد الكرة يرفض الإفصاح عن السيرة الذاتية للمدير الفني للمنتخبات فان جان!! فمن يكون هذا البلجيكي يا اتحاد الكرة؟ وما هي سيرته الفنية التي اعتمدتوا عليها من اجل التعاقد معه. الأمر يحتمل وجهين إما أنه تقصير واهمال، وإما أن سيرة المدرب ضعيفة ومخجلة. \n* * \n- توحيد المدارس التدريبية سواء في المنتخبات أو الأندية مفهوم يطرح منذ أكثر من خمسة وعشرين عاماً .. ويتحدث كل الخبراء عن أهميته في تحقيق النجاح المطلوب سواء في المنتخب أو النادي .. ومع ذلك فاتحاد الكرة لا زال يعمل بمفهوم ما قبل ربع قرن وهو يتعاقد مع بلجيكي مديرا فنيا للمنتخبات وأرجنتيني مدربا للمنتخب الأول!! والله أعلم بجنسيات بقية مدربي الفئات السنية للأخضر!! \n* * \n- نقلت دورة الخليج 23 من العراق للكويت لأسباب أمنية، ثم تؤجل لمدة عام لأسباب متضاربة داخلية في الكويت سواء بعذر عدم جاهزية الملاعب أو بالخلافات بين الاتحاد الكويتي لكرة القدم وهيئة الشباب والرياضة. هذه الارهاصات تدق مسامير في نعش الدورة وتسير بها في اتجاه نحو المجهول. \n* * \n- تجارب غير مشجعة لمعسكرات الأندية السعودية الخارجية. ولم يسبق أن أقيمت هذه المعسكرات وبهذا العدد من قبل. يجب أن تعيد الرئاسة العامة لرعاية الشباب النظر في الموافقة على إقامة مثل هذه المعسكرات نظرا لتكلفتها العالية وقلة العائد منها إضافة إلى ضعف الموارد للأندية مما يجعل المعسكرات عبء كبير ستعاني منه الأندية طوال الموسم. \n",
    "date_extracted": "2015-08-06 01:34:33"
}