{
    "url": "http://www.al-jazirah.com/2015/20150805/sp18.htm",
    "title": "الشعلاويون يخطفون جهني الكوكب ودباس يعد العدة للرد ",
    "author": "الخرج - فهد السميح:",
    "content": " الجهني في الصورة الأعلى بتيشرت الكوكب وفي الاسفل بتيشرت الشعلة\nاستغلت إدارة الشعلة خطأ وقعت فيه إدارة الكوكب حينما سقط من كشوفات الكوكب سهواً اسم اللاعب مروان الجهني لاعب الهلال لدرجة الشباب السابق والذي وقعت معه إدارة الكوكب قبل شهر تقريباً بمبلغ 30000 ألف ريال ومن المنتظر أن يرد الكوكباويين بتحويل اي صفقة شعلاوية قادمة للكوكب. \nالجدير ذكره ان المنافسه على أشدها خارج الميدان بين الناديين اللذين لم يسبق لهما أن تقابلا في أي دوري عدا دوري المنطقه قبل أكثر من عقدين من الزمان على الرغم أن الفريقين لعبا في الدوري الممتاز ودوري الأولى ولكن عندما كان الكوكب يتنقل بين الممتاز والأولى كانت الشعلة تتأرجح ما بين الأولى والثانية والآن يحدث العكس كثير من الرياضيين في الخرج يتوقعون أن يجتمع سفير وفارس الخرج في دوري الدرجة الأولى الموسم القادم. \n",
    "date_extracted": "2015-08-06 01:34:30"
}