{
    "url": "http://www.al-jazirah.com/2015/20150804/fe1.htm",
    "title": "مياه الطائف تنفذ مجموعة من المشاريع لخدمة (14) حياً ",
    "author": "الطائف - محمد الوذيناني:",
    "content": "\nأنهت شركة المياه الوطنية تنفيذ مشاريع مائية في محافظة الطائف تخدم 14 حياً بالمحافظة بتكلفة تجاوزت 162 مليون ريال، في إطار تطبيق خططها الاستراتيجية لتطوير البنى التحتية ورفع الكفاءة التشغيلية للقطاعين المائي والبيئي.وأوضح مدير خدمات الأصول والمشاريع بمكة المكرمة والطائف المهندس سعيد العمري، أن المشاريع المائية في مدينة الطائف تشمل أم السباع، العنود، المنتزه، أم القرى، الصناعية، المعارض، الوشحاء، مخطط وهبي، وادي النمل، النسيم، مخطط القحطاني، والشرفية، والحمدة.مبيناً أن أطوال الخطوط الرئيسية والشبكات المنفذة بالأحياء بلغت أكثر من (121) كيلو مترًا، وأن عدد التوصيلات المنزلية المنفذة في المشروع بلغت أكثر من (2750) توصيلة.من جانبه أوضح مدير إدارة المشاريع الرأسمالية بمدينة الطائف المهندس محمد الربيعي، أن هناك عدداً من الأحياء المرتبطة بمصادر تغذية مائية جاهزة تم إدخال الأجزاء المنتهية منها للخدمة، كما تم إدخال الخط الرئيسي قطر (800) ملم المنفذ بشارع وادي (وج) للخدمة لدعم الشبكات القائمة في الأحياء, إلى جانب ربط (6) أحياء على خزان الشهداء الذي تبلغ سعته (50) ألف متر مكعب، وهي أحياء: أم السباع، العنود، المنتزه، المعارض، الصناعية، أم القرى. \n",
    "date_extracted": "2015-08-04 18:35:12"
}