{
    "url": "http://www.al-jazirah.com/2015/20150804/sp28.htm",
    "title": "الصربي «رادو سلاف» يعود للإشراف على طائرة الأخضر ",
    "author": "",
    "content": "وقع رئيس اتحاد الطائرة فهد الحريشي عقدا مع المدرب الصربي «رادو سلاف» ومساعده فلادان للإشراف على تدريب المنتخب السعودي الأول لمدة عام، حيث سيبدأ المدرب مهامه في دورة الألعاب الخليجية الثانية التي تستضيفها المنطقة الشرقية. \nيذكر أن رادو سلاف سبق ان اشرف على المنتخب خلال عام 2006 وأبرز النتائج التي حققها في ذلك الوقت حصوله على الميدالية البرونزية في دورة الآسياد والميدالية الذهبية في البطولة الخليجية في قطر والميدالية الفضية في البطولة العربية في البحرين. \nإلى ذلك أبرم اتحاد الطائرة عقد رعاية مع شركة خبراء طيبة المحدودة لرعاية أنشطة الاتحاد السعودي للكرة الطائرة وذلك لمدة عامين، وتم توقيع عقد الرعاية من قبل رئيس الاتحاد السعودي للكرة الطائرة فهد الحريشي والمدير التنفيذي للشركة هزاع العتيبي وذلك في مقر الاتحاد بمجمع الأمير فيصل بن فهد الأولمبي بالرياض. \n",
    "date_extracted": "2015-08-04 18:36:23"
}