{
    "url": "http://www.al-jazirah.com/2015/20150803/ln13.htm",
    "title": "تسمية طريق «النجاح» بالأحساء باسم الأمير سعود الفيصل",
    "author": "الأحساء - عايدة بنت صالح:",
    "content": "\nأطلقت أمانة الأحساء اسم الراحل صاحب السمو الملكي الأمير سعود الفيصل، على طريق النجاح أحد الطرق التجارية والمهمة والحيوية في المحافظة، تقديراً وعرفاناً لما قدمه عميد الدبلوماسية العربية ومواقفه المشرفة في خدمة الوطن وقضايا الأمة الإسلامية - رحمه الله - ، وذلك على مدى قرابة الـ 5 عقود من الزمن ، وقال المتحدث الرسمي للامانة الأحساء خالد بووشل، أن الأمانة حرصت على تسمية احد الطرق الرئيسية بإسم الأمير سعود الفيصل – يرحمه الله – تقديراً لمواقفه المشرفة وإنجازاته الدبلوماسية في خدمة الوطن والأمتين العربية والإسلامية ، مشيراً إلى أن الطريق يعتبر من الطرق التجارية والحيوية الرئيسية حيث يربط بين مدينتي الهفوف والمبرز ، ومساره يبدأ من طريق الملك عبدالله الدائري «الضلع الشرقي» ويتصل بدائري المبرز الداخلي ويقطعه عدد من الطريق الرئيسية ( طريق الملك فهد – شارع الفيصلية – شارع أبوبكر الصديق وشارع علي بن أبي طالب- وشارع عثمان بن علي بن أبي طالب)، بينما يبلغ طوله 3 كيلومتر بعرض 30 متراً لمسارات الطريق. \n",
    "date_extracted": "2015-08-03 21:12:47"
}