{
    "url": "http://www.al-jazirah.com/2015/20150804/sp3.htm",
    "title": "بعثة الجيل في تركيا تحتفي بتوقيع عقود القصيمي والعريني",
    "author": "كتب -  صادق الحرز:",
    "content": "\nاحتفلت بعثة نادي الجيل التي تقيم معسكراً خارجياً في مدينة أفيون التركية والتي يرأسها رئيس النادي الأستاذ أحمد الغنيم بمراسم توقيع اللاعبين الذين انضموا حديثاً للكتيبة الجيلاوية، حيث وقع نائب رئيس نادي الجيل الأستاذ وليد الشويهين عقد احتراف مع اللاعب رياض العريني كما وقع عضو مجلس الإدارة الأستاذ عبدالرحمن التنم العقد الثاني مع اللاعب خالد القصيمي.الجدير بالذكر أن العريني الذي يلعب في خانة الوسط الأيسر سبق أن مثل أندية عديدة كان آخرها نادي الحزم في حين يلعب القصيمي في مقدمة الهجوم ويمتلك خبرة طويلة في دوري الدرجة الأولى، كما قدم اللاعبان مستوى وأداء مميزاً خلال معسكر الفريق بعد الانسجام مع المجموعة وتمكنا من تسجيل العديد من الأهداف خلال المباريات الودية التي لعبها الفريق في المعسكر.من جانبه أبدى العريني والقصيمي سعادتهما بالانضمام للكتيبة الجيلاوية وقدما الشكر الجزيل لإدارة النادي للتعامل المثالي والثقة الكبيرة آملين أن يساهما مع بقية اللاعبين لتحقيق أهداف الإدارة ورسم الفرحة للجمهور الجيلاوي. \n",
    "date_extracted": "2015-08-04 18:36:35"
}