{
    "url": "http://www.al-jazirah.com/2015/20150805/sp6.htm",
    "title": "بعثة الجيل في تركيا تحفز خمسة من اللاعبين الواعدين",
    "author": "الأحساء - صادق الحرز:",
    "content": "\nأقامت بعثة نادي الجيل خلال معسكرها الخارجي في مدينة أفيون التركية حفلاً تحفيزياً لخمسة لاعبين واعدين من درجة الشباب والأولمبي والذين تم اختيارهم ضمن بعثة الفريق الأول نظير المستويات التي قدموها مؤخراً وهم: نواف المحسن، عبدالله الحمد، عبدالعزيز المويجد، نايف الغامدي وعبدالله بسام الجنوبي.. حيث قدم رئيس البعثة رئيس نادي الجيل الأستاذ أحمد الغنيم ونائب الرئيس المشرف العام على معسكر الفريق بتركيا الأستاذ وليد الشويهين مكافآت تشجيعية للاعبين الخمسة وذلك بحضور عضو مجلس الإدارة الأستاذ عبدالرحمن التنم والمدير الفني الكابتن عبدالله درويش وجميع أفراد البعثة. كما تم عمل حفلة كيك شارك فيها عدد من مرتادي المنتجع الذي يعسكر فيه الفريق، وجاء هذا التكريم نظير الانضباط في برنامج المعسكر وتقديم أداء مميز في الحصص التدريبية. \n",
    "date_extracted": "2015-08-06 01:34:23"
}