{
    "url": "http://www.al-jazirah.com/2015/20150805/ln40.htm",
    "title": "مدينة الملك فهد الطبية تطلق خدمة التحقق من الإجازات الطبية والمرافقة ",
    "author": "الجزيرة - أحمد القرني:",
    "content": "\nأطلقت مدينة الملك فهد الطبية خدمة التحقق من الإجازات الطبية وإجازات المرافقة , وذلك عبر موقعها الالكتروني وهي إحدى الخدمات الإلكترونية التي تتيح لمراجعي المدينة الطبية ولكافة المستفيدين من خدماتها آلية سريعة وسهلة للتأكد من صحة الإجازات , ففي حال كانت الإجازة صحيحة ومسجلة في النظام يظهر «الوثيقة مسجلة في النظام , اسم المريض , عدد أيام الإجازة , تاريخ بداية الإجازة , تاريخ انتهاء الإجازة» وفي حال كانت الإجازة غير صحيحة وغير مسجلة بالنظام أو المعلومات المدخلة خطأ يظهر «الوثيقة غير مسجلة في النظام». \nوقد أكد الدكتور أحمد أبو عباة المدير التنفيذي المشارك لشئون المرضى بمدينة المك فهد الطبية أن هذه الخدمة الجديدة تأتي كترجمة لتوجهات مدينة الملك فهد الطبية في الرفع من مستوى الخدمات المقدمة للمرضى والمراجعين ويمكن الاستفادة منها من خلال الدخول لموقع المدينة الطبية الإلكتروني www.kfmc.med.sa والذهاب إلى خيار خدمات المرضى وإتباع الخطوات «التحقق من الإجازات –إدخال رقم السجل الطبي- إدخال الرقم التسلسلي للإجازة الموجود في وثيقة الإجازة المرضية الورقية ثم الضغط على زر التأكيد» لتظهر نتيجة الإدخال وتفاصيل الإجازة المرضية. \nومدينة الملك فهد الطبية تتمنى على جميع من لديهم استفسارات عن الإجازات الدخول إلى هذه الخدمة للتقليل من حجم التعاملات الورقية. \n",
    "date_extracted": "2015-08-06 01:35:57"
}