{
    "url": "http://www.al-jazirah.com/2015/20150805/du11.htm",
    "title": "الثني يجدد رفضه لأي تدخل عسكري أجنبي على الأراضي الليبية ",
    "author": "القاهرة - علي فراج:",
    "content": "\nجدد رئيس الحكومة الليبية المؤقتة عبدالله الثني موقف حكومة بلاده الرافض لأي تدخل عسكري أجنبي على الأراضي الليبية، مؤكدًا أن هذا الأمر يمس السيادة ولن يقبل الشعب الليبي به، وقال الثني في تصريحات إعلامية أن ليبيا ترحب بالتعاون مع مختلف الدول، بشرط الاحترام المتبادل وعدم التدخل في الشؤون الداخلية للبلاد وأوضح الثني أن ما تسمى بـ»حكومة الإنقاذ» بطرابلس غير شرعية وغير معترف بها دوليًا، وهي عبارة عن جماعة خارجة عن القانون والشرعية، قائلاً: «إن تيار الإسلام السياسي هو المسؤول الأول عمّا آلت إليه الأمور في ليبيا وتحدث الثني عن التحديات التي تواجه الحكومة على الصعيد المحلي والدولي متطرقًا إلى شح الموارد المالية وانتشار الإرهاب. ميدانيًا، لقى جندي بالجيش الليبي مصرعه وأصيب 15 آخرون، جراء الاشتباكات مع ميليشيا شورى ثوار بنغازي بمحاور القتال المختلفة بمدينة بنغازي وقالت مصادر طبية ليبة، إن المستشفى استقبل خلال اليومين الماضيين جثمان جندي بالجيش يدعى فرج الزولاي و15 جريحًا جراء الاشتباكات بين قوات الجيش وقوات مجلس شورى ثوار بنغازي بمناطق المحور الغربي ومحور وسط البلاد وبوعطني والليثي وأضافت المصادر أن جثة الجندي عرضت على الطب الشرعي الذي صرح بدفنها، لافتة إلى أن المصابين تم تقديم الإسعافات الأولية لهم غادر منهم المستشفى 10 وهناك أربعة آخرين تحت الرعاية الطبية. \nفيما تشهد مدينة بنغازي قتالاً عنيفًا بين قوات الجيش الليبي وقوات مجلس شورى ثوار بنغازي، ما أدى إلى مقتل وإصابة المئات خلال الأيام الماضية. \n",
    "date_extracted": "2015-08-06 01:33:49"
}