{
    "url": "http://www.al-jazirah.com/2015/20150804/sp8.htm",
    "title": "الأهلي ينتظر موافقة الإسماعيلي الرسمية لإتمام صفقة عمرو السولية",
    "author": "القاهرة - مكتب الجزيرة - طارق محيي:",
    "content": "\nينتظر مجلس إدارة النادي الأهلي المصري وصول موافقة رسمية من نظيره مجلس إدارة الإسماعيلي برئاسة العميد محمد أبو السعود، من أجل إتمام صفقة انضمام اللاعب الدولي عمرو السولية، لاعب خط وسط الدراويش، إلى النادي الأحمر بداية من الموسم المقبل. \nوقالت مصادر داخل نادي الإسماعيلي أن مجلس الإدارة برئاسة أبو السعود يجد صعوبة في إرسال الموافقة الرسمية لأنه يخشى غضب جماهير الدراويش، وأشارت إلى أن إدارة الإسماعيلي تحاول خلال الساعات القليلة المقبلة أن تجد «حجة» تعلنها للجمهور الذي يرفض انتقال اللاعب للأحمر. \nيُذكر أن عمرو السولية أكد في وقت سابق أنه لن يلعب لأى نادٍ آخر غير الأهلي، وإذا رفض الإسماعيلى انتقاله حاليا سيستمر فى الدراويش حتى يناير المقبل ويوقّع وقتها للأهلي، على أن ينتقل له مطلع الموسم المقبل مجانًا، وأمام رغبة اللاعب وافق مجلس الإسماعيلى «شفهياً» على إتمام الصفقة حتى يستفيد من بيع اللاعب ولا يرحل مجاناً. وكانت الساعات القليلة الماضية قد شهدت تطورات في صفقة انضمام السولية للأهلي، حيث أكدت مصادر داخل النادي الأحمر أن علاء عبد الصادق، مدير قطاع الكرة بالأهلي، حصل على توقيع السولية لمدة 4 مواسم مقابل 6 ملايين و500 ألف جنيه يحصل عليها الإسماعيلى، وينتظر الأحمر وصول استغناء اللاعب من أجل قيده محلياً وأفريقياً، وسيتم الإعلان عن الصفقة فى غضون الساعات المقبلة رسميًا. \n",
    "date_extracted": "2015-08-04 18:36:53"
}