{
    "url": "http://www.al-jazirah.com/2015/20150804/ln13.htm",
    "title": "مدير صحة الجوف يفتتح معرض الرضاعة الطبيعية بمستشفى الولادة ",
    "author": "الجوف - خالد المسلم:",
    "content": "\nدشن مدير عام الشئون الصحية بمنطقة الجوف حسين الرويلي، الأسبوع العالمي للرضاعة الطبيعية لعام 2015 م , في مستشفى النساء والولادة والأطفال بمنطقة الجوف، رافقه المساعد للخدمات العلاجية احمد الربيش، وعدد من المسئولين. أوضح ذلك مدير المستشفى ضيف الشراري. و قال: المعرض يحتوي على مطويات وبرشورات واستاندات تثقيفية وكتب توعوية وهدايا للمراجعين، ويهدف إلى تثقيف وتوضيح أهمية الرضاعة الطبيعية وفوائدها بعمل برنامج متكامل خلال الأسبوع. \nمضيفاً أن الرضاعة تمنح القوة والسعادة للسيدات وتزيد من ثقتهن بالقدرة على تلبية حاجات أطفالهن، والجدير بالذكر أن الرضاعة الطبيعية تقي الأمهات من الكثير من الأمراض وتساعد على إعطاء المناعة اللازمة لهن ولأطفالهن. \nمن جهة ثانية قام مدير صحة الجوف بجولة تفقدية للاطلاع على آخر الاستعدادات والتجهيزات لافتتاح توسعة قسم الأطفال الجديد بنفس المستشفى بالبرج الجديد في الدور الثاني بسعة 44 سرير، والذي سوف يساهم في استيعاب زيادة المرضى وتقليل نسبة العدوى. \n",
    "date_extracted": "2015-08-04 18:38:11"
}