{
    "url": "http://www.al-jazirah.com/2015/20150805/sp3.htm",
    "title": "الفتح يتعادل في البرج مع مولودية بجاية وصيف الدوري الجزائري",
    "author": "كتب - صادق الحرز:",
    "content": "\nتعادل الفريق الأول لكرة القدم بنادي الفتح سلبيًا في رابع مواجهاته الوُدِّية في المرحلة الثانية من البرنامج الإعدادي أمام وصيف الدوري الجزائري فريق مولودية بجاية الجزائري على ملعب برج السدرية بتونس وعمد المدير الفني التونسي السيد ناصيف البياوي على اللعب في شوطي المباراة بتشكيلتين مختلفتين وقف من خلالهما على جاهزية اللاعبين لياقيًا وفنيًا ومدى تطبيق الجمل التكتيكية الخاصة بالفريق. \n يذكر بأن الفريق الجزائري لعب المواجهة بكامل نجومه. \nمن جانبه أشاد المدير الفني للفريق التونسي السيد ناصيف البياوي على أداء اللاعبين في هذه المواجهة قائلاً: الفريق ظهر في مواجهة اليوم الوُدِّية بشكل جيد جدًا واستفادة اللاعبين من المواجهات الوُدِّية السابقة، حيث الانسجام خلال هذه المواجهة ظهر أكبر من المواجهات السابقة وكذلك تطبيقهم التام للجمل التكتيكية الخاصة بالفريق وهذا ما كنا نطمح إليه مسبقًا من خلال مثل هذه المواجهات الوُدِّية ولله الحمد تحقق. \n",
    "date_extracted": "2015-08-06 01:34:08"
}