{
    "url": "http://www.al-jazirah.com/2015/20150805/sp36.htm",
    "title": "النصر يعاود استعداداته للودية الأخيرة ",
    "author": "كتب - عيسى الحكمي:",
    "content": "\nيخضع نايف هزازي مهاجم فريق النصر الكروي لاختبارات طبية جديدة مطلع الأسبوع المقبل بهدف التأكد من قدرة اللاعب على اللحاق بمباراة السوبر التي تجمع النصر بغريمه الهلال الأربعاء المقبل في لندن. \nويواصل اللاعب الذي أصيب قبل أسبوع في أربطة الكاحل برنامجا لياقيا وطبيا مكثفا دون ملامسة الكرة بهدف تجهيزه للمهمة خاصة وأن المهاجم البديل حسن الراهب لن يكون قادرا على مساعدة السهلاوي بداعي الإيقاف. \nإلى ذلك عاود الفريق النصراوي امس الثلاثاء تحضيراته بعد تمتع العناصر بالراحة أول أمس الاثنين، حيث يستعد الفريق لملاقاة نظيره الشعب الإماراتي مساء غد الخميس في آخر التجارب. \nمن جانبها لا تزال إدارة النادي تبذل جهودا مكثفة لاستخراج بقية التأشيرات المعلقة لبعض أفراد من الجهاز الطبي والفني حتى يتمكنوا من الذهاب إلى لندن ضمن البعثة، في حين تقرر وصول الفريق إلى العاصمة الإنجليزية يوم الأحد المقبل وسيؤدي هناك تدريبين هناك قبل مباراة السوبر. \n",
    "date_extracted": "2015-08-06 01:33:56"
}