{
    "url": "http://www.al-jazirah.com/2015/20150805/du1.htm",
    "title": "تحرير «قاعدة العند» وسقوط 70 قتيلاً من المتمردين",
    "author": "عدن - أ ف ب:",
    "content": "\nاستعادت القوات الموالية للحكومة اليمنية الشرعية المعترف بها دوليا أمس الثلاثاء قاعدة العند الجوية، الأكبر في البلاد، من أيدي المتمردين الحوثيين وحلفائهم في ثاني تقدم تحققه بعد إحكامها السيطرة على مدينة عدن الجنوبية الشهر الماضي. \nوتأتي سيطرة القوات على قاعدة العند إثر هجوم استمر يوما كاملاً وحيَّت وزارة الدفاع اليمنية في بيان هذا «النصر» الذي حققته عزيمة أهل اليمن ضد المتمردين، وأضافت: «نؤكد لكم عزمنا وإصرارنا ومعنا التحالف العربي بقيادة المملكة العربية السعودية على دعمكم وإسنادكم في كل جبهات النضال والمقاومة حتى استعادة الشرعية في كل الأرض اليمنية»، وتتمتع قاعدة العند الجوية التي تبعد60 كلم شمال عدن، بموقع إستراتيجي على الطريق الرئيسي شمالاً الذي يصل مدينة تعز والعاصمة صنعاء. \nوأفادت مصادر موالية إن نحو70 حوثيا قتلوا كما أسر10 آخرون، ونشرت القوة الشرعية لهادي مئات المقاتلين والعسكريين في محيط القاعدة تؤازرهم الدبابات والمصفحات والعربات العسكرية المتطورة، ومن شأن استعادة قاعدة العند أن تشكل دفعا للحكومة الشرعية في إحكامها السيطرة على عدن، وبدأت المساعدات الإنسانية تتوافد على المدينة منذ سيطرة القوات الشرعية. \nوأعيد فتح المطار في 22 تموز/ يوليو ما سمح لطائرات المؤن من السعودية والإمارات وقطر بالوصول إلى المدينة. وقالت الحكومة اليمنية إنها لن تبحث سوى انسحاب المتمردين من كافة المناطق التي سيطروا عليها منذ العام الماضي بما يتوافق مع قرار تبناه مجلس الأمن الدولي في نيسان/ إبريل. \n",
    "date_extracted": "2015-08-06 01:30:09"
}