{
    "url": "http://www.al-jazirah.com/2015/20150805/ec4.htm",
    "title": "وفد بحريني يثني على تجربة غرفة جدة",
    "author": "جدة - الجزيرة:",
    "content": "\nأبدى وفد من غرفة تجارة وصناعة البحرين إعجابه بما وصلت إليه غرفة جدة من نجاح في تجربتها الثرية عبر إدارة أكثر من 65 لجنة قطاعية تخدم أكثر من 70 ألف منتسب عبر نشاطاتها في خدمة الأعمال بمختلف مجالاتها. \nوأكّد الوفد الذي ضم مدير إدارة اللجان زينب سعيد يوسف وممثل المعلومات والتجارة الإلكترونية شعيب متروك وأخصائي البرمجة علي الأسود خلال زيارته لغرفة جدة أمس ولقائه أمين عام الغرفة المكلّف المهندس محيي الدين بن يحيى حكمي ومدير قطاع اللجان مبارك حسين آل سراج ومديري إدارات قطاعي اللجان والأعمال على ضرورة بناء شراكات ناجحة مع غرفة جدة التي تمثّل وعاءً ثرياً لتقديم كل ما من شأنه يخدم عجلة التجارة والصناعة بحكم أنها أعرق الغرف الخليجية. \n",
    "date_extracted": "2015-08-06 01:30:29"
}