{
    "url": "http://www.al-jazirah.com/2015/20150805/du3.htm",
    "title": "الجيش المصري يُؤكد جاهزيته لتأمين حفل افتتاح قناة السويس الجديدة ",
    "author": "القاهرة - مكتب الجزيرة - علي فراج:",
    "content": " جانب من قناة السويس الجديدة\nعرض الموقع الرسمي لوزارة الدفاع المصرية فيديو لاستعدادات رجال الجيش الثاني الميداني، لتأمين افتتاح قناة السويس الجديدة، في إطار رفع درجات الاستعداد والجاهزية على مستوى التشكيلات البرية والأفرع الرئيسة للقوات المسلحة، ويظهر خلال الفيديو اللواء أركان حرب ناصر العاصي قائد الجيش الثالث الميداني يقول: «عايزكم تثبتوا للعالم معدن المقاتل المصري الذي ارتوت أرض سيناء بدمه عبر التاريخ، جاهزين يا أبطال».. فرد عليه الجنود «جاهزين يا فندم». \nإلى ذلك قال مصدر رئاسي مصري إن نحو 90 وفداً رسمياً رفيع المستوى من جميع دول العالم سيشاركون في حفل افتتاح القناة الجديدة غداً الخميس، الذي سيستمر أكثر من 7 ساعات، وسيكون من بين الحاضرين 30 رئيساً وملكاً وأميراً عربياً وأجنبياً، وأضاف أن الحفل سيشمل عرضاً بحرياً يشارك فيه الرئيس عبد الفتاح السيسي على يخت «المحروسة»، وعرضاً جوياً في الفترة الصباحية. \nوكشف مصدر حكومي عن أن «السيسي» سيعلن أيضاً، خلال حفل الافتتاح، عن 3 مشروعات قومية جديدة، هي «المثلث الذهبي، وشق قناة شرق بورسعيد، والاتفاق النهائي مع رجل الأعمال الإماراتي محمد العبار بشأن تنفيذ مشروع العاصمة الإدارية الجديدة». \nوأوضح المصدر أن مشروع تنمية المثلث الذهبي يهدف لاستصلاح 500 ألف فدان في 4 سنوات، من خلال شركة «جسور» السعودية ورجل الأعمال الشيخ صالح كامل، بتكلفة استثمارية 250 مليار جنيه، على أن تكون حصة القوات المسلحة في المشروع نحو 40%. \nمن جهة أخرى، قالت السفارة الأمريكية بالقاهرة إن واشنطن قامت في 31 يوليو الماضي بتسليم خمسة أبراج لدبابات «أبرامز أم1 أيه1» في القاعدة الجوية بشرق القاهرة، وذلك في إطار الدعم الأمني الأمريكي المستمر لمصر، وأوضح البيان أنه تم نقل الأبراج، التي تم تصنيعها في ولاية أوهايو، جواً مباشرة من الولايات المتحدة، كما تم تسليمها على الفور إلى مصنع الدبابات المصري للإنتاج المشترك المصري - الأمريكي لدبابات «أم1 أيه1». \nصرح الجنرال تشارلز هوبر كبير مسئولى الدفاع في السفارة الأمريكية بأن «الإنتاج المشترك لدبابات (أم1 أيه1) في مصر يعطي الشعب المصري والقوات المسلحة المصرية قدرات اقتصادية وأمنية قوية، حيث إن تسليم الأبراج سيتيح الفرصة لأكثر من 2000 مواطن مصري للعمل في مصنع الإنتاج، فضلاً عن تزويد القوات المسلحة بوسائل إضافية لمحاربة التطرف في المنطقة»، وأكد البيان أن التزام الولايات المتحدة هذا العام بتقديم الدعم العسكري المقدر بحوالي 1.3 مليار دولار، يأتي في إطار مساندة جهود مصر الأمنية والعسكرية لمواجهة الإرهاب على عدة جبهات. \n",
    "date_extracted": "2015-08-06 01:30:19"
}