{
    "url": "http://www.al-jazirah.com/2015/20150804/fe4.htm",
    "title": "ملتقى تندحة الدعوي بعسير يدشن فعالياته",
    "author": "خميس مشيط - فيصل الأحمري:",
    "content": "\nدشن ملتقى تندحة الدعوي الخامس فعالياته بمحاضرة ألقاها الداعية الشيخ غرم البيشي، وبحضور وتفاعل كبير شهده الملتقى بعد صلاة المغرب، الذي يبث مباشرة على موقع المجمع الخيري بتندحة. \nووجه البيشي، في محاضرته نصائح للشباب وأثر التربية والغراس الطيب فيهم، مستشهداّ ببعض قصص الصحابة والتابعين، في حين استقبل معرض الأمل في افتتاحه عددًا كبيرًا من الزوار بعد صلاة العشاء. \nوفي خيمة الأشبال استمرت الفعاليات والمنافسات بين ما يقارب 200 طفل.الجدير ذكره أن الملتقى استقبل ما يقارب 600 زائر توافدوا بين فعاليات الملتقى, وسيحل الدكتور سعد العتيق، ضيفاً على الملتقى, كما ستنطلق في اليوم الثاني من أيام الملتقى الدورات التدريبية والتطويرية بعد صلاة العصر يومياً. \n",
    "date_extracted": "2015-08-04 18:35:16"
}