{
    "url": "http://www.al-jazirah.com/2015/20150805/fe25.htm",
    "title": "الأمير فيصل بن بندر استقبل رئيس هيئة الرقابة",
    "author": "الجزيرة - واس:",
    "content": "\nاستقبل صاحب السمو الملكي الأمير فيصل بن بندر بن عبدالعزيز أمير منطقة الرياض في مكتب سموه بقصر الحكم أمس معالي رئيس هيئة الرقابة والتحقيق الدكتور عبدالرحمن بن إبراهيم الحصين وعددا من مسؤولي الهيئة الذين قدموا للسلام على سموه. \n",
    "date_extracted": "2015-08-06 01:31:48"
}