{
    "url": "http://www.al-jazirah.com/2015/20150803/ln17.htm",
    "title": "محافظة الرس تحتفي بوكيل المحافظ الجديد",
    "author": "الرس - أحمد الحمياني / تصوير - صالح العقيل:",
    "content": "\nنظمت محافظة الرس احتفاء في مقرها بمناسبة مباشرة اليوم الأول لعمل وكيل المحافظ ماجد العساف، بحضور ورعاية من المحافظ محمد العساف. \nوكانت بداية الاحتفاء بالسلام واستقبال منسوبي المحافظة وعدد من مسؤولي الجهات الحكومية والإعلاميين، بعد ذلك توجه الحضور إلى ديوان المحافظ وألقى كلمة ترحيبية رفع فيها باسمه واسم منسوبي المحافظة أسمى عبارات الشكر الجزيل للقيادة الرشيدة بمناسبة تعيين وكيل المحافظة؛ مضيفا أنه سوف يخدم المحافظة وسكانها، وأنهما سوف يبذلان الجهد سوياً من أجل الوصول للهدف المنشود وهو تنمية و تطوير الرس وخدمة المواطنين؛ متمنياً له التوفيق والسداد في مهمته القادمة. \nتلا ذلك كلمة مختصرة من وكيل المحافظة أكد فيها أنه يدرك حجم المسؤولية، وأنه سيكون عند حسن ظن ولاة الأمر؛ ورافعاً عبارات الشكر للقيادة الرشيدة على الثقة؛ داعياً الله أن يعينه على خدمة الرس وأهلها. \n",
    "date_extracted": "2015-08-03 21:13:08"
}