{
    "url": "http://www.al-jazirah.com/2015/20150805/ln31.htm",
    "title": "وفد سفراء الحزم يختتم زيارته للأندية الموسمية بالأحساء",
    "author": "الأحساء - عايدة بنت صالح:",
    "content": " جانب من اللوحات المرحبة بوفد سفراء الحزم\nاختتم وفد سفراء الحزم بتعليم الأحساء زيارته للأندية الموسمية بزيارة نادي رواد المستقبل (بنات) ومقره الابتدائية الواحدة والعشرون بالمبرز، حيث كان في استقبالهن مديرة النادي وكافة المنسوبات وذلك بحضور مديرة إدارة نشاط الطالبات هيفاء البشير والمشرفات المتابعات لأندية الحي والأندية الموسمية. \nوبدأ الحفل الخطابي في مسرح النادي بعرض مرئي متنوع للفعاليات، بعده كلمة مديرة إدارة نشاط الطالبات هيفاء البشير، ثم كلمة مديرة نادي رواد المستقبل جوهرة الزيد، بعد ذلك مشاركة المبادرة الوطنية تنفيذ حصة المبارك، ثم كلمة رئيسة وفد سفراء الحزم بالمجموعة الأولى خلود العشي، تلاها كلمة سفيرة الحزم الطالبة غدير العتيبي، ثم كلمة ولية الأمر زكية العتيبي التي صاحبتها ورشة عمل تناولت عدة محاور. \nبعد ذلك تم توجيه رسائل وطنية من واقع الحدث من تنفيذ نادي حي التميز أم هاني بالحرس الوطني، ثم وصلة إنشادية للطالبات بعنوان صدى القيم، تلاها جولة لركن أطباء في خدمتك من تنفيذ نادي حي حطين بابتدائية خديجة بنت خويلد بالحرس الوطني. \n",
    "date_extracted": "2015-08-06 01:35:54"
}