{
    "url": "http://www.al-jazirah.com/2015/20150804/sp4.htm",
    "title": "الفتح يواصل تدريباته على فترتين على ملعب قرطاج",
    "author": "كتب - صادق الحرز:",
    "content": "\nأجرى الفريق الأول لكرة القدم بنادي الفتح تدريباته ضمن المرحلة الثانية من البرنامج الإعدادي استعداداً لمنافسات الموسم الرياضي المقبل وأدى الفريق تدريباته على فترتين صباحية ومسائية، فالفترة الصباحية أقيمت على ملعب قرطاج بالعاصمة التونسية «تونس» حيث بدأت تدريبات الصباح بتمارين الإحماء أعقبها خضع لاعبو الفريق إلى تمارين تكتيكية تمثلت في الضغط على المنافس والإستحواذ على الكرة ولعبها من لمسة ولمستين قبل أن يقسم المدير الفني التونسي السيد ناصيف البياوي لاعبو الفريق حسب مراكزهم حيث تم تطبيق العديد من الجمل التكتيكية الخاصة في بناء الهجمة بعدة طرق من عمق وأطراف الملعب. أما الفترة المسائية والتي أجريت على الملعب نفسه فانطلقت بتمارين لياقية متنوعة وعبر محطات مختلفة موزعة على نصف الملعب أعقب ذلك قسم البياوي لاعبو الفريق إلى مجموعتين كل منها ضد الأخرى، الأولى شملت على لاعبي خط الدفاع ومحاور الارتكاز، إما المجموعة الثانية فشملت على لاعبي خط الوسط وخط الهجوم طبق لاعبو الفريق من خلال ذلك العديد من الجمل التكتيكية الهجومية والدفاعية. \n",
    "date_extracted": "2015-08-04 18:36:41"
}