{
    "url": "http://www.al-jazirah.com/2015/20150804/fe19.htm",
    "title": "تعليم القصيم يحقق مراحل متقدمة في بناء 1600 مدرسة",
    "author": "بريدة - سعود البهيمة:",
    "content": "\nأكد مدير عام تعليم القصيم عبدالله الركيان، خلال اجتماعه بمشرفي إدارة التشغيل والصيانة والمقاولين بالمنطقة أن المسئولية عظيمة اتجاه أبنائنا الطلاب وبناتنا الطالبات أمام الله تعالى، ولا مكان للمجاملة في هذا الشأن وأن لائحة الجزاءات والالتزام ببنود العقد مهمة لكلا الطرفين، مضيفاً بأن تلك البنود هدف وغاية للوصول لمصلحة الميدان التربوي قبل انطلاق العام الدراسي الجديد، وأثنى الركيان على المقاولين بعد تحقيقهم مراحل متقدمة من الإنجاز في 1600 مدرسة في المنطقة ، مؤكداً على تعديل بعض الإجراءات وتحقيق الانضباطية عبر برنامج الصيانة الإلكتروني ، والذي يربط الميداني التربوي بمسئولي الصيانة ، وأكد على شخوص المشرفين على أعمال الصيانة، مشيراً إلى أهمية الشخوص على المواقع المنجزة وأن الأسبوع الأول من عودة المعلمين هذا العام يجب أن يتم تكثيف التواجد على برنامج الصيانة الإلكتروني ومتابعة البلاغات ومباشرتها وإغلاقها بعد التنفيذ. \n",
    "date_extracted": "2015-08-04 18:35:23"
}