{
    "url": "http://www.al-jazirah.com/2015/20150803/sp5.htm",
    "title": "الفيحاء يواصل استعداده و(أوروبي) يخوض تجربة ميدانية ",
    "author": "المجمعة - عمار العمار:",
    "content": " الفيحاء\nوصل إلى معسكر نادي الفيحاء المقام حالياً بأزميت التركية ، فجر السبت أول الأجانب (أوروبي) لخوض تجربه ميدانية مع الفريق وشارك اللاعب في التمرين المسائي وقدم لمحات فنية جيدة وسيواصل أداء التمارين إلى نهاية الأسبوع قبل الحكم النهائي على مستواه فيما سينضم اللاعب الثاني (أفريقي) للمعسكر ربما يوم الأربعاء نظراً لتأخر التأشيرة. وكان الفريق قد واصل تمارينه في معسكره والتي اشتملت على فترتين صباحية ومسائية خضع من خلالها لاعبي الفريق لبعض التمارين الاسترجاعية بعد الأداء القوي والمستوى الجيد في لقاء ساكارا التركي الذي انتهى بالتعادل السلبي، كما دخل لاعبو الفريق في الفترة الصباحية في النادي الصحي رغبة من الجهاز الفني لإراحة اللاعبين بعد المجهود الذي بذلوه خلال الأيام الماضية، فيما خصص المدرب خليل المصري الحصة المسائية في اليومين الماضيين للتمارين التكتيكية بشكل أكبر خصوصاً لمهاجمي الفريق حيث خصص جزءاً من الوقت وتمارين خاصة لهم بالقذف على المرمى ومواجهة حراس المرمى، شهدت تألق الثنائي معاذ عفانه وعبدالله القحطاني. وبعيداً عن أجواء التمارين فضل الجهاز الفني والإداري منح لاعبي الفريق جولة حرة يوم الجمعة الماضي لمدة ساعتين قضاها اللاعبين في الكورنيش المدينة الذي يبتعد 100 متر فقط عن مقر بعثة الفريق. ومن المنتظر أن يكون الفريق قد لعب مباراته الودية الرابعة مساء اليوم الأحد أمام فريق جيرسي التركي فيما سيختتم لقاءاته الودية يوم الخميس أمام أحد الفرق التركية على أن تكون عودة الفريق يوم السبت القادم. \n",
    "date_extracted": "2015-08-03 21:11:19"
}