{
    "url": "http://www.al-jazirah.com/2015/20150805/as10.htm",
    "title": "مهرجان طبرجل عيد وفلها يدخل «الترند العالمي»",
    "author": "",
    "content": "حقق هشتاق #مهرجان_طبرجل_عيد_وفلها مليوني مشاهدة على تويتر حسب ما ذكرت آخر إحصائية لموقع تويتر بأن الوسم تصدر «الترند العالمي» ليصل عدد المشاهدة لمليونين، وبذلك يكون الترتيب 16 عالمياً منذ تفعيله. \nوقال الإعلامي تركي السيف إن الوسم فاق كافة التوقعات، ففي آخر يوم للمهرجان حقق مليوناً وثلاثمائة ألف مشاهد للوسم. \nوذكر السيف أن الإحصائيات لعدد المشاركات والريتويت داخل الوسم تجاوزت (493 ألفاً). \nوأوضح بأنه فعل الهاشتاق قبل المهرجان بيوم والذي لقي تفاعل أهالي منطقة الجوف والشركات والمؤسسات الخاصة، بالإضافة إلى حسابات حكومية ومسؤولين وصحف وإخباريات، شاركوا بالوسم، وقد حقق نجاحاً كبيراً على مستوى العالم. \nوذكر المهندس سميحان الشمري المشرف العام على المهرجان، رئيس بلدية طبرجل بأن المهرجان شهد حضوراً كثيفاً بأول يوم من انطلاقته، حيث تجاوز عدد الزوار للمهرجان 15 ألف زائر، وأن تنوع الفعاليات والتسويق والترويج للمهرجان كان له الأثر الكبير في جذب الزوار. \n",
    "date_extracted": "2015-08-06 01:31:20"
}