{
    "url": "http://www.al-jazirah.com/2015/20150805/lp2.htm",
    "title": "من أعلى قمة.. زوار السودة يشكلون لوحة وطنية",
    "author": "أبها - عبدالله الهاجري:",
    "content": "\nشكل زوار مدينة أبها أكبر لوحة فنية من أعلى قمة في السعودية ، من منتزة السودة على حبال السروات، من خلال إرسال رسائل وطنية تعبر عن وقوفهم مع الوطن وحبهم لقيادة هذه البلاد وذلك على مساحة خمسة آلاف متر مربع، وتحديدا في فعالية «المرسم المفتوح» بمتنزه السودة بنسخته الثانية، ضمن فعاليات مهرجان أبها يجمعنا 36هـ. \nهذه اللوحة رسمتها أنامل زوار عسير، وسط الطبيعة الخضراء التي يحيطها الضباب. \nولم يقف المرسم على تشكيل تلك اللوحة، بل كان مساحة كبيرة للتعبير عن مشاعر الزوار التي يعلوها عشق الوطن وقيادته، فاحتضن كل الفنون، وكل المشاعر، قدمتها فئات عمرية مختلفة، وكان متنفساً هو الأول من نوعه للذائقة الفنية. \nيقول منظم الفعالية الفنان الشاب عوض زارب إن المرسم وبكل مساحته يهدف إلى مشاركة الجمهور في رسم أضخم لوحة فنية لأفكارهم وحكاياتهم ورسائلهم الإبداعية على مساحة كبيرة. \nوأضاف استقبل الموهوبين وعشاق الفن على مدى شهر كامل من الرابعة عصرا إلى العاشرة مساء وبشكل يومي. \nيذكر أن الفنان زارب يسعى في تسجيل المرسم كأكبر مرسم مفتوح في العالم. \n",
    "date_extracted": "2015-08-06 01:30:45"
}