{
    "url": "http://www.al-jazirah.com/2015/20150805/fe4.htm",
    "title": "جاليات الأحساء توزع كتاب «كيف تطيل عمرك الإنتاجي؟»",
    "author": "الأحساء - عايدة بنت صالح:",
    "content": "\nوزع المكتب التعاوني للدعوة والارشاد وتوعية الجاليات بالأحساء 30 ألف نسخة من الكتاب «كيف تطيل عمرك الإنتاجي؟ باللغة الأردية والبنغالية والمليبارية لمؤلفة الشيخ الدكتور محمد النعيم، رحمه الله بلغات مختلفة. \nوأوضح مدير المكتب المهندس عبدالرحمن الجغيمان، أن المكتب انتهى من ترجمة الكتاب باللغة الفلبينية والتاميلية، فأصبح مجموع اللغات المترجمة للكتاب 6 لغات مختلفة. وقال: الكتاب تناول باختصار معظم الأعمال الصالحة التي ثوابها يضيف لك عمراً إضافياً، ليكون عمرك الإنتاجي من الحسنات أكبر من عمرك الزمني. والكتاب بمثابة مجهر يكشف لأنظارنا أهمية جديدة للعديد من الأحاديث التي نقرأها ونمر عليها أحياناً مروراً دون تدبر. \n",
    "date_extracted": "2015-08-06 01:31:54"
}