{
    "url": "http://www.al-jazirah.com/2015/20150804/du12.htm",
    "title": "حرائق تجتاح ولاية كاليفورنيا الأمريكية بسبب الجفاف",
    "author": "كليرليك - (أ.ف.ب):",
    "content": "\nيبذل آلاف من رجال الإطفاء جهودًا شاقة لإخماد الحرائق التي نجمت عن موجة جفاف استثنائية في ولاية كاليفورنيا الأمريكية حيث تم إخلاء مناطق بأكملها وإغلاق أجزاء كبيرة من الطريق السريع بعد سقوط قتيل واحد. \nوتم إخلاء نحو ستة آلاف منزل بينما يشتعل 21 حريقًا في الولاية الواقعة غرب الولايات المتحدة وتشهد موجة جفاف تاريخية. \nوتفيد أرقام نشرتها سلطات الولاية أن 49 ألف هكتار من الأراضي احترقت حتى الآن. \nوقال مكتب حاكم الولاية جيري براون إن نحو 9600 شخص كانوا يكافحون النار الأحد. واشتعلت معظم هذه الحرائق بسبب الصواعق الجافة في غياب المطر، لكن أسباب اندلاع عديد منها لم يعرف بعد وإن كانت السلطات لا تشتبه بأنها متعمدة. \nوكان مسؤولو جهاز الإطفاء في كاليفورنيا ذكروا أن «آلاف» الصواعق ضربت المنطقة منذ ليل الخميس الجمعة متسببة بمئات من حرائق الغابات الصغيرة. \nوالجمعة أعلن حاكم كاليفورنيا أدموند براون حالة الطوارئ واستدعي الحرس الوطني مما يؤكد حجم التهديد الذي تواجهه الولاية. \nوقال براون في بيان إن الجفاف الحاد والأحوال الجوية «حولا كل الولاية تقريبًا إلى برميل بارود». \nوأضاف أن «اطفائيينا الشجعان في الصف الأول وسنفعل كل ما بوسعنا لمساعدتهم». \nمن جهتها، قالت الناطقة باسم خدمات الإطفاء (كول فاير) لين راوند لفرانس برس: إن «رجالنا يعملون بجد طوال الأسبوعين الأخيرين لاحتواء هذه الحرائق والطقس لم يساعدهم». \nوأضافت أن «الرياح الساخنة والجافة ثم الصواعق التي تضرب المناطق الجافة تؤجج هذه النيران». \n",
    "date_extracted": "2015-08-04 18:34:46"
}