{
    "url": "http://www.al-jazirah.com/2015/20150804/sp11.htm",
    "title": "أغسطس شهر (السوبر) العالمي",
    "author": "الزلفي -  خالد العطاالله:",
    "content": "\nشهر أغسطس شهر (الحر) العالمي، حيث تترتفع فيه درجات الحرارة لمستويات عالية جداً هي الأعلى من بين كل الشهور، ولكنه يبقى شهر (السوبر) العالمي بالنسبة للرياضيين، حيث تقام خلاله مباريات السوبر العالمية، وهي مباريات أبطال المسابقات في الموسم الماضي. \nهذا العام تنوعت المواجهات وظهرت الكثير من المفاجآت أهمها غياب زعيم أوروبا (ريال مدريد). \nبدأ شهر أغسطس فكانت بدايته الكروية وفي يومه الأول مباراة السوبر الألماني بين بايرين ميونخ وفولفسبورج والذي حسمه فولفسبورج لصالحه بضربات الترجيح، كما أقيم في نفس اليوم السوبر الفرنسي بين باريس سان جيرمان وليون وخطف كأسه سان جيرمان بهدفين نظيفين، وفي ثاني أيام الشهر كان لعشاق الكرة الإنجليزية موعد مع السوبر الإنجليزي (درع المجتمع) بين تشلسي وأرسنال ولعل المصادفة الغريبة أن تكون المباراة الأولى الرسمية لأسطورة الحراسة التشيلساوية (بيتر تشيك) أمام فريقة وعشقه السابق (البلوز) والذي لعب له 11 موسما في 494 مباراة، فقاد فريقه الجديد (أرسنال) للفوز والظفر بالبطولة الأولى هذا الموسم بعد أن تصدى لمهاجمي تشلسي حيث انتهت بهدف وحيد لأرسنال والذي احتفظ باللقب الذي حققه أيضاً في الموسم السابق، وسيكون لعشاق الكرة الإيطالية موعد في الثامن من الشهر الثامن مع السوبر الإيطالي بين فريقّي يوفنتوس (بطل الدوري) ولاتسيو (بطل الكأس)، بعده بثلاثة أيام وتحديداً في 11 أغسطس سيقام السوبر الأوروبي بين بطل دوري الأبطال (برشلونة) وبطل الدوري الأوروبي (إشبيلية)، حيث سيكون نهائي أسباني خالص يتكرر دائماً ليثبت علو الليغا الأسبانية، وفي يوم 12 سيكون للعرب موعد مع السوبر السعودي بين العالمي (بطل دوري جميل)، والزعيم (بطل كأس خادم الحرمين)، والذي سيقام لأول مرة في تاريخ الكرة السعودية في عاصمة الضباب (لندن)، بعدها بيومين وتحديداً في 14 من الشهر ذاته سيقام ذهاب السوبر الأسباني بين برشلونة (بطل الدوري) وأتلتيك بيلباو (وصيف بطل الكأس)، وسيكون الإياب بعده بثلاثة أيام، وهذا هو السوبر الوحيد الذي سيكون ذهاباً وإياباً. \nوكما يعلم الجميع أن مباريات السوبر تعتبر خير إعداد وخير بداية لموسم جديد، وفرصة للتسجيل أو لتبديل بعض المحترفين بعد تجربتهم والوقوف على مستوياتهم لاسيما أن شهر أغسطس سيكون كاملاً داخل فترة التسجيل حيث سيقفل التسجيل في يومه الأخير لبعض الدول وبعضها سيزيد قليلاً. \nوبذلك سيكون هذا الشهر مزدحم بمباريات الكؤوس والتي يجد فيها متابعو كرة القدم متعة كبيرة. \n",
    "date_extracted": "2015-08-04 18:36:54"
}