{
    "url": "http://www.al-jazirah.com/2015/20150804/ln23.htm",
    "title": "مستشفى الملك سعود بعنيزة يعترف به كمركز تدريبي",
    "author": "عنيزة - فوزية النعيم:",
    "content": " منظر بانورامي للمستشفى\nحصل مستشفى الملك سعود بعنيزة على شهادة اعتراف عام كمركز تدريبي لبرامج الاختصاص من الهيئة السعودية للتخصصات الصحية, وذلك يؤهل الأقسام التابعة للمستشفى للتقدم بطلب الاعتراف بها لبرامج التدريب التخصصية، ويعتبر الاعتراف ساري المفعول ابتداءً من أول أكتوبر القادم. \nويعتبر مستشفى الملك سعود من المستشفيات المتقدمة في مجال التوعية والتدريب على رأس العمل وهو يسعى دائما بقيادة الدكتور عبدالله الموسى، وفريق العمل إلى رفع مستوى العاملين حتى يتمكنوا من تقديم خدمة أفضل للمواطنين. \n",
    "date_extracted": "2015-08-04 18:37:51"
}