{
    "url": "http://www.al-jazirah.com/2015/20150805/as14.htm",
    "title": "شهادات شكر من الصحة لمختبر تخصصي بريدة",
    "author": "",
    "content": " د. إبراهيم الرشيديتلقى مختبر مستشفى الملك فهد التخصصي ببريدة خطاب شكر وتقدير وتهنئة من قبل الإدارة العامة للمختبرات وبنوك الدم في وزارة الصحة ممثلة بمديرها الأستاذ علي الشريف، وذلك نظير تميزهم وحصولهم على المركز الثالث في برنامج اختبار عينات الجودة الخارجية لقسم الكيمياء الحيوية والمدرج على شركة روش، وكانت المشاركة على مستوى المختبرات في المملكة خلال العام 2014م، كما تلقى المختبر خطاب شكر وتهنئة لحصوله على المركز السابع في برنامج اختبار عينات الجودة الخارجية لقسم الكيمياء الحيوية والمدرج على شركة سمينز للعام 2014م، حيث كانت خطابات الشكر مقدمة لمشرف برامج الجودة النوعية الخارجية في مختبرات منطقة القصيم الأستاذ نايف العنزي. \n من جانبه أثنى مدير المستشفى الدكتور إبراهيم الرشيدي على ما قدمه منسوبو المختبر من جهود كبيرة حققوا من خلالها هذا التميز والذي سيكون له الأثر الكبير للتطوير في المستقبل وتحقيق مراكز متقدمة بإذن الله والذي يعود بالنفع على المراجع، وذلك بتلقي خدمات طبية متميزة وثمن الرشيدي جهود الإدارة المشرفة على البرنامج وكذلك متابعة وجهود مدير المختبر بالمستشفى الأستاذ حمود البطي على الاهتمام في تطوير العمل والخدمات للمرضى في قسم المختبر. \n",
    "date_extracted": "2015-08-06 01:31:27"
}