{
    "url": "http://www.al-jazirah.com/2015/20150804/ln37.htm",
    "title": "مجلس الشؤون الاقتصادية والتنمية يطلع على عدد من الرؤى الاستثمارية والاقتصادية ",
    "author": "جدة - واس:",
    "content": "\nعقد مجلس الشؤون الاقتصادية والتنمية اجتماعاً بعد ظهر أمس الاثنين في قصر السلام بجدة برئاسة صاحب السمو الملكي الأمير محمد بن سلمان بن عبدالعزيز ولي ولي العهد النائب الثاني لرئيس مجلس الوزراء وزير الدفاع ورئيس مجلس الشؤون الاقتصادية والتنمية. وقد اطلع المجلس خلال الاجتماع على عدد من الموضوعات الاقتصادية والتنموية من أبرزها توجهات ورؤى الهيئة العامة للاستثمار وتوجهات ورؤى هيئة المدن الاقتصادية، واتخذ المجلس حيالها عدداً من التوصيات اللازمة لذلك ومنها التأكيد على دعم هيئة المدن الاقتصادية لتحقيق الأهداف التي أنشئت من أجلها». \n",
    "date_extracted": "2015-08-04 18:34:21"
}