{
    "url": "http://www.al-jazirah.com/2015/20150805/fe16.htm",
    "title": "إسلام 286 رجلا وامرأة في رمضان بتعاوني شمال الرياض",
    "author": "الجزيرة – عبدالرحمن اليوسف:",
    "content": "\nحقق المكتب التعاوني للدعوة والإرشاد وتوعية الجاليات في شمال الرياض عددا من الإنجازات خلال شهر رمضان المنصرم في مقدمتها: إعلانه عن إسلام 286 رجلا وامرأة من 7 دول آسيوية وأفريقية، وتفطير أكثر من 50 ألف صائم في 4 مواقع شمال الرياض. وأوضح نائب مدير المكتب الشيخ عبد الحكيم الجاسر أن المكتب خلال شهر رمضان سيّر 8 رحلات عمرة للجاليات وعدد من الشباب المشاركين في دوري سعداء الرياضي، كما نفّذ 162 زيارة دعوية للمشاغل النسائية، تم خلالها توزيع 1193 حقيبة رمضانية على العاملات فيها. بالإضافة إلى زيارة 20 مستشفى ومركزا طبيا ضمن الحملة المجتمعية “شكراً لكم” لتكريم الممرضات ومنسوبي المستشفيات. \n وأضاف الجاسر أن عدد المحاضرات والكلمات التي نسقها المكتب في المساجد بشمال الرياض خلال شهر رمضان بلغ: 112 محاضرة، و 205 كلمة دعوية، وتم تحديث محتوى الشاشات الدعوية في 30 جامعا ومسجدا. وتوزيع 1350 كتابا دعويا. كما نظم المكتب “دوري سعداء” الرياضي بمشاركة أكثر من 2500 شاب في ملاعب الأمانة بحي النفل. \n",
    "date_extracted": "2015-08-06 01:32:15"
}