{
    "url": "http://www.al-jazirah.com/2015/20150804/sp22.htm",
    "title": "الهلال يختتم تدريباته بسالزبورغ ويغادر لشمال إيطاليا تحضيراً لودية أودينيزي ",
    "author": "كتب - عبدالله الحنيان:",
    "content": "\nواصل لاعبو الفريق الكروي الأول بنادي الهلال يوم أمس تمارينهم في معسكرهم الخارجي المقام في سالزبورغ النمساوية، على فترتين، إذ أدى اللاعبون الذين شاركوا بصفة أساسية في لقاء العين الإماراتي أمس الأول تدريبات استرجاعية في الفترة الصباحية، بينما أدى البقية تدريبات اعتيادية تنوعت مابين التمارين اللياقية والفنية، فيما تركزت الحصة التدريبية المسائية على الجوانب الفنية، طبق من خلالها اللاعبون تدريبات التمرير الدقيق والتحرك بدون كرة، قبل أن يختتم الجهاز الفني التدريبات بمناورة على ثلثي مساحة الملعب شهدت مشاركة اللاعب «سعود كريري» ، في حين أدى الثنائي «ياسر القحطاني، نواف العابد» مرانهما بالجري حول الملعب وأداء تدريبات خفيفة باستخدام الكرة، فيما اقتصر مران «عبدالله عطيف» على الجري حول الملعب. \nمن جانبه استهل المهاجم ناصر الشمراني يوم أمس برنامجه العلاجي في عيادة النادي الطبية، إذ يعاني من إصابة كدمة مفصل القدم التي تعرض لها في لقاء العين الإماراتي الودي الأخير. \nيشار إلى أن الفريق سيواصل اليوم تمارينه على فترتين «صباحية، مسائية» ، قبل السفر إلى شمال إيطاليا براً لملاقاة أودونيزي الإيطالي ودياً مساء الغد، في آخر المباريات الودية بمعسكر الإعداد للموسم الجديد. \n",
    "date_extracted": "2015-08-04 18:34:58"
}