{
    "url": "http://www.al-jazirah.com/2015/20150805/sp16.htm",
    "title": "سفير خادم الحرمين الشريفين بمصر يستقبل أخضر الكاراتيه",
    "author": "كتب - سلطان الجلمود:",
    "content": "\nاستقبل سفير خادم الحرمين الشريفين بجمهورية مصر العربية السفير أحمد بن عبدالعزيز القطان أفراد بعثة المنتخب السعودي للكاراتيه المشاركة في البطولة العربية الثالثة للناشئين والشباب وتحت 21 سنه والتي اقيمت بالقاهرة وذلك بمقر السفارة بالقاهرة. \n ورحب القطان بأفراد البعثة وبارك لهم تحقيق المركز الثاني في البطولة العربية الثالثة وتمنى التوفيق للاعبي الأخضر وتمثيل المملكة العربية السعودية خير تمثيل في المشاركات المستقبلية. وقد قدم الدكتور إبراهيم القناص، رئيس الاتحاد السعودي للكاراتيه شكره وتقديره للسفارة السعودية بجمهورية مصر على ما قدمته من تسهيلات لأفراد البعثة. \n نهاية الزيارة قدم الدكتور إبراهيم القناص درع الاتحاد السعودي للكاراتيه لسعادة السفير احمد القطان وتم التقاط الصور التذكارية بهذه المناسبة. \n",
    "date_extracted": "2015-08-06 01:34:38"
}