{
    "url": "http://www.al-jazirah.com/2015/20150805/ec12.htm",
    "title": "المدارس  الابتكارية بحي إشبيليا تكمل استعداداتها للعام الجديد",
    "author": "",
    "content": "استعدت المدارس الابتكارية بحي اشبيليا بمدينة الرياض بجميع مراحلها للعام الدراسي الجديد 1436/ 1437هـ ، واطمأن المشرف العام على المدارس الدكتور عبدالرحمن بن سعد الحقباني على آلية التسجيل ، وذكر الحقباني أن المدارس ستستمر في تطبيق برنامج هارتكورت في تعلم الرياضيات والعلوم والحاسب الآلي باللغة الإنجليزية. وترتكز رؤية المدارس على تقديم تعليم مبتكر يعنى بالربط بين النظرية والتطبيق ويتميز بجودة عالية ومعايير عالمية بسمات وطنية ومبادئ إسلامية في بيئة جاذبة ومحفزة على التعليم لصناعة جيل يصنع المعرفة. وتم اعتماد تقديم امتيازات وحسومات للطلاب المتفوقين والموهوبين في جميع المجالات العلمية والرياضية والفنية والاجتماعية وحفظة كتاب الله واليتامى وذكر الحقباني بأن ولي الأمر شريك للمدارس ومن حقه الاطلاع على خططها وبرامجها وإبداء أي ملاحظات حولها مؤكدا أن المملكة وهي تتطلع إلى تأسيس مجتمع معرفي منافس عالميًا، تدرك أهمية تطوير التعليم لأنه عصب التطوير وأساسه، فهو ينصب على التنمية البشرية واستثمار العقول المنتجة للمعرفة، وأن المدارس استشعرت توجيهات خادم الحرمين الشريفين الملك سلمان بن عبد العزيز «، والتي أعلنها حفظه الله بالاهتمام بالتعليم وبالطالب من منطلق وعي القيادة وفقها الله بأهمية هذا المجال الذي هو منطلق التقدم التقني والعلمي والحضاري، سعيًا لبناء مجتمع مثقف علمي قادر على إنتاج المعرفة واستثمارها. \nوأشار الحقباني في ختام حديثه الى أن إدارة المدارس تنبهت برؤيتها ورسالتها الشامخة التي حددتها إلى أهمية هذا البعد وأن تضعه نصب عينيها لإيجاد مخرجات نوعية عند إعداد أبنائها ليصبحوا متفاعلين مع معطياته، مؤثرين ومتأثرين، أخذاً وعطاءً، بحيث يكتسبون المعرفة، وينتقدوها، و يولدوها، ويوظفوها، بما يساعدهم في حل مشكلاتهم، ومشكلات مجتمعهم ووطنهم، مما يعود بالنفع والخير على الجميع. \n",
    "date_extracted": "2015-08-06 01:34:59"
}