{
    "url": "http://www.al-jazirah.com/2015/20150803/sp20.htm",
    "title": "فواصل",
    "author": "",
    "content": "- خطوة رائعة تحسب لوزارة الشؤون الاجتماعية بإشهار جمعية لاعبي كرة القدم القدامى. والتي تهدف إلى تقديم المساعدات الاجتماعية الصحية والسكنية والمالية للاعبين القدامى. ويشكر معالي الوزير الدكتور ماجد القصبي على تبني هذه الجمعية والموافقة على تأسيسها ودعمها وكذلك المسؤولون في الوزارة. وكل الأمل أن يعقد مؤتمر صحفي موسع من قبل الوزارة لإلقاء مزيد من الضوء على هذه الجمعية وآليات عملها لإيصال صوتها لمن يعنيهم الأمر من اللاعبين القدامى. \n* * \n- المشكلة العالقة بين أندية الطائي والرائد والفتح بشأن تسجيل لاعب الطائي حمد الجهيم للفتح مروراً بالرائد حلها لا يكون بالتصعيد الإعلامي، بل يجب أن يجتمع مسؤولو الأندية الثلاثة ويتدارسوا الموقف ويأخذ كل ذي حق حقه. وإن لم يتوصلوا لحلول ترضي جميع الأطراف فعلى من يرى نفسه متضرراً اللجوء للنظام من خلال لجان اتحاد القدم وتقديم شكوى بذلك، وإن كان له حق سيأخذه. \n* * \n- اضطرت بعض الفرق السعودية التي تقيم معسكرات خارجية إلى إلغاء بعض مبارياتها التجريبية هناك لأسباب متعددة من ضمنها عدم صلاحية الملاعب والخشية من وقوع إصابات!! هذه العقبات هي نتاج السرعة في اتخاذ قرار إقامة المعسكر والارتجال في التنظيم والاعتماد على سماسرة ومتعهدين غير متمكنين. \n* * \n- سيدخل طرفا السوبر المنتظر الهلال والنصر مباراتهما المرتقبة في لندن بنقص شديد في صفوفهما سواء بسبب الإيقاف أو الإصابات التي يعاني منها كثير من نجوم الفريقين. وستؤثّر هذه الغيابات على أداء الفريقين كون الغائبين من أعمدتهما والعناصر الرئيسية. \n* * \n- اللاعب رودريغو مورا أصبح مؤرقاً للنصراويين الذين احتاروا بين تأكيدات حضوره من قبل الإدارة ووكيل أعماله ونفي إدارة ناديه الأرجنتيني، إضافة إلى مدى تأثره جراء الإصابة التي تعرض لها مؤخراً. تعاقدات النصر الأخيرة لم تكن محكمة كسابقاتها وتعرضت للفشل مما استدعى الاكتفاء بالأسماء القديمة. \n* * \n- عدد من السعوديين تعرضوا لعمليات نصب واحتيال من بعض المواقع التي باعتهم تذاكر مزوّرة لمباراة السوبر.!! وذلك بالتأكيد ناشئ عن تقصير إعلامي من الجهة المنظمة التي لم تعلن بشكل كاف كيفية الحصول على التذاكر ولم توضح بشكل مستمر ومتتابع عملية البيع ونسبة الشراء. وكان هذا الغياب فرصة للمحتالين لاقتحام سوق بيع التذاكر المزيّفة ونهب أموال الراغبين في الحضور. \n",
    "date_extracted": "2015-08-03 21:11:25"
}