{
    "url": "http://www.al-jazirah.com/2015/20150805/ln11.htm",
    "title": "6 ملايين معتمر وصلوا إلى المملكة خلال موسم العمرة",
    "author": "المدينة المنورة  - الجزيرة:",
    "content": "\nبلغ عدد المعتمرين الذين زاروا المملكة خلال موسم العمرة وحتى نهاية شهر رمضان المبارك نحو خمسة ملايين و 949 ألف زائر، فيما كان العدد الأكبر للزائرين من جمهورية مصر وباكستان. \n وكانت الرئاسة العامة لشؤون المسجد الحرام والمسجد النبوي قد هيأت الأجواء المناسبة للمعتمرين طوال موسم العمرة في المسجد الحرام والمسجد النبوي، مما أتاح لهم اداء عبادتهم بكل يسر وسهولة وذلك تحقيقا لتطلعات ولاة الأمر حفظهم الله في خدمة قاصدي وزائري الحرمين الشريفين . \n والرئاسة مستمرة في تقديم أرقى الخدمات لمرتادي الحرمين الشريفين في كل وقت وهذه الجموع من المصطافين في إجازة المدارس وغيرها بتجهيز الترتيبات اللازمة لينعم المصلون بالراحة والاطمئنان أثناء أداء عبادتهم. \n",
    "date_extracted": "2015-08-06 01:36:00"
}