{
    "url": "http://www.al-jazirah.com/2015/20150804/ln42.htm",
    "title": "أمير عسير يبحث سوق العمل مع محافظ المؤسسة العامة للتدريب ",
    "author": "أبها - عبد الله الهاجري:",
    "content": "\nاستقبل صاحب السمو الملكي الأمير فيصل بن خالد بن عبدالعزيز أمير منطقة عسير في مكتبه بالإمارة أمس، محافظ المؤسسة العامة للتدريب التقني والمهني الدكتور علي بن ناصر الغفيص والذي يزور المنطقة حالياً. وقد رحب سمو أمير منطقة عسير بمعالي محافظ المؤسسة العامة للتدريب التقني والمهني، وتطرق سموه إلى جهود المؤسسة في المنطقة، والاهتمام في تأهيل الشباب لسوق العمل من خلال الكليات التقنية والمعاهد المهنية بالمنطقة. \nمن جانبه أعرب «الغفيص» عن شكره وتقديره لسمو أمير المنطقة على الحفاوة وحسن الاستقبال. من جهة أخرى، استقبل أمير منطقة عسير في مكتبه بالإمارة أبها، أسرة الشيخ سعيد بن عبدالله آل عطيان شيخ قبائل أكلب رئيس مركز الثنية الذي وافته المنية الأربعاء الماضي. \nوقدمت أسرة الشيخ خلال اللقاء شكرها وتقديرها لسمو أمير المنطقة على تقديمه واجب العزاء في فقيدهم مثمنين مشاركة سمو أمير المنطقة في مصابهم, داعين الله أن يحفظ سموه من كل مكروه. \n",
    "date_extracted": "2015-08-04 18:34:33"
}