{
    "url": "http://www.al-jazirah.com/2015/20150803/ln23.htm",
    "title": "جامعة نجران تستوعب جميع المتقدمينوتؤكد القبول الآلي",
    "author": "نجران - حمد ال شرية:",
    "content": " جامعة نجران\nأتاحت عمادة القبول والتسجيل بجامعة نجران لعام 1436 / 1437هـ القبول لدرجتي البكالوريوس الانتظام والانتساب والدبلوم عبر بوابتها الإلكترونية، حيث استوعبت الجامعة جميع المتقدمين والذين بلغ عددهم قرابة 8000 طالب وطالبة، وذلك في فترة القبول الرئيسية التي بدأت في 13شعبان واستمرت حتى 18 رمضان. \nوأكدت الجامعة بأن عملية الترشيح والفرز تمت بشكل آلي مما يضمن العدالة والشفافية، كما أتاحت إمكانية تحميل المستندات إلكترونياً لطلبة الانتظام، وعبر البريد الممتاز لطلبة الانتساب، وتم تحديد آخر موعد لإرسال المستندات بنهاية دوام الأربعاء 13 شوال؛ مبينة بأن من لم يتمكنوا من التقديم خلال فترة القبول الرئيسية فقد تم معاودة فتح البوابة الإلكترونية من تاريخ 19 رمضان وحتى 21 شوال. \nيذكر أن الجامعة توسعت في التخصصات، حيث بلغ عددها قرابة 45 تخصص للبنين والبنات، منها أربعة تخصصات جديدة هندسة الشبكات والاتصالات وهندسة صناعية وعلم نفس ونظم المعلومات الإدارية. \n",
    "date_extracted": "2015-08-03 21:13:12"
}