{
    "url": "http://www.al-jazirah.com/2015/20150804/lp1.htm",
    "title": "أمطار أغسطس.. حالة نادرة لم تحدث بالمملكة منذ 39 عامًا",
    "author": "عنيزة - فوزية النعيم:",
    "content": "\nتتبع الدكتور عبدالله المسند عضو هيئة التدريس بجامعة القصيم والمتخصص بالجغرافيا والطقس، الحالات المطرية في شهر أغسطس خلال السنوات الماضية، على كل مناطق المملكة. \nوقال الدكتور المسند إن سقوط الأمطار في أغسطس، تعتبر حالات نادرة في السعودية عدا المنطقة الغربية مكة المكرمة والمدينة المنورة والجنوب الغربي والربع الخالي، مشيرا أنه سجلت أمطار غزيرة على الرياض قبل نحو 39 عامًا، حيث بلغت كميتها 17.4 ملم، سالت على إثرها الأودية، وذلك في تاريخ 12 أغسطس 1977. \nبينما سجلت أمطار متوسطة على تبوك، بلغت كميتها 11 ملم، وذلك في 14 أغسطس 1992، بينما سجلت بعدها بسنتين أمطار غزيرة على منطقة الجوف، بلغت كميتها 9 ملم في 28 أغسطس 1994، بينما سجلت أمطار على الأحساء في 26 أغسطس 1977، بلغت كميتها 19.4 ملم، بينما سجلت مكة المكرمة والمدينة المنورة الأعلى في كميات الأمطار، حيث بلغت 38 ملم، وفي مكة بلغت كميتها 35 ملم، سالت على إثرها الأودية والشعاب في كل من مكة المكرمة والمدينة المنورة قبل نحو 18 عامًا في 28 أغسطس 1998. \nوقال المسند منذ 46 عامًا، لم تسجل أي حالات مطرية في أغسطس على الظهران، وفقًا للسجلات المناخية التاريخية. \nيشار إلى أنه من المتوقع أن تشهد سماء منطقة تبوك سحبا رعدية ممطرة يوم غد تحدّ من مدى الرؤية الأفقية، وتستمر حتى المساء. \n",
    "date_extracted": "2015-08-04 18:34:15"
}