{
    "url": "http://www.al-jazirah.com/2015/20150805/ln14.htm",
    "title": "جامعة الملك فيصل تعلن عن وظائف استعانة لحملة الماجستير وفنيين بنظام العقود",
    "author": "الأحساء - محمد النجادي:",
    "content": "\nأعلنت عمادة شؤون أعضاء هيئة التدريس بجامعة الملك فيصل عن حاجتها لموظفين من حملة درجة الماجستير من المواطنين السعوديين «ذكور وإناث»، وذلك للاستعانة بهم للتدريس ومتطلباته في بعض كليات الجامعة، وفق التخصصات التالية: علوم الحاسب، وتقنية المعلومات، ونظم المعلومات، وأساليب كمية، واقتصاد، ومالية، ولغة إنجليزية، ورياضيات، وإدارة أعمال، وإدارة تسويق، وموارد بشرية، وإدارة إنتاج، وإحصاء، ومحاسبة، وإدارة صحية، وتأمين، وإدارة مخاطر. \nوأشار عميد شؤون أعضاء هيئة التدريس الدكتور مطلق العتيبي، إلى أن العمادة تعلن عن حاجتها لشغل وظائف فنيين أيضاً بنظام العقود بكليات العلوم والهندسة والعلوم الطبية التطبيقية، وذلك بمواطنين سعوديين «ذكور وإناث» براتب مقطوع للعمل بكليات الجامعة؛ موضحاً أنه من شروط شغل هذه الوظائف بأن يكون المتقدم سعودي الجنسية، وحاصلاً على المؤهل المذكور أعلاه في المجال المطلوب من جامعة معترف بها وبتقدير لا يقل عن جيد جداً على الأقل في الماجستير؛ مهيباً بمن تتوفر لديه المؤهلات المطلوبة تقديمها من خلال رابط الجامعة https://apps.kfu.edu.sa، وذلك اعتباراً من يوم الاثنين بتاريخ 18/10/1436هـ، وينتهي الساعة الثالثة عصراً من يوم الجمعة بتاريخ 22/10/1436هـ، علماً بأنه لن يتم استقبال أي طلبات ورقية. \n",
    "date_extracted": "2015-08-06 01:36:01"
}