{
    "url": "http://www.al-jazirah.com/2015/20150805/sp28.htm",
    "title": "مدرب الأهلي يطالب بلقاء ودي قوي قبل انطلاقة الدوري",
    "author": "جدة - عمر عبدالعزيز:",
    "content": " جروس\nشرعت إدارة النادي الأهلي في مخاطبة عدد من الأندية الخليجية رغبة في تنفيذ طلب المدرب السويسري كريستيان جروس بتوفير لقاء ودي أمام الفرق القوية عقب نهاية معسكر الفريق الحالي في سويسرا والعودة إلى مدينة جدة، حيث جاء طلب جروس نظراً لرغبته في اختبار القدرات الفنية للفريق قبل انطلاقة الموسم الرياضي الجديد، خصوصاً وأن الفريق اكتفى في معسكره الحالي في سويسرا بملاقاة فرق من الدرجات الدنيا في الدوري السويسري. \n وفي ذات الجانب يختتم الفريق الأهلاوي صباح السبت المقبل معسكره الذي أقيم في سويسرا مابين مدينتي سان مورتيز ولوزان وانطلق في العشرين من شهر يوليو الماضي وخاض خلاله الفريق ثمانية لقاءات ودية أمام فرق سويسرية. \n",
    "date_extracted": "2015-08-06 01:30:48"
}