{
    "url": "http://www.al-jazirah.com/2015/20150804/fe28.htm",
    "title": "مسؤولو أمانة عسير ورؤساء البلديات يلتقون اليوم في محايل",
    "author": "أبها - فيصل الأحمري:",
    "content": "\nتستضيف بلدية محافظة محايل صباح اليوم الثلاثاء الاجتماع الدوري لبلديات منطقة عسير الذي يترأسه أمين المنطقة صالح القاضي، وذلك بحضور عدد من مديري العموم بالأمانة ورؤساء البلديات في المنطقة بمقر مركز الأمير نايف الحضاري.أوضح ذلك رئيس بلدية محايل حمد آل درهم، مشيراً إلى أن اللقاء سيبدأ بكلمة ترحيبية يلقيها أمين منطقة عسير، ثم يليها عرض مرئي لمشاريع بلدية محافظة محايل يلي ذلك مناقشة المواضيع المدرجة في جدول الأعمال وسيقوم المشاركون عقب الإجتماع بجولة ميدانية على بعض مشاريع البلدية. \n",
    "date_extracted": "2015-08-04 18:35:11"
}