{
    "url": "http://www.al-jazirah.com/2015/20150805/du10.htm",
    "title": "الأعرجي: يتهم المالكي بإهدار تريليون دولار ",
    "author": "بغداد - نصير النقيب:",
    "content": "\nقال رئيس الحكومة العراقية حيدر العبادي إن مسؤولي الدولة رفضوا مقترحا سابقا تقدم به بشأن تقليل رواتبهم وتقنين توزيع التيار الكهربائي ووسبق للعبادي ان اقترح تخفيض المسؤولين بالدولة الكبار لرواتبهم وذلك بسبب الازمة المالية التي يعيشها العراق ومع ارتفاع درجات الحرارة وسوء توزيع الطاقة الكهرباء وتزايد موجة الاحتجاجات الشعبية، اقترح العبادي ايضا شمول سكن المسؤولين من ضمنها منزله بقطع التيار الكهربائي إلا ان الاخير اكد في كلمة خلال مؤتمر للتعايش بين الشباب امس الى ان أية خطوة نخطوها للاصلاح تقابل بالرفض، ومن بينها تخفيض رواتب المسؤولين وكذلك شمول المسؤولين بالقطع المبرمج للكهرباء واكد العبادي ايضا على ضرورة تفعيل مبدأ (من اين لك هذا) للجميع، وان تقوم هيئة النزاهة بتشكيل فرق خاصة للتحقيق من الاموال ، واضاف العبادي “اننا اليوم مع شريحة الشباب نسعى للاصلاح وتحسين الخدمات ومحاربة الفساد لأننا في خندق واحد وليس خندقين، مشيدا بدور الشباب في بناء المجتمع وترسيخ التعايش السلمي ومحاربة داعش اضافة الى محاربة الفساد والتخلف مشيرا الى ان تعاون وتضافر جهود الجميع من كتل سياسية ووسائل الاعلام سيسير بالبلد الى الاصلاح وبر الامان لكننا نرى ان هناك تصارعا بين الكتل على المناصب وحتى التضحيات للابطال المقاتلين اصبحت مثار صراع بين الكتل ” لافتا الى ان الفتوى مرجعية الدينية كانت للتطوع للجهاد الكفائي تحت مظلة الدولة وعلم الدولة وأن المنظومة الامنية واحدة لا تتجزأ، داعيا الجميع الى العمل بروح الفريق الواحد لان التعاون افضل من الصراع وحيا العبادي المتظاهرين لالتزامهم بالنظام العام ، وقال: لقد أصدرنا أوامرنا للقوات الامنية بضرورة حسن التعامل مع المتظاهرين وان القوات الامنية التي تقاتل في جبهات القتال هي من حمت المتظاهرين وان العامل المشترك بينهما يتمثل بخدمة الوطن والمواطن ، وفي اطار اخر كشف نائب رئيس الوزراء العراقي لشؤون الطاقة بهاء الأعرجي عن هدر حكومة رئيس الوزراء السابق نوري المالكي نحو تريليون دولارونقل مكتبه الاعلامي عن الأعرجي قوله في تصريحات صحافية له إنه مع تصاعد وتيرة التظاهرات الجماهيرية ضد سوء الخدمات، خاصة الكهرباء، لا بد من وضع النقاط على الحروف لافتا الى أن الحكومات السابقة لم تكن لديها استراتيجية على هذا الصعيد، سواء على صعيد نصب المحطات أو نوعيتها ونقل الطاقة وتوزيعها أو على مسوى الاستثمار الذي لم تكن تؤمن به الحكومة السابقة (حكومة نوري المالكي لمدة ثمانية أعوام)، بينما نحن الآن بدأنا بالاستثمار في عدة محافظات وأضاف الأعرجي لقد أهدرت الحكومة السابقة نحو تريليون دولار، وهي عبارة عن 800 مليار دولار موازنات العراق النفطية منذ عام 2004 وحتى 2014 ، إضافة إلى نحو 200 مليار دولار منحا ومساعدات لا توجد حسابات ختامية حتى نعرف كيف أنفقت ولا يوجد إنجاز على الأرض حتى نتلمس تلك الأموال من خلال مشاريع ومنجزات من ناحية أخرى ، يرى الأعرجي أن المشكلة الوحيدة التي يعانيها رئيس الوزراء حيدر العبادي هي أنه يريد أن يعمل ، ولكن لا أحد يقف معه أو يسند ظهره بحسب تعبيره. \n",
    "date_extracted": "2015-08-06 01:33:48"
}