{
    "url": "http://www.al-jazirah.com/2015/20150805/sp22.htm",
    "title": "وصول الطاقم التدريبي لنادي اللواء ببقعاء",
    "author": "بقعاء - فهد الشيحان:",
    "content": "\nوصل الى مطار حائل الطاقم الفني التونسي الذي تعاقدت معه إدارة نادي اللواء ببقعاء حيث استقبل المشرف الرياضي بنادي اللواء بمحافظة بقعاء الأستاذ ماجد أحمد العايد الطاقم الفني التونسي وهم: مدرب الفريق الاول الكابتن عماد الجندوبي، والدكتور خالد بدير اخصائي علاج طبيعي، ومدرب حراس المرمى الكابتن رضا ديوه، ومدرب الشباب الكابتن محمد المستيري.. وسوف يبدأ الطاقم الفني عمله بالنادي خلال أيام قليلة. \n",
    "date_extracted": "2015-08-06 01:34:41"
}