{
    "url": "http://www.al-jazirah.com/2015/20150804/ln20.htm",
    "title": "وزير التعليم  يعزي ذوي حارس مدرسة بالقريات",
    "author": "القريات - هاشم ابو هاشم:",
    "content": "\nأجرى معالي وزير التعليم الدكتور عزام الدخيّل ، اتصالاً بذوي حارس مدرسة حسان بن ثابت المتوسطة بالقريات عبدالله الشراري، الذي لقي حتفه غرقاً في بركة مياه داخل المدرسة، حيث نقل خلاله تعازيه الشخصية ومنسوبي الوزارة بوفاته -يرحمه الله - متمنياً معاليه أن يتغمده الله بواسع رحمته وأن يلهم أهله وذويه الصبر والسلوان. \nوكان مدير تعليم القريات بالإنابة عطالله البلوي، وعدد من منسوبي الإدارة قد نقلوا تعازي مدير التعليم محمد الثبيتي، ومنسوبي التعليم لذوي الفقيد. \nذكر ذلك مدير الإعلام التربوي والمتحدث الرسمي بتعليم القريات علي العطشان. \n",
    "date_extracted": "2015-08-04 18:37:45"
}