{
    "url": "http://www.al-jazirah.com/2015/20150805/ln45.htm",
    "title": "تحالف السعودية ومصر والإمارات",
    "author": "فاطمة العتيبي",
    "content": "زيارة سمو ولي ولي العهد لمصر محمد بن سلمان ولقاؤه بفخامة الرئيس عبدالفتاح السيسي هي زيارة تاريخية في توقيتها ونتائجها الذي نتج عنها تحالفا وتعاونا مع مصر والإمارات وتوحيد الرؤية والمواقف للتصدي لأي أطماع فارسية في المنطقة. \nوأي محب للسلام والاستقرار لابد أن يدعم هذا التقارب والتعاون. \nومثلما أن هناك أقلام وأصوات ناعقة في مصر تعمل على التقليل من كل عمل سياسي وتنموي يقوم به السيسي من منطلق كراهيتهم للسيسي ومحبتهم لمرسي وطموحهم بعودة سلطة الإخوان وهو الحزب الذي أول اتفاقياته عقدها مع ملالي إيران. \nإذا كان في مصر ناعقون فالناعقون لدينا كثر إنهم يخضعون لتوجيهات المرشد للإخوان الخلاجنة «القرضاوي ونائبه». وهم لايألون جهدا في استغلال كل فرصة للإساءة لمصر العظيمة والتقاط أقوال صحف ومحطات المعارضة وتضخيم شأنها في الهجوم على السعودية ليتخذوا من ذلك ذريعة للاساءة إلى مصر وإعلامها المعتدل الذي يقدر المملكة ومواقفها الداعمة ويقدر للإمارات مساندتها. \nتحالف السعودية ومصر والإمارات يبطل خطط التقسيم والفوضى الخلاقة والتمدد الفارسي، ودولة الإخوان أو دولة الخلافة، أو أي طموح نزق لمذهب أو طائفة أو حزب. \nومثلما أن خصومنا يخططون فنحن أيضا لدينا عقول تخطط، وتمتلك بعد نظر ورؤية استراتيجية، مصر الدولة القوية العروبية المسلمة هي الحليف الذي لايخون عهدا. \nأما حزب الإخوان و منظمة حماس والفرس ومن تبعهم فلا يرقبون فينا إلا ولا ذمة، كفانا الله شرالقريب منهم والبعيد. \nمقالات أخرى للكاتبسعود الفيصل: ستبقى وشماً على كف الوطندواعش إلا ربع!هل تصنع الثقافة إرهابياً.. أسامة بن لادن نموذجاًلن نخضع.. لن نتوقف !الوحدة الوطنية تصنع التحول",
    "date_extracted": "2015-08-06 01:33:09"
}