{
    "url": "http://www.al-jazirah.com/2015/20150804/du11.htm",
    "title": "رئيس كردستان العراق يتوقع تحرير سنجار من داعش ",
    "author": "بغداد - وكالات:",
    "content": "\nتوقع رئيس اقليم كردستان مسعود بارزاني تحرير بقية مناطق سنجار التي مازالت تحت سيطرة تنظيم داعش قريبا. وطالب بارزاني ، في كلمة ألقاها في مدينة دهوك الأكراد الايزيديين ، بعدم التفكير في عمليات الثأر والانتقام العشوائي تجاه المتهمين بالاشتراك مع مسلحي داعش أو مساعدتهم على احتلال سنجار وعمليات القتل الجماعي بحق الايزيديين واختطاف الآلاف من الأطفال والنساء والشباب الايزيديين والمشاركة في جرائم خطف البنات الايزيديات وبيعهم في أسواق النخاسة. وقال «لن نتعرض لاحد ولأي مواطن أو شخص لم يشارك في جرائم داعش بحق الايزيديين فهم أخوة لنا ولكن من يثبت قانونا تورطه في المشاركة أو المساعدة في تلك الجرائم فلن يفلت من العدالة والعقاب مهما طال به الزمن». \n وأشار بارزاني الى انه جلس قبل فترة مع رؤساء عشائر ووجهاء من عرب المنطقة وأبلغهم بانهم أخوة ، مؤكدا على التعايش والتسامح، ولكن وبكل صراحة لا تسامح ولا عفو لكل من يثبت قانونا ارتكابه لجرائم القتل والخطف واختطاف النساء وسلب ممتلكات المواطنين. وأكد بارزاني خلال كلمته أن «كافة منطقة سنجار ستتحرر خلال الفترة المقبلة»، مشيرا الى أن «عملية التحرير تأتي ضمن عمليات كبرى في سنجار ومناطق مجاورة لها تشترك فيها اضافة الى قوات البيشمركة، القوات العراقية ومساندة قوات التحالف الدولي». \nمن جهة اخرى أفاد مسؤول أمني امس الإثنين بمقتل18 من عناصر تنظيم داعش و11 عراقيا في مدينة بعقوبة شمال شرقي بغداد./وقال المسؤولون لوكالة الأنباء الألمانية ان قائمة القتلى شملت قاسم غني الناصري من قيادات الخط الأول في تنظيم داعش وهو أحد أقارب الرئيس الاسبق صدام حسين . وأشار المسؤولون إلى مقتل 11 مدنيا وإصابة 16 آخرين في انفجار عبوتين ناسفتين في شمالي بعقوبة. \n",
    "date_extracted": "2015-08-04 18:34:45"
}