{
    "url": "http://www.al-jazirah.com/2015/20150805/du13.htm",
    "title": "تأخُّر سحب الأسلحة من منطقة الصراع بأوكرانيا ",
    "author": "مينسك - د ب أ:",
    "content": "\nلم يتم إحراز تقدم في سحب الأسلحة المتفق عليه من منطقة الجبهة في منطقة النزاع شرقي أوكرانيا. وقال متحدث باسم الانفصاليين، فلاديسلاف دينيجو، في تصريحات لوكالة (تاس) للأنباء إن أطراف النزاع لم يتفقوا على التفاصيل خلال مباحثاتهم التي استمرت نحو عشر ساعات في العاصمة البيلاروسية مينسك. وحمَّل دينيجو الحكومة الأوكرانية مسؤولية التأخير في سحب الأسلحة. \nوأوضح الانفصاليون الموالون لروسيا أمس الثلاثاء أنه تم استئناف المباحثات حول إقامة منطقة منزوعة السلاح.ومن المقرر خلال هذه المباحثات أن يتم مناقشة تبادل السجناء وتطبيق وضع خاص لمنطقتي دونيتسك ولوهانسك الواقعتين تحت سيطرة الانفصاليين.. وتشارك منظمة الأمن والتعاون في أوروبا في هذه المباحثات. ودعا ممثل المنظمة في مجموعة الاتصال الخاصة بالأزمة الأوكرانية، مارتن سايديك، إلى سرعة إعادة إمدادات المياه التي انقطعت بسبب المعارك في منطقة الأزمة.. وتقوم مجموعة من الخبراء بفحص خزانات المياه والمواسير. وفي هذا السياق قال دبلوماسي نمساوي: «يهتم الجميع بإنجاز العمل بسلاسة؛ لأن الخطوط سوف تمد كلا الجانبين بالمياه». وحدث مجدداً تبادل إطلاق النار بين وحدات القيادة الأوكرانية والانفصاليين في منطقة النزاع دونباس. وذكرت التقارير الأولية أن هذه الأحداث أسفرت عن إصابة عدة أشخاص. \n",
    "date_extracted": "2015-08-06 01:33:52"
}