{
    "url": "http://www.al-jazirah.com/2015/20150803/sp4.htm",
    "title": "الفيصلي يتفوق على توشا التركي والنجعي يواصل برنامجه العلاجي",
    "author": "المجمعة - عمار العمار:",
    "content": " من اللقاء\nتغلب فريق «الفيصلي» الأول لكرة القدم على نظيره «توشا ناليت التركي» بهدف وحيد مقابل لا شيء، في اللقاء الذي جمعهما مساء امس الاول، في رابع مبارياته الودية بمعسكره التحضيري المقام حاليًا في مدينة «آفيون» التركية. حيث أحرز اللاعب البرازيلي «جابرييل» الهدف الوحيد عن طريق ركلة زاوية في الدقيقة ( 55) ، وبدأ مدرب الفريق الروماني «ليفيو كيوبتاريو» «المباراة بكل من (سليمان سفياني محمد سالم ، هادي خمج ، ياسين برناوي وسام السويد ، عمر عبدالعزيز ، فهد الرشيدي جابرييل ، محمود المواس فهد المنيف اونوليو) فيما أشرك في الشوط الثاني كلًا من (إبراهيم زايد، فواز فلاته، سالم الخيبري) كبدلاء عن ( سليمان سفياني ، ياسين برناوي ، اونوليو ). \nوعلى صعيد متصل أجرت المجموعة التي شاركت في لقاء الجيل الماضي تدريبات لياقية داخل صالة الحديد بالفندق فيما واصل الحارس «منصور النجعي» برنامجه العلاجي هذا وسيؤدي لاعبو الفريق تدريباتهم، على فترتين صباحية ومسائية خلال الأيام القادمة. \n",
    "date_extracted": "2015-08-03 21:11:12"
}