{
    "url": "http://www.3alyoum.com/finance/a/أسعار-اللحوم-ترتفع-بنسبة-15-قبل-رمضان-وا/",
    "title": "أسعار اللحوم ترتفع بنسبة 15% قبل رمضان.. والباعة يتعذّرون برواتب العمالة",
    "author": "",
    "content": " Next Previous أحمد حجازي – عين اليوم\nشهدت أسواق اللحوم في محافظة جدة قبل حلول شهر رمضان ارتفاعا في أسعار اللحوم الحمراء وصل إلى ما يقارب 15% على الرغم من توفر كميات كبيرة من اللحوم وخاصة الأغنام والأبقار التي يكون الإقبال عليها كبيراً من قبل المستهلكين.\nوأكد أحد الباعة لـ”عين اليوم”  أن هناك زيادة في الطلب وهذه الزيادة يترتب عليها ارتفاع بنسبة 10% إلى 15% بحكم توفير كميات أكبر وعمالة أكثر لاستقبال المستهلكين، لذلك نضطر لدفع زيادة في رواتب العمالة بحكم العمل وقت الصيام.\nمن ناحية أخرى ارتفعت أسعار الذبائح الحية من الأغنام المحلية من 900 ريال إلى 1400 ريالً.  .\nوأكد مستهلكون أن  الزيادة في الطلب على اللحوم في هذه الفترة بحكم قرب شهر رمضان خلافًا عن أشهر السنة الأخرى أدت الى الارتفاع في الاسعار، مطالبين الجهات ذات العلاقة بضبط الأسعار قبل ارتفاعها بشكل مبالغ فيه مع حلول شهر رمضان المبارك. ",
    "date_extracted": "2015-07-24 15:46:13"
}