{
    "url": "http://www.3alyoum.com/news/regions/a/أمن-طرق-الطائف-يطيح-بمواطن-بحوزته-400-حبة/",
    "title": "أمن طرق الطائف يطيح بمواطن بحوزته 400 حبة مخدرة",
    "author": "",
    "content": " حاتم النجيمي – عين اليوم\n أطاحت دوريّات أمن الطرق على طريق الطائف – الرياض السريع بمواطن يقود مركبة مسروقة وبحوزتة 400 حبة من حبوب الكبتاجون المخدرة.\n وذكرت مصادر لـ”عين اليوم” أن دوريّات القوة الخاصة لأمن الطرق بمنطقة مكة المكرمة على طريق الرياض السريع اشتبهت في سيارة تويوتا بكب 2014 متوقفة داخل إحدى محطات الوقود، وبالتأكد من وضعها وسائقها اتضح أنه مواطن سعودي وبتفتيش السيارة عثر بداخلها على كيس بلاستيكي يحتوي على 400 حبة من حبوب الكبتاجون المحظورة، وكذلك تبين أن السيارة مطلوبة من قبل شرطة منطقة الرياض وتم تسليم الحالة لجهة الاختصاص. سمات إطاحة الرياض الطائف حبوب مخدرة ",
    "date_extracted": "2015-07-24 15:56:21"
}