{
    "url": "http://www.3alyoum.com/news/pol/a/داعش-يعلن-خطف-ثلاثة-مسيحيين-أفارقة-في-ل/",
    "title": "داعش يعلن خطف ثلاثة مسيحيين أفارقة في ليبيا أحدهم مصري",
    "author": "",
    "content": " عين اليوم – بنغازي\nقال تنظيم الدولة الإسلامية إنه خطف ثلاثة مسيحيين افارقة في شرق ليبيا ونشر صور جوازات سفرهم.\n وأضاف التنظيم في بيان على وسائل التواصل الاجتماعي دون إعطاء تفاصيل أن الثلاثة من مصر ونيجيريا وغانا .\n وخُطف الثلاثة في النوفلية وهي أحد معاقل تنظيم الدولة الإسلامية جنوب شرقي مدينة سرت وذلك حسبما قال أحد السكان الذي طلب عدم نشر اسمه.\n وقال محمد الحجازي وهو متحدث عسكري موال للحكومة المعترف بها دوليا والتي يوجد مقرها في الشرق إن عملية الخطف وقعت في البلدة الصغيرة.\n ووسع تنظيم الدولة الإسلامية في ليبيا من خلال استغلاله الفوضى وفراغا أمنيا مثلما حدث في العراق وسوريا. سمات خطف داعش ليبيا ",
    "date_extracted": "2015-07-24 15:59:24"
}