{
    "url": "http://www.3alyoum.com/news/local/a/تعرّف-على-آخر-تطورات-قضية-التحرّش-بفتا/",
    "title": "تعرّف على آخر تطورات قضية التحرّش بفتاتي جدة",
    "author": "",
    "content": " عين اليوم – متابعات\nأمرت دائرة العرض والأخلاق بهيئة التحقيق والادعاء العام بتمديد حبس المتورطين الذين ظهروا بمقطع فيديو التحرش بفتاتي جدة، 15 يوماً، رافضة إطلاق سراحهم.\nوأشارت مصادر حسبما أوردت صحيفة “عكاظ”، إلى أنه سيتم استدعاء عدد آخر من الشباب متهمين في قضية التحرش، بالإضافة إلى استدعاء المسؤول عن مركز تأجير الدبابات على الكورنيش، مبينة أنه سيتم استدعاء الفتاتين إذا ثبت تورطهما في القضية.\nوكانت هيئة التحقيق والادعاء العام بدأت الثلاثاء الماضي، التحقيق مع الشباب المتهمين في واقعة التحرش التي شهدها كورنيش محافظة جدة خلال أيام العيد، وذلك بعدما أثار مقطع فيديو وثق الواقعة، ردود فعل واسعة عبر مواقع التواصل.\nمن جهتها، أوضحت مستشارة الصحة النفسية بالشؤون الصحية بمنطقة مكة المكرمة، الدكتورة نورة عبد الستار، أن انتشار ظاهرة التحرش الجنسي، يعود إلى ضعف الوازع الديني، وكثرة مشاهدة المقاطع الإباحية، بالإضافة إلى الفراغ النفسي والعاطفي لدى الشباب، وتخلي بعض الأسر عن مسؤوليتها تجاه الأبناء، مشيرة إلى أن عدم وجود قوانين رادعة، وغياب الوعي الثقافي والديني، تسبب في انتشار الظاهرة. سمات تحرش جدة فتاتي جدة هيئة التحقيق والادعاء العام ",
    "date_extracted": "2015-07-24 15:37:55"
}