{
    "url": "http://www.3alyoum.com/sports/a/شاهد-جلسة-بحضور-السهلاوي-موضوعها-ناص/",
    "title": "شاهد.. جلسة بحضور “السهلاوي” موضوعها “ناصر الشمراني”",
    "author": "",
    "content": " \nعين اليوم – جدة\nأظهر مقطع فيديو متداول، نجم نادي النصر والمنتخب محمد السهلاوي في جلسة مع مجموعة من الشباب، تطرقت إلى مناقشة بعض الجوانب في المشهد الرياضي.\nوتناول الحضور نجم نادي الهلال ناصر الشمراني، وقارنوا بينه وبين نجم الهلال “ياسر القحطاني” منتقدين بعض تصرفاته التي أثارت الجدل في الفترة الأخيرة، فيما كان السهلاوي متحفظاً طيلة النقاش، وكانت مداخلته محدودة، عن رد فعل الجمهور الهلالي على بعض تصرفات نجمه الشمراني. سمات السهلاوي الشمراني ياسر القحطاني ",
    "date_extracted": "2015-07-24 15:47:57"
}