{
    "url": "http://www.3alyoum.com/news/a/وداعاً-سعود-الوطن/",
    "title": "وداعاً “سعود” الوطن..",
    "author": "",
    "content": " Next Previous  \nنايف عبدالله – عين اليوم\nأدى خادم الحرمين الشريفين الملك سلمان بن عبدالعزيز آل سعود عقب صلاة العشاء اليوم، في المسجد الحرام بمكة المكرمة صلاة الميت على صاحب السمو الملكي الأمير سعود بن فيصل بن عبدالعزيز ، وزير الدولة ، عضو مجلس الوزراء ، المستشار والمبعوث الخاص لخادم الحرمين الشريفين ، المشرف على الشؤون الخارجية رحمه الله.\nوعبر السعوديون عبر مواقع التواصل الاجتماعي عن حزنهم على فراق عميد الدبلوماسية والوزير الحديدي الأمير سعود الفيصل الذي خدم وطنه وزيراً للخارجية السعودية قرابة 4 عقود. ",
    "date_extracted": "2015-07-24 15:40:52"
}