{
    "url": "http://www.3alyoum.com/news/a/مصادر-عين-اليوم-القبض-على-المطلوب-أنس/",
    "title": "مصادر “عين اليوم”: القبض على المطلوب أنس الشهري ومحاصرة 3 آخرين في المجاردة",
    "author": "",
    "content": " عبدالرحمن الشهري – المجاردة\nعلمت “عين اليوم” من خلال مصادرها أن الجهات الأمنية تمكنت قبل قليل في محافظة المجاردة من القبض على المطلوب الأمني أنس أسامة الشهري بعد محاصرته في أحد الشقق المفروشة، وطوقت قوات الطوارئ الخاصة والجهات الأمنية الموقع، وأشارت مصادرنا إلى أنه برفقة الشهري 3 مطلوبين آخرين ولاتزال العملية محل المتابعة الأمنية. سمات المطلوب أنس الشهري ",
    "date_extracted": "2015-07-24 15:55:38"
}