{
    "url": "http://www.3alyoum.com/news/a/شاهد-نجوم-الهلال-يعايدون-جماهيرهم/",
    "title": "شاهد.. نجوم الهلال يعايدون جماهيرهم",
    "author": "",
    "content": " \n \nمنيف الشهراني – الرياض\nقدم لاعبي الفريق الكروي الأول بنادي الهلال التهنئة لجماهير فريقهم بمناسبة عيد الفطر، حيث أضاف تطبيق الهلال مقطع فيديو عبر موقع التواصل الاجتماعي “يوتيوب” لعدد من اللاعبين وهم يقدمون التبريكات والتهاني للجماهير الهلالية، وكان أبرز اللاعبين سعود كريري و سالم الدوسري وياسر القحطاني. سمات الهلال ",
    "date_extracted": "2015-07-24 15:47:47"
}