{
    "url": "http://www.3alyoum.com/culture/a/القصبي-يرد-على-داعش-الحامي-هو-الله-وسي/",
    "title": "القصبي يرد على داعش: الحامي هو الله.. و”سيلفي” جهاد",
    "author": "",
    "content": " \n عين اليوم – جدة\nأبدى نجم الكوميديا السعودية وبطل مسلسل #سيلفي، ناصر القصبي، قناعة شديدة بدوره في الحلقات الأولى من البرنامج، مؤكدا في رده على تهديدات القتل بقوله “إن الحامي هو الله وإن عمل “سيلفي” هو جهاد أيضا في اعتقادي، ضد من يعتقدون أنهم يجاهدون”.\nنجم الكوميديا ناصر القصبي، ونجم الكتابة الساخرة خلف الحربي، حلاّ ضيفين على برنامج “تفاعل كوم” في قناة “العربية”، وأجابا بصراحة على اهتمامات الجمهور، الذي يعيش على وقع حلقتي الدواعش” في مسلسل سيلفي.\nالقصبي، قال إنه “سعودي ابن هذا البلد ومن حقه أن يعبر عن رأيه، ولا يقبل أن يزايد عليه أي أحد في الوطنية”، مؤكدا بقوله “في الأول والأخير الحامي هو الله، ومهمة الفنان هي كشف الحقيقة حتى ولو كانت على حسابه، وهذا ثمن يجب أن ندفعه. ولو كنا غير جادين لبقينا في بيوتنا”.\nوأعلن القصبي أنه سيلجأ إلى القضاء ضد من يشوه سمعته، مؤكدا أنه لن يقاضي الشيخ الذي كفّره، لأن هذا الشيخ قد سحب كلامه.\nالكاتب الساخر خلف الحربي، بدوره، أجاب على أسئلة الجمهور والمتابعين، وأوضح أولا أن “الخوف ليس على حياته وحياة ناصر القصبي، وإنما الخوف الحقيقي هو على أمن البلد وعلى أبناء البلد الذين يذهبون ولا يعودون”.\nفنيا، قال الحربي إنه لا يوجد أي استقصاد في حلقة الشاب المغني المتدين، وحلقتي داعش، وأوضح أن “ما عرض ليس سوى 3 حلقات من أصل 30 حلقة ستستعرض مواضيع أخرى كثيرة ومتنوعة”.\nواعترف خلف الحربي بعجزه عن تصوير كل بشاعات داعش، وقال إن “ما عرض في “سيلفي” قليل من كثير موجود في الواقع وليس من الخيال”.\n  سمات جهاد خلف الحربي داعش ناصر القصبي ",
    "date_extracted": "2015-07-24 15:49:38"
}