{
    "url": "http://www.3alyoum.com/news/golobal/a/زواج-مبكر-لطفل-وطفلة-مصريين-يشعل-مواقع/",
    "title": "زواج مبكر لطفل وطفلة مصريين يشعل مواقع التواصل",
    "author": "",
    "content": " عمر إبراهيم – عين اليوم\nاستعان مواطن مصري بموقع التواصل الاجتماعي فيسبوك، كي ينشر صور خطوبة ابنته بالصف الثالث الابتدائي على ابن خالتها بالرابع الابتدائي.\nوأثارت هذه الصور حالة من السخط بين النشطاء الذين تمنوا أن تكون تلك الصور مجرد دعابة، لأن الزواج المبكر آفة تضرب مجتمعاتنا.\nوكتب الأب عيد البنا: “تم اليوم بحمد الله خطبة ابنتي سلمى عيد البنا ثالثة ابتدائي، إلى ابن خالتها يوسف وائل، رابعة ابتدائي، والزفاف بعد التخرج إن شاء الله”.\n  سمات خطوبة طفل ",
    "date_extracted": "2015-07-24 16:01:08"
}