{
    "url": "http://www.3alyoum.com/news/golobal/a/بعد-54-عاما-الرئيس-الكوبي-يرفع-علم-بلاده/",
    "title": "بعد 54 عاما.. الرئيس الكوبي يرفع علم بلاده في واشنطن",
    "author": "",
    "content": " عمر إبراهيم – عين اليوم\nرفع وزير الخارجية الكوبي برنو رودريغيز علم بلاده أمس، في احتفال إعادة العلاقات الدبلوماسية مع الولايات المتحدة في واشنطن ليسجل بذلك العودة التاريخية للعلاقات الدبلوماسية بين واشنطن وهافانا بعد 54 عاماً من التوترات. سمات امريكا برنو رودريغيز كوبا ",
    "date_extracted": "2015-07-24 16:01:43"
}