{
    "url": "http://www.3alyoum.com/sports/a/صحيفة-رومانية-ريجيكامب-كذاب/",
    "title": "صحيفة رومانية: ريجيكامب “كذاب”",
    "author": "",
    "content": " سلوى سعد – متابعات\n اعتبرت صحيفة سبورت الرومانية ، أن ما جاء بالملصق الذي تم توزيعه بمناسبة افتتاح مدرب الهلال السابق ريجيكامب لأكاديمية لتعليم الأطفال مهارات كرة القدم ، أمراً معيباً في حق ريجي إذ أعد المدرب إنجازاته في هذا الملصق والتي كان منها أنه تأهل إلى الدور ربع النهائي مع ستيوا في بطولة دوري أبطال أوروبا وهو الأمر غير الحقيقي .\n الصحيفة قالت إن الترجمة ربما تكون سبب هذا الخطأ ، يذكر أن ريجي لم يحقق مع ستيوا أي نتيجة إيجابية في البطولة الأوروبية وخرج من دوري المجموعات.\n وأعلن ريجي المقال من الهلال منذ فبراير الماضي عن إنشاء أكاديمية لتعليم الأطفال فنون كرة القدم وأنشأ لها فرعان الأول في مدينة لاس فيجاس حيث يسكن هناك في الفيلا التي اشتراها عقب رحيله من الهلال وفرع آخر في هندرسون. سمات الهلال ريجيكامب ",
    "date_extracted": "2015-07-24 15:46:52"
}