{
    "url": "http://www.3alyoum.com/technology/a/تطبيق-بالهواتف-يجعل-أطفال-الأسابيع-ال/",
    "title": "تطبيق بالهواتف يجعل أطفال الأسابيع الأولى وكأنهم بمكياج كامل",
    "author": "",
    "content": " Next Previous عين اليوم – متابعات\nنشر الموقع الإلكتروني بورد باندا، صوراً لطفلة تبلغ من العمر 7 أسابيع قامت والدتها المجنونة باستخدام تطبيق هواتف جديد يجعل ابنتها وكأنها تضع مكياجاً كاملاً في وجهها وبدت الطفلة وكأنها كالبلياتشو. ",
    "date_extracted": "2015-07-24 15:52:37"
}