{
    "url": "http://www.3alyoum.com/news/a/شاهد-كيف-عاقب-البرازيليون-سائق-وقف-في-ا/",
    "title": "شاهد كيف عاقب البرازيليون سائق وقف في المكان المخصص لـ”ذوي الاحتياجات الخاصة”؟",
    "author": "",
    "content": " \n  عين اليوم – متابعات وقع أحد مالكي السيارات في البرازيل في موقف محرج جداً، بعد ان قام بركن سيارته في المكان المخصص لسيارات ذوي الاحتياجات الخاصة.\n حيث فوجيء بطلاء سيارته بالكامل باللون الأزرق مرسوم عليها علامة ذوي الاحتياجات الخاصة وهو الأمر الذي كاد يصيب قائد السيارة بالجنون ما جعله أضحوكه لكل من شاهده من المارة الذين ارتأو أنه يستحق هذا الجزاء لعدم احترامه لقواعد وآداب المرور وبخاصة الموقع المخصص لذوي الاحتياجات الخاصة. سمات البرازيل ذوي الاحتياجات الخاصة ",
    "date_extracted": "2015-07-24 16:02:44"
}