{
    "url": "http://www.3alyoum.com/technology/a/ابتكار-شمعة-لشحن-الهواتف-الذكية/",
    "title": "ابتكار شمعة لشحن الهواتف الذكية",
    "author": "",
    "content": " داليا أبوالعيش – عين اليوم\n قام العلماء بتطوير أحدث طريقة لشحن الهاتف الذكي عن طريق اللهب الذي تنتجه الشمعة في حالة انقطاع التيار الكهربائي، والشمعة التي تم تطويرها للعمل كشاحن تستخدم المولدات الحرارية لتحويل الحرارة من اللهب إلى حوالي 2.5 واط من الطاقة، ويقول المطورون إنه يمكن استخدامها لشحن الأجهزة المحمولة مثل الهواتف والكاميرات وغيرها من الأجهزة من خلال منفذ USB\n الجهاز مزود بالمولدات الحرارية المثبتة على الجزء السفلي وبها وعاء يوضع به الماء ثم يوضع شمعة أو الموقد أسفلها بالإضافة إلى usb وهو يعطي طاقة 6 ساعات تكفي لشحن اثنين من الهواتف الذكية.\n ونقلا عن صحيفة ديلي ميل البريطانية فإن هذا الجهاز تم تطويره من قبل شركة تحمل اسم Stower مقرها سان فرانسيسكو، والهدف منه هو مساعدة المناطق التي تعيش فترات طويلة بدون كهرباء في تشغيل أجهزتها بشكل متطور، والشاحن الشمعة متاح الآن على موقع kickstarter لتلقي الدعم المادي اللازم للإنتاج. سمات الهواتف الذكية شحن شمعة ",
    "date_extracted": "2015-07-24 15:51:28"
}