{
    "url": "http://www.3alyoum.com/sports/a/الهلال-لـالنصر-هيا-جيتك-وبكيتك/",
    "title": "الهلال لـ”النصر”: هيا جيتك.. وبكيتك",
    "author": "",
    "content": " Next Previous عين اليوم – جدة\nحرم الهلال منافسه النصر بطل الدوري من تحقيق الثنائية المحلية بعدما فاز عليه بركلات الترجيح في نهائي كأس الملك لينقذ موسمه.\nوسجل محمد جحفلي هدفا بالرأس في الدقيقة الأخيرة للوقت الإضافي ليدرك الهلال التعادل بعدما كان النصر قد تقدم عبر محمد السهلاوي في الدقيقة الثانية من الشوط الاضافي الأول بعدما انتهى الوقت الاصلي بالتعادل السلبي.\n وفاز الهلال 7-6 في ركلات الترجيح لينقذ موسمه بعد أن احتل المركز الثالث في دوري المحترفين.\n وفي الدقيقة الأخيرة للوقت الإضافي لعب الشلهوب ركلة ركنية إلى البرازيلي تياجو نيفيز الذي حولها في طريق جحفلي ليودعها المرمى.\n وألغى جحفلي هدف السهلاوي الذي وضع النصر في المقدمة بعدما ارتقى لكرة عرضية من البولندي ادريان ميرجيفسكي وأودع الكرة برأسه على يمين الحارس خالد الشراحيلي.\n وبدأ الهلال المباراة بقوة وكاد الكوري كواك تاي هوي أن يهز شباك النصر في الدقيقة السابعة عندما ارتقى لكرة نفذها نيفيز من ركلة ركنية لكن الحارس حسين شيعان تصدى للكرة بصعوبة.\n وسدد نيفيز كرة قوية من خارج منطقة الجزاء في الدقيقة التاسعة لترتد الكرة من شيعان قبل أن يعيدها حسين عبد الغني مدافع النصر إلى حارسه.\n وفشل ياسر الشهراني لاعب الهلال في السيطرة على كرة رائعة وصلته من نواف العابد في الدقيقة 12 وهو ما منعه من الانفراد بالحارس.\n وواصل الهلال تهديداته لمرمى النصر بعد أن لعب نيفيز الكرة من ركلة ركنية لتصل إلى كواك الذي لعب الكرة برأسه لكنها ابتعدت عن المرمى بقليل.\n وكاد نيفيز أن يهز شباك النصر في الدقيقة 36 من ركلة حرة قرب منطقة الجزاء لكن الكرة علت العارضة بقليل.\n وانطلق فابيان استويانوف لاعب النصر من الناحية اليمنى ولعب كرة عرضية إلى السهلاوي لكن الأخير لعبها برأسه خارج المرمى.\n وبعد مرور 17 دقيقة من الشوط الثاني سدد استويانوف كرة قوية من الناحية اليمنى لكن لم تجد أي مهاجم من النصر ليودعها المرمى. وكاد شيعان أن يمنح الهلال الفوز قبل دقيقتين من نهاية المباراة بعد أن حاول مراوغة نيفيز خارج منطقة الجزاء لكنه فشل في السيطرة على الكرة قبل أن يبعدها بصعوبة بالغة.\n وكان النصر الأكثر خطورة بعد تسجيل هدفه وسدد ميرجيفسكي كرة قوية في الدقيقة 95 لكن شراحيلي أبعد الكرة بصعوبة.\n وكاد عمر هوساوي أن يضيف الهدف الثاني بكرة من ضربة رأس غير أن شراحيلي أخرج الكرة إلى ركنية.\n وتحرك الهلال مع نزول محمد الشلهوب وأضاع يوسف السالم فرصة هدف قبل أربع دقائق من نهاية الوقت الإضافي انقذها شيعان.\n ووضع شيعان أطراف أصابعه في طريق الكرة ليمنع نيفيز من تسجيل هدف التعادل للهلال في الدقيقة 118.\n وأهدر شايع شراحيلي ركلة الترجيح الاخيرة للنصر ليفوز الهلال الذي صعد أيضا الى دور الثمانية في دوري أبطال آسيا. ",
    "date_extracted": "2015-07-24 15:48:15"
}