{
    "url": "http://www.3alyoum.com/news/pol/a/داعش-يحظر-الانترنت-في-مدينة-الرقة/",
    "title": "داعش يحظر الانترنت في مدينة الرقة",
    "author": "",
    "content": " عين اليوم – بيروت\nمنع تنظيم الدولة الاسلامية مزودي الانترنت في الرقة من توزيع الاشتراكات على سكان المدينة بمن فيهم عناصر التنظيم الجهادي، وقصره على داخل المقاهي حيث في امكانه ممارسة الرقابة، بحسب ناشطين.\n واكد المرصد السوري لحقوق الانسان الاثنين خبر منع اشتراكات الانترنت الخاصة في الرقة، معتبرا ان الهدف منها “القيام بعملية تعتيم اعلامي” على ما يجري في المدينة.\n ونشرت حسابات “الرقة_تذبح_بصمت”، وهي مجموعة من الناشطين توثق ممارسات تنظيم الدولة الاسلامية في الرقة، على الانترنت صورة من المنشور الذي وزعه التنظيم في المدينة وجاء فيه “يلزم جميع اصحاب محال النت الفضائي” ب”ازالة نواشر واي فاي (Wifi) المتعلقة بمحلات النت والنواشر الخاصة حتى لجنود الدولة الاسلامية ويقتصر نشر الشبكة داخل المحل فقط”.\n وحدد المنشور الذي يحمل تاريخ الاحد مهلة اربعة ايام لازالة الانترنت، مضيفا ان “كل مخالف سيعرض نفسه للمحاسبة”.\n وقال المرصد السوري “يحاول التنظيم من خلال هذه الخطوة القيام بعملية تعتيم إعلامي على ما يجري داخل مدينة الرقة التي تعد معقله الرئيسي في سوريا واعتقال كل من ينشر أخبار التنظيم”.\n كما اشار الى انه يحاول “قطع التواصل بين مقاتلي التنظيم غير السوريين وذويهم خوفاً من عودة هؤلاء من حيث اتوا أو أن يكون بعضهم الآخر مخترقاً أمنياً ويتواصل عبر الانترنت مع أجهزة استخبارات”.\n واوردت حملة “الرقة تذبح بصمت” على صفحتها على “فيسبوك” اليوم “بدء تنفيذ قرار منع نواشر الانترنت WIFI في مدينة الرقة، وحملات مداهمة وتفتيش لغالبية مقاهي الانترنت في المدينة”.\n ويسيطر تنظيم الدولة الاسلامية بشكل شبه كامل على محافظة الرقة، باستثناء شريط من القرى والبلدات ومدينة تل ابيض الحدودية مع تركيا التي سيطر عليها المقاتلون الاكراد اخيرا. وتعتبر مدينة الرقة بمثابة “عاصمة” ل”دولة الخلافة” التي اعلنها التنظيم في حزيران/يونيو 2014، ويفرض فيها قوانينه المتشددة وممارساته الوحشية.\n ويعمل عدد قليل جدا من الناشطين المعارضين للتنظيم بشكل سري في الرقة. سمات الانترنت الرقة المرصد السوري حظر داعش سوريا ",
    "date_extracted": "2015-07-24 15:58:55"
}