{
    "url": "http://www.3alyoum.com/news/a/مصر-تؤكد-رفضها-تدخل-إيران-في-الشؤون-الد/",
    "title": "مصر تؤكد رفضها تدخل إيران في الشؤون الداخلية للدول العربية",
    "author": "",
    "content": " عين اليوم – القاهرة\n أكدت الخارجية المصرية مجددًا رفض مصر الكامل للتدخل الإيراني في الشؤون الداخلية للدول العربية، مطالبة بضرورة الالتزام بسياسة حسن الجوار.\n وشدد المتحدث الرسمي باسم وزارة الخارجية المصرية السفير بدر عبدالعاطي في تصريحات له اليوم على تضامن مصر مع أشقائها العرب في مواجهة أية تدخلات خارجية في ضوء الارتباط العضوي للأمن العربي وأمن منطقة الخليج العربي بالأمن المصري.\n ولفت السفير بدر عبدالعاطي الانتباه إلى أهمية أن تتسق التصريحات الصادرة عن المسؤولين بدول المنطقة مع جهود تعزيز الاستقرار في الشرق الأوسط، مطالبًا بضرورة الالتزام بنصوص ميثاق الأمم المتحدة التي تؤكد على احترام مبدأ عدم التدخل في الشئون الداخلية للدول.\n وجدد التأكيد على أهمية انتهاج دول المنطقة لسياسات ومواقف تؤدي إلى تجنب تصاعد التوتر والصراع في المنطقة بما يعفي شعوبها من الآثار السلبية لهما، خاصة وأن استمرار حالة عدم الاستقرار والتوتر في المنطقة توفر بيئة خصبة مواتية لنمو وانتشار الأفكار المتطرفة والتهديدات الإرهابية التي أصبحت ماثلة علئ المستويين الإقليمي والدولي.\n وجاءت تصريحات المتحدث الرسمي المصري تعقيبًا على التصريحات الأخيرة لمرشد الجمهورية الإسلامية الإيرانية علي خامنئي التي تناول فيها الشأن الداخلي لعدد من الدول العربية. سمات إيران الخارجية المصرية الدول العربية مصر ",
    "date_extracted": "2015-07-24 15:59:28"
}