{
    "url": "http://www.3alyoum.com/finance/a/التجارة-تباشر-بلاغ-مواطن-بضبط-ملابس-ب/",
    "title": "“التجارة” تباشر بلاغ مواطن بضبط ملابس بها صور نسائية عارية في الرياض!",
    "author": "",
    "content": " مسلّم الهواملة – عين اليوم\nباشرت وزارة التجارة بلاغ مواطن عبر موقع التواصل الاجتماعي “تويتر”، أفاد من خلاله بوجود ملابس نسائية في معرض بأحد أسواق الرياض، تحمل صوراً شبه عارية (نساء يرتدون ملابس داخلية).\nوعلى الفور، تجاوبت وزارة التجارة مع بلاغ المواطن، وأكدت له عبر حسابها الرسمي في “تويتر” بقولها: “نشكرك لتعاونك معنا، تم مباشرة البلاغ قبل قليل من قبل مراقبي الوزارة وتم ضبط جميع الملابس المخالفة في المحل”. سمات بلاغ من مواطن صور نسائية عارية ضبط ملابس وزارة التجارة ",
    "date_extracted": "2015-07-24 16:07:20"
}