{
    "url": "http://www.3alyoum.com/news/a/عثمان-طه-يخط-الآيات-القرآنية-لمجسم-اله/",
    "title": "عثمان طه يخط الآيات القرآنية لمجسم الهلال بطبرجل",
    "author": "",
    "content": " Next Previous محمد الشراري – طبرجل\n صرح رئيس بلدية محافظة طبرجل المهندس سميحان الشمري بأنه تم الانتهاء من التشغيل التجريبي من المرحلة الأولى من أول مجسم مضيء ذاتيا بألوان متعددة بطابع إسلامي متميز وأن الآيات القرآنية على المجسم كتبت بالخط الديواني من قبل أشهر خطاطي العالم الإسلامي “عثمان طه” كاتب المصحف الشريف والخطاط بمجمع الملك فهد لطباعة المصحف الشريف.\n وأوضح الشمري أن المجسم استخدم أكثر من 200 وحدة إضاءة بأنظمة متقدمة قابلة للبرمجة وكشافات إل دي نظام الفلود متعددة الألوان مخصصة للآيات القرآنية، ويبلغ ارتفاعه 12 مترا وأن العمل جار على استكمال باقي الأعمال المحيطة بالمجسم. ",
    "date_extracted": "2015-07-24 15:50:32"
}