{
    "url": "http://www.3alyoum.com/news/golobal/a/مدينة-تمنح-الكلاب-والقطط-حقوق-مواطنيه/",
    "title": "مدينة تمنح الكلاب والقطط حقوق مواطنيها!",
    "author": "",
    "content": " عين اليوم – متابعات\nقرر مجلس مدينة “تريغيروس دي فالي” الإسبانية منح القطط والكلاب نفس حقوق مواطنيها الآدميين، والاعتراف بهم كـ “مواطنيين من غير البشر”.\nويقف عمدة المدينة بيدرو بيرير إسبينوزا وراء المقترح الذي أطلق عليه اسم ” إعلان رينيدو”، الداعي لتوسيع نطاق حقوق الإنسان لتتسع للقطط والكلاب أيضا، وفقا لوسائل إعلام محلية.\nووافق مجلس المدينة، الواقعة في منطقة قشتالة وليون ويعيش فيها 300 شخص، بالإجماع على مقترح العمدة.\nوتضمن القرار النهائي 13 بندا، من بينها ما يؤكد أن جميع المواطنين سواسية سواء كانوا من البشر أو غيرهم.\nكما يجرم أحد البنود صراحة أي استعمال للمواطنين غير البشريين في أغراض ترفيهية للبشر، أو حتى تعرضهم لأي معاملة قاسية.\nوأشادت جمعيات حقوق الحيوان في إسبانيا بقرار المدينة، معربة عن أملها أن تنتهج بقية المدن الإسبانية نفس السياسة مستقبلا. سمات اسبانيا قطط كلاب ",
    "date_extracted": "2015-07-24 16:01:04"
}