{
    "url": "http://www.3alyoum.com/culture/a/أمر-ملكي-بتكليف-بندر-عسيري-بأعمال-رئي/",
    "title": "أمر ملكي بتكليف “بندر عسيري” بأعمال رئيس هيئة الإعلام",
    "author": "",
    "content": " عين اليوم – جدة\nصدرت موافقة خادم الحرمين الشريفين الملك سلمان بن عبدالعزيز آل سعود – حفظه الله – على تكليف بندر محمد سلطان عسيري بأعمال رئيس الهيئة العامة للإعلام المرئي والمسموع.  ورفع عسيري بهذه المناسبة الشكر والامتنان للملك المفدى على هذه الثقة الغالية، سائلا الله العون على أداء مهامه على الوجه الذي يتحقق من خلاله مزيد من العمل الذي يتواكب مع النهضة الشاملة التي تشهدها المملكة.  يذكر أن بندر عسيري امن مواليد مدينة بالرياض عام 1396 ويحمل شهادة الماجستير من جامعة ليستر وشهادة البكالوريوس في اللغات من جامعة الإمام محمد بن سعود الإسلامية وعمل في عدد من الشركات الإعلامية ومؤسسات النشر والإعلان التلفزيوني والإذاعي. سمات أمر ملكي الملك سلمان بندر عسيري هيئة الإعلام ",
    "date_extracted": "2015-07-24 15:49:13"
}