{
    "url": "http://www.3alyoum.com/technology/a/شابان-من-المندق-يؤسسان-تطبيقًا-مجانيً/",
    "title": "شابان من المندق يؤسسان تطبيقًا مجانيًا مخصصا للباحة",
    "author": "",
    "content": " عين اليوم – المندق\n أسس شابان من محافظة المندق التابعة لمنطقة الباحة هما سعيد صالح الكناني وحمزة صالح الراوي تطبيقًا مجانيًا للهواتف الذكية مخصصًا لمنطقة الباحة.\n وأوضح حمزة الراوي أن التطبيق يعد الأول للمنطقة بتكامله وأقسامه وجعل كل محافظة من محافظات المنطقة يندرج تحتها أقسام مختلفة يسهم في توفير المعلومة للمصطافين وزائرين للمنطقة ومحافظاتها وكل ما يتعلق بالفعاليات والمهرجانات والنشاطات خلال الصيف والربيع والمواقع السياحية ودور الإيواء والمطاعم ومعلومات عامة عن المحافظات والأسواق وغير ذلك من الخدمات والمرافق العامة، مشيرًا إلى أن الفكرة كانت بجمادى الأولى من العام الماضي وجرى كتابة الفكرة ورؤيتها وأهدافها إذ كان الهاجس لدينا في تقديم أفضل وأنسب الطرق لخدمة أهالي المنطقة ولزائريها والسائحين.\n وأضاف قائلاً:” نحن الشباب الرياديين كنا في اجتماعات متواصلة لنخرج بأفضل ما نتمناه للمنطقة بتطورها الدائم بفضل الله ثم بدعم سمو أمير المنطقة ووكيل المنطقة سلمهم الله فكان تطبيق الباحة هو الأنسب نظير اجتياح التقنية الحديثة ولأمواج التطبيقات الذكية المتواصلة من كل البحور” . واستطرد قائلاً: ” بدأنا في تنفيذ الفكرة فعلياً بالبرمجة ثم أعمال وفلسفة التطبيقات وما جرى فيها من تعب وسهر واجتماعات، لنخرج بأفضل تطبيق متكامل يخدم المنطقة”، مشيرا إلى أن التطبيق hkjin كمرحلة أولى وبدأ فعليا في التنزيل للمستفيدين في أنظمة أجهزة الهاتف المحمول من IOS ونظام Android .\n وأضاف الراوي أنهما يحاولان جاهدين لاستكمال بيانات التطبيق وما تبقى فيه من مراحل إلا أن الدعم الفني للتطبيق والمالي كان عائقاً وحائلاً بينهم وبين استكمال ما تبقى.\n وأكد الراوي أنه ما زال الأمل قائماً لاستكمال التطبيق لمكوكبة ماتشهده المنطقة من تطور وازدهار بدعم ومتابعة سمو أمير المنطقة صاحب السمو الملكي الأمير مشاري بن سعود بن عبدالعزيز ووكيل الإمارة الدكتور الشمري . سمات الباحة المندق تطبيق شابان ",
    "date_extracted": "2015-07-24 15:51:37"
}