{
    "url": "http://www.3alyoum.com/news/a/شاهد-مصيدة-موت-على-طريق-في-رنية-ومطال/",
    "title": "شاهد.. “مصيدة موت” على طريق في رنية.. ومطالبات بتدخُّل حكومي",
    "author": "",
    "content": " \nفايز السبيعي – عين اليوم\nرصدت عدسة “عين اليوم” مصائد الموت المنتشرة بطريق الأملح – العويلة شرق محافظة رنية، وانتشار الحفر المميتة التي تسببت في العديد من الحوادث، لا سيما أن الطريق شريان رئيسي موصل لمنطقة مكة المكرمة والطائف ويسلكه الكثير من المسافرين، ورغم ذلك يفتقد لوسائل السلامة المرورية وللصيانة والمتابعة من الجهات المسؤولة.\n وقال عدد من سالكي الطريق، إن طريق الأملح – العويلة مهم كونه يختصر المسافة للمنطقة الغربية ويسلكه المسافرون من رنية ووادي الدواسر، لكنه تهالك وانتشرت به الحفر والتشققات بسبب غياب الصيانة والمتابعة، وأصبح يمثل مصدر خوف لهم؛ بسبب الحفر الكبيرة المنتشرة فيه، والتي تسببت في العديد من الحوادث.\n وشكا أهالي مركز الأملح بمحافظة رنية من تهالك الطريق وانتشار الحفر التي تسببت في عدة حوادث كان آخرها الأسبوع الماضي انقلاب سيارتين بسبب الحفر، وأضافوا: تقدمنا بشكوى لبلدية محافظة رنية قبل عدة أشهر ولكن دون فائدة، وظلت شكوانا حبيسة الأدراج دون اهتمام بأرواح الناس التي ستزهقها هذه الحفر المميتة. وطالبوا أمانة محافظة الطائف بالتدخل العاجل لحل معاناة سالكي الطريق، وإعادة تأهيله للحد من إزهاق أرواح الأبرياء. سمات حفر على طريق رنية طريقة الاملح - العويلة مصيدة موت ",
    "date_extracted": "2015-07-24 15:57:07"
}