{
    "url": "http://www.3alyoum.com/news/a/خادم-الحرمين-يتباحث-مع-السيسي-ويتلقّى/",
    "title": "خادم الحرمين يتباحث مع السيسي ويتلقّى تهنئته باختيار ولي العهد وولي ولي عهده",
    "author": "",
    "content": " Next Previous عين اليوم – الرياض\nاستقبل خادم الحرمين الشريفين الملك سلمان بن عبدالعزيز آل سعود في قصر العوجا بالدرعية، اليوم السبت، فخامة الرئيس عبدالفتاح السيسي رئيس جمهورية مصر العربية والوفد المرافق له.\n وفي بداية الاستقبال أطلع خادم الحرمين الشريفين فخامته على ما يضمه قصر العوجا من صور تاريخية للملك المؤسس عبدالعزيز بن عبدالرحمن “رحمه الله”، ومدينة الرياض قديماً، بالإضافة إلى السيوف وبعض الأدوات التراثية.عقب ذلك صافح فخامته أصحاب السمو الأمراء.\n وخلال الاستقبال، هنّأ فخامة الرئيس عبدالفتاح السيسي رئيس جمهورية مصر العربية، خادم الحرمين الشريفين الملك سلمان بن عبدالعزيز آل سعود، باختيار صاحب السمو الملكي الأمير محمد بن نايف بن عبدالعزيز ولياً للعهد وتعيينه نائباً لرئيس مجلس الوزراء وزيراً للداخلية رئيساً لمجلس الشؤون السياسية والأمنية ، واختيار صاحب السمو الملكي الأمير محمد بن سلمان بن عبدالعزيز ولياً لولي العهد وتعيينه نائباً ثانياً لرئيس مجلس الوزراء وزيراً للدفاع ورئيساً لمجلس الشؤون الاقتصادية والتنمية. كما جرى تبادل الأحاديث الودية، واستعراض العلاقات الثنائية بين البلدين الشقيقين، إضافة إلى تطورات الأوضاع الإقليمية والدولية.\n وقد أقام خادم الحرمين الشريفين – أيده الله – مأدبة غداء تكريماً لفخامة الرئيس المصري والوفد المرافق له.\n حضر الاستقبال ومأدبة الغداء صاحب السمو الأمير خالد بن فهد بن خالد وصاحب السمو الملكي الأمير منصور بن سعود بن عبدالعزيز وصاحب السمو الملكي الأمير طلال بن سعود بن عبدالعزيز وصاحب السمو الأمير فهد بن عبدالله بن مساعد وصاحب السمو الملكي الأمير سطام بن سعود بن عبدالعزيز وصاحب السمو الملكي الأمير محمد بن نايف بن عبدالعزيز ولي العهد نائب رئيس مجلس الوزراء وزير الداخلية وصاحب السمو الملكي الأمير عبدالعزيز بن سلمان بن عبدالعزيز نائب وزير البترول والثروة المعدنية وصاحب السمو الملكي الأمير حسام بن سعود بن عبدالعزيز وصاحب السمو الملكي الأمير تركي بن محمد بن فهد وصاحب السمو الملكي الأمير محمد بن سلمان بن عبدالعزيز ولي ولي العهد النائب الثاني لرئيس مجلس الوزراء وزير الدفاع وصاحب السمو الملكي الأمير سعود بن سلمان بن عبدالعزيز وصاحب السمو الملكي الأمير بندر بن سلمان بن عبدالعزيز وصاحب السمو الملكي الأمير سلمان بن عبدالعزيز بن سلمان وصاحب السمو الملكي الأمير خالد بن عبدالعزيز بن سلمان.\n كما حضرها من الجانب المصري، وزير الخارجية سامح شكري ورئيس المخابرات العامة خالد فوزي ومدير مكتب فخامة رئيس الجمهورية اللواء عباس كامل والسفير لدى المملكة عفيفي عبدالوهاب. ",
    "date_extracted": "2015-07-24 15:54:44"
}