{
    "url": "http://www.3alyoum.com/finance/a/مؤشر-سوق-الأسهم-السعودية-يتراجع-28-35-نقطة/",
    "title": "مؤشر سوق الأسهم السعودية يتراجع 28.35 نقطة",
    "author": "",
    "content": " عين اليوم – الرياض\n أغلق مؤشر سوق الأسهم السعودية في مستهل تداولاته الأسبوعية اليوم متراجعاً 28.35 نقطة بنسبة 0.31% عند مستوى 9253.41 نقطة بتداولات قاربت 5.8 مليارات ريال.\n وشهدت تداولات اليوم ارتفاع أسهم 99 شركة في قيمتها ,فيما تراجعت أسهم 48 شركة,وظلت أسهم 18 شركة أخرى بدون تغير،فيما بلغ عدد الأسهم المتداولة اليوم أكثر من 177.1 مليون سهم توزعت على أكثر من 99.9 ألف صفقة.\n وكانت أسهم شركات الخدمات الأرضية ,و الإنماء طوكيو ,وميدغلف للتأمين ,وتكافل الراجحي للتأمين ,والطباعة والتغليف ,ومدينة المعرفة الأكثر ارتفاعاً اليوم , فيما جاءت أسهم شركات زين السعودية ,ومجموعة السعودية ,والاتصالات ,والبنك الأهلي ,والحكير ,وبتروكيم الأكثر انخفاضاً ,وقد تراوحت الانخفاضات والارتفاعات في تداولات اليوم مابين 3.27% ارتفاعاً إلى 2.13% انخفاضاً.\n وجاءت أسهم شركات سابك ,والخدمات الأرضية ،والإنماء ,ومعادن ,ومدينة المعرفة ,و دار الأركان الأكثر نشاطاً بالقيمة ،فيما جاءت أسهم شركات الإنماء ,ودار الأركان ,ومدينة المعرفة ,والخدمات الأرضية ,ومعادن ,وسابك على قائمة أكثر الأسهم نشاطا بالكمية. سمات الاسهم المؤشر تداول ",
    "date_extracted": "2015-07-24 16:05:41"
}