{
    "url": "http://www.3alyoum.com/sports/a/السر-وراء-رفض-شيري-اللعب-للأهلي/",
    "title": "السر وراء رفض شيري اللعب للأهلي!",
    "author": "",
    "content": " سلوى سعد – متابعات\nكشفت عدد من الصحف الهولندية عن السر وراء تغيير وجهة اللاعب تجارون شيري ، بعد أن كان قريباً من الانضمام للأهلي حيث قالت تلك التقارير أن اللاعب بات قريباً من الانضمام لفريق كوينز بارك رينجرز وأنه سيطير لإجراء الفحوصات الطبية لإتمام عملية التعاقد .\nوكانت المفاوضات قد توقفت في اللحظات الأخيرة بين الأهلي واللاعب بعدما رفض شيري الانضمام إلى صفوفه خلال فترة الانتقالات الصيفية الحالية بعدما وصلت المفاوضات بين الطرفين إلى مراحل نهائية وكشفت الصحيفة الهولندية عن أن ما تردد بشأن عرض الأهلي لمبلغ ستة ملايين يورو حيث قالت أن ذلك غير حقيقي.\nالجدير بالذكر أن هذا هو العرض الثاني من إدارة النادي الأهلي للتعاقد مع اللاعب الهولندي بعدما رفض العرض الأول بحجة رفضه الانتقال في منطقة الخليج في المرحلة الحالية قبل أن تعود إدارة الأهلي وتقدم عرضاً جديداً للاعب وهو ما وافق عليه قبل أن يتدخل نادي كوينز بارك رينجرز الإنجليزي ويقلب الموازين في اللحظات الأخيرة. ",
    "date_extracted": "2015-07-24 15:47:16"
}