{
    "url": "http://www.3alyoum.com/news/a/خادم-الحرمين-يبحث-مع-نواز-شريف-تطوُّرا/",
    "title": "خادم الحرمين يبحث مع نواز شريف تطوُّرات الأحداث إقليمياً ودولياً",
    "author": "",
    "content": " Next Previous عين اليوم – واس\n عقد خادم الحرمين الشريفين الملك سلمان بن عبدالعزيز في قصر العوجا، اليوم الخميس، جلسة مباحثات رسمية مع دولة رئيس وزراء جمهورية باكستان الإسلامية محمد نواز شريف. وجرى خلال الجلسة بحث العلاقات الثنائية، وأوجه التعاون بين البلدين الشقيقين، بالإضافة إلى استعراض تطورات الأحداث على الساحتين الإقليمية والدولية.\n حضر جلسة المباحثات صاحب السمو الملكي الأمير سعود الفيصل وزير الخارجية، وصاحب السمو الملكي الأمير مقرن بن عبدالعزيز آل سعود ولي العهد نائب رئيس مجلس الوزراء، وصاحب السمو الملكي الأمير فيصل بن بندر بن عبدالعزيز أمير منطقة الرياض، وصاحب السمو الملكي الأمير متعب بن عبدالله بن عبدالعزيز وزير الحرس الوطني، وصاحب السمو الملكي الأمير محمد بن نايف بن عبدالعزيز ولي ولي العهد النائب الثاني لرئيس مجلس الوزراء وزير الداخلية، وصاحب السمو الملكي الأمير محمد بن سلمان بن عبدالعزيز وزير الدفاع رئيس الديوان الملكي المستشار الخاص لخادم الحرمين الشريفين، وزير الدولة عضو مجلس الوزراء الدكتور مساعد بن محمد العيبان، ووزير الدولة عضو مجلس الوزراء الدكتور سعد بن خالد الجبري ووزير الثقافة والإعلام الدكتور عادل بن زيد الطريفي.\n كما حضرها من الجانب الباكستاني، وزير الدفاع خواجه محمد آصف، وقائد الجيش الجنرال راحيل شريف، ووزير الدولة للشؤون الخارجية طارق فاطمي، ومعالي رئيس الاستخبارات العسكرية الفريق رضوان اختر، ووكيل وزارة الخارجية اعتزاز أحمد شودري، وسفير باكستان لدى المملكة منظور الحق. ",
    "date_extracted": "2015-07-24 15:54:59"
}