{
    "url": "http://www.3alyoum.com/sports/a/الأمين-العام-للفيفا-يلمح-إلى-رحيله/",
    "title": "الأمين العام للفيفا يلمح إلى رحيله",
    "author": "",
    "content": " عين اليوم – سان بطرسبرج\nألمح جيروم فالك بشدة اليوم الجمعة إلى أنه سيترك منصبه كأمين عام للاتحاد الدولي لكرة القدم (الفيفا) عندما يأتي رئيس جديد بدلا من سيب بلاتر العام القادم.\n وقال فالك في مؤتمر صحفي في روسيا قبل قرعة التصفيات المؤهلة لكأس العالم 2018 “نعم.. رئيس الفيفا القادم يجب أن يحظى بأمين عام جديد”. سمات الفيفا بلاتر جيروم فال ",
    "date_extracted": "2015-07-24 15:38:12"
}