{
    "url": "http://www.3alyoum.com/news/a/مواطنة-تعايد-والدها-بسيارة-والأب-يرد-ب/",
    "title": "مواطنة تعايد والدها بسيارة والأب يرد بقطعة أرض",
    "author": "",
    "content": " عين اليوم – متابعات\nبادرت مواطنة في العقد الرابع من عمرها، بإهداء والدها سيارة صباح يوم عيد الفطر المبارك، ليرد عليها الأب بهدية قيمة عبارة عن قطعة أرض، حيث نظمت العائلة حفلاً بهذه المناسبة في إحدى الاستراحات بمحافظة المخواة بمنطقة الباحة، وفقاً لما أوردته “عكاظ”.\nوقالت المواطنة وتدعى “أم فؤاد”، إنها حاولت رد الجميل لوالدها، الذي ساعدها وظلّ بجانبها كثيراً، حتى بعد استقلالها عن الأسرة واتجاهها للأعمال والمشاريع الخاصة، مشيرةً إلى أنها قررت هي وزوجها انتهاز فرصة حلول العيد ومفاجأة والدها بمفاتيح سيارة غمارتين 2015، ليرد عليها الأب بقطعة أرض تقدر قيمتها بنحو 100 ألف ريال. سمات الباحة ",
    "date_extracted": "2015-07-24 15:39:02"
}