{
    "url": "http://www.3alyoum.com/news/golobal/a/الإمارات-تجرّم-الإساءة-للأنبياء-والأ/",
    "title": "الإمارات تجرّم الإساءة للأنبياء والأديان والمقدسات والأفراد",
    "author": "",
    "content": " عين اليوم – أبوظبي\n أصدر سمو الشيخ خليفة بن زايد آل نهيان رئيس دولة الإمارات العربية المتحدة مرسومًا بقانون رقم 2 لسنة 2015م، بشأن مكافحة التمييز والكراهية الذي يقضي بتجريم الأفعال المرتبطة بازدراء الأديان ومقدساتها ومكافحة جميع أشكال التمييز ونبذ خطاب الكراهية عبر مختلف وسائل وطرق التعبير.\n ويحظر القانون الإساءة إلى الذات الإلهية أو الأديان أو الأنبياء أو الرسل أو الكتب السماوية أو دور العبادة وفقا لأحكام هذا القانون أو التمييز بين الأفراد أو الجماعات، كما يجرّم كل قول أو عمل من شأنه إثارة الفتنة أو النعرات أو التمييز بين الأفراد أو الجماعات من خلال نشره على شبكة المعلومات أو شبكات الاتصالات أو المواقع الإلكترونية أو المواد الصناعية أو وسائل تقنية المعلومات أو أية وسيلة من الوسائل المقروءة أو المسموعة أو المرئية وذلك بمختلف طرق التعبير كالقول أو الكتابة أو الرسم.\n ووفقا لنص المرسوم فإنه يتم تجريم كل من يقوم بالإساءة إلى الأديان أو إحدى شعائرها أو مقدساتها أو تجريحها أو التطاول عليها أو السخرية منها أو المساس بها، كما يجرّم التعدي على أي من الكتب السماوية بالتحريف أو الإتلاف أو التدنيس أو الإساءة بأي شكل من الأشكال إلى جانب تجريم التخريب أو الإتلاف أو الإساءة أو التدنيس لدور العبادة أو المقابر.\n ويعاقب بالسجن مدة لا تقل عن خمس سنوات وبالغرامة التي لا تقل عن 250 ألف درهم ولا تتجاوز مليون درهم أو بإحدى هاتين العقوبتين كل من ارتكب فعلا من الأفعال المنصوص عليها أعلاه بإحدى طرق التعبير،كما يعاقب بالسجن مدة لا تقل عن سبع سنوات وبالغرامة التي لا تقل عن 500 ألف درهم ولا تجاوز مليوني درهم كل من تطاول على الذات الإلهية أو الطعن فيها أو المساس بها أو الإساءة إليها أو التطاول على أحد الأنبياء أو الرسل أو زوجاتهم أو صحابتهم أو السخرية منهم أو المساس بهم أو الإساءة إليهم بإحدى طرق التعبير أو غيرها من الصور الأخرى أو باستخدام أي من الوسائل.\n ونص المرسوم على المعاقبة بالسجن مدة لا تقل عن عشر سنوات والغرامة التي لا تقل عن 500 ألف درهم ولا يتجاوز مليوني درهم إذا وقعت بعض الجرائم المنصوص عليها من موظف عام أثناء أو بسبب أو بمناسبة تأدية عمله أو شخص ذي صفة دينية أو مكلفا بها أو وقع الفعل في إحدى دور العبادة، ويعاقب بالسجن المؤقت كل من استغل الدين في رمي أفراد أو جماعات بالكفر سواء بالقول أو بالكتابة أو باستخدام أي من الوسائل وتكون العقوبة الإعدام إذا اقترن الرمي بالكفر تحريضا على القتل فوقعت الجريمة نتيجة لذلك.\n كما نص على أن يعاقب بالسجن مدة لا تقل عن عشر سنوات كل من أنشأ أو أسس أو نظم أو أدار جمعية أو مركزا أو هيئة أو منظمة أو تنظيما أو جماعة أو فرعا لإحداها أو استخدم لذلك أحد هذه الوسائل بغرض ازدراء الأديان أو التمييز أو إثارة خطاب الكراهية أو تحبيذ ذلك أو الترويج له، كما يسجن مدة لا تزيد على سبع سنوات كل من انضم إلى أي من الجهات المنصوص عليها أعلاه أو شارك فيها أو أعانها بأية صورة مع علمه بأغراضها.\n وتضمن القانون المعاقبة بالسجن مدة لا تقل عن خمس سنوات كل من عقد أو نظم مؤتمرا أو اجتماعا في الدولة إذا كان الغرض منه ازدراء الأديان أو التمييز أو إثارة خطاب الكراهية ويعاقب بذات العقوبة كل من شارك في المؤتمر أو الاجتماع مع علمه بأغراضه وللسلطة العامة فض المؤتمر أو الاجتماع مع استعمال القوة عند الاقتضاء.\n وشدد المرسوم على المعاقبة بالسجن والغرامة التي لا تقل عن 250 ألف درهم ولا تزيد على مليون درهم لكل من قدم أو عرض أو طلب أو قبل أو حصل أو سلم أو تسلم أموالا أو دعما ماديا بطريق مباشر أو غير مباشر متى كان ذلك بقصد ارتكاب فعل من الأفعال المعاقب عليها بموجب أحكام هذا القانون، معاقبة الشخصيات الاعتبارية المخالفة.\n وأشار المرسوم إلى أنه يعفى من العقوبة كل من بادر من الجناة في إحدى الجرائم المنصوص عليها في هذا القانون بإبلاغ السلطات القضائية أو الإدارية عن الجريمة قبل الكشف عنها فإذا حصل الإبلاغ بعد الكشف عن الجريمة جاز للمحكمة إعفاؤه من العقوبة متى أدى الإبلاغ إلى ضبط باقي الجناة. سمات الإمارات الكراهية تجريم قانون ",
    "date_extracted": "2015-07-24 16:02:00"
}