{
    "url": "http://www.3alyoum.com/finance/a/الفوزان-يحرِّم-الاكتتاب-في-البنك-الأه/",
    "title": "الفوزان يحرِّم الاكتتاب في البنك الأهلي بسبب معاملاته الربوية",
    "author": "",
    "content": " \nعين اليوم – جدة\nاعتبر الشيخ عبدالعزيز الفوزان الاكتتاب في البنك الأهلي التجاري محرّماً، خلال استضافته في برنامج “يستفتونك” بقناة الرسالة الفضائية.\nوطالب الشيخ الفوزان عبر البرنامج، بتخليص البنك الأهلي من المعاملات الربوية، مستغرباً الإصرار على الحرام من قبل القائميه عليه أو الجهات الرقابية المسؤولة. وأكد بشكل صريح، أن لدى البنك 140 مليار ريال عبارة عن “معاملات ربوية”، وتساءل بالتالي بشكل مباشر: “كيف يجوز للناس أن يكتتبوا في هذا البنك، وكيف نريد نفع الناس ونحن نجرّهم إلى جراً إلى الحرام؟”. سمات 140 مليار ريال البنك الاهلي التجاري الشيخ عبدالعزيز الفوزان المعاملات الربوية ",
    "date_extracted": "2015-07-24 16:06:16"
}