{
    "url": "http://www.3alyoum.com/news/golobal/a/علماء-يكتشفون-عقارًا-يعيق-تقدم-مرض-الز/",
    "title": "علماء يكتشفون عقارًا يعيق تقدم مرض الزهايمر",
    "author": "",
    "content": " حنان الحامدي – متابعات\n قام مجموعة من العلماء الأمريكيين باكتشاف عقار جديد يقلل من نسبة تقدم المرض يسمى “سولانيزوماب” حيث يقوم بملاحقة البروتين السام الذي يقود المخ لمرض الزهايمر ويدمر الاتصالات الحيوية بين الخلايا.\n وأكد العلماء أنه في حال تلقي المرضى لهذا الدواء في وقت مبكر بالشكل الكافي فسيتمكن من إبطاء التدهور الإدراكي بنسبة نحو 30%.\n تتعامل العقاقير الحالية المعالجة للزهايمر ببساطة مع الأعراض ولا تتمكن من التعامل مع الأسباب الكامنة أي أن آثارها ترتد بسرعة ثم يتخذ المرض بسرعة مساره المدمر.\n ويؤثر مرض الزهايمر وأشكال أخرى من الخرف على أكثر من 40 مليون شخص في العالم، ومن المتوقع أن يزداد هذا الرقم بنحو 6.75 مليون بحلول عام 2030. سمات الزهايمر عقار ",
    "date_extracted": "2015-07-24 16:00:45"
}