{
    "url": "http://www.3alyoum.com/news/a/فيديو-يوضح-ارتفاع-أسعار-التمور-قبل-رم/",
    "title": "فيديو يوضح ارتفاع أسعار “التمور” قبل رمضان",
    "author": "",
    "content": " \n حامد القرشي – قاسم الزرعي – عين اليوم\n استاء عدد من المستهلكين من أحد مقاطع الفيديو التي تم تداولها عبر مواقع التواصل الاجتماعي والتطبيقات الحديثة ويظهر فيه صندوق صغير للتمر في (الحراج) إ وصل سعره إلى 450 ريالا، موضحين أن ارتفاع السعر في إحدى ضروريات السفرة الرمضانية يرهق جيوبهم، لافتين إلى أن التمر يعد من أهم ما يفطر عليه الصائم مع اقتراب دخول شهر رمضان المبارك، حيث تشهد محلات بيع التمور في مكة المكرمة انتعاشًا كبيرا في المبيعات وتدفقا متزايدا وحركة تسويقية نشطة من قبل المستهلكين مطالبين بضرورة متابعة ومراقبة سوق التمور خاصة مع الأيام القليلة القادمة من حيث الأسعار والتالفة والمخزنة.\n يقول محمود عبدالخالق (بائع) إن التمر هو رفيق مائدة رمضان، حيث إن هناك أنواعا وأصنافا عدة من التمور يقبل على شرائها المستهلكون ومن أهمها السكري والخلاص والبرحي والروثانة موضحا أن كرتون التمر به 12 عبوة وتبدأ أسعاره من 150 وتصل إلى 300 ريال وذلك بحسب اختلاف نوع التمر وجودته.\n مشيرا إلى أن هناك حركة نشطة غير عادية يشهدها سوق التمور خلال الفترة الحالية شملت البيع والشراء جملة وتجزئة لتغطية احتياجات شهر رمضان الذي يعد أكثر المواسم استهلاكا للتمور. سمات التمور رمضان مكة ",
    "date_extracted": "2015-07-24 15:45:43"
}