{
    "url": "http://www.3alyoum.com/technology/a/رفع-الحجب-عن-تويتر-في-تركيا-بقرار-قضائي/",
    "title": "رفع الحجب عن تويتر في تركيا بقرار قضائي",
    "author": "",
    "content": " داليا أبوالعيش – عين اليوم\nأفادت وكالة أنباء الأناضول أن محكمة الصلح والجزاء الثانية في شانلي أورفة، رفعت الحجب عن موقع التدوينات المصغرة “تويتر” بعد حجبه في وقت سابق اليوم، لعدم تطبيقه قرارها القاضي بحذف مشاركات تدعو إلى القيام بأعمال إحتجاجية غير قانونية متعلقة بالتفجير الإرهابي في قضاء “سوروج” بولاية شانلي أورفة جنوبي البلاد سمات تركيا تويتر ",
    "date_extracted": "2015-07-24 15:51:11"
}