{
    "url": "http://www.3alyoum.com/finance/a/المفتي-يطالب-مؤسسة-التقاعد-بالتراجع-ع/",
    "title": "المفتي يطالب مؤسسة التقاعد بالتراجع عن المشاركة في اكتتاب الأهلي",
    "author": "",
    "content": " \nأحمد حجازي – عين اليوم\n طالب مفتي عام المملكة الشيخ عبدالعزيز آل الشيخ، مؤسسة التقاعد بالتراجع عن المشاركة بالاكتتاب في أسهم البنك الأهلي، مؤكداً الفتوى بحرمة ذلك الاكتتاب.\n جاء ذلك في معرض إجابته على سؤال ببرنامج “مع سماحة المفتي”، مساء أمس الجمعة، على قناة المجد الفضائية، وعن مساهمة مؤسسة التقاعد بنحو 10 % من أسهم هذا الاكتتاب، ومدى شرعية المستحقات التي سيحصل عليها المستفيدون من المؤسسة. وقال المفتي: “يجب على مؤسسة التقاعد التراجع، لأن هذا الاكتتاب لا يجوز لها، فهذه الأموال سيأخذها الناس، ويجب ألا يُؤكّلوا الناس الربا وهذا لكافة المؤسسات وليس لمؤسسة التقاعد فقط  مطالباً مؤسسة النقد بمعالجة هذه القضية”؟\n يُشار إلى أن خطباء أغلب المساجد في السعودية، كانت خطبتهم أمس الجمعة عن الربا والتعاملات الربوية وحرمتها في الإسلام، وحجم الآثار التي تترتب على التعامل به على الفرد والجماعة. وشدّد الخطباء بشكل عام على حرمة الربا في القرآن والسنة، وما صح عن الرسول صلى الله عليه وسلم أن أكل الربا من السبع الموبقات، التي توبق أهلها في الإثم ثم تغمسهم في النار. سمات اكتتاب البنك الاهلي المفتي عبدالعزيز آل الشيخ مؤسسة التقاعد ",
    "date_extracted": "2015-07-24 16:06:11"
}