{
    "url": "http://www.3alyoum.com/news/local/a/المغردون-ينقلون-للعالم-أجواء-الحرم-ال/",
    "title": "المغردون ينقلون للعالم أجواء الحرم الروحانية عبر “سناب شات”",
    "author": "",
    "content": " Next Previous حامد القرشي – عين اليوم\nأبدع المغردون الليلة في تطبيق “سناب شات” في بث صور ومقاطع للمسجد الحرام وساحاته والكعبة المشرفة وساعة مكة المكرمة وماء زمزم ومقام إبراهيم والأماكن التاريخية التي تشتهر بها مكة المكرمة.\n وعقب موافقة شركة “سناب شات” العالمية على إطلاق مكة لايف اليوم حمل المغردون وأهل مكة المكرمة جوالاتهم والأجهزة الحديثة لإظهار الصورة الحسنة للإسلام ومكة المكرمة والمسجد الحرام ببث مقاطع وصور للمعتمرين في أروقة الحرم المكي الشريف وأداء الصلوات والطواف بالبيت العتيق.\n وتفاعل مستخدمو تطبيق السناب شات في رصد ليلة روحانية عبقة بذكر الرحمن، حيث يشهد ملايين المصلين ليلة السابع والعشرين من شهر رمضان المبارك في المسجد الحرام وسط أجواء إيمانية وروحانية. ",
    "date_extracted": "2015-07-24 15:40:22"
}