{
    "url": "http://www.3alyoum.com/technology/a/عروض-لسيارات-السباق-الرياضية-المرتبط/",
    "title": "عروض لسيارات السباق الرياضية المرتبطة مع ألعاب الفيديو",
    "author": "",
    "content": " Next Previous أجمد حجازي – جدة\nعرضت الشركة الفرنسية المصنعة لسيارات السباقات الرياضية في جبال الألب، برنار أوليفييه، سياراتها بمناسبة الذكرى الـ60  لهذه العلامة التجارية وبمفهوم الرؤية الجديد في “رؤية غران توريزمو” التي وضعت علاقة مرتبطة بين سيارت السباق الرياضية مع لعبة فيديوغران توريزمو  كجزء من السيارات ذات المفهوم والتصميم الجديد للسيارت الرياضية الحديثة.\n ",
    "date_extracted": "2015-07-24 15:52:43"
}