{
    "url": "http://www.3alyoum.com/news/golobal/a/شاهد-أغرب-قصات-الشعر-في-العالم/",
    "title": "شاهد.. أغرب قصات الشعر في العالم",
    "author": "",
    "content": "   Next Previous عين اليوم – متابعات\nنشرت صحيفة “دايلي ميل” البريطانية وفقًا لما أورده موقع “24” الإماراتي، صوراً لأكثر قصات الشعر غرابة في العالم، منها المستوحى من أنواع فاكهة أو آلات موسيقية أو أحياناً وجوه لاعبي كرة من المشاهير.\n وإذ يرى البعض أن هذه الصور غريبة خارجة عن المألوف لدرجة الجنون، بعتبرها البعض قصات جديدة تمنح الشخص تميزاً بأسلوبه، معتبراً أنه يمنح إطلالة جريئة لا يمكن لأي شخص عادي أن يختارها. ",
    "date_extracted": "2015-07-24 16:03:30"
}