{
    "url": "http://www.3alyoum.com/news/regions/a/وفاة-ثلاثة-وإصابة-ثمانية-في-حوادث-متفر/",
    "title": "وفاة ثلاثة وإصابة ثمانية في حوادث متفرقة بالأحساء",
    "author": "",
    "content": " سلوى المدني – عين اليوم توفي شخص صباح اليوم في حادث سير وقع بعد كبري الجشه اتجاة العقير  بمحافظة الاحساء.\n واوضح المتحدث الرسمي لهيئة الهلال الأحمر السعودي بالمنطقة الشرقية فهد بن عثمان الغامدي أن عمليات الهلال اﻷحمر بمحافظة الاحساء تلقت بلاغ الساعة 7.46 من صباح اليوم يفيد بوجود حادث سير وفيه مصاب وعلى الفور تم توجيه فرقه اسعافيه وبعد وصولها والكشف على المصاب اتضح انه متوفي رحمة الله عليه قبل وصول الفرقة الاسعافيه نتيجة تعرضة لاصابة في الراس تم انهاء الاجراءت والعودة لمركزها. إلى ذلك توفي طفلان وأصيب ثمانية آخرون صباح اليوم في حادث سير وقع بين اشارة الدخل المحدود اتجاة الجفر بمحافظة الاحساء . واوضح المتحدث الرسمي لهيئة الهلال الأحمر السعودي بالمنطقة الشرقية  فهد بن عثمان الغامدي أن عمليات الهلال اﻷحمر بمحافظة الاحساء تلقت بلاغ من  مواطن في الساعة 9.28 من صباح اليوم يفيد بوجود حادث سير وفيه عدد من المصابين  وعلى الفور تم توجيه 5 فرق اسعاف وفرقة الاسعاف المتقدم والقيادة الميدانية من الهيئة مدعمة ب ثلاث فرق اسعافيه من جهات آخرى وبعد وصولهم وعمل الفرز اﻷولي اتضح بوجود طفلان متوفيان و8 مصابين تتراوح اصاباتهم بين الخطرة والمتوسطة احدهم أمرأة حامل تعاني من توقف قلب وتنفس تم تقديم الخدمات الطبية الاسعافية لهم واسعافهم الى مستشفى الملك فهد والمانع والجفر سمات الأحساء الهلال الأحمر وفاة ",
    "date_extracted": "2015-07-24 15:56:17"
}