{
    "url": "http://www.3alyoum.com/news/a/خادم-الحرمين-لن-نتواني-في-دعم-الأنشطة-ا/",
    "title": "خادم الحرمين: لن نتواني في دعم الأنشطة الرياضية.. والتعصب والتنافر مرفوض",
    "author": "",
    "content": " Next Previous عين اليوم – جدة\nوجه خادم الحرمين الشريفين الملك سلمان بن عبدالعزيز، المسؤولين في رعاية الشباب والأندية الرياضية، إلى نبذ التعصب والتنافر.\nجاء ذلك خلال  استقباله ـ حفظه الله ـ في قصر السلام اليوم صاحب السمو الملكي الأمير عبدالله بن مساعد بن عبدالعزيز الرئيس العام لرعاية الشباب رئيس اللجنة الأولمبية العربية السعودية، ومسؤولي الرئاسة، ورؤساء الأندية الرياضية، وكبار المسؤولين والمهتمين بالرياضة والشباب في القطاعين العام والخاص.\nوقال خادم الحرمين في كلمة وجهها للحضور: “يسعدني في هذا اليوم الالتقاء بهذه النخبة الطيبة من المعنيين والمهتمين بالشأن الشبابي والرياضي”.\n وقال: “إن الشباب هم عماد الأمة وركيزتها الأساسية للنهضة والحضارة .. ونحمد الله تعالى أن هيأ لهذا الوطن شباباً يتفانون في سبيل خدمة دينهم ووطنهم في شتى المجالات ، بما في ذلك المجال الرياضي بمختلف ألعابه ونشاطاته”.\n وأضاف: “إخواني وأبنائي : إن دولتكم ـ ولله الحمد والمنة ـ منذ أن أسسها الملك عبدالعزيز ـ رحمه الله ـ تسير في طريق النمو والتطور في جميع المجالات على أسس دينية ، وثوابت وطنية راسخة. ولا يخفى دعم الدولة للشباب والرياضة ، وما تحقق من الارتقاء بهذا القطاع المهم وتطويره ، ولن نتوانى ـ بإذن الله ـ عن الاستمرار في تقديم الدعم اللازم لتحقيق المستوى المأمول وما نتطلع إليه من التطور والانجاز”.\n وأفاد: “أيها الإخوة : الشباب سفراء لبلدهم ومجتمعهم ، وعليهم مسؤولية كبيرة ، فالنشء يتابعهم ويتأثر بهم ، وعليهم أن يكونوا قدوة حسنة لهم ، ويجب أن تعكس الرياضة أخلاق المسلم ، والتنافس يجب أن تحكمه قيمنا وأخلاقنا وتعاليم ديننا التي تنبذ التعصب والتنافر بين أبناء الوطن الواحد وبما يعزز الولاء والانتماء للوطن ، فوطنكم محسود على نعم كثيرة حباه الله بها ، ومنها التماسك والتلاحم في وجه كل من أراد به السوء.\n ختاماً أسأل الله لكم التوفيق والمزيد من النجاح”.\n ثم ألقى صاحب السمو الملكي الأمير عبدالله بن مساعد بن عبدالعزيز كلمة رفع فيها أسمى آيات الشكر والعرفان لخادم الحرمين الشريفين على الدعم والرعاية التي يحظى بها قطاعا الشباب والرياضة.\n وأكد سموه أنهم جميعاً يستشعرون حجم المسؤولية وعظم الأمانة التي يحملونها ويسعون لأدائها على الوجه الأمثل والصورة الأكمل في ظل توجيهات خادم الحرمين الشريفين ودعمه ـ حفظه الله ـ.\n وقال “من هذا المنطلق فإنه يتم العمل على إعداد خطة شاملة خاصة بالشباب نهدف من خلالها إلى استثمار أوقاتهم ببرامج فاعلة وأنشطة جاذبة تسهم في تحصين أفكارهم وتمسكهم بمبادئ الدين الحنيف التي تدعو إلى الوسطية والاعتدال ، وتعزيز قيم الانتماء والولاء لقيادتهم ووطنهم وتمكنهم من صرف أوقاتهم فيما يعود عليهم بالخير والنفع الكبير”.\n وأضاف سموه يقول “كما أن الرئاسة العامة لرعاية الشباب وضعت هدفاً أساسياً للمشاركات الرياضية في المحافل القارية والعالمية حيث نسعى خلال السنوات المقبلة إلى تحسين مراكز المملكة في الألعاب الأولمبية بصورة تتناسب مع مكانة المملكة وإمكاناتها ، وذلك من خلال إستراتيجية تقوم على إعداد الأبطال الأولمبيين وتهيئتهم وتحفيزهم للفوز والانتصار وتحقيق مراكز متقدمة في المنافسات القارية والدولية”، مشيراً إلى أنهم يعملون في الرئاسة كذلك على تطوير ورفع مستوى اللعبة الشعبية الأولى في المملكة ، لعبة كرة القدم وذلك من خلال عدة مشاريع بعضها بدأنا بالفعل في تنفيذه وأخرى يتطلعون لاستكمالها قريباً إن شاء الله.\nوعبر سمو الأمير عبدالله بن مساعد باسم شباب ورياضيي وطننا الغالي عن عظيم الشكر والامتنان لخادم الحرمين الشريفين لما يجدونه من دعم متواصل أسهم ويسهم في مزيد من صقل المواهب وتنمية القدرات وتحفيز المبدعين، وقال ” تحقيقاً لذلك سيدي فإننا سنسعى من خلال خطة تنفيذية طموحة إلى توسيع قاعدة الممارسة الشعبية للرياضة والوصول إلى مجتمع ممارس للرياضة ، وهو هدف إستراتيجي سينعكس بشكل إيجابي على جوانب عديدة لعل من أهمها صحة المجتمع وتحقيق الوقاية المبكرة من بعض الأمراض المزمنة والمهددة للمجتمع وزيادة عدد الممارسين للرياضة مما يزيد فرص بروز الأبطال الأولمبيين”.\n وأضاف إن شباب هذا الوطن يدركون واجبهم الحقيقي تجاه بلادهم وقادتهم ويضربون في كل مناسبة أمثلة التضحية والولاء ويجسدون بكثير من الفخر والاعتزاز مسيرة التلاحم التي تزداد تماسكاً وقوة كلما اشتدت الظروف من حولها فالحمد لله أن منحنا في هذا الوطن الغالي قيادة رشيدة عرفت بحبها لشعبها الذي يبادلها مشاعر المحبة والوفاء ونسأله تعالى أن يحفظ هذه البلاد تحت قيادتكم حفظكم الله وسمو ولي عهدكم الأمين وسمو ولي ولي العهد حفظهما الله وأن يديم على وطننا الغالي نعم الأمن والآمان والرخاء والاستقرار إنه سميع مجيب.\n عقب ذلك تشرف الحضور بالسلام على خادم الحرمين الشريفين – حفظه الله -.\n حضر الاستقبال صاحب السمو الأمير خالد بن سعد بن فهد رئيس مجلس إدارة نادي الشباب، وصاحب السمو الأمير نواف بن محمد بن عبدالله رئيس الاتحاد السعودي لألعاب القوى، وصاحب السمو الأمير عبدالعزيز بن فهد بن عبدالله رئيس الاتحاد السعودي للسباحة، وصاحب السمو الملكي الأمير فيصل بن تركي بن ناصر رئيس مجلس إدارة نادي النصر، وصاحب السمو الأمير عبدالله بن فهد بن محمد رئيس الاتحاد السعودي للفروسية، وصاحب السمو الملكي الأمير عبدالحكيم بن مساعد بن عبدالعزيز الأمين العام للجنة الأولمبية العربية السعودية، وصاحب السمو الملكي الأمير خالد بن بندر بن مساعد بن عبدالعزيز من اللجنة الأولمبية العربية السعودية، وصاحب السمو الأمير فهد بن جلوي بن عبدالعزيز بن مساعد مستشار الرئيس العام لرعاية الشباب للتعاون الدولي، وعدد من المسؤولين.\n إلى ذلك بعث خادم الحرمين الشريفين الملك سلمان بن عبدالعزيز آل سعود برقية تهنئة لأمينة غريب فقيم رئيسة جمهورية موريشيوس بمناسبة توليها رئاسة الجمهورية في بلادها.\n وأعرب الملك المفدى باسمه واسم شعب وحكومة المملكة العربية السعودية عن أجمل التهاني وأطيب التمنيات بموفور الصحة والسعادة لها ، ولشعب جمهورية موريشيوس المزيد من التقدم والازدهار.\n وأشاد ـ حفظه الله ـ بهذه المناسبة بالعلاقات الودية التي تربط بين البلدين والشعبين والتي يسعى الجميع لتعزيزها وتنميتها في جميع المجالات.\nمن جانبه بعث صاحب السمو الملكي الأمير محمد بن نايف بن عبدالعزيز آل سعود ولي العهد نائب رئيس مجلس الوزراء وزير الداخلية برقية تهنئة لأمينة غريب فقيم رئيسة جمهورية موريشيوس بمناسبة توليها رئاسة الجمهورية في بلادها.\n وعبر سمو ولي العهد عن أصدق التهاني وأطيب التمنيات بموفور الصحة والسعادة لها ، والمزيد من التقدم والرقي لشعب جمهورية موريشيوس ",
    "date_extracted": "2015-07-24 15:48:11"
}