{
    "url": "http://www.3alyoum.com/news/a/القبض-على-داعشي-هدد-ناصر-القصبي-بالقتل/",
    "title": "القبض على داعشي هدد ناصر القصبي بالقتل",
    "author": "",
    "content": " عين اليوم – جدة\nتمكنت الجهات الأمنية من احباط عدة عمليات ارهابية والقبض على المتورطين مباشرة فيها، كما تمكنت من النفاذ إلى البنية التحتية لهم بضبط العناصر الداعمة وتلك التي تعمل على نشر الفكر المنحرف عبر شبكة الإنترنت وتجنيد العناصر، ونشر الدعاية المضللة وعددهم (144) موقوفاً.\nوأوضح المتحدث الأمني لوزارة الداخلية أنه تم التعامل مع أصحاب عدد من المعرفات على تويتر من التابعين لتنظيم داعش الارهابي، وهم “داعشي وافتخر”، “بعت الدنيا”، “جنون الاستشهاد”، “جليبيب الجزراوي”، “غربه 4″، “طويلب علم”، “حزام ناسف”، والمستخدم من قبل الموقوف علي محمد علي العتيق، الذي ضبط في منزله معمل لتصنيع المتفجرات ومواد مختلفة تستخدم لذلك الغرض.\nيذكر أن صاحب المعرف ‏”جليبيب الجزراوي” قام بتهديد الفنان ناصر القصبي وتوعده بالقتل بعد أن عرض القصبي انتقادات لتنظيم داعش ‏في حلقة مسلسل “سيلفي” الذي أذيع خلال شهر رمضان الماضي. ",
    "date_extracted": "2015-07-24 15:49:17"
}