{
    "url": "http://www.3alyoum.com/news/pol/a/شاهد-لقاء-محمد-بن-سلمان-بالرئيس-بوتين/",
    "title": "شاهد.. لقاء محمد بن سلمان بالرئيس بوتين والحديث الذي دار بينهما",
    "author": "",
    "content": " \n سعد الفراج – عين اليوم\nأعلن ولي ولي العهد وزير الدفاع الأمير محمد بن سلمان خلال لقائه الرئيس الروسي فلاديمير بوتين في بطرسبورغ أن خادم الحرمين الشريفين الملك سلمان بن عبد العزيز سيزور روسيا في القريب العاجل تلبية لدعوة الرئيس الروسي.\nكما نقل محمد بن سلمان الدعوة من العاهل السعودي إلى الرئيس الروسي لزيارة السعودية.\nوأكد بوتين قبوله الدعوة بكل سرور، مضيفا أنه يتذكر زيارته الأخيرة إلى الرياض والاستقبال الحار الذي أقيم على شرفه هناك.\nوأكد بوتين لـ محمد بن سلمان أن روسيا تثمن علاقاتها الودية مع السعودية.\nبدوره قال ولي ولي العهد إن بلاده تعتبر روسيا شريكا مهماً، معيدا إلى الأذهان أن الاتحاد السوفيتي كان أول دولة اعترفت بالمملكة العربية السعودية في عام 1926. سمات السعودية بوتين روسيا محمد بن سلمان ",
    "date_extracted": "2015-07-24 15:59:49"
}