{
    "url": "http://www.3alyoum.com/finance/a/ارتفاع-أسعار-العقود-الآجلة-للنفط/",
    "title": "ارتفاع أسعار العقود الآجلة للنفط",
    "author": "",
    "content": " عين اليوم – لندن\nارتفعت أسعار العقود الآجلة للنفط الخام اليوم الخميس وقد لاقت دعماً من تراجع الدولار لكن زيادة مخزونات الخام في الولايات المتحدة حصرت المعاملات الآجلة في نطاق ضيق.\n وأظهرت بيانات من ادارة معلومات الطاقة الامريكية ان مخزونات النفط الخام التجارية في الولايات المتحدة سجلت زيادة قدرها 2.5 مليون برميل الأسبوع الماضي لترتفع عن المتوسط الموسمي في خمس سنوات ومخالفة التوقعات التي كانت تشير الي انخفاض قدره 2.3 مليون برميل.\n وقالت الإدارة ايضا إن المخزونات في مركز تسليم العقود الآجلة للخام الامريكي في كاشينج بولاية أوكلاهوما ارتفعت ايضا.\n وزادت عقود الخام الامريكي لتسليم سبتمبر ايلول 31 سنتا الي 49.50 دولار للبرميل بحلول الساعة 1401 بتوقيت جرينتش بعد ان هبطت 1.67 دولار يوم الأربعاء لتغلق تحت مستوى 50 دولارا للمرة الاولى منذ ابريل نيسان.\n وارتفعت عقود خام برنت 11 سنتا الي 56.24 دولار للبرميل بعد ان أنهت الجلسة السابقة منخفضة 91 سنتا.\n وبرنت الآن منخفض حوالي 12 بالمئة عن مستواه في بداية الشهر الحالي بفعل القلق بشأن الطلب واحتمال ان يؤدي اتفاق إيران النووي مع القوى العالمية الست إلي زيادة في إمدادات الخام من البلد العضو بمنظمة اوبك مع رفع العقوبات عن طهران.\n ومع هذا فإن مندوبين لدول خليجية ودول أخرى في اوبك يقولون إن هبوط الأسعار من المرجح ان يكون قصير الأجل ولن يجعل المنظمة تغير سياستها للإبقاء على الإنتاج مرتفعا للدفاع عن حصتها في السوق.\n ويتجه الدولار نحو أول تراجع أسبوعي له في شهر لكن مؤشر الدولار استقر قرب أعلى مستوى له في ثلاثة أشهر وهو ما يجعل بيع الأصول المقومة بالدولار مثل النفط والذهب أكثر ربحية للمستثمرين غير الأمريكيين. سمات الاسعار البرميل العقود النفط ",
    "date_extracted": "2015-07-24 15:44:42"
}