{
    "url": "http://www.3alyoum.com/news/pol/a/مقتل-أربعة-من-الجيش-بانفجار-عبوة-في-سين/",
    "title": "مقتل أربعة من الجيش بانفجار عبوة في سيناء",
    "author": "",
    "content": " عين اليوم – القاهرة\n قُتل أربعة من عناصر القوات المسلحة المصرية بينهم ضابط فيما أصيب ثلاثة آخرون اليوم، إثر انفجار عبوة ناسفة بمحافظة شمال سيناء.\n وأوضح المتحدث العسكري المصري العميد محمد سمير في بيان له اليوم أن عناصر إرهابية زرعت العبوة الناسفة في إحدى مركبات القوات أثناء تمشيط الحد الفاصل بين منطقتي (المهدية) و(الماسورة) بمدينة رفح التابعة لمحافظة شمال سيناء، ما أسفر عن مقتل ضابط وثلاثة جنود، وإصابة ثلاثة آخرين. سمات الجيش القاهرة سيناء ",
    "date_extracted": "2015-07-24 15:58:04"
}