{
    "url": "http://www.3alyoum.com/news/local/a/حسم-موضوع-تأجيل-الدراسة-الأربعاء-المق/",
    "title": "حسم موضوع تأجيل الدراسة الأربعاء المقبل",
    "author": "",
    "content": " عين اليوم – جدة\nرجحت مصادر أن يحسم ملف تأجيل الدراسة إلى ما بعد موسم حج هذا العام من عدمه، في اجتماع يعقده وزير التعليم عزام الدخيل مع مديري التعليم في مناطق ومحافظات المملكة الأربعاء المقبل.\nووجه وزير التعليم تعميماً إلى مديري التعليم في المحافظات والمناطق، أكد فيه عقد اجتماع بعد غد الأربعاء لأخذ رأيهم حول بدء العام الدراسي 1436 – 1437هـ والاطمئنان على جاهزية إدارات التعليم للعام الجديد، وما يتطلبه ذلك من تكامل وجهات النظر.\nوتواترت خلال الفترة الماضية أنباء عن توجه الوزارة لتأجيل بداية العام الدراسي المقرر انطلاقته في 8 ذي القعدة إلى ما بعد إجازة احج. سمات الدراسة تأجيل عزام الدخيل ",
    "date_extracted": "2015-07-24 15:39:37"
}