{
    "url": "http://www.3alyoum.com/finance/a/التجارة-تغلق-فرعاً-لشركة-الجميح-في-ال/",
    "title": "“التجارة” تغلق فرعاً لشركة الجميح في الرياض بسبب تلاعب في الأسعار!",
    "author": "",
    "content": " \nنايف عبدالله – عين اليوم\nأغلقت وزارة التجارة والصناعة فرع شركة الجميح للسيارات في العاصمة الرياض بشارع خريص، بحسب مقطع فيديو وثّقه مواطن أمام بوابة ذلك الفرع، حيث وقف أحد الموظفين في بوابة ليمنع الدخول، وهو يؤكد تنفيذ قرار الوزارة بالإغلاق.\nوأظهر المقطع استياء العملاء المتواجدين عند البوابة، وهم يتحدثون عن سبب الإغلاق المرتبط بتلاعب وتغيير في أسعار السيارات. وذكرت مصادر إن عدداً من موظفي الفرع، هربوا من مكاتبهم ومواقع عملهم بعد القرار. سمات الرياض تلاعب في الاسعار شارع خريص شركة الجميح للسيارات ",
    "date_extracted": "2015-07-24 15:45:50"
}