{
    "url": "http://www.3alyoum.com/news/golobal/a/داعش-ينشر-صوراً-لغنائمه-من-معارك-الرم/",
    "title": "“داعش” ينشر صوراً لغنائمه من معارك الرمادي",
    "author": "",
    "content": " Next Previous أحمد حجازي – عين اليوم\nبعد أن أعلن تنظيم “داعش” في بيان مساء أمس الأحد، إكمال سيطرته على مدينة الرمادي مركز محافظة الأنبار في غرب العراق، في ما يعد أكبر تقدم ميداني له في العراق منذ نحو عام، نشر تنظيم الدولة أو ما يُعرف بـ”داعش،” صورا لما وصفها بـ”الغنائم” التي حصل عليها بعد انسحاب قوات الجيش العراقي من مدينة الرمادي.\n  ",
    "date_extracted": "2015-07-24 16:03:21"
}