{
    "url": "http://www.3alyoum.com/finance/a/الأسهم-السعودية-ترتفع-24-نقطة-إلى-مستوى-9160/",
    "title": "الأسهم السعودية ترتفع 24 نقطة إلى مستوى 9160 نقطة",
    "author": "",
    "content": " عين اليوم – الرياض\n أغلق مؤشر سوق الأسهم السعودية اليوم على مكاسب ,إذ ارتفع 24.36 نقطة ليغلق عند مستوى 9160.70 نقطة بنسبة ارتفاع بلغت 0.27% ,وبتداولات تجاوزت 4.3مليار ريال.\n وشهدت تداولات اليوم ارتفاع أسهم 51 شركة في قيمتها ,فيما تراجعت أسهم 81 شركة, إذ بلغ عدد الأسهم المتداولة اليوم أكثر من 129 مليون سهم توزعت على أكثر من 90 ألف صفقة.\n وكانت أسهم شركات سدافكو , والخليج للتدريب ,وبتروكيم ,واللجين ,وطباعة وتغليف ,ومجموعة السعودية الأكثر ارتفاعاً اليوم , فيما جاءت أسهم شركات سايكو ,والمملكة ,وسلامة ,وسوليديرتي تكافل ,ومبرد ,والإنماء طوكيو الأكثر انخفاضاً ,وقد تراوحت الانخفاضات والارتفاعات في تداولات اليوم مابين 7.99% إلى 2.77%.\n و جاءت أسهم شركات الخدمات الأرضية ,والإنماء ,وسابك ,وتكوين ,والراجحي ,ودار الأركان الأكثر نشاطاً بالقيمة ،فيما جاءت أسهم شركات الإنماء ,ودار الأركان ,والخدمات الأرضية ,وكيان السعودية ,وزين السعودية ,وساسكو على قائمة أكثر الأسهم نشاطا بالكمية. سمات الاسهم المؤشر تداول ",
    "date_extracted": "2015-07-24 16:06:03"
}