{
    "url": "http://www.3alyoum.com/finance/a/البنك-الأهلي-التجاري-يوزع-1596-مليون-ريال/",
    "title": "البنك الأهلي التجاري يوزع 1596 مليون ريال على المساهمين",
    "author": "",
    "content": " عين اليوم – الرياض\n سجل صافي أرباح البنك الأهلي التجاري في النصف الأول من العام الحالي ارتفاعاً بشكل طفيف ليبلغ 4968 مليون ريال بنسبة 0.14% مقارنة بذات الفترة من العام الماضي.\n وأوضح البنك في إعلان نتائجه المالية الذي نشره على موقع السوق المالية “تداول” اليوم أنه حقق صافي ربح في الربع الثاني من العام الحالي بلغ 2363 مليون ريال بتراجع بنسبة 2.65% مقارنة بالربع المماثل من العام السابق وبانخفاض بنسبة 9.33% مقارنة بالربع السابق لتبلغ بذلك ربحية السهم في 6 أشهر 2.49 ريال.\n وعزى البنك تحقيق هذه النتائج إلى ارتفاع إجمالي مصاريف ودخل العمليات، معلناً في الوقت ذاته عن قرار مجلس إدارته توزيع أرباح نقدية على المساهمين عن النصف الأول بقيمة إجمالية 1,596 مليون ريال بواقع 0,80 ريال للسهم الواحد تمثل 8 % من القيمة الاسمية للسهم.\n وستكون أحقية الأرباح لمساهمي البنك المسجلين لدى مركز إيداع الأوراق المالية “تداول” بنهاية تداول يوم 13-07-2015. سمات ارباح البنك الاهلي المساهمين ",
    "date_extracted": "2015-07-24 16:05:44"
}