{
    "url": "http://www.3alyoum.com/news/a/بالصور-نجران-وفاة-أب-وأم-أمام-طفلهما-ف/",
    "title": "بالصور.. نجران: وفاة أب وأم أمام طفلهما في حادث سيارة",
    "author": "",
    "content": " Next Previous  \nعبدالرحمن الشهري – نجران\n تبلغت عمليات الدفاع المدني بمنطقة نجران في تمام الساعة ٤:٢٠ من عصر اليوم الجمعة عن وقوع حادث على طريق الملك عبد الله بمدينة نجران، وعلى الفور تم تحريك فرقة إطفاء وإنقاذ مركز الدفاع المدني بالفيصلية وفرقة إطفاء وإنقاذ مركز الدفاع المدني بأبو ثامر وعند الوصول للموقع اتضح أن الحادث عبارة عن اصطدام سيارة من نوع كامري بعمود إنارة حيث تم إخراج المحتجزين ونتج عن الحادث وفاة رجل وامرأة وإصابة طفل حيث جرى نقله للمستشفى عن طريق فرق الهلال الأحمر، صرح بذلك المتحدث باسم الدفاع المدني بمنطقة نجران المقدم علي بن عمير آل جرمان الشهراني. ",
    "date_extracted": "2015-07-24 15:40:58"
}