{
    "url": "http://www.3alyoum.com/news/golobal/a/تحطم-قلوب-العشاق-بإزالة-أقفال-الحب-من/",
    "title": "تحطم قلوب العشاق بإزالة “أقفال الحب” من جسر “ساوث غيت”",
    "author": "",
    "content": " Next Previous أحمد حجازي – عين اليوم\nتعمل السلطات في مدينة ملبورن الأسترالية، هذا الأسبوع،  على إزالة أكثر من 20 ألف من “أقفال الأحبة” من على جسر “ساوثغيت” للمشاة لدواعي السلامة، وقال أحد المسؤولين وفقا لـ”cnn” عن ظاهرة “أقفال الحب” المتنامية، بإن هناك طرقا أفضل للتعبير عن حبك لاحدهم بأكثر من قفل لا يتجاوز ثمنه 3.50 دولار . ",
    "date_extracted": "2015-07-24 16:03:25"
}