{
    "url": "http://www.3alyoum.com/news/a/عروض-خيالية-لفريق-الصقور-السعودية-في-م/",
    "title": "عروض خيالية لفريق الصقور السعودية في مهرجان تبوك",
    "author": "",
    "content": " Next Previous عين اليوم – تبوك \nاختتم فريق الصقور السعودية مشاركته في مهرجان الورد والفاكهة بنسخته الثالثة في تبوك ، الذي أُقيم برعاية صاحب السمو الملكي الأمير فهد بن سلطان بن عبدالعزيز أمير منطقة تبوك رئيس مجلس التنمية السياحية بالمنطقة ، ونظمه مجلس التنمية السياحية في تبوك بالتعاون مع فرع الهيئة العامة للسياحة والآثار بالمنطقة.\n وقدم الفريق عروضه الجوية على مدى أربعة أيام متتالية، بمتنزه الأمير فهد بن سلطان، وتعـد الأولى للفريق في منطقة تبوك بتشكيله الجديد المكون من سبع طائرات مقدماً بها 23 حركة جوية بوقت زمني مقداره 25 دقيقة تقريباً.\n ويعـد فريق الصقور السعودية واجهة إعلامية للقوات الجوية للتعريف بإمكاناتها وكفاءتها ومقدرة الطيار والفني السعودي على تطويع الآلة والتقنيات المتقدمة، متوجاً بالدعم السخي الذي يحضى به الفريق منذ إنشائه من حكومة خادم الحرمين الشريفين الملك سلمان بن عبدالعزيز آل سعود، للارتقاء بسمعته وقواتنا الجوية خاصة والقوات المسلحة عامة. ",
    "date_extracted": "2015-07-24 15:53:02"
}