{
    "url": "http://www.3alyoum.com/news/local/a/بماذا-أوصى-عميد-ركن-متقاعد-أبناءه-المر/",
    "title": "بماذا أوصى عميد ركن متقاعد أبناءه المرابطين على الحد الجنوبي؟",
    "author": "",
    "content": " Next Previous عين اليوم – متابعات\nوجّه عميد ركن متقاعد رسالة مؤثرة إلى أبنائه الثلاثة المرابطين على الحد الجنوبي في مواجهة مليشيات الحوثيين، حاثاً إياهم على استشعار البطولة وكرامة الرباط في سبيل الله والدفاع عن الوطن ومقدساته. وذكّر العميد صالح الشهري وفقاً لموقع “العربية نت” أبناءه في رسالته – وهو الذي شارك حينما كان ملتحقا بالسلك العسكري في “عاصفة الصحراء” أثناء تحرير دولة الكويت – بأهمية الصبر والاحتساب واستشعار ذلك والدفاع عن الوطن ومقدراته وأن يكونوا حصنا حصينا مع زملائهم.\nوقال الشهري في نص رسالته إلى أبنائه:\n“رسالة إلى ميدان الشرف ومجد الفداء، أبنائي الأعزاء محمد وعبدالله وعبدالعزيز.. السلام عليكم ورحمة الله وبركاته.\nأهنئكم بتواجدكم في ميدان الشرف ومجد الفداء، فبوجودكم هناك أعيش أمتع أيامي وأفضل أحلامي، وأني بهذا أشد فرحا من العطشان إذا ارتوى، والضال إذا اهتدى، والغائب إذا فاء، فكونوا كما كنت، ونالوا كما نلت، فإنني سعيد بوجودكم في ميدان الشرف والفداء ضمن رجال الإخلاص والوفاء أهل عقيدة راسخة ومعنوية عالية وضبط قوي وطاعة صادقة وتدريب جيد وتنظيم صحيح وتسليح قوي، عنوانهم الانضباط، وغايتهم النصر بإذن الله، مضحين في سبيل دينكم ومليكم ووطنكم والذود عن محارمكم.\nمنحكم الله قيادة ذات حزم وعزم تضع الأمور في نصابها، معلمة ناجحة لضباطها وأفرادها، لا تشكو التعب، ولا تحب الإطراء، لسان حالها يقول أحبوا جنودكم يحبوكم، واحترموهم يطيعوكم، واسبقوهم يتبعوكم، ولا تتخاذلوا يكرهوكم، قيادات صدقها مع وفائها، وقولها مع عملها، أصحاب خبرة ومعرفة، مؤهلين تأهيلا كاملا، جمعت لهم الخبرة في الميدان، والفصاحة في اللسان، فهم من خيرة الزملاء، وأعظم الأوفياء، فعليكم بالسمع والطاعة، وهنيئاً لكم شرف التضحية، ومجد الفداء، والسلام عليكم”.\nوالدكم العميد الركن/م\n صالح بن عبدالله ردعان الشهري ",
    "date_extracted": "2015-07-24 15:55:08"
}