{
    "url": "http://www.3alyoum.com/technology/a/ابتكار-ذاكرة-فلاش-بحجم-تخزين-لا-نهائي/",
    "title": "ابتكار ذاكرة فلاش بحجم تخزين لا نهائي",
    "author": "",
    "content": " عين اليوم – متابعات\nتوصل مخترع روسي إلى ابتكار ذاكرة فلاش جديدة “usb-flash” تستطيع تخزين معلومات الى ما لانهاية، ولا تختلف شكلياً عن الفلاش التقليدي.\nيقول المخترع “يسمح الجهاز بتعريف الشخص بنفسه، أي ليست هناك حاجة لتذكر اسم المستخدم وكلمة المرور”. ولكن لا يحتوي هذا الفلاش ميموري على ذاكرة لتخزين الملفات (files)، وفي الحقيقة هو مجرد جهاز يسهل الوصول لخدمة التخزين السحابي بوصل الذاكرة إلى الحاسب.\nوحصل هذا المخترع الروسي وهو من مدينة سامارا على جائزة مالية مقدارها 250 ألف روبل تقديراً لابتكاره الذي أطلق عليه اسم “خزانة الذاكرة”.\nتربط الذاكرة الجديدة إلى الكمبيوتر عبر منفذ “يو اس بي”، ويمكن تخزين مختلف انواع المعلومات فيها. تبلغ قيمتها 2000 روبل ويمكن الحصول عليها بطلب خاص موجه إلى مخترعها، وحسب قوله سوف يعرض المنتج الجديد في الأسواق بعد 14 شهرا. سمات ابتكار ذاكرة ",
    "date_extracted": "2015-07-24 15:51:22"
}