{
    "url": "http://www.3alyoum.com/sports/a/النصر-يخرج-من-أبطال-آسيا-بثلاثية-وطرد/",
    "title": "النصر يخرج من “أبطال آسيا” بثلاثية.. وطرد",
    "author": "",
    "content": " Next Previous علي القحطاني – الرياض\nخرج فريق النصر من دور المجموعات في دوري أبطال آسيا، مساء اليوم الأربعاء، بعد خسارته من فريق لخويا القطري بثلاثة أهداف مقابل هدف،في اللقاء الذي جمعهما على أرض استاد الملك فهد الدولي بالرياض. سجل للخويا يوسف المساكني في الدقيقة 27 ونام تاي هي في الدقيقة 31 وسيباستيان سوريا من ركلة جزاء في الدقيقة 58، وسجل هدف النصر حسن الراهب في الدقيقة 35، وبذلك يتأهل فريق لخويا القطري متصدراً مجموعته برصيد 13 نقطة برفقة بيروزي الإيراني 12 نقطة، بينما بقى رصيد النصر عند 8 نقاط؛ ما يعني خروجه من المسابقة.\nبدأ الشوط الأول بضغط كبير من لاعبي النصر على مرمى الخصم، وكاد أن يباغت لاعبي لخويا بهدف مبكّر بعد تمريرة ذكية من فابيان يواجه فيها أدريان المرمى، إلا أن تسديدته كانت بين قدمي الحارس. واستمرت سيطرة النصر على الملعب وضغطه على مرمى الخصم، ونتجت عنها انفراد آخر لحسن الراهب الذي سقط بعد احتكاكه بحارس المرمى، أعلن معها حكم اللقاء ضربة حرة غير مباشرة بداعي التمثيل. بعدها عاد لخويا لأجواء المباراة وعند الدقيقة 27 ومن ركلة ركنية تنفذ، ارتقي لها يوسف المساكني ليحولها في الزاوية اليمنى للعنزي معلنة الهدف الأول للخويا. وبعدها بأربع دقائق ومن تمريرة جميلة من يوسف المساكني بين دفاعات النصر، واجه بها الكوري نام تاي هي يودعها في مرمى النصر كهدف ثاني للخويا. وعاد النصر بعدها للضغط، وعند الدقيقة 35 لعب أدريان كرة عرضية لحسن الراهب سجل بها الهدف الأول للنصر، لتستمر بعدها دقائق الشوط الأول دون أي خطورة، حتى أعلن حكم اللقاء نهاية الشوط الأول بتقدم لخويا بهدفين مقابل هدف للنصر.\nومع بداية الشوط الثاني وعند الدقيقة 49، أخطأ مدافع النصر عمر هوساوي في إبعاد الكرة، لينطلق بها سابستيان سوريا، إلا أنه تعرض لإعاقة من هوساوي حصل على أثرها على بطاقة حمراء. واستحوذ فريق لخويا على مجريات اللقاء بعد الطرد، واستطاع زيادة النتيجة بعد الهدف الثالث، الذي جاء من ركلة جزاء إثر إعاقة محمد حسين للمهاجم الكوري نام تاي هي، تقدم لها سابستيان سوريا لينفذ الركلة كهدف ثالث لفريق لخويا في الدقيقة 58، لينزل رتم اللقاء كثيراً وينحصر اللعب في منتصف الملعب، حتى إعلان حكم اللقاء نهاية المباراة بفوز فريق لخويا بثلاثة أهداف مقابل هدف لفريق النصر. ",
    "date_extracted": "2015-07-24 15:48:46"
}