{
    "url": "http://www.3alyoum.com/finance/a/النفط-يتراجع-بفعل-هبوط-عقود-منتجات-الت/",
    "title": "النفط يتراجع بفعل هبوط عقود منتجات التكرير ومشكلات اليونان وإيران",
    "author": "",
    "content": " عين اليوم – نيويورك\nتراجعت أسعار العقود الآجلة للنفط الخام لليوم الثاني على التوالي اليوم الخميس منخفضة نحو واحد في المائة تحت تأثير هبوط أسواق منتجات التكرير الأمريكية والآثار السلبية المحتملة لأزمة ديون اليونان على الطلب على الطاقة في أوروبا.\n وجاء تراجع عقود الخام الآجلة بفعل المخاوف بشأن مفاوضات ديون اليونان واحتمال تخفيف العقوبات على إيران المنتجة للخام وطغت هذه المخاوف على بيانات عن قوة الطلب على البنزين والديزل في الولايات المتحدة وأوروبا.\n وتحرك خام برنت في نطاق ضيق مع توقع المستثمرين سوقا حاضرة ضعيفة للغاية في حوض الأطلسي وسط تقارير عن طلب قوي على البنزين والديزل.\n غير أن محادثات اللحظات الأخيرة بين اليونان ودائنيها الدوليين فشلت حتى الآن في الوصول إلى اتفاق مثيرة مخاوف بشأن اقتصاد أوروبا ومن ثم الطلب المتوقع على النفط.\n وسجلت الأسعار الرسمية للخام النيجيري أدنى مستوياتها في عشر سنوات على الأقل مع وجود ما يصل إلى عشرة ملايين برميل غير مبيعة من الخام الخفيف وهو ما يكبح الأسعار في حوض الأطلسي.\n وهبط خام برنت لتسليم أغسطس آب 71 سنتا أو 1.1 في المائة إلى 62.77 دولار للبرميل بحلول الساعة 1525 بتوقيت جرينتش بعدما أنهى الجلسة السابقة منخفضا 96 سنتا أو 1.5 بالمئة.\n وهبط الخام الأمريكي (غرب تكساس الوسيط) لتسليم أغسطس آب 77 سنتا أو 1.3 في المئة إلى 59.50 دولار للبرميل بعدما أغلق يوم الأربعاء منخفضا 74 سنتا.\n ورفع يو.بي.اس اليوم توقعاته لمتوسط سعر خام برنت في عام 2015 إلى 61.50 دولار للبرميل من 56.25 دولار في وقت سابق وللخام الأمريكي إلى 56 دولارا من 51 دولارا. سمات اسعار البرميل النفط ",
    "date_extracted": "2015-07-24 16:04:01"
}