{
    "url": "http://www.3alyoum.com/news/a/عين-اليوم-تحلق-مع-صقور-الداخلية-وترصد/",
    "title": "“عين اليوم” تحلق مع صقور الداخلية وترصد أجواء الحرم المكي",
    "author": "",
    "content": " Next Previous رصد وتصوير: أحمد حجازي – عين اليوم\nرافقت صحيفة “عين اليوم” طائرتين من أسطول طيران الأمن في وزارة الداخلية في جولة خاصة لرصد الأجواء الإيمانية في الحرم المكي والمشاعر المقدسة، في رحلة انطلقت من قاعدة طيران الأمن بمحافظة جدة إلى مكة المكرمة مساء يوم الجمعة السادس عشر من شهر رمضان 1436، غير أن الرصد لم يكن اعتياديا، بل كان بزاوية أوسع ومن ارتفاع شاهق عن الأرض ما بين (1500 – 3000 قدم) وذلك مع صقور طيران الأمن بوزارة الداخلية التي ترقب المكان وترصد التفاصيل وحركة المركبات في المشاعر وعلى الطرق السريعة وبنظرة مختلفة، من خلال طائرتها العمودية حيث أظهرت تلك الجولة حجم المنجزات والمشاريع الضخمة التي نفذتها وتنفذها حكومة خادم الحرمين الشريفين وسمو ولي عهده الأمين وسمو ولي ولي العهد.\nوكانت المشاهد والتفاصيل في الحرم المكي غاية في الروعة والجمال، للطائفين حول الكعبة المشرفة ما بين مصلين ومعتمرين وزوار وكانت مشاهد الصورة في الحرم المكي كاملة ومعبرة حيث اكتست ساحاته باللون الأبيض للطائفين حول الكعبة المشرفة ما بين مصلين ومعتمرين وزوار فيما برزت المشاريع العملاقة التي تنفذها حكومة خادم الحرمين الشريفين لتوسعة صحن المطاف والتوسعة الكبرى للمسجد الحرام.\nوستوافيكم “عين اليوم” لاحقاً بتصوير فيديو يُظهر كامل التفاصيل. ",
    "date_extracted": "2015-07-24 15:52:54"
}