{
    "url": "http://www.3alyoum.com/news/pol/a/علي-عبدالله-صالح-ينهار-ويعلن-مبادرة-لل/",
    "title": "علي عبدالله صالح ينهار ويعلن مبادرة للاستسلام",
    "author": "",
    "content": " عين اليوم – متابعات\nنشر موقع “اليمن السعيد”، نقلاً عن عضو في حزب الرئيس اليمني السابق علي عبد الله صالح، قوله: إن ممثلين لصالح يجرون محادثات مع دبلوماسيين من الولايات المتحدة وبريطانيا والإمارات للمساعدة في إنهاء الحرب المستمرة منذ أربعة أشهر بالبلاد. وذلك في إشارة إلى أن صالح قد انهار ويريد الاستسلام.\n فيما أكد عادل الشجاع القيادي بحزب المؤتمر الشعبي العام لـ”رويترز”، أن هناك مفاوضات في القاهرة بين قيادات في المؤتمر ودبلوماسيين من الولايات المتحدة وبريطانيا والامارات بهدف إيجاد حل سلمي للأزمة في اليمن ورفع الحصار على اعتبار أن استمرار الحرب والحصار يخدمان الجماعات المتطرفة وهذه المفاوضات حققت تقدما كبيرا حتى الآن. سمات الحرب اليمن علي صالح ",
    "date_extracted": "2015-07-24 15:37:35"
}