{
    "url": "http://www.3alyoum.com/news/a/شاهد-يابانيون-يزرعون-الأرز-في-سطح-مبنى/",
    "title": "شاهد.. يابانيون يزرعون الأرز في سطح مبنى شاهق الارتفاع",
    "author": "",
    "content": " Next Previous أحمد حجازي – متابعات\nاستغل عدد من المواطنين اليابانيين مساحة سطح أحد المباني الشاهقة في العاصمة طوكيو، من أجل زراعة الأرز، في لقطات مصورة انتشرت اليوم في وكالة الأنباء الفرنسية، اليوم السبت.\nوتأتي مشاهد الزراعة ضمن احتفالية سنوية معتادة في اليابان لزراعة الأرز، من أجل حصاده في شهر سبتمبر المقبل. ",
    "date_extracted": "2015-07-24 16:03:16"
}