{
    "url": "http://www.3alyoum.com/news/golobal/a/تعرّف-على-أكثر-انتخابات-غير-مجدية-في-ال/",
    "title": "تعرّف على أكثر انتخابات غير مجدية في العالم",
    "author": "",
    "content": " عمر ابراهيم – عين اليوم\nانعقدت اليوم الاثنين أكثر الانتخابات التي لا جدوى لها على مستوى العالم في كوريا الشمالية بإجمالي نسبة إقبال وصلت إلى 99.97 % بحسب يو بي آي.\nوقد تثير هذه النتيجة الإعجاب حتى تدرك أن عقوبة عدم التصويت هي الخيانة العظمى أي الموت رمياً بالرصاص.\nلا بدّ أن أول سؤال سيقفز إلى ذهن القارئ هو أين بقية الأصوات التي تساوي 3 من عشرة في المائة (3 0.0 %)؟\nإن هذه الاصوات التي تعد بأصابع اليد هي لمواطنين تصادف أنهم خارج البلاد بحسب تقرير الصحف المملوكة للدولة.\nوالمبكي المضحك في الوقت نفسه، أن العجزة والمرضى ليسوا معفيين من الإدلاء بأصواتهم، إذ يتحتم عليهم أن يدلوا بأصواتهم في صناديق اقتراع متحركة.\nوتحدث هذه المهزلة كل اربع سنوات، وهذه الانتخابات هي الأولى في عهد كيم جونج اون الذي أصبح دكتاتوراً للبلاد في 2011 بعد وفاة والده الدكتاتور الأكبر.\nإن الهدف من الاقتراع هو اختيار العمد، حكام الأقاليم وأعضاء الجمعيات في البلاد وجميعهم أتباعه يأتمرون بأمره ويدورون في فلكه، ولا يعصون له أمراً.\nويجتمع السياسيون الجدد مرتين سنوياً، بهدف إجازة الميزانيات والتصديق على تعيين زعماء الحزب الحاكم.\nويتبع المسؤولون المقترعين إلى صناديق الاقتراع، فإذا صوتوا بلا أو أتلفوا ورقة الاقتراع يقبض عليهم فوراً ويحاكمون بتهمة الخيانة العظمى، ومن ثم الموت رمياً بالرصاص.\nوتسجل أسماء المقترعين قبل شهر، وفي أثناء التسجيل يتسنى للدولة معرفة المنشقين. سمات انتخابات كوريا الشمالية ",
    "date_extracted": "2015-07-24 16:01:39"
}