{
    "url": "http://www.3alyoum.com/news/golobal/a/جندي-تونسي-يقتل-3-من-زملائه-في-مدينة-بار/",
    "title": "جندي تونسي يقتل 3 من زملائه في مدينة “باردو”",
    "author": "",
    "content": " Next Previous أحمد حجازي – عين اليوم\nقتل 4 أشخاص بينهم مطلق النار في اشتباكات داخل ثكنة عسكرية في العاصمة التونسية، اليوم الاثنين، فيما أعلنت السلطات أن العملية ليست إرهابية.\n وفي التفاصيل أن جندياً أطلق النار على رفاقه ما أدى إلى مقتله ومقتل و3 آخرين وإصابة عدد آخر بجروح، ووقع الحادث اليوم في المنطقة نفسها التي شهدت هجوم متحف “باردو”، إذ تقع الثكنة العسكرية بالقرب من البرلمان وسط العاصمة.\n وكان مصدر أمني تونسي رفيع قد أفاد بقيام جندي بإطلاق النار على زملائه في ثكنة عسكرية بالعاصمة تونس.\n وقال المصدر الأمني إن الهجوم أسفر عن مقتل عقيد وإصابة ثمانية جنود آخرين، إضافة لمقتل الجندي الذي فتح النار على زملائه، إلا أن العدد ارتفع فيما بعد لأربعة قتلى بما فيهم مطلق النار.\nمن جانبه، صرح المتحدث باسم الداخلية التونسية، محمد علي العروي، أن “الحادث الذي وقع في ثكنة بوشوشه ليس مرتبطاً بعملية ارهابية”، مؤكداً سقوط “قتلى وجرحى”.\n يأتي الهجوم بعد شهرين من هجوم دموي استهدف متحف “باردو” بالعاصمة تونس ونفذه مسلحان وقتلا خلاله 21 سائحاً أجنبياً وشرطياً. وتبنى تنظيم “داعش” الهجوم.\n وأثار سماع إطلاق النار في ثكنة “بوشوشة” حالة من الهلع في المنطقة القريبة من مقر البرلمان ومتحف “باردو”. وعلى الفور عززت قوات الأمن حضورها قرب الثكنة وفي المنطقة.\n  ",
    "date_extracted": "2015-07-24 16:03:11"
}