{
    "url": "http://www.3alyoum.com/news/local/a/خلل-فني-يعيد-طائرة-ويعلن-حالة-الطوارئ-ف/",
    "title": "خلل فني يعيد طائرة ويعلن حالة الطوارئ في مطار الملك خالد",
    "author": "",
    "content": " عين اليوم – متابعات\nأعلن مطار الملك خالد الدولي عودة رحلة الخطوط الكورية رقم ٩٦٢ المتجهة إلى سيئول من نوع إيرباص ٣٣٠ بعد إقلاعها بحوالي ثلاثين دقيقة من المطار لوجود خلل فني في المحرك رقم (١). سمات الرياض خلل طائرة مطار ",
    "date_extracted": "2015-07-24 15:43:32"
}