{
    "url": "http://www.3alyoum.com/sports/a/النصر-يتوَّج-بطلاً-للدوري-في-كرنفال-ري/",
    "title": "النصر يتوَّج بطلاً للدوري في “كرنفال رياضي”",
    "author": "",
    "content": " Next Previous علي القحطاني – عين اليوم\n توج فريق النصر ببطولة دوري عبداللطيف جميل 2014/2015 في كرنفال رياضي رائع أقيم على استاد الملك فهد الدولي وذلك بعد لقائه مع فريق الشباب في ختام منافسات الدوري والتي انتهت نتيجته بالتعادل السلبي بين الفريقين ليصل فريق النصر إلى 64 نقطة بينما ارتفع رصيد فريق الشباب إلى 40 نقطة في المركز الخامس وقد شهد اللقاء ثلاث بطاقات حمراء لخالد الغامدي من النصر وعبدالرحمن الخيبري وعبدالملك الخيبري من الشباب.\n بدأ الشوط الأول محصوراً في منتصف الملعب وسط محاولات من الطرفين كان أبرزها تسديدة حسن معاذ في الدقيقة 14 ومن بعدها حاول فابيان اختراق دفاع الشباب من الطرف وعكس كرة عرضية لم يحسّن التعامل معها محمد السهلاوي لتضيع فرصة هدف محقق عند الدقيقة 18 ليعود حسن معاذ بتسديدة قوية في الدقيقة 20 يبعدها حسن شيعان وفي الدقيقة 31 يُبعد مدافع النصر خالد الغامدي بالبطاقة الحمراء بعد اشتراك متهور مع لاعب الشباب عبدالمجيد الصليهم في كرة هوائية ليسيطر الشباب على باقي مجريات الشوط الأول دون أي خطورة تذكر لحين أطلق حكم اللقاء صافرته معلناً نهاية الشوط الأول بالتعادل السلبي بين الطرفين.\n ومع بداية الشوط الثاني حاول الشباب خطف هدف بالضغط الكبير على مرمى النصر لكن بسالة دفاع النصر حالت دون ذلك وعند الدقيقة 54 ينطلق محمد السهلاوي بالكرة من منتصف الملعب ليعيقه عبدالرحمن الخيبري ليشهر الحكم البطاقة الحمراء لتتعادل الكفة في العدد بين الفريقين وتستمر بعدها دقائق اللقاء دون خطورة من الطرفين وقبل نهاية اللقاء بدقيقة يركل عبدالملك الخيبري لاعب الشباب بدون كرة ويلا ارماندو ليشهر حكم اللقاء البطاقة الحمراء مباشرة ويطلق بعدها صافرته معلناً نهاية اللقاء وتتويج فريق النصر بطلاً لدوري عبداللطيف جميل 2014/2015 . ",
    "date_extracted": "2015-07-24 15:48:27"
}