{
    "url": "http://www.3alyoum.com/news/golobal/a/شاهد-مكنسة-ذهب-بمليون-دولار-لتنظيف-الي/",
    "title": "شاهد.. مكنسة ذهب بمليون دولار لتنظيف اليخت والليموزين!",
    "author": "",
    "content": " \n عين اليوم – متابعات\nبثت صحيفة “الديلي ميل” البريطانية شريط فيديو مدته 12 ثانية فقط، تظهر فيه مكنسة كهربائية مصنوعة بالكامل من الذهب 24 قيراطاً، ويبلغ ثمنها مليوناً ومائتي ألف دولار .\n وذكرت الصحيفة أن المكنسة الذهبية تعتبر الاغلى في العالم، ومخصصة للأغنياء الذين يستطيعون شراءها، وذلك من أجل تنظيف السجاد الأحمر وسطح اليخت وسيارة الليموزين.\n وحسب الصحيفة، فإن الشركة المنتجة صنعت فقط مائة مكنسة منها، ويبلغ سعرها 800 ألف جنيه إسترليني، ما يعادل (مليون ومائتي ألف دولار) سمات ذهب مكنسة ",
    "date_extracted": "2015-07-24 16:02:15"
}