{
    "url": "http://www.3alyoum.com/news/a/وزير-الدفاع-يرعى-حفل-تخريج-دورة-كلية-ال/",
    "title": "وزير الدفاع يرعى حفل تخريج دورة كلية الملك عبدالعزيز الحربية",
    "author": "",
    "content": " Next Previous عين اليوم – الرياض\n رعى صاحب السمو الملكي الأمير محمد بن سلمان بن عبدالعزيز ولي ولي العهد النائب الثاني لرئيس مجلس الوزراء وزير الدفاع حفل تخريج الدورة 73 من طلبة كلية الملك عبدالعزيز الحربية، وذلك بمقر الكلية بالرياض .\n وكان في استقبال سموه لدى وصوله مقر الحفل معالي رئيس هيئة الأركان العامة الفريق أول ركن عبدالرحمن بن صالح البنيان، ومعالي قائد القوات البرية الفريق ركن عيد بن عواض الشلوي، وقائد كلية الملك عبدالعزيز الحربية اللواء ركن ظافر بن علي الشهري.\n وفور وصول سموه عزف السلام الملكي ، بعدها بُدئ الحفل الخطابي المعد بهذه المناسبة بتلاوة آيات من القرآن الكريم ، ثم ألقى قائد كلية الملك عبدالعزيز الحربية كلمة عبر فيها عن اعتزاز منسوبي الكلية كافة ، بتشريف سموه حفل تخريج الدورة  73 والدورة 42 جامعيين حيث تقدم الكلية لهذا الوطن وقواته المسلحة كوكبة جديدة من أشبال هذا الصرح الذي حمل اسم الملك عبدالعزيز ـ رحمه الله ـ .\n وأكد جاهزية الطلبة لأداء واجباتهم خدمة لدينهم ثم ملكهم ووطنهم من خلال اتقانهم للمهارات والتدريب الحديث .\n عقب ذلك ألقيت كلمة الخريجين عبروا فيها عن فخرهم واعتزازهم بتشريف سمو وزير الدفاع حفل تخرجهم ، مؤكدين جاهزيتهم للذود عن أرض هذا الوطن الغالي تحت راية التوحيد ، في ظل حكومة خادم الحرمين الشريفين .\n بعد ذلك جرى تسليم راية الكلية، وبدأ العرض العسكري للكلية، ثم أدى الخريجون القسم ، وتقلدوا رتب تخرجهم .\n إثر ذلك أُعلنت النتيجة العامة للطلبة الخريجين ، ثم كرم سموه المتفوقين.\n بعد ذلك تسلم سمو وزير الدفاع هدية تذكارية بهذه المناسبة من قائد كلية الملك عبدالعزيز الحربية , ثم التقطت الصور التذكارية لسموه مع الخريجين.\n حضر الحفل صاحب السمو الأمير تركي بن سعد بن سعود و صاحب السمو الملكي الأمير تركي بن هذلول بن عبدالعزيز و صاحب السمو الملكي الأمير سعود بن فيصل بن مساعد و صاحب السمو الملكي الأمير سعود بن سيف الدين بن سعود و صاحب السمو الملكي الأمير محمد بن سيف الدين بن سعود و صاحب السمو الملكي الأمير مشعل بن سيف الدين بن سعود و صاحب السمو الأمير مشاري بن فهد بن مشاري و صاحب السمو الأمير عبدالله بن فهد بن مشاري و صاحب السمو الأمير فهد بن نايف بن عبدالله ومعالي مدير عام مكتب سمو وزير الدفاع الأستاذ فهد بن محمد العيسى ومعالي المستشار رئيس الشؤون الخاصة في مكتب سمو وزير الدفاع الأستاذ خالد بن محمد الريس ومعالي رئيس المؤسسة العامة للصناعات العسكرية المهندس محمد بن حمد الماضي ومعالي رئيس الجهاز العسكري بوزارة الحرس الوطني الفريق محمد بن خالد الناهض ومعالي نائب رئيس هيئة الأركان العامة الفريق ركن فياض بن حامد الرويلي وقادة أفرع القوات المسلحة وكبار الضباط والملحقين العسكريين لدى المملكة ",
    "date_extracted": "2015-07-24 15:53:14"
}