{
    "url": "http://www.3alyoum.com/news/a/شاهد-أول-طائرة-عسكرية-تهبط-في-مطار-عدن/",
    "title": "شاهد.. أول طائرة عسكرية تهبط في مطار عدن “سعودية” من طراز سي 130",
    "author": "",
    "content": " \n \nعين اليوم – متابعات\nأكد مسؤولون يمنيون إعادة فتح مطار عدن الدولي بعد تعطله لنحو أربعة أشهر، حيث كانت ميليشيات الحوثيين والقوات الموالية للرئيس المخلوع علي عبدالله صالح تسيطر عليه طيلة هذه الفترة.\nووفقا لسكاي نيوز أفادت مصادر هبوط أول طائرة عسكرية سعودية سي 130 في المطار بعد إعادة تشغيله.\nوفور استعادة المقاومة الشعبية والقوات الموالية للرئيس عبدربه منصور هادي السيطرة على مطار عدن الأسبوع الماضي، بدأ فنيون متخصصون من دولة الإمارات العمل على إعادة تشغيل وتأهيل المطار.\nوأكد وزير النقل اليمني بدر محمد باسلمه في تصريحات صحيفة أن هبوط الطائرة السعودية هي بداية العمليات في المطار، الذي استعادته المقاومة والقوات الموالية لهادي بعد معارك عنيفة مع الحوثيين. سمات اليمن ",
    "date_extracted": "2015-07-24 15:39:43"
}