{
    "url": "http://www.3alyoum.com/finance/a/سوق-الأسهم-السعودية-يغلق-على-ارتفاع-طف/",
    "title": "سوق الأسهم السعودية يغلق على ارتفاع طفيف",
    "author": "",
    "content": " عين اليوم – الرياض\n أغلق مؤشر سوق الأسهم السعودية اليوم على ارتفاع طفيف ب 5.42 نقطة عند مستوى 9275.20 نقطة بتداولات تجاوزت 4 مليارات ريال.\n وشهدت تداولات اليوم ارتفاع أسهم 70 شركة في قيمتها وتراجعت أسهم 78 شركة, وظلت أسهم 17 شركة أخرى بدون تغير، في الوقت الذي تجاوز فيه عدد الأسهم المتداولة اليوم أكثر من 121 مليون سهم توزعت على أكثر من 80.7 ألف صفقة.\n وكانت أسهم شركات الإنماء طوكيو للتأمين، سيسكو و الخدمات الأرضية, والطيار ,و وفرة ،والاتصالات السعودية الأكثر ارتفاعاً اليوم , فيما تصدر سهم شركة هرفي قائمة الأسهم الأكثر انخفاضا ,وأسمنت الجنوبية، الصقر للتأمين ,و البحري ,و تكوين قائمة الأكثر انخفاضاً ,وقد تراوحت الانخفاضات والارتفاعات في تداولات اليوم مابين 7.47% ارتفاعاً إلى 4.38% انخفاضاً.\n وجاءت أسهم شركات الخدمات الأرضية ،وسابك والإنماء والراجحي ,و ملاذ للتأمين و دار الأركان الأكثر نشاطاً بالقيمة ،فيما جاءت أسهم شركات الإنماء ,ودار الأركان ,والخدمات الأرضية ,وكيان السعودية ,وزين وسيسكو على قائمة أكثر الأسهم نشاطا بالكمية. سمات الاسهم السعودية المؤشر تداول ",
    "date_extracted": "2015-07-24 16:05:32"
}