{
    "url": "http://www.3alyoum.com/finance/a/الذهب-عند-أقل-مستوى-في-4-أشهر-والبلاتين/",
    "title": "الذهب عند أقل مستوى في 4 أشهر والبلاتين قرب 1000 دولار",
    "author": "",
    "content": " عين اليوم – لندن\nواصل الذهب خسائره ليلامس أقل مستوى منذ مارس آذار اليوم الأربعاء إذ تراقب الأسواق بقلق التراجع الحاد في البورصات الصينية وأزمة الديون اليونانية.\n واقتفت المعادن النفيسة الأخرى أثر الذهب لتتكبد خسائر فادحة إذ اقترب البلاتين من مستوى 1000 دولار للأوقية لأول مرة في أكثر من ست سنوات.\n وتترنح الأسواق المالية العالمية تحت وطأة أزمة اليونان التي قد تؤدي لخروج أثينا من منطقة اليورو إلى جانب القلق حيال النمو في الصين وعدم اليقين المتعلق بالاتجاهات التصحيحية في أسواق الأسهم.\n وقال كارستن مينكي المحلل لدى جوليوس باير “نرى موجة بيع واسعة في المعادن.. النحاس والحديد الخام والمعادن النفيسة وهو ما يرتبط بالصين أكثر من اليونان إذ يثير وقف التداول في البورصة الصينية تساؤلات عن الاقتصاد هناك.”\n وعادة ما ينظر إلى الذهب كاستثمار بديل في أوقات المتاعب المالية والاقتصادية لكنه أخفق في جذب الباحثين عن الملاذات الآمنة في ضوء ارتفاع الدولار وتوقعات رفع أسعار الفائدة الأمريكية.\n وسيراقب المتعاملون محاضر اجتماع لجنة السياسية المالية في مجلس الاحتياطي الاتحادي (البنك المركزي الأمريكي) في يوليو تموز التي تصدر اليوم الأربعاء بحثا عن أي دلائل عن موعد البدء في رفع أسعار الفائدة.\n وانخفض سعر الذهب في المعاملات الفورية 0.1 بالمئة إلى 1154.55 دولار للأوقية (الأونصة) بحلول الساعة 1001 بتوقيت جرينتش بعد أن نزل في وقت سابق من الجلسة إلى 1146.75 دولار في أدنى سعر منذ 18 مارس آذار. كان المعدن النفيس قد خسر أكثر من واحد بالمئة أمس الثلاثاء.\n ونزل الدولار 0.4 بالمئة امام سلة عملات رئيسية لكنه لا يزال قرب أعلى مستوى في شهر كما صعدت أسواق الأسهم الأوروبية.\n وانخفض سعر الفضة 0.4 بالمئة إلى 14.96 دولار بعد أن تراجع 4.4 في المئة في الجلسة السابقة حينما لامس أقل مستوى منذ ديسمبر كانون الأول 2014.\n ونزل البلاديوم ثلاثة بالمئة ليسجل 627.72 دولار مقتربا من مستوياته المنخفضة في منتصف 2013. بحسب رويترز. سمات الاسعار الاوقية الذهب ",
    "date_extracted": "2015-07-24 16:05:57"
}