{
    "url": "http://www.3alyoum.com/news/a/لجنة-الداخلية-والعمل-تصل-الباحة-لمرا/",
    "title": "لجنة “الداخلية” و”العمل” تصل الباحة لمراقبة تصحيح أوضاع اليمنيين",
    "author": "",
    "content": " Next Previous عين اليوم – الباحة\nاطلعت اللجنة المشكلة من وزارتي الداخلية والعمل، برئاسة مساعد مدير الأمن العام للشؤون الأمنية اللواء جمعان الغامدي، يرافقه مساعد مدير عام الجوازات اللواء سعد العسكر، ومدير شرطة منطقة الباحة اللواء مسفر الخثعمي، اليوم الأربعاء، على سير العمل في اللجان المشكلة لتصحيح أوضاع المقيمين في المملكة بطريقة غير نظامية من أبناء اليمن في منطقة الباحة.\n وبدأت اللجنة جولتها بزيارة مقر إدارة جوازات منطقة الباحة، حيث استمع الجميع إلى شرح من مدير جوازات الباحة العميد رشيد المطيري عن آلية تصحيح أوضاع الأشقاء اليمنيين، مشيراً إلى إصدار ما يقارب 2000 وثيقة مؤقتة منذ بدء عملية تصحيح أوضاع الأشقاء اليمنيين.\n والتقى اللواء الغامدي خلال الجولة بمساعد القنصل العام اليمني بمحافظة جدة رئيس لجنة تصحيح أوضاع الجالية اليمنية بالباحة فهد البصلاني، الذي قدم شرحاً عن كيفية استقبال الراغبين من اليمنيين في تصحيح أوضاعهم، كما التقى بعدد من الأشقاء اليمنيين الذي تواجدوا بمقر الجوازات لإنهاء إجراءاتهم حيث استمع إلى أرائهم واحتياجاتهم. بعد ذلك توجه رئيس وأعضاء اللجنة إلى مقر شرطة المنطقة، حيث اطلعوا على الإجراءات التي تقوم بها شرطة الباحة لخدمة الأشقاء اليمنيين.\n ورفع اللواء جمعان الغامدي الشكر لخادم الحرمين الشريفين الملك سلمان بن عبدالعزيز، على هذه المكرمة لمساعدة أبناء الشعب اليمني المقيمين بطريقة غير نظامية بالمملكة، مؤكداً أن علمية التصحيح سيكون لها مردود إيجابي ومنافع متعددة لا حصر لها . وأوضح في تصريح لوكالة الأنباء السعودية أن جميع مراكز التصحيح في مختلف مناطق المملكة تعمل وفق الآلية، التي وافق عليها صاحب السمو الملكي الأمير محمد بن نايف ولي العهد نائب رئيس مجلس الوزراء وزير الداخلية، مؤكداً أن جميع اللجان تعمل بآلية واحترافية ومهنية منظمة من خلال اللجنة الرئيسية بوزارة الداخلية، التي يرأسها وكيل وزارة الداخلية الدكتور أحمد السالم أو في اللجنة الفرعية.\n ونوّه اللواء الغامدي بما شاهده من عمل مميز لمراكز التصحيح، التي تم زيارتها في عدد من مناطق المملكة، مشيداً بما يقوم به العاملون بالقطاعات الأمنية بمنطقة الباحة، بالتعاون مع مسؤولي السفارة اليمنية من أعمال كبيرة ومميزة لخدمة أبناء الشعب اليمني، بشأن تصحيح أوضاعهم وإنهاء إجراءاتهم بكل يسر وسهولة. ",
    "date_extracted": "2015-07-24 15:58:00"
}