{
    "url": "http://www.3alyoum.com/finance/a/هبوط-النفط-نحو-7-بعد-استفتاء-اليونان-واض/",
    "title": "هبوط النفط نحو 7% بعد استفتاء اليونان واضطرابات بورصة الصين",
    "author": "",
    "content": " عين اليوم – نيويورك\n هبطت أسعار العقود الآجلة للنفط الخام نحو 7% في ختام التعاملات اليوم مسجلة أكبر تراجع يومي لها في ثلاثة أشهر بعد أن رفضت اليونان شروط حزمة الإنقاذ في استفتاء, وفي الوقت الذي اتخذت فيه الصين إجراءات طارئة لمنع حدوث انهيار كامل لسوق الأسهم وهو ما يؤجج المخاوف بشأن ضعف نمو الطلب في وقت يشهد وفرة في المعروض العالمي.\n وبنهاية التعاملات, هبط سعر النفط الأمريكي عند التسوية 4.40 دولارات أو 7.73 % إلى 52.53 دولار للبرميل في حين نزل سعر نفط خام برنت عند التسوية 3.78 دولارات أو 6.27 % إلى 56.54 دولارًا للبرميل. سمات الاسعار البرميل البورصة النفط ",
    "date_extracted": "2015-07-24 16:03:51"
}