{
    "url": "http://www.3alyoum.com/news/pol/a/شاهد-الإعلام-المصري-يربط-اغتيال-النائ/",
    "title": "شاهد.. الإعلام المصري يربط اغتيال النائب العام بإشارة مرسي من داخل القفص",
    "author": "",
    "content": " \n عين اليوم – متابعات\nربط الإعلام المصري بين علامة الذبح التي أشار بها المعزول محمد مرسي من داخل قفص الاتهام، وبين اغتيال النائب العام، وقالوا إن مرسي أعطى إشارة الاغتيال، وهو بذلك متورط في العملية.\nوتداول نشطاء مقاطع فيديو  للمعزول محمد مرسي، وهو يشير فيها بـ”علامة الذبح” من داخل قفص الاتهام، وربط نشطاء بينها وبين عملية الاغتيال، كما أثارت جدلاً واسعاً. سمات اغتيال النائب العام محمد مرسي مصر ",
    "date_extracted": "2015-07-24 15:59:35"
}