{
    "url": "http://www.3alyoum.com/opinion/articles/a/عبير-الدخيل-راحت-أيام-الفلة/",
    "title": "عبير الدخيل: راحت أيام الفلة",
    "author": "",
    "content": " عبير الدخيل\nتعيش كل فتاة في بيت أسرتها مرحلة من مراحل حياتها تتسم بالهدوء النسبي وراحة البال، ومتطلباتها كلها مجابة أو أغلبها مجابة، ولا تحمل على عاتقها الكثير من المسئوليات ولا تحمل هم تدبير المنزل ولا تعرف معنى المسئولية المطلقة، فتكون هذه المرحلة من حياتها مرحلة جميلة، تجد كل ماتريد بدون مقابل يذكر  الجميع يراعيها ويراعي مشاعرها الأم والأب والأخوة، ومع ذلك كله تجد الفتاة مشغولة بفارس أحلامها والتفكير في الزواج، وما أن ترتبط بزوج وترزق بأطفال تبدأ لديها مرحلة جديدة من المسئوليات الكبرى، فهي مطالبة بتلبية متطلبات الزوج والأطفال والعناية بالمنزل وإعداد الطعام، فتبدأ باالأستخدام مصطلح “راحت أيام الفلة”، فتجدها ترددها وباستمرار حثيث، تردد العبارة بحسرة على أيامها حيث كانت تحت ظل وجناح أبيها وأمها وإخوتها.\n ترتفع نسبة إستخدام هذه العبارة بين السعوديات؛ ولعل السبب في ذلك إعتماد الرجل على المرأة في تدبير شؤون الحياة والمنزل وتربية الأبناء في مجتمعنا ، ودور الرجل يرتكز على المصروف وقيادة السيارة، أما دوره في المنزل يكاد يكون منعدما سواء في تدبير المنزل أو العناية بالأطفال، وهذه حقيقة لا يختلف عليها إثنين إلا من رحم الله.\n ومع ذلك التعب والجهد الذي تقوم به المرأة فإنها تجد حلاوة لا مثيل لها حين تنشغل مع الأطفال وتراقب نموهم ومراحلهم الأولى في الحياة، وتكتشف صفات وخصال أبنائها منذ الطفولة حتى سن النضج، فتجد الأم تعرف أسرار وأدق تفاصيل أطفالها، وكل طفل وأسلوبه والسمات التي تميزه، وهذه الأشياء أغلبها يجهلها الرجال، وتستمتع الأم بالحديث عن سمات كل طفل لديها للآخرين، فتجدها تتحدث بكل حنان وشغف، وهذا هو الشيء الذي يصبر الأمهات على المسئولية وينسيها طعم الألم والتعب والجهد، فإبتسامة طفلها لها تنسيها هموم السنين والأيام ومنغصات الحياة.\n المهم والأهم: فليبادر كل رجل بتحمل جزء ولو كان بسيطاً مع شريكة حياته فالحياة شراكة بين شخصين، وليكن لها الأب والأخ والصديق والمعين؛ حتى تكون الحياة معه “قمة الفرح” ولا يشعرها بأنها وحيدة ويجب أن تتحمل المسئولية كاملة لوحدها.\n“جزى الله كل أم عنا خير الجزاء ، وأعانهن على عظم المسؤلية والأمانة”.\nدمتم..\n سمات الأمومة عبير الدخيل ",
    "date_extracted": "2015-07-24 15:41:20"
}