{
    "url": "http://www.3alyoum.com/finance/a/سلوكيات-الشريطية-فوضى-تهدد-ساحات-معا/",
    "title": "“سلوكيات الشريطية” فوضى تهدد ساحات معارض السيارات",
    "author": "",
    "content": " Next Previous رصد وتصوير: أحمد حجازي – عين اليوم\n تعاني معارض السيارات في محافظة جدة ومنذ أن أنشئت قبل أكثر من ثلاثين عامًا مضت من الزحام بسبب كثافة الحضور اليومي من الباعة والمشترين، وإلى جانب الازدحام تبقى “سلوكيات الشريطية” همٌ آخر يصعب التكهن به، فهم يتلقون الركبان من على مشارف السوق، بعبارات وشفرات رنانة فالزائر للمعارض سيلاحظ أشخاصًا من جنسيات مختلفة يجوبون الشوارع ويعملون لحسابهم.\n وهي حرفة اكتسبها أصحابها عنوة من خلال تواجدهم الدائم بين مداخل ومخارج المعارض يمارسون بيع وشراء السيارات المستعملة، وأثناء تواجدك في ساحات المعارض تشاهد الصفقات التي تتم على الهواء مباشرة على شكل مفاوضات علنية طلبًا لسعر معين للسيارة؛ وهو ما يسمى في أعرافهم المهنية “السوم للبيع يا الحبيب يا الأخو.. للبيع”.\n كلمات ترن في أسماع جميع مرتادي معارض السيارات، فالشريطية الذين ينتشرون في جميع المداخل بهدف اصطياد الزبائن لا يكاد يمر صاحب سيارة بدون توقيفه لعدة مرات ولا يقتصر الأمر عند توقيف المركبات عند مداخل معارض السيارات، بل الكارثة تكمن في حيل التفاوض السريع وتضامن الشريطية على تحطيم قيمة المركبات، من خلال إظهار عشرات العيوب والأعطال، ووصف السلعة بأقبح الأوصاف مما يجبر أصحاب المركبات على التسليم بالأمر.\n وبمجرد ركوب الشريطية في السيارة حتى تظهر العيوب والأعطال، فإذا كان سعر السيارة يصل 40 ألف ريال فإن السعر سرعان ما يفقد النصف وعادة يمتلكون من أساليب الإقناع والحيل ما لا يمتلكه غيرهم من الناس، فضلًا عن تمتعهم بالجرأة على الغش والخداع والجرأة على سحب الأيمان الكاذبة وتأليف القصص والأكاذيب وإخفاء العيوب وبيع السيارات المغشوشة دون ضمير.\n أما في حالة رغبتك في الشراء فقد أصبح الزبون لا يفرق بين الغث والسمين، وربما أوقعوه الشريطية في شراء مركبة معطوبة، يجد نفسه مجبرًا على تحمل تكاليف إصلاحها، إضافة إلى المساعدة التي يلقونها من بعضهم البعض في تزيين سلعة أحدهم إذا كان راغبًا في البيع، ويلجأ الكثير من الشريطية إن لم يكن الكل إلى استخدام الأساليب والحيل ما لا يمتلكه غيرهم وذلك من أجل تسويق السيارات المستعملة.\n والشريطية مصطلح سوقي يطلق على دلالي السيارات المستعملة؛ لأنهم يجيدون البيع والشراء والبعض منهم يمتلكون من الدهاء والمكر ما لا تمتلكه الثعالب ويقومون بخداع الزبائن بوسائل احترافية ومهنية عالية، حيث إن هؤلاء الشريطية يملكون حرية البيع المطلقة للجميع دون قيود أو حدود، ولذلك يضرب بهم المثل في الغش والخداع حتى إن كان بينهم أناس طيبون، فهم لا يترددون في الحلف بالله حتى إن كانوا غير صادقين، حتى أصبحوا أشباحًا يخشاهم كل من يتجه إلى السوق بائعًا كان أو شاريًا.\n والمؤسف أن عملية البيع داخل سوق السيارات المستعملة تتم دون ضمانات وبأصوات تعلو المكان، فلا أنظمة واضحة تفرز الغث من السمين ولا رقابة تحمي الحقوق أيًا كان حجمها. ",
    "date_extracted": "2015-07-24 15:46:06"
}