{
    "url": "http://www.3alyoum.com/news/golobal/a/دراسة-ألمانية-أدوية-الكوليسترول-تشفي/",
    "title": "دراسة ألمانية: أدوية الكوليسترول تشفي من الإيبولا",
    "author": "",
    "content": " داليا أبوالعيش – عين اليوم\n كشف فريق من العلماء بجامعة هايدلبرج الألمانية عن نتائج مثيرة للغاية بشأن إمكانية استخدام بعض الأدوية الخافضة للكولسترول فى علاج مرض الإيبولا .\n وأوضح الباحثون أن التأثير الخطير والمدمر لفيروس الإيبولا على جسم الإنسان ينجم بسبب وجود بعض البروتينات السكرية فى جسم الفيروس، والتى تهاجم الجسم عبر جزيئات الكولسترول الموجودة بجدار الخلايا .\n وتابع الباحثون أن استخدام بعض الأدوية الخافضة للكولسترول نجح فى منع حدوث تلف الخلايا الناجم عن فيروس الإيبولا، والذى تسبب حتى الآن فى وفاة أكثر من 11 ألف شخص خلال الموجة الأخيرة من تفشى المرض .\n وأضاف الباحثون أن بعض الأدوية مثل عقاقير ستاتين الخافضة للكولسترول قد أثبتت نجاحها فى تقليل نسبة الكولسترول فى جدار خلايا الإنسان، وهو ما منع ارتباط فيروسات الإيبولا بها باستخدام البروتينات السكرية كما هو مفترض، نظراً لأن الفيروس الخطير يتطلب نسبة محددة من الكولسترول بالجدار الخلوى كى يصيب الخلايا ويخترقها .\n وستساهم هذه النتائج بشكل كبير فى علاج العدوى الحادة لفيروس الإيبولا، ومن المنتظر إجراء المزيد من الدراسات والأبحاث خلال الفترة القادمة وذلك نقلا عن المجلة الطبية “Nature Communications” سمات الايبولا الكوليسترول المانيا ",
    "date_extracted": "2015-07-24 16:01:57"
}