{
    "url": "http://www.3alyoum.com/finance/a/النفط-يستقر-فوق-64-دولاراً-قبل-تقرير-أسب/",
    "title": "النفط يستقر فوق 64 دولاراً قبل تقرير أسبوعي عن المخزونات الأمريكية",
    "author": "",
    "content": " عين اليوم – لندن\nاستقرت أسعار العقود الآجلة للنفط فوق 64 دولارا للبرميل اليوم الأربعاء قبل تقرير للحكومة الأمريكية من المتوقع أن يظهر تراجع مخزونات النفط للأسبوع الثامن على التوالي في مؤشر على انحسار تخمة المعروض.\n وكان معهد البترول الأمريكي قال يوم الثلاثاء إن مخزونات النفط الأمريكي تراجعت وذلك قبل صدور البيانات الرسمية اليوم الأربعاء.\n وارتفع مزيج برنت عشرة سنتات إلى 64.55 دولار للبرميل بحلول الساعة 1155 بتوقيت جرينتش.\n وزاد سعر الخام الامريكي الخفيف (غرب تكساس الوسيط) أيضا تسعة سنتات إلى 61.10 دولار. وحقق العقدان مكاسب في الجلسة السابقة.\n ولقيت الأسعار دفعة من التراجع المطرد في مخزونات الخام الأمريكية من مستوياتها المرتفعة القياسية في وقت سابق هذا العام وربما تكون المخزونات قد انخفضت 2.1 مليون برميل الأسبوع الماضي متراجعة للأسبوع الثامن على التوالي وفقا لاستطلاع لآراء محللي السوق.\n ولقيت الأسعار أيضا دعما من الشكوك التي تحيط بامكانية التوصل لاتفاق نووي مع ايران الأسبوع المقبل.\n وذكر التلفزيون الرسمي أن الزعيم الأعلى الإيراني آية الله علي خامنئي استبعد يوم الثلاثاء تجميد أنشطة إيران النووية الحساسة لفترة طويلة وقال إن جميع العقوبات المفروضة على البلاد ينبغي أن ترفع على الفور.\n وفي خطوة ستعقد على الأرجح فرص التوصل إلى اتفاق نهائي مع القوى الست أقر البرلمان الإيراني مشروع قانونا يحظر دخول مفتشي الأمم المتحدة للمواقع العسكرية الإيرانية وأي لقاءات مع العلماء الإيرانيين. بحسب رويترز. سمات الاسعار البرميل النفط امريكا ",
    "date_extracted": "2015-07-24 16:04:07"
}