{
    "url": "http://www.3alyoum.com/news/pol/a/أول-سفينة-مساعدات-من-الأمم-المتحدة-تصل/",
    "title": "أول سفينة مساعدات من الأمم المتحدة تصل عدن منذ 4 أشهر",
    "author": "",
    "content": " أميرة المولد، حنان الحامدي – متابعات\n أعلن محافظ عدن، نايف البكري، الثلاثاء، وصول أول سفينة مساعدات تابعة للأمم المتحدة إلى مرفأ عدن منذ أربعة أشهر، وكان المحافظ قد أعلن في وقت سابق أن الأوضاع سيئة في عدن، لكن عمليات إعادة الإعمار بدأت، وسيتم تشغيل مطار عدن خلال يومين، في حين أن الموانئ جاهزة لاستقبال السفن.\n وكشف سكرتير محافظ عدن، وجدان الشعيبي أن سفينتي إغاثة وصلتا سواحل المدينة، ومن المقرر أن تدخلا ميناء الزيت، مضيفاً أن أولاهما تحمل مواد إغاثية قادمة من دولة الإمارات، والأخرى تحمل 400 ألف لتر من المحروقات تتبع للأمم المتحدة. سمات اليمن صنعاء عدن مساعدات ",
    "date_extracted": "2015-07-24 15:59:09"
}