{
    "url": "http://www.3alyoum.com/sports/a/غضب-جماهيري-بعد-اقتراب-بولوني-من-تدريب/",
    "title": "غضب جماهيري بعد اقتراب بولوني من تدريب الاتحاد",
    "author": "",
    "content": " سلوى سعد – متابعات\n أبدى عدد من جماهير الاتحاد عبر منتديات النادي الإلكترونية ومواقع التواصل الاجتماعي غضبهم من أنباء اقتراب ناديهم من التعاقد مع المدرب الروماني بولوني خلفاً للمدرب بيتوركا بعد أن كانت تمني نفسها بأن ترى مدربا عالميا في قيادة فريقها في الفترة القادمة.\n ورصدت الجماهير الاتحادية مسيرة المدرب الذي درّب ستاندارد لييج البلجيكي وحقق معه الدوري وكأس السوبر موسم 2008_2009 كما درّب نانسي الفرنسي وحقق معه الدوري الفرنسي مرتين موسم 1997 و 1998.\n فيما ردّ اتحاديون آخرون على حالة التشاؤم التي انتابت البعض بأن ليس كل مدرب روماني سيئا، وأن الاتحاد أتى بصاحب الاسم الكبير وفشل، وعلى الجماهير أن تنتظر نتائج المدرب.\n يذكر أن آخر نادٍ تولى بولوني تدريبه هو الخور القطري واستمر معه لثلاثة مواسم. ",
    "date_extracted": "2015-07-24 15:47:12"
}