{
    "url": "http://www.3alyoum.com/finance/a/اقتراب-رمضان-يشعل-أسعار-المحلات-ويفرض/",
    "title": "اقتراب رمضان يشعل أسعار المحلات ويفرض ثقافة العرض والطلب",
    "author": "",
    "content": " حنان الحامدي – عين اليوم\n تنتعش المحلات التجارية في فترة شعبان ورمضان وذلك بإقبال الناس في هذه المواسم وكثرة الزيارات العائلية في المجتمع السعودي.\n “عين اليوم” استطلعت رأي مختصين في تحديد نسبة الشراء المتوقعة هذا العام بالمحلات التجارية لبيع الملابس الجاهزة والأقمشة، حيث ذكر محمد علوي الرئيس التنفيذي لأسواق البحر الأحمر: الذروة للشراء تكون في شهر رمضان مبيعاته تعادل تقريبًا 30% من إجمالي مبيعات السنة منها احتياجات رمضان والعيد وإعدادات السفر والإجازة، وتكون استعدادات المحلات التجارية والآن منذ شهر 5 ميلاديًا حيث يتم نزول ملابس الصيف فقد استكملت كل تجهيزاتها.\n في حين أشارت فاطمة حنَان سيدة أعمال مختصة بتجارة الملابس الجاهزة والأقمشة، بقولها: يبدأ الموسم من شعبان ويزداد عدد المستهلكين في آخر شهر رمضان ويمكن أن تصل نسبة الأرباح إلى 70% في شعبان وقد تصل إلى 80% آخر شهر رمضان، وعادة يكون الإقبال أكثر على الملابس الجاهزة، أما انتعاش الأقمشة فتكون لفئة الرجال عن السيدات وعلى وجه الخصوص تكون في شراء أقمشة الثياب.\n من جانب آخر رأت حنَان أن أسعار المحلات التجارية تختلف بحسب أماكنها فالأسواق الشعبية تكون أقل تكلفة نتيجة لارتفاع أسعار إيجارات المحل في المراكز التجارية الكبرى، بالإضافة إلى اختلاف أسعار الملابس الجاهزة وتباينها في المحلات التجارية من بداية شهر رمضان وآخر شهر رمضان.\n وأضافت: هذا يرجع إلى قلة العرض نسبة إلى زيادة الطلب، وذلك بحسب عادات المستهلكين في أوقات الشراء أن تكون مباشرة قبل العيد بأيام قليلة، فلذلك يضطر أصحاب المحلات لرفع الأسعار نهاية رمضان وذلك بحسب زيادة عدد المستهلكين وقلة عرض السلع، ويرجع السبب الآخر لوزارة التجارة التي لم تضع أي معدل ثابت يحدد نسبة الربح للتجار الملابس الجاهزة والأقمشة في المواسم. سمات الاسعار المحال رمضان ",
    "date_extracted": "2015-07-24 16:06:59"
}