{
    "url": "http://www.3alyoum.com/news/a/أوباما-تكساس-منطقة-منكوبة-بعد-مقتل-28-شخ/",
    "title": "أوباما: “تكساس” منطقة منكوبة بعد مقتل 28 شخصا في الفيضانات",
    "author": "",
    "content": " Next Previous عين اليوم – تكساس\nارتفع عدد ضحايا الفيضانات في ولايتي تكساس وأوكلاهوما الأمريكيتين ليبلغ 28 شخصا بالإضافة إلى 40 في عداد المفقودين وأعلن الرئيس الأمريكي باراك أوباما تكساس منطقة منكوبة.\nوأفادت وكالة ” أسوشيتد برس” السبت 30 مايو/أيار وفقا لتنبؤات الأحوال الجوية، بإمكانية استمرار المطر الغزير عدة أسابيع، الأمر الذي يزيد تعقيدا عملية إزالة آثار أغزر الفيضانات في السنوات الأخيرة بمدينة هيوستن في تكساس.\nونقلت وكالة “رويترز” عن بيان البيت الأبيض أن الرئيس الأمريكي أعلن ولاية تكساس منطقة منكوبة بسبب الأمطار التي لم تنقطع وأدت إلى فيضانات قتل فيها 24 شخص، وفي ولاية أوكلاهوما قتل 4 أشخاص بسبب الفيضانات أيضا.\nوأكد البيان أن الولاية بعد الإعلان ستحصل على دعم مالي من الصندوق الفيدرالي لتتمكن من تقديم المساعدة للسكان وإعادة تشغيل المواصلات العامة وخطوط الكهرباء وبناء سكن مؤقت.\nيذكر أن الفيضانات الحالية أجبرت نحو ألفي شخص على ترك منازلهم وانقطع التيار الكهربائي عن أكثر من 80 ألف شخص في هيوستن، كما أدت الفيضانات إلى إغلاق بعض الطرق. ",
    "date_extracted": "2015-07-24 16:03:05"
}