{
    "url": "http://www.3alyoum.com/finance/a/أسعار-النفط-تغلق-على-تراجع-في-جلسة-متقل/",
    "title": "أسعار النفط تغلق على تراجع في جلسة متقلبة",
    "author": "",
    "content": " عين اليوم – نيويورك\n تراجعت أسعار العقود الآجلة للنفط أكثر من 1 % في ختام جلسة متقلبة اليوم.\n وانخفض خام القياس العالمي مزيج برنت عند التسوية 88 سنتا أو 1.50 % إلى 57.85 دولار للبرميل.\n وانخفض الخام الأمريكي الخفيف المعروف بغرب تكساس الوسيط عند التسوية 54 سنتا أو 1.02 % إلى 52.20 دولار للبرميل بعد أن هوى في وقت سابق من التعاملات إلى 50.76 دولار. سمات الاسعار البرميل النفط ",
    "date_extracted": "2015-07-24 16:03:36"
}