{
    "url": "http://www.3alyoum.com/news/a/خادم-الحرمين-يستقبل-أمير-قطر-في-قصر-الع/",
    "title": "خادم الحرمين يستقبل أمير قطر في قصر العوجا بالدرعية",
    "author": "",
    "content": " Next Previous عين اليوم – واس\nاستقبل خادم الحرمين الشريفين الملك سلمان بن عبدالعزيز آل سعود في قصر العوجا بالدرعية اليوم أخاه صاحب السمو الشيخ تميم بن حمد آل ثاني أمير دولة قطر والوفد المرافق له.\n وقد اصطحب خادم الحرمين الشريفين سمو أمير دولة قطر الشقيقة لدى وصوله في جولة داخل أرجاء قصر العوجا، أطلعه خلالها على ما يضمه من صور تاريخية للملك عبدالعزيز بن عبدالرحمن آل سعود ـ رحمه الله ـ وقطع تراثية قديمة، كما شاهد سموه والوفد المرافق له شرفة القصر وإطلالته على مدينة الدرعية التاريخية.\n بعد ذلك جرى خلال الاستقبال استعراض الروابط الأخوية بين البلدين الشقيقين، بالإضافة إلى بحث عدد من الموضوعات ذات الاهتمام المشترك، ومستجدات الأحداث في المنطقة.\n حضر الاستقبال صاحب السمو الملكي الأمير طلال بن سعود بن عبدالعزيز وصاحب السمو الأمير فهد بن عبدالله بن مساعد وصاحب السمو الملكي الأمير الوليد بن طلال بن عبدالعزيز وصاحب السمو الملكي الأمير محمد بن نايف بن عبدالعزيز ولي ولي العهد النائب الثاني لرئيس مجلس الوزراء وزير الداخلية وصاحب السمو الملكي الأمير عبدالعزيز بن سلمان بن عبدالعزيز نائب وزير البترول والثروة المعدنية وصاحب السمو الملكي الأمير حسام بن سعود بن عبدالعزيز وصاحب السمو الملكي الأمير فيصل بن سلمان بن عبدالعزيز أمير منطقة المدينة المنورة وصاحب السمو الملكي الأمير سلمان بن سلطان بن عبدالعزيز وصاحب السمو الملكي الأمير محمد بن سلمان بن عبدالعزيز وزير الدفاع رئيس الديوان الملكي المستشار الخاص لخادم الحرمين الشريفين وصاحب السمو الملكي الأمير نايف بن سلطان بن عبدالعزيز وصاحب السمو الملكي الأمير بندر بن سلمان بن عبدالعزيز وعدد من المسؤولين.\n كما حضر من الجانب القطري معالي الشيخ عبدالله بن ناصر آل ثاني رئيس مجلس الوزراء وزير الداخلية، ووزير الخارجية الدكتور خالد بن محمد العطية، والشيخ خليفة بن حمد آل ثاني، ورئيس جهاز أمن الدولة غانم بن خليفة الكبيسي، والشيخ خالد بن خليفة آل ثاني رئيس الديوان الأميري، وسكرتير الأمير للشؤون السياسية علي بن فهد الشهواني، والشيخ عبدالله بن ثامر آل ثاني سفير دولة قطر لدى المملكة. ",
    "date_extracted": "2015-07-24 15:55:14"
}