{
    "url": "http://www.3alyoum.com/sports/a/الروماني-بولوني-مدرباً-لنادي-الاتحاد/",
    "title": "الروماني بولوني مدرباً لنادي الاتحاد",
    "author": "",
    "content": " علي القحطاني – عين اليوم\nاتفقت إدارة نادي الاتحاد مع المدرب الروماني سولزو بولين 62 عام وذلك لقيادة الجهاز الفني للموسم المقبل وسيكون متواجداً في إيطاليا مع بعثة الفريق للمعسكر الذي سيقيمه الفريق هناك وسبق لبولين وأن درّب نادي الجزيرة الإماراتي عام 2007 ونادي الوحدة الإماراتي عام 2010 ونادي الخور القطري من عام 2012 حتى انتهاء عقده في هذا العام  2015 حيث يعتبر المدرب ليس بالغريب على الدوريات الخليجية وتعتبر تجربته مع الاتحاد هي الأولى في المملكة العربية السعودية وسيوقع الروماني عقده الرسمي فور وصوله لإيطاليا. سمات الاتحاد ",
    "date_extracted": "2015-07-24 15:47:37"
}