{
    "url": "http://www.alyaum.com/article/4079884",
    "title": "مهرجان أملج التراثي البحري يواصل فعالياته",
    "author": "واس - أملج",
    "content": " يواصل مهرجان أملج التراثي البحري الثاني تقديم فعالياته وبرامجه المتنوعة لليوم الثاني على التوالي في عدة مواقع بالمحافظة. وبدأت أولى فعالياته بسباق القوارب الشراعية بمرفأ الصيادين، ثم انتقلت الفعاليات إلى حديقة الاحتفالات العامة، ثم عادت إلى مرفأ الصيادين مرة أخرى حيث أُقيم سباق قوارب النزهة ثم انتقلت مساء أمس الأول إلى حي البلد القديم، الذي يقع فيه سوق الرقعة إضافة إلى متحف المناخة. وقد أسهم هذا التعدد والتنوع في البرامج والأماكن في إضفاء نوع من المتعة والتشويق، إلى جانب تكامل الخدمات في مواقع الفعاليات لتكتمل الصورة الجمالية للمهرجان من خلال الأعداد الغفيرة من الأهالي والزوار التي اكتظت بهم شوارع وأزقة حي البلد القديم مسترجعين معه ذكريات الطفولة وعبق الماضي خاصة كبار السن ومتوسطي العمر ممن كانت لهم ذكريات مع الزمان والمكان. وشهد المهرجان يوم أمس إقامة العديد من الفعاليات بحضور محافظ أملج زياد عبدالمحسن البازعي وعدد من ضيوف المهرجان شملت سباق قوارب النزهة، والحرف اليدوية التراثية البحرية والقهوة الشعبية إضافة إلى فعاليات المسرح المفتوح. كما قدمت فرقة «أبو عماد» للفنون الشعبية عدة ألوان شعبية تشتهر بها المحافظة شاركهم بها ضيوف وأهالي المحافظة. ",
    "date_extracted": "2015-07-24 07:12:23"
}