{
    "url": "http://www.alyaum.com/article/4080101",
    "title": "شعرة الإيمان والكفر",
    "author": "د. عبدالمنعم القـو",
    "content": " سأعمل مداخلة بسيطة للاشادة بما يحدث من صمود المدافعين في الزبداني السورية والتي اجتمع حولها قوى الظلام الاستبدادية من كل الأصقاع لانتهاك حريتها منذ أكثر من ثلاثة أعوام وهي في ابتلاء رغم حرب الابادة والقمع ولكنه الاصرار على الحياة الحقة ضد آلة الفتك والظلم والبغي.\nوفيما قوى الدجل الأخرى استباحت عاصمة اليمن عدن لأكثر من أربعة أشهر ومع ذلك لم تصمد قوى الشيطان الأكبر الحقيقية التي تزعم استخفافا بسقوط اليهود وأمريكا وهي حليفتهما على السطح في مواجهة أهل الحق الذين يقودهم قوى التحالف العربية والمقاومة اليمنية من أهل اليمن الأخيار الذين صححوا المعادلة في وقت قصير ضد قوى الجهل الحوثية، الذين تدلس بأمخختهم البالية دولة ملالي ايران ومعهم الخائن لوطنه المدعو علي صالح ليكون الأربعاء السادس من شوال لعام 1436هـ هو يوم الوطن اليمني لاعلان التحرير ووصول طائرة المساعدات الانسانية السعودية الأولى والتطهير الكامل، فالحمد لله على التمكين والتوفيق والحمد له بأن جعل السداد والعزة حليف خادم الحرمين الشريفين الملك سلمان بن عبدالعزيز - حفظه الله - وأمراء وملوك الخليج والدول العربية المتحالفة الذين آزروا وساندوا القيادة اليمنية الشرعية لتتمكن من السيطرة مجددا على العاصمة وطي صفحة كئيبة في غياهب التاريخ.\nكما نحمد الله مجددا أن مكن وزارة الداخلية من القبض على غلاة الانس الذين أرادوا النيل من المواطنين والوطن وبيوت الله المقدسة في الرياض والمنطقة الشرقية خلال الشهر الذي تصفد فيه غلاة الجن خاصة دون سواه، والشكر ثانيا على التوفيق والعون والنصر والتمكين لرجال الأمن المخلصين أن رد كيد البغاة في نحورهم ومكن الدولة بتعاون المخلصين خلال أسابيع معدودة من الاحاطة بكل تلك الأعداد الرهيبة رغم التخفي الذي يلف بأعمالهم، وفي نفس الفترة الزمنية يلفنا التهكم على تصريح أحد المسؤولين الأجانب مؤخرا حين قال إن التحالف الدولي يحتاج الى عشرين عاما للقضاء على جماعة إرهابية، والله عز وجل ومن شاء من الناس يعرفون من يمولها ومن يساندها ومن يضحك على الآخر.\nولكي نكون موفقين ومنصورين في الداخل أو الخارج علينا التمسك أولا بحبل الله المتين وشرعه الحنيف، وسنة نبيه عليه أفضل الصلاة والتسليم قولا وفعلا واعتقادا وتربية أبنائنا على الوسطية وقبول الناس أينما كانوا من كل العرقيات والأديان والمذاهب وعدم الغلو أو الانحلال، فكلاهما آفة والوقوف مع الدولة وأجهزتها الأمنية وإحاطتها بكل ما يريب فالوقت ليس زمن المناكفة، لأن الأعداء يتربصون بنا الشر ولنكن عباد الله إخوانا مع قيادتنا وشعبنا ومع بعضنا البعض، فالمسلم أخو المسلم لا يظلمه ولا يحقره وكل المسلم على المسلم حرام دمه وماله وعرضه، فأين المختلون الذين قتلوا الخال والأم والأب والأخ في الله والوطن عن هذه المبادئ التي ينادي بها رب السماوات منذ الخليقة، وأين هم عن الآية الكريمة التي تتجدد في وصفهم إذ يقول سبحانه: (ثم أنتم هؤلاء تقتلون أنفسكم وتخرجون فريقا منكم من ديارهم تظاهرون عليهم بالإثم والعدوان وإن يأتوكم أسارى تفادوهم وهو محرم عليكم إخراجهم أفتؤمنون ببعض الكتاب وتكفرون ببعض فما جزاء من يفعل ذلك منكم إلا خزي في الحياة الدنيا ويوم القيامة يردون الى أشد العذاب، وما الله بغافل عما تعملون أولئك الذين اشتروا الحياة الدنيا بالآخرة فلا يخفف عنهم العذاب ولا هم ينصرون) صدق الله العظيم وكفى. أستاذ مشارك مناهج جامعة الدمام ",
    "date_extracted": "2015-07-25 10:02:20"
}