{
    "url": "http://www.alyaum.com/article/4079829",
    "title": "أجواء عائلية في معايدة «المسنين والأيتام والمعاقين»",
    "author": "محمد العواد – الدمام",
    "content": " شاركت الشؤون الاجتماعية بالدمام، نزلاء مراكز المسنين والأيتام والمعاقين في دور الرعاية فرحة عيدالفطر السعيد في جو أسري أخوي ممتع. وقام مساعد مدير عام الشؤون الاجتماعية بالمنطقة الشرقية نبيل راشد الدوسري يرافقه مشرف البرامج والانشطة بالمركز ماجد الخالدي وعدد من منسوبي الدار بزيارات لدار رعاية المسنين ومركز التأهيل الشامل للمعاقين ودار الملاحظة الاجتماعية ومركز التأهيل الشامل للمعاقين وذوي الاحتياجات الخاصة، وقام برفقة مدير مركز التأهيل الشامل منصور الخالدي بتهنئة النزلاء من المسنين والأيتام والمعاقين بعيد الفطر المبارك وتقديم المعايدات الي الابناء الايتام والى الموسسة النموذجية بالدار والمسنين والمعاقين وتبادل الحديث معهم في جو بالغ من الفرحة والسرور. وقال مساعد المدير العام الشؤون الاجتماعية بالشرقية ان الزيارة تعكس روح المودة والحب لنزلاء دور الرعاية بمختلف الشرائح وتستهدف مشاركتهم وإدخال فرحة وسعادة العيد السعيد الى قلوبهم ولكي يطمئنوا بأن هناك من يهتم بهم ويرعاهم ويشاركهم سعادتهم من أفراد المجتمع وأضاف فهذا المكان بيت عائلي اجتماعي بديل عن الأسرة تسوده المودة والرحمة والاحترام وتقدم لهم فيه جميع انواع الرعاية ومن أهمها تلك الزيارات التي تنعكس على انفسهم وتشعرهم بانهم جزء من المجتمع مشيرا الى أن تلك الزيارات تنفذ طوال السنة ولاتقتصر على الأعياد. ",
    "date_extracted": "2015-07-23 19:23:14"
}