{
    "url": "http://www.alyaum.com/article/4080247",
    "title": "إخماد حريق في سيارة بالقرب من مستشفى الولادة والأطفال",
    "author": "عبداللطيف المحيسن - الأحساء",
    "content": " نشب حريق يوم امس الأول في سيارة من نوع فورد بالقرب من مدخل الطوارئ بمستشفى الاطفال والنساء والولادة بالإحساء، وقد تسبب الحريق في حالة من الارباك لدى المراجعين للمستشفى بعد تصاعد الدخان من السيارة، فيما تدخل الدفاع المدني لإخماد الحريق وإبعاد المارة من منطقة الخطر.\nوقد أشار أحد شهود العيان خالد الوصيفر إلى ان الحريق كشف مدى صعوبة وصول فريق الدفاع المدني للمنطقة حيث ان الحريق وقع مقابل سكن الممرضات العاملات بمستشفي الاطفال والنساء الولادة ويوجد بالقرب منه سكن العزاب ويمتلئ بالسيارات ومنها يتم اغلاق مدخل طوارئ سكن الممرضات في منطقة الحادث، حيث يحتاج الى تحرك الجهات المعنية من اجل عملية التنظيم في المنطقة. \nوقد أكد الناطق الاعلامي بالدفاع المدني بالمنطق الشرقيىة العقيد منصور الدوسري لـ(اليوم) ان الحريق وقع داخل حرم المستشفى وهو حريق جزئي في سياره نوع فورد وتم إخماد الحريق دون وقوع إصابات وقد تمكن فريق الدفاع المدني من اخماد الحريق فورا بعد ابعاد المارة في المنطقة عن موقع الحريق، وذكر ان الحريق وقع بالقرب من موقف الطوارئ لمستشفى الولادة والذي يشهد وقوفا عشوائيا من قبل المراجعين ويحتاج الى اعادة تنظيم من قبل ادارة المستشفى. ",
    "date_extracted": "2015-07-26 16:52:57"
}