{
    "url": "http://www.alyaum.com/article/4080170",
    "title": "بولوني يطلب مزيداً من الوقت للحكم على  «الأجانب»",
    "author": "عماد ناصر – جدة",
    "content": " طلب المدرب الروماني للفريق الكروي الأول بنادي الاتحاد بولوني من المشرف العام على الفريق منصور البلوي خلال اجتماعهم في معسكر الفريق بإيطاليا الذي وصله البلوي مؤخرا، مزيدا من الوقت حتى يصدر قراره النهائي بخصوص تعاقدات الاتحاد مع اللاعبين الأجانب والحكم على الثنائي المتواجد حاليا مع الفريق الروماني سان مارتن والبولندي لوكاس زوكالا اللذين يرتبطان بعقد ممتد من منتصف العام الماضي وحتى نهاية الموسم المقبل، في حين أن اللاعب الوحيد الذي تعاقدت معه الإدارة الاتحادية قبل وصول المدرب هو الفنزويلي غليمين ريفاس مقابل مبلغ مالي كبير, ويعد ملف اللاعبين الأجانب من الملفات الصعبة التي تواجه الإدارة الاتحادية في الفترة الحالية، حيث تريد الإدارة إعادة الفريق إلى الاختيارات الصائبة في اللاعبين التي كانت معروفة عن نادي الاتحاد سابقا وغابت عنه في السنوات الأخيرة.\nمن جهة أخرى يتوقع أن يلتحق اللاعب فيصل الخراع الذي تعاقدت مع الإدارة الاتحادية مؤخرا بمعسكر الفريق في ايطاليا خلال اليومين المقبلين في حين لازالت الصورة غير واضحة فيما يخص حارس المرمى عساف القرني الذي تعاقد معه نادي الاتحاد ايضا بعد دخوله فترة الستة الأشهر، حيث تدخل الإدارة الاتحادية حتى هذه اللحظة في مفاوضات مباشرة مع نظيرتها في نادي الوحدة من أجل البحث عن تنازل الإدارة الوحدوية عن الشهرين المتبقيين في عقد اللاعب والتي ستعرقل انضمام اللاعب لنادي الاتحاد حتى فترة الانتقالات الشتوية في حال لم يتم حسم هذا الأمر. ",
    "date_extracted": "2015-07-26 16:52:05"
}