{
    "url": "http://www.alyaum.com/article/4079935",
    "title": "«البنك الدولي» يرفع توقعاته لأسعار النفط في 2015",
    "author": "وكالات - الكويت",
    "content": " رفع البنك الدولي توقعاته لأسعار النفط في العام الحالي 2015 إلى 57 دولاراً من 53 دولاراً للبرميل، في ضوء ارتفاعه بالربع الثاني من العام بنسبة 17%. وقال «البنك» في تقرير «نشرة آفاق أسواق السلع الأولية»، الذي نشره يوم الأربعا، على موقعه الرسمي، إن أسعار الطاقة ارتفعت 12% للفترة من أبريل إلى نهاية يونيو من العام الحالي؛ حيث إن ارتفاع أسعار النفط عوضه انخفاض أسعار الغاز الطبيعي بنسبة 13%، والفحم 4%. وتوقع «البنك الدولي» أن تقل أسعار الطاقة بنسبة 39% في المتوسط لعام 2015، مقارنة مع مثيلاتها في 2014. وفيما يتعلق بالمواد الأولية، أشارت توقعات البنك في التقرير، الذي يصدر دورياً كل ثلاثة أشهر، أن تنخفض أسعارها بنسبة 12% في المتوسط للعام 2015، مقارنة مع أسعارها في عام 2014. وتوقع التقرير أن تقل أسعار المعادن بنسبة 16% بالمتوسط في 2015، مقارنة مع أسعارها في 2014. وتوقع التقرير أن تتراجع أسعار الحديد الخام بأكثر من الثلث في العام الحالي، نحو 43%، بسبب بدء تشغيل طاقة تعدينية جديدة منخفضة التكلفة العامين الحالي والمقبل (لاسيما في استراليا). كما توقع «البنك» في تقريره أن تقل أسعار السلع الزراعية بنسبة 11% في العام الحالي مقارنة بالعام السابق، خصوصاً زيوت الطعام والحبوب بفعل زيادة التحسن في أحوال المعروض. ورجح التقرير أن تتراجع أسعار الأسمدة بنسبة 5% في العام الحالي بفعل ضعف الطلب، ووفرة إمدادات المعروض. ",
    "date_extracted": "2015-07-24 07:07:25"
}