{
    "url": "http://www.alyaum.com/article/4079956",
    "title": "السجن مدى الحياة لـ 153 صينيا بتهمة قطع الأشجار",
    "author": "الوكالات - ميانمار",
    "content": " أصدرت إحدى محاكم ميانمار أحكاما بالسجن مدى الحياة بحق 153 مواطنا صينيا بتهمة قطع الأشجار في أراضيها بشكل غير قانوني، وذلك في خطوة من شأنها أن تؤدي إلى حدوث توتر في العلاقات بين بكين ورانجون. وذكرت شبكة فوكس نيوز الأخبارية الأمريكية الأربعاء، أن قوات الجيش في ميانمار ألقت القبض على المتهمين في شهر يناير الماضي، وذلك بالقرب من الحدود الصينية، حيث ضبطت بحوزتهم 436 شاحنة لنقل الأخشاب. وأشارت الشبكة إلى أن السلطات في ميانمار فرضت حظرا على قطع الأخشاب عام 2014، لافتة إلى أن المحكمة وجهت إلى إحدى المتهمات تهمة حيازة المخدرات. وأصدرت ضدها حكما بالسجن لمدة 15 عاما، فيما حكمت على اثنين من المتهمين فيالأحداث بالسجن لمدة 10 أعوام، طبقا للمحامي الموكل بالدفاع عنه. ",
    "date_extracted": "2015-07-24 07:13:21"
}