{
    "url": "http://www.alyaum.com/article/4080106",
    "title": "وصول الطائرة الإغاثية الثالثة إلى عدن",
    "author": "واس - الرياض",
    "content": " إنفاذًا لتوجيهات خادم الحرمين الشريفين الملك سلمان بن عبدالعزيز آل سعود - حفظه الله - لتقديم المساعدات العاجلة للشعب اليمني الشقيق وأمْر صاحب السمو الملكي الأمير محمد بن سلمان بن عبدالعزيز ولي ولي العهد النائب الثاني لرئيس مجلس الوزراء وزير الدفاع بتأمين طائرات شحن تابعة لقيادة القوات الجوية الملكية السعودية لتسيير جسر جوي لنقل المساعدات الإغاثية والإنسانية التي يقدمها مركز الملك سلمان للإغاثة والأعمال الإنسانية وصلت بحفظ الله ورعايته اليوم الطائرة الإغاثية الثالثة إلى مطار عدن الدولي وعلى متنها فريق من المركز برئاسة المدير التنفيذي ماهر الحضراوي.\nوأوضح المتحدث الرسمي لمركز الملك سلمان للإغاثة والأعمال الإنسانية رأفت الصباغ، أن هذه الرحلة خصصت للمواد والمستلزمات الطبية وأدوية مرضى السرطان لتستأنف مراكز علاج الأورام في اليمن برامجها العلاجية مبيناً أن الجسر الإغاثي مستمر ضمن خطط وبرامج أعدت لهذا الغرض بالتنسيق مع اللجنة العليا للإغاثة التابعة للحكومة الشرعية اليمنية، وبإشراف ومتابعة مباشرة من معالي المستشار بالديوان الملكي المشرف العام على مركز الملك سلمان للإغاثة والأعمال الإنسانية الدكتور عبدالله بن عبدالعزيز الربيعة.\nوأفاد بأن المواد الطبية التي وصلت على هذه الطائرة تزن 12 طناً ستوزع على المستشفيات والمراكز الطبية في اليمن بما يضمن وصولها لمستحقيها، مؤكداً أن التنوع في حمولة الطائرات الإغاثية يأتي لتحقيق المتطلبات الأساسية التي يحتاجها المواطن اليمني.\nورفع المستشار بالديوان الملكي المشرف العام على مركز الملك سلمان للإغاثة والأعمال الإنسانية الدكتور عبدالله بن عبدالعزيز الربيعة الشكر لخادم الحرمين الشريفين الملك سلمان بن عبدالعزيز آل سعود ولصاحب السمو الملكي الأمير محمد بن نايف بن عبدالعزيز ولي العهد نائب رئيس مجلس الوزراء وزير الداخلية ولصاحب السمو الملكي الأمير محمد بن سلمان بن عبدالعزيز ولي ولي العهد النائب الثاني لرئيس مجلس الوزراء وزير الدفاع - حفظهم الله - على ما يقدمونه من خدمات إنسانية جليلة يشهد لها العالم في كافة المعمورة.\n\nالمساعدات ستتوجه إلى المرضى بالمستشفيات\n\nوصول الطائرة الثالثة من المساعدات ",
    "date_extracted": "2015-07-25 10:00:55"
}