{
    "url": "http://www.alyaum.com/article/4079952",
    "title": "#تغريدات ملهمة",
    "author": "اليوم - الدمام",
    "content": " التحفظ الزائد في ممارسة الإنسان حياته وعلاقته بمن حوله -في حدود المشروع- يفقده طعم الحياة كما هو، ويفوت عليه أبوابا من السعادة الممكنة. د. سعد العتيبي موسى ظل حياته خائفا حزينا لقتله قبطيا واحدا لم يتعمد قتله، حتى إنه يعتذر من الشفاعة يوم القيامة لهذا.. فماذا يقول الوالغون في الدماء؟ د. سلمان العودة بشرى نبوية لجنودنا المرابطين: (ألا أنبئكم ليلة أفضل من ليلة القدر؟ حارس حرس في أرض خوف لعله أن لا يرجع الى أهله). د. يوسف المهوس لا تراقب الناس ولا تتبع عثراتهم ولا تكشف سترهم ولا تتجسس عليهم، اشتغل بنفسك وأصلح عُيوبك لأنك سوف تُسأل عن نفسك وليس عن غيرك. د. عادل الجبار ",
    "date_extracted": "2015-07-24 07:13:57"
}