{
    "url": "http://www.alyaum.com/article/4080219",
    "title": "نائب وزير الصحة لـ اليـــــوم : التدريب وزيادة عدد الأسرّة من الأولويات",
    "author": "عبد العزيز مخزوم - الدمام",
    "content": " كشف نائب وزير الصحة للشؤون الصحية حمد الضويلع لـ \"اليوم\" أن وزارة الصحة في مرحلة انتقالية مدتها تصل لعدة أشهر تتمثل في الهيكلة الجديدة لوزارة الصحة بشكلها العام وتعتمد من بينها على التدريب والتطوير لتعزيز قدرات وتنمية الكوادر البشرية من منسوبي المنشآت الصحية والعاملين بها بداية من مديري عموم الشؤون الصحية ومديري المستشفيات في الجانب الإداري ممن يحملون تخصصات طبية في المناطق وباقي مختلف جميع التخصصات الأخرى الفنية.\nجاء ذلك خلال الجولة التي قام بها نائب وزير الصحة للشؤون الصحية عصر أمس الأول الجمعة للمرضى المنومين في مستشفى الملك فهد التخصصي بالدمام للاطمئنان على سير العمل والتأكد من تقديم الخدمة المطلوبة للمرضى وجودتها وسير العمل والاطلاع على الإجراءات المتبعة الصحية لتحقيق خدمات متكاملة للمستفيدين.\nحيث كان يوجه سؤالا للمريض عن جودة الخدمة الطبية المقدمة له ويطلب الرد عليه بشفافية دون مجاملة، ويأتي ضمن توجيهات وزير الصحة المهندس خالد الفالح تقديم أفضل الخدمات للمرضى التي تأتي ضمن اهتمام الوزارة.\nرافقه في جولته المدير العام التنفيذي للمستشفى المكلف الدكتور هاني الخالدي ومدير مكتب المدير العام التنفيذي نبيل الدوسري ورامي الكيلاني من مكتب المدير العام التنفيذي ومحمد الغامدي من العلاقات العامة بالمستشفى.\nوأكد الضويلع «أن الوزارة ومن خلال المرحلة الحالية الانتقالية وبعد اعتماد الهيكلة العامة ستنتقل للمرحلة التي تليها وهي الأكثر عمقا في الهيكلة وتتمثل في الهيكل التنظيمي للمناطق والمستشفيات والأقسام الطبية مثل أقسام الطوارئ».\nمضيفا أن الوزارة أيضا تسعى الى زيادة عدد الأسرة في المستشفيات الحكومية مقارنة بزيادة عدد السكان في المناطق.\nحيث تشهد نقلة نوعية في الخدمات الطبية التي تقدمها وزارة الصحة ليتمكن المريض من الحصول على سرير تنويم في الأقسام الداخلية أو أقسام العناية المركزة.\nوختم نائب وزير الصحة حديثه بأن الوزارة بصدد إنشاء مشاريع مستقبلية بهدف خدمة المريض أولا ضمن الرعاية الصحية المتكاملة والشاملة الذي يعد المرتكز الرئيس ويحقق لكل منطقة منظومة صحية متكاملة حسب المعايير المحلية والعالمية.\nحيث تمثل هذه المشاريع جزءا أساسيا من مكونات رؤية الوزارة الطموحة وخطتها وتشتمل على مبادئ العدل والمساواة والشمولية في توزيع الخدمات الصحية وسهولة الوصول إليها والحصول عليها وهذا ما تتطلع اليه حكومة خادم الحرمين الشريفين في تذليل كافة الصعوبات وتقديم أفضل الخدمات الصحية وتوفير أفضل الأجهزة الطبية العالمية لخدمة المواطنين وتحقيق تطلعاتهم وتلبية احتياجاتهم الصحية. ",
    "date_extracted": "2015-07-26 16:51:52"
}