{
    "url": "http://www.alyaum.com/article/4079955",
    "title": "مطار جديد ببومباي يهدد أشجار «المنجروف»",
    "author": "الوكالات - نيودلهي",
    "content": " انتقد المدافعون عن البيئة في الهند ما قامت به حكومة رئيس الوزراء الهندي \"نارندر مودي\" من إعطاء الضوء الأخضر من أجل تدمير 108 هكتارات من أشجار \"المنجروف\" الواقعة جنوب شرق العاصمة الاقتصادية للبلاد بومباي، من أجل إقامة مطار دولي جديد على مساحة تقترب من 300 هكتار. وأوضح ستالين داياناند أحد المدافعين عن البيئة أن أشجار \"المنجروف\" تلعب دورا أساسيا في حماية التنوع البيولوجي، كما أنها ملجأ للحيوانات وطيور \"النمام\"، وهو طير طويل الساق والعنق والذي يهاجر في الشتاء من سيبريا إلى اساثنا الأفريقية. وقد تقدمت أربع شركات لتنفيذ مشروع المطار الجديد منها: الشركة الفرنسية \"فنسى\" وقد بلغت قيمة استثمارات 135 مليار روبية \"9ر1 مليار يورو\" متضمنة جسرا طوله 20 كيلو مترا لربط وسط المدينة بالمطار والذي يبدأ العمل فيه خلال عامين. يذكر أن انتقادات المدافعين عن البيئة جاءت رغم تعهد الحكومة الهندية بأن كل هكتار من شجر \"المنجروف\" الذي يتم اقتلاعه سيزرع خمسة بدلا منه خاصة أن هذه الأشجار الاستوائية تعد الحاجز الطبيعي لحماية الشواطئ من هجمات البحر. ",
    "date_extracted": "2015-07-24 07:13:20"
}