{
    "url": "http://www.alyaum.com/article/4079984",
    "title": "اكتشاف كوكب جديد يشبه الأرض",
    "author": "واس - لندن",
    "content": " تمكن علماء في وكالة (ناسا) الأمريكية من اكتشاف كوكب خارج النظام الشمسي يكاد يكون، مماثلا للأرض مستخدمين في ذلك تلسكوب كبلر الضخم التابع لإدارة الطيران والفضاء الأمريكية .\nوأوردت وسائل الإعلام البريطانية اليوم ما قاله العلماء في المؤتمر الصحفي الذي عقدوه الخميس إن الكوكب الذي يعتقد أنه أكبر من الأرض بنحو 60 % يوجد على بعد 1400 سنة ضوئية في مجموعة نجمية تعرف باسم مجموعة الدجاجة .\nيذكر أنه سبق أن رصدت كواكب قريبة من حجم الأرض ، لكن الكوكب الأحدث المعروف باسم \"كبلر-452 بي\" يدور حول نجم شديد الشبه بالشمس الأقدم منها وعلى مسافة تقارب مدار الأرض .\nونقلت وكالة (رويترز) للأنباء ما قاله جيف كوفلين العالم في أبحاث كبلر بمعهد سيتي في \"ماونتنفيو\" بولاية كاليفورنيا \"إنه لتقدم هائل أن نعثر على كوكب مثل الأرض يماثلها في الحجم ودرجة الحرارة ويدور حول نجم يشبه الشمس\".\nويعتقد العلماء أن \"كبلر-452 بي\" كوكب صخري ويشبه الأرض ويقع على مسافة مناسبة لوجود مياه سطحية سائلة الضرورية للحياة . ",
    "date_extracted": "2015-07-24 17:49:18"
}