{
    "url": "http://www.alyaum.com/article/4079832",
    "title": "طائرة تضمّد جراحها تلقائيا!",
    "author": "رويترز ـ لندن",
    "content": " كشف علماء بريطانيون النقاب عن أجنحة طائرات قادرة على إصلاح نفسها بنفسها بعد التلف. ووفقا لصحيفة الإندبندنت البريطانية، طور علماء من جامعة بريستول التكنولوجيا الثورية على مدى السنوات الثلاث الماضية. وتعمل التقنية عن طريق تطوير مادة مجهريّة من الألياف الكربونية التي صنعت منها الطائرة تتحول إلى سائل يعمل كعامل مساعد، وتتسرب داخل الشقوق، لتساعد على التئامها في الأجنحة وجسم الطائرة. واستلهم الفريق العلمي، هذه الطريقة من تقنيات جسم الإنسان، حيث يصاب الإنسان بجروح وتلتئم، فقرروا تطبيق الفكرة على الطائرات، لتعالج نفسها. ويتخصص فريق الاستاذ دنكان واس، الباحث الرئيسي في هذه الدراسة، في تعديل وتطوير المواد المُركبة من ألياف الكربون الصناعية، التي تعد موادا قوية لكنها في نفس الوقت خفيفة الوزن، وتستخدم بشكل متزايد على نطاق واسع في صناعة كل شيء، من أجنحة الطائرات التجارية، إلى المضارب الرياضية والدراجات الهوائية عالية الأداء. وتوصل الفريق بالتعاون مع مهندسي الفضاء في الجامعة إلى حل بارع يمكن به منع الشقوق الصغيرة التي تظهر مع الوقت في أجنحة وجسم الطائرة، بإضافة مادة صغيرة مجهرية للمادة الكربونية المصنوعة منها الأجنحة، تبدو وكأنها في شكل مسحوق، لها مفعول السحر في تكوين ما يشبه بسائل يعمل كعامل مساعد على التئام الشقوق في الأجنحة وجسم الطائرة. وتنتشر المادة داخل الشقوق مع الحافز الذي يساعد على عمل تفاعل كيميائي سريع، يؤدي إلى صلابة المادة بين الشقوق والتئامها السريع. ويؤكد البروفيسور واس «استلهمنا الفكرة من جسم الإنسان، فعندما تصيبنا الجروح ننزف، ثم يشفى الجرح تلقائيا، كل ما فعلناه أننا حولنا نفس هذا النوع من الوظيفة إلى مواد اصطناعية قادرة على أن تعالج نفسها». ",
    "date_extracted": "2015-07-23 19:24:10"
}