{
    "url": "http://www.alyaum.com/article/4080287",
    "title": "إصابة 18 مجنداً مصريًا في انفجار عبوة ناسفة بشمال سيناء",
    "author": "واس - القاهرة ",
    "content": " أصيب 18 مجنداً من قوات الأمن المركزي المصري اليوم إثر انفجار عبوة ناسفة بشمال سيناء.\nوأوضح مصدر أمني مصري في تصريح صحفي له اليوم أن عبوة ناسفة انفجرت أثناء مرور حافلة تُقِل مجندي الأمن المركزي على طريق العريش الساحلي بشمال سيناء، ما أسفر عن إصابة 18 منهم بجروح وشظايا محدودة، مشيراً إلى أن سيارات الإسعاف قامت بنقلهم إلى المستشفى.\nوأضاف المصدر أن عشرة مصابين خرجوا من المستشفى لتماثلهم للشفاء، لافتاً الانتباه إلى أن قوات الأمن قامت بتمشيط منطقة الحادث بحثاً عن عبوات ناسفة أخرى. ",
    "date_extracted": "2015-07-26 16:51:51"
}