{
    "url": "http://www.alyaum.com/article/4080248",
    "title": "النصر يقرر الإبقاء على فابيان ايستونوف بعد فشل التعاقد مع اليونسي",
    "author": "الرياض - (د ب أ)",
    "content": " حسمت إدارة نادي النصر لكرة القدم بقاء اللاعب فابيان إيستونوف في صفوف الفريق الأول في الموسم المقبل وذلك بعدما فشلت إدارة النادي في التعاقد مع محمد اليونسي مهاجم فريق سارسبورج النرويجي.\nوكان اليونسي قاب قوسين أو أدنى من الانتقال لصفوف النصر لكن ناديه النرويجي رفض الاستغناء عن اللاعب بشكل نهائي وهو ما أوقف المفاوضات بين الطرفين.\nومن المقرر ان ينتظم ايستونوف في معسكر الفريق المقام حاليا بالنمسا غدا الأحد. ",
    "date_extracted": "2015-07-25 23:34:51"
}