{
    "url": "http://www.alyaum.com/article/4080133",
    "title": "الأمير منصور بن متعب يصل إلى ماليه ليمثل المملكة في احتفالات المالديف بذكرى الاستقلال",
    "author": "واس - ماليه",
    "content": " وصل صاحب السمو الملكي الأمير الدكتور منصور بن متعب بن عبدالعزيز ، وزير الدولة ، عضو مجلس الوزراء ، مستشار خادم الحرمين الشريفين ، اليوم إلى جمهورية المالديف ، لـيرأس وفد المملكة المشارك في احتفالات جمهورية المالديف بالذكرى الخمسين لاستقلالها التي تصادف يوم غدٍ الأحد .\nوكان في استقبال سموه في مطار العاصمة ماليه ، السفير غير المقيم لدولة الإمارات العربية المتحدة لدى المالديف عبدالله الحميد .\nويضم الوفد المرافق لسموه ، معالي المستشار بالديوان الملكي ، الأستاذ أحمد الخطيب ، والمستشار بالديوان الملكي ، الأستاذ ياسر بن عثمان الرميان ، وسفير خادم الحرمين الشريفين لدى المالديف بدر بن علي كحيل . ",
    "date_extracted": "2015-07-25 23:34:43"
}