{
    "url": "http://www.alyaum.com/article/4080212",
    "title": "وفاة مقيم وإصابة آخر بمقذوف عسكري من الأراضي اليمنية",
    "author": "علي ضباح - جازان",
    "content": " توفى مساء يوم أمس الأول وافد من الجنسية اليمنية إثر سقوط مقذوف عسكري، وتشير تفاصيل الحادثة إلى أن الوافد اليمني كان يمارس عمله برعي الأغنام بالقرب من إحدى القرى في محافظة أحد المسارحة، وأثناء ذلك سقط مقذوف عسكري قادم من الأراضي اليمنية بالموقع الذي كان يرعى فيه الأغنام في أرض خلاء، وقد باشرت فرق الدفاع المدني موقع الحادث وممارسة أعمالها المدنية بالموقع وإعادة الوضع لما كان عليه، كما قامت بنقل جثمان المتوفى إلى المستشفى.\nوأوضح الناطق الإعلامي لمديرية الدفاع المدني بمنطقة جازان بالإنابة الرائد محمد بن حسن آل صمغان أنه في تمام الساعة السابعة من مساء يوم أمس الأول، باشرت فرق الدفاع المدني بلاغاً عن سقوط مقذوف، من داخل الاراضي اليمنية، في ارض زراعية بقرية القنبورة بمحافظة احد المسارحة، مما نتج عنه وفاة عامل يمني، مشيرا إلى أنه قد تم اتخاذ الإجراءات اللازمة. \nمن جهة أخرى، تعرض احد المحلات التجارية بنجران يوم أمس لسقوط مقذوف عسكري من داخل الأراضي اليمنية، مما نتج عنه إصابة مقيم يمني كان يعمل بداخل المحل وإلحاق اضرار بعدد من المركبات التي كانت تقف بجوار المحل، وقد باشرت فرق الدفاع المدني الحادثة وممارسة أعمالها المدنية.\nوأوضح المتحدث الاعلامي للدفاع المدني بمنطقة نجران المقدم علي بن عمير آل حرمان الشهراني أن رجال الدفاع المدني باشروا في تمام الساعة العاشرة والثلث من صباح يوم أمس الأول بلاغاً عن سقوط مقذوفات عسكرية من داخل الحدود اليمنية على محل تجاري بمدينة نجران، مما نتج عنه إصابة أحد المقيمين من الجنسية اليمنية، وتعرض المحل وعدد من السيارات الى أضرار، مبينا انه تم نقل المصاب الى المستشفى وإعادة الأوضاع وفق الخطط المعتمدة لذلك.\n\nمباشرة الحريق في أحد المحال ",
    "date_extracted": "2015-07-26 16:51:53"
}