{
    "url": "http://www.alyaum.com/article/4079735",
    "title": "«الشؤون السياسية والأمنية» يناقش تطورات الأحداث",
    "author": "واس - جدة",
    "content": " عقد مجلس الشؤون السياسية والأمنية اجتماعاً في قصر السلام بجدة أمس، برئاسة صاحب السمو الملكي الأمير محمد بن نايف بن عبدالعزيز ولي العهد نائب رئيس مجلس الوزراء وزير الداخلية رئيس مجلس الشؤون السياسية والأمنية. واستمع المجلس خلال الاجتماع لإيجاز سياسي وأمني حول عدد من الموضوعات. بالإضافة إلى عدد من تطورات الأحداث الإقليمية والدولية، واتخذ بشأنها التوصيات اللازمة. ",
    "date_extracted": "2015-07-23 19:23:36"
}