{
    "url": "http://www.alyaum.com/article/4079982",
    "title": "طائرات حربية تركية تقصف مواقع داعش في سوريا",
    "author": "واس - إسطنبول",
    "content": " قصفت ثلاث طائرات حربية تركية اليوم عدة مواقع لتنظيم داعش الإرهابي في سوريا وذلك غداة تبادل لإطلاق النار بين الجيش التركي والمسلحين على الحدود.\nوجاء في بيان للمكتب الإعلامي لرئيس الوزراء التركي أحمد داود أوغلو أن الطائرات المقاتلة التركية قصفت بالصواريخ مقرين عامين ونقطة تموين لمسلحي داعش قبل أن تعود إلى قاعدة ديار بكر. \nوأفادت وكالة ( دوغان ) التركية للأنباء أن الأهداف حددت حول بلدة حوار في سوريا المقابلة لكيليس في تركيا. \nمن جهة أخرى ألقت الشرطة التركية القبض على 251 شخصًا في إطار سلسلة مداهمات في 13 محافظة استهدفت عناصر تنظيم داعش الإرهابي وحزب العمال الكردستاني ( بي كيه كيه ) المحظور وتنظيمات يسارية متطرفة. \nوأوضحت وكالة أنباء ( الأناضول ) أن نحو خمسة آلاف من عناصر الشرطة التركية يشاركون في العملية التي نفذت في توقيت متزامن. ",
    "date_extracted": "2015-07-24 16:26:18"
}