{
    "url": "http://www.alyaum.com/article/4079794",
    "title": "وعود إدارية تعيد حسين للنصر",
    "author": "احمد العتيبي - الرياض",
    "content": " بعد جهود كبيرة قام بها مدير عام كرة القدم سالم العثمان انضم المدافع البحريني محمد حسين لقائمة الفريق التي غادرت مساء أمس إلى النمسا للدخول في معسكر إعدادي عبر طائرة خاصة قدمها رئيس النادي الأمير فيصل بن تركي، وبحسب مصادر \"الميدان\" فان المدافع البحريني اشترط تسليمه مستحقاته من العقد السابق بعد موافقته على تجديد عقده مع النصر للمرة الثالثة بيد أن الظروف المالية الصعبة التي تشهدها الخزينة النصراوية منعت الإدارة من الإيفاء بحقوق اللاعب الذي أبدى امتعاضه من تأخر استلام مستحقاته، قبل أن يتدخل العثمان في حل الأزمة الخانقة واعداً اللاعب بتسليمه كافة مستحقاته المالية خلال أسبوع واحد فقط. وكانت البعثة النصراوية قد غادرت الرياض أمس بعد أن أعلن المدرب خورخي قائمة اللاعبين المنضمين للمعسكر وضمت حسين شيعان ومتعب شراحيلي وعبدالله الشمري ووليد العنزي وحسين عبدالغني وعمر هوساوي ومحمد حسين ومحمد عيد وجمعان الدوسري وخالد الغامدي وابراهيم الزبيدي وشايع شراحيلي وعبدالعزيز الجبرين وعوض خميس وأحمد عباس ويحيى الشهري ومحمد السهلاوي وحسن الراهب ومصعب العتيبي واحمد عكاش وعبدالرحمن الشمري ونايف هزازي وايمن فتيني وربيع سفياني وعلى الخيبري وعبدالله مادو وادريان. وسيخوض الفريق ثلاث مباريات ودية أمام كونيا سبورت التركي والسد القطري والنصر الإماراتي قبل خوض مباراة السوبر مع الهلال في 12 أغسطس في لندن. من جانب آخر، تأكد غياب المحترف الاورجواني رودريقو مورا بعد تأهل فريق ريفر بليت الأرجنتيني لنهائي بطولة كأس ليبرتادوريس لكرة القدم للمرة الخامسة في تاريخه، بعد تعادله أمام جواراني الأورجواني، وينتظر أن ينضم اللاعب للفريق بعد خوضه المباراة النهائية للبطولة والمقررة في الخامس من أغسطس القادم. ",
    "date_extracted": "2015-07-23 19:23:09"
}