{
    "url": "http://www.alyaum.com/article/4080006",
    "title": "مهرجانات السياحة توفر 5500 فرصة عمل مؤقتة",
    "author": "اليوم ـ الدمام",
    "content": " توفر المهرجانات والفعاليات السياحية (50 مهرجانًا) المقامة حاليًّا خلال إجازة الصيف في مختلف مناطق المملكة أكثر 5500 فرصة عمل مؤقتة للمواطنين.وأوضح مدير عام إدارة البرامج والمنتجات السياحية المكلف في الهيئة العامة للسياحة والتراث الوطني، عبدالله بن عبدالملك المرشد، أن هذه الفرص الوظيفية المؤقتة تتمثل في اللجان المشرفة على المهرجانات والأنشطة والفعاليات خلال المهرجانات، إلى جانب العمل في نقاط البيع والخدمات.وأشار إلى أن المهرجانات السياحية تعد من أبرز الأنشطة الاقتصادية والاجتماعية التي توفر فرص عمل مؤقتة، إضافة إلى مداخيلها الاقتصادية، سواء للعاملين في المهرجانات من مختلف الفئات العمرية والمؤهلات الدراسية أو المستفيدين من المهرجانات في الخدمات الأخرى المجاورة لمقار المهرجانات.وقال إن مهرجانات إجازة الصيف لهذا العام تتميز بتعدد أنماطها من بيئية وتراثية وثقافية، إلى بحرية ورياضية وترفيهية، مبينًا أن هناك إقبالا كبيرًا عليها، لكونها أصبحت من العوامل الاقتصادية التي تستفيد منها المجتمعات المحلية، ولما تحمله من فوائد للمناطق والمحافظات، حيث تتسم بتأثيرها المباشر في اقتصاديات المناطق والمواطنين الناتجة عن زيادة الحركة السياحية المحلية والطلب على الخدمات التي تقدم للسياح.وتسهم المهرجانات في تسويق المنتجات التراثية والزراعية والترويج للأنشطة والحرف والصناعات اليدوية، وتوفير فرص العمل لقطاع عريض من سكان المناطق التي تقام بها المهرجانات والفعاليات وخاصة فئة الشباب.وأكد أن الهيئة تولي اهتمامًا لدعم المهرجانات السياحية من خلال برنامج دعم الفعاليات الذي أثمر في تحقيق أكثر من 60 ألف فرصة عمل مؤقتة في المهرجانات التي أُقيمت منذ عام 2005م وحتى الآن، فيما تجاوز عدد المهرجانات التي تم تنظيمها برعاية الهيئة 600 مهرجان من عام 2005م إلى الآن.يُشار إلى أن هيئة السياحة وفرت رزنامة الفعاليات الإلكترونية على موقع الهيئة على الرابط event.scta.gov.sa :// http ومركز الاتصال السياحي من خلال الرقم الهاتفي (19988) الوسائل التقنية التي تقدم المعلومة السياحية بسهولة تامة عن جميع الفعاليات وأماكن إقامتها، إضافة إلى الموقع الإلكتروني الذي يُمكن السائح من اختيار وجهته المناسبة، وذلك على العنوان التالي: www.sauditourism.com.sa.\n\nالمهرجانات توفر فرصة عمل للشباب ",
    "date_extracted": "2015-07-25 10:02:29"
}