{
    "url": "http://www.alyaum.com/article/4079877",
    "title": "خيمة ضخمة للفعاليات تستقبل زوارها اليوم بكورنيش الدمام",
    "author": "خالد سجاف - الدمام",
    "content": " تستقبل قرية الطفل المقامة على الواجهة البحرية بالخبر زوارها من العائلات ضمن فعاليات عيد وصيف الشرقية حيث تواصل تقديم فعالياتها المحببة للأطفال من خلال العديد من الأركان والتي جمعت بين الترفيه والفائدة وهو ما فسر توافد الاطفال للخيمة بشكل يومي. وفي احد الأركان المشوقة في القرية يتهافت الحضور للمشاركة في مراحل لعبة (البولينج الالكترونية) وجاءت منافسات بطولة البولينج في أولى محطاتها على خارطة الرياضات التي ينظمها ركن لعبة «الوي» الالكترونية في الخيمة، وتقام عدة بطولات للرياضات الأكثر شهرة مثل رياضة البولينج، والتنس، والسلة. ويقول مشرف الركن جهاد السيهاتي ان هناك اقبالا كبيرا على بطولة البولينج من الأطفال حيث يشارك يوميا 70 طفلا وطفلة. وأضاف أن اللعبة تشهد حماسا من قبل المشاركين الذين يخضعون الى إرشادات مستمرة، وسط تشجيع من قبل أولياء الأمور الذين الهبوا القرية حماسا، كما أشاد الجميع بالمستويات اللافتة للاعبين في المنافسة على هذه البطولة. يذكر ان رياضة البولينج تعد من الرياضات البارزة والتي حرصت إدارة المهرجان على تنظيمها واستثمار الطاقات بممارسة هذه الهواية ونشرها على نطاق واسع لما تمثله من ثقل على صعيد المنافسات الرياضية المختلفة. وتواصل فعاليات عيد وصيف الشرقية عروضها في مجمعات الراشد التجاري والقطيف سيتي مول ودارين مول بالاضافة الى قرية الطفل بواجهة الخبر البحرية وذلك من الساعة 4.30 عصرا وحتى 11 مساء، فيما تنطلق الليلة 2500 طلقة نارية تزين سماء الواجهة البحرية بالخبر. وفي السياق نفسه تستقبل اليوم خيمة الفعاليات التي تقام في منتزه الملك عبدالله بالواجهة البحرية بالدمام زوارها الذين سيكونون على موعد مع العديد من الفعاليات المختلفة التي تضمها الخيمة. وخصص للفعاليات ثلاث خيام ضخمة ومجهزة ومكيفة وتشمل خيمة الاسر المنتجة بمشاركة جمعيات جود، وود، وفتاة الخليج، بالاضافة الى الخيمة التراثية التي يعرض فيها فعاليات منوعة من الزمن القديم وعروض يومية للحرف والمقاهي شعبية، إضافة الى مسرح الطفل والفعاليات التي تتسع لـ 5000 زائر، يتخللها عروض لفرقة فعاليات قناة (سبيس تون) الفضائية وإقامة الفعاليات المسرحية التفاعلية. أطفال يستمتعون بإحدى الفقرات اطفال مع الرسوم الكرتونية فقرة منوعة للأطفال طفلتان في أحد الأركان هواية الرسم ",
    "date_extracted": "2015-07-24 07:07:16"
}