{
    "url": "http://www.alyaum.com/article/4079766",
    "title": "محاربة الأفكار الضالة بملتقى شباب الباحة",
    "author": "عبدالعزيز العمري - الباحة",
    "content": " تنطلق اليوم الخميس فعاليات (ملتقى شباب الباحة الثاني) الذي تنظمه الرئاسة العامة لرعاية الشباب ويتضمن العديد من الفعاليات الشبابية المتنوعة الموجهة للشباب في المنطقة والمصطافين الذين يزورون الباحة في موسم صيف هذا العام ،وتشهد فعاليات الملتقى الذي تشرف عليه وكالة شؤون الشباب -الادارة العامة للهيئات الشبابية- العديد من الفعاليات والأمسيات الشعرية والانشادية والفلكلوريات الشعبية وكذلك استعراض للهوايات الشبابية ومعارض توعوية متنوعة تستمر لستة أيام. وتهدف الرئاسة العامة لرعاية الشباب من إقامة هذه الملتقيات إلى جذب الشباب وتعزيز الانتماء وصقل المواهب، وسيشارك نخبة من المختصين والمهتمين وبعض المسئولين في المنطقة للحديث عن أهمية الدفاع عن الوطن والابتعاد عن الأفكار الضالة، اضافة الى انه ستتاح الفرصة للشباب لتقديم ما لديهم من مقترحات وأفكار تسهم في إثراء مواهبهم وتنمية مهاراتهم واستغلال أوقاتهم. ",
    "date_extracted": "2015-07-23 19:23:54"
}