{
    "url": "http://www.alyaum.com/article/4080257",
    "title": "الفلسطيني عندما يخون قضيته",
    "author": "عبد اللطيف الملحم",
    "content": " الكثير يطلب ويلتمس العذر لكل فلسطيني مغلوب على أمره في كل ما يمكن أن يقوم به كردة فعل بسبب ظلم المحتل. \nبل هناك منظمات غربية وإسرائيلية ترى أن تصرف بعض الفلسطينيين هو تعبير عن حالة يأس من مستقبل لا يعرف ماذا يخبىء لهم. \nولكن المصيبة هي عندما يقوم فلسطيني في قيادات نافذة ومن يعيش في رفاهية يحسده عليها الكثير من الأحرار في العالم, فهذه مصيبة.\nقبل عدة أيام نشرت قناة العربية تقريرا من خلال مقابلة في برنامج (الذاكرة السياسية) مع قيادي فلسطيني سابق وهو المدير السابق للدائرة السياسية في حركة فتح - المجلس الثوري، عاطف أبو بكر يقول فيها: إن الرئيس المصري الراحل جمال عبدالناصر مات مسموما وقام بدس السم له القيادي الفلسطيني رئيس المجلس الثوري (صبري البنّا المعروف بـأبو نضال). \nإن كان الكلام غير صحيح فهذه مصيبة، وإن كان صحيحا فهذه كارثة سلطت الضوء على أن كل القيادات الفلسطينية كان نضالها ضد العدو الإسرائيلي نضالا مزيفا. \nوالدليل على ذلك هو أنها كانت مشغولة بمؤامرات وعمليات اغتيال قائد مثل جمال عبدالناصر، وكذلك اختطاف معارض سوداني (محمد مكي) من قبل منظمات فلسطينية أصبحت مشغولة بالتدخل في شؤون العرب أكثر من تركيزها على محاربة إسرائيل. \nوهذا يعزز نظريات كثيرة هي أن القيادات الفلسطينية أقحمت نفسها في نزاعات وأمور كان من المفروض ان تبقى بعيدة عنها وتهتم بالمواطن الفلسطيني والمطالبة بحقوقه. \nوهذا للأسف شيء رأيناه في دخول قيادات فلسطينية في دهاليز الشؤون الداخلية في الكثير من دول العالم العربي. فرأينا ما حدث في سبتمبر من عام 1970م في الأردن ورأيناه فيما حدث في لبنان وآخرها رأي القيادات الفلسطينية حيال الغزو العراقي الغاشم للكويت. \nولكن ماذا حدث لـ «أبو نضال» الذي تم اتهامه خلال لقاء قناة العربية بأنه العقل المدبر لقتل جمال عبدالناصر. \nأبو نضال وجد مقتولا في بغداد في 16 أغسطس عام 2002م. \nوالأدهى والأمر هو أن القيادي الفلسطيني السابق عاطف أبو بكر ذكر أن عملية اغتيال جمال عبدالناصر تمت بتواطؤ من جانب الرئيس السوداني جعفر النميري بواسطة سم تم طلاؤه على مسدس إسرائيلي ليمسكه جمال عبدالناصر ويموت بعدها بحوالي سنة متأثرا بالسم الذي طلي به المسدس. \nأليس هذا خيانة للقضية الفلسطينية؟ أي أنه وحسب القيادي الفلسطيني عاطف أبو بكر فجمال عبدالناصر قتله مسدس إسرائيلي بأياد فلسطينية. \nوبعبارة أخرى أن جمال عبدالناصر تم تسميمه في العام 1970م أي قبل 45 عام، وللتو نقوم بالحديث في شأن كل أطرافه أموات. \nوبعد قراءة وسماع لقاء قناة العربية عرفت لماذا ضاعت القضية الفلسطسنية ومن ضيعها، ضاعت بسبب فساد قيادات فلسطينية همها الشهرة والمال وضحت بالفلسطيني الغلبان. \nضاعت لأن الهم الأكبر للقيادي الفلسطيني كان جمع ريال فلسطين والتبرع للفلسطيني الجائع، ولكن هذه التبرعات لم يرها اللاجىء الفلسطيني. \nفيا أيها القيادات الفلسطينية السابقة احترموا عقولنا وركزوا على نصرة قضيتكم دون التدخل في شؤون الآخرين.\n\u001a كاتب ومحلل سياسي ",
    "date_extracted": "2015-07-26 16:52:25"
}