{
    "url": "http://www.alyaum.com/article/4079996",
    "title": "خادم الحرمين يؤكد على عمق العلاقات الأخوية مع مصر",
    "author": "واس ـ جدة",
    "content": " استقبل خادم الحرمين الشريفين الملك سلمان بن عبدالعزيز آل سعود -حفظه الله- في قصر السلام أمس الأول وزير الخارجية بجمهورية مصر العربية سامح شكري والوفد المرافق له.\nونقل لخادم الحرمين الشريفين خلال الاستقبال تحيات الرئيس عبدالفتاح السيسي رئيس جمهورية مصر العربية وتقديره لمواقف المملكة تجاه مصر وشعبها في مختلف الظروف.\nوقد حمّل الملك المفدى لوزير الخارجية نقل تحياته لرئيس جمهورية مصر العربية مؤكداً -أيده الله- عمق العلاقات الأخوية بين البلدين الشقيقين، وحرص المملكة على تعزيزها في شتى المجالات.\nكما تم خلال الاستقبال استعراض آفاق التعاون بين البلدين الشقيقين ومجمل تطورات الأحداث في المنطقة والعالم.\nحضر الاستقبال وزير الدولة عضو مجلس الوزراء الدكتور مساعد بن محمد العيبان، ووزير الثقافة والإعلام الدكتور عادل بن زيد الطريفي، ووزير الخارجية عادل بن أحمد الجبير، وسفير خادم الحرمين الشريفين لدى جمهورية مصر العربية مندوب المملكة الدائم لدى جامعة الدول العربية أحمد بن عبدالعزيز قطان، وسفير جمهورية مصر العربية لدى المملكة عفيفي عبدالوهاب. ",
    "date_extracted": "2015-07-25 10:02:26"
}