{
    "url": "http://www.alyaum.com/article/4080080",
    "title": "دخول 267 ألف مسافر عبر «الجسر» خلال الأسبوع الماضي",
    "author": "اليوم - المنامة",
    "content": " أصدرت وكالة وزارة الداخلية لشؤون الجنسية والجوازات والإقامة في مملكة البحرين بيانًا بالإحصائية الأسبوعية بمجموع المسافرين الذين دخلوا البحرين من جميع المنافذ الحدودية، مشيرة إلى أنه بلغ 311 ألفًا و297 مسافرًا. وأوضح العميد يوسف بن أحمد الغتم الوكيل المساعد للمنافذ والبحث والمتابعة بشؤون الجنسية والجوازات والإقامة أن مجموع المسافرين الذين دخلوا البحرين من جميع المنافذ في الفترة من 16 وحتى 22 يوليو الجاري، بلغ 311297 مسافرًا. مبينًا أن الإحصائية الأسبوعية التي تصدرها شؤون الجنسية والجوازات والإقامة تشير إلى أن منفذ جسر الملك فهد شهد دخول 267911 من المملكة العربية السعودية ودول مجلس التعاون الخليجي، فيما شهد منفذ مطار البحرين الدولي دخول 42912، أما في الموانئ فقد بلغ عدد القادمين 474 مسافرًا. ",
    "date_extracted": "2015-07-25 10:02:25"
}