{
    "url": "http://www.alyaum.com/article/4079804",
    "title": "مستقبل الوحدة على طاولة الشرفيين‏",
    "author": "خالد علي - مكة المكرمة",
    "content": " شرعت إدارة نادي الوحدة في الترتيب لعقد اجتماع شرفي موسع يهدف لتبادل الآراء والأفكار بشأن ما يخص مستقبل النادي وطرح الرؤى المتعلقة بتشكيل مجلس لهيئة أعضاء الشرف واختيار رئيس له. وكشفت مصادر [الميدان] أن إدارة نادي الوحدة الجديدة برئاسة هشام مرسي أخذت على عاتقها وضع حد للشتات الشرفي الذي يعاني منه النادي في السنوات الأخيرة وذلك من خلال تشكيل مجلس لهيئة أعضاء الشرف واختيار رئيس له. من جهة أخرى استبشر أنصار النادي بالمساعي الجادة التي تبذلها إدارة النادي للخروج من مأزق أزمة الشكاوى المقدمة للجنة الاحتراف حتى يتسنى للنادي البدء في البحث عن محترفين غير سعوديين لتدعيم الفريق بخدماتهم في الموسم الكروي الجديد 2015 _ 2016 الذي شارف على الانطلاق، وطالب أنصار النادي أعضاء الشرف بالوقوف إلى جانب إدارة النادي بالدعم والمؤازرة وعدم تركها تسير وحيدة. وفي سياق آخر أشاد عساف القرني قائد الفريق الكروي الأول بمعسكر مصر الإعدادي الذي انطلق مؤخرا في إطار التحضير للموسم الكروي الجديد وأبان عساف أن الروح العالية لدى أفراد الفريق مرتفعة وأن الجميع يتطلع لتحقيق المعسكر أهدافه المرجوة. إلى ذلك ينتظر أن يخوض الفريق مطلع الأسبوع الحالي أولى مبارياته الودية الكروية بمعسكر مصر. ",
    "date_extracted": "2015-07-23 19:24:08"
}