{
    "url": "http://www.alyaum.com/article/4079833",
    "title": "الصرخات ترج مركز الإحساس بالخوف في المخ",
    "author": "cnn  ـ دبي",
    "content": " إذا شعرت ذات مرة كما لو أن صرخة بشرية قد زلزلت أعماق دهاليز المخ فان لذلك أسبابه الوجيهة هذا هو ما حدث بالضبط وبكل ما في الكلمة من معنى. وقال باحثون قاموا باستطلاع كيفية رد فعل المخ على الصرخة الخميس: إن الصوت العالي المجلجل يستهدف أحد مكونات المخ التي تعرف باسم لوزة المخيخ والتي تلعب دورا رئيسيا في التعامل مع الخطر والتعرف على مشاعر الخوف. وبين لوك ارنال خبير العلوم العصبية بجامعة جنيف الذي نشرت نتائج بحثه هذا في دورية (كارانت بيولوجي) \"نعرف على وجه اليقين ما هي الذبذبات التي تستخدمها إشارات الكلام ومناطق المخ المختصة بعملية التحدث\". إنها القشرة السمعية ومناطق أخرى فائقة التطور مثل منطقة (بروكا) على سبيل المثال\". وأضاف ارنال \"لكن لم يتضح حتى الآن ما الذي يجعل الصراخ أمرا بغيضا ذا خاصية معينة. ولم يتضح ايضا حتى الآن كيف يعالج المخ هذه الاصوات\". وقال الباحثون: إن خاصية صوتية تسمى خشونة الصوت - أي التغير السريع في طبيعة وعلو الصوت - هي التي تجعل من الصراخ نوعا مختلفا عن الأصوات الأخرى. وقال ارنال في معرض شرحه لخشونة الصوت \"ثمة اختلافات طفيفة بين علو طبقة الصوت في أنماط الحديث العادية وتتراوح بين 4 الى 5 هيرتز (أي الدورات الزمنية الصوتية في الثانية الواحدة) لكن الصراخ قد يتم تعديله بسرعة أكبر إذ يتراوح بين 30 و150 هيرتز\". ",
    "date_extracted": "2015-07-23 19:24:11"
}