{
    "url": "http://www.alyaum.com/article/4080132",
    "title": "تونس تقر قانوناً جديداً لمكافحة الإرهاب",
    "author": "أ ف ب - تونس",
    "content": " أقر البرلمان التونسي، ليل الجمعة السبت، قانونا جديدا لمكافحة الإرهاب، يرمي إلى تعزيز وسائل التصدي للتيار الجهادي المسؤول عن الهجمات الأخيرة التي أدمت البلاد، ويثير انتقادات من قبل المجتمع المدني الذي يرى فيه تهديدات للحريات.\nوبعد ثلاثة أيام من النقاش للتوافق على النص أقر هذا القانون \"حول مكافحة الإرهاب وتبييض المال\" في جلسة مغلقة، الجمعة، بأغلبية 174 نائبا وامتناع عشرة نواب عن التصويت، في حين لم يصوت ضده أي نائب.\nوما ان تمت المصادقة على القانون حتى وقف النواب لإنشاد النشيد الوطني، في حين وصف رئيس المجلس محمد الناصر إقرار القانون باللحظة \"التاريخية\"، مؤكدا أن من شأن التشريع الجديد أن \"يطمئن المواطن\".\nويأتي التصويت على هذا النص في أجواء من التهديد المتزايد بعد الاعتداءين اللذين شهدتهما البلاد في يونيو في سوسة، حيث قتل 38 سائحا، وفي مارس في متحف باردو في العاصمة التونسية (22 قتيلا بينهم 21 سائحا). وقد تبنى تنظيم داعش الهجومين.\nويحل قانون \"مكافحة الإرهاب\" الجديد ليحل محل قانون صادر في 2003 في عهد زين العابدين بن علي، يقول المدافعون عن حقوق الإنسان، إنه كان يستخدم لقمع المعارضة ولا سيما حركة النهضة التي كانت محظورة حينها وتعد واحدة من القوى السياسية الرئيسية في البلاد.\nأقر القانون الذي ينص على عقوبات تصل إلى الإعدام، رغم دعوات المدافعين عن حقوق الإنسان ومنظمات غير حكومية بينها منظمتا العفو الدولية وهيومن رايتس ووتش إلى إلغاء هذه العقوبة في تونس. وقد عبرت المنظمات غير الحكومية عن خيبة أملها وعن انتقادات عنيفة بعد تبنيه.\nوقالت آمنة القلالي، ممثلة منظمة هيومن رايتس ووتش في تونس، إن \"هذا القانون يشكل خطرا حقيقيا للحقوق والحريات في تونس وأدرجت فيه مخالفات عدة للمعايير الدولية لحقوق الإنسان تمثل تراجعا بالمقارنة مع قانون 2003\".\nأما محامي القضايا الجزائية غازي مرابط، فقد رأى أن \"مشروع القانون هذا يشكل إشارة سيئة نعطيها للعالم الحر الذي يراقبنا. لا يكافح الإرهاب بإصلاحات رجعية\".\nوأخيرا قالت المعارضة اليسارية: إن النص وتعريفه الفضفاض \"للإرهاب\" يمكن أن يسمح بإدراج حركات الاحتجاج التي لا علاقة لها بالحركات الإرهابية تحت بنوده.\nوكان الرئيس التونسي الباجي قائد السبسي دعا، صباح الجمعة، إلى الاتحاد في مواجهة التهديد الجهادي. وقال في حديث لإذاعة \"موزاييك اف ام\" عشية عيد الجمهورية إن البلاد \"في حالة حرب ضد الإرهاب\".\nوأضاف: \"إن قوات الجيش والحرس الوطني وقوات الأمن تقوم بواجباتها، والشعب التونسي متضامن معها\" معتبرا أن على البلاد أن \"تخرج من هذه الأزمة وعلى الجميع أن يكونوا موحدين\" لتحقيق ذلك.\nوأعلنت وزارة الداخلية التونسية، الجمعة، إن جهاديا قتل واعتقل 16 شخصا بشبهة \"الإرهاب\"، كما تم ضبط كميات من الأسلحة خلال سلسلة عمليات لقوات الأمن التونسية في منطقة بنزرت في شمال تونس.\nوتعتبر تونس نموذجا للانتقال الديموقراطي الناجح في العالم العربي، منذ ثورة يناير 2011 لكنها تواجه تهديدا متزايدا من الجهاديين وتوترا اجتماعيا واقتصاديا متفاقما، ما يجعل السلطات تخشى من انعدام الاستقرار في البلاد.\nوتكبد قطاع السياحة الذي يشكل دعامة أساسية للاقتصاد في تونس خسائر فادحة إثر اعتداءي سوسة وباردو وضاعفت الحكومة الإجراءات ولا سيما مع فرض حال الطوارئ في محاولة لطمأنة المسافرين وشركائها الأجانب. ",
    "date_extracted": "2015-07-26 16:52:02"
}