{
    "url": "http://www.alyaum.com/article/4079800",
    "title": "قرعة عربي 13 توقع الأخضر في المجموعة الحديدية",
    "author": "اليوم - الرياض",
    "content": " أسفرت قرعة بطولة المنتخبات العربية الـ13 للكرة الطائرة التي ستقام خلال الفترة من 4 الى 15 أغسطس من الشهر المقبل في المملكة المغربية عن وقوع المنتخب السعودي في المجموعة الحديدية التي تضم منتخبات تونس والكويت وقطر ومصر، فيما ضمت المجموعة الاولى البلد المستضيف المغرب والبحرين وعمان والعراق والامارات والجزائر، وسيخوض الاخضر أولى مبارياته في البطولة امام المنتخب القطري ثم الكويت ثم مصر واخيرًا تونس، وسيقيم المنتخب مرحلته الاعدادية الاخيرة في جمهورية مصر العربية لمدة 16 يومًا بمشاركة 18 لاعبًا يلعب من خلاله العديد من المباريات مع الفرق المصرية، وسبق هذا المعسكر مرحلتان: المرحلة الاولى في الرياض والمرحلة الثانية في الطائف، ويشرف على تدريب الاخضر المدرب البلغاري جورج ايفانوف ومساعده الوطني خالد حمدان وعمد المدرب إلى تطبيق العديد من الجمل التكتيكية في الإرسالات وفي مركز 2و3و4 واستقبال الكرة الاولى من أجل الوقوف على مستوى اللاعبين وستتضح الرؤية من خلال المباريات الودية التي سيلعبها في معسكره الحالي وسيمنح المدرب الفرصة لجميع اللاعبين من أجل اختيار التشكيلة المناسبة قبل بداية البطولة. ",
    "date_extracted": "2015-07-23 19:24:01"
}