{
    "url": "http://www.alyaum.com/article/4080229",
    "title": "في جولة عشوائية.. عقوبات على منشآت سياحية مخالفة بالشرقية",
    "author": "خاد سجاف - الدمام",
    "content": " ضمن التعاون المشترك بين ادارات الهيئة العامة للسياحة والتراث الوطني قامت الإدارة العامة للتراخيص وفرع الهيئة بالمنطقة الشرقية بزيارات عشوائية على الفنادق والوحدات السكنية المفروشة بمدينتي الدمام والخبر خلال إجازة عيد الفطر المبارك حيث تعتبر المنطقة الشرقية وجهة مهمة لاستقطاب السياح والزائرين خلال المواسم السياحية.\nولفت مدير عام فرع الهيئة بالمنطقة المهندس عبداللطيف بن محمد البنيان بأنه تم تحقيق العقوبات على المنشآت التي سجل عليها مخالفات في الاخلال بالجودة او عدم اعلان الترخيص والتصنيف، فضلا عن عدم الإعلان عن الأسعار المقررة بوضعها في مكان بارز بالمنشاة، كما سجلت الجولة قياس حجم النقلة النوعية للمنشآت الجديدة التي دخلت السوق مؤخرا والتي عكست معايير ومتطلبات التصنيف، في حين اتخذت محاضر مخالفات ضد عدد من المنشآت السياحية المخالفة.\nوأوضح البنيان ان الهدف من الجولة هو تفعيل توجيهات سمو رئيس الهيئة بضرورة قيام المديرين التنفيذيين والمسئولين فيها بالزيارات والنزول للميدان، والاطلاع على الخدمة المقدمة ليكون لدى المسئول تصور وادراك واضح عن مستوى الخدمة من خلال استقصاء لآراء النزلاء والمستثمرين، وتهدف بصورة اساسية الى التأكد من نظامية التشغيل وجودة الخدمة المقدمة في المنشآت لتتوافق مع الاسعار المقدمة، كما تهدف الى تبادل الافكار وتطوير منهجية العمل بين الإدارة المركزية وفرع الهيئة. \nوأكد مدير عام ادارة التراخيص بالهيئة العامة للسياحة والتراث الوطني المهندس عمر بن عبدالعزيز المبارك على اهمية التعاون المشترك والمستمر بين الإدارة المركزية، وفروع الهيئة للتأكد من توافق الآراء والتقييم للخدمة والالتزام بوثيقة الاجراء المعتمد سواء لعمليات الترخيص او التصنيف او الضبط، لافتا الى اهمية التعاون المشترك مع الجهات الحكومية المشرفة حال وجود اي ملاحظة تتعلق بعدم تطبيق المشغل اشتراطات الامن او السلامة. \nوشارك في الجولة مدير عام فرع الهيئة بالمنطقة المهندس عبداللطيف بن محمد البنيان، ومدير عام ادارة التراخيص بالهيئة المهندس عمر بن عبدالعزيز المبارك ومدير ادارة الرقابة المهندس عبدالرحمن الركبان رافقهم عدد من المفتشين في فرع الهيئة قاموا خلالها بزيارة عدد من الفنادق والوحدات السكنية المفروشة خلال إجازة عيد الفطر المبارك، التقوا خلالها مع زوار ونزلاء المنشآت بالمنطقة، وبعدد من المسئولين في تلك المنشآت للتباحث ومعاينة الخدمات الجديدة التي تطلبها النسخة المحدثة والمطورة من معايير التصنيف في القطاع الفندقي.\nيذكر ان الهيئة سيرت فرق عمل خلال الاجازة باعتمادها ست فرق رقابة للتأكد من التزام مرافق الايواء بالمنطقة بالاشتراطات والمعايير التي وضعتها الهيئة. ",
    "date_extracted": "2015-07-26 16:51:56"
}