{
    "url": "http://www.alyaum.com/article/4080023",
    "title": "أمير نجران يوجه بتسهيل رحلة \"مسيرة الحزم\" للمواطن حمير الفهادي",
    "author": "واس - نجران",
    "content": " انطلقت من مقر إمارة منطقة نجران أمس رحلة \"مسيرة الحزم\" للمواطن حمير بن سالم الفهادي، تعبيراً عن حب الوطن والولاء لقادته، لتنطلق إلى قصر الحكم بالرياض، سيرًا على الهجن .\nووجه صاحب السمو الأمير جلوي بن عبدالعزيز بن مساعد أمير منطقة نجران، بتسهيل مبادرة الرحالة حميرالفهادي، وتوفير جميع وسائل السلامة له والاحتياطات الإسعافية، حيث يسلك المواطن خط رحلته عبر عشر محطات، من إمارة منطقة نجران إلى قصر الحكم، مرورا بالحصينية، وثجر، وسلطانة، وقرية، والسليل، والأفلاج، والحوطة والخرج . ",
    "date_extracted": "2015-07-25 01:54:15"
}