{
    "url": "http://www.alyaum.com/article/4079765",
    "title": "«تقويم التعليم» تقيم حفل معايدة",
    "author": "اليوم ـ الرياض",
    "content": " أقامت هيئة تقويم التعليم العام أمس حفل معايدة لمنسوبيها بمناسبة عيد الفطر المبارك بحضور نائب محافظ الهيئة الدكتور صالح بن علوان الشمراني ومساعدي المحافظ ومديري العموم. وهنأ الدكتور الشمراني أثناء الحفل منسوبي الهيئة بهذه المناسبة المباركة، داعياً الله تعالى أن يزيد الوطن رفعة وازدهاراً وتطوراً، متمنياً لمنسوبي الهيئة العون والتوفيق في أداء أعمالهم ومهامهم وواجباتهم بما يحقق تطلعات قيادتنا الرشيدة ويخدم الوطن والمواطن. وتأتي إقامة حفل المعايدة ضمن البرامج التي تقيمها الهيئة لتعزيز العلاقات والترابط بين منسوبيها. ",
    "date_extracted": "2015-07-23 19:23:53"
}