{
    "url": "http://www.alyaum.com/article/4080244",
    "title": "«الغبار» يرفع سعر التين الحساوي إلى 55 ريالا",
    "author": "عبدالله القطان - الأحساء",
    "content": " أكد عدد من تجار الخضراوات والفاكهة في سوق الخضار المركزي ارتفاع سعر التين الحساوي هذا العام ليصل سعر الكيلو إلى ٥٥ ريالا، فيما كان في الاعوام السابقة سعره لا يزيد على ٣٥ ريالا.\nوأوضح المهندس الزراعي حسين محمود العلي أن أسباب ندرة انتاج التين الحساوي هذا العام تعود الى عدم نجاح زراعة اشجار التين في بعض المزارع؛ لأنها تحتاج الى رعاية خاصة، وكذلك تأثير الظروف الجوية من ارتفاع في الحرارة وزيادة كمية الغبار التي شهدتها المحافظة في الفترات الاخيرة، موضحاً أن الغبار يغطي المسام في الاوراق فيمنع التنفس عن الورقة، كما أنه يحجب الضوء وهذا يؤثر على عملية التمثيل الغذائي فيضعف نمو الشجرة ويقلل انتاجها. \nونصح العلي المزارعين بغسيل أوراق شجرة التين باستمرار والاهتمام بوضع برنامج للتسميد والري ومكافحة الحشرات خلال السنة.\nوأكد أحد اصحاب محال الخضار، أحمد العلي، أن سعر التين هذا العام لم يشهده السوق من قبل، كما أن كمية انتاجه هذا العام أقل من الاعوام السابقة، مما جعل ندرته في السوق مع اقبال الزبائن عليه هذا العام سببا في ارتفاع سعره.\nوأكد الزبون عادل العيد حرصه على أكل التين في كل وجبة؛ لأن شجرة التين مباركة كما اننا نأكل الكثير من المواد الحافظة التي لا تفيد الجسم، وأنا أحرص على تعويض هذا النقص بأكل التين.\nوقال الزبون ناصر البندر: إنه مهما كان سعر التين عاليا فسوف أحرص على شرائه فقيمته الغذائية عالية، وخاصة لاحتوائه على السكريات الأحادية، والعناصر المعدنية، والفيتامينات، وشاع استخدامه في علاج الإمساك، كما ان المحفوظ منه يعمل على إدرار اللبن. ",
    "date_extracted": "2015-07-26 16:52:55"
}