{
    "url": "http://www.alyaum.com/article/4079763",
    "title": "«موهبة» تنظم برنامجًا لـ 140 طالبا مميزا",
    "author": "اليوم ـ الرياض",
    "content": " تنظم مؤسسة الملك عبدالعزيز للموهبة والإبداع «موهبة» يوم الأحد القادم البرنامج التدريبي الصيفي لـ140 طالبًا موهوبًا بمختلف مدارس مدينة الرياض ويستمر لمدة ثلاثة أسابيع. وأوضح رئيس برنامج موهبة الإثرائي بمدارس الرياض أحمد بن محمد العمود، أن البرنامج يهدف إلى تنمية قدرات الطلاب المتميزين، وإشباع رغباتهم العلمية وتوجيه هذه القدرات نحو احتياجات المجتمع، وتهيئة الطلاب للعمل ضمن برامج موهبة، وإتاحة الفرصة لهم لاكتشاف قدرات علمية تميزوا فيها. وتنمية مهارات التفكير الإبداعي والنقدي والمهارات الشخصية والاجتماعية لهم، وتنمية روح العمل الجماعي والمبادرة والإنجاز لديهم. وأشار إلى أن موهبة اختارت مدارس الرياض لإقامة هذا البرنامج نظرا لخبرتها المتميزة والمتراكمة في هذا المجال حيث تضم الكوادر البشرية المتميزة لتنفيذ البرنامج الى جانب البنية التحتية للمدارس من قاعات دراسية مجهزة تقنيًا وصالة رياضية ومسبح وملاعب رياضية ومركز مهارات الحياة باللغة الإنجليزية وقاعة الروبوت وقاعة دعم مشاريع الطلبة ومنجزاتهم العلمية كلها لخدمة أبنائنا الموهوبين. ",
    "date_extracted": "2015-07-23 19:23:52"
}