{
    "url": "http://www.alyaum.com/article/4080128",
    "title": "البحرين تحبط عملية تهريب مواد متفجرة  قادمة من إيران عن طريق البحر",
    "author": "واس - المنامة",
    "content": " أعلنت وزارة الداخلية البحرينية انه تم إحباطُ عملية تهريبِ عن طريق البحر لكميةٍ من الموادِ المتفجرةِ شديدةِ الخطورة، بجانب عددٍ من الأسلحةِ الأوتوماتيكية والذخائرِ .\nوقالت في بيان اليوم إن دوريات خَفَرِ السواحلِ نفذت خُطةَ انتشارٍ بحري، بإسنادٍ من طيرانِ الشرطة، وبالتنسيقِ مع سلاحِ البحريةِ الملكي البحريني، وفي مساء يوم الثلاثاء 27 رمضان 1436 ه، تم رصدُ قاربين خارجَ المياه الإقليميةِ لمملكةِ البحرين من الجهةِ الشمالية ، اتجه أحدُهما إلى داخلِ المياه الإقليمية ، وتمت عمليةُ الرصدِ والمتابعةِ للهدفِ، من خلالِ المنظومةِ الراداريةِ وطيرانِ الشرطة .\nوفي فجرِ يوم الأربعاء 28 رمضان 1436 ه ، تم تطويقُ القاربِ واستيقافُه بعدَ مطاردتِه من قِبلِ دورياتِ خَفَرِ السواحل، والقبضُ على شخصين بحرينيين كانا على متنه .\nوأوضحت الوزارة انه تبينَ من خلالِ أعمالِ البحثِ والتحري، أن المقبوضَ عليه الأول ، كان قد تلقى تدريباتٍ عسكريةً في أغسطس 2013 بالجمهوريةِ الإيرانية وخضعَ لتدريباتٍ مكثفةٍ على كيفيةِ صناعةِ واستخدامِ الموادِ المتفجرة (C4 ) كما تم تدريبُه على الغَوصِ وطرقِ تنفيذِ عملياتِ التفجيرِ تحتَ سطحِ البحر بالإضافةِ إلى الرمايةِ باستخدام سلاح الكلاشنكوف، وذلك بمعسكراتِ الحرسِ الثوري الإيراني تحتَ إشرافِ مدربين إيرانيين، كما صُرفت له ملابسُ عسكرية وتم تمويلُه بمَبالغَ مالية لشراءِ قاربٍ وسيارة لتنفيذِ عملياتِ التهريب، أما المقبوض عليه الثاني فتم تجنيدُه من قبلِ الأول لمساعدتِه في عمليةِ التهريب عبرَ البحر .\nوقد اعترف المتهمان أنه بتنسيقٍ من أشخاص إيرانيين ، قاما باستلامِ أربعِ حقائبَ في عرضِ البحرِ ، من قاربٍ على متنِه شخصان ، وبعد ذلك تحركَ قاربُ المقبوضِ عليهما باتجاه مملكةِ البحرين، وعند مشاهدتهما الطائرةَ العموديةَ ، قاما بإلقاءِ الشُحنةِ في البحر، وعلى إثرِ ذلك، تمكنت دورياتُ خَفَرِ السواحل من العثورِ على الحقائبِ الأربعِ بقاعِ البحر وانتشالِها، وعند فحصِها وتفتيشِها تبين احتواؤها على مضبوطاتِ \"ثلاثةٍ وأربعين فاصلة ثمانية كيلوجرام من مادة ال (C4) المتفجرة ، وثمانيةُ أسلحةٍ أوتوماتيكيةٍ من نوعِ كلاشنكوف , واثنان وثلاثونَ مخزناً لطَلْقاتِ الرشاش كلاشينكوف ، وكميةٌ من الطَلْقاتِ والصواعق\" .\nوأكدت الوزارة ان المقبوضُ عليهم أقروا في أقوالِهم بتورطِهم في عمليتي تهريبٍ سابقتين: الأولى في نهاية العام 2013م، والثانية في بداية العام 2014 م ، من خلالِ قيامِهم برِحْلاتِ صيد، ومِن ثَمَّ نقلُ الموادِ المتفجرةِ والأسلحةِ من قواربَ ايرانية .\nوقد تمت إحالةُ المقبوضِ عليهم للنيابة العامة وتسجيلُ أقوالِهم بينما تستمرُ أعمالُ البحثِ والتحري للكشفِ عن المزيدِ من تفاصيلِ القضية. ",
    "date_extracted": "2015-07-25 23:34:36"
}