{
    "url": "http://www.alyaum.com/article/4080152",
    "title": "انخفاض الأسهم الأمريكية والأوروبية تحت ضغط تباطؤ النمو العالمي",
    "author": "رويترز – نيويورك",
    "content": " تراجعت الأسهم الأمريكية في ختام التعاملات الجمعة وسجّل المؤشران ستاندرد آند بورز 500 وناسداك أكبر هبوط أسبوعي لهما منذ مارس الماضي مع تراجع الأسهم المرتبطة بالسلع الأولية تحت ضغط تباطؤ النمو العالمي وانخفاض قطاع التكنولوجيا الحيوية.\nوانخفض المؤشر داو جونز الصناعي بنهاية التعاملات 162.19 نقطة توازي 0.91% إلى 17569.73 نقطة.\nونزل المؤشر ستاندرد آند بورز 500 بمقدار 22.23 نقطة تعادل 1.06% إلى 2079.82 نقطة.\nوانخفض المؤشر ناسداك المجمع 57.78 نقطة أو 1.12% إلى 5088.63 نقطة. \nوعلى صعيد الأسهم الأوروبية، فقد تراجعت في ظل تراجع أسهم شركات السلع الأولية بعد هبوط أسعار قطاع التعدين والنفط، لتعمق الأسواق خسائرها الأسبوعية.\nوأغلق مؤشر يوروفرست 300 لأسهم الشركات الأوروبية الكبرى متراجعًا بنسبة 0.9% ليهبط إلى مستوى 1564.03 نقطة، ليسجل خسائر أسبوعية بنسبة 2.8%.\nوتراجع مؤشر فايننشيال تايمز البريطاني بنسبة 1.13% عند الإغلاق، وبلغت خسائر مؤشر كاك الفرنسي 0.6%، في حين هبط مؤشر داكس الألماني بنسبة 1.4% في ختام التعاملات.\nوكانت أسواق الأسهم الأوروبية قد افتتحت التعاملات يوم الجمعة على تباين، حيث تراجع مؤشر داكس الألماني مؤشر أي بكس الاسباني، في حين ارتفع مؤشر فوتسي البريطاني وكاك الفرنسي. ",
    "date_extracted": "2015-07-26 16:53:03"
}