{
    "url": "http://www.alyaum.com/article/4079844",
    "title": "ولي العهد يستقبل وزير الخارجية المصري",
    "author": "واس - جدة",
    "content": " استقبل صاحب السمو الملكي الأمير محمد بن نايف بن عبدالعزيز ولي العهد نائب رئيس مجلس الوزراء وزير الداخلية - حفظه الله - في قصر سموه بجدة مساء اليوم معالي وزير الخارجية المصري سامح شكري. وجرى خلال الاستقبال بحث آفاق التعاون بين البلدين الشقيقين وسبل دعمها وتعزيزها في المجالات كافة إلى جانب استعراض مجمل الأحداث التي تشهدها الساحات العربية والإسلامية والدولية. حضر الاستقبال صاحب السمو الملكي الأمير محمد بن سلمان بن عبدالعزيز ولي ولي العهد النائب الثاني لرئيس مجلس الوزراء وزير الدفاع. كما حضر الاستقبال معالي وزير الدولة عضو مجلس الوزراء الدكتور مساعد بن محمد العيبان , ومعالي وزير الخارجية الأستاذ عادل بن أحمد الجبير , ومعالي رئيس الاستخبارات العامة خالد بن علي الحميدان , ومعالي سفير خادم الحرمين الشريفين لدى جمهورية مصر العربية مندوب المملكة الدائم لدى جامعة الدول العربية أحمد بن عبدالعزيز قطان , وسفير جمهورية مصر العربية لدى المملكة عفيفي عبدالوهاب. ",
    "date_extracted": "2015-07-23 19:23:34"
}