{
    "url": "http://www.alyaum.com/article/4079825",
    "title": "500 ريال لكل سوري يحفظ «جزءًا» من القرآن الكريم بالعيون",
    "author": "محمد العويس – الاحساء",
    "content": " تبرعت مواطنة سعودية خلل حفل المعايدة النسائي للأسر السورية الشقيقة بمدينة العيون والذي نظمته جمعية العيون الخيرية بالتعاون مع مكتب الدعوة والإرشاد وتوعية الجاليات، بتقديم مبلغ 500 ريال مكافأة لكل من يحفظ جزءا من أجزاء القرآن الكريم من الأشقاء السوريين بالإضافة إلى تكفلها برحلة ترفيهية لجميع الأسر الأمر الذي أسعد الجميع بهذه المبادرة الخيرة. وفي حفل الرجال الذي اقيم بمقر الجمعية بحضور رئيس مجلس إدارة الجمعية خالد بن محمد الحسين ورئيس مجلس إدارة المكتب التعاوني الشيخ صالح بن خليفة الكليب، وعدد من الأعضاء والمتطوعين، ألقى وكيل خدمة المجتمع والتعليم المستمر بكلية الشريعة بالأحساء الدكتور محمد العقيل كلمة تربوية حث خلالها الجميع للاستفادة من البرامج التي تطرحها الجمعية والمكتب التعاوني خاصة حفظ القرآن والحديث، واختتم كلمته بالدعاء للأخوة الأشقاء السوريين، ثم ألقى رئيس مجلس إدارة المكتب التعاوني بكلمة شكر خلالها القيادة الرشيدة على الدعم الكريم، وأكد فيها أن أبواب المكتب مفتوحة للجميع، مناشداً الحضور بأهمية الاستفادة من البرامج المطروحة لما فيها من أثرٍ عظيم. وقدم رئيس مجلس إدارة جمعية العيون الخيرية رحب من خلالها بالحضور، وسأل الله عز وجل أن يجعل اللقاء خير وبركة كما شكر حكومة خادم الحرمين الشريفين الملك سلمان بن عبدالعزيز على خدمة الإسلام والمسلمين في الداخل والخارج وأكد أن المملكة وطنهم الثاني ومدينة العيون بيتهم الثاني، فيما عبر عدد من الأخوة الأشقاء السوريين عن سعادتهم بمبادرة الجمعية والمكتب التعاوني وأكدوا أنها غير مستغربة عليهم كما ابدوا سعادتهم الكبرى لقاء هذه المعايدة التي تركت أطيب الأثر في نفوسهم وفي نفوس أبنائهم وأسرهم، بعد ذلك تم توزيع عيديات على الأطفال، بالإضافة إلى ألعاب قدمت لهم من فريق العيون التطوعي ثم تناول الجميع العشاء والتقطت الصور الجماعية في أجواء عامرة بالسعادة. ومن جانبها رحبت مديرة القسم النسائي للمكتب التعاوني منيرة بنت صالح الماضي بالمدعوات وقامت بتعريفهن بدار خديجة لتحفيظ القرآن الكريم والبرامج المطروحة، تلاها كلمة لإحدى المتعاونات في القسم ونُظِمت بعد ذلك مسابقات تبعها توزيع جوائز على جميع الفائزات والمدعوات اللاتي عبرن عن شكرهن للأخوات في القسم النسائي على حسن الاستقبال والبرنامج المميز، وتوجهوا بالدعاء للمملكة العربية السعودية وشعبها الكريم بالأمن والأمان ولأهل العيون الكرام الذين شملوهم بالرعاية والحفاوة والتكريم. ",
    "date_extracted": "2015-07-23 19:23:12"
}