{
    "url": "http://www.alyaum.com/article/4080166",
    "title": "الهلال يرفع أسماء اللاعبين في البطولة الآسيوية",
    "author": "خالد العمار - الرياض",
    "content": " ضمن استعدادات الفريق الهلالي لمباراة ربع النهائي في دوري ابطال آسيا والتي بقي الهلال فيها منافسا وهو النادي الوحيد بين الاندية السعودية المتأهلة للأدوار المتقدمة لدوري الأبطال بعد وصوله لنهائي البطولة الاسيوية الموسم الماضي، رفعت ادارة كرة القدم بعد المشاورة مع الجهاز الفني بقيادة المدرب دونيس امس السبت قائمة اللاعبين المشاركين بدور الـ 8 في دوري أبطال آسيا ضد فريق \"لخويا القطري\"، وستلعب مباراة الذهاب في الرياض بملعب استاد الملك فهد الدولي بالرياض \"بدون جمهور\" بعد العقوبة التي اعلنها الاتحاد الآسيوي لجمهور الهلال بعد احداث مباراة بيروزي الإيراني في مباراة الذهاب والتي جاء فيها اعتراض بعض الجماهير على احداث التحكيم، سيغيب من فريق لخويا عن مباراة الذهاب المحترف فلوريس بسبب الاصابة، وستلعب مباراة الذهاب بتاريخ ١٠-١١-١٤٣٦هجري بالرياض. ",
    "date_extracted": "2015-07-26 16:52:05"
}