{
    "url": "http://www.alyaum.com/article/4079791",
    "title": "التعاون يجدد عقد العليان‏",
    "author": "منصور المنصور - بريدة",
    "content": " جددت إدارة نادي التعاون عقد لاعب الفريق الاول مدالله العليان لمدة موسمين قادمين، مع افضلية التجديد لموسم ثالث وذلك بمقر النادي بحضور رئيس النادي محمد القاسم وأمين عام النادي علي الشايعي ومسؤول الاحتراف عبدالله الفوزان واللاعب، وجاء تجديد العقد بناء على توصية مدرب الفريق البرتغالي جوميز ورغبة الادارة بالمحافظة على اللاعبين المميزين، متمنية أن يقدم مع بقية زملائه نتائج ومستويات تسعد كافة عشاق السكري. من جانبه أبدى اللاعب مدالله العليان سعادته الغامرة بالتجديد للتعاون وقال \"لم أتخيل نفسي خارج أسوار هذا النادي الذي لعبت من فئة الناشئين حتى الفريق الاول، الحمد لله تم التجديد بناء على رغبة الطرفين، مشدداً بانه سيبذل ما بوسعه مع أجل خدمة ناديه بالشكل المرضي والمأمول منه ومن جميع زملائه، مقدماً شكره وتقديره لاعضاء اللجنة التنفيذية وإدارة النادي على الدعم والاهتمام الكبيرين اللذين يجدهما منهم، مؤكدا ان ذلك ليس بغريب على رجالات هذا الكيان. ",
    "date_extracted": "2015-07-23 19:23:11"
}