{
    "url": "http://www.alyaum.com/article/4080190",
    "title": "مستشفى العيون والجهات الخيرية يزورون مرضى الطب المنزلي",
    "author": "محمد العويس - الأحساء",
    "content": " قامت الجهات الخيرية بمدينة العيون ممثلة في اللجنة الأهلية لأصدقاء الصحة بمدينة العيون (رعاية)، المكتب التعاوني للدعوة والإرشاد، لجنة التنمية الأسرية، لجنة التنمية الاجتماعية الأهلية، جمعية العيون الخيرية، فريق العيون التطوعي وبمشاركة مستشفى مدينة العيون بزيارة ومعايدة مرضى برنامج الطب المنزلي في مدينة العيون وتقديم الهدايا لهم في منازلهم ومشاركتهم فرحة عيد الفطر المبارك، وقد ثمّن الجميع هذه البادرة مقدمين خالص شكرهم وتقديرهم لمن بادلهم شعور هذه الفرحة، حيث كانت هذه الزيارة تحت إشراف مدير مستشفى مدينة العيون بالإنابة خليفة العواد ورئيس اللجنة الأهلية لأصدقاء الصحة محمد سعود العمر ورئيس الطب المنزلي الدكتور عدنان العلي بمشاركة مفرج المفرج وإبراهيم القرناس.\n\nمن الطب المنزلي ",
    "date_extracted": "2015-07-26 16:52:08"
}