{
    "url": "http://www.alyaum.com/article/4080250",
    "title": "«رعاية الشباب» بعسير تنظم برنامج المشاهير والسياحة",
    "author": "واس -أبها",
    "content": " ينظم مكتب الرئاسة العامة لرعاية الشباب بمنطقة عسير برنامج \"المشاهير والسياحة في عسير\" بالتعاون مع الهيئة العامة للسياحة والتراث الوطني بالمنطقة، وذلك ضمن فعاليات مهرجان أبها يجمعنا .\nوبين منظم البرنامج عبدالله معدي أن الهدف من البرنامج إشراك مشاهير الإعلام الجديد الذي يحظون بمتابعة مئات الآلاف بالتعريف بالمقومات السياحية والتراثية والأثرية وفعاليات مهرجان أبها يجمعنا عبر حساباتهم، وذلك إيمانا بدور الإعلام الجديد وفاعليته.\nوأوضح أن مشاهير الإعلام الجديد يقومون بزيارة العديد من المواقع التراثية ومتنزهات الملك عبدالعزيز، والسودة، والحبلة، والسحاب، والفرعاء، ودلغان، والجُره، بالإضافة إلى إقامة فعاليات مسائية متنوعة بشكل يومي على مسرح المفتاحة. ",
    "date_extracted": "2015-07-26 16:52:58"
}