{
    "url": "http://www.alyaum.com/article/4079873",
    "title": "«تعليم» جازان يستقبل المرشحين لوظائف التعليم",
    "author": "اليوم - جيزان",
    "content": " تبدأ الإدارة العامة للتعليم بمنطقة جازان الاثنين القادم إجراء المقابلات الشخصية للمرشحين للوظائف التعليمية للعام 1436 / 1437 هـ, بعد أن أنهت كافة الإجراءات المتعلقة بذلك من تشكيل اللجان واعتماد آلية سير المقابلات وذلك في مقر الصالة الكبرى بالإدارة العامة. وأوضح المدير العام للتعليم بجازان عيسى بن أحمد الحكمي أن عدد المرشحين بلغ 132 مرشحاً للوظائف التعليمية مؤكداً أن كل اللجان ستتولى خدمة المعلمين الجدد وإنهاء إجراءاتهم بكل يسر وسهولة مرحبا في الوقت نفسه بجميع المرشحين داعيا الله لهم بالتوفيق في بداية رحلتهم المباركة لأعظم مهنة تعنى بتربية الأجيال وتعليمهم. من جانبه بين مدير إدارة شؤون المعلمين بتعليم جازان عثمان عريبي أن إجراء المقابلات الشخصية تأتي استكمالاً لإجراءات التعيين المتعلقة بشغل الوظائف التعليمية داعياً جميع المرشحين الدخول إلى الموقع الالكتروني الخاص بالمقابلات وطباعة الموعد عبر الرابط التالي: http://riyadhedu.org/moe, مشيراً إلى أنه تم تحديد يوم الاثنين القادم لتخصص التربية الخاصة والثلاثاء 12-10-1436هـ لتخصصات التعليم العام ويوم الأربعاء 13-10-1436هـ للمرشحين للتعيين بمنطقة نجران. ",
    "date_extracted": "2015-07-24 07:12:08"
}