{
    "url": "http://www.alyaum.com/article/4079874",
    "title": "مشاهير يشاركون بمهرجان حفر الباطن وخيمة «إثراء يوتيوب» تقدم فعالياتها",
    "author": "منيس الشيحي - حفرالباطن",
    "content": " لا يزال مهرجان حفر الباطن يسجل تميزا ملحوظاً لدى جميع زواره لعدة أسباب وهي وجود لجان تعمل ليل نهار كي ترضي تطلعات المستفيدين من المهرجان، وكذلك وجود عدد كبير من الفعاليات التي تتجاوز 120 فعالية اضافة إلى نوعيتها، وكذلك الضيوف المشاركون بالمهرجان بمختلف الفعاليات المصاحبة للمهرجان والذين يحظون بمتابعة واهتمام على المستويين المحلي والخليجي مما جعل أعداد الزوار تزداد يوما عن يوم. وقدم المنشد المعروف فهد مطر أنشودة خاصة بالأمير سعود الفيصل حصريا لمهرجان عيد وصيف حفرالباطن من كلمات الأمير خالد الفيصل بعنوان: «رحيل سعود»، وذلك عندما حل ضيفا في الأمسية الانشادية على مسرح المهرجان وسط حضور جماهيري غفير تفاعل مع الأبيات المؤثرة للقصيدة بصوت المنشد الجميل الذي قدم على مدى ساعة كاملة عددا من الوصلات الإنشادية المميزة لجمهوره الذي ملأ جنبات المسرح. وكان مقدم برنامج مواهب وأفكار الكابتن صالح العريض قد أمتع الحضور في الفقرات الترفيهية والتوعوية المميزة مع فرقته على خشبة المسرح قبل انطلاق الأمسية الانشادية، وفي مقهى حوار الشباب قدم الكاتب في صحيفة الوطن فواز عزيز ملامح من تجربته وأمنياته الصحفية بحضور إعلامي كبير، وأشاد بما شاهده من تنظيم ومبادرات رائعة أطلقها المهرجان. وكان اليوم الخامس قد انطلق بدورة تدريبية للمدرب ثامر الصالح عن رباعية الحماية من التحرش حضرها عدد مميز من المتدربين، وشهدت فعاليات اليوم الخامس زيارة من نائب رئيس اللجنة العليا المنظمة رئيس بلدية حفر الباطن نايف بن مناحي بن سعيدان الذي أثنى كثيرا على ما شاهده من تميز في الفعاليات والبرامج المقدمة. في حين استمرت الفعاليات النسائية باجتذاب أعداد كبيرة للاستمتاع بالفعاليات الاستعراضية من فرقة سجى والأمسية الشعرية لنوال الرحال. من جهته، أكد المشرف العام على المهرجان مقبل غربي العنزي أن المهرجان يحقق نجاحات متميزة ليومه الخامس على التوالي، وأن جميع البرامج والمبادرات تسير وفق ما هو مخطط له بتعاون كافة اللجان المنظمة. خيمة اثراء يوتيوب وقال مضحي سند السلطاني، المشرف على خيمة اثراء يوتيوب والتي تعد تجربة فريدة، ان القاعة تحتوي على شاشة عرض مدعومة بأجهزة صوتية يتم من خلالها عرض الافلام الوثائقية القصيرة والتي تحمل رسائل توعوية متنوعة موجهة بشكل اكبر للشباب بمختلف اعمارهم، وقال السلطاني إن الخيمة من ان فتحت ابوابها وهي تلقى اقبالا من قبل الزوار؛ وذلك لنوعية المواد المعروضة والتي يغلب عليها الطابع التشويقي ومدة كل عرض 25 دقيقة ومن أبرزها قصص نجاح والذي نسعى من خلاله لغرس التحدي والاصرار لدى شبابنا وعرض تجارب ناجحة بشتى المجالات، اضافة الى عروض خاصة بتطوير الذات على هيئة افلام متنوعة. وعن آلية اختيار الافلام المعروضة قال: ركزنا ان تكون بصورة تجمع بين التشويق والاستكشاف بعيدا عن التوجيه التقليدي المباشر. من جانبه، قال مساعد مدير إدارة الطوارئ والأزمات التابعة لمديرية الشؤون الصحية محمد بن دهيش ان الإدارة وبتوجيه من مدير الشؤون الصحية المكلف بحفر الباطن الدكتور عادي العادي تساهم بشكل كبير في تقديم خدماتها لزوار المهرجان من خلال تواجد العيادة المتنقلة والمدعومة بكوادر طبية واسعافية تعمل طيلة المهرجان، اضافة لوجود سيارة اسعاف مجهزة وتم خلال العيادة تقديم الخدمات الإسعافية لأكثر من 20 مستفيد خلال الايام الماضية، موضحاً ان الحالات التي تحتاج الى علاج طارئ يتم نقلها الى المستشفى بشكل سريع، واشار الى ان ابرز الحالات هي اغماء وجروح بسيطة لمختلف الاعمار وكذلك لم نغفل جانب التوعية والتثقيف الصحي من خلال توزيع عدد من المطبوعات التوعوية عن بعض الامراض وكيفية التعامل معها. فهد مطر يطلق شيلة حصرية برحيل الأمير سعود الفيصل العريض يشارك بالفعاليات الترفيهية ",
    "date_extracted": "2015-07-24 07:12:09"
}