{
    "url": "http://www.alyaum.com/article/4080111",
    "title": "الأهلي يهزم سيليرينا السويسري بالتسعة",
    "author": "اليوم - جدة",
    "content": " كسب الفريق الكروي الأول بنادي الأهلي أول لقاءاته الودية أمام فريق سيليرينا السويسري بتسعة أهداف دون مقابل في معسكر الفريق الحالي المقام بمدينة سان مورتيز السويسرية، ضمن المرحلة الإعدادية الثانية للفريق تحضيرًا لبداية الموسم.\nوبدأ المدير الفني كريستيان جروس اللقاء بتشكيلتين مختلفتين، حيث شارك في الشوط الأول:\nباسم عطا الله - أسامة هوساوي - محمد أمان - أمير كردي - منصور الحربي - فهد الحمد - زكريا سامي - نبيل بهوي - مصطفى بصاص - إسلام سراج - عمر السومة .\nوقام المدرب بين شوطي اللقاء بادخال:\nأحمد الرحيلي - عقيل بالغيث - محمد آل فتيل - كامل الموسى - ريان الموسى - حسين المقهوي - عبدالله المطيري - رائد الغامدي - مهند عسيري - صالح العمري - سلمان المؤشر . وسجل أهداف الأهلي خلال مجريات شوطي اللقاء: إسلام سراج وصالح العمري هدفين، ومهند عسيري ثلاثة أهداف، وعمر السومة وحسين المقهوي لكل منهما هدف.\nوكان الجهاز الفني قد فضّل إراحة اللاعبين: تيسير الجاسم ومعتز هوساوي ومحمد عبدالشافي عن اللقاء، فيما واصل اللاعب وليد باخشوين برنامجه العلاجي. ",
    "date_extracted": "2015-07-25 10:02:48"
}