{
    "url": "http://www.alyaum.com/article/4080189",
    "title": "برنامج علاجي لإقناع 600 مدخن بالإقلاع عن التدخين في الأحساء",
    "author": "عبداللطيف المحيسن - الأحساء",
    "content": " يواصل مركز الشيخ حسن العفالق لمكافحة التدخين (حياة) تقديم خدماته لعلاج 600 مدخن تم إقناعهم بالإقلاع عن التدخين، حيث يخضعون لبرنامج العلاج في المركز ضمن حملة «بدلها» الرابعة الرمضانية للإقلاع عن التدخين بمجمع الراشد بالاحساء.\nوقال المدير العام لمركز الشيخ عماد بن إبراهيم النامي: ان المركز لا يزال يقدم البرنامج العلاجي لجميع المدخنين وفق خطة مرسومة من اجل اقلاعهم عن التدخين تستمر لمدة ستة شهور. \nواضاف النامي: ان هذه الحملة والتي اقيمت في شهر رمضان اقنعت في بداياتها 600 مدخن باستبدال علب السجائر بالسواك، خصوصا ان الحملة شهدت في طياتها معرضاً تعريفياً يتحدث عن عدة أركان، أبرزها التشريعات والقوانين داخل المملكة الخاصة بالتدخين، وركن يستهدف فئة الأطفال والنساء لتوعيتهم، وركن يهدف إلى توعية الشباب من الوقوع في آفة التدخين وتشجيع كل من يريد أن يقلع عن التدخين، وذلك عن طريق استبدال علب السجائر بالسواك، مبينا ان المركز يستقبل ايضا المدخنات من النساء حيث يخضع علاجهن لسرية تامة، وقد حرص المركز على استقبالهن وعلاجهن وفق برنامج علاجي. \nيذكر ان المركز ومنذ تأسيسه في عام 1429 هجرية حرص على التركيز على السن المبكرة من المدخنين من خلال اقامة المعارض في اكثر من مكان، والحرص كذلك على العلاج، وقد استطاع ان يقدم الخدمات العلاجية لـ 1100 مستفيد من المدخنين، وفي خلال ثلاث سنوات استطاع ان يقلع عن التدخين 300 مستفيد، فيما وقع المركز مؤخرا اتفاقية تعاون مع الشؤون الصحية بالاحساء ومركز حياة، والتي تعتبر بمثابة رفع مستوى الخدمة والتكامل بين الطرفين، حيث تمكنت عيادة التدخين بالشؤون الصحية بالاحساء من علاج 60 بالمائة من المدخنين. ",
    "date_extracted": "2015-07-26 16:52:07"
}