{
    "url": "http://www.alyaum.com/article/4079770",
    "title": "رئيس الوزراء الإيطالي للكنيست: نتفهم مخاوفكم من اتفاق فيينا النووي",
    "author": "وكالات - القدس المحتلة",
    "content": " دافع رئيس الوزراء الإيطالي ماتيو رينزي, امس الأربعاء عن الاتفاق النووي مع إيران، ولكنه أكد في الوقت نفسه تفهمه للمخاوف الإسرائيلية منه. وقال أمام الكنيست الإسرائيلي: «نعتقد، مع الولايات المتحدة، أن هذا الاتفاق يمكن أن يكون حلا وسطا من شأنه أن يقلل حالة عدم الاستقرار في المنطقة». وشدد على أن الغرب سيراقب يوميا التنفيذ، ولن يتخلى عن إسرائيل. وقال رينزي، الذي التقى الرئيس الفلسطيني محمود عباس في الضفة الغربية مساء الثلاثاء: «أتفهم مخاوفكم. استمعت أمس لـ(رئيس الوزراء بنيامين) نتنياهو. وقد أكد لي على الجوانب الإشكالية في الاتفاق». وأضاف: «أريد أن أكون شديد الوضوح: لا يمكن أن يكون هناك حل على حساب مستقبل إسرائيل.. ودعوني أقلها بكل صراحة: أمنكم أمننا.. إننا نتقاسم شيئا أكبر من القيم والجذور.. نتقاسم نفس المصير ولا يمكن أن ينسى أحد ذلك، ولو حتى للحظة». ",
    "date_extracted": "2015-07-23 19:23:55"
}