{
    "url": "http://www.alyaum.com/article/4080262",
    "title": "إيرادات النفط والدَين العام وعَجَلة الاحتياط",
    "author": "د. إحسان بوحليقة",
    "content": " جربنا حلين؛ الحل الأول هو الانفاق اتكاءً على إيرادات النفط، والحل الثاني هو بالاستدانة عند قصور الإيرادات لنعيد السداد من إيرادات النفط المستقبلية، لكن ماذا إن مكثت إيرادات النفطة منخفضة؟\nتراجعت أسعار النفط بنحو 50 بالمائة منذ عام مضى، وكانت ميزانية العام المالي الحالي (2015) قد صدرت بعجز قُدّرّ ابتدأً بـ «145» مليار ريال. \nومؤخراً بينت مؤسسة النقد العربي السعودي (البنك المركزي) توقعاتها بأن العام المالي الحالي سينتهي فعلاً بعجز، وأنها قررت طرح صكوك لتغطية جزء منه. \nففي بداية شهر يوليو الجاري، صرح محافظ مؤسسة النقد أن المملكة أصدرت سندات بقيمة 15 مليار ريال (أربعة مليارات دولار) هذا العام (2015) لتمويل عجز الموازنة، وإنها تتوقع زيادة الاقتراض عبر السندات في الأشهر المقبلة. \nوأضاف أن السندات تهدف لسد العجز المتوقع أن يتجاوز التقديرات الأولية التي تبلغ 145 مليار ريال في ظل تزايد الإنفاق الحكومي من جهةٍ، واستمرار هبوط أسعار النفط من جهةٍ ثانية.\nالحديث عن انخفاض إيرادات النفط في أحلك الظروف وأصعب الأوقات، حديث مكرور ومعروف، فقد عايشنا التأرجحات الممجوجة لسوق النفط مرارات ومرات. وبالتأكيد فمن أعربَ عن قلقه من تراجع أسعار النفط خلال النصف الثاني من العام المنصرم (2014) عندما فقد نحو نصف قيمته، فتخوفه الآن من تصاعد وتيرة هبوط أسعار النفط مجدداً متأثرة بمستجدات ذات صلة بسوق النفط والأوضاع الإقليمية وبالاقتصاد العالمي بصورة عامة. \nومع عودة قصور الإيرادات عن تغطية المصروفات يعود سيناريو اقتصادي، نعامله معاملة عجلة الاحتياط (الاستبنة) في سياراتنا؛ لا نخرجهُا من خِبائهِا إلا عند الاضطرار! فما أن تتراجع أسعار النفط، حتى تقفز للواجهة مقولة: إن علينا التخفيف من سطوة النفط على مقدرات الخزانة العامة، وأنه لا سبيل لذلك إلا بتنويع مصادر إيراداتها، ولن يتحقق ذلك إلا بالتحول الاقتصادي من الريع إلى الإنتاج!\nيأخذنا ذلك لأجواء بداية الألفية، أي قبل نحو 15 عاماً، عندما احتدم النقاش عن أهمية الخصخصة؛ توسيعاً لدور القطاع الخاص، وتحقيقاً لتنويع مصادر الخزانة العامة.\nوتمخض ذلك عن تحديد مشاريع للخصخصة أُعلن عنها رسمياً في نوفمبر 2002، وشملت مشاريع تؤدي لخصخصة عشرين قطاعا اقتصاديا، وذلك في مسعى لمعالجة العجز الذي كانت تعاني منه ميزانية الدولة آنئذ. \nوتضمنت تلك المشاريع خصخصة المرافق والخدمات العامة بما فيها الخدمات الصحية والاجتماعية، كما ضمت بيع أسهم شركات حكومية كشركة الكهرباء السعودية. \nوشملت أيضا فتح مجال الاتصالات وتحلية المياه والخدمات الجوية وإنشاء الطرق وتكرير النفط أمام القطاع الخاص، على أن تحدد مشاركة القطاع الخاص، وحجم تلك المشاركة وتوقيتها استناداً لاستراتيجية الخصخصة، التي صدرت عن المجلس الاقتصادي الأعلى في يونيو من العام نفسه (2002). \nوقد وضعت الاستراتيجية أسسا لإجراءات الخصخصة، وتعيين القطاعات التي ستعرض للبيع للقطاع الخاص السعودي والمستثمرين الأجانب، ووضع جدول زمني لنقل بعض الخدمات إلى مشاريع تجارية خاصة. \nوكانت الرؤية وقتها (العام 2002) أن العائدات التي ستجنى من صفقات الخصخصة ستستخدم في تسديد ديون المملكة الداخلية التي كانت تزيد آنئذ على 600 مليار ريال. \nوتجدر الإشارة إلى أن الاستراتيجية كانت تنفذ تباعاً، ففي نهاية ذلك العام طُرحت 30 بالمائة من ملكية الحكومة في شركة الاتصالات السعودية للاكتتاب العام.\nالآن، وبعد مرور نحو عقد ونصف العقد على إقرار استراتيجية الخصخصة، ومعايشة تراجع إيرادات النفط وتصاعد النفقات، فما هي الخيارات المتاحة لتجنيب اقتصادنا الوطني الآثار \"الانسحابية\" لتقلص إيرادات النفط، ولتجنيبنا كذلك العودة لتصاعد الدَين العام نسبة للناتج المحلي الإجمالي؟ لا سيما أن سطوة النفط تزايد تأثيرها على إيرادات الخزانة العامة، فكانت تمثل نحو 75 بالمائة من الإيرادات عند بداية الألفية، في حين أن نصيبها تصاعد الآن لنحو 90 بالمائة. \nخيار الخصخصة خيارٌ استراتيجي لا فكاك منه، يتطلب الاستمرار في تبنيه وتطبيقه بزخم يتماشى مع الخطوات التي أقرها مجلس الوزراء الموقر في نوفمبر 2002، والسبب واضح وهو أن ِشأن النفط وإيراداته التذبذب، وأن اقتصادنا كابد الكثير جراء \"شقلبات\" الإيرادات النفطية، تستوجب التحوط والتحييد حتى لا تؤثر سلباً على تطلعات التنمية والنمو، ولا سيما أن جهد التنمية المتوازنة الشاملة لا يحتمل التباطؤ، وأن استيعاب المزيد من الشباب السعودي في سوق العمل ولجم البطالة يحتاج لتوفير وظائف، والوظائف يولدها اقتصاد ينمو دونما تباطؤ، ووقود النمو هو التدفق المتواصل للاستثمارات كذلك دونما تباطؤ. \nوهكذا، نجد أن جهد تنويع اقتصادنا والتخفيف من وطأة النفط عبارة عن سلسلة مترابطة الحلقات، بحاجة مستمرة أن تتحرك للأمام سواء ارتفع سعر النفط أم انخفض. \nوفي المحصلة فهذا يعني أهمية فصل مسار الخصخصة عن مسار \"الحاجة للسيولة\"، واحتضان الخصخصة باعتبارها تحوطاً ضد تَفرّد النفط بمقدرات المالية العامة، وسياجاً واقياً للتنمية والنمو. متخصص في المعلوماتية والإنتاج ",
    "date_extracted": "2015-07-26 16:52:24"
}