{
    "url": "http://www.alyaum.com/article/4080276",
    "title": "مصر تمدد حالة الطوارئ في شمال &#39;سيناء&#39;",
    "author": "واس - القاهرة ",
    "content": " أصدرت الحكومة المصرية ، الليلة ، قراراً بتمديد حالة الطوارئ في أجزاء من شمال \"سيناء\" لثلاثة شهور أخرى ، بعد تسعة شهور فرضت لأول مرة في أكتوبر العام الماضي ، وذلك في محاولة لاحتواء الهجمات الإرهابية.\nووفقاً للقرار الذي أصدره رئيس الوزراء ، إبراهيم محلب ، فإن حالة الطوارئ تفرض في المنطقة المحددة شرقاً من \"تل رفح\" مروراً بخط الحدود الدولية وحتى \"العوجة\" ، وغرباً من غرب \"العريش\" حتى جبل \"الحلال\" ، وشمالاً من غرب \"العريش\" مروراً بساحل البحر وحتى خط الحدود الدولية في \"رفح\" ، وجنوباً من جبل \"الحلال\" وحتى \"العوجة\" على خط الحدود الدولية.\nكما يشمل القرار ، تمديد حظر التجول في تلك المناطق من السابعة مساء وحتى السادسة صباحاً بالتوقيت المحلي ، فيما عدا مدينة \"العريش\" التي يبدأ فيها حظر التجول من منتصف الليل. ",
    "date_extracted": "2015-07-26 16:52:41"
}