{
    "url": "http://www.alyaum.com/article/4080235",
    "title": "«النماذج المناخية» تضع الشرقية في قائمة أعلى حرارة",
    "author": "عبدالرحمن إدريـس ـ جدة",
    "content": " تستمر الأجواء صيفية ساخنة اليوم، وتساعد الرطوبة في الشعور بحرارة تتجاوز 50 درجة مئوية، فيما تصنّف المنطقة الشرقية بالمملكة ضمن قائمة الأعلى حرارة صيفا، وترجح التنبؤات ان تبلغ أعلى من المعدل السنوي في دول مجلس التعاون الخليجي خلال بقية فصل الصيف ان شاء الله، بعد ان وصلت الى مستويات قياسية في الشهرين الماضيين وفقا الى معظم النماذج المناخية، وكان المتوسط الشهري لأعلى درجات الحرارة المسجلة في الدمام منذ شهر يونيو الماضي: 42.5 °م، و46.5 °م على التوالي، وتنحرف هذه القيم عن المعدلات طويله الأمد بـ 1.7+°م، 2.9+°م ، وأشارت التوقعات المناخية العالمية والاقليمية، الى ان متوسط درجات الحرارة على سطح الأرض والمحيطات سجل في صيف هذا العام أعلى من المتوسط في العام الماضي.\nوبحسب منظمة الارصاد العالمية للتوقعات بعيدة المدى، فإن الانحراف الإيجابي في درجات الحرارة لأغسطس وسبتمبر 2015 سوف يسود معظم المناطق القارية في العالم واشدها على غرب أمريكا الشمالية وشرق المحيط الهادئ الشمالي والمحيط الهندي ووسط وشرق المحيط الهادئ الاستوائي، في حين يكون النمط دافئا على بعض المناطق في أحواض المحيطات الجنوبية وسلبياً في شمال المحيط الأطلسي الشمالي ووسط المحيط الهادئ الاستوائي، وكذلك بالنسبة للأمطار فمن المتوقع ان يكون الانحراف ايجابياً بنسبة قوية بمشيئة الله تعالى، لارتباطها بتطور ظاهرة النينو في وسط وشرق المحيط الهادئ، فيكون الهطول أعلى من المعدل في شمال وجنوب الأمريكتين، ويمتد حزام حالات قوية من الانحراف السلبي لهطول الأمطار حول المحيط الأطلسي الاستوائي من أمريكا الوسطى عبر غرب أفريقيا.\nمن جهتهم يتوقع خبراء الطقس استمرار نشاط الرياح المثيرة للغبار، في الطرق البرية بين المدن والمحافظات وفي الاماكن المكشوفة خلال ساعات النهار، ويستمر ارتفاع درجات الحرارة اليوم في المناطق الشمالية والشمالية الغربية الى أعلى من معدلاتها في مثل هذه الفترة من العام، وفي الجنوب الغربي تتراجع فرص تكوّن السحب الرعدية الممطرة، كما تشهد سواحل منطقة جازان كثافة في الغبار وخاصة في الطريق الساحلي متعرضا لانخفاض كبير في مدى الرؤية الافقية، ويكون الطقس حارا في معظم المناطق، والاجواء حارة ورطبة في السواحل الشرقية والغربية، وفي المرتفعات الجبلية العالية يكون الطقس معتدلا الى حار نسبيا، وتظهر السحب المتوسطة، كما تستمر موجة الرطوبة المؤثرة على الساحل الشرقي ومنطقة الخليج العربي بسبب تمركز المنخفض الموسمي في الاجواء. ",
    "date_extracted": "2015-07-26 16:52:13"
}