{
    "url": "http://www.alyaum.com/article/4080123",
    "title": "قرش يقتل غواصا قبالة ساحل جزيرة تسمانيا الاسترالية",
    "author": "سيدني - (د ب أ)",
    "content": " لقي غواص حتفه إثر تعرضه لهجوم من سمكة قرش قبالة الساحل الشرقي لجزيرة تسمانيا الأسترالية اليوم السبت فيما يعد أول هجوم مميت خلال سنوات، حسبما ذكر تقرير.\nوذكرت هيئة الإذاعة الأسترالية، (إيه.بي.سي) نقلا عن غواصين أصدقاء للضحية أنه كان يمارس رياضة الغوص بحثا المحارات الصدفية بين لاشلان بوينت وجزيرة ماريا (40 كيلومترا) شرقي مدينة هوبارت عاصمة الجزيرة.\nوأفادت تقارير بأن ابنة الرجل شاهدت الهجوم. وقالت إنها اطلقت شعلة مضيئة في الهواء كي تجذب انتباه زوارق أخرى في المنطقة.\nوقال جون هاموند من جمعية صيادي المحارات الصدفية لـ(إيه.بي.سي) إنه كان يغوص \"في المياه الضحلة هناك والسمكة هاجته فجأة\".\nويعد هذا أول هجوم لسمك القرش القاتل قبالة الجزيرة منذ 17 عاما. ",
    "date_extracted": "2015-07-25 23:34:53"
}