{
    "url": "http://www.alyaum.com/article/4079795",
    "title": "برشلونة يستهل جولته الأمريكية بانتصار",
    "author": "أ ف ب - كاليفورنيا",
    "content": " استهل برشلونة بطل اسبانيا واوروبا استعداداته للموسم الجديد بشكل جيد من خلال فوزه على لوس انجليس غالاكسي الاميركي 2-1 في مباراة ودية ضمن بطولة كأس الابطال الدولية لكرة القدم اقيمت على ملعب روز بول في باسادينا (كاليفورنيا) امام 93226 متفرجا. ويدين برشلونة، الفائز بثلاثية الدوري والكأس المحليين ودوري ابطال اوروبا والذي يغيب عنه في جولته الاميركية نجماه الارجنتيني ليونيل ميسي والبرازيلي نيمار، بفوزه على لوس انجليس غالاكسي الى الاوروغوياني لويس سواريز الذي خرج فائزا من مواجهته مع زميله السابق في ليفربول الانكليزي ستيفن جيرارد بتسجيله الهدف الاول في الدقيقة 45 قبل ان يضيف سيرجي روبرتو الهدف الثاني في الدقيقة 56 من المباراة التي اختتمها غالاكسي بهدف شرفي في الوقت بدل الضائع عبر تومي ماير (1+90). ",
    "date_extracted": "2015-07-23 19:23:12"
}