{
    "url": "http://www.alyaum.com/article/4080293",
    "title": "المقاومة الشعبية في اليمن: اعتقال عبد الخالق الحوثي",
    "author": "دبي - رويترز",
    "content": " قالت حركة المقاومة الشعبية في اليمن على حسابها الرسمي على تويتر إن القوى الانفصالية الجنوبية اعتقلت قياديا كبيرا في حركة الحوثي.\nوذكرت الحركة دون اسهاب أنه تم اعتقال عبد الخالق الحوثي وهو قائد عسكري بجماعة الحوثي أمس السبت. ولم يتسن الاتصال بمسؤولين حوثيين للحصول على تعقيب. ولم تتمكن رويترز من التحقق من صحة المعلومة.\nويقول يمنيون إن عبد الخالق الحوثي شقيق عبد الملك الحوثي زعيم الحوثيين لعب دورا مهما في استيلاء الجماعة المتحالفة مع ايران على العاصمة صنعاء في سبتمبر أيلول الماضي. وكان عبد الخالق من بين عدة يمنيين أدرجهم مجلس الأمن الدولي على قائمة سوداء في نوفمبر تشرين الثاني 2014 لتهديدهم السلام والاستقرار في اليمن وعرقلة جهود الاصلاح السياسي. ",
    "date_extracted": "2015-07-26 16:52:17"
}