{
    "url": "http://www.alyaum.com/article/4080126",
    "title": "الولايات المتحدة تنفي الانباء بشأن قرب الافراج عن الجاسوس جوناثان بولارد",
    "author": "واشنطن - الوكالات",
    "content": " نفى مسؤولون أميركيون تقريرا لصحيفة \"وول ستريت جورنال\" قال إن إدارة الرئيس باراك أوباما تفكر في الإفراج المبكر عن جوناثان بولارد وهو ضابط سابق في المخابرات البحرية الأميركية أدين بتهمة التجسس لحساب إسرائيل وذلك في مسعى لخفض حدة التوتر مع اسرائيل على خلفية توقيع الاتفاق النووي مع ايران.\nواوضح البيت الابيض الليلة الماضية انه سيتم النظر في مسالة الافراج عن بولارد وفقا للانظمة المتبعة في لجنة الافراجات وان هذه المسالة لا تمت بصلة الى السياسة الخارجية الامريكية. \nمن جانبها قالت وزارة العدل الأميركية الجمعة إن بولارد لابد وأن يقضي كامل عقوبته بالسجن 30 عاما.\nوأضافت الوزارة أنها \"كانت دائما وستظل تؤكد ضرورة أن يقضي جوناثان بولارد فترة عقوبته بالكامل بسبب الجرائم الخطيرة التي ارتكبها\nيشار الى ان عقوبة السجن مدى الحياة قد فرضت على بولارد عام 1985 وانه بموجب القانون الامريكي ستنظر لجنة الافراجات في مسالة تخفيف عقوبته بعد مرور 30 عاما من قضاء فترة محكوميته اي في نوفمبر تشرين الثاني القادم.\nالجدير بالذكر ان الحكومات الإسرائيلية المتعاقبة ناشدت مرارا الإفراج عن بولارد، ولكن رؤساء الولايات المتحدة يرفضون ذلك دائما . ",
    "date_extracted": "2015-07-25 23:34:48"
}