{
    "url": "http://www.alyaum.com/article/4080176",
    "title": "الجهات الامنيه تحقق مقطع تحرش بفتاة بالطائف",
    "author": "عيد العتيبي - الطائف",
    "content": " بدات الجهات الامنيه بمنطقه مكه المكرمه في التحقق من مقطع فيديو يتم تدواله بمواقع التواصل الاجتماعي بشان شابين قاما بالتحرش بفتاه وقد رجحت المعلومات الاوليه انه يتوقع من بالطائف \nاوضح الناطق الاعلامي بشرطة منطقة مكة المكرمة العقيد دكتور عاطي بن عطيه القرشي بأن الجهات الأمنية بشرطة المنطقة رصدت مقطع فيديو يتم تداوله عبر وسائل التواصل الاجتماعي يظهر فيه شابان يقومان بتصرفات غير لائقة تجاه فتاة بأحد المواقع يعتقد انه بمحافظة الطائف لم تتقدم الفتاة او ذويها باي بلاغ حيال الواقعة ، تم بتشكيل فريق عمل لتحليل مقطع الفيديو وتقصي المعلومات اللازمة عن الواقعة والأشخاص والعمل على كشف هويتهما لضبطهما وتقديمهما لجهة الاختصاص. ",
    "date_extracted": "2015-07-25 23:34:42"
}