{
    "url": "http://www.alyaum.com/article/4079810",
    "title": "أمسيتان شعريتان لمنتدى «اليراع» في «ثقافة الدمام»",
    "author": "اليوم - الدمام",
    "content": " تستضيف جمعية الثقافة والفنون في الدمام، مساء الخميس والجمعة الموافق 23و24 يوليو 2015م، منتدى اليراع الثقافي، لإقامة أمسيتين شعريتين ومعرض مصغر للكتاب لثلاث دور نشر مشاركة، وتوقيع اصدارات أدبية. حيث تقام مساء اليوم أمسية شعرية للشعراء: بثينة اليتيم ونجوى الناصر، ومن البحرين سمية جميلي وفاطمة عبد علي، بالإضافة إلى توقيع اصداراتهم. وسيشارك الشاعر صالح الخنيزي والشاعر علي سباع في الأمسية الشعرية الثانية مساء الجمعة والتقيع على إصداراتهما كما ستوقع القاصة خديجة النمر مجموعتها القصصية \"الأفكار السابحة بين السماء والأرض\". ستقام الأمسيتان في تمام الساعة الثامنة والنصف مساء، وسيفتتح المعرض في تمام الساعة 7.30م. ",
    "date_extracted": "2015-07-23 19:23:17"
}