{
    "url": "http://www.alyaum.com/article/4079734",
    "title": "التقديم لبرنامج الانتساب بجامعة «أم القرى» الأحد",
    "author": "اليوم - مكة المكرمة",
    "content": " اعلنت جامعة أم القرى عن بدء التقديم لبرنامج الانتساب للعام الجامعي 1436/1437هـ عبر بوابة القبول الموحد اعتباراً من يوم الأحد المقبل لـ 2620 طالبا وطالبة. وأوضح عميد كلية خدمة المجتمع والتعليم المستمر الدكتور حامد بن صالح الربيعي أن القبول على درجة البكالوريوس انتساب سيكون متاحاً في 16 تخصصا بمشاركة 7 كليات بفروع الجامعة بمكة المكرمة والكلية الجامعية بالقنفذة والكلية الجامعية بالليث. وقال الدكتور الربيعي: إن الكليات المشاركة في برنامج القبول للانتساب بمقر الجامعة الرئيسي بمكة المكرمة هي كلية اللغة العربية من خلال تخصصات النحو والصرف والأدب والبلاغة، وكلية الدعوة عبر أقسام الدعوة والثقافة الاسلامية والكتاب والسنة والعقيدة، بالإضافة إلى كلية العلوم الاقتصادية والمالية الاسلامية من خلال قسم الاقتصاد. وأشار إلى أن القبول سيكون متاحا في فرع الجامعة بالقنفذة عبر الكلية الجامعية بالقنفذة، من خلال تخصصي الدراسات الاسلامية واللغة العربية، وفرع الكلية الجامعية بالليث من خلال تخصصي الدراسات الاسلامية واللغة العربية. ",
    "date_extracted": "2015-07-23 19:23:35"
}