{
    "url": "http://www.alyaum.com/article/4080038",
    "title": "الطيران الأمريكي يقتل قيادياً كبيراً في تنظيم القاعدة بأفغانستان",
    "author": "وكالات - كابول",
    "content": " أعلنت وزارة الدفاع الأميركية، الجمعة، أن قياديا كبيرا في تنظيم القاعدة قتل مع مسلحين اثنين آخرين، في غارة أميركية استهدفته في أفغانستان.\nوأوضحت الوزارة، أن العملية التي جرت في 11 يوليو في ولاية باكتيكا، أدت إلى مقتل أبو خليل السوداني \"القائد العملاني الكبير في تنظيم القاعدة\"، وذلك في بيان تم توزيعه على الصحافيين المرافقين لوزير الدفاع الأميركي اشتون كارتر في زيارته إلى العراق.\nوتابع البيان: إن \"السوداني أحد ثلاثة متطرفين معروفين قتلوا في الغارة. وسيؤدي مقتله إلى الحد من العمليات التي ينفذها تنظيم القاعدة في العالم\".\nوأضاف: إن السوداني يترأس وحدة التفجيرات والهجمات الانتحارية وله علاقة مباشرة بمخططات لشن هجمات ضد الولايات المتحدة.\nوجاء في البيان، إن السوداني \"أشرف أيضا على عمليات ضد قوات أفغانية وباكستانية ومن التحالف، وحافظ على اتصال وثيق بأيمن الظواهري\" زعيم تنظيم القاعدة.\nوقال كارتر في البيان: إن مقتل السوداني يبرز الجهود التي يبذلها الجنرال جون كامبل قائد قوات الحلف الأطلسي في أفغانستان وقواته \"لمحاربة القاعدة\".\nوأضاف كارتر: \"سنواصل التصدي للتطرف العنيف في المنطقة وفي العالم\".\nوقتل عدد من قياديي تنظيم القاعدة في الأشهر الأخيرة في غارات أميركية.\nففي أواسط يونيو، قتل زعيم تنظيم القاعدة في شبه جزيرة العرب ناصر الوحيشي في غارة شنتها طائرة بدون طيار في اليمن.\nووصف البيت الأبيض مقتل الوحيشي آنذاك، بأنه \"ضربة قوية لتنظيم قاعدة الجهاد في جزيرة العرب، أخطر فروع القاعدة، ولتنظيم القاعدة بشكل أوسع\".\nوفي الثامن من يوليو، أعلنت وزارة الدفاع الأميركية أن غارة جوية لقوات الائتلاف الدولي فوق سوريا أدت في مطلع يوليو، إلى مقتل محسن الفضلي زعيم مجموعة خراسان الجهادية الموالية لتنظيم القاعدة في سوريا.\nوالفضلي كان على ما يبدو زعيم مجموعة خراسان التي تضم مقاتلين سابقين في تنظيم القاعدة انتقلوا من آسيا الوسطى ومناطق أخرى من الشرق الأوسط إلى سوريا للتخطيط لاعتداءات ضد الولايات المتحدة.\nوأنهت قوات الحلف الأطلسي بقيادة الولايات المتحدة مهماتها القتالية في أفغانستان في ديسمبر وسلمت قيادة الأمن إلى القوات المحلية إلا أنها أبقت 13 ألف عنصر لعمليات تدريب ومكافحة الإرهاب.\nإلا أن قوات الحلف الأطلسي شنت في يونيو 106 غارات جوية، في زيادة ملفتة عن الشهر السابق، عندما لم يتجاوز عدد الغارات 41 غارة، بحسب إحصاءات الحلف الأطلسي.\nمحادثات السلام\nسياسياً، أعلن مسؤولون، الجمعة، إن الجولة المقبلة من محادثات السلام بين الحكومة الأفغانية ومتمردي حركة طالبان، ستجري في أواخر يوليو، لكن بدون تحديد مكان اللقاء بعد.\nوكان المسؤولون الأفغان التقوا ممثلي حركة طالبان للمرة الأولى بشكل مباشر في مطلع الشهر الحالي في بلدة موري السياحية شمال إسلام أباد في باكستان.\nوتم الاتفاق آنذاك على اللقاء مجددا في الأسابيع المقبلة، لكن دون أن يتضح ما إذا كان القرار يلقى دعما بين صفوف طالبان التي تشهد انقسامات وخلافات حول سير المفاوضات.\nوصرح محمد إسماعيل قاسميار عضو المجلس الأفغاني الأعلى للسلام، وهو هيئة التفاوض العليا للحكومة أن \"الجولة الثانية من المحادثات ... مقررة في 30 أو 31 يوليو الحالي\".\nوتابع قاسميار: إن الصين ستستضيف اللقاء \"على الأرجح\"، إلا أن مسؤولا آخر في المجلس الأعلى للسلام أشار إلى أن الأمر لم يتأكد بعد.\nوأعلن نائب رئيس المجلس عبد الحكيم مجاهد، أن \"المحادثات مقررة في 30 يوليو لكن المشاورات مستمرة بين أفغانستان وباكستان والولايات المتحدة والصين حول مكان تنظيم اللقاء\".\nوقال مجاهد لوكالة فرانس برس: إنه \"لم يتم بعد تأكيد من ستكون الدولة التي ستستضيف اللقاء\".\nولم يصدر أي تعليق رسمي بعد من حركة طالبان حول الإعلان إلا أن الانتقادات الداخلية للحوار واضحة.\nوقال مصدر من مجلس شورى كويتا، القيادة المركزية لحركة طالبان: \"هذه المرة، إذا أجريت محادثات دون أن يحضر ممثلون عن مكتبنا السياسي في قطر، فإن المفاوضات لن تكون مقبولة بنظرنا\".\nوتابع المصدر، إن \"وفد مكتبنا السياسي في قطر، يجب أن يكون مشاركا في المحادثات هذه المرة\"، مشيرا إلى انقسام متزايد بين ممثلي طالبان في كويتا وقطر.\nوالتزم الملا عمر صمتا مطبقا منذ بدء هذه المفاوضات المباشرة، الأسبوع الماضي، في باكستان بين ممثلين عن طالبان والحكومة الأفغانية بهدف وضع حد للتمرد الذي يمزق أفغانستان منذ سقوط نظام طالبان في 2001.\nولم تصدر أي إدانة أو تعليق عن \"مجلس شورى كويتا\"، المدينة الواقعة في جنوب غرب باكستان حيث لجأت هذه الهيئة. إلا أنه أكد أن لجنته السياسية وحدها تملك صلاحية مناقشة السلام.\nوخلال الأشهر الأخيرة عقدت العديد من الاجتماعات غير الرسمية بين ممثلي طالبان والمسؤولين والنشطاء الأفغان، إلا أن اجتماع الثلاثاء، اعتبر خطوة متقدمة.\nوقاد وفد المجلس الأفغاني الأعلى للسلام نائب وزير الخارجية حكمت خليل كرزاي، في أول مرة تلتقي فيها شخصية حكومية بارزة وجها لوجه مع مسلحي طالبان.\nولا يزال المتمردون يطرحون شرطا مسبقا رئيسيا لإبرام السلام هو الانسحاب الفوري لجميع الجنود الأجانب المنتشرين في أفغانستان. وساهمت الانقسامات داخل حركة طالبان خاصة بين القادة الميدانيين الشباب والشخصيات القيادة الأكبر سنا، في إعاقة جهود السلام لسنوات.\nولا يزال من غير الواضح مدى التزام الفصائل المختلفة بالمحادثات، إلا أن كرزاي أكد أن الأشخاص الذين قابلهم يحظون بدعم قيادة طالبان التي يعتقد أنها تتمركز في مدينة كويتا جنوب. ",
    "date_extracted": "2015-07-25 10:01:15"
}