{
    "url": "http://www.alyaum.com/article/4080054",
    "title": "قاسم يركز على لياقة لاعبي القادسية بتدريبات شاقة",
    "author": "اليوم - الخبر",
    "content": " واصل الفريق الأول لكرة القدم بنادي القادسية تدريباته ضمن البرنامج الإعدادي استعداداً لمنافسات الموسم القادم، وأجرى الفريق تدريباته على فترتين صباحية ومسائية، ففي الحصة الصباحية التي أقامها المدرب جميل قاسم في الملاعب الخارجيه وخضع فيها جميع لاعبي الفريق إلى تدريبات لياقية قوية استمرت لساعتين، أشرف عليها مدرب اللياقة محرز بن يفلح، وفي الفترة المسائية، ركز المدرب التونسي جميل قاسم على الجانب التكتيكي وطبق عدداً من الجمل التكتيكية وأوقف التمرين عدة مرات لتوجيه اللاعبين وبعدها شارك جميع اللاعبين في تمرين التسديدات على المرمى، حيث تألق حراس الفريق فيصل مسرحي وداود ال سعيد ومحمد عسيري في التصدي لتسديدات زملائهم اللاعبين.\nمن جانبه، قدم قائد الفريق الأول لكرة القدم سلطان مسرحي شكره للاعبين والجهاز الفني والإداري على الأجواء الجميلة في المعسكر ومستوى الانضباطية والأداء العالي بالتمارين.\nوقال : أحب أن أطمئن الجميع على أمور المعسكر الذي تم توفير كل مقومات النجاح فيه.\nوأكد مسرحي أن الفريق قادر على البقاء بين الكبار، واللاعبون سيقدمون كل مالديهم لتحقيق الهدف، وكل مانحتاجه هذا الموسم هو الوقفة الجماهيرية. ",
    "date_extracted": "2015-07-25 10:01:21"
}