{
    "url": "http://www.alyaum.com/article/4080274",
    "title": "أمير دولة قطر يستقبل وزير الخارجية الأستاذ عادل الجبير",
    "author": "واس - الدوحة",
    "content": " استقبل صاحب السمو الشيخ تميم بن حمد آل ثاني أمير دولة قطر ، في قصره مساء اليوم، معالي وزير الخارجية الأستاذ عادل بن أحمد الجبير.\nوفي بداية الاستقبال نقل معالي وزير الخارجية تحيات خادم الحرمين الشريفين الملك سلمان بن عبدالعزيز آل سعود، وصاحب السمو الملكي الأمير محمد بن نايف بن عبدالعزيز ولي العهد نائب رئيس مجلس الوزراء وزير الداخلية، وصاحب السمو الملكي الأمير محمد بن سلمان بن عبدالعزيز ولي ولي العهد النائب الثاني لرئيس مجلس الوزراء وزير الدفاع - حفظهم الله -، وتمنياتهم لسمو الأمير بموفور الصحة وللشعب القطري دوام التقدم والازدهار، فيما حمله أمير قطر تحياته لخادم الحرمين الشريفين، ولسمو ولي العهد، وسمو ولي ولي العهد وتمنياته لهم بموفور الصحة وللشعب السعودي المزيد من التقدم والنماء، كما جرى خلال الاستقبال بحث القضايا الإقليمية والدولية ذات الاهتمام المشترك.\nوأقام معالي وزير الخارجية بدولة قطر الدكتور خالد بن محمد العطية مأدبة عشاء تكريمًا لمعالي وزير الخارجية والوفد المرافق له.\nوقد رافق معاليه معالي وكيل وزارة الخارجية للعلاقات الثنائية الدكتور خالد الجندان، ورئيس الإدارة الإعلامية السفير أسامة نقلي، ومدير مكتب معالي الوزير السفير محمد الكلابي. ",
    "date_extracted": "2015-07-26 16:52:42"
}