{
    "url": "http://www.alyaum.com/article/4080073",
    "title": "الليلة.. مسرحية اجتماعية بعنوان «شرم برم» بأدبي جدة",
    "author": "عبدالله الزعت - جدة",
    "content": " تزامنًا مع احتفالات عروس البحر الأحمر (جدة) بمهرجان الصيف يقيم النادي الأدبي الثقافي بجدة مساء اليوم السبت لمدة يومين من الساعة التاسعة مساء بمسرح النادي مسرحية اجتماعية بعنوان (شرم برم) بطولة نجوم نادي المواهب في جمعية الثقافة والفنون من إعداد وإخراج المنذر النغيص وتمثيل سليمان النزهة، يزيد الخميس، شبيب الخليفة، عبدالعزيز الخميس، ناصر البريدي، محمد إدريس يزيد ناصر وزياد القاضي وعبدالعزيز القدير وتحت إشراف خالد الباز ويدير الإنتاج عبدالله الغامدي وإدارة المسرحية بندر العمري وعبدالله الزهراني. وتنسيق بندر عبدالفتاح وتتحدث المسرحية عن كيفية تقبل المجتمع لكل ما هو جديد أو دخيل عليهم وعن انقسام المجتمع لمؤيد ومعارض وأن هذا الانقسام موجود من قديم الزمن وبشكل كوميدي اجتماعي.وقد شكر خالد الباز عضو الهيئة الدولية للمسرح والمشرف على العمل للنادي الأدبي بجدة ومجلس إدارته فتح المجال لتفاعل أبناء الوطن من الشباب في المشاركة مع الأندية الأدبية. ",
    "date_extracted": "2015-07-25 10:01:30"
}