{
    "url": "http://www.alyaum.com/article/4079819",
    "title": "فتنة الرجال",
    "author": "د. أمل الطعيمي",
    "content": " عندما تذكر المرأة في المجالس الواقعية والافتراضية وعظية كانت أو اجتماعية أو علمية لابد من العروج على فتنتها.. فهي فتنة تمشي على الأرض تلقي بشباكها على القوم إن هي قامت أو قعدت، وإن تكلمت أو صمتت، وإن تبرجت أو استترت. هي فتنة يخافها بعضهم إلى حد مرضي، ويقترب منها بعضهم إلى حد الجنون. ولا يعاقب المهووس ولا المجنون المفتون بل تعاقب الفاتنة التي يطلب منها أن تتخلى عن كيانها وتحارب نفسها حتى لا يفتن بها من حولها؛ ولهذا تنزل عليها سياط الجلادين، ولو كان الأمر بيدهم لحرموا عليها حتى التعامل مع نفسها بالرغم من أنهم يحللون لأنفسهم منها كل شيء ويحملونها ما لا تحتمل. ويطول الأمر ويقصر في فتنة النساء، وبالمقابل هناك فتنة أعظم وأشد خطراً. فتنة يتمرغون فيها بعد أن يرضخوا لها باستمتاع غريب ويمتثلوا لغرائبها بالسمع والطاعة؛ إنها فتنة الرجال. نعم، فتنة السياسي الدكتاتور المصاب بداء العظمة، وفتنة رجل الدين المتطرف المتذاكي أو غيرهما من كل (أفاك أثيم) يعيثون في الأرض فساداً فقتلوا وشردوا وسرقوا واغتالوا العقول شر غيلة فقامت من أجلهم حروب ودمرت المدن ونكست الأخلاق وشوه الدين. ومع كل تلك المساوئ المروعة تجد أن أقوال وأفعال الفاتن أحلى على قلوب وعقول المفتونين من العسل فيبايعون المجرم لأنه يعدهم بالجنة عبر الرصاص ويعدهم بالحور بعد الفجور فكم من رؤوس نكست بما حوت أمام حسن نصر وأسياده الذين نكس لهم هو رأسه بما حوت. وكم من رأس امتلأ بالفراغ أمام عشرات من أصحاب المسميات الأخرى الملالي ،القاعدة، والنصرة ،وداعش التي انساق لها كل مفتون فأسرته وسخرته للشر. أليست هذه الفتن الذكورية أخطر وأخطر وأخطر لأن ضررها لم يتوقف عند امرأة ورجل؛ بل تجاوزته إلى مئات وألوف من الذكور والاناث الكبار منهم والأطفال وكأن القوم في غفلة عنها؛ لأن كل تركيز القوم على الفتنة الأنثى بجسدها وبصوتها وبحرفها وحتى بخيالها!! ومن عجب أن المرأة في القرآن الكريم لم توصف بأنها فتنة ففي قصة يوسف قال تعالى (قال رب السجن أحب إلي مما يدعونني إليه وإلا تصرف عني كيدهن أصب إليهن) فالموقف كان مكيدة مفتعلة منهن ولم تكن فتنة ينساق لها الرجل دون وعي ولم يكن يوسف مفتونا ولكن مستجيباً في حال لو أنه صبا إليهن. وفي جانب آخر يقول تعالى (ينادونهم ألم نكن معكم قالوا بلى ولكنكم فتنتم أنفسكم وتربصتم وارتبتم وغرتكم الأماني حتى جاء أمر الله وغركم بالله الغرور) وهذه آية ضمن مجموعة أخرى من آيات الفتنة العقلية التي يترتب عليها شر مستطير ولا يتنصلون من بعضهم إلا عند فوات الأوان في النار . ومع كل ما رأيناه من شر فتنة الرجال على مر التاريخ الملطخ بالدماء لم يول علماء الدين هذه الفتنة الاهتمام الذي تستحقه لترفض وتحارب وتتقى بالعقل والعلم حتى لا يحدث ما حدث ومن أشكاله ما نراه اليوم من فتنة عظيمة يتهاوى فيها الصغار والكبار والرجال والنساء يحركهم فاتن أشر! وعلى الرغم من تكرار هذه الفتن إلا أن هناك من يغذيها ويشجعها بشتى الطرق، فما ان انتهت فتنة القاعدة وفتنة طالبان حتى بدأت فتنة داعش حتى صار الافتتان متوارثا عند بعضهم، بل ان هناك فتنة رجالية لم يصل فيها المفتون إلى ما وصل إليه غيره ولكنه قد يصل في وقت ما وهذا ما رأيناه في متابعي أحد المشايخ الذين كانوا يهددون ويتوعدون من يتجرأ ويخطئ شيخهم فيقول أحدهم لآخر: والله لو أمرني الشيخ بقتلك لفعلت!!! نعم، لقد وصلنا إلى هذه الحال، واسأل الله ألا نصل إلى ما هو أسوأ وحتى يتحقق هذا علينا اليوم أن نعيد ترتيب أولوياتنا عندما نتحدث عن الفتن وأخطارها. ",
    "date_extracted": "2015-07-23 19:23:30"
}