{
    "url": "http://www.alyaum.com/article/4080283",
    "title": "المفتي العام للقدس يطالب بمحاكمة الاحتلال دوليا على اقتحام جنوده المسجد الأقصى",
    "author": "واس - القدس",
    "content": " دعا المفتي العام للقدس والديار الفلسطينية، خطيب المسجد الأقصى الشيخ محمد حسين، إلى محاكمة سلطات الاحتلال دوليا على جرائمها الخاصة بتدنيس المسجد الأقصى والاعتداء على المصلين المتواجدين فيه بقنابل الصوت والأعيرة المطاطية والرصاص الحي.\nوقال المفتي ،في تصريحات له اليوم إن \"استمرار الاعتداء على المقدسات الفلسطينية وعلى رأسها المسجد الأقصى المبارك، يحول المنطقة إلى قنبلة موقوتة، وينذر بحرب دينية وشيكة\".\nوبين أن سلطات الاحتلال تحاصر المسجد الأقصى وتمنع المصلين من الدخول إليه، وتفرض عليه حصارا مشددا، وتعمل على إفراغه من أبنائه الشرعيين، ليستفرد المتطرفون به، مستخدمة وسائل القمع المختلفة ضد المواطنين الأبرياء العزل.\nوأضاف \"إن استمرار العدوان على المسجد قد يقود إلى مجزرة، كما حدث في مرات سابقة، ومن ثم إلى نتائج لا يمكن التكهن بمداها وعواقبها، محملا سلطات الاحتلال المسؤولية التامة عن ذلك\".\nوناشد المفتي الدول العربية والإسلامية وجامعة الدول العربية ومنظمة التعاون الإسلامي ولجنة القدس، ضرورة التدخل العاجل لحماية المسجد الأقصى المبارك. ",
    "date_extracted": "2015-07-26 16:52:35"
}