{
    "url": "http://www.alyaum.com/article/4079752",
    "title": "الدوائر الحكومية بمحافظة الأحساء تحتفل بعيد الفطر المبارك",
    "author": "عبداللطيف المحيسن، ابراهيم المشعل، محمد العويس، حمزه بوفهيد - الاحساء",
    "content": " أقام عدد من الدوائر الحكومية بمحافظة الأحساء يوم امس حفل المعايدة السنوي لمنسوبيها بمناسبة عيد الفطر المبارك بحضور عدد من مديري الدوائر الحكومية وبمشاركة جميع منسوبي الادارات. وقد تبادل الجميع التهاني والتبريكات بهذه المناسبة في جو أسري يعبر عن عمق التلاحم والمودة التي تسود بين موظفيها حيث حرصت جميع الدوائر على الاستمرار في إقامة مثل هذا الاحتفال وذلك لتنمية العلاقات الاجتماعية بين منسوبي الدوائر والمؤسسات الحكومية وإظهار أواصر المحبة بين الموظفين ورؤسائهم وبث روح العمل والنشاط مع بداية العمل بعد إجازة عيد الفطر المبارك. امانة الاحساء كتابة عدل الاحساء مكتب العمل سياحة الأحساء مركز التأهيل الشامل شرطة محافظة الأحساء المدينة الصناعية الأولى الشؤون الصحية الجوازات إدارة المياه هيئة الري والصرف جامعة الملك فيصل ",
    "date_extracted": "2015-07-23 19:23:41"
}