{
    "url": "http://www.alyaum.com/article/4080028",
    "title": "قرية ألعاب وعروض ليزر في «صيف الباحة»",
    "author": "اليوم - الباحة",
    "content": " يواصل مهرجان صيف منطقة الباحة لهذا العام فعالياته اليوم، عبر حزمة من البرامج المنوعة التي تلبي رغبات وتطلعات مختلف شرائح المجتمع.\nوتشتمل الفعاليات المقامة في مدينة الباحة ومحافظة بلجرشي على لقاء شباب بني ظبيان، وبرنامج المخيم الشبابي، وعروض الليزر، والفنون الشعبية، فيما تستضيف محافظة بني حسن والقرى فعاليات عروض الخيل، والفنون الشعبية، ومحاضرة توعوية عن الانحراف الفكري، ودروس دينية، ودورة للمقبلين على الزواج، ودورة في برمجة الحاسب الآلي والإلكترونيات، ودوري رياضي في كرة القدم والطائرة. وتواصل الفعاليات اليومية تقديم عروضها للزوار، وتتضمن خيمة التسوق، وقرية الألعاب، ومسرح الطفل، وحديقة الحيوانات، وعروض الدبابات، والمراكز الموسمية للطلاب والطالبات، وهدية المصطاف، والمصلى المتنقل، والخيول والعربات، ومسابقات أسرية، والمقر الصيفي. ",
    "date_extracted": "2015-07-25 10:02:36"
}