{
    "url": "http://www.alyaum.com/article/4080281",
    "title": "معادن تنظم المؤتمر العربي الدولي للألمنيوم في نوفمبر القادم",
    "author": "واس - الرياض",
    "content": " تستضيف شركة التعدين العربية السعودية \"معادن\" المؤتمر العربي الدولي للألمنيوم \"عربال\" في نسخته الـ 19 بمشاركة دولية واسعة في الفترة ما بين 15 إلى 17 نوفمبر القادم في مركز معارض الظهران الدولي بالمنطقة الشرقية.\nويركز المؤتمر على بحث \"تكامل صناعات الألمنيوم الأساسية والتحويلية بين دول الخليج\"،سيتم بحث الموضوعات ذات العلاقة بمستقبل صناعات الألمنيوم في العالم، وتعزيز آليات التعاون بين الشركات المنتجة والمستهلكة بما يسهم في تحقيق الأهداف المشتركة للمشاركين في هذا التجمع ولصناعات الألمنيوم ككل.\nوعبر الرئيس التنفيذي لشركة معادن المهندس خالد بن صالح المديفر، عن فخر الشركة واعتزازها باستضافة التجمع الهام لكبريات شركات الألمنيوم في العالم، وهو ما يؤكد على مكانة الشركة ومسيرتها في بناء سمعتها كواحدة من بين أكبر شركات التعدين في العالم، مشيرا إلى أن المؤتمر سيبحث التحديات الحالية والمستقبلية لصناعات الالمنيوم، وفرص التكامل الصناعي للألمنيوم في منطقة الخليج وسبل تعزيزها.\nكما ستعرض الشركة من خلاله تجربتها في التأسيس لصناعة تكامليه عبر مشروعها للألمنيوم في رأس الخير وبداية تطبيق رؤيتها التصنيعية \"من المنجم إلى المنتج النهائي\" من خلال جميع مكونات المشروع من المنجم مرورا بالمصفاة والمصهر إلى مصنع الدرفلة بالإضافة إلى منظومة إعادة تدوير الالمنيوم.\nوأكد المديفر أن مؤتمر \"عربال\" أصبح من أهم الفعاليات في صناعات الالمنيوم، وفرصة سانحة لاستعراض الفرص في شركة معادن وتقديم المملكة كوجهة استثمارية أمام شركات الألومنيوم بما يسهم في استقطاب الرساميل الأجنبية وتوطين التقنية العالمية، متوقعا أن يكون لهذا التجمع الصناعي العالمي نتائج مستقبلية ستنعكس إيجابا على صناعات الألمنيوم.\nمن جانبه أكد رئيس مجلس إدارة سكرتارية عربال الدائمة محمد علي النقي أن المؤتمر سيشهد مشاركة العديد من الشركات العالمية،وسيثري نقاشاته العديد من المتحدثين والمختصين خلال جلسات النقاش، التي ستسلط الضوء على المستجدات في صناعة الألمنيوم والآثار الاقتصادية والتنموية لعمليات إنتاج الالمنيوم، كما سيشهد المؤتمر إقامة معرضا سيشهد مشاركة واسعة لاستعراض أحدث تكنولوجيا الإنتاج في صناعات الألمنيوم. ",
    "date_extracted": "2015-07-26 16:52:19"
}