{
    "url": "http://www.alyaum.com/article/4080095",
    "title": "اختطاف التعريف",
    "author": "محمد العلي",
    "content": " التعريف هو «عبارة عن ذكر شيء تستلزم معرفته معرفة شيء آخر» بحيث ترسم بوضوح صورة ذلك الشيء في الذهن.. وكان المختصون في كل علم من العلوم بدءا من الفلسفة وحتى اصغر العلوم المتناسلة منها.. هم الذين يضعون التعريفات ويحددون المصطلحات للعلم الخاص بهم.\nنعم كان المفكرون والمثقفون في كل العصور الماضية هم الذين يصوغون التعريفات ويحددون المفاهيم.. كل في اختصاصه.. وقد اصبح هناك ارث مشترك بين البشر لبعض المفاهيم والمعاني مثل مفهوم الجمال والعدالة والفضيلة والسعادة وغيرها.. صحيح ان تعريف الشيء قد يتعدد ولكن أصحاب حقله هم الذين يضعون التعريف الجديد لوضوح زاوية في الشيء لم تكن واضحة في الماضي.\nالتعريف معنويا كان او ماديا يفرض عليك نوعا من الفهم او ما يسمونه «البرادايم» بحيث تجعلك القناعة به اسيرا لذلك الفهم نظريا وعمليا.. ومن هنا تنبع خطورة التعريف اذا كان ناقصا او ضبابيا او قديما تجاوزه التاريخ بحيث توسع معناه وفاض على لفظه.. والامثلة على ذلك كثيرة من اوضحها ان تقتبس حضارة من حضارة اخرى مفهوما تقوم عليه الحياة نفسها وتحمله معنى بعيدا عنه وتزعم انها قد اقتبسته بأمانة تامة في حين انها شوهته حتى النهاية مثل تحميل الديمقراطية مفهوم الشورى وهلم جرا كما يقول القدماء.\nفي زماننا السريالي هذا اصبح الوضع مختلفا.. فقد اختطفت التعريفات المرتبطة بالانسان وحياته وحتى عالمه الداخلي اختطفت من ايدي الفلاسفة والعلماء والمفكرين واصبحت بيد السياسيين.. أي تنحت الموضوعية عن الميدان واصبحت المصالح الدولية هي التي تضع التعريفات ومعنى هذا كما قال القدماء ان كل فريق يجر النار الى قرصه.\nالعدالة والحرية وحقوق الانسان والارهاب والتخريب، وحتى القتل أصبح له تعريفات، تعريف يضعه علماء الانسان لا احد يلتفت اليه وآخر يضعه السياسي وتأتي جيوش من الاعلاميين وبائعي الافكار ومؤجري المواقف لتوجيه الضوء اليه واقناع الناس به.. وما اكثر المصدقين!!\nالسيدة امريكا تعرف الارهاب– مثلا– حسب مصالحها فمرة تعرفه بتعريف ابيض واخرى بأسود وعلى العالم ان يطأطئ رأسه رضي او لم يرض.\nنحن نعرف ان فلسفة امريكا السياسية تقوم على البرغماتية ففي كل يوم لها لون ولكن الكارثة هناك في من يصدقها بدون أن يرف له جفن.\nعالمنا السريالي هذا افظع هاوية فيه هي «اختطاف التعريف من اصحابه». ",
    "date_extracted": "2015-07-25 10:02:17"
}