{
    "url": "http://www.alyaum.com/article/4079988",
    "title": "إمام الحرم: من أخذ بكل زلة على كل أحد فلن يبقى له في الدنيا زوجة ولا أخ ولا صديق ولا جار",
    "author": "واس - مكة المكرمة ",
    "content": " أوصى إمام وخطيب المسجد الحرام فضيلة الشيخ الدكتور سعود بن إبراهيم الشريم المسلمين بتقوى الله عز وجل والعمل على طاعته واجتناب نواهيه .\nوقال في خطبة الجمعة اليوم إن المرء العاقل هو الذي يستحضر على الدوام عدم كمال الحياة التي يعيش فيها الناس وعدم كمال الناس أنفسهم وأن النقص يعتريها ويعتريهم وأن من سره شيء ربما ساءته أشياء وان لكل زلة وهنات فمن ذا الذي ترضى سجاياه كلها ومن ذا الذي ما ساء قط لذا فأن لكل نفس حية طبعا أصيلا لم يطرأ عليه ما يغيره فكان لزاما أن تتفاوت النفوس في درجات الثبات والهدوء والأناة والصفاء أمام المثيرات التي تؤز ضعاف النفوس إلى الحمق والعجلة أزا فتفصل بين ثقة المرء بنفسه وبين أناته وحلمه مع غيره بوسيلة يجهلها كثير من الناس قد حصرها حكماء النفوس في خصلة التغافل أو التغابي عن المكدرات في العلاقات العامة والخاصة بين الشعوب والساسة والأسرة وأفراد المجتمع الواحد .\nوأكد فضيلته أن التغافل من باب القوة لا الضعف والحلم لا العجز والصبر لا الخور لأن اتساع الأذن لكل مسموع واتساع العين لكل مرئي كفيلان في تكدير الصفو وتفريق المجتمع ونصب خيام سوء الظن في القلب وسط عواصف الشكوك والشحناء والبغضاء فلا مناص حينئذ من التغافل والتغابي أحيانا لتسير القافلة بأمان لأن المنزل بعيد لا يحتمل الالتفات أثناء السير ، ومن أخذ بكل زلة على كل أحد فلن يبقى له في الدنيا زوجة ولا أخ ولا صديق ولا جار ، إذا لا يشك عاقل أن التغافل أدب جميل يحمل صاحبه على تعمد الغفلة والتغابي مع علمه بما هو متغافل عنه جلبا لمصلحة أو درأ لمفسدة وهو خلق نبوي كريم قال الله عن نبيه حين أخطأت بعض أزواجه ( وإذ أسر النبي إلى بعض أزواجه حديثا فلما نبأت به وأظهر الله عليه عرف بعضه وأعرض عن بعض) ، هو نهج نبوي شريف ما جاء في الحديث مرفوع إلى النبي صلى الله عليه وسلم ( لا يبلغني أحد عن أصحابي شيئا فأني أحب أن أخرج إليهم وأنا سليم الصدر )\nوبين الشيخ الشريم أن المرء المحمود هو ذلكم المتغافل الذكي لا المتذاكي الغافل فأن الأولى كياسة وفطنة والأخرى بلادة وحمق وقديما قيل ليس الغبي سيدا في قومه لكن سيد قومه المتغابي .\nوقال إن التغابي أو التغافل المحمود هو ما حمل في طياته معنى السماحة واللين وغض الطرف فأنه كل ما افتقر التغابي إلى هذا المعنى فأنه سيصبح جزءاً من المشاكل لا جزءاً من الحلول ، وهذا سر كثير من الخصومات والأحقاد والتربص بالآخرين فأنه ليس من الفتوة التشبث بزلات الآخرين وتتبعها في النوايا وحملها أكثر مما تتحمل .\nوأضاف يقول \" بالتغافل يلقم المرء خصمه حجرا ويزيده وجعا إلى وجعه ، وبالتغافل يقل الخصوم وتسموا النفس إلى معالي الأمور وتنأى عن سفسافها .\nوأوضح إمام وخطيب المسجد الحرام أن التغافل قيمة رحبة تتسع للجميع وليست مختصة بأحد دون احد بل يشترك فيها الشريف والوضيع والأمير والمأمور والرئيس والمرؤوس والشيخ والتلميذ والأب والأولاد والزوج والزوجة لا مناص من ذلكم لمن أراد توافقا في هذه الحياة مع نفسه ومع الناس فلا صفاء دون تغافل ولا وحدة واجتماع دون تغافل ولا إيثار دون تغافل فهو الكياسة والسياسة البارعة التي تستمال بها القلوب ويخبوا بها العتب ويعلوا الأدب وتنال الرتب ويبلغ به المتغابي الارب . ",
    "date_extracted": "2015-07-24 17:49:11"
}