{
    "url": "http://www.alyaum.com/article/4079755",
    "title": "وزير الحج : وصول أول قوافل وفود الرحمن  الأسبوع المقبل",
    "author": "حذيفة القرشي - جدة",
    "content": " قال وزير الحج الدكتور بندر بن محمد خلال حفل المعايدة الذي أقامته وزارة الحج أمس بمقر الوزارة بمكة المكرمة : ونحن نعيش هذه الأيام أجواء عيد الفطر المبارك بعبقه وأريجه ونفحات فرحه، نقف في وداع ضيوف الرحمن من المعتمرين الذين انتهت فترة وجودهم، وتستعد الوزارة في الأسبوع المقبل لاستقبال أول قوافل وفود الرحمن من الحجاج حياهم الله. وتمنى أن يكون المعتمرون الذين وصل عددهم الى (6) ملايين معتمر هذا قد نعموا ببهجة الزمان وقدسية المكان أمام الكعبة المشرفة، وفي رحاب مسجد المصطفى (صلى الله عليه وسلم) من خلال جهود كبيرة وعمل يصل الليل بالنهار قدمت لهم وزارة الحج والقطاعات الحكومية والاهلية - التي عملت بروح الفريق الواحد - كل ما في وسعها وكان ذلك من أسرار النجاح المتواصل. ",
    "date_extracted": "2015-07-23 19:23:33"
}