{
    "url": "http://www.alyaum.com/article/4079837",
    "title": "عقاران لعلاج السكري يمنعان الإصابة بالشلل الرعاش",
    "author": "رويترز - لندن",
    "content": " قال علماء أمس الأول إن عقارين لعلاج داء السكري يرتبطان بآثار جانبية مثيرة للقلق، اتضح أنهما ربما يقللان من مخاطر الإصابة بالشلل الرعاش، ما يفتح المجال لإجراء مزيد من الأبحاث عليهما. وتوصل تحليل شمل أكثر من 160 ألف مريض بريطاني بالسكري، إلى أن من تناولوا أحد عقاري روزجليتازون أو بيوجليتازون تراجعت لديهم احتمالات الإصابة بالشلل الرعاش بنسبة 28%، بالمقارنة بآخرين تناولوا عقاقير أخرى لعلاج السكري. وتنتج شركة جلاكسوسميثكلاين للمستحضرات الطبية عقار روزجليتازون، وتنتج شركة تاكيدا عقار بيوجليتازون، ويباعان تحت الاسمين التجاريين أفانديا وأكتوس على الترتيب. كان قد فرض حظر على استخدام عقار روزجليتازون بسبب مخاوف على القلب، لكن تم رفع هذه المخاوف فيما بعد، وأحاطت بعقار بيوجليتازون مخاوف تتعلق بالإصابة بسرطان المثانة. ولا يوصي العلماء -الذين نشروا هذه النتائج في دورية (بلوس ميديسن)- باستخدام العقارين مباشرة لعلاج الشلل الرعاش. ",
    "date_extracted": "2015-07-23 19:23:18"
}