{
    "url": "http://www.alyaum.com/article/4080223",
    "title": "6900 شخص يستفيدون من برامج «تعاوني الوجه»",
    "author": "اليوم - الوجه",
    "content": " نفذ المكتب التعاوني للدعوة والإرشاد وتوعية الجاليات بمحافظة الوجه العديد من البرامج والفعاليات خلال شهر رمضان الماضي استفاد منها 6998 مواطناً ومقيماً من الرجال والنساء.\nوأوضح مسؤول توعية الجاليات بالمكتب الشيخ أحمد قاسم أن هذه البرامج شملت توزيع 36000 وجبة إفطار صائم وإقامة 60 درساً دينياً وتسيير 132 رحلة عمرة وزيارة للمسجد النبوي الشريف وإلقاء 300 كلمة دعوية وتوزيع 360 هدية وإقامة 5 حلقات لتحفيظ القرآن الكريم وتوزيع أكثر من 15 سلة غذائية على المسلمين الجدد والقيام بـ100 جولة دعوية وتوزيع 3000 أسطوانة دعوية وإلقاء 5 كلمات دعوية للقسم النسائي، إضافة إلى إسلام 4 وافدين. ",
    "date_extracted": "2015-07-26 16:52:46"
}