{
    "url": "http://www.alyaum.com/article/4080146",
    "title": "السوق يترقب إعلان 77 شركة لنتائجها الفصلية  خلال أسبوع",
    "author": "اليوم – الدمام",
    "content": " يترقب المستثمرون في سوق الأسهم خلال الأسبوع الحالي إعلان 77 شركة عن نتائجها للنصف الأول 2015 أهمها «سابك» و«الاتصالات السعودية» و«موبايلي»، وينتظر أن تُعلن هذه الشركات خلال المدة المتبقية من الفترة المحددة من هيئة السوق المالية.\nوكانت 10 شركات أعلنت عن نتائجها المالية للنصف الأول لعام 2015عقب استئناف التداولات في السوق بعد إجازة عيد الفطر، وبذلك يصل عدد الشركات التي أعلنت عن نتائجها للنصف الأول لعام 2015، إلى 94 شركة من أصل 171 شركة مدرجة.\nووفقاً لقواعد هيئة السوق المالية فإن على الشركات المدرجة في السوق الإعلان عن نتائجها الفصلية خلال 15 يوما (اليوم المقصود به في قواعد الهيئة يوم عمل حكومي) ابتداء من 1 يوليو 2015.\nفيما أنهى مؤشر السوق تعاملاته، الأسبوع الماضي، على ارتفاع بنسبة 0.4 % ما يعادل 35 نقطة، مغلقا عند 9373 نقطة.\nوكانت التداولات بالسوق قد استؤنفت، الأربعاء الماضي، بعد إجازة عيد الفطر المبارك، حيث كانت عدد جلسات الأسبوع جلستين فقط.\nوعلى صعيد الأسهم، أنهت أسهم 123 شركة تداولاتها على ارتفاع، فيما تراجعت أسهم 40 شركة، واستقرت أسهم شركتين عند نفس مستوياتها السابقة.\nوبنهاية جلسات السوق ارتفع عدد الشركات التي أعلنت عن نتائج الربع الثاني 2015 إلى 94 شركة من أصل 171 شركة مدرجة في السوق.\nوبلغت قيمة التداولات - خلال جلستين فقط- نحو 8.10 مليار ريال (بمعدل 4.05 مليار ريال يوميا).\nوأنهت 9 قطاعات في السوق على ارتفاع، حيث سجل قطاع «التأمين» أعلى نسبة ارتفاع بنحو 4%، تلاه قطاع «الفنادق والسياحة» المرتفع بنسبة 2%، كما سجل قطاع المصارف والبنوك ارتفاعا بنسبة 1%.\nوفي المقابل سجلت 6 قطاعات انخفاضا بنسب طفيفة، حيث سجل قطاع البتروكيماويات تراجعا بنحو 1%،\nوتصدر سهم «العالمية للتأمين» أسهم الشركات الأكثر ارتفاعا هذا الأسبوع، بنـسبة 12 %، تلاه سهم «جاكو» المرتفع بنسبة 8%.\nوفي المقابل تصدر سهما «سابك» و»الاسمنت العربية» قائمة الأسهم الأكثر انخفاضا بنسبة بلغت 3%، وسجل سهما «الخضري» و»معادن» تراجعا بنسبة 2 %، ",
    "date_extracted": "2015-07-26 16:51:57"
}