{
    "url": "http://www.alyaum.com/article/4080277",
    "title": "مصرع ثلاثة أشخاص إثر تحطم طائرة في طوكيو",
    "author": "واس - طوكيو",
    "content": " لقي ثلاثة أشخاص مصرعهم اليوم إثر تحطم طائرة سياحية صغيرة في منطقة مأهولة بالسكان في العاصمة اليابانية طوكيو.\nوأفادت هيئة الإذاعة والتلفزيون اليابانية (إن.اتش.كيه) أن سقوط الطائرة أدى إلى اشتعال النار في منازل وسيارات، مضيفةً أن رجلين داخل الطائرة التي كانت تقل خمسة أشخاص لقيا مصرعهما إضافة إلى امرأة كانت داخل أحد المنازل فيما أصيب خمسة أشخاص بجروح.\nوقالت إدارة الإطفاء في طوكيو إن النار اشتعلت في خمسة منازل وما لا يقل عن سيارتين في حي \"شوفو\" في العاصمة اليابانية. ",
    "date_extracted": "2015-07-26 16:52:40"
}