{
    "url": "http://www.alyaum.com/article/4080076",
    "title": "رواية تبيع أكثر من مليون نسخة فى الأسبوع الأول",
    "author": "اليوم- الوكالات",
    "content": " أعلنت دار نشر \"هاربر كولينز\" أن رواية \"تعيين حارس\" للكاتبة الأمريكية هاربر لى - المولودة عام 1926 - باعت أكثر من 1.1 مليون نسخة فى أمريكا الشمالية فى الأسبوع الأول للبيع، ولديها الآن أكثر من 3.3 مليون نسخة فى الطباعة. وقال \"بريان موراى\" الرئيس والمدير التنفيذى لدار النشر: إن مبيعات \"تعيين حارس\" فى أول أسبوع من إطلاقها تجاوزت توقعاتنا ونحن مسرورون جدا لرؤية القراء يستجيبون لهذا العمل الجديد التاريخى من مؤلفة مبدعة مثل هاربر لى\". الجدير بالذكر أن \"هاربر لى\" سبق وأن حققت نجاحًا كبيرًا من قبل بعد روايتها \"قتل الطائر المغرد\" التى كتبتها منذ 55 عاماً وحصلت بها على جائزة \"بوليتزر\". ",
    "date_extracted": "2015-07-25 10:02:52"
}