{
    "url": "http://www.alyaum.com/article/4080246",
    "title": "افتتاح منتدى عبدالعزيز العفالق بالنادي الشبابي",
    "author": "عبداللطيف المحيسن - الأحساء",
    "content": " افتتح الشيخ عبدالعزيز العفالق، وبحضور نائب مدير الغرفة التجارية الصناعية بالاحساء محمد العفالق، ومدير مركز التنمية الاسرية بالأحساء الدكتور خالد الحليبي، ومدير معهد التنمية الاسرية العالي للتدريب الدكتور فيصل الحليبي، مؤخرا، منتدى الشيخ عبدالعزيز العفالق بمقر النادي الشبابي التابع لمركز التنمية الاسرية بالأحساء.\nوقد شهد الحفل توقيع اتفاقية تعاون مع مدير المركز الدكتور خالد الحليبي والشيخ عبدالعزيز العفالق، بعدها تم قص الشريط ايذانا بافتتاح الخيمة الشبابية، حيث قام مدير المركز الدكتور خالد الحليبي بإلقاء كلمة المركز بهذه المناسبة، والتي عبر فيها عن سعادته في هذا اليوم بمناسبة افتتاح هذه الخيمة الشبابية، والتي يعود نفعها على الشباب من خلال اقامة الفعاليات الثقافية والمسابقات واللقاءات التربوية فيما بينهم، سائلاً الله ان يكون هذا الصرح الجميل في موازين اعمال من تكفل به، بعد ذلك قام الشيخ عبدالعزيز العفالق بتقطيع «التورتة» المعدة لهذا الافتتاح مع ابنائه الايتام الذين شاركوا في حفل هذا اليوم، والتقاط الصور التذكارية معهم.\nفيما شهد الحفل حضور عدد من مسؤولي الاقسام وموظفي مركز التنمية الاسرية بالاحساء ومسؤولي الاقسام بالنادي الشبابي التابع للمركز.\nمن جهة اخرى، ناقش المركز التقرير الفني لمتدربي دبلوم تقنية الحاسب الآلي تخصص: دعم فني للتدريب الميداني الذي قضوه في عدد من الجهات لمدة ١٠ أسابيع، وتجربته في التدريب في قسم التقنيات.\nيذكر أن طاقم التدريب مكون من فؤاد الحمد رئيس اللجنة وهو المشرف الميداني للتدريب التعاوني في التخصص، وجلال بوبشيت عضو في اللجنة والمشرف على التدريب التعاوني في المعهد ومدرب معتمد في التدريب الاهلي، ومحمد بالطيور عضو في اللجنة وهو مدرب مختص في الحاسب الآلي \"نفس تخصص الدبلوم\" ومدرب معتمد في التدريب الاهلي. ",
    "date_extracted": "2015-07-26 16:52:56"
}