{
    "url": "http://www.alyaum.com/article/4080051",
    "title": "برامج وتطبيقات",
    "author": "اليوم - الدمام",
    "content": " «Superbeam»\n\nهو تطبيق متميز يدعم نقل مختلف الملفات دون الحاجة للاتصال بالإنترنت، حيث يستخدم التطبيق تكنولوجيا الواي فاي المباشر، ويوفر إمكانية نقل الملفات عن طريق المسح الضوئي لرمز الاستجابة السريع، أو الاقتران بين الجهازين إذا توفرت خدمة \"NFC\" عبر ملامسة الجهة الخلفية للجهازين، ويتميز التطبيق بأنه يملك تصميم ماتيريال ديزاين، ويوفر إمكانية الاحتفاظ بسجلات وتواريخ النقل، وميزة التنبيه بوجود ملف مكرر، ويوفر إمكانية نقل الملفات بشكل افتراضي لبطاقة الذاكرة الخارجية، كما يتميز بإمكانية المشاركة في نقل الملفات مع جهاز الحاسوب الخاص بالمستخدم وميزة الإرسال لأكثر من جهاز وبنفس الوقت.\n«Dumpster»\n\nهو أحد التطبيقات المهمة لاسترجاع مختلف أنواع الملفات من صور وموسيقى وفيديو ومستندات، وتكمن فكرة التطبيق في أنه عبارة عن أداة سحابية احتياطية تدعم الخدمات السحابية مثل دروب بوكس، قوقل درايف، ون درايف، ويمنح القدرة على استرداد واستعادة المحتوى المحذوف لجميع أنواع الملفات الشائعة، وبالتالي من خلال التطبيق يمكن الاستغناء نسبيا عن عمليات النسخ الاحتياطي المتعدد لمختلف البيانات الموجودة في الجهاز الذكي، إلا أن التطبيق لا يدعم عملية استرجاع الملفات المحذوفة قبل تثبيت التطبيق، أي أن ملف قد تم حذفه قبل تثبيت التطبيق لا يمكن استرجاعه.\n« Magisto »\n\nهو أحد أفضل التطبيقات التي تمكن مستخدمي الأجهزة الذكية من تحرير مقاطع الفيديو الكاملة باحترافية كبيرة دون الحاجة للخبرة أو الاحتراف على التطبيق، حيث يمكنك إنتاج مقاطع فيديو رائعة بكل ما تحمل الكلمة بغضون دقائق، ويتميز التطبيق بشمولية الأدوات من تأثيرات مخصصة لكل للمناسبات، وأدوات عديدة أهمها إضافة النصوص على مقطع الفيديو كذلك مشاركة الفيديو على انستجرام ومختلف تطبيقات التواصل الاجتماعية والدردشة المباشرة مثل واتساب وغيرها، ويوفر التطبيق إمكانية المعاينة قبل الحفظ، كما ويوفّر شبكة اجتماعية خاصة بالتطبيق يمكن أن يشاهد المستخدمون أعمال المشاركين بالشبكة مع إمكانية الإعجاب ووضع تعليق على الفيديو.\n«Fast Clean»\n\nهو تطبيق لا يمكن الاستغناء عنه حيث يوفر إمكانية الاستفادة من مجموعة الأدوات، وأبرزها أدوات حذف الملفات غير المرغوب فيها والبحث عنها في كل زاوية من زوايا الهاتف للتخلص منها، مع إمكانية تسريع الجهاز الذكي من خلال فحص أهم أمرين على الجهاز وهما وحدة المعالجة \"CPU\"، والذاكرة العشوائية \"RAM\"، بالإضافة إلى إمكانية تسريع الألعاب، ويوفر ميزة الحماية والخصوصية للمستخدمين، والقدرة على الدخول للذاكرة الخارجية \"SD\" وفحصها ومسح كل ملف غير مهم بما فيها الملفات المخفية، ويوفر التطبيق إمكانية نقل التطبيقات على بطاقة الذاكرة الخارجية، ويوفر إمكانية حذف أو تثبيت التطبيقات. ",
    "date_extracted": "2015-07-25 10:02:39"
}