{
    "url": "http://www.alyaum.com/article/4081237",
    "title": "برامج وتطبيقات",
    "author": "اليوم - الدمام",
    "content": " أيقظني\n\nيهدف التطبيق الجديد لمساعدة المستخدمين الذين يواجهون صعوبات في الاستيقاظ في الأوقات المحددة، حيث إن التطبيق يستخدم طرقاً مختلفة لإيقاف المنبه، كإجراء العمليات الحسابية، أو إعادة كتابة أحرف عشوائية، أو تكرار نمط معين الذاكرة، كما يمكن اختيار إيقاف المنبه بالطريقة العادية إذا لم يرغب المستخدم بتلك الطرق، ويمتاز التطبيق بأنه يستخدم نمط 24 ساعة، ويوفر إمكانية اختيار نغمة من نغمات الهاتف، وتحديد أيام الإعادة، ويحتوي على مجموعة من النغمات المختلفة .\n«Send»\n\nهو تطبيق جديد يهدف إلى تسهيل تبادل رسائل البريد الإلكتروني بين زملاء العمل في الشركات، باعتبار البريد الإلكتروني ما يزال الوسيلة الأكثر استخداما للتواصل في هذه البيئة، ويوفر التطبيق تجربة استخدام تتسم بالبساطة شبيهة بتطبيقات التراسل الفوري وتطبيقات الرسائل النصية القصيرة، ولكن دون الحاجة لمعرفة رقم الهاتف الخاص بزميل العمل أو اسم المستخدم خاصته، ويتطلب التطبيق أن يكون للمستخدم حساب بريد إلكتروني على الحزمة المكتبية السحابية “أوفيس 365 للشركات والمدارس للعثور على جهات الاتصال المتكررة والحديثة، ويتيح خيار \"رد سريع\" الرد على الرسائل الواردة بسرعة كما يوفر التطبيق إمكانية مزامنة الرسائل مع خدمة أوتلوك.\n« Lazy Mouse »\n\nهو تطبيق جديد يوفر إمكانية تحويل الهاتف الذكي إلى فأرة للحاسوب الشخصي على نحو يختلف عن التطبيقات الأخرى التي تقدم وظائف مشابهة، حيث يوفر العديد من الخصائص الأخرى مثل إيقاف تشغيل الجهاز من خلال التطبيق، وأخذ لقطة \"screenshot\" لشاشة الحاسوب من الهاتف وتخزينها على الحاسوب، كما يتيح للمستخدم معرفة البرامج أو الألعاب المفتوحة على الحاسوب من خلال خاصية مدير المهام \"Task Manager\" التي يمكن من خلالها إغلاق ومعرفة التطبيقات المفتوحة على الحاسوب، ويقوم التطبيق بالمزامنة والتواصل مع الحاسوب عبر توليد رمز استجابة سريعة \"QR\" أو استخدام عنوان بروتوكول الإنترنت \"IP\" الخاص بالحاسوب.\n«iAlbum»\n\nهو تطبيق يوفر إمكانيات ومزايا هائلة، ابتداء من حماية الصور بأرقام سرية، وصولا إلى إمكانية تحرير الصور بمزايا كثيرة، حيث يوفر التطبيق إمكانية غلق التطبيق والمحتوى بواسطة أرقام سرية، إمكانية تخصيص مستويات الحماية، كما يدعم التطبيق كلمة المرور الرقمية أو المتكونة من حروف، وتقنية البصمة، وإمكانية تمويه كلمة المرور لتشتيت ذهن المتطفل بالإضافة إلى إمكانية إخفاء الألبومات، ومن المزايا الأخرى للتطبيق، فإنه يوفر إمكانية التصوير من داخل التطبيق، واستيراد الصور والفيديو من مكتبة الصور، وميزة النقل عبر الواي فاي، والمشاركة والنقل من خلال الايتونز. ",
    "date_extracted": "2015-08-01 07:58:42"
}