{
    "url": "http://www.alyaum.com/article/4081263",
    "title": "جاليري «الجسر الثقافي»",
    "author": "حسين شيخ - جدة",
    "content": " الدكتور طه القرني.. فنان تشكيلي مصري من مواليد 07/09/1965م بكالوريوس كلية الفنون الجميلة قسم ديكور مسرحي من جامعة حلوان 1989م. حصل على الماجستير والدكتوراة، وعلى شهادة استشارى فى الفنون والديكور.\nأقام العديد من المعارض الشخصية وشارك في الكثير من المعارض الجماعية الدولية. واقتنت أعماله العديد من الجالريهات والجهات المهتمة بالتشكيل في العديد من دول العالم.\nحقق رقمًا قياسيًا عالميًا فى موسوعة جينس نظير جداريته التشكيلية (سوق الجمعة) وجائزة دولية عن أكبر لوحة فى العالم والتى يبلغ طولها 23 مترًا وارتفاعها 140 سم.\nيقول عنه الناقد الفني كمال الجويلي: هو فنان قدير يستحق أن نسميه فنان الشعب؛ لأن وجدانه مرتبط بالناس البسطاء، عاش حياته يرسم ويصور سوق الجمعة في لوحة بانورامية تجاوز عرضها عشرين مترًا ملأت جدران قاعة العرض الرئيسية بدار الأوبرا، ومارس هذه المرة في عمله الثاني اللمسة الانطباعية الخاطفة المحملة بانعكاس الضوء على الطبيعة لتزداد حيوية الشكل ونضارته وجاذبيته الجمالية والتأثيرية، صاحب هذا العمل هو المبدع الفنان طه القرني أقول هذا كناقد مخضرم عايش كل الأجيال حتى مئوية الفن الجميل.\n ",
    "date_extracted": "2015-08-01 07:59:07"
}