{
    "url": "http://www.alyaum.com/article/4081464",
    "title": "صداقة مستحيلة أم مصالح ممكنة؟",
    "author": "حمد الباهلي",
    "content": " «مستحيل ليست كلمة فرنسية». هذه العبارة التي يرددها الطلاب الأجانب عند التحاقهم بمعاهد تدريس اللغة الفرنسية في كل مدن فرنسا، هي للجنرال ديجول أثناء الحرب العالمية الثانية. وفي مذكراته، يروي الزعيم الفرنسي الشهير معاناته في لندن مع الداهية ونستون تشرشل وكبار القادة الأمريكان الذين كانوا يستهينون بما كان يمثله في عملية الإنزال الكبرى على الشاطئ الفرنسي. في إحدى المرات، نهره تشرشل قائلاً: ألا ترى يا جنرال أنك تعاكسنا أحياناً على غير طائل؟ أجابه ديجول: ذلك مايفعله ممثلو الدول العظمى. مع ذلك لم تتردد صحيفة ليبراسيون اليسارية في وصف الزيارة التي قام بها وزير الخارجية الفرنسي لوران فابيوس في الأسبوع الماضي إلى طهران بأنها زيارة البحث عن «صداقة مستحيلة». جاء ذلك في مقال كتبه جان بيير بيران استعرض فيه العراقيل التي تعترض زيارة أول وزير خارجية من الدول الموقعة على الاتفاقية النووية مع إيران. على مدى الأسبوع الذي سبق الزيارة قامت معظم وسائل الإعلام الفرنسية بتغطية العلاقات الفرنسية الإيرانية على مدى الخمسة والثلاثين سنة الماضية وتحديدا منذ الأشهر التي سبقت قيام الثورة الإيرانية في عام 1979 إلى يوم الأربعاء الماضي 28\\7\\2015.\nأجمع العديد من المراقبين على أن هذه العلاقات كانت على الدوام تمر بفترة دفء تعقبها فترة برود ثم فترة تجمد وتبدأ الكرة من جديد. عندما وصل الخميني للحكم، كانت طهران وباريس تعيشان أشهر العسل جراء العلاقات التي نسجت بين الجانبين في فيلا نوفل لوشاتو في باريس حيث تمكن الخميني من الاستفادة من شبكات الإعلام الفرنسي والعالمي في تثبيت رؤيته حول مستقبل الثورة ومستقبله الشخصي كزعيم وحيد لكل قوى الثورة. \nما نكد هذا الصفاء بسرعة هو اندلاع الحرب العراقية الإيرانية واصطفاف فرنسا مع نظام صدام حسين وتزويده بترسانة عسكرية من كل أنواع الأسلحة التي ضخت عشرين مليار دولار في الاقتصاد الفرنسي ولا بأس أن تصبح فرنسا «الشيطان الأصغر» حسب تصريح الخميني نفسه. وما إن وضعت الحرب أوزارها حتى بدأ الدفء يدب في العلاقات واستؤنفت العلاقات التجارية وضخت استثمارات فرنسية هائلة في صناعة السيارات والتبادل التجاري، لكن القدر هذه المرة كان بالمرصاد. شحنة من الدم الملوث مصدرة من فرنسا تقتل العشرات وتصيب المئات بالعدوى فتعود الأمور للتأزم مع حكومة برئاسة لوران فابيوس ما غيره وهو الذي يحزم حقائبه للسفر إلى طهران في أسبوع التضامن مع ضحايا الدم الملوث عام 1980. أما في موضوع الزيارة نفسها وهو الاتفاقية الموقعة مع الإيرانيين فحدث ولا حرج حول موقف فرنسا المتشدد وموقف لوران فابيوس نفسه. \nيقول أحد المراقبين الإيرانيين أثناء المفاوضات والفترات العصيبة التي مرت على المفاوضين وبخاصة في السنة الأخيرة: ما أن تأخذ المحادثات مساراً سلساً بغياب لوران فابيوس خارج البرنامج حتى تعود للتعثر بعودة فابيوس محملاً بعصي إضافية يضعها في دواليب العربة وبخاصة عندما يكون عائداً من عاصمة خليجية.\nكل ما تقدم وغيره الكثير من الملابسات المحبطة لم تمنع الحكومة الفرنسية من الإقدام وبسرعة على الترتيب لهذه الزيارة وبجرأة محسوبة العواقب. زيارة سياسية مستبعد منها ظاهريا الجانب «النفعي» مع المحافظة على تقاليد الدولة العظمى باختيار من يمثلها حتى لو كان لوران فابيوس بكل ما عليه من التحفظات في الإدارة الإيرانية. لذلك جاءت الزيارة ناجحة في نظر الفرنسيين والإيرانيين بعد معالم جديدة جاءت على لسان فابيوس وظريف في المؤتمر الصحفي المشترك في نهاية الزيارة. \nالرئيس روحاني سيزور باريس في شهر نوفمبر المقبل ورجال الأعمال الفرنسيون (وهذا مربط الفرس) يجري العمل لإعداد برنامج زيارتهم والقطيعة بين الطرفين أعلنت نهايتها وفتحت الأبواب على مصراعيها لكل التعاون السياسي والاقتصادي والثقافي. هل يعني ذلك إغلاق ملف الخلافات الفرنسية الإيرانية؟ هذا استنتاج متسرع ويعارض طبيعة الأشياء ومبدأ وحدة وصراع الأضداد لا يشمل فرنسا وإيران فقط وإنما يشمل المسرح الدولي بأسره وبخاصة في منطقة مجابهة تتداخل فيها خيوط مصالح كل الدول صغيرة كانت أم كبيرة. محلل سياسي ",
    "date_extracted": "2015-08-02 23:39:41"
}