{
    "url": "http://www.alyaum.com/article/4081281",
    "title": "لآلئ شعرية",
    "author": "عويد المطرفي",
    "content": " هَبّ الفراق وطاب كيف الغرابيل\nواستانست سُود الهموم وتخاوت\nللحزن في صدري حياة ومداهيل\nوذياب يأسي في حشايه تعاوت\nليَا بنيت الها جسور التساهيل\nلقيتها فاليوم الآخر تهاوت\nوالضِـيقه اللي تنتعش تالي الليل\nطعَـنتها بالصبر حتى تداوت\nصارعت وأوعدت الغرابيل بالويل\nأجمع فلول العـزم لكن تفاوت\nمني وعَد لـ اكشف جميع التفاصيل\nإن ما انتهت بعض الجروح وتشاوت ",
    "date_extracted": "2015-08-01 07:59:17"
}