{
    "url": "http://www.alyaum.com/article/4081239",
    "title": "«Oppo» تطلق هاتف «Mirror 5s»",
    "author": "أحمد بايوني - الخبر",
    "content": " أطلقت شركة \"Oppo\"هاتفها الذكي الجديد \"Oppo Mirror 5s\" من سلسلة الهواتف التي ستعمل بنظام تشغيل أندرويد \"Android OS, v5.1 (Lollipop)\".\nويعتمد الجهاز على معالج رباعي النواة، بسرعة 1.2 جيجا هيرتز من نوع \" Snapdragon 410\"، وسماكة تقدر بـ 7.7 ملم ووزن يبلغ 160 جراما، ومزودا بشاشة يبلغ حجمها 5 بوصات تعمل بتقنية اللمس المتعدد \"720X1280\" بكسل.\nوتبلغ ذاكرة الهاتف الداخلية 16 جيجا بايت، وذاكرة عشوائية تصل إلى 2 جيجا بايت، وإمكانية إضافة بطاقة ذاكرة تصل إلى 128 جيجا بايت كما يتيح دعم عدة تقنيات اتصال منها تقنية \"Wi-Fi\" وبلوتوث ونطاق \"HSDPA\" بسرعة 42.2 ميغا بت وخدمات الجيل الرابع \"LTE\"، ويعتمد الهاتف على كاميرتين خلفية الأولى بوضوح 8 ميغا بكسل بتنسيق \"3264X2448\" بكسيل وتصوير عالي الوضوح بتنسيق \"1080P\"، بالإضافة إلى كاميرا امامية بوضوح 5 ميغا بكسيل وتقنية تحديد المواقع «GPS» وبطارية ليثيوم بسعة 2420مللي أمبير. ",
    "date_extracted": "2015-08-01 07:58:41"
}