{
    "url": "http://www.alyaum.com/article/4081549",
    "title": "إيران تدرس تصدير الغاز إلى أوروبا بعد الغاء الحظر الاقتصادي",
    "author": "طهران - (د ب أ)",
    "content": " قال مدير الشؤون الدولية لشركة الغاز الوطنية في ايران عزيز الله رمضاني ان اولوية ايران في صادرات الغاز هي تصدير الغاز الى الدول المجاورة بمنطقة الخليج ، غير أنه اضاف ان تصدير الغاز الايراني الى الدول الأوروبية لم يخرج من قائمة الاولويات الايرانية بعد الغاء الحظر المفروض على ايران.\nوشرح رمضاني في مقابلة مع وكالة \"مهر\" الإيرانية للأنباء سيناريوهات نقل الغاز الايراني الى اوروبا بعد الغاء الحظر وشروط التعاون والمشاركة في خطي انابيب ناباكو وترانس آناتولين اللذين ينقلان الغاز إلى أوروبا مشيرا الى اعلان مسؤولي هذين الخطين استعدادهم لنقل الغاز الايراني الى اوروبا قائلا : \"لم يتم حتى الان اختيار اي من هذين الخطين لنقل الغاز الايراني الى أوروبا\".\nواضاف رمضاني: \"لقد بدأنا الدراسات الاقتصادية والعملياتية لاختيار افضل طريق لنقل الغاز الإيراني إلى أوروبا من الناحيتين الاقتصادية والامنية وسيتم اختيار افضل خيار حسب نتائج هذه الدراسات\". ",
    "date_extracted": "2015-08-02 23:38:32"
}