{
    "url": "http://www.alyaum.com/article/4081170",
    "title": "الذهب يتجه نحو تسجيل أطول موجة من الخسائر الأسبوعية في 16 عامًا",
    "author": "واس - مانيلا",
    "content": " تراجع سعر الذهب قرب أدنى مستوياته في خمس سنوات ونصف، اليوم متجها إلى تسجيل سادس خسارة أسبوعية على التوالي في أطول موجة هبوط من نوعها منذ عام 1999 بعد صدور بيانات أمريكية قوية عززت التوقعات برفع أسعار الفائدة في الأمد القريب.\nوانخفض سعر الذهب في المعاملات الفورية بنسبة 0.3 في المئة ليصل سعره إلى1084.80 دولارًا للأوقية بحلول الساعة 0623 بتوقيت جرينتش، وتراجع أكثر من واحد بالمئة منذ بداية الأسبوع في حين خسر ما نسبته 7.4 بالمئة من قيمته منذ بداية الشهر مسجلا أكبر هبوط من نوعه منذ شهر يونيو 2013م.\nكما تراجع سعر الذهب في العقود الأمريكية الآجلة تسليم أغسطس بنسبة 0.3 في المئة ليصل سعره إلى 1084.70 دولارًا للأوقية.\nواستقر سعر الفضة بينما سجل البلاتين والبلاديوم تراجعًا طفيفا ليظلا قرب أدنى مستوياتهما في عدة سنوات. ",
    "date_extracted": "2015-07-31 19:29:09"
}