{
    "url": "http://www.alyaum.com/article/4081355",
    "title": "أكثر من 50 نحالاً يستعرضون منتجاتهم في المهرجان الدولي الثامن للعسل في منطقة الباحة",
    "author": "واس - الباحة",
    "content": " استعرض 50 نحالاً قدموا من داخل المملكة وخارجها منتجاتهم ، في أول أيام مهرجان العسل الدولي الثامن في منطقة الباحة ، الذي انطلقت فعالياته أمس في منتزه غابة رغدان في الباحة ، الذي تنظمه جمعية النحالين التعاونية في المنطقة .\nونوه رئيس اللجنة المنظمة للمهرجان الدكتور أحمد الخازم الغامدي بدعم واهتمام ورعاية صاحب السمو الملكي الأمير مشاري بن سعود بن عبدالعزيز أمير منطقة الباحة للمهرجان الذي يستمر 12 يوماً ، يعرض خلالها العديد من منتوجات وأدوات ومستلزمات النحل ، إلى جانب البرامج العلمية والترفيهية المصاحبة له ، مشيراً إلى أن دورة المهرجان لهذا العام تأتي وسط مشاركة عالمية من عدد من الدول العربية والأوربية ، لعل من أبرزها مشاركة منظمي مهرجان العسل البريطاني، عقب التوأمة التي تمت بين مهرجان العسل الدولي بالباحة ، والمهرجان البريطاني العالمي ، الذي يُنظم للعام الرابع والثمانين على التوالي .\nوبين أن المشاركين في المهرجان سيعرضون أنواعاً مختلفة من العسل السائل، وعسل الشمع الذي تتميز به منطقة الباحة والمملكة ، المتمثلة في عسل السدر،و السمرة، والطلح، والضهيان، و المجري، والربيعي، والصيفي ، مفيدا أن المعرض سيعرض أيضاً منتجات النحل الأخرى غير العسل منها صمغ النحل \"البروبوليس\"، وحبوب اللقاح، وشمع النحل، والغذاء الملكي، إلى جانب عرضه لأدوات تربية النحل ومستلزماتها، بمشاركة عدد من كبار الموردين من مدينتي الرياض وجدة ، وكذا من خارج المملكة.\nوأضاف الدكتور الخازم أن فعاليات المهرجان تتضمن إقامة اللقاء العلمي الوطني العاشر للنحالين والمهتمين بالنحل وصناعته في المملكة ، الذي ينظمه كرسي المهندس عبدالله بن أحمد بقشان لأبحاث النحل بجامعة الملك سعود بالتعاون مع جمعية النحالين التعاونية وجامعة الباحة ووزارة الزراعة، وذلك خلال الفترة من 20 - 25 من شهر شوال الحالي ، ويشارك فيه محاضرون من بريطانيا وفرنسا وإيرلندا وأثيوبيا والأردن، بالإضافة إلى محاضرين من جامعة الملك سعود ، ومنظمة الأغذية والزراعة ووزارة الزراعة ، وصندوق التنمية الزراعية ، وعقد ورشة عمل عن المراعي النحلية في منطقة الباحة ، معرباً عن شكره لإمارة منطقة الباحة ، وللراعي الرسمي للمهرجان الهيئة العامة للسياحة والتراث الوطني ولجامعة الباحة ولجميع الداعمين والمنظمين للمهرجان.\nوأشار إلى أن البرنامج العلمي سينظم محاضرات تدريبية خاصة بالنساء، تقدم في الخيمة المخصصة للنساء، عن كيفية تصنيع منتجات النحل للاستخدام كمواد تجميل ومواد طبية ومواد غذائية تقدمها البروفيسوره أمل العبادي، كما يشتمل المهرجان على عدد كبير من\nالبرامج الترفيهية التي تستمر من الخامسة عصراً حتى منتصف الليل، داعيا المهتمين بهذا الشأن إلى الدخول لموقع www.saudibi.com .\nوشهد المهرجان في يومه الأول إقبالاً لافتاً من أهالي الباحة وزوارها من السياح والمصطافين ، الذين تجولوا في معرض منتوجات النحل ، حيث بادر الكثير منهم بشراء أنواع من العسل ، إلى جانب الاطلاع على مستلزمات وصناعة النحل .\nكما استمتع الحضور خاصة من الأسر والأطفال الذين توافدوا على المسرح المفتوح بمقر المهرجان الذي شهد العديد من الفعاليات الترفيهية والمسابقات والرسم بالألوان وغيرها من الفعاليات .\nوأبدى عدد من زوار المهرجان سعادتهم بإقامة المهرجان للسنة الثامنة على التوالي ، مشيدين بما يشهده من فعاليات وأنشطه منوعة وسط تنظيم مميز من الجهات المعنية .\nكما أعربوا عن إعجابهم بمعروضات المهرجان ومختبر تحليل العسل ، مشيرين إلى أن سبب إقبالهم على المهرجان هو ما يتمتع به من سمعة وثقة مميزة في هذا المجال اكتسبها خلال إقامته طيلة السنوات الماضية.\n ",
    "date_extracted": "2015-08-01 20:35:54"
}