{
    "url": "http://www.alyaum.com/article/4081267",
    "title": "رسامو الكاريكاتير يسلطون الضوء على أهميته ويدعون لدعمه",
    "author": "هاني حجي وزكريا العباد - الرياض، الدمام",
    "content": " فن الكاريكاتير.. من الفنون البصرية التي تحمل في رسالاتها مضامين مختلفة من إبلاغية وإرشادية ونقدية وإخبارية، فتطالعنا بصريا مع كل جريدة يومية نتصفحها.\nربما يفوت القارئ الكثير من الرسائل الكلامية اثناء قراءة الجريدة لكنه يلتقط الرسم الكاريكاتيري ويفهم مغزاه وإن كان من غير الناطقين بلغة المطبوعة كون الكاريكاتير فنا عالميا يوجه رسالته من خلال الصور المرسومة. \nعبر الاستطلاع التالي نستعرض من خلال الحوار مع بعض رسامي فن الكاريكاتير أبرز ملامح هذا الفن وأهميته بين الفنون في حياتنا ونقف على أهم العقبات التي تواجهه بل الارتقاء به لاسيما الكاريكاتير المحلي.. ",
    "date_extracted": "2015-08-01 07:57:55"
}