{
    "url": "http://www.alyaum.com/article/4081091",
    "title": "بولوني محتار بين مارتن وزوكالا في الاتحاد",
    "author": "عماد ناصر - جدة",
    "content": " يدخل الفريق الكروي الأول بنادي الاتحاد يوم غد اسبوعه الأخير في معسكره الإعدادي بمدينة ميلانو الايطالية، بعد أن قضى اسبوعين من بداية المعسكر الذي شهد خوض الفريق لقاءين وديين أمام فريق قبرصي خسره بهدف دون رد وأمام فريق ايطالي كسبه الاتحاد بتسعة أهداف دون مقابل، وشهدت تألق المهاجم الفنزويلي المنضم حديثا لصفوف الفريق ريفاس الذي سجل خمسة أهداف خلال اللقاء وحسب الجدول الموضوع للفريق مسبقا فسوف يخوض الفريق مباراتين أخريين في المعسكر قبل العودة إلى جدة واحدة منها مع أحد فرق المقدمة في الدوري الايطالي.\nأبرز ما شهده معسكر الفريق الاتحادي يوم أمس هو انضمام اللاعب الغاني سولي مونتاري لتدريبات الفريق بعد أن وقع رسميا مع النادي يوم الاربعاء عقد انتقاله لمدة موسم وسط ترحاب من زملائه الجدد في الفريق الذين رحبوا بانضمام نجم له سمعته العالمية.\nومن جهته يعمل الجهاز الإداري في الفريق الاتحادي حاليا على استخراج تأشيرات دخول المملكة للوافدين الجدد في الفريق بداية من الجهاز الفني بقيادة المدرب الروماني زالاو بولوني واللاعبين مونتاري و ريفاس ويوهاندري.\nوعلى الصعيد الفني سيكون أمام المدرب الروماني بولوني اتخاذ قرار صعب قبل نهاية المعسكر بالتخلي عن واحد من الثنائي المكون من الروماني سان مارتن والبولندي لوكاس زوكالا، وإن كان الأقرب هو استبعاد الروماني سان مارتن لحاجة الفريق للاعب مدافع في المرحلة المقبلة. ",
    "date_extracted": "2015-07-31 04:24:20"
}