{
    "url": "http://www.alyaum.com/article/4081257",
    "title": "الحقباني يُشارك في السوبر الأمريكي",
    "author": "اليوم - الرياض",
    "content": " يخوض كابتن المنتخب السعودي للتنس تحت 14 سنة سعود الحقباني بعد غدًا بطولة السوبر الامريكية للملاعب الصلبة المقامة في مدينة ليتل رآك بولاية اركنسا بالولايات المتحدة الامريكية بمشاركة أفضل 128 لاعبًا على مستوى ولايات أمريكا وتلعب بنظام خروج المغلوب وهي شبيهة لبطولات القراند سلام.\nويسعى الحقباني إلى كسب البطولة بصفته مصنفًا ثالثًا فيها، وضمها إلى بطولة السوبر للملاعب الترابية التي حققها قبل أسبوعين في مدينة وينستن سيلم بولاية كارولينا الشمالية مما جعل العديد من الشركات العالمية تتسابق لرعايته والاستفادة من اسمه، كما أنه يحظى بمتابعة واهتمام اللجنة الأولمبية السعودية. من جانبه أكد اللاعب سعود الحقباني أنه سيسعى بكل قوة لتحقيق البطولة إلى جانب بطولة السوبر للملاعب الترابية وقال: أنا جاهز لخوض غمار البطولة وأمتلك خبرة جيدة للعب في الملاعب الصلبة أو الترابية وبإذن الله قادر على إهداء وطني ذهبية جديدة. ",
    "date_extracted": "2015-08-01 07:58:57"
}