{
    "url": "http://www.alyaum.com/article/4081173",
    "title": "القتل تعزيراً لمهرب هيروين بثادق",
    "author": "واس - الرياض",
    "content": " أصدرت وزارة الداخلية اليوم بيانًا بشأن تنفيذ حكم القتل تعزيرًا في مهرب مخدرات بمنطقة الرياض وفيما يلي نص البيان :\nقال الله تعالى : (( إِنَّمَا جَزَاءُ الَّذِينَ يُحَارِبُونَ اللَّهَ وَرَسُولَهُ وَيَسْعَوْنَ فِي الْأَرْضِ فَسَادًا أَنْ يُقَتَّلُوا أَوْ يُصَلَّبُوا أَوْ تُقَطَّعَ أَيْدِيهِمْ وَأَرْجُلُهُمْ مِنْ خِلَافٍ أَوْ يُنْفَوْا مِنَ الْأَرْضِ ذَلِكَ لَهُمْ خِزْيٌ فِي الدُّنْيَا وَلَهُمْ فِي الْآَخِرَةِ عَذَابٌ عَظِيمٌ )).\nبفضل من الله تم القبض على المدعو / شاه فيصل عظيم شاه - باكستاني الجنسية - عند قيامه بتهريب كمية كبيرة من الهيروين المخدر داخل أحشائه إلى المملكة وأسفر التحقيق معه عن توجيه الإتهام إليه بما نسب له, وبإحالته إلى المحكمة العامة صدر بحقه صك شرعي يقضي بثبوت ما نسب إليه شرعًا والحكم بقتله تعزيرًا ،وصدّق الحكم من محكمة الإستئناف ومن المحكمة العليا ، وصدر أمر ملكي يقضي بإنفاذ ما تقرر شرعًا.\nونفذ حكم القتل في الجاني/ شاه فيصل عظيم شاه - باكستاني الجنسية - اليوم الجمعة الموافق 1436/10/15 هـ في محافظة ثادق بمنطقة الرياض.\nووزارة الداخلية إذ تعلن ذلك لتؤكد للعموم حرص حكومة خادم الحرمين الشريفين - حفظه الله - على محاربة المخدرات بأنواعها لما تسببه من أضرار جسيمة على الفرد والمجتمع وإيقاع أشد العقوبات على مرتكبيها مستمدة منهجها من شرع الله القويم, وهي تحذر في الوقت نفسه كل من يقدم على ذلك بأن العقاب الشرعي سيكون مصيره - والله الهادي إلى سواء السبيل. ",
    "date_extracted": "2015-07-31 19:29:16"
}