{
    "url": "http://www.alyaum.com/article/4081342",
    "title": "الأرصاد : سماء غائمة جزئياً إلى غائمة على جنوب وغرب المملكة",
    "author": "واس - الرياض",
    "content": " توقّعت الرئاسة العامة للأرصاد وحماية البيئة في تقريرها عن حالة الطقس لهذا اليوم ـ بمشيئة الله تعالى ـ سماء غائمة جزئياً إلى غائمة على جنوب وغرب المملكة تمتد حتى شمال غرب المملكة وكذلك على منطقتي الشرقية والرياض ، فيما يتوقع هطول أمطار رعدية على مناطق عسير والباحة وجازان ونجران تمتد إلى مرتفعات منطقتي مكة المكرمة والمدينة المنورة وتكون من متوسطة إلى غزيرة (خاصة على منطقتي عسير وجازان) ، في حين تتهيأ الفرصة لهطول أمطار رعدية على الأجزاء الجنوبية والغربية من منطقتي الشرقية والرياض.\nكم توقعت الأرصاد تأثر الرؤية الأفقية بالعوالق الترابية والأتربة المثارة على مناطق شمال ووسط المملكة تمتد حتى مناطق جنوب غرب وغرب المملكة ، مع طقس معتدل الحرارة على المصايف شديد الحرارة على شرق ووسط وشمال المملكة.\nوأورد التقرير أن حركة الرياح السطحية على البحر الأحمر ستكون ـ بمشيئة الله تعالى ـ جنوبية غربية إلى غربية تتحول إلى شمالية غربية بسرعة 15-35 كم/ساعة ، وارتفاع الموج من متر إلى متر ونصف ، وحالة البحر متوسط الموج ، بينما تكون حركة الرياح السطحية على الخليج العربي شرقية إلى جنوبية شرقية بسرعة 15- 35 كم/ساعة ، وارتفاع الموج من نصف متر إلى متر ونصف ، وحالة البحر خفيف إلى متوسط الموج. ",
    "date_extracted": "2015-08-01 14:39:13"
}