{
    "url": "http://www.alyaum.com/article/4081278",
    "title": "بشّـروا  كـل اليمن",
    "author": "نهار ممدوح",
    "content": " من قديـم الوقـت بـه باني وهادم\nوبالنصر ربي هل التقوى وعدها\nبشّـروا كـل اليمن والخيــــر قادم\nتنّتصـر ما دام اخـو نـوره سندها\nللــولا قواتنـا قامت ترادم\nتحـت رايــة سيــدي تـوفي عهدها\nخصّمنا ما هــوب كفــــوٍ للمصادم\nما بعــد قــواتـنـا جـابـــت جهدها\nعلموا من صار عند الفرس خادم\nوالمعـاريف اللي فـبطّنه جحدها\nيتحــوّل قـدْمنا للحـرب عادم\nنارنا تحرق هل الحقد وعددها\nردّنا على العدا حاضر وصادم\nزمــرةٍ شيطانهـا شـاخ وقردها\nونصرة المضيوم من حواء وآدم\nمن نصانا شـافـت عيـونـه سعدها\nدون حـــد الــدار للهيجـا مقادم\nما تضـام الــدار لا وقّــف ولدها\nومن يهوم حـدودنا صاغر ونادم\nدونـها صقــورٍ على العايل هددها ",
    "date_extracted": "2015-08-01 07:59:15"
}