{
    "url": "http://www.alyaum.com/article/4081153",
    "title": "نماذج مشرقة من بر الوالدين!",
    "author": "عبدالله زقيل",
    "content": " يعجب المرء عندما يسمع بقصص عقوق الوالدين في الأزمان المتأخرة، والتي بلغت إلى درجة القتل لأحد الوالدين، إنها صورة لم ولن يتخيلها عاقل، قد يقول قائل: هذا في بلاد الغرب فقط، أقول: رويدك بل في بلاد المسلمين للأسف.\nليس مقالي عن قصص عقوق الوالدينن فهي جانب مظلم تضيق منه الصدور، وتتكدر الأمزجة، والجانب المشرق هو الذي يحسن ذكره، والتشبه به إن لم نكن مثله.\nدعوني أبدأ بكتاب الله، فكثيرا ما يقرن الله عبادته ببر الوالدين: «وقضى ربك ألا تعبدوا إلا إياه وبالوالدين إحسانا»، ومعنى قضى: أمر وألزم وأوجب، «واعبدوا الله ولا تشركوا به شيئا وبالوالدين إحسانا»، وقرن أيضا شكرهما بشكره «أن أشكر لي ولوالديك إليّ المصير»، والوالدان ولو كانا كافرين فيجب البر بهما في غير معصية «وإن جاهداك لتشرك بي ما ليس لك به علم فلا تطعهما»، وإبراهيم عليه السلام رغم كفر والده إلا أنه دعاه إلى الدين الصحيح برفق ولين فكرر معه «يا أبت» مرات، والسنة النبوية مستفيضة في وجوب بر الوالدين يمكن الرجوع إليها في مظانها.\nأما الصور المشرقة من حال السلف مع بر الوالدين فعجب عجاب، سواء قولا أو فعلا وتعاملا فلنأخذ جملة منها:\nعن عُروةَ بن الزبير قال: «ما برَّ والدهُ من شدَّ الطَّرفَ إليه». رواه ابن أبي شيبة في «المصنف»، ومعنى شد الطرف، أي النظر شزرا، وهي النظرة التي تكون في حال الغضب، عن عروة «رضي الله عنه» في قوله: «واخفض لهما جناح الذل من الرحمة»، قال: إن أغضباك، فلا تنظر إليهما شزرا، فإنه أول ما يعرف غضب المرء بشدة نظره إلى من غضب عليه.\nوكان محمد بن سيرين من أبر الناس بأمه، فماذا كان يفعل؟\nقال هشام بن حسان: حدثتني حفصة بنت سيرين قالت: كانت والدة محمد - يعني ابن سيرين - حجازية، وكان يعجبها الصبغ، وكان محمد إذا اشترى لها ثوبا اشترى ألين ما يجد، فإذا كان العيد، صبغ لها ثيابا، وما رأيته رافعا صوته عليها، كان إذا كلمها كالمصغي إليها.\nوعن ابن عون، أن محمدا كان إذا كان عند أمه لو رآه رجل لا يعرفه، ظن أن به مرضا من خفض كلامه عندها -أي أمه -.\nورفع الصوت على الوالدين في الأزمان المتأخرة أصبح متفشيا للأسف، بل لا يقارن بصور العقوق الأخرى، وإذا كان الله نهى عن كلمة «أف» «فلا تقل لهما أف ولا تنهرهما وقل لهما قولا كريما»، فكيف برفع الصوت؟ وكيف بالضرب؟ وكيف بالقتل؟ نسأل الله العافية.\nودعوة الوالدين للأولاد له أثره فيهم، فهذا سُليم بن أيوب يروي قصته مع حفظ القرآن وتعلم العلم بسبب دعاء أمه له.\nقال سهل الإسفراييني: حدثني سليم أنه كان فِي سفرةٍ بالري وله نحو عشر سنين فحضر بعض الشيوخ، وهو يلقن، فقال لي: تقدم فاقرأ، فجهدت أن أقرأ الفاتحة، فلم أقدر على ذلك، لانغلاق لساني، فقال: ألك والدة؟ قلت: نعم، قال: قل لها تدعو لك أن يرزقك اللَّه القرآن والعلم، فرجعت فسألتها الدعاء، فدعت لي، ثم إني كبرت، ودخلت بغداد فقرأت بها العربية، والفقه، ثم عدت إلى الري، فبينا أنا فِي الجامع، أقابل مختصر المزني، وإذا الشيخ قد حضر، وسلم علينا، وهو لا يعرفني، فسمع مقالتنا، وهو لا يعلم ما نقول، ثم قال: متى نتعلم مثل هذا؟ فأردت أن أقول: إن كانت لك والدة قل لها تدعو لك، فاستحييت منه.\nومحمد بن المنكدر ماذا كان يصنع مع أمه؟ وكيف قارن عمله مع أمه بعمل أخيه؟\nقال سعيد بن عامر: قال ابن المُنكَدِر: باتَ أخي عمر يُصلّي، وبِتُّ أغمز قدم أمِّي، وما أحبُّ أنَّ ليلتي بليلته. \nبمعنى أن عمل أخيه نفعه له فقط، بينما تدليك محمد بن المنكدر لقدم أمه نفعه متعدٍّ لوالدته، وهو من البر الذي لا يأنف الابن من عمله للوالدين.\nومحمد بن بشار المعروف بـ»بُندَار» أطاع أمه في عدم السفر لطلب العلم فماذا كان مصيره؟ \nقال عبدالله بن جعفر بن خاقان المرزوي: سمعت بُندارا يقول: أردت الخروج، يعني: الرحلة، فمنعتني أمي، فأطعتها، فبورك لي فيه. \nأي بورك له في العلم الذي تعلمه بسبب طاعته لأمه فكان بُندارا بحق، لأن معنى «بُندار»: الحافظ، ولذلك قال عنه الذهبي في «السير»: الإمام الحافظ، رواية الإسلام، أبو بكر العبدي البصري بندار، لقب بذلك، لأنه كان بندار الحديث في عصره ببلده، والبندار الحافظ.. وجمع حديث البصرة، ولم يرحل، برا بأمه، ثم رحل بعدها.\nوأحمد بن مسلم الأبّار أطاع والدته عندما لم تأذن له بالرحلة لطلب العلم فماذا قال؟\nقال جعفر الخلدي: «كان الإمام الأبّار من أزهد الناس، استأذن أمه في الرحلة إلى قتيبة، فلم تأذن له، ثم ماتت فخرج إلى خراسان، ثم وصل إلى «بلخ»، وقد مات قتيبة، فكانوا يعزونه على هذا، فقال: هذا ثمرة العلم؛ إني اخترت رضا الوالدة. \nوابن عساكر صاحب كتاب «تاريخ دمشق» أطاع والدته في عدم الرحلة والسفر لطلب العلم فاستجاب لها، وبورك له في ذلك فأصبح من حفاظ الأمة.\nقال ابن النجار: قرأت بخط معمر بن الفاخر في معجمه: أخبرني أبو القاسم الحافظ إملاء بمنى وكان من أحفظ من رأيت، وكان شيخنا إسماعيل بن مُحمَّد الإمام يفضله على جميع من لقيناهم، قدم أصبهان ونزل في داري، وما رأيت شابا أحفظ ولا أورع ولا أتقن منه، وكان فقيها أديبا سنيا، سألته عن تأخره عن الرحلة إلى أصبهان، قال: استأذنت أمي في الرحلة إليها، فما أذنت.\nوقصص أخرى كثيرة في البر بالوالدين في كل عصر ومصر حتى لبعض المعاصرين لعله يأتي عليها الوقت لطرحها. ",
    "date_extracted": "2015-07-31 04:24:34"
}