{
    "url": "http://www.alyaum.com/article/4081365",
    "title": "مصر تمدد تفويضا بشأن وجود قوات في الخليج والبحر الأحمر لستة أشهر",
    "author": "القاهرة - (رويترز)",
    "content": " ذكرت وكالة أنباء الشرق الأوسط الرسمية في مصر اليوم السبت أن الحكومة وافقت على تمديد مشاركة \"العناصر اللازمة من القوات المسلحة\" خارج الحدود المصرية لستة أشهر للدفاع عن الأمن القومي والعربي في منطقة الخليج والبحر الأحمر ومضيف باب المندب.\nوتشارك مصر ضمن تحالف تقوده السعودية يقاتل الحوثيين في اليمن.\nوقال البيان الذي نشرته الوكالة إن التفويض مدته ستة أشهر أو لحين انتهاء مهمتها القتالية أيهما أقرب.\nكانت مصر قد أصدرت في 26 مارس آذار الماضي هذا التفويض لمدة 40 يوما ثم مددته لثلاثة أشهر في الثالث من مايو أيار قبل أن يصدر اليوم قرار التمديد بعد موافقة مجلس الدفاع الوطني. ",
    "date_extracted": "2015-08-01 20:35:53"
}