{
    "url": "http://www.alyaum.com/article/4081115",
    "title": "انتخاب نائب «الملا عمر» زعيما لطالبان الأفغانية",
    "author": "وكالات - كابول",
    "content": " قال قياديان أفغانيان حضرا اجتماعا لأهم الشخصيات في حركة طالبان الأفغانية الخميس: إن الحركة عيّنت أختر محمد منصور زعيما لها بعد تقارير عن وفاة الملا عمر.\nوقال أحد القياديين اللذين حضرا الاجتماع الذي عُقد مساء الأربعاء: «انتخب مجلس الشورى الذي عُقد خارج كويتا بالإجماع الملا منصور أميرا جديدا لطالبان. وسيصدر مجلس الشورى بيانا قريبا».\nفيما تنصّل المتحدث الرسمي باسم الحركة مما تردد من أنباء عن إجراء محادثات سلام مع حكومة كابول وهو ما يلقي بظلال من الشك على الجهود الرامية للتفاوض لإنهاء الحرب المستمرة منذ 14 عاما.\nوقال ذبيح الله مجاهد المتحدث باسم طالبان: «سمعنا من وسائل الإعلام أن الجولة الثانية من المحادثات بين الإمارة الإسلامية وإدارة كابول ستبدأ قريبا في باكستان أو الصين».\nوأضاف في بيان: «أحالت الإمارة الإسلامية التفويض برمته لمكتبها السياسي وهو لا يعلم شيئا عن هذه العملية».\nوكان مسؤولون أفغان وباكستانيون قد قالوا إن جولة ثانية من الاجتماعات ستُعقد بين ممثلي طالبان وحكومة كابول هذا الأسبوع. وكانت مفاوضات تمهيدية قد جرت بين الجانبين في باكستان هذا الشهر.\nويجيء بيان طالبان بعد يوم واحد من تصريحات للحكومة الأفغانية قالت فيها إن الملا عمر زعيم حركة طالبان توفي منذ عامين في باكستان.\nومن المرجّح أن يعمّق نبأ رحيل الملا عمر الصراع على الزعامة داخل الحركة المتشددة المنقسمة بشدة مما سيلقي بظلاله على فرص عملية السلام المتعثرة بالفعل.\nوفيما يمثل تذكرة بالخطر الذي يشكّله المقاتلون من خلال تصعيد حملتهم للإطاحة بالحكومة المدعومة من الغرب، سيطرت حركة طالبان على منطقة بإقليم هلمند الجنوبي تسعى القوات الأجنبية جاهدة لتأمينها منذ سنوات.\nوسيطرت طالبان على جيوب في أنحاء أفغانستان منذ سحب حلف شمال الأطلسي معظم قواته في نهاية عام 2014 تاركا مهمة إخماد العنف على كاهل قوات الجيش والشرطة الأفغانية. ويلقى آلاف مصرعهم في الصراع كل عام.\nويسعى الرئيس الأفغاني أشرف عبدالغني لمواصلة عملية السلام مدعوما من باكستان والصين لكن زعامة طالبان منقسمة حول ما إن كانت ستشارك في عملية السلام.\nوبعد جولة المحادثات المبدئية، صدر بيان يحمل اسم الملا عمر ويقر فيما يبدو المفاوضات على أساس أنها تتفق مع الشريعة الإسلامية.\nوتعارض الآراء إزاء عملية السلام مرتبط بقوة بصراع على السلطة يتعلق بالزعيم الجديد للحركة الإسلامية المتشددة التي أسسها الملا عمر.\nوقال قائد بارز في طالبان الأفغانية في باكستان: إن زعامة الحركة «في مفترق طرق» وإن حسم مسألة الخلافة قد يستغرق وقتا. وعلى ساحة المعارك، قال مسؤولون في هلمند: إن طالبان انتزعت السيطرة على منطقة ناو زاد بعد قتال على مدى يومين.\nوقال عبيد الله عبيد كبير المتحدثين باسم شرطة الإقليم: «قواتنا الأمنية ما زالت الآن على مشارف المنطقة وتقاتل طالبان».\nورفض عبيد التعليق على الخسائر في الأرواح لكن سكانا تحدثوا مع رويترز هاتفيا قالوا: إن جثث أفراد من قوات الأمن الحكومية ومقاتلين من طالبان متناثرة في الشوارع.\nوأكدت طالبان السيطرة على وسط الإقليم وقالت إنها صادرت أسلحة وذخائر. ",
    "date_extracted": "2015-07-31 04:23:15"
}