{
    "url": "http://www.alyaum.com/article/4081063",
    "title": "برنامج الأغذية العالمي يبدأ توزيع المواد الغذائية في عدن",
    "author": "واس - نيويورك",
    "content": " وفر برنامج الأغذية العالمي مواد غذائية لحوالي 340 ألف شخص في ثماني من المناطق الأكثر تضررًا في مدينة عدن اليمنية.\nوأعلن البرنامج في بيان أصدره اليوم أنه يقوم بتوزيع حصص غذائية تشمل \" دقيق القمح والبقول وزيت الطهي \" وتكفي لمدة شهرين إلى المواقع التي لم يتم الوصول إليها منذ شهر أبريل الماضي نتيجة للصراع.\nوقال \" إنه يعمل على التغلب على انعدام الأمن للوصول إلى الأسر اليائسة وغير قادرة على إطعام أطفالها \" .\nوتمكن البرنامج منذ أبريل من الوصول إلى حوالي 2.6 مليون شخص من المتضررين من النزاع ومن شدة انعدام الأمن الغذائي في 13 محافظة في اليمن . ",
    "date_extracted": "2015-07-31 04:23:59"
}