{
    "url": "http://www.alyaum.com/article/4081405",
    "title": "لاجارد: الاقتصاد الصيني مرن وسيتجاوز التقلبات المالية",
    "author": "وكالات - لندن",
    "content": " قالت المديرة العامة لصندوق النقد الدولى كريستين لاجارد، إن الاقتصاد العالمي يتعافى لكنه لا يزال هشاً ويواجه « بعض المخاطر السلبية.»\nووصفت لاجارد الولايات المتحدة الأمريكية بـ « اللاعب القوي،» في حين وصفت الصين بـ « اللاعب المرن» على الرغم من التراجع الأخيرة في أسعار الأسهم الصينية.\nوبحسب بيان صندوق النقد الدولي، أعربت لاجارد عن تفاؤلها من أداء الاقتصادات الـ 19 في منطقة العملة الأوروبية المحدة « اليورو»، متوقعة في الوقت ذاته أن يسجل اقتصاد اليورو نموا بنسبة 1.5 هذا العام و1.7% في العام المقبل. ونما اقتصاد اليورو بنسبة 0.8% في 2014.\nوأضافت:» منطقة اليورو ستبدأ في التعافي... ولدينا توقعات متفائلة على نحو أكبر من تلك التي بأيدينا منذ زمن طويل.»\nوأكدت لاجارد أن الاقتصاد الصيني مرن وقوي بما يكفي لمواجهة التقلبات في الأسواق المالية، توقعت أن ينمو ثاني أكبر اقتصاد في العالم بنسبة 6.8% في 2015، ما يعد نمواً سريعاً وفق المعايير العالمية، ولكنه الأبطأ بالنسبة للصين منذ العام 1990. ",
    "date_extracted": "2015-08-02 23:40:50"
}