{
    "url": "http://www.alyaum.com/article/4081208",
    "title": "كشافة «بناء» الخيرية تحصد دروع التميز",
    "author": "حسن القحطاني - الخبر",
    "content": " حصلت كشافة الجمعية الخيرية لرعاية الأيتام بالمنطقة الشرقية (بناء) على درع التميز خلال مشاركتها في معسكر رسل السلام لخدمة المعتمرين وزوار بيت الله الحرام بمكة المكرمة خلال رمضان الماضي، وجميع المشاركين الذين تجاوز عددهم (500 كشاف وجوال) و(50 قائداً كشفياً) من مختلف مناطق المملكة.\nوكانت مشاركة الجمعية بفرقة كشفية لمجموعة من أبنائها من طلاب المرحلة الثانوية تحت إشراف جمعية الكشافة العربية السعودية، وهدفت المشاركة إلى تقديم المساعدات الإنسانية بإرشاد التائهين وخدمة المعتمرين وكبار السن وتنظيم المصلين وتسهيل الحركة في الطرق والممرات داخل المسجد الحرام لتوفير سبل الراحة لقاصدي بيت الله الحرام خلال هذا الشهر ومساندة رجال الأمن في الجوانب التنظيمية.\nحيث تم توزيعهم على مجموعات ضمن المشاركين من الجامعات وإدارات التعليم.\nوأشار قائد الفرقة محمد بالطيور إلى حرص أفراد الفرقة الكشفية على المشاركة الفاعلة لخدمة زوار بيت الله الحرام جنباً إلى جنب مع بقية أعضاء الجهات الحكومية. \nكما جرى تكريم فرقة بناء من قبل نائب رئيس جمعية الكشافة العربية السعودية الدكتور عبدالله الفهد الذي أشاد بالمشاركة واعتبرها مميزة كون جميع أفرادها من الأيتام وشكر القائمين عليها. وحازت فرقة بناء على العديد من الأوسمة والدروع الفردية والجماعية منها درع التميز في الخدمة داخل الحرم ودرع التميز والمركز الأول في البرامج، وحصول بعض الطلاب على أوسمة التميز في البرامج الداخلية للمعسكر. كذلك حصول (3طلاب) على وسام الخدمة لتميزهم الملحوظ في الخدمة داخل الحرم. كما حصلت الفرقة على المركز الثاني مرتين في مسابقة أفضل مقر للفرقة. ",
    "date_extracted": "2015-08-01 07:58:36"
}