{
    "url": "http://www.alyaum.com/article/4081169",
    "title": "خالد بو علي رئيسًا لتحرير «الشرق»",
    "author": "اليوم- الدمام",
    "content": " وافق معالي وزير الثقافة والإعلام الدكتور عادل بن زيد الطريفي على ترشيح مجلس إدارة (الشرقية للطباعة والصحافة والإعلام) للأستاذ/ خالد عبدالله بوعلي رئيسًا لتحرير صحيفة «الشرق».\nوتقلد خالد بوعلي عددًا من المناصب الصحافية خلال حياته المهنية التي امتدت لأكثر من 25 عامًا، كان آخرها منصب مدير عام المؤسسة الشرقية للطباعة والصحافة والإعلام ورئيس التحرير المكلف لصحيفة الشرق.\nكما يشغل خالد بوعلي حاليًا عدد من العضويات والمناصب في مجلس إدارة الشركة الوطنية الموحدة للتوزيع، والمجلس البلدي بحاضرة الدمام، واتحاد الناشرين العرب، والرابطة الأدبية للثقافة والفكر والأدب، وجمعية تمكين لأيتام الشرقية، وجمعية السلامة المرورية بالمنطقة الشرقية وغيرها. ",
    "date_extracted": "2015-07-31 04:24:29"
}