{
    "url": "http://www.alyaum.com/article/4081086",
    "title": "الخطوط الحديدية توقع عقد إشراف تجديد الخط الحديدي بين الهفوف والرياض",
    "author": "واس - الدمام",
    "content": " وقّع الرئيس العام للمؤسسة العامة للخطوط الحديدية المهندس محمد السويكت أمس الخميس في مقر المؤسسة بالدمام عقد الإشراف لمشروع تجديد 78.4 كيلو متر من الخط الحديدي بين الهفوف والرياض الخاص بنقل البضائع مع إحدى الشركات بقيمة إجمالية قاربت 3 ملايين ريال، وذلك للإشراف على عقد التنفيذ للمشروع والموقع مع شركة صينية.ويهدف المشروع إلى رفع كفاءة الخطوط الحديدية وتعزيز أحدث معايير السلامة في ظل نمو طلب استخدام النقل بالقطار من قبل القطاع الخاص، ومراعاة رفع كفاءة الحمل المحوري ليصل إلى 32.5 طن.وأوضح المهندس السويكت أن المؤسسة تحرص على زيادة حصة نقل البضائع بواسطة القطار والتخلي عن نقل الشاحنات، مشيرًا إلى أن ذلك له الكثير من المزايا على الاقتصاد الوطني والتقليل من الحوادث على الطرق، إضافة إلى تقليل تكاليف الصيانة على الطرق، وحماية للبيئة من ملوثات النقل بالشاحنات، لافتًا النظر إلى أن النقل بالقطار هو الوسيلة الأكثر أمانًا في النقل البري.وأكد على أن المؤسسة تسعى لتلبية احتياجات عملائها وشركائها الحاليين واستقطاب شركاء جدد مستقبلًا. ",
    "date_extracted": "2015-07-31 04:23:09"
}