{
    "url": "http://www.alyaum.com/article/4081112",
    "title": "مرتضى منصور  يستقيل من رئاسة الزمالك",
    "author": "أ ف ب - القاهرة",
    "content": " أعلن مرتضى منصور رئيس نادي الزمالك المصري، عن تنحيه من رئاسة القلعة البيضاء بعد التتويج بلقب الدوري المحلي بعد غياب دام 11 عاما.\nوقال منصور في تصريحات بعد فوز الزمالك على طلائع الجيش 3-2 : \"اتخذت قرار الاستقالة من رئاسة الزمالك، وسوف يتم عقد اجتماع طارئ لمجلس الإدارة، وسيتم فتح باب الترشح للانتخابات الرئاسية بعد 45 يوما\".\nكما أكد منصور إلغاء القرار الصادر مسبقا من مجلس الإدارة بشطب عضويات كل من ممدوح عباس رئيس النادي الأسبق ورؤوف جاسر نائب الرئيس الأسبق، وهاني شكري العضو المستقيل.\nوكان منصور قد نجح في إقناع الجمعية العمومية لناديه بالتصديق على قرار شطب عضويات الثلاثي بشكل رسمي قبل أن تتدخل وزارة الرياضة وترفض اعتماد القرار.\nكما طالب منصور بعد تتويج الزمالك رسميا بلقب الدوري الثاني عشر في تاريخه، كلا من، أحمد سليمان ومصطفى عبد الخالق وهاني شكري بالعودة لمجلس الإدارة والتراجع عن استقالتهم. ",
    "date_extracted": "2015-07-31 04:24:26"
}