{
    "url": "http://www.alyaum.com/article/4081186",
    "title": "الداخلية : استشهاد 3 جنود وإصابة 7 من رجال حرس الحدود بظهران الجنوب",
    "author": "واس - الرياض",
    "content": " صرح المتحدث الأمني لوزارة الداخلية بأنه عند الساعة العاشرة وعشرين دقيقة من صباح اليوم الجمعة الموافق 15 / 10 / 1436 هـ ، تعرض مركز المسيال بقطاع ظهران الجنوب بمنطقة عسير لقذائف عسكرية كثيفة من داخل الأراضي اليمنية ، حيث تم التعامل مع الموقف بما يقتضيه وذلك بالتصدي للعدوان ، والتنسيق مع القوات البرية للتعامل مع مصادر إطلاق القذائف بالأراضي اليمنية ، وتم بتوفيق الله ، تدمير منصات إطلاق القذائف ، والسيطرة على الموقف ، ولله الحمد .\nوقد نتج عن ذلك استشهاد العريف أحمد جعفر حسن المجيشي ، والجندي أول محمد علي ياسين العمري ، والجندي أول حسن ناصر محمد بشيري تغمدهم الله بواسع رحمته وتقبلهم في الشهداء ، كما تعرض (7) سبعة من رجال حرس الحدود للإصابة وتم نقلهم إلى المستشفى .\nكما صرح المتحدث الأمني لوزارة الداخلية بأنه عند الساعة التاسعة من صباح اليوم الجمعة الموافق 15 / 10 / 1436 هـ تعرضت دورية مساندة من قوة المجاهدين بقطاع الطوال بمنطقة جازان لمقذوف عسكري من داخل الأراضي اليمنية مما نتج عنه استشهاد أحد أفرادها / خالد مساوى حمدي تغمده الله بواسع رحمته وتقبله في الشهداء ، وإصابة زميله ونقله الى المستشفى . ",
    "date_extracted": "2015-07-31 19:28:59"
}