{
    "url": "http://www.alyaum.com/article/4081256",
    "title": "بكين تستضيف الألعاب الأولمبية الشتوية 2022",
    "author": "أ ف ب - كوالالمبور",
    "content": " حصلت بكين على شرف تنظيم الألعاب الاولمبية الشتوية 2022 بعد تغلبها على الماتي الكازاخستانية بحسب ما اعلن رئيس اللجنة الاولمبية الدولية الالماني توماس باخ من كوالالمبور.\nوأصبحت بكين اول مدينة تستضيف الالعاب الصيفية والشتوية بعد ان سبق لها تنظيم اولمبياد 2008 الصيفي.\nومنح اعضاء اللجنة الدولية الـ85 الذين صوتوا الافضلية لعاصمة الصين على مدينة الماتي في الجمهورية السوفياتية السابقة.\nوتشكلت بعثة الملف الصيني من 11 شخصًا، بينهم عملاق كرة السلة السابق ياو مينغ.\nوصباح اعلان النتائج في العاصمة الماليزية ظهر الرئيس الصيني شي جينبينغ في شريط فيديو يؤكد «الدعم القوي» من حكومته واعدًا بألعاب «رائعة».\nوأضاف إن الالعاب الاولمبية الشتوية «ستشجع التبادل والفهم المتبادل لباقي الحضارات في العالم»، معتبرًا ان الالعاب «ستشجع اكثر من 1.3 مليار صيني على ممارسة الرياضات الشتوية».\nويمكن للعاصمة الصينية الاعتماد على الإرث الذي خلفته الالعاب الصيفية في 2008، من اجل اطلاق الرياضات الشتوية المتعثرة، عبر تطوير محطات التزلج في يانغكينغ وجانغجياكو على بعد 200 كم شمال بكين. واختارت اللجنة الاولمبية الدولية مدينة لوزان السويسرية، مقر اللجنة الاولمبية الدولية منذ 1915 لاستضافة دورة الالعاب الشتوية للشباب عام 2020 على حساب براشوف الرومانية. ",
    "date_extracted": "2015-08-01 07:58:56"
}