{
    "url": "http://www.alyaum.com/article/4081295",
    "title": "جراحات «استبدال الركبة» تُخفف آلام المفاصل",
    "author": "وكالات - واشنطن",
    "content": " أظهرت أبحاث حديثة أن جراحات استبدال الركبة يمكن أن تحسن حالة المفصل مؤقتًا، وتمنح مستوى وظيفيًا أفضل للمرضى الذين يعانون من التهاب المفاصل الروماتويدى.\nوقال أستاذ مساعد الطب الداخلى بقسم «الروماتيزم» بجامعة «نبراسكا» الأمريكية «كاليب ميشو»: إن جراحات استبدال الركبة تعد خيارًا علاجيًا مهمًا جدًا لتحسين طبيعة حياة مرضى التهاب المفاصل الروماتويدى.\nوقام الباحثون بإجراء أبحاثهم على تحليل حالات وبيانات المرضى الذين خضعوا لجراحات استبدال الركبة الكلى بين عامى 1999 و2012، من بين ما يقرب من 19 ألفًا من المرضى الذين شملتهم الدراسة، ركزوا على 834 مع التهاب المفاصل الرماتويدى، و315 يعانون من هشاشة العظام خضعوا لعملية جراحة فى المرحلة العمرية ما بين 50 إلى 60 عامًا.\nوأشارت المتابعة إلى استجابة المرضى للعلاجات المتبعة بعد خضوعهم لجراحات استبدال الركبة، وشعروا بتحسن ملموس بعد 6 أشهر من الخضوع للجراحة، وأكد الباحثون أن المرضى شعروا بانخفاض كبير فى الألم بعد العملية وتحسين وظيفة الركبة بغض النظر عن نوع التهاب المفاصل. ",
    "date_extracted": "2015-08-01 07:58:00"
}