{
    "url": "http://www.alyaum.com/article/4081377",
    "title": "بلدية الجبيل تضبط 10 سيارات مخالفة تبيع «البطيخ»",
    "author": "اليوم - الجبيل",
    "content": " صادرت بلدية محافظة الجبيل مؤخراً، أكثر من ٧٠٠حبة من فاكهة الحبحب (البطيخ) وخضروات متنوعة كانت موزعة على ١٠ سيارات نقل (بك أب)، في حوزة عدد من الباعة الجائلين المخالفين بالمحافظة .\nوأوضح رئيس بلدية محافظة الجبيل المهندس نايف بن فيصل الدويش، أن قسم الأمن والسلامة بالبلدية يقومون بعمل جولات ميدانية حسب الخطة المعمول بها على الباعة المتجولين المخالفين في الشوارع العامة وأمام الجوامع والمساجد، حيث تم مصادرة أكثر من ٧٠٠ حبة من الحبحب وخضار وفواكه يتم عرضها بطريقة مخالفة تفتقر الاشتراطات والأنظمة البلدية و الضمانات الصحية المطلوبة.\nوبين الدويش بأن البلدية مستمرة في الحملات المفاجئة والمكثفة لمكافحــة ظاهرة الــباعة الجائلين ومسح كامل المناطق بالمحافظة.\nوأضاف الدويش بأن التعليمات والأنظمة واضحة ويمنع منعاً باتاً انتشار هذه الظاهرة من بيع الحبحب والخضار والفواكه أمام المساجد والجوامع أو في الطرقات، مما قد تسببه تلك المواد من ضرر على صحة المواطن والمقيم، وكذلك إرباكاً كبيراً في حركة السير أمام إشارات المرور وفي الشوارع العامة، وكذلك لما تسببه من تشويه للمنظر العام. ",
    "date_extracted": "2015-08-02 23:40:23"
}