{
    "url": "http://www.alyaum.com/article/4081157",
    "title": "«كوبا».. 9 آلاف مسلم يتطلعون لاكتمال بناء جامع لهم",
    "author": "فاطمة علي - الدمام",
    "content": " أدى مسلمو كوبا لأول مرة صلاتهم داخل مكان خصص لإقامة شعائرهم الدينية، إلى حين الانتهاء من أعمال بناء المسجد التركي الذي سيفتح أبوابه قريبا. وفق ما ذكر موقع «لانوفيل غازيت» الفرنسي.\nوكانت حكومة كوبا قد خصصت أحد الأمكنة التاريخية في هافانا لإقامة مسجد عليه، وخلال شهر رمضان، منحت الحكومة أيضا قطعة أرض تبلغ مساحتها 200 متر مربع للجالية المسلمة من أجل تأدية صلاة التراويح.\nوقال المسؤول الديني التركي، اسماعيل بالاغو: إن حملة المساعدة التي أطلقتها مؤسسة الشؤون الدينية التركية لبناء المسجد جمعت مبلغ 8 ملايين ليرة تركية. المؤسسة ساهمت في بناء 3500 مسجد ومكان للعبادة في تركيا، وأشرفت على بناء 100 مسجد في دول عديدة.\nوأضاف: لقد أشرفنا على نهاية بناء مسجد في مدينة مينسك بروسيا البيضاء ذي طاقة استيعابية تتجاوز 5000 مصل، ومسجد آخر بالعاصمة الروسية موسكو، وافتتحنا مؤخرا مسجد حوكا حكمت ياسيفي في كازاخستان، وسنفتتح آخر قريبا في عام 2016، وفي ألبانيا، وضعت المؤسسة حجر الأساس لبناء مسجد نامازاغ الذي سيكون شبيها بمسجد المهندس سينان في أتاشير باسطنبول.\nوزاد أيضا: إن «مركزا إسلاميا جديدا قد تم افتتاحه في الولايات المتحدة الأمريكية، وللمؤسسة مشاريع بناء مساجد أخرى في كل من كوسوفو والقرم ورومانيا وهنغاريا وبريطانيا».\nويعد هذا المسجد الذي سيفتتح في كوبا الأول من نوعه، على الرغم من أن المسلمين في البلاد لا يتجاوز عددهم 9000 مسلم، وفق دراسة لمركز بيو للأبحاث، ولا يتعدون نسبة 1 في المائة من أصل السكان.\nويبلغ عدد سكان جزيرة كوبا 11 مليون نسمة أغلبيتهم من الكاثوليك، أما المسلمون فقد ظهروا أول مرة في البلاد نتيجة توافد ما بين 1300-1500 طالب أجنبي من ذوي الأصول الجزائرية والباكستانية إلى البلاد.\nوكانت حكومة كوبا قد عارضت مشروع بناء المسجد الذي قدمته المؤسسة في أكتوبر 2014 إلا أن الرئيس التركي رجب أردوغان تقدم بمشروع آخر لبناء مسجد في هافانا على نهج مسجد اسطنبول تتولى الحكومة التركية تمويله.\nونظرا لغياب وجود مساجد في كوبا، فإن المسلمين يؤدون صلواتهم في البيوت أو في الأماكن المهجورة والحدائق. ",
    "date_extracted": "2015-07-31 04:23:52"
}