{
    "url": "http://www.alyaum.com/article/4081381",
    "title": "9 تغيّرات في قوائم ملاك الأسهم وزيادة في ملكية الأجانب بالتأمين",
    "author": "اليوم - الدمام",
    "content": " شهدت قوائم كبار الملاك في السوق السعودي خلال الأسبوع 9 تغيّرات في الشركات المدرجة في السوق، منها 7 حالات زيادة، وحالتا نقص.\nوتصدّر سهم مبرد أكثر الاسهم تغيّرًا في الملاك، حيث رفعت اسهم شركة اساس للاستثمار العالمية أسهمها في الشركة بنسبة 0.44% بشراء 79 ألف سهم جديد، كما رفع المستثمر رياض الحميدان أسهمه في شركة زجاج بشراء 15 الف سهم.\nفيما خفضت شركة التموين الاستراتيجي أسهمها في شركة السعودية للتموين بنسبة 3.66%، وذلك ببيع 3 ملايين سهم، كما خفضت شركة الشاعر للتجارة والصناعة اسهمها في شركة التصنيع، وبيع 334 ألف سهم.\nمن جانب آخر شهدت ملكية الأجانب الإجمالية تغيّرًا في عدد من الشركات، حيث أظهرت البيانات المحدثة ارتفاع ملكية الأجانب في 46 شركة وانخفاضها في 40 شركة أخرى.\nوسجّلت شركة «ولاء» بتداولات الخميس الماضي أعلى نسبة ارتفاع في ملكية المستثمرين الأجانب بنحو 0.49% لتصل إلى 8.00%، تلتها شركة «أسواق العثيم» بنسبة 0.15% لتصل إلى 4.76%.\nوفي المقابل فقد سجّلت شركة «ملاذ للتأمين» أعلى نسبة انخفاض لملكية الأجانب بنحو 0.69%.\nوأظهرت البيانات الصادرة عن «تداول» تغيّرًا بنسبة ملكية الأجانب بالسوق السعودي خلال يوم آخر جلسة تداولات اسبوعية. \nيُشار إلى أن «تداول» بدأت منذ 15 يونيو الماضي في نشر تحديث يومي لبيانات ملكية الأجانب في السوق السعودي، حيث تشمل ملكية المستثمرين الأجانب المؤهّلين وعملاءهم الموافق عليهم بالإضافة لملكية جميع المستثمرين الأجانب (المؤسّسين الاستراتيجيين واتفاقيات المبادلة والمستثمرين المؤهّلين وعملائهم). ",
    "date_extracted": "2015-08-02 23:40:47"
}