{
    "url": "http://www.alyaum.com/article/4081118",
    "title": "البطران وفايز في ندوة قصصية بالدوحة القطرية",
    "author": "اليوم-الدوحة",
    "content": " يستضيف منتدى حروف الثقافي بالعاصمة القطرية الدوحة القاص السعودي حسن البطران، والقاص القطري جمال فايز، في ندوة أدبية قصصية تتضمن قراءات قصصية وشهادات وحوارا حول القصة القصيرة والقصة القصيرة جدا، وذلك غدا السبت 1436 / 10 / 17 الموافق 2015 / 8 / 2 م بصالة مركز أصدقاء البيئة بالدوحة وسوف يكون على هامش الندوة قراءة حول مجموعة \"ناهدات ديسمبر\" للبطران ..يدير الأمسية الاعلامي السوداني الطيب بشير الطيب .. وتأتي هذه الندوة ضمن برنامج أنشطة منتدى حروف الثقافي التابع لمركز أصدقاء البيئة.. يذكر أن القاصين من الأسماء الخلبجية البارزة على مستوى الإبداع القصصي . ",
    "date_extracted": "2015-07-31 04:23:26"
}