{
    "url": "http://www.alyaum.com/article/4081516",
    "title": "تصحيح أوضاع أكثر من 400 ألف يمني في المملكة",
    "author": "واس - الرياض",
    "content": " أعلنت المديرية العامة للجوازات أنه بلغ عدد الأخوة الأشقاء من أبناء الجمهورية اليمنية المصححين لأوضاع إقامتهم في المملكة (407516 ) حتى الساعة الواحدة ظهراً من هذا اليوم الأحد 17/10/1436هـ.\nوأوضح مدير الإدارة العامة للعلاقات والإعلام بالمديرية العقيد محمد بن عبدالعزيز السعد في بيان صحفي اليوم أن الجوازات تسعى إلى تطبيق رؤيتها بأن تصبح منظمة أمنية ذات خدمات تقنية متطورة تعكس من خلالها روح التجدد والتطور في تقديم جميع خدماتها و إجراءاتها للمستفيدين بكل يسر وسهولة مع الاستفادة من وسائل الاتصال الحديثة التي يمكن أن تخدمنا في تقديم هذه الخدمات.\nودعا العقيد محمد السعد جميع المواطنين والمقيمين إلى الاستفادة مما تقدمه الجوازات من خدمات من خلال خدمة أبشر الإلكترونية التي تسهل عليهم إنهاء إجراءاتهم بكل يسر وسهولة . ",
    "date_extracted": "2015-08-02 23:40:00"
}