{
    "url": "http://www.alyaum.com/article/4081277",
    "title": "الطيران المدني: تحطم طائرة خاصة سعودية في مطار بلاكبوش ببريطانيا",
    "author": "اليوم - الدمام",
    "content": " لقي أربعة أشخاص على الأقل حتفهم إثر تحطم تحطم طائرة خاصة «تسجيل سعودي» ربي العاصمة البريطانية لندن.\nوسقطت الطائرة وهي من طراز (جيت فينوم 300) بعد ظهر اليوم الجمعة في مطار بلاكبوش في هامبشاير.\nوقالت متحدثة باسم الشرطة البريطانية: \"يمكننا أن نؤكد أن أربعة أشخاص كانوا على متن الطائرة. وللأسف لم يبق أحد منهم على قيد الحياة\". أضافت المتحدثة أن أحدا على الأرض لم يصب بأذى.\nوسقطت الطائرة بعد اقلاعها بوقت قصير فوق مربأ لأحد تجار السيارات واشتعلت فيها النيران.\nكما أكدت لهيئة العامة للطيران المدني عبر حسابها في تويتر عن تحطم طائرة خاصة «تسجيل سعودي» في مطار بلاكبوش ببريطانيا. وقالت الهيئة أن التقرير الأولي يفيد بوجود 4 أشخاص على متن الطائرة. يأسف مكتب تحقيقات الطيران الإعلان عن تحطم طائرة خاصة -تسجيل سعودي- في مطار بلاكبوش ببريطانيا اليوم الساعة 14:08.— هيئة الطيران المدني (@ksagaca) July 31, 2015 ",
    "date_extracted": "2015-07-31 22:30:18"
}