{
    "url": "http://www.alyaum.com/article/4081127",
    "title": "ظلام الشوارع لا يزيد حوادث السيارات أو الجرائم",
    "author": "وكالات - لندن",
    "content": " أظهرت دراسة \"بريطانية\" مثيرة للجدل أن إطفاء إضاءة الشوارع ليلا لا يتسبب في ارتفاع نسبة حوادث السيارات أو الجرائم.\nوذكرت صحيفة ديلي ميل البريطانية أن تحليل بيانات 62 مجلساً في بريطانيا وويلز كشف عن عدم وجود ارتفاع في معدلات الجرائم من بينها السرقات والجرائم الجنسية وجرائم السطو.\nوقام الباحثون بفحص بيانات 14 عاما لـ62 مجلساً في بريطانيا من أصل 174 والتي تنوعت استراتيجيات الإنارة في شوارعها بين إطفاء الإنارة في الشوارع والإبقاء عليها مضاءة في الفترة من عام 2000 إلى 2013.\nوخلصت النتائج إلى عدم وجود دليل على الارتباط بين خفض الإنارة في الشوارع وزيادة الجرائم في بريطانيا وويلز. ",
    "date_extracted": "2015-07-31 04:23:22"
}