{
    "url": "http://www.alyaum.com/article/4081502",
    "title": "ارتفاع عدد المرحلين من ألمانيا خلال النصف الأول من عام 2015",
    "author": "د ب أ - برلين",
    "content": " ذكرت تقارير صحفية أن عدد المرحلين من ألمانيا ارتفع بشدة خلال النصف الأول من هذا العام.\nوأوضحت صحيفة \"فيلت أم زونتاج\" الألمانية الأسبوعية في عددها الصادر اليوم الأحد مستندة إلى وزارة الداخلية الألمانية أنه تم ترحيل 8178 شخص من طالبي اللجوء الذين تم رفض طلبات لجوئهم إلى مواطنهم خلال النصف الأول من العام الجاري.\nوأشارت الصحيفة إلى أن نسبة الترحيل هذا العام ارتفعت بذلك عن العام الماضي بنسبة 42 بالمئة.\nوأضافت الصحيفة أن ما يزيد على 12600 شخص غادروا ألمانيا عائدين إلى بلادهم طوعا حتى نهاية شهر حزيران/يونيو الماضي، وأوضحت أن 85 بالمئة منهم منحدرون من دول غرب البلقان.\nيشار إلى أنه لا يتم الاعتراف بالأشخاص القادمين من هذه الدول كطالبي لجوء إلا في حالات نادرة للغاية. ",
    "date_extracted": "2015-08-02 23:40:06"
}