{
    "url": "http://www.alyaum.com/article/4081427",
    "title": "«النجوم» يخسر وديًا من المجزل",
    "author": "حسام النصر - الدمام",
    "content": " خسر النجوم لقاءه الودي الرابع والذي جمعه بنادي المجزل في اطار استعداد الفريق لخوض غمار دوري الدرجة الأولى بهدفين مقابل هدف.\nسجل هدفي المجزل المحترف البرازيلي رونالدو وعبدالعزيز اليوسف فيما سجل للنجوم بندر العنزي، وشهد اللقاء طرد اللاعب بدر الدخيل من المجزل في الشوط الاول واللاعب عباس النخلي من النجوم في الشوط الثاني.\nمن جهة أخرى تقرر إقامة معسكر داخلي بمدينة الرياض لمدة ٧ أيام تقام فيه مباراتان، الاولى أمام نادي الرياض والثانية أمام نادي الدرعية، وتم الغاء المعسكر الذي كان من المقرر اقامته في دولة قطر.\nمن جهة أخرى اكد المدرب الوطني خالد العطوي ان ادارة النادي اجتهدت لاعداد المعسكر المناسب للفريق لكن الظروف لم تساعد على ذلك. ",
    "date_extracted": "2015-08-02 23:41:06"
}