{
    "url": "http://www.alyaum.com/article/4081231",
    "title": "«الأشغال» تنهي إعداد الدراسات والتصاميم لتطوير «تقاطع غاز البحرين»",
    "author": "اليوم - المنامة",
    "content": " قامت وزارة الأشغال وشؤون البلديات والتخطيط العمراني مؤخراً بفتح مظاريف مناقصة تطوير تقاطع غاز البحرين (الرابط بين مدينة عيسى وسلماباد) والتي تشمل إعداد الدراسات المرورية والتصاميم التفصيلية اللازمة للمشروع.\nوكانت خمس شركات استشارية عالمية متخصصة في هذا المجال تقدمت بعطاءاتها إلى مجلس المناقصات والمزايدات، علماً بأنه تم الانتهاء من تقييم العروض الفنية وقد تم فتح العروض المالية الأسبوع الماضي.\nوتفيد بيانات الوزارة بأن مشروع تطوير تقاطع غاز البحرين يقع ضمن قائمة أولويات مشاريع الخطة الإستراتيجية التي أعدتها وزارة الأشغال وشؤون البلديات والتخطيط العمراني، حيث أوصت الدراسة التي أعدتها سابقاً بضرورة تطوير ذلك التقاطع الحيوي لتوفير حركة مرورية حرة وبدون توقف لضمان إنسيابية الحركة المرورية على شارع الشيخ سلمان وعلى مداخل مدينة عيسى بشكل خاص، وكذلك على شارع الشيخ عيسى بن سلمان للحركة المرورية القادمة من مناطق المنامة وسترة والمحرق. \nيشار إلى أنه من المؤمل البدء في الدراسات المرورية والتصاميم التفصيلية للمشروع خلال الربع الثالث من العام الجاري حال ترسية المشروع على أحد الاستشاريين المتقدمين، والذي سيتم خلاله إعداد المقترحات والتصاميم لتطوير التقاطع وحل مشكلة الازدحامات المرورية على شبكة الطرق بالمنطقة والتقاطعات الرئيسية المجاورة.\nوأفادت وزارة الأشغال وشؤون البلديات والتخطيط العمراني بأن التقاطع المذكور قد شهد كثافة مرورية عالية في السنوات الأخيرة، وخاصة بعد افتتاح تقاطع بوابة مدينة عيسى، إذ بينت المسوحات المرورية الحديثة تجاوز عدد المركبات المستخدمة للتقاطع 11 ألف مركبة خلال ساعات الذروة، في حين أن الطاقة الاستيعابية للتقاطع حالياً لا تتجاوز 7500 مركبة، وبالتالي فإنه حال اكتمال المشروع وتطوير التقاطع فإن ذلك سينعكس بصورة إيجابية على تسهيل انسيابية الحركة المرورية ورفع الطاقة الاستيعابية للتقاطع مما سيساهم في حل مشكلة الازدحامات المرورية بالمنطقة، ورفع مستوى السلامة المرورية عليه. ",
    "date_extracted": "2015-08-01 07:59:05"
}