{
    "url": "http://www.alyaum.com/article/4081412",
    "title": "السوبر والانضباطية على طاولة اجتماع اتحاد القدم اليوم‏",
    "author": "فهد السبيعي - الرياض",
    "content": " يعقد مجلس إدارة الاتحاد السعودي لكرة القدم اجتماعه الدوري، اليوم، في تمام الساعة ١٠ صباحاً، في مقر الاتحاد السعودي بالرياض برئاسة أحمد عيد، وبحضور غالبية أعضاء مجلس الإدارة، للتباحث حول عدد من الملفات، يأتي في مقدمتها ملف مباراة السوبر السعودي الذي ستلعب في العاصمة البريطانية لندن في الثاني عشر من الشهر الحالي وما توصلت إليه اللجان المعنية من استعدادات لإقامة تلك المباراة . كما سيتم التطرق إلى ما استجد حول آخر الأسماء المرشحة لرئاسة لجنة الانضباط بعد إقالة رئيسها السابق على أثر الانتقادات الكبيرة التي واجهت قراراتها وتخبطات بعض أعمالها خلال الموسم المنصرم . \nكما سيتم خلال الاجتماع التطرق إلى آخر ما استجد حول ملف التعاقد مع مدرب المنتخب السعودي الأول، الذي ما زالت الأوساط الرياضية في انتظار حسم هذا الملف الهام . \nعقب ذلك، يعقد الرئيس العام لرعاية الشباب رئيس اللجنة الأولمبية العربية السعودية اجتماعاً برئيس وأعضاء مجلس إدارة الاتحاد السعودي لكرة القدم، و يأتي الاجتماع ضمن لقاءات سمو رئيس اللجنة الأولمبية برؤساء وأعضاء مجالس الاتحادات الرياضية لمختلف الألعاب واطلاعه على خططها وأبرز الصعوبات. ",
    "date_extracted": "2015-08-02 23:38:57"
}