{
    "url": "http://www.alyaum.com/article/4081047",
    "title": "«إعلان القاهرة» : تطوير التعاون العسكري والعمل على إنشاء القوة العربية المشتركة",
    "author": "واس - القاهرة ",
    "content": " صدر اليوم بيان مشترك (إعلان القاهرة) بمناسبة زيارة صاحب السمو الملكي الأمير محمد بن سلمان بن عبدالعزيز ولي ولي العهد النائب الثاني لرئيس مجلس الوزراء وزير الدفاع فيما يلي نصه :\nانطلاقاً من العلاقات الوثيقة والراسخة التي تربط جمهورية مصر العربية والمملكة العربية السعودية بقيادة خادم الحرمين الشريفين الملك سلمان بن عبدالعزيز آل سعود وأخيه الرئيس عبدالفتاح السيسي ، فقد قام صاحب السمو الملكي الأمير محمد بن سلمان بن عبدالعزيز آل سعود بزيارة إلى جمهورية مصر العربية تلبية لدعوة كريمة من السيد الرئيس عبدالفتاح السيسي يوم الخميس 14 / 10 / 1436هـ الموافق 30 / 7 / 2015م .\nوعقد اجتماعاً مع سموه ، حيث نقل سموه تحيات خادم الحرمين الشريفين الملك سلمان بن عبدالعزيز آل سعود وصاحب السمو الملكي الأمير محمد بن نايف ولي العهد نائب رئيس مجلس الوزراء وزير الداخلية إلى أخيهما الرئيس عبدالفتاح السيسي ، وجرى بحث مجمل العلاقات الثنائية بين البلدين الشقيقين وسبل تعزيزها وتطويرها في كافة المجالات.\nكما تم بحث المستجدات في المنطقة وآخر التطورات على الصعيد الإقليمي ، حيث أكد الجانبان حرصهما على بذل كافة الجهود لتعزيز الأمن والاستقرار في المنطقة والعمل سوياً على حماية الأمن القومي العربي ، ورفض محاولات التدخل في الشؤون الداخلية للدول العربية.\nوبناء على توجيه خادم الحرمين الشريفين وأخيه الرئيس عبدالفتاح السيسي فقد اتفق الجانبان على وضع حزمة من الآليات التنفيذية في المجالات التالية :\n1-تطوير التعاون العسكري والعمل على إنشاء القوة العربية المشتركة.\n2- تعزيز التعاون المشترك والاستثمارات في مجالات الطاقة والربط الكهربائي والنقل.\n3 - تحقيق التكامل الاقتصادي بين البلدين والعمل على جعلهما محوراً رئيسياً في حركة التجارة العالمية.\n4 - تكثيف الاستثمارات المتبادلة السعودية والمصرية بهدف تدشين مشروعات مشتركة.\n5 - تكثيف التعاون السياسي والثقافي والإعلامي بين البلدين لتحقيق الأهداف المرجوة في ضوء المصلحة المشتركة للبلدين والشعبين الشقيقين ، ومواجهة التحديات والأخطار التي تفرضها المرحلة الراهنة.\n6 - تعيين الحدود البحرية بين البلدين.\nويتطلع الجانبان إلى التنفيذ الكامل لما تقدم في إطار من التواصل المستمر والتنسيق على أعلى المستويات بين البلدين ، اللذين يمثلان جناحي الأمة العربية والإسلامية ، ويعملان معاً من أجل ضمان تحقيق الأمن القومي العربي والإسلامي واستمرار ازدهارهما.\nوفي ختام اللقاء ، طلب السيد الرئيس عبدالفتاح السيسي نقل تحياته إلى أخيه خادم الحرمين الشريفين الملك سلمان بن عبدالعزيز وأخيه صاحب السمو الملكي الأمير محمد بن نايف بن عبدالعزيز .\nوعبر صاحب السمو الملكي الأمير محمد بن سلمان بن عبدالعزيز عن بالغ شكره وتقديره للسيد الرئيس والحكومة المصرية على ما لقيه والوفد المرافق من حسن الاستقبال والوفادة.\n\n ",
    "date_extracted": "2015-07-31 04:24:04"
}