{
    "url": "http://www.alyaum.com/article/4081297",
    "title": "رسالة من إنسان لا يريد ذكر اسمه",
    "author": "شلاش الضبعان",
    "content": " في هذا الأسبوع فقدنا بطلاً جديداً في ملحمة بناء الوطن وحماية مكتسباته وهو الجندي سامي معوض الحربي. لقد رحل سامي بطلاً، ولا نقول إلا: تقبله المولى شهيداً، وقتل الله من قتله، وأعان على قتله، وتستر على من قتله، وصمت عمن قتله. رسالة وصلتني من قارئ طلب عدم ذكر اسمه وفيها (... أود أن أطرح عليكم فكرة عمل خيري، ولعلكم إن استحسنتم الفكرة أن تجد سبيلاً إلى قرائكم الأعزاء، الفكرة تستهدف الإحسان إلى الأيتام ودعوة عدد منهم إلى حفلات الزواج، وذلك عبر توجيه بطاقة دعوة لإدارة جمعية إنسان أو أية جمعية للأيتام يدعو فيها الداعي إلى رغبته في دعوة عدد معين (يحددهم الداعي حسب قدرته، مثلا خمسة أيتام أو عشرة أيتام أو أقل أو أكثر) لحضور حفل الزواج في اليوم الفلاني كما هو معهود في بطاقات الدعوة لحفلات الزواج. هذه الفكرة ستحقق بإذن الله تعالى: إدخال السرور على الأيتام، مساعدة الأيتام على التواصل مع الآخرين والدخول في النسيج الاجتماعي وعدم عزلهم في دور الأيتام، وقصر علاقاتهم على بعضهم البعض، حفظ النعمة وصون الطعام من الرمي في النفايات أعزكم الله، تربية أنفسنا على الإحسان لهذه الفئة من المجتمع وتعويد أبنائنا على ذلك. وإذا شملت الدعوة اليتيمات فلعل ذلك يتيح الفرصة لمن في سن الزواج منهن أن يُخطبن، إظهار المجتمع السعودي في صورة تراحمية جميلة. وفوق ذلك كله ما للإحسان من أجر عظيم عند الله تعالى. ولو أن كل صاحب حفل زواج دعا عدداً من الأيتام كل حسب قدرته، لظل الأيتام في دعوات مستمرة طوال العام مما قد يُعتبر برنامجاً جديداً ومبتكراً يدخل ضمن برامج جمعيات الأيتام). هذه رسالة القارئ الكريم والتي ختمها بعبارة (إن استحسنتم الفكرة وعرضتموها على القراء الكرام، آمل ألا تذكروا اسمي الظاهر في عنوان البريد الإلكتروني لأحد ويكفيني منكم الدعاء بظهر الغيب). فكرة جميلة وتستحق التطبيق والدعاء لصاحبها. *متخصص بالشأن الاجتماعي ",
    "date_extracted": "2015-08-01 07:58:02"
}