{
    "url": "http://www.alyaum.com/article/4081082",
    "title": "وفد إعلامي جزائري يزور غرفة الشرقية",
    "author": "اليوم - الدمام",
    "content": " استقبل أمين عام غرفة الشرقية عبدالرحمن بن عبدالله الوابل، مساء الأربعاء الماضي، وفدا إعلاميا رفيع المستوى قدم من جمهورية الجزائر الشقيقة، في إطار زيارته للمملكة.\nوخلال اللقاء اطلع الوفد الزائر على فيلم وثائقي عن تاريخ الغرفة، وإداراتها، وفروعها، وأنشطتها، والخدمات التي تقدمها الى مشتركيها.. فضلا عن صورة عامة عن الحراك الاقتصادي في المنطقة الشرقية، خصوصا في المجالات التجارية والصناعية والسياحية.\nمن جانبه، رحب امين عام الغرفة بالوفد الإعلامي الجزائري وقدم لمحة عن معالم النمو والتطور في المنطقة الشرقية، ومناخ الاستثمار التي تتسم بها المنطقة، والفرص المتاحة أمام رجال الاعمال الأجانب، خصوصا في المجال الصناعي الذي تتميز به المنطقة كونها عاصمة الصناعات الخليجية.وقد أبدى اعضاء الوفد إعجابهم بما وصلت إليه المنطقة الشرقية من نمو وتطور على مختلف الصعد، مشيدين بالخدمات التي تقدمها غرفة الشرقية والتي ترفد هذا النمو بالمزيد من وسائل الدعم والتوسعة. وقد أعربوا عن أملهم في المزيد من التعاون والتنسيق في كافة المجالات التي تخدم العلاقات بين المملكة والجزائر.وشددوا على أهمية زيادة التبادل التجاري، وإقامة المشروعات المشتركة بين البلدين، فهناك آفاق واسعة يمكن التطرق لها في لقاءات بين رجال الاعمال والمعنيين بالشأن الاقتصادي في البلدين. ",
    "date_extracted": "2015-07-31 04:23:11"
}