{
    "url": "http://www.alyaum.com/article/4081072",
    "title": "انطلاق «خيمة أبها» السياحية الدعوية السابعة غدا",
    "author": "اليوم - أبها",
    "content": " تواصل اللجان المنظمة استعداداتها لانطلاق فعاليات خيمة أبها السياحية الدعوية السابعة، التي ينظمها مكتب الدعوة والإرشاد وتوعية الجاليات بأبها خلال الفترة من غد \"السبت\" إلى 30 من شوال الجاري، ضمن فعاليات مهرجان \"أبها يجمعنا 1436 هـ\".\nوتشمل الخيمة الدعوية التي تقام على طريق أبي هريرة في حي المنسك، العديد من الأنشطة والفعاليات الصيفية للرجال والنساء منها إقامة الندوات والمحاضرات الدينية والدورات التدريبية والمسابقات الشعبية ودوري كرة القدم، إضافة إلى تخصيص العديد من الخيام لتوعية الجاليات وترفيه الأطفال وتعليم الشباب والفتيات.\nوثمن مدير المكتب التعاوني للدعوة والإرشاد وتوعية الجاليات بأبها الدكتور سعيد البشري، رعاية صاحب السمو الملكي الأمير فيصل بن خالد بن عبدالعزيز أمير منطقة عسير، ودعمه الدائم لفعاليات الخيمة، مؤكداً حرص سموه على دعم مناشط الدعوة السياحية في المنطقة، التي كان لها الأثر البارز في إنجاح فعاليات الخيمة المستمرة، موضحا أن الخيمة أتاحت فرصة التطوع في الأقسام النسائية بها عبر الموقع الإلكتروني التابع للمكتب التعاوني بأبها. ",
    "date_extracted": "2015-07-31 04:24:09"
}