{
    "url": "http://www.alyaum.com/article/4081287",
    "title": "يا عيد ما ذقت الفرح",
    "author": " حمد الدليهي",
    "content": " قصيدة رثاء في المقدم خالد بن مفرج الدعدوش الخالدي الذي توفي في حادث على طريق الخفجي راس مشعاب في اول ايام عيد الفطر ونسأل الله له الرحمة والمغفرة ..\nيا عيد ما ذقت الفرح فيك يا عيد\nوحزني على عيني وقلبي تدرج\nاغيب في فكري عن الناس واعيد\nمن يوم قالوا مات خالد مْفرج\nجاه السبب ما عاد للنفس تمديد\nحادث يهول اللي لقاه وتفرج\nموته فجعنا وانفجع زيد وعبيد\nلا عاد يومك يالطريق المعرج\nقامن يحوفنه عيون المقاريد\nوحلوق اهلهن بالعَوَذْ ماتخرج\nمرحوم ياللي ما مشى بالمناقيد\nما قيل بْظهور الاوادم تهرج\nشيّد علاقاته على الطيب تشيد\nوخيل المكارم في سلومه تسرج\nوعسى يخلد طيب الراس تخليد\nفي جنة الفردوس واسمه يعرج ",
    "date_extracted": "2015-08-01 07:59:20"
}