{
    "url": "http://www.alyaum.com/article/4081340",
    "title": "هبوط أسعار النفط يقلص أرباح إكسون موبيل وشيفرون بشدة",
    "author": "اليوم - الوكالات",
    "content": " قلص انخفاض أسعار النفط الأرباح الفصلية لشركتي إكسون موبيل وشيفرون بشدة فيما يجبر الشركتين على إعادة التفكير في العمليات والتخطيط لما يتوقع كثيرون أن تكون فترة ممتدة من انخفاض أسعار الخام.\nوجاءت الأرباح الفصلية للشركتين - وهما من أكبر منتجي النفط في العالم - دون توقعات المحللين أيضا وهو ما يزيد المخاوف من أن مسؤولي الشركات ربما لم يتحركوا بسرعة كافية لتخفيف أثر هبوط أسعار الخام بأكثر من 50 بالمئة منذ الصيف الماضي.\nوهوت أرباح إكسون بأكثر من النصف وحدث أكبر هبوط في عمليات التنقيب والانتاج حيث تراجعت الأرباح بنحو ستة مليارات دولار.\nوتراجعت أرباح شيفرون 90 بالمئة في انخفاض تفاقم بسبب خسائر قدرها 2.22 مليار دولار في عمليات التنقيب والانتاج.\nوبرغم نمو انتاج الشركتين إلا أنه جاء أقل من توقعات كثير من المحللين أيضا.\nلكن الشركتين استفادتا من عمليات التكرير التابعة لهما.\nوعادة ما تكون وحدات التكرير أكثر ربحية بكثير عند انخفاض اسعار الخام إذ يمنح هذا شيفرون وغيرها من شركات الطاقة ذات العمليات المتكاملة ميزة خلال أوقات تتعرض فيها العمليات الأساسية مثل انتاج النفط لضغوط انخفاض الأسعار.\nوأكدت الشركتان قدرتهما على تجاوز هبوط الأسعار والخروج في وضع أقوى. ",
    "date_extracted": "2015-08-01 07:58:25"
}