{
    "url": "http://www.alyaum.com/article/4081420",
    "title": "الألعاب النارية تسدل الستار على مهرجان «واحتنا فرحانة» بالقطيف",
    "author": "جعفر الصفار – القطيف",
    "content": " اختتمت أمس الاول فعاليات مهرجان القطيف السادس \"واحتنا فرحانة\" والمقام على الواجهة البحرية في محافظة القطيف والذي نظمته امانة المنطقة الشرقية واستمر لمدة 12 يوما. وقال مدير المهرجان عبدرب الرسول الخميس ان أبرز الأهداف التي حققها المهرجان زيادة الجذب السياحي لمحافظة القطيف، وإيجاد الفرص الوظيفية لأبناء المجتمع المحلي، وتعزيز الجانب التطوعي لدى الشباب وتوعيته وإرشاده واستقطب المهرجان منذ بداية انطلاقته آلاف العوائل من مختلف مناطق المملكة. \nوشهد اليوم الاخير إطلاق الألعاب النارية، كما اقيم مساء امس السبت على مسرح المهرجان الداخلي تكريم بعض الشخصيات المحلية التي ساهمت ودعمت المهرجان خلال فتراته السابقة، بالاضافة الى تكريم متطوعي المهرجان. وتألق المشاركون بمختلف فعاليات المهرجان وحظيت خيمة ”بقعة ضوء“ التي تعرض افلاما سعودية بإقبالٍ من زوار المهرجان كبارًا وصغارًا، وتألق المسرح الخارجي بعروضه. وتوافد الزوار من المنطقة وخارجها وبعض دول الخليج العربي لمتابعة المهرجان، وتحول المسرح الخارجي إلى لوحة من الإبهار بعد أن استطاعت الفرق المشاركة لفت الأنظار بألعاب النار التي وجدت تفاعلا كبيرا من الحضور. وقدم ركن ”مشاكل وحلول“ ابتكار الأفكار حيث يقوم الفريق حالياً بإعادة تدوير الكتب، حيث عرض الفريق يوم أمس مشكلة تكدّس الكتب وحلّها عن طريق فكرة معرض تدوير الكتاب. وجذبت صانعة الدمى زهراء الميلاد بأعمالها الفنية اليدوية زوار مهرجان «واحتنا فرحانة» والتي شملت التحف والدمى والمجسمات التي تصنعها بيديها، مستعرضة ما يقارب 30 قطعة من أعمالها، وأوضحت بأنه كانت بدايتها منذ ما يقارب 4 سنوات، منوهة لاستخدامها أدوات معينة كالسيراميك، والطين، والنحاس، والنشا.\nونوهت بأنها مزجت في أعمالها بين الفن الخليجي والفارسي، مبينة أن الفارسي قريب من الفن العربي خصوصا في صناعة البيوت، فهو يتناسب مع الفن الخليجي ويسهل الدمج بينهما. ويتركز دور لجنة النظام بمهرجان القطيف على عدة مهام حيث يقوم فريق البوّابات والسّاحات بالتواجد في كل أرجاء المهرجان بشكل مكثف وخاصة عند مداخل المهرجان وعند سور المهرجان، وذلك من أجل ضمان سلامة رواد ومتطوعي المهرجان.\nواستخدمت وحدة النظام أجهزة الكشف على المعادن عند بوابات المهرجان، وتطبق على كل من يدخل المهرجان من زوار ومتطوعين وجهات رسمية وعرضت خيمة ”بقعة ضوء“ افلام ”1 ديسمبر“ وصفيح ”و“ ثلاثون يوماً\" والتي أعاد المهرجان عرضها مجدداً وبشكل خاص لفئة الصم والبكم.\nووصف الإعلامي فاضل الشعلة المشرف على خيمة بقعة ضوء أن الحضور الكبير من فئة الصم والبكم هو أمر يدعو للغبطة وهي مبادرة جميلة من المهرجان أن يدعو هذه الفئة لمشاركة فرحة العيد. من جهته قال المهندس حسن المرهون رئيس وحدة الفعاليات إن دعوة هذه الفئة هي خطوة جديدة ربما على مستوى المنطقة ويجب على المهرجانات الأخرى استنساخها وتطويرها.\n\nأحد أركان المهرجان \n\nألعاب نارية ",
    "date_extracted": "2015-08-02 23:38:44"
}