{
    "url": "http://www.alyaum.com/article/4081508",
    "title": "كيري: مصر دفعت ثمنا باهظا لمكافحة التطرف وسنواصل دعمها عسكريا",
    "author": "د ب أ - القاهرة",
    "content": " قال وزير الخارجية الأمريكي جون كيري إن مصر دفعت ثمنا باهظا لمكافحة التطرف،وأدان اغتيال النائب العام المستشار هشام بركات.\nوأكد كيري ، خلال إطلاق الحوار المصري الأمريكي الاستراتيجي بالقاهرة اليوم الأحد ، استمرار تقديم الدعم والتدريب لقدرات مصر العسكرية من أجل مكافحة الإرهاب والتطرف.\nوأضاف كيري أن \"مصر تلعب دورا رئيسيا في المنطقة وفي القضايا الدولية\" ، قائلا :\"نثق كل الثقة في مصر\".\nوأعرب كيري عن ترحيبه بخطوات الرئيس المصري عبد الفتاح السيسي لدعم الاقتصاد وتحسين الفرص أمام رجال الأعمال، لافتا إلى أن مصر حققت نجاحا كبيرا في مجال الطاقة.\nوأوضح :\"إننا نناقش اليوم تهديد المجموعات المتطرفة التي تهدد أمن واستقرار الدول، ومن بينها تنظيم داعش\" ، مقدما التهنئة للشعب المصري بمشروع قناة السويس الجديدة ، لافتا إلى أن بلاده تدعم آمال الشعب المصري في تحقيق التقدم الاقتصادي.\nوذكر كيري أن مكافحة الإرهاب وتأمين الحدود تتطلب مزيدا من التعاون ، \"ونود أن ندعم الاقتصاد المصري ليصبح أقوى وأكبر\"،مضيفا :\"النجاح يبدأ ببناء الثقة بين السلطة والشعب من خلال عملية ديمقراطية كبرى\".\nوقال كيري إن مصر مركز العالم ويمكنها استعادة مكانتها بقوة ، مشيرا إلى أن الحوار الاستراتيجي فرصة جيدة لتعزير التعاون بين البلدين في مجابهة الإرهاب.\nوكان وزير الخارجية المصري سامح شكري ونظيره الأمريكي أطلقا جلسات الحوار الاستراتيجي بين البلدين بحضور ممثلين رفيعي المستوى لجميع الوزارات والإدارات المعنية بالعلاقات المصرية الأمريكية بجوانبها كافة.\nوقال شكري ، في افتتاح الجلسة :\"نأمل أن يسهم الحوار الاستراتيجي في تعزيز العلاقات بين البلدين وأن تستفيد أمريكا من مناخ الاستثمار الجديد في مصر\".\nوأضاف شكري :\"إننا نبدأ اليوم مرحلة جديدة ترسخ مفاهيم الحرية والديمقراطية والعدالة الاجتماعية \" ، لافتا إلى أن الحوار الاستراتيجي فرصة لمراجعة العلاقات بين البلدين ، وفرصة لتجديد مسيرة العلاقات الثنائية في الفترة المقبلة. ",
    "date_extracted": "2015-08-02 23:40:13"
}