{
    "url": "http://www.alyaum.com/article/4081330",
    "title": "القادسية في أبوظبي لتنفيذ المرحلة الثالثة من الإعداد",
    "author": "اليوم - الخبر",
    "content": " غادرت بعثة فريق القادسية مساء أمس اسطنبول متجهة الى العاصمة الاماراتية أبوظبي لبدء المرحلة الثالثة من الإعداد في معسكر يمتد ٩ أيام يخوض خلاله الفريق ٣ مباريات ودية مع النهضة العماني ودبي الاماراتي والقادسية الكويتي.\nمن جانبه أكد المدرب جميل قاسم ان المرحلة الثانية التي كانت في تركيا وتركزت على تطوير الجانبين اللياقي والبدني.\nوأبدى قاسم رضاه التام عن المعدل اللياقي وشكر اللاعبين على الانضباطية والجهد الكبير المبذول خلال فترة المعسكر الذي يأمل في أن يحقق أهدافه. وأضاف نستعد لبدء مرحلة ثالثة فيها جملة من المباريات القوية التي نأمل أن نخرج منها بأكبر استفادة وبوضع اللمسات الأخيرة قبل بدء الموسم الذي نتمنى فيه حضورا قويا للقادسية.\nوكان الفريق القدساوي قد أدى مرانا استرجاعيا أخيرا صباح أمس الجمعة بعد خوضه مباراة ودية مع كولجاك التركي خسرها الفريق بهدفين دون مقابل، وستكون أول حصة تدريبية في أبوظبي عصر السبت في نادي الضباط بأبوظبي. ",
    "date_extracted": "2015-08-01 07:59:00"
}