{
    "url": "http://www.alyaum.com/article/4081174",
    "title": "وصول طائرة الإغاثة السعودية الرابعة إلى عدن",
    "author": "واس - الرياض",
    "content": " وصلت اليوم الطائرة الإغاثية السعودية الرابعة إلى مطار عدن الدولي محملة بـ 10 أطنان من المستلزمات الطبية لمرضى الفشل الكلوي يرافقها فريق إغاثي من مركز الملك سلمان للإغاثة والأعمال الإنسانية وفريق من منظمة أطباء بلا حدود.\nوتأتي هذه المساعدات إنفاذا لتوجيهات خادم الحرمين الشريفين الملك سلمان بن عبدالعزيز آل سعود - حفظه الله - بتقديم مساعدات عاجلة للشعب اليمني الشقيق، وأمْر صاحب السمو الملكي الأمير محمد بن سلمان بن عبدالعزيز ولي ولي العهد النائب الثاني لرئيس مجلس الوزراء وزير الدفاع، بتأمين طائرات شحن تابعة لقيادة القوات الجوية السعودية لتسيير جسر جوي لنقل المساعدات الإغاثية والإنسانية التي يقدمها مركز الملك سلمان للإغاثة والأعمال الإنسانية.\nوأوضح المتحدث الرسمي للمركز رأفت الصباغ ،أن هذه الرحلة والمخصصة للمواد والمستلزمات والأدوية والمحاليل الطبية لمرضى غسيل الكلى تأتي ضمن برنامج خصص لذلك , مشيرًا إلى أن الجسر الإغاثي مستمر ضمن خطط وبرامج أعدت لهذا الغرض بالتنسيق مع اللجنة العليا للإغاثة التابعة للحكومة الشرعية اليمنية وخلية الإجلاء والعمليات الإنسانية بوزارة الدفاع وبإشراف ومتابعة مباشرة من معالي المستشار بالديوان الملكي المشرف العام على مركز الملك سلمان للإغاثة والأعمال الإنسانية الدكتور عبدالله بن عبدالعزيز الربيعة.\nوأبان الصباغ في تصريح صحفي اليوم أن المواد الطبية التي وصلت على متن هذه الطائرة ستوزع على المستشفيات والمراكز الطبية في اليمن بما يضمن وصولها لمستحقيها. ",
    "date_extracted": "2015-07-31 19:29:06"
}