{
    "url": "http://www.alyaum.com/article/4081300",
    "title": "ألعاب نارية تضيء سماء أبها «كل ليلة»",
    "author": "واس- أبها",
    "content": " يترقب زوار مدينة أبها كل مساء بالقرب من حديقة بحيرة السد عروض الصوت والضوء والألعاب النارية التي تضيء سماء أبها، ضمن فعاليات مهرجان أبها يجمعنا. \nيتخللها أوبريت \"الحزم\" ومسابقات ثقافية للأطفال وعروض بهلوانية تقوم بها أحد الفرق الصينية، والنوافير المائــــية، وعــروض الصـــور الـــوطنية والبيئة عــلى امتداد 300 مــتر على ســـد أبها.\nوأوضح مدير عام الشركة الوطنية السياحية \"سياحية\" المهندس صالح قدح أن تلك الفعالية يقبل على مشاهدتها الآلاف يوميا على مدرج بحيرة السد، الذي يستوعب 2000 شخص، لافتاً إلى أن عروض الصوت والضوء تستمر 40 يوماً وتحظى بمتابعة مجلس التنمية السياحي بالمنطقة برئاسة الأمير فيصل بن خالد بن عبدالعزيز أمير منطقة عسير. ",
    "date_extracted": "2015-08-01 07:57:53"
}