{
    "url": "http://www.alyaum.com/article/4081433",
    "title": "«أدبي جدة» يقدّم ثلاث دورات متنوّعة في تطوير الذات",
    "author": "اليوم - جدة",
    "content": " يُقيم النادي الأدبي الثقافي بجدة ثلاث دورات تدريبية مختلفة المواضيع، وذلك ضمن فعاليات مهرجان جدة 36، حيث تقام الأولى وتحمل عنوان «فن الإلقاء» مساء اليوم، فيما تقام مساء يوم غد الاثنين دورة «كيف تدير حوارًا»، أما الدورة الثالثة فتقام مساء يوم الجمعة القادم (22 شوال)، وتتناول فن «البروتوكول».\nيُشار إلى أن جميع الدورات الثلاث تقام في الفترة المسائية عند السادسة وحتى العاشرة مساء، وتقام في مكتبة النادي الأدبي والثقافي بجدة الواقعة في حي الشاطئ. ",
    "date_extracted": "2015-08-02 23:39:08"
}