{
    "url": "http://www.alyaum.com/article/4081408",
    "title": "النصر في التجربة الأقوى أمام السد القطري",
    "author": "أحمد العتيبي - الرياض",
    "content": " يخوض بطل الدوري السعودي في نسختيه الماضيتين فريق النصر اليوم الأحد في معسكره الإعدادي في النمسا المواجهة الودية الثانية أمام فريق السد القطري صاحب المركز الثاني في دوري نجوم قطر.\nويسعى المدير الفني لفريق النصر خورخي دا سيلفا إلى الزج بالقائمة الأساسية التي ينوي الدخول بها في مواجهة السوبر أمام الهلال المقررة في 12 من أغسطس الجاري، وبرغم الإصابات المتلاحقة للاعبي النصر إلا أن دا سيلفا أكّد قدرته في إيجاد توليفة مثالية تستطيع تحقيق نتائج ايجابية للفريق في المرحلة المقبلة.\nوكان المهاجم نايف هزازي قد شرع أمس في مرحلة العلاج الطبيعي المكثف بعد أن بيّنت الأشعة المقطعية التي أجراها في أحد المستشفيات وجود تمزق بسيط في أربطة المفصل، ويخضع هزازي لبرنامج علاجي على ثلاث مراحل من أجل تجهيزه لمواجهة السوبر، حيث يتوقع أن يكون ضمن قائمة البدلاء.\nوواصل الفريق أمس تدريباته بإقامة مناورة تدريبية شهدت تألقا لافتا للثنائي يحيى الشهري وأحمد عكاش.\nوكان المدرب خورخي دا سيلفا قد رفض نقل المواجهة فضائياً برغم تقدم قناتي أبوظبي والكأس بطلب نقل المباراة، لكن الطلب قوبل بالرفض من قبل دا سيلفا. وحددت إدارة النادي بالاتفاق مع الشركة المسوقة لملابس الفريق على بدء بيع قمصان الفريق الجديدة في العاشرة من الشهر الجاري في متجر النادي الرسمي. ",
    "date_extracted": "2015-08-02 23:38:55"
}