{
    "url": "http://www.alyaum.com/article/4081657",
    "title": "بعد «شبح الريم».. الإمارات تكشف «أشباح داعش»",
    "author": "الوكالات - أبوظبي",
    "content": " تتمدد منظمة «داعش» الإرهابية التي تدّعي أنها تدير دولة خلافة إسلامية، إلى مناطق جديدة.\nيوم أمس أعلنت دولة الإمارات المتحدة أن نيابتها العامة أحالت 41 متهماً من الإمارات وعدة جنسيات أخرى إلى المحكمة بتهمة تشكيل خلايا تابعة لـ «داعش» في الإمارات. وهي المرة الأولى التي تظهر خلايا تابعة للمنظمة الإرهابية في الإمارات.\nونقلت وكالة أنباء الإمارات عن النائب العام الإماراتي سـالم سعـيد كبيش قوله في بيان: إن المتهمين أعدوا الأسلحة النارية والذخائر وتواصلوا مع منظمات وجماعات إرهابية خارجية.\nوقال كبيش: «أسفرت التحقيقات التي أجرتها النيابة العامة عـن أنهم أنشؤوا وأسسوا وأداروا جماعة إرهابية داخل الدولة... بغية القيام بأعمال إرهابية داخل أراضيها». وأضاف أن المتهمين أطلقوا على أنفسهم اسم «مجموعة شباب المنارة».\nولم يحدد البيان المنظمات التي قال: إن المتهمين اتصلوا بها. ولكن كون الشبكة المضبوطة تسعى إلى قيام دولة خلافة، فالأرجح أنها تشكلت بأوامر من منظمة «داعش».\nوقال النائب العام الإماراتي: إن الخلية المضبوطة «تعتنق الفكر التكفيري الإرهابي المتطرف» وتعريض أمن البلاد «وسلامتها وحياة الأفراد فيها للخطر بما في ذلك قيادتها ورموزها وإلحاق». وقال أيضاً إن المجموعة تهدف إلى «الانقضاض على السلطة في الدولة لإقامة دولة خلافة مزعومة على نحو يتفق وأفكارهم ومعتقداتهم التكفيرية المتطرفة». وقال إن أفراد المجموع «أعدوا الأسلحة النارية والذخائر والمواد التفجيرية اللازمة بأموال جمعوها لهذا الغرض وتواصلوا مع منظمات وجماعات إرهابية خارجية وأمدوها باللازم من الأموال والأشخاص للاستعانة بهم في تحقيق أهدافهم وأغراضهم داخل الدولة».\nويبدو أن المجموعة تشكلت على شكل «خلايا» متخصصة في الأنشطة الهدامة في فترة زمنية طويلة نسبياً؛ إذ أخذ أفرادها وقتهم و«شكلوا فيما بينهم هيكلا إداريا تضمن لجانا وخلايا محددة المهام، واختصوا فيه أحدهم برئاسة الجماعة والإشراف العام على أعمالها وإصدار الأوامر والتعليمات، وتحديد الواجبات والأدوار لكل لجنة ووضع السياسة العامة والأهداف للجماعة ووسائل تحقيقها وكيفية التواصل مع جبهات القتال الخارجية وتقديم الدعم المادي لها ووضع التوجيهات والخطط، ونصّبوا آخر نائبا للرئيس اختصوه بالإشراف على الإدارات ومتابعة تنفيذ المقترحات والفعاليات».\nوقال إن افراد المجموعة سعوا إلى «استقطاب الشباب من أبناء الدولة وضمهم للجماعة وبث المعتقدات والأفكار التكفيرية المتطرفة في نفوسهم من خلال نشاط ظاهره ديني دعوي، ثم تدريبهم على الأعمال الإرهابية القتالية وتصنيع المتفجرات واستعمالها». وأقامت المجموعة مخيمات تدريب في الإمارات لم يحدد المسؤول الإماراتي مواقعها. وبين الخلايا التي شكّلتها المجموع خلية إعلامية لـ«إعداد وتسجيل ونسخ مواد إعلامية مسموعة ومرئية ومقروءة تروّج لأفكارهم وتحض على القتال بزعم أنه جهاد وتوزيعها على الأعضاء وعامة الناس وبثها على شبكة الإنترنت». \nوإحدى مهارات «داعش» هي الترويج الإعلامي في الإنترنت واستخدام تقنيات حديثة وتهدف إلى ترويع الناس وإظهار المنظمة على أنها باطشة وعنيفة وقاسية لإنجاح «إرهاب العدو». ولكن هذه الأساليب المتوحشة زرعت ردة فعل غاضبة في المجتمعات الإسلامية وفي المجتمعات العالمية. لكن المنظمة يبدو أنها لا تبالي حتى باتهامات المسلمين لها بأن تمارس دوراً خطيراً لتشويه الإسلام والتنفير منه في الأوساط العالمية.\nوفي 13 يوليو الماضي نفّذت دولة الإمارات حكم الإعدام في مواطنة تُدعى آلاء بـدر عبدالله، بعد القبض عليها بتهمة قتل مقيمة أمريكية وأم لثلاثة أطفال في مجمّع تجاري في ديسمبر الماضي، وشروعها بزرع قنبلة لقتل أجانب آخرين في قضية هزت المجتمع المحلي وعرفت باسم «شبح الريم».\nاستهداف دول الخليج\nوتهدد منظمة «داعش» الإرهابية المملكة ودول الخليج على وجه الخصوص والدول العربية. ومع أن المنظمة تعلن عداءها لإيران، لكنها لم تنفّذ أي عملية في الأراضي الإيرانية، مما يثير الشكوك عما إذا كانت المنظمة مرتبطة بحلف مع إيران التي على غرار منظمة داعش تنهض بأعمال عدوانية ضد المملكة ودول الخليج. وحينما بدأت عمليات «عاصفة الحزم» في 26 من مارس الماضي، لتحرير اليمن من تغوّل الحوثيين وحلفائهم في اليمن، لم تغضب سوى داعش وإيران والمنظمات الإرهابية التابعة لإيران. \nوتأوي إيران قادة ومقاتلين تابعين لمنظمة القاعدة الإرهابية، وهي المنظمة الأم لمنظمة «داعش». وفي 22 من يوليو 2013 فرّ مئات المعتقلين التابعين للقاعدة من سجني التاجي وأبوغريب شديدي الحراسة. ودارت اتهامات قوية بأن رئيس الوزراء العراقي -آنذاك نوري المالكي الموالي لإيران- قد دبر على نحو ما عملية الفرار، ليتوجه المعتقلون إلى سوريا، لتتمكن إيران من اتهام الثورة السورية بالإرهاب وتستطيع استقدام آلاف الموالين لها للدفاع عن نظام بشار الأسد باسم محاربة الإرهاب. وذلك ما حدث بالضبط. وكثير من نشاط «داعش» يصب دائماً في مصلحة إيران. ",
    "date_extracted": "2015-08-03 20:14:53"
}