{
    "url": "http://www.alyaum.com/article/4081512",
    "title": "اعتماد لجنة الطعون ومأموري ضبط المخالفات بانتخابات الأحساء",
    "author": "واس - الأحساء",
    "content": " اعتمد معالي وزير الشؤون البلدية والقروية رئيس اللجنة العامة للانتخابات البلدية المهندس عبداللطيف بن عبدالملك آل الشيخ, لجنة الفصل بالطعون والمخالفات في الانتخابات البلدية بالأحساء في دورتها الثالثة, برئاسة الدكتور أحمد الحليبي وعضوية الدكتور يوسف الجبر، والدكتور إحسان أبو حليقة .\nوأوضح أمين الأحساء رئيس اللجنة المحلية للانتخابات البلدية المهندس عادل بن محمد الملحم، أن لجنة الفصل بالطعون والمخالفات هي لجنة ترتبط بالوزير مباشرة لمنحها المزيد من الاستقلالية, ولتتمكن من القيام بعملها المهم الذي يرتكز على الحيادية وتلقي اعتراضات وطعون مختلف المشاركين بالعملية الانتخابية، لافتاً إلى أنه تم توفير مقر خاص باللجنة لممارسة مهامها بجانب فريق من المساندين .\nوبيّن الملحم، أن معالي وزير الشؤون البلدية والقروية رئيس اللجنة العامة للانتخابات البلدية اعتمد أسماء مأموري ومأمورات الضبط من الرجال والنساء موزعين على الدوائر الانتخابية بالأحساء ،ويتولون مهام ومسؤوليات ضبط المخالفات التي قد يرتكبها الناخبون أو المرشحون أو وكلائهم أو مساعديهم . ",
    "date_extracted": "2015-08-02 23:40:02"
}