{
    "url": "http://www.alyaum.com/article/4081244",
    "title": "هجر يستعد لمواجهة الرائد اليوم",
    "author": "فهد بوعائشة - كوجالي",
    "content": " يخوض فريق هجر مباراته الودية الثالثة في المعسكر مساء اليوم السبت أمام فريق الرائد بعد اعتذار فريق القادسية عن المباراة التي كان مقرراً لها امس الجمعة لظروف حجوزات السفر.\nوعلى ذات الصعيد وصل مساء أمس الاول رئيس مجلس إدارة نادي هجر سامي الملحم إلى مقر البعثة في مقاطعة كوجالي التركية؛ للوقوف على استعدادات الفريق وجاهزيته في المرحلة الثانية من الإعداد للموسم القادم، حيث تواجد في تدريبات الفريق الصباحية والمسائية والمعسكر.\nوواصل الفريق الأول لكرة القدم بنادي هجر تدريباته الإعدادية على فترتين صباحية ومسائية، حيث أجرى الفريق تمرينا صباحيا اعتمد على الجانب اللياقي والتكتيكي، فيما كانت الفترة المسائية مخصصة للتدريبات التكتيكية قبل أن يختتم الفريق برنامجه باجتماع فني في قاعات الاجتماعات الخاصة بمقر البعثة. ",
    "date_extracted": "2015-08-01 07:58:48"
}