{
    "url": "http://www.alyaum.com/article/4081279",
    "title": "كرام الوجيه",
    "author": "مطلق بن فالح ابوثنين",
    "content": " ﻻ ما يسد اللزوم وينطح الموجبات\nاﻻ كرام الوجيه بطيب وقفاتها\nشرواك يا اللي اعلومك كلها كايدات\nذخرٍ لنا من عنا بقعا وصكاتها\nيا سيّدي من عمل مثلك بعدة جهات\nعرف يحل القضايا واحتماﻻتها\nفالشرق راسي كما ترسي جبال السراة\nتحتار منّك هل الحيلة وحيلاتها\nالمنصب اللي تديره يا حميد الصفات\nعليه نهضة وطنّا وامتيازاتها\nما يستلم منصبك إﻻ الرجال الثقات\nاللي بعيدة خطاويها وهقواتها\nمحنّك بالسياسة تلمح المقبلات\nمن قبل تكتب وتقرا في سجلاتها\nفيْ سنينك الحاضرة وسنينك الماضيات\nاثبت للدولة انك من قياداتها\nﻷن يا سعود فيك من المحنّك سمات\nنايف عليه الشعوب تجر ويلاتها\nالنايف الحاكم العادل وثيق الصلات\nالحاكم اللي يحقق مستحيلاتها\nوجدك معزي موحّدها على المسرجات\nوعلى ظهور الأصايل لملم اشتاتها\nمغازي الفيصلي تهتال منها الرواة\nأقوى رجال العروبة وأكبر دهاتها\nخمسين عام على كيد وحروب العداة\nيزود عزمه على اﻷزمة وشداتها\nفتح له الله بيبان قبل مغلقات\nوجت له وفود الدول تبني علاقاتها\nوانتم هل الجاه وأهل الفضل والمكرمات\nدروعنا اللي نخليها لحزاتها\nوأنا لكم كل ما طقت حصاة حصاة\nمن عهد اﻻجداد ونوصي على وصاتها ",
    "date_extracted": "2015-08-01 07:59:16"
}