{
    "url": "http://www.alyaum.com/article/4081309",
    "title": "قداسة الرمز",
    "author": "عباس المعيوف",
    "content": " لا يمكن تذويب الإساءة للغير تحت أي مسمى كان فالعقل والذوق والدين والعرف ترفض ذلك قطعاً ولنا في رسول الله قدوة حسنة فقد قال في عدة مواضع «لَيْسَ هَدِيَّةٌ أَفْضَلَ مِنْ كَلِمَةِ حِكْمَةٍ تُهْدِيهَا لِأَخِيكَ، يزيده الله بها هدىً، أو يرده بها عن ردى» علينا الاقتداء بالنبي في تعامله مع الآخر غير المسلم فكيف بالمسلم نفسه مهما كان توجهه ورأيه ومنطلقه ما دام يؤمن بالشهادتين حرم ماله وعرضه.\nليس من حق أحد إهانة رموز الآخر المسلم فالاحترام جزء من ثقافة السلم الأهلي والتعايش السلمي، منها نفهم معنى فلسفة احترام قداسة الرمز وهذا ما أكد عليه القرآن الكريم في الآية المباركة «ولا تسبوا الذين يدعون من دون الله فيسبوا الله عدوا بغير علم كذلك زينا لكل أمة عملهم ثم إلى ربهم مرجعهم فينبئهم بما كانوا يعملون» والمقصود هنا عدم التعدي على أصنام قريش فتكون النتيجة عكسية ضدكم أيها المسلمون.\nحقيقة مهمة لابد من الالتفات إليها ودراستها بعمق وهي التأكيد على قصور بعض خطبائنا في هذا الاتجاه الحديث والمطلوب الآن القراءة المستفيضة حول ماهية هذه التيارات الجارفة للمجتمع تحت الإصلاح والتغيير والرد على شبهاتهم وتحذيرهم وذكر علامات تفكيرهم وكتاباتهم.\nالمشكلة تكمن عند هؤلاء في تملصهم من الشبهات فيطرحها ثم ينسحب ويبرر ذلك بعدم فهمه لك أو التبرير تحت معنى آخر وبالتالي نجد لكل حداثي رؤية تختلف تماما في المضمون والرؤية عن الآخر مما يسبب لك تشتتا وارتباكا في الصورة، والمضحك انفراد كل شخص باعتباره صاحب مدرسة ومشروع، فيصعب الحوار والنقاش والمتابعة لاختلاف المناهج إن كانت هناك مناهج فعلاً. والمثقف المحايد يرى بكل اعتدال أن الحداثيين لديهم عقدة من المؤسسة الدينية وشغف نحو تصيد الأخطاء، ولا يمكن اعتبار ذلك حقا مشروعا للفرد في المجتمع الإسلامي لأن نياتهم غالبا غير صادقة. ثقافة الحداثة ولدت وترعرعت في بيئة أوروبية وفق نظم وإرهاصات اقتصادية واجتماعية وسياسية ودينية تجاه طغيان وتمرد الكنيسة على عقول الناس والإسلام عكس ذلك تماماً.\nالرموز والمقدسات والكيان الديني من مذاهب وتيارات إسلامية ليست معصومة من الخطأ كما لا يحق نقدها إلا من قبل مختصين. إسلامنا قوي وسيبقى قويا إلى أن يرث الله الأرض ومن عليها.\nقال تعالى «الْيَوْمَ أَكْمَلْتُ لَكُمْ دِينَكُمْ وَأَتْمَمْتُ عَلَيْكُمْ نِعْمَتِي وَرَضِيتُ لَكُمُ الْإسْلامَ دِينًا». ",
    "date_extracted": "2015-08-01 07:58:12"
}