{
    "url": "http://www.alyaum.com/article/4081308",
    "title": "ورحل شاعر بني تميم",
    "author": "عبدالله عبدالعزيز العثمان",
    "content": " في يوم الإثنين الموافق 26/9/1436هـ، رحل عن هذه الدار الدنيا ذلك الرجل الفذ والشاعر الرمز، والقامة الكبيرة، والنموذج الحكيم، والعصامي الشيخ عبدالله بن علي بن صقيه التميمي، وقد صُلّي عليه بعد صلاة العصر يوم الثلاثاء الموافق 27/9/1436هـ، بمسجد الملك خالد في أم الحمام بالرياض، بحضور عدد كبير من الأعيان والمشائخ وجمع غفير من أهله وأقاربه وأصدقائه ومحبيه من مختلف مناطق المملكة في مشهد أشبه بزحام المصلين في صلاة الجمعة، بل وقد يزيد.. \nابن صقيه وهو بشهادة كل مَن عرفه عن قرب يشتهر «رحمه الله» بدماثة الخلق، ولين الجانب، وصدق المعاملة، وحسن المعشر، وسماحة المحيا، وسرعة البديهة، كما أنه يُعدُّ علمًا من أعلام الشعر والأدب والثقافة والفقه والسيرة في التاريخ المعاصر، فهو من الشعراء الذين أثروا الساحة الأدبية بقصائده الرائعة التي تنبض بالحكمة والبلاغة والمعاني السامية، حيث لُقّب بـ(شاعر بني تميم)، وله الكثير والكثير من القصائد الشهيرة والملاحم الشعرية في المدح والوصف وغيرها، وهو إضافة لكونه من كبار الشعراء في نجد والمملكة والوطن العربي في الوقت المعاصر، كما اشتهر بعلمه وإلمامه بعلوم الأنساب، وحفظه للمطوّلات من عيون الشعر.. وله كتاب «بنو تميم في بلاد الجبلين»، طبع ونشرت أول نسخة قبل 30 سنة، وهو يُعتبر من الدرر الثمينة. \nوله عدة دواوين أخرى مثل التميمي (ثمانية أجزاء). \nما زلت أتذكر قصيدته في وصف القهوة، وهو من أشهر مَن وصفها حين قال «يرحمه الله»: \nقم يا وديع السين والدال واعيها \nياللي طوابير المعادي تناحيها \nاحمس من البن المنقا على الغضا \nأوصيك بالتركيد ياللي تسويها \nاصحا اتحرقها فيكثر سريبها \nولا تجي نية تمرر حلاويها \nعن الجمر شطرها إلى فاح ريحها \nيلزمك يا قرم الولايد تحاظيها \nفي نجر ماو قدر شبرين دقها \nحسه يجيب اللي تكسر عزاويها \nلقم ببغدادية كن عنقها \nعنق المهاة المستحسة براميها \nعلى بكر لقمها لمن يستحقها \nولا ترد للنشامى ثناويها \nويسترسل الشاعر في هذا الوصف ليقول: \nالكيف يعبا للرجال النشامى \nما هو لناس ما تحسن مساعيها \nولا لدعبول يصفر على الضحا \nخمس الفرايض كلها ما يصليها \nولا لمن مهنته نقل النمايم \nهذيك ماخذها وهذيك معطيها \nرحم الله الفقيد الغالي الشيخ عبدالله بن علي بن صقيه التميمي، وجزاه خير الجزاء عن كل ما قدم وأسكنه الفردوس الأعلى من الجنة، وألهم أهله وذويه الصبر والسلوان والعزاء موصول لأبناء عمومته عبدالله بن عبدالعزيز الصقيه، وحسن بن عبدالعزيز الصقيه، والدكتور المحامي الشيخ أحمد الصقيه، وكافة عائلة آل صقيه، وقبيلة بني تميم.. «إنا لله وإنا إليه راجعون». ",
    "date_extracted": "2015-08-01 07:58:11"
}