{
    "url": "http://www.alyaum.com/article/4081500",
    "title": "بحث جديد يربط بين الجلوس لفترات طويلة ومرض السكري",
    "author": "رويترز",
    "content": " أكدت دراسة أن الأشخاص الذين يجلسون دون حركة لساعات يوميا ربما يكونون أكثر عرضة للإصابة بمرض السكري مقارنة بمن يتحركون لفترات أطول خلال اليوم.\nوقدم الباحثون أجهزة لقياس التسارع لنحو ألفي شخص لرصد تحركاتهم خلال ساعات الاستيقاظ لنحو أسبوع. وبعد خمسة أعوام وبالمقارنة مع الأشخاص الذين يجلسون لأقل من ست ساعات منذ بداية الدراسة فإن الاشخاص الذين يجلسون دون حركة لأكثر من عشر ساعات في اليوم زادت احتمالات إصابتهم بمرض السكري بواقع أربعة أمثال.\nوبالمقارنة مع الأشخاص الذي يجلسون لأقل من ست ساعات يوميا كان الأشخاص الذين يجلسون دون حركة لأكثر من عشر ساعات يوميا أكثر عرضة للإصابة باختلال في سكر الدم الذي كثيرا ما يتطور إلى مرض السكري.\nوقالت بيتاني بارون جيبس التي قادت الدراسة وهي باحثة في مجال الصحة والنشاط البدني في جامعة بيتسبرج \"بدأنا نؤمن أن كثرة الجلوس أمر مختلف عن عدم ممارسة الرياضة.\"\nوقالت في رسالة بالبريد الالكتروني \"الشخص الذي يجري لنصف ساعة يوميا ربما يجلس دون حركة لمدة 15 ساعة في العمل وفي وسائل النقل وفي المنزل وهذا الشخص ربما يصنف بأنه نشيط بدنيا لكنه كثير الجلوس أيضا.\"\nوتابعت \"ومن ناحية أخرى فربما لا يمارس عامل نظافة الرياضة قط لكنه قد يمضي معظم يومه وهو يتحرك بنشاط خفيف. هذا الشخص لا يكون نشيطا بدنيا لكنه ليس كثير الجلوس.\"\nوفي البحث الذي نشر في مطبوعة (ديابيتيس كير) اكتشفت جيبس وزملاؤها صلة بين عدم النشاط والإصابة بالسكري بين 2027 شخصا تتراوح أعمارهم بين 38 و 50 عاما ويعانون من زيادة في الوزن.\nوأقرت جيبس أن من عيوب الدراسة إنها قاست النشاط مرة واحدة فقط في البداية مما يجعل من المستحيل معرفة ما إذا كانت أنماط ساعات الجلوس قد تغيرت مع الوقت. ",
    "date_extracted": "2015-08-02 23:39:30"
}