{
    "url": "http://www.alyaum.com/article/4081070",
    "title": "11 دورية «رسمية وسرية» لاختناقات طريق الملك فهد",
    "author": "أحمد العدواني ـ الدمام",
    "content": " خصصت إدارة مرور المنطقة الشرقية 5 دراجات راجلة و4 دوريات رسمية ودوريتين سريتين لطريق الملك فهد وسط الدمام «الدمام الخبر السريع» بعد أن شهد منذ يوم الاثنين الماضي، وتحديدا أمام جسر اسكان الدمام، اختناقا مروريا مع الساعات الأولى من الصباح، وهو اليوم الأول الذي تم فيه إغلاق الجسر لإجراء أعمال الصيانة، حيث اكتظت التحويلة البديلة بطوابير من السيارات التي لم تتحمل الضغط الهائل من السيارات القادمة من الدمام باتجاه الخبر.\nوأكد بيان المرور الذي خص به «اليوم» تواجد ضابط الميدان على مدار الـ 24 ساعة وتعزيز الحركة المرورية بهدف الانسيابية نظرا لوجود صيانة في الجسر.\nوأكد البيان انه يسمح بتحريك السيارات في الحوادث البسيطة التي لا ينتج عنها تلفيات أو إصابات في طرقات المنطقة وطريق الملك فهد تحديدا دون انتظار مباشرة الحادث من قبل دوريات المرور أو دوريات شركة «نجم».\nوبين أنه من أجل تسيير حركة المرور يسمح بتحريك المركبات المشتركة في الحوادث البسيطة، ومن ثم استدعاء نجم لإكمال إجراءات الحادث وأخذ الأوراق اللازمة، واشار البيان إلى أن أغلب إغلاقات الطرق والمخارج تكون بسبب الحوادث البسيطة التي تقع في تلك الطرقات، التي لا يتم فيها تحريك المركبات لتسهيل تدفق الحركة المرورية مع علم كثيرين بأن النظام يسمح بتحريك مركباتهم من الموقع.\nوأشار المرور إلى ان الطريق يشهد انخفاض الحوادث الكبيرة والخطيرة وأنه تم تكثيف عمل دوريات المرور، حيث يوجد دراجات مرور تغطي طريق الملك فهد تعمل على فك الاختناقات التي قد تقع نتيجة الحوادث البسيطة. وأضاف أن عدد الحوادث المرورية البسيطة التي وقعت في طريق الملك فهد خلال اليومين الماضيين بلغت نحو 30 حادثا مروريا بسيطا، لم تسفر عن إصابات بشرية.\nودعا المرور قائدي المركبات إلى اتباع قواعد وأنظمة السلامة المرورية وتحريك السيارات من الطريق في الحوادث البسيطة التي لا تسفر عن تلفيات في المركبة او إصابات في الأرواح للمساهمة في تسهيل الحركة المرورية في الطريق ومنع الاختناقات التي قد تنتج عن الحادث البسيط..\nيشار الى ان ادارة الطرق أوضحت في بيان لها امس أن العمل بطريق الملك فهد (الدمام الخبر السريع) وبالتحديد بجسر إسكان الدمام يتمثل في استبدال وإصلاح لأربعة من فواصل التمدد للجسر، منها فاصلان على الطريق الرئيسي وفاصلان آخران على طريق الخدمة. وقال اليامي: إنه قد تم البدء حالياً في جسري الطريق الرئيسي بعد أن تم تحويل حركة السير من الطريق الرئيسي الى طرق الخدمة، بعمل تحويلة مرورية بالتنسيق مع ادارة مرور المنطقة الشرقية. ",
    "date_extracted": "2015-07-31 04:23:04"
}