{
    "url": "http://www.alyaum.com/article/4081426",
    "title": "حوالات بنكية تمنح الوحدة الضوء الأخضر‏",
    "author": "خالد علي - مكة المكرمة",
    "content": " تقوم إدارة الوحدة اليوم بتزويد لجنة الاحتراف وأوضاع اللاعبين بالاتحاد السعودي لكرة القدم بالحوالات البنكية لمرتبات اللاعبين المحترفين في النادي بعد أن قامت بتسديد مستحقات اللاعبين حتى شهر مايو 2015 وهي ستة رواتب مستحقة من شهر ديسمبر 2015، وينتظر أن تحسم اللجنة بعد سداد المرتبات المتأخرة إضافة لحل الكثير من ملف الشكاوي- موضوع منع النادي من قيد اللاعبين المحترفين في كشوفات النادي بالموسم الكروي الجديد.\nمن جهة أخرى عاود الفريق الكروي الأول بنادي أمس تدريباته الصباحية والمسائية بمعسكره الخارجي بمصر بعد أن تمتع اللاعبون بالراحة التي منحت لهم يوم أول أمس من قبل الجهاز الفني لتخفيف الضغط على اللاعبين من التدريبات اليومية الصباحية، وركز خوان رودريجير المدير الفني للفريق في التدريب المسائي على معالجة الأخطاء التي وقع فيها اللاعبون وأخضع اللاعبين لبعض التدريبات التكتيكية التي يهدف لتطبيقها في التجربة التي سيخوضها فريقه مساء الغد أمام حرس الحدود.\nمن جهة ثانية طمأن الجهاز الطبي بالفريق أنصار النادي على اللاعب عبدالرحمن السعيد الذي تعرض للإصابة في مباراة الإسماعيلي التجربية أجبرته على مغادرة أرض المباراة حيث أكد الجهاز الطبي أن اللاعب بخير وأن إصابته عبارة عن كدمة بسيطة ولن تعيقه عن المشاركة في تدريبات الفريق. ",
    "date_extracted": "2015-08-02 23:41:05"
}