{
    "url": "http://www.alyaum.com/article/4081093",
    "title": "جون يصف بلاتر بـ«آكل لحوم البشر»",
    "author": "أ ف ب - سيول",
    "content": " رفع الملياردير الكوري الجنوبي تشونغ مون-جون وتيرة التحدي في السباق الى رئاسة الاتحاد الدولي لكرة القدم «فيفا» بعدما وصف الرئيس المستقيل السويسري جوزف بلاتر بـ«آكل لحوم البشر» ومنافسه في الانتخابات المقررة مطلع 2016 الفرنسي ميشال بـ«أضحوكة» غير جديرة بالثقة.\nويبدو بلاتيني (60 عامًا) مرشحًا قويًا في الانتخابات المقررة في 26 فبراير عام 2016 ليصبح الرئيس التاسع للفيفا، خصوصًا انه لقي دعم 4 اتحادات هي اوروبا وآسيا وأمريكا الجنوبية والكونكاكاف، فيما تبدو حظوظ المرشحين الاخرين قليلة جدًا ومن بينهم تشونغ، نائب رئيس فيفا السابق الذي كشف أنه سيعلن ترشحه رسميًا الاسبوع المقبل، متعهدًا أنه في حال انتخابه لن يبقى على رأس السلطة الكروية العليا لأكثر من ولاية واحدة من أربعة اعوام.\n«بإمكاني تحقيق برنامجي خلال هذه الأعوام الاربعة، جاعلًا من فيفا منظمة غير حكومية بكل ما للكلمة من معنى.. مفتوحة، شفافة، اخلاقية وعالميًا حقًا»، هذا ما قاله رئيس الاتحاد الكوري السابق ومالك القسم المهيمن من اسهم مجموعة هيونداي العملاقة في مقابلة مع وكالة «فرانس برس» من سيول. ",
    "date_extracted": "2015-07-31 04:24:21"
}