{
    "url": "http://www.alyaum.com/article/4081222",
    "title": "كيف يخرج الأسد ونصر الله من «فيتنام» اليرموك؟!",
    "author": "صفاء قره محمد ـ بيروت",
    "content": " الحالة المأساوية التي يعيشها مخيم اليرموك والمعاناة التي حلت بسكانه، منذ بدء الحرب السورية، لم يكن ينقصها سوى عمليات عسكرية أو براميل متفجرة سيتكرم النظام السوري بها على المخيم ليمحوه عن بكرة أبيه، وسط توقعات عن أن \"فيتنام اليرموك\" سيشهد معارك طاحنة بين النظام و\"حزب الله\" من جهة وجبهة \"النصرة\" وداعش من جهة أخرى، أما من الناحية الإنسانية، فيبدو أن التاريخ أمام مجزرة جديدة شبيهة بمجزرة صبرا وشاتيلا في العام 1982، أما من الجهة الاقتصادية والبشرية فحدث ولا حرج، فنحن أمام فصول جيديدة من النزوح باتجاه لبنان الذي ضاق ذرعاً من عدد النازحين وسط مخاوف عن دخول إرهابيين إليه، إضافة إلى أزمة اقتصادية وإنسانية جديدة سيشهدها هذا البلد، إلا أن السؤال، كيف سيخرج بشار الأسد وحسن نصرالله من \"فيتنام\" اليرموك؟!\nلا خيار عسكري\nتوقع الخبير العسكري والعميد المتقاعد نزار عبد القادر في حديث خاص لـ\"اليوم\"، أن \"ليس للنظام السوري أي خيار عسكري في مخيم اليرموك\"، قائلاً: \"لقد سبق للنظام مع حلفائه الإيرانيين و\"حزب الله\" أنه قرر وخطط القيام بهجوم مزدوج باتجاه القنيطرة ومحور درعا إلا أنه تبين بعد ثلاثة أيام أن هذا الهجوم قد توقف وبالعكس قامت فصائل المعارضة بتحقيق نجاحات بارزة، وهذا يدل على أن الاندفاعة التي تقوم عليها عناصر عديدة أسقطت لدى قوات النظام وحتى حلفاؤهم الذين شعروا بالتعب بسبب المعركة الطويلة بمن فيهم \"حزب الله\"\".\nأضاف: \"نجد اليوم في اليرموك هجوم \"داعش\" منصب على فصائل سورية متحالفة مع النظام سواء أكانت الجبهة \"الشعبية ـ القيادة العامة\" أو منظمة \"أنصار بيت المقدس\" ومنظمة \"حماس\"، لذا أنا أعتقد بأنه لو كان النظام اعتمد سياسة التدخل لكان تدخل في بداية المعركة من أجل ترجيح الكفة لصالح حلفائه بدل أن يخسر الأرض ومن ثم يتم استعادتها، كون الاستعادة أصعب بكثير من المحافظة عليها عسكرياً، خصوصاً في مناطق كثيفة البنيان وحرب شوارع وأزقة، حيث تبقى العملية الدفاعية أسهل بكثير من العملية الهجومية وبخسائر أقل\".\nورأى الخبير العسكري أن \"كل ما يمكن أن يقوم به النظام هو تحويل المخيم واتباع السياسة ذاتها التي كان يتبعها مع بعض بلدات ريف دمشق مثل دوما كبراميل متفجرة وقصف مدفعي وصاروخي كثيف من حين إلى آخر\".\nولفت إلى أن معركة اليرموك \"تعني شيئا جديدا لتنظيم \"داعش\"، حيث يبدو لي أن \"داعش\" بدأ يشعر أنه قد يتعرض لخسائر كبيرة أو قد يخسر الأرض سواء في العراق أو في بعض المناطق السورية كالرقة، التي أقام عليها دولة الخلافة ولأنه بات يشعر أنه لا بد أن تكون له مناطق يحتلها ويقيم عليها نوعا من البؤر العسكرية، ضمن هذا المزيج الهائل من التواجد العسكري المعارض لمختلف فصائل المعارضة، وهذا يظهر بشكل واضح في مخيم اليرموك، لأن هذا المخيم سبق وأن كان موضع اتفاقات لأجل تحييده، إلا أن \"داعش\" جاء اليوم ليقول: \"لا للتحييد وأنا سأعيد ملء هذا الفراغ الذي خلفته فصائل الثورة الأخرى\". \nوختم: \"هناك تطور آخر يدل على هذا الموضوع، حيث إنه بدلاً من أن يبقى في الرقة والموصل وأن تكون هذه أرضه بإمكانه الدخول في أماكن انتشار بقية فصائل الثورة، بحيث تكون خسارته فيها أقل وهذا يظهر أيضاً في ريف حلب الشمالي\".\nجبهات النظام الأخرى\nوأوضح الكاتب والمحلل السياسي يوسف دياب، في حديث خاص لـ\"اليوم\"، أن \"معركة اليرموك سببها ما قيل عن أن النظام السوري مع \"حزب الله\" اتخذا قراراً بالمعالجة العسكرية لأزمة مخيم اليرموك وسقوطه في قبضة \"داعش\" والتنظيمات المسلحة الأخرى\"، قائلاً: \"بالتأكيد ستكون معركة اليرموك مفصلية وأساسية في مسار الحرب، ليس في سوريا فحسب، إنما ما يتعلق منها بمعركة دمشق، لأن مخيم اليرموك يقع على البوابة الشرقية للعاصمة السورية وهو مفتاحها إلى منطقة الغوطة التي لم يفلح النظام في استردادها من قوى المعارضة حتى الآن.\nثانياً: المعلوم أن المخيم هو بقعة مدججة بالسلاح الذي كان بمتناول التنظيمات الفلسطينية الموجودة بداخله وهذا السلاح أصبح بيد القوى المسيطرة على المخيم (داعش وتوابعها)، لذلك فإن المواجهة العسكرية المحتملة ستطول لأشهر عديدة حتى ولو اعتمد نظام الأسد معادلة الأرض المحروقة ودمر المخيم عن بكرة أبيه بالطائرات والصواريخ والبراميل المتفجرة، وبالتالي ستكون الأكلاف العسكرية والبشرية مرتفعة جداً وستؤدي إلى استنزاف قوات الأسد وحلفائها.\nثالثاً: إن جبهة اليرموك ستضعف جبهات النظام الأخرى سواء في دمشق أو في محيطها، وستعزز البؤر العسكرية العائدة للمعارضة في دمشق وأطرافها، خصوصاً في حي جوبر والمسلك الجنوبي وجبهات الغوطتين وامتداداً إلى ريف دمشق، ومنها منطقة القلمون التي تشكل الخاصرة الرخوة للنظام\".\nأما في الناحية الإنسانية، فأكد دياب أنه \"إذا ما وقعت هذه المواجهة فسنكون أمام مجازر هي الأسوأ في تاريخ المنطقة، وربما في تاريخ البشرية، ويبدو أن حصار التجويع المفروض على اليرموك منذ أكثر من سنتين وتسبب بموت الآلاف جوعاً وعطشاً، ونتيجة للأمراض والأوبئة سيتبع بإبادة جماعية قد تكون مجزرة صبرا وشاتيلا التي ارتكبها شاروون أكثر إنسانية منها بمسافات ضوئية\".\nأما من الناحية الاقتصادية، فقد ختم المحلل السياسي: \"إن أعباء هذه الأزمة سترتد على لبنان حصراً، فإذا ما فتح الباب أمام إخلاء المخيم من المدنيين فإن الآلاف منهم سيغادرونه إلى لبنان للالتحاق بأقاربهم في المخيمات اللبنانية، وهذا ما يرتب أعباء إضافية على ميزانية الدولة اللبنانية العاجزة أساساً عن سد حاجات النازحين المقيمين حالياً على الأراضي اللبنانية عدا عن المتطلبات الطبية والتعليمية، كما أن المخاطر الأمنية عن هذا النزوح ستتراكم لأنها قد تحوّل المخيمات إلى بؤر أمنية متفاعلة أكثر مع التطورات في الداخل أو الخارج عدا عن توقعات بأن يكون بين النازحين الجدد إلى لبنان مسؤولون عسكريون في تنظيمات فلسطينية ستثير حساسية الأجهزة الأمنية اللبنانية وتتطلب ملاحقتها ومراقبتها\". ",
    "date_extracted": "2015-08-01 07:57:47"
}