{
    "url": "http://www.alyaum.com/article/4081210",
    "title": "كلية مجتمع بقيق تستعد لاستقبال 400 طالب وطالبة",
    "author": "فادي الجمل - بقيق",
    "content": " أنهت كلية مجتمع بقيق التابعة لجامعة الملك فيصل استعداداتها لاستقبال أكثر من 400 طالب وطالبة من الطلاب القدامى، والجدد المنتظمين في برامج الدبلوم للعام الجامعي 1437/1436هـ. \nوأوضح عميد الكلية الدكتور مهنا الدلامي أن كلية المجتمع حظيت بمتابعة وتوجيه مدير الجامعة الدكتور عبدالعزيز الساعاتي، والدكتور عبدالرحمن العنقري لإنهاء كافة استعداداتها لاستقبال أكثر من 400 طالب وطالبة سينتظمون في الدراسة بالكلية خلال العام الدراسي 1436-1437هـ .\nوبين أن إدارة الكلية خلال اليوم الأول من الدراسة (يوم التهيئة) ستقوم بشرح آلية ونظام الدراسة في الكلية للطلبة الجدد، ونوعية التخصصات، وعلاقتها بسوق العمل.\nكما سيتم إيضاح طريقة احتساب المعدل التراكمي لهم خلال دراستهم بالكلية في التخصصات المتاحة وهي: برنامج ادارة الموارد البشرية، وبرنامج التأمين، وإدارة المخاطر، بالإضافة إلى برنامج السكرتارية الطبية والمخصص للطالبات، علما بأن جميع برامج الدبلوم التي سيتم تدريسها في الكلية برامج مطلوبة ومتوافقة مع سوق العمل.\nكما سيشتمل يوم التهيئة على العديد من الفقرات المنوعة الهادفة للطلاب والطالبات. ",
    "date_extracted": "2015-08-01 07:58:38"
}