{
    "url": "http://www.alyaum.com/article/4081454",
    "title": "كلينتون تدعو إلى إنهاء الحصار الأمريكي على كوبا",
    "author": "أ ف ب - ميامي",
    "content": " دعت وزيرة الخارجية الأمريكية السابقة المرشحة لانتخابات الحزب الديموقراطي للرئاسة الأمريكية هيلاري كلينتون الجمعة مجددًا الى انهاء الحصار الامريكي المفروض على كوبا.\nوقالت كلينتون في كلمة في ميامي التي تضم اكبر جالية كوبية في الولايات المتحدة: «نحن في حاجة الى انهاء الحصار المفروض على كوبا نهائيًا».\nوجاء كلام كلينتون بعد حوالى اسبوعين من اعادة فتح السفارتين في عاصمتي الدولتين، في خطوة انهت اكثر من نصف قرن من القطيعة الدبلوماسية.\nوكانت وزيرة الخارجية الامريكية بين 2009 و2013 تؤيد علنا تطبيع العلاقات مع كوبا اي قبل التقارب الذي اعلن عنه في ديسمبر الماضي من قبل الرئيسين الامريكي باراك اوباما والكوبي راوول كاسترو.\nوكانت تدعو خصوصًا الى رفع الحظر الاقتصادي المفروض على الجزيرة الشيوعية منذ العام 1962.\nوفي مواجهة معارضة الجمهوريين الذين يشكلون غالبية في الكونغرس، والذين حذروا من انهم سيفشلون التصويت على رفع الحصار، رأت كلينتون ان الانتخابات الرئاسية العام 2016 ستكون حاسمة في هذا الشأن. ",
    "date_extracted": "2015-08-02 23:40:57"
}