{
    "url": "http://www.alyaum.com/article/4081373",
    "title": "7حدائق جديدة في أحياء مدينة نجران",
    "author": "واس - نجران",
    "content": " تنفذ أمانة منطقة نجران حالياً عدداً من الحدائق الجديدة داخل أحياء مدينة نجران بتكلفة إجمالية بلغت 9.897.953 ريالًا.\nوأوضح أمين المنطقة المهندس فارس الشفق، أن الحدائق تقوم بدور اجتماعي من خلال خدمة سكان الأحياء وتوفير جو ترفيهي للعائلات والشباب على حد سواء، سعياً من الأمانة إلى تحقيق التوازن البيئي ودعم قطاع الترفيه.\nمن جانبه، بين وكيل الأمين للتعمير والمشاريع المهندس علي بن محمد آل حرفش، أنه يتم حالياً إنشاء 7 حدائق وساحات وممرات مشاة في عدد من الأحياء السكنية داخل مدينة نجران، على مساحة تبلغ66,000 متر مربع، وتشمل حي الأملاح، وحي الفيصلية، وحي الفهد الشمالي، تحتوى على ملاعب رياضية مخصصة للأطفال، وملاعب لكرة القدم، وكرة السلة، وكرة الطائرة، و\"100\" عمود إضاءة ديكورية، في حين تبلغ المساحة المزروعة \"14،000\" متر مربع من المسطحات الخضراء وأشجار الظل، والنخيل، إضافة إلى تجهيزها بالمظلات والمشايات والألعاب الرياضية.\nوأفاد أن أمانة منطقة نجران ستواصل زيادة المسطحات الخضراء والتشجير في جميع المواقع المتاحة لتكون متنفساً لأهالي المنطقة وزوارها، من خلال إنشاء الحدائق العامة والساحات البلدية ومشروعات التجميل. ",
    "date_extracted": "2015-08-02 23:40:21"
}