{
    "url": "http://www.alyaum.com/article/4081419",
    "title": "الخليج  يكرم «المرزوق» ويتجول في مدريد",
    "author": "حسام النصر - سيهات",
    "content": " كرمت بعثة الفريق الأول لكرة القدم بنادي الخليج، برئاسة فوزي الباشا، من مقر إقامتها في اسبانيا الداينمو الخلجاوي وهبي المرزوق، والذي يعد أحد أبرز المخلصين، والذي لم يتغيب عن النادي يوماً واحداً، منذ أن كان لاعباً، وانضم بعدها للكادر الإداري للفريق بجانب الجهود المميزة التي يقدمها للاعبين طيلة أيام المعسكر، وعلاقته الوطيدة بجميع اللاعبين، إذ يعتبر المرزوق من الكوادر التي عملت مع جميع إدارت الخليج المتتالية خلال الـ ٣٠ عاماً الذي تواجد فيها في نادي الخليج. من جهة أخرى، تجولت بعثة الدانة في ساحات وشوارع العاصمة الإسبانية مدريد في اليوم الحر الذي منحهم إياه الجهاز الفني، وشملت رحلة البعثة إلى مدريد زيارة استاد السنتياغو برنابيو ( ملعب نادي ريال مدريد ) ومرافقه والتقاط الصور التذكارية، بجانب التسوق الحر وتناول وجبة الغداء الجماعية بحضور رئيس النادي فوزي الباشا. وفي نفس السياق يستعد الفريق الخلجاوي للبدء في المرحلة الأخيرة من المعسكر الإعدادي والذي سيشمل مبارتين وديتين قبل أن يعود لأرض المملكة، يوم الجمعة القادم. ",
    "date_extracted": "2015-08-02 23:41:02"
}