{
    "url": "http://www.alyaum.com/article/4081056",
    "title": "صندوق النقد الدولي يقدم مساعدة عاجلة إلى العراق لمواجهة «داعش»",
    "author": "أ ف ب - واشنطن",
    "content": " قدم صندوق النقد الدولي مساعدة عاجلة الى العراق بقيمة 1,2 مليار دولار لمواجهة التداعيات الاقتصادية الناتجة من هجوم تنظيم داعش وتدهور اسعار النفط.\nوقال الصندوق في بيان ان هذا القرض الذي سيسدد فورا من شانه مساعدة العراق في مواجهة هذه \"الصدمة المزدوجة\" التي تعرضت لها موازنة الدولة العراقية وتسببت بخفض احتياطها النقدي. ",
    "date_extracted": "2015-07-31 04:23:57"
}