{
    "url": "http://www.alyaum.com/article/4081348",
    "title": "الأمن المصري يحبط محاولة تسلل 130 شخصًا إلى ليبيا",
    "author": "واس - القاهرة ",
    "content": " أحبطت الأجهزة الأمنية المصرية محاولة تسلل 130 شخصًا إلى الجانب الليبي بطريقة غير مشروعة عبر الدروب الصحراوية بالسلوم.\nوأفاد مصدر أمني مصري مسؤول بمديرية أمن مطروح في تصريح له اليوم بأن المضبوطين من بينهم 128 شخصًا من 12 محافظة مصرية، إضافة إلى سودانيين اثنين، مشيرًا إلى أنه جرى اتخاذ جميع الإجراءات القانونية اللازمة حيال المضبوطين، وإحالتهم إلى النيابة للتحقيق معهم. ",
    "date_extracted": "2015-08-01 14:39:12"
}