{
    "url": "http://www.alyaum.com/article/4081197",
    "title": "اختتام ملتقى صيفي مركز بني حرير",
    "author": "واس - الباحة",
    "content": " اختتمت أمس الأول فعاليات الملتقى الصيفي الثالث لمكتب الدعوة والإرشاد ولجنة التنمية الاجتماعية في مركز بني حرير وبني عدوان بحضور محافظ القرى عبدالله بن زايد الحربي، وذلك في مقر المركز الرياضي في قرية الصحوات.\nوتخلل الحفل الخطابي المعد بهذه المناسبة كلمة لرئيس مركز بني حرير وبني عدوان محمد بن معيض الفائز نوه فيها إلى جهود القائمين على الملتقى وما تضمنه من فعاليات دعوية ورياضية وثقافية استهدفت جميع أبناء وزوار المركز من المصطافين، مؤكدًا أهمية إقامة مثل هذه الملتقيات التي تعود بالنفع والفائدة على المجتمع بجميع فئاته.\nواستعرض أهم المشروعات التنموية التي سيشهدها المركز في المستقبل القريب بإذن الله، متمنيًا أن تحقق تلك المشروعات الأهداف المرجوة منها لخدمة أهالي المركز.\nثم توالت فقرات الحفل التي تضمنت إبراز مناشط ومنجزات مكتب الدعوة والإرشاد ولجنة التنمية الاجتماعية. وفي ختام الحفل تم تكريم الداعمين والمنظمين للملتقى، كما تُوج الفريق الفائز بالدورة الرياضية لكرة القدم بالكأس والميداليات الذهبية، والسحب على الجوائز وتذاكر الطيران والهدايا التذكارية للأطفال والحضور. ",
    "date_extracted": "2015-08-01 07:58:31"
}