{
    "url": "http://www.alyaum.com/article/4081249",
    "title": "النصر يستعد لتقديم الحوالات البنكية للاحتراف‏",
    "author": "فهد السبيعي - الرياض",
    "content": " تستعد لجنة الاحتراف بالاتحاد السعودي لكرة القدم، للإعلان عن السماح لنادي النصر بتقييد لاعبيه الجدد فور تقديم إدارة الأخير للمستندات الخاصة بالحوالات البنكية لمرتبات لاعبيه المحترفين، بعد تلقيها دعما ماليا يفوق عشرين مليون ريال، من عدد من أعضاء الشرف، والذين لا يرغبون في ظهور اسمائهم للإعلام. \nوكان رئيس اللجنة الدكتور عبدالله البرقان، قد أعلن مسبقا أن النصر من ضمن الأندية التي لا يوجد عليه شكاوى تمنعه من التسجيل غير أنه لم يقدم تلك الحوالات البنكيه لمرتبات اللاعبين المحترفين. وتسعى إدارة النصر إلى الإسراع في إنهاء قيد اللاعبين الجدد للسماح لهم بمشاركة الفريق في مباراته أمام فريق الهلال في السوبر اللندني، منتصف شهر أغسطس الجاري . ",
    "date_extracted": "2015-08-01 07:58:52"
}