{
    "url": "http://www.alyaum.com/article/4081187",
    "title": "إنتاج أوبك يسجل مستوى مرتفعا جديداً في يوليو",
    "author": "رويترز - لندن",
    "content": " أظهر مسح لوكالة أنباء رويترز نشرت نتائجه اليوم الجمعة أن إنتاج منظمة البلدان المصدرة للبترول (أوبك) بلغ أعلى مستوياته الشهرية في السنوات الأخيرة في يوليو حيث لم يبد الأعضاء الرئيسيين بالمنظمة أي تردد في التركيز على حماية حصتهم بالسوق بدلا من دعم الأسعار.\nوأشار المسح إلى أن معروض الإمدادات من أوبك ارتفع إلى 32.01 مليون برميل في يوليو من 31.87 مليون برميل يوميا بعد التعديل في يونيو ، ويستند المسح إلى بيانات ملاحية ومعلومات من مصادر بشركات نفط وأوبك وشركات استشارية.\nورفعت المنظمة الإنتاج أكثر من 1.7 مليون برميل يوميا منذ أن قررت في نوفمبر 2014 حماية حصتها في السوق من ارتفاع إنتاج المنافسين ، وقد يزيد الاتفاق الذي توصلت إليه إيران والقوى العالمية هذ الشهر بخصوص أنشطة طهران النووية من المعروض في السوق عام 2016 ، ويمثل إنتاج الدول 12 الأعضاء في أوبك في يوليو أعلى مستوياته منذ بدء تسجيل بيانات مسح رويترز في 1997.\nوجاءت أكبر زيادة في الإنتاج من العراق الذي كان أحد المحركات الرئيسية لارتفاع إنتاج أوبك هذا العام ،وقفزت الصادرات من جنوب العراق فوق ثلاثة ملايين برميل يوميا بينما ظلت صادرات شمال العراق عبر ميناء جيهان التركي قرب مستويات يونيو حزيران رغم التوتر بين بغداد وحكومة إقليم كردستان بسبب مدفوعات الموازنة.\nوقالت مصادر في المسح إن السعودية أكبر منتج في أوبك أبقت على حجم الإنتاج مستقرا أو أعلى من يونيو الذي سجل مستوى قياسيا في الوقت الذي تلبي فيه الرياض ارتفاع الطلب العالمي والطلب المحلي من محطات الكهرباء والمصافي. ",
    "date_extracted": "2015-07-31 19:28:58"
}