{
    "url": "http://www.alyaum.com/article/4081402",
    "title": "جمعية السكر تقيم محاضرة تثقيفية لـ 200 شخص",
    "author": "جعفر الصفار - القطيف",
    "content": " قدمت الجمعية السعودية للسكر والغدد الصماء محاضرة تثقيفية لأكثر من 200 شخص من مختلف الأعمار لمدة يومين، وذلك بالتعاون مع النادي الموسمي ببلدة القديح بمحافظة القطيف.\nوتواجدت الجمعية خلال اليومين عبر خمسة أركان يتنقل بينها الزائر للتعرف على كل ما هو صالح لصحته، فمرة يتعرف على ماهية مرض السكر، ومرة أخرى يتعرف على الأغذية المفيدة وغير المفيدة، ويطمئن على صحته من خلال الفحص على السكر وقياس الضغط، وفي نهاية المطاف يتعرف الزائر على حساب وزنه المثالي.\nوأعرب مدير النادي الموسمي سعيد المطرود عن شكره وامتنانه لهذا الحضور المميز وغير المستغرب لجمعية السكر والغدد الصماء التي شاركت في هذه الحملة بأكثر من 25 طبيبا متطوعا، مضيفا بأن النادي الموسمي بالقديح يعد من أوائل الأندية الموسمية بالمنطقة الشرقية التي أقامت مثل هذه الحملات التوعوية لخدمة المجتمع. \nوأوضح رئيس مجلس إدارة الجمعية السعودية للسكر والغدد الصمّاء عبدالعزيز بن علي التركي، أن مشاركة الجمعية تأتي انطلاقا من الدور الحيوي الذي يقوم به المركز وجهوده الموجهة نحو دعم التعليم والارتقاء بالمستوى التثقيفي والتوعوي لدى الناشئة. لافتا إلى أن الجمعية للسكر أقامت عدة حملات بهدف نشر الوعي الصحي والسليم والتثقيف الصحي بشكل عام في أمراض السكري والغدد الصماء. مشيراً إلى أن مشاركة الجمعية في النادي الموسمي بالقديح، تركزت على توعية المشاركين بأهمية التوازن في المأكولات وعدم الإكثار من الأكلات التي تحتوي على السكريات والنشويات بمعدلات كبيرة، والتركيز على الأكلات ذات القيمة الغذائية المفيدة للجسم. ",
    "date_extracted": "2015-08-02 23:40:34"
}