{
    "url": "http://www.alyaum.com/article/4081530",
    "title": "أرسنال يهزم تشيلسي بهدف تشامبرلين ويتوج بلقب الدرع الخيرية",
    "author": "لندن - (د ب أ)",
    "content": " توج فريق أرسنال لكرة القدم بلقب بطولة الدرع الخيرية لكرة القدم (كأس السوبر الإنجليزي) اثر تغلبه على فريق تشيلسي اليوم الأحد بهدف دون رد.\nوأحرز هدف أرسنال أليكس تشامبرلين في الدقيقة .24\nويعد هذا اللقب هو السادس لفريق أرسنال والثاني له على التوالي حيث كان قد حقق لقب البطولة العام الماضي عندما تغلب على مانشستر سيتي 3 / صفر.\nوكان تشيلسي قد حصل على لقب البطولة في ثلاث مرات سابقة.\nوتعد هذه هي المباراة الرسمية الاولى لحارس المرمي بيتر تشيك مع أرسنال، بعد انضمامه للفريق هذا الصيف بعد 11 موسما قضاها في صفوف تشيلسي.\nوانتقل تشيك 33/ عاما/ إلى أرسنال في حزيران/يونيو الماضي بعدما أحرز 13 لقبا مختلفا في البطولات الكبيرة مع تشيلسي كما حافظ على نظافة شباكه في 228 من المباريات التي خاضها مع تشيلسي.\nويعد هذا الفوز هو السادس على التوالي لفريق أرسنال على استاد ويمبلي.\n\nتشامبرلين لحظة تسجيله الهدف الوحيد للارسنال ",
    "date_extracted": "2015-08-02 23:39:26"
}