{
    "url": "http://www.alyaum.com/article/4081069",
    "title": "لجنة لتحسين الأداء بـ «تعليم الباحة»",
    "author": "اليوم - الباحة",
    "content": " شكّلت إدارة التعليم بمنطقة الباحة أمس الاول لجنة توعوية تستهدف منسوبي الإدارة العامة للتعليم بالمنطقة تضم في عضويتها مدير إدارة القضايا، وممثلي أمانة الإدارة وإدارات التوعية الإسلامية، والمتابعة، وشؤون الموظفين بتعليم المنطقة.\nوتعمل اللجنة التي اعتمدها مدير عام التعليم بالمنطقة سعيد مخايش على تحقيق عدد من الأهداف التربوية والإدارية الرامية إلى تحسين مستوى الأداء داخل المؤسسة التعليمية وجميع مرافقها والرفع من مستوى كفاءة الموظفين من خلال مساعدتهم في التخلص من المعوقات سواء على المستوى الخاص أو المستوى العام، والتي تكون سبباً في عدم تجويد المخرجات الوظيفية، والعمل على متابعة تأديتهم لمتطلبات العمل الوظيفي، كما تعمل اللجنة على نشر ثقافة الحقوق والواجبات والسعي إلى تحسين بيئة العمل الآمنة، عبر خطة عمل تستمر على مدى العام لتشمل جميع الإدارات والمرافق التعليمية. ",
    "date_extracted": "2015-07-31 04:24:08"
}