{
    "url": "http://aawsat.com/home/article/409306/الآن-يمكنك-شحن-هاتفك-باستخدام-«شمعة»",
    "title": "الآن يمكنك شحن هاتفك باستخدام «شمعة»",
    "author": "القاهرة: «الشرق الأوسط أونلاين»",
    "content": "قامت مجموعة من العلماء الأميركيين بابتكار جهاز جديد يمكنك من شحن هاتفك الجوال باستخدام الحرارة التي تنتجها الشمعة.\nوأوضح العلماء أن هذا الجهاز سيمكن الأشخاص من شحن هواتفهم في أي مكان، دون الحاجة إلى وجود مقابس الكهرباء، مؤكدين أن هذا الابتكار سيكون له نفع كبير عند انقطاع التيار الكهربائي.\nويستخدم شاحن الشمعة مولدا حراريا لتحويل الحرارة من لهب الشمعة إلى نحو 2.5 واط من الطاقة، إذ يتم ملء وعاء، مثبت به مولد حراري وشاحن، بالماء ثم يتم وضع شمعة تحت هذا الوعاء.\nوسيوفر هذا الجهاز الطاقة لمدة تصل إلى ست ساعات. ويقول العلماء إن هذا الجهاز يمكن استخدامه أيضا لشحن الأجهزة المحمولة مثل الهواتف الجوالة والكاميرات وغيرها من الأجهزة التي تحتوي على منفذ «USB».",
    "date_extracted": "2015-07-21 10:54:13"
}