{
    "url": "http://aawsat.com/home/article/392166/مفكرة",
    "title": "مفكرة",
    "author": "",
    "content": "‫ظهور‬\n\n* لم تعد الممثلة الأميركية جينا ديفيز («ثلما ولويس») تظهر في الأفلام كثيرًا، لكنها مشغولة هذه الأيام بحملة للمساهمة بمناهضة سياسات التمييز ضد المرأة. في هذا الإطار سوف تلقي محاضرة خلال مهرجان لندن السينمائي المقبل عقب فيلم الافتتاح الذي يدور حول الموضوع نفسه وعنوانه «حق الاقتراع» Suffragette\n\n‫اقتباس \n\n* بوشر في 21 من هذا الشهر تصوير «طيور السنونو والأمازونز» عن رواية خيالية للأولاد وضعها آرثر رانسوم. التصوير يتم في بريطانيا والبطولة تذهب إلى غواندولين كريستي، جسيكا هاينس وهاري إنفيلد\n\n‫إخراج ‬\n\n* الممثل والمخرج البريطاني راف فاينس سيقوم بتحقيق فيلم عن حياة راقص الباليه الروسي رودولف نورييف بعدما تبنّت شركة BBC Films المشروع الذي سيباشر بتصويره خلال هذا العام.",
    "date_extracted": "2015-07-21 13:11:28"
}