{
    "url": "http://aawsat.com/home/article/411831/جايك-جيلنهال-بطل-ملاكمة-في-فيلمه-الجديد-«ساوثباو»",
    "title": "جايك جيلنهال بطل ملاكمة في فيلمه الجديد «ساوثباو»",
    "author": "",
    "content": "* يؤدي جايك جيلنهال دور بطل ملاكمة يحاول العودة إلى حياته الطبيعية، بعد أن تتوالى المصائب عليه، وذلك في فيلمه الجديد «ساوثباو» الذي يقول النجم إنه يتناول أساسا فكرة الأسرة. ويلعب جيلنهال بطل فيلم «بروكباك ماونتين» دور بطل ملاكمة يدعى بيلي هوب، ويخسر أسرته ومنزله ومديره ويتعثر حظه كثيرا. وقال جيلنهال في العرض الأول للفيلم في نيويورك: «تدور القصة حول شاب يستغل غضبه في تحقيق النجاح الباهر». وتابع: «لكن هذا الغضب نفسه يدمر حياته بالكامل. فخلال الفيلم وفي رحلته يتعلم كيف يلاكم - ليس فقط في الحلبة، ولكن في الحياة عامة دون غضب».\nوأشار جيلنهال إلى أنه شاهد منافسات ملاكمة وتدرب كثيرا حتى يتمكن من أداء الدور. وتقوم الممثلة الكندية رايتشل مكادامز، التي اشتهرت بأدوارها في أفلام مثل «ذا نوتبوك» و«شرلوك هولمز» بدور مورين زوجة هوب. وقالت: «إنه فيلم مؤثر للغاية وتأثرت به كثيرا»، يطرح «ساوثباو» في صالات العرض السينمائي يوم 24 يوليو (تموز) الحالي.",
    "date_extracted": "2015-07-22 10:16:59"
}