{
    "url": "http://aawsat.com/home/article/411866/موقع-للخيانات-الزوجية-يتحدى-رسائل-ابتزاز-من-قراصنة-الإنترنت",
    "title": "موقع للخيانات الزوجية يتحدى رسائل ابتزاز من قراصنة الإنترنت",
    "author": "لوس أنجليس: «الشرق الأوسط»",
    "content": "تحدى موقع «أشلي ميدسون دوت كوم» المتخصص في موضوعات الخيانات الزوجية محاولة ابتزاز من جانب مجموعة من قراصنة الإنترنت، حيث واصل الموقع العمل رغم تهديد القراصنة بنشر البيانات الشخصية الخاصة بنحو 37 مليون مستخدم مشتركين في الموقع. ويحمل الموقع شعار «الحياة قصيرة. عش قصة حب».\nوقالت شركة «أفيد لايف ميديا» الكندية التي تمتلك الموقع إلى جانب مواقع أخرى مرتبطة به مثل «استابليشد من دوت كوم» و«كوجار لايف دوت كوم» في بيان إنها تمكنت من تأمين المواقع وحذف البيانات التي تمت سرقتها. واعتذرت الشركة للمستخدمين عن «التطفل الإجرامي غير المبرر» الذي تعرضت له بياناتهم.\nولم يكشف القراصنة الذين استولوا على بيانات المستخدمين عن دوافعهم لكنهم قالوا «إنه أمر سيئ بالنسبة لهؤلاء الرجال إنهم خونة ولا يستحقون هذا التكريم».\nوذكرت الشركة أنها حذفت البيانات الشخصية وبيانات الشركة الموجودة على الإنترنت لكنها لم تحدد مصير البيانات التي قال القراصنة إنهم استولوا عليها.\nكانت مدونة قرصنة تدعى «كريبس أون سيكيورتي» أو (سرطانات السرية) قد أعلنت عن عملية السيطرة على البيانات أول من أمس الأحد. وبحسب التقرير فإن مجموعة قراصنة تطلق على نفسها «فريق التأثير» (ذا إمباكت تيم) قد نشرت مقتطفات من البيانات الشخصية الخاصة بمستخدمي المواقع الثلاثة إلى جانب مطالبة موقعي «أشلي ماديسون دوت كوم» و«استابليشد من دوت كوم» بالتوقف عن العمل فورا وبصورة دائمة.\nوقال القراصنة إنهم سيواصلون نشر بيانات ومعلومات المستخدمين التي سرقوها كل يوم حتى يتم غلق الموقعين. وأضافوا أنهم سينشرون «جميع سجلات العملاء وصفحات بياناتهم الشخصية مع كل الخيانات الجنسية السرية والصور العارية الخاصة بهم وكذلك أسماؤهم الحقيقية وعناوينهم».",
    "date_extracted": "2015-07-22 10:14:52"
}