{
    "url": "http://aawsat.com/home/article/410081/«شير-ذا-ميل»-مبادرة-للقضاء-على-المجاعة-من-خلال-الهواتف-الذكية",
    "title": "«شير ذا ميل» مبادرة للقضاء على المجاعة من خلال الهواتف الذكية",
    "author": "لندن: «الشرق الأوسط أونلاين»",
    "content": "أثبتت آخر الإحصائيات أن ضحايا الجوع في العالم أكثر من ضحايا أمراض نقص المناعة المكتسب (إيدز) والملاريا والسل الرئوى مجتمعة. والآن أصبحت هناك فرصة أمام مستخدمي الهواتف الذكية للمساعدة في محاربة الجوع في العالم.\nإذ ظهرت مبادرة أطلقت في العاصمة الألمانية برلين تحت اسم \"شير ذا ميل\" أو (تقاسم الوجبة الغذائية)، حيث تم من خلالها تطوير تطبيق يحمل نفس الاسم للهواتف الذكية والأجهزة اللوحية يتيح لكل مستخدم التبرع بمبلغ 40 يوروسنت \"سنت أوروبى \" (44 سنتا أميركيا) لتوفير وجبة غذائية يوميا لشخص يعاني المجاعة من خلال نقرتين فقط على شاشة الهاتف الذكي.\nوكان هذا أول مشروع يشارك فيه التطبيق مع الأمم المتحدة وبالتحديد مع برنامج الغذاء العالمي بهدف توفير وجبة غذائية يوميا لأطفال المدارس الفقراء في دولة ليسوتو الإفريقية. ويذكر أن ليسوتو واحدة من أفقر دول العالم في مجال الأمن الغذائي.\nمن جانب آخر، يقول سيباستيان ستريكر الشريك المؤسس لمبادرة \"شير ذا ميل\" إن حوالي 40 في المائة من جميع الأطفال يعانون من سوء تغذية مزمن. و\"يوجد حوالى 50 ألف تلميذ في ليسوتو يحتاجون لمساعدات غذائية\".\nأما بيرنهارد كوفاتش الشريك المؤسس للمبادرة فقال \"أردنا البدء بدولة يمثل فيها الجوع مشكلة حقيقية وبالتالي فإن التطبيق الخاص بنا يمكن أن يخلق فارقا. وبمرور الوقت نريد العمل في مناطق أخرى\".\nوتشير المبادرة إلى أن حوالى ملياري شخصا يمتلكون هواتف ذكية في مختلف أنحاء العالم مقابل 100 مليون طفل جائع في العالم وهو ما يوفر فرصة لإيجاد طريقة فعالة لمحاربة الجوع. \nوسيبدأ إطلاق التطبيق في ألمانيا والنمسا وسويسرا على أن يتم نشره في العالم، فيما بعد خلال الشهور المقبلة. \nوخلال مرحلة تجريبية قام حوالى 12.5 ألف مستخدم بتنزيل التطبيق وتبرعوا بما يعادل حوالى 125 ألف وجبة غذائية.",
    "date_extracted": "2015-07-21 10:54:05"
}