{
    "url": "http://aawsat.com/home/article/408621/إذا-أردتِ-إنجاب-3-أطفال-تزوجي-في-سن-23",
    "title": "إذا أردتِ إنجاب 3 أطفال.. تزوجي في سن 23",
    "author": "القاهرة: «الشرق الأوسط أونلاين»",
    "content": "إذا كنتِ تريدين تكوين أسرة، فعليكِ بالزواج في سن 23، فهو أفضل عمر للزوجة للبدء في الإنجاب لكي تصبح أما ولا سيما لثلاثة أطفال.\n\n هذا ما توصل إليه الباحثون في المستشفى التعليمي بجامعة «إراسموس روتردام» الهولندية، ونشر البحث الدولي هذا الأسبوع في الدورية الأكاديمية للتناسل البشري، واستخدم العلماء برامج الكومبيوتر لتحديد أفضل معدلات فرص الإنجاب وفقا لعدد أفراد الأسرة المرغوب فيه.\n\n وقال البروفسور ديك هابيما لصحيفة «فوكسكرانت» الهولندية أمس إن الأزواج ينتظرون وقتا أطول للبدء في تكوين أسرة، وأن الكثير منهم يرغب في معرفة أفضل فرصة لهم للتخطيط للتعليم والعمل بالنسبة للأطفال في المستقبل.\n\n وأظهر البحث أن الأزواج الذين يرغبون في أن يكونوا متأكدين بنسبة 90 في المائة أنهم سينجبون ثلاثة أطفال على الأقل، يتعين عليهم أن يخططوا لإنجاب طفلهم الأول عندما تكون الزوجة في سن 23 عاما.\n\n وأشار البحث إلى أنه إذا كان الأزواج يرغبون في إنجاب عدد أقل من الأطفال فيمكنهم تأجيل خطوة الإنجاب لاحقا.\n\n واعتبر البروفسور هابيما أن الكثير من الأزواج، الذين يبدأون في إنجاب الأطفال في سن لاحق وينجبون ثلاثة أطفال، هم محظوظون.\n\n وأوضحت الدراسة أن 50 في المائة فقط من النساء اللائي يبدأن في تكوين أسرة في سن 35 عاما ينجبن ثلاثة أطفال بصورة طبيعية.",
    "date_extracted": "2015-07-21 10:54:26"
}