{
    "url": "http://aawsat.com/home/article/412901/ولي-العهد-السعودي-يرأس-مجلس-الشؤون-السياسية-والأمنية",
    "title": "ولي العهد السعودي يرأس مجلس الشؤون السياسية والأمنية",
    "author": "جدة: «الشرق الأوسط»",
    "content": "استمع مجلس الشؤون السياسية والأمنية خلال اجتماع عقد في قصر السلام بجدة أول من أمس برئاسة الأمير محمد بن نايف بن عبد العزيز ولي العهد نائب رئيس مجلس الوزراء وزير الداخلية رئيس مجلس الشؤون السياسية والأمنية، لإيجاز سياسي وأمني حول عدد من الموضوعات، بالإضافة إلى عدد من تطورات الأحداث الإقليمية والدولية، واتخذ بشأنها التوصيات اللازمة.",
    "date_extracted": "2015-07-23 19:30:04"
}