{
    "url": "http://aawsat.com/home/article/411906/تفجير-سروج-يهدد-بإقفال-«بوابة-الجهاد»-أمام-«داعش»",
    "title": "تفجير سروج يهدد بإقفال «بوابة الجهاد» أمام «داعش»",
    "author": "بيروت: ثائر عباس",
    "content": "وسط ضغوط تتعرض لها الحكومة التركية غداة التفجير الانتحاري الذي نفذه تنظيم داعش في بلدة سروج قرب الحدود السورية، نفى رئيس الحكومة التركية أحمد داود أوغلو بشدة الاتهامات الموجهة لبلاده بدعم التنظيم بأي طريقة من الطرق.\n\n وشدد داود أوغلو على أن تركيا وحكومات حزب العدالة والتنمية لم ترتبط بأي علاقة مباشرة أو غير مباشرة مع أي منظمة إرهابية في أي وقت، كما أنها لم تُبد أي تسامح أو تساهل حيال «الإرهابيين».\n\n وقال مصدر تركي لـ«الشرق الأوسط»، أمس، إن منفذ العملية الانتحارية في سروج، أول من أمس، شاب وليس فتاة وفق ادعاءات الشهود، مرجحًا أن يكون الشاب قد تنكر بزي امرأة.\n\n وأشار المصدر إلى أن المحققين وجدوا رأس المهاجم، وهو يعود لشاب في مقتبل العمر، كما وجدوا بطاقة هوية تركية في مكان التفجير لتركي في العقد الثاني من العمر من مدينة أديامان يدعى علي آلاجوز يُعتقد أنه المهاجم الانتحاري نفسه.\n\n وتؤشر التطورات الأخيرة إلى أن «شهر العسل» الذي جمع التنظيم بتركيا قد انتهى، أو في طريقه إلى ذلك، إثر تشدد أنقرة أخيرًا في منع تدفق المقاتلين الأجانب إلى سوريا للالتحاق بالتنظيم الذي كان يطلق على تركيا اسم «بوابة الجهاد».\n\n في المقابل، هدد «داعش» الحكومة التركية بالرد بعد أن «قبضت على إخواننا المهاجرين واعتقلت إخواننا من المواطنين الأتراك، وسعت أخيرًا لفرض قيود علينا في حرية الإعلام، وأظهرت عداءها تجاه المسلمين الموحدين».\n\n ...المزيد",
    "date_extracted": "2015-07-22 10:14:00"
}