{
    "url": "http://aawsat.com/home/article/413211/مقتل-ضابط-و3-جنود-بالجيش-المصري-في-انفجار-عبوة-ناسفة-بسيناء",
    "title": "مقتل ضابط و3 جنود بالجيش المصري في انفجار عبوة ناسفة بسيناء",
    "author": "القاهرة: «الشرق الأوسط أونلاين»",
    "content": "قُتل ضابط و3 جنود بالجيش المصري، بالإضافة إلى إصابة 3 آخرين، في انفجار عبوة ناسفة تم زرعها بواسطة العناصر الإرهابية، وذلك أثناء تمشيط قوات الجيش لإحدى مناطق مدينة رفح في محافظة شمال سيناء، حسبما أعلن العميد أحمد سمير، المتحدث الرسمي للقوات المسلحة المصرية.\n\n يذكر أن شبه جزيرة سيناء تشهد العديد من الهجمات ضد قوات الجيش والشرطة منذ الإطاحة بالرئيس الأسبق محمد مرسي من الحكم في يوليو (تموز) 2013، مما أسفر عن مقتل المئات منهم.\n\n وتعد جماعة «أنصار بيت المقدس» هي المسؤول الأول عن العمليات الإرهابية سيناء، والتي كانت قد أعلنت ولاءها لتنظيم داعش الإرهابي في الشام والعراق العام الماضي، وغيرت اسمها إلى «ولاية سيناء».\n\n وكان آخر هجوم للجماعة قد وقع في الأول من يوليو (تموز) الحالي، بالهجوم على عدد من الكمائن للجيش المصري بمدينتي رفح والشيح زويد، في شمال سيناء، مما أسفر عن مقتل 17 فردا من القوات المسلحة بينهم 4 ضباط، وأكثر من مائة فرد من العناصر الإرهابية.",
    "date_extracted": "2015-07-23 19:28:50"
}