{
    "url": "http://aawsat.com/home/article/408986/قنينة-الحليب-تكشف-هوية-أم-تخلصت-من-رضيعها",
    "title": "قنينة الحليب تكشف هوية أم تخلصت من رضيعها",
    "author": "مدريد: صبيح صادق",
    "content": "استطاعت الشرطة الإسبانية، تحديد هوية الأم التي ألقت برضيعها في حاوية نفايات في منطقة «ميخورادا دل كامبو»، في العاصمة مدريد. وقد أمر القاضي بإيداعها السجن موجها إليها تهمة محاولة قتل ابنها.\nوكان أحد الشبان قد سمع يوم الأربعاء، عند إلقائه كيس نفايات في الحاوية، صوت طفل يبكي صادرا من الحاوية، فاتصل بالشرطة التي حضرت للتأكد مما قاله الشاب، وبالفعل استمعت الشرطة أيضا لبكاء الرضيع، فبدأت بإخراج أكياس النفايات من داخل الحاوية الواحد تلو الآخر، حتى وصلت إلى مصدر البكاء الذي كان ينبعث من حقيبة، وعندما فتحتها عثرت على الرضيع وبجانبه قنينة حليب، فأسرعت بحمله إلى المستشفى، وهو في حالة حرجة، بسبب صعوبة التنفس وضغط النفايات، ثم أعلن المستشفى أن الطفل في تحسن مستمر، وهو بحالة مرضية الآن، وقدر الأطباء عمره بين عشرة إلى خمسة عشر يوما.\n بعد التحقيقات التي أجرتها الشرطة، لم يكن لديها من دليل لمعرفة الشخص الذي رمى بالرضيع في الحاوية، غير قنينة الحليب التي كانت بجانب الطفل داخل الحقيبة، وقد صرحت مفوضة الشرطة في مدريد، كونثيبثيون دانكاوسا، بأن قنينة الحليب الموجودة داخل الحقيبة هي التي أرشدت الشرطة للعثور على الأم، إذ لاحظت أن القنينة من نوع خاص، وليست من النوع التجاري الذي يباع في الأسواق، فبدأت تحرياتها بمراجعة مستشفيات مدريد لجمع المعلومات حول تلك القنينة، وعند مراجعتها مستشفى «ايناريس» أخبرهم المسؤولون فيه بأن هذا المستشفى يمنح اللواتي يلدن فيه مثل هذه القنينة، عندها طلبت الشرطة من المستشفى تزويدها بسجل الولادات في الأسبوعين الأخيرين، وبدأت حملة تحر لمراجعة جميع أمهات هؤلاء الأطفال، حتى وصلت إلى منزل كاتالينا، المهاجرة الكولومبية، وأم لثلاثة أولاد (4 و5 و11 عاما) وعندما سألتها الشرطة عن الحادثة، أنكرت ذلك في بداية الأمر، عندها طلبت الشرطة منها رؤية الرضيع للتحقق من كلامها، فانهارت، ولم يكن أمامها إلا أن تعترف بأنها تخلصت من رضيعها، ماركو، بإلقائه في حاوية نفايات معترفة للشرطة بأن سبب ذلك: «لفقداني الأمل في هذه الحياة، وعدم قدرتي المالية على تحمل أعباء العائلة».",
    "date_extracted": "2015-07-21 10:53:50"
}