{
    "url": "http://aawsat.com/home/article/398521/مطعم-«كويا»-يحتفل-برمضان-المبارك-على-الطريقة-البيروفية",
    "title": "مطعم «كويا» يحتفل برمضان المبارك على الطريقة البيروفية",
    "author": "لندن: «الشرق الأوسط»",
    "content": "يستقبل «كويا دبي»، المطعم الأميركي اللاتيني الأكثر تفضيلاً في دبي، أجواء الإفطار في شهر رمضان المبارك بأسلوب بيروفي خاص للمرة الأولى منذ افتتاحه نهاية العام الماضي.\n\n يقدم المطعم لضيوفه التمور والشوربة الترحيبية اليومية عند وصولهم. وبالإضافة إلى ذلك، يوفر المطعم تشكيلة متنوعة من العصائر الطازجة التي تزود الجسم بالطاقة خلال شهر رمضان خصوصًا، والتي تضم الكثير من المكونات المنعشة والغنية بالطاقة مثل الزنجبيل والماكا مع النعناع وصولاً إلى الخيارات غير التقليدية مثل شراب الأغاف والتوابل وعصائر «كويا» الخاصة المستوحاة من الأجواء البيروفية لتكون إضافة قيمة ومثالية تترك انطباعًا لا ينسى لتجربة زيارة مطعم «كويا دبي» خلال الشهر المبارك.\n\n وقال سيدريك توسان، مدير العمليات في «كويا دبي»: «تتضمن قائمة الطعام لمسة بيروفية خاصة كالعصائر الشهية وطبق السيفيشي الطازج واللحم المشوي وغيرها من الأطباق اللذيذة التي تتناسب مع أجواء هذا الشهر الفضيل. ويحرص مطعم (كويا دبي) على تقديم خيارات مميزة من المشروبات الخاصة والشوربة جنبًا إلى جنب مع أطباقنا التقليدية المعروفة لتكون النتيجة تجربدة فريدة يستمتع الضيوف خلالها أثناء تناول الطعام على الإفطار أو السحور».\n\n يشار إلى أن «كويا دبي» افتتح في ديسمبر (كانون الأول) 2014 في فندق «فور سيزونز» على شاطئ الجميرا، ويعتبر مطعم شقيق لمطاعم «زوما» و«لا بتيت ميزون» الشهيرة في مركز دبي المالي العالمي. ويضم المطعم ما يزيد على 189 مقعدا في الداخل و40 مقعدا في الشرفة، كما يستضيف الكثير من الأنشطة الفنية المتنوعة التي تعرض الثقافة الغنية لدول أميركا اللاتينية.\n\n افتتح المطعم الأول لـ«كويا» في لندن في 15 نوفمبر (تشرين الثاني) 2012. وبعد عامين على افتتاحه، استطاع أن يحصل على لقب «أفضل مطعم» في حفل جوائز لندن «لايف ستايل أووردز». وبعد شهرته العالمية، تم افتتاح فرعين له في مدينة دبي وولاية ميامي الأميركية. تم تصميم المطعم من خلال ديكورات فنية أنيقة قام بها فريق محترف في لندن، ويقدم الطعم لضيوفه أشهى المأكولات التي يمتاز بها مطبخ البيرو مع لمسات عصرية لمذاقات عالمية أخرى. كما يستضيف الكثير من الأنشطة الفنية المتنوعة التي تجسد روح الثقافة الجميلة التي تمتاز بها دول أميركا اللاتينية، ليستمتع ضيوفه بتجربة ممتعة ومتكاملة تمتزج فيها النكهات مع الإبداعات الفنية.",
    "date_extracted": "2015-07-21 10:50:31"
}