{
    "url": "http://aawsat.com/home/article/408276/موسيقى-الإنترنت-توقع-أميركية-في-قبضة-العدالة-بعد-هروبها-إلى-المكسيك",
    "title": "{موسيقى الإنترنت}.. توقع أميركية في قبضة العدالة بعد هروبها إلى المكسيك",
    "author": "لندن: «الشرق الأوسط»",
    "content": "ألقت السلطات المكسيكية القبض على أم أميركية من ولاية كولورادو بعد خطفها لابنتيها وهربها من الولايات المتحدة، تحسبا من احتمال فوز والد الابنتين بدعوى قضائية تمنح له الحق برعاية إحداهما. وكانت بريتاني نان قد هربت مع زوجها الثاني بابنتيها في ديسمبر (كانون الأول) العام الماضي، بعد تغيبها عن حضور جلسة محكمة للبت في قضية رعاية إحدى ابنتيها.\nونجحت السلطات الأميركية في تعقب آثارها الإلكترونية لدى تصفحها واستخدامها لمواقع الترفيه الموسيقية والسينمائية بعد 7 أشهر من اختفائها، ثم رصدت موقعها الجغرافي بعد تعقبها، وفقا لما نقلته «واشنطن بوست» عن دريو ويبر المحقق الجنائي في بلدية لاريمر في الولاية.\nويتقفى المحققون «الآثار الرقمية» التي يتركها المشبوهون على الشبكات الاجتماعية مثل «فيسبوك» و«تويتر» و«إنستغرام» وغيرها. إلا أن السيدة نان وقعت في المصيدة بسبب ولعها بالمواقع الموسيقية، وولعها أيضا بالبرامج التلفزيونية وبرامج الأطفال التي كانت تطلبها من شبكة الإنترنت.\nوقال المحقق ويبر إن مخبرا رصد نشاط نان على موقع «سبوتفاي» وأبلغ السلطات عنها. ثم تعقبت السلطات آثارها وآثار زوجها الإلكترونية، مما أدى إلى إصدار أوامر قضائية وجهت إلى 12 شركة إلكترونية. وأدى البحث في النهاية إلى تحديد موقع السيدة نان في مدينة كابو سان لوكاس المكسيكية.\nمن جهتها، قالت شركة «سبوتيفاي» في بيان، إنها تعاونت مع سلطات الأمن في قضية إجرامية وقدمت المعلومات «بعد تقديم (السلطات) أوامر قضائية وأوامر بالتفتيش».\nوفي 7 يوليو (تموز) الحالي أبعدت السلطات المكسيكية كل أفراد عائلة السيدة نان إلى الولايات المتحدة، وجمعت الابنتين مع أبيهما فيما ألقي القبض على نان وزوجها.",
    "date_extracted": "2015-07-21 10:53:55"
}