{
    "url": "http://aawsat.com/home/article/398516/الفتة-المصرية-بين-القاهرية-والإسكندرانية",
    "title": "الفتة المصرية بين {القاهرية} و{الإسكندرانية}",
    "author": "",
    "content": "الفتة من الوجبات ذات الطابع الاحتفالي لدى المصريين فهي تقدم في الأعياد والمناسبات العائلية الكبرى كالأفراح والاحتفال بالمولود الجديد، لكنها تعتبر طبقا رمضانيا بامتياز، لسهولة إعدادها ولأنها وجبة شهية للصائمين بعد عدد ساعات صوم طويلة.\nومن المعروف أن هناك فتة مصرية وفتة شامية، لكن طريقة تقديم الفتة تختلف بين القاهرة والإسكندرية أيضًا. ففي القاهرة تضاف الصلصة الحمراء إلى الخل والثوم ليصبح الصوص الخاص بالفتة أحمر اللون، أما في الإسكندرية فتقدم بصوص فاتح اللون قوامه الثوم المحمر في الزبد مع الخل، وتعتبر أخف وألذ في المذاق.\nالمقادير: (تكفي لـ3 أفراد)\n2 كوب أرز أبيض\n2 كوب ماء\n3 ملاعق كبيرة من الزبد\n3 ملاعق كبيرة من زيت الذرة\n6 قطع من اللحم البتلو\n4 حبات حبهان وورق لورا\nبصلة كبيرة\n3 رغيف خبز محمص\n5 فصوص ثوم\n100 ملم من الخل (كوب قهوة صغير)\nكوب عصير طماطم\nملعقة صلصة معلبة\nملح وفلفل حسب الرغبة\nتعتبر\nالطريقة:\nفي قدر كبير ضعي قليلاً من زيت الذرة وملعقة صغيرة من الزبدة بعد أن يقدحا، ضعي قطع اللحم حتى يتغير لونها. أضيفي الماء حتى يغطي القطع تمامًا وضعي الحبهان وورق اللورا والبصلة حتى الغليان، بعدها دعيها تنضج على نار متوسطة.\nولإعداد الأرز المفلفل، ضعي في قدر متوسط ملعقة كبيرة زيت ونصف ملعقة كبيرة من الزبد، اتركيهما يقدحان يمكنك إضافة قليل من الملح مع بصل وثوم مبشورين لإضافة مذاق خاص للأرز، وما أن يتغير لونهما قليلاً ضعي كوبين من الماء حتى الغليان بعدها أضيفي كوبي الأرز بعد غسله جيدًا. وما أن يغلي الماء اتركيه ينضج على نار هادئة جدًا. ضعي الخبز في الفرن لتحميصه حتى يصبح مقرمشًا.\nإعداد الصوص: في طاسة متوسطة، ضعي ملعقة زبد مع ملعقة زيت ذرة وما أن يقدحا ضعي فصوص الثوم المدقوقة واتركيها حتى يتغير لونها، أخفضي النار قليلاً وأضيفي الخل بحذر، واتركي المزيج يغلي لمدة 7 دقائق حتى يصبح مذاقه مركزًا. بعدها يمكنك فصل جزء منه لعمل الفتة الإسكندرانية، وللقاهرية ضعي على ما تبقى في الطاسة من خل وثوم كوب عصير الطماطم وملعقة الصلصة واتركيهم حتى يتم تسبيكهم جيدًا.\nالتقديم: في طبق سلطة عميق قطعي الخبز المحمص إلى قطع يمكن التهامها بالملعقة، صبي قليلاً مرق اللحم عليه حتى يلين مع الحفاظ قدر الإمكان على الطعم المقرمش. رصي الخبز في أطباق التقديم ويمكنك إضافة قليل من الخل والثوم عليه لمزيد من النكهة القوية، ثم ضعي طبقة الأرز وقطع اللحم وصبي الصوص على شكل خطوط متقاطعة ورشي قليلاً من الفلفل الأسود. كما يمكن وضع الصوص في أطباق منفصلة للصلصة الحمراء والأخرى بالخل والثوم.",
    "date_extracted": "2015-07-21 13:12:02"
}