{
    "url": "http://aawsat.com/home/article/397216/انسحاب-دونا-كاران-من-«دونا-كاران-إنترناشيونال»",
    "title": "انسحاب دونا كاران من «دونا كاران إنترناشيونال»",
    "author": "",
    "content": "انسحبت مؤخرا المصممة دونا كاران من ماركتها «دونا كاران إنترناشيونال» التي أسستها في عام 1984 ولمست وترا حساسا بداخل كل امرأة عاملة. دونا كاران نفسها أكدت الخبر بقولها أنها اتخذت هذا القرار بعد تفكير طويل، وبأنها شعرت أن الوقت قد حان لكي تركز على خطها «إيربن زين» وتقوم بالأعمال التي كانت تتوق إليها ولا تستطيع القيام بها بسبب مشاغلها الكثيرة. ورغم أن القرار لم يكن مفاجئا إلا أنه كان حاسما، بحيث لم تنتظر الدار حتى تجد مصمما يخلفها، بل أعلنت أن الانسحاب سيكون منذ الآن، وأن المصممة لن تقدم تشكيلة لربيع وصيف 2016 خلال أسبوع نيويورك في شهر سبتمبر (أيلول) المقبل.\nوكانت دونا كاران قد توصلت إلى هذا القرار بموافقة مجموعة «إل.في.آم.آش» الفرنسية التي تملك أسهما في «دي.كي.إنترناشيونال»، ما يجعل لرغبتها في التركيز على خطها «إيربن زين» ما يبررها، فهو مستقل عن أي مجموعة وإملاءاتها، وهو عبارة عن خط يعتمد على قطع أساسية بألوان طبيعية وتصاميم كلاسيكية لا تعترف بزمن، إضافة إلى إكسسوارات زينة وأدوات منزلية. وتنوي المصممة أن تضيف إليها مجموعة خاصة برياضة اليوغا قبل نهاية العام.",
    "date_extracted": "2015-07-21 13:12:13"
}