{
    "url": "http://aawsat.com/home/article/412356/سوق-الأسهم-السعودي-يستأنف-تداولاته-بارتفاع-بنسبة-046",
    "title": "سوق الأسهم السعودي يستأنف تداولاته بارتفاع بنسبة 0.46%",
    "author": "الرياض: «الشرق الأوسط أونلاين»",
    "content": "استهل مؤشر سوق الأسهم السعودية تداولات ما بعد عيد الفطر مرتفعا بـ 43.16 نقطة بنسبة 0.46 في المائة عند مستوى 9381.01 نقطة بتداولات تجاوزت المليار دولار.\nوشهدت تداولات اليوم ارتفاع أسهم 125 شركة في قيمتها، وتراجعت أسهم 25 شركة، فيما ظلت أسهم 15 شركة أخرى بدون تغير، في الوقت الذي ناهز فيه عدد الأسهم المتداولة اليوم 122 مليون سهم توزعت على أكثر من 77189 صفقة.\nوحققت كافة مؤشرات قطاعات السوق ارتفاعا تصدرها قطاع التأمين بنسبة 2 في المائة الوقت الذي سجل فيه مؤشر قطاع التطوير العقاري والاستثمار الصناعي القطاعين المتراجعين من بين قطاعات السوق الخمسة عشر بنسبة تراجع ما بين 0.18 في المائة و 0.04 في المائة على التوالي.",
    "date_extracted": "2015-07-22 20:09:19"
}