{
    "url": "http://aawsat.com/home/article/413261/مقتل-جندي-تركي-وإصابة-آخر-باشتباكات-مع-«داعش»-على-الحدود-السورية",
    "title": "مقتل جندي تركي وإصابة آخر باشتباكات مع «داعش» على الحدود السورية",
    "author": "لندن: «الشرق الأوسط أونلاين»",
    "content": "قال مسؤول تركي كبير، اليوم (الخميس)، ان جنديا تركيا قتل وأصيب آخر في اشتباكات مع تنظيم \"داعش\" المتطرف عبر الحدود مع سوريا اليوم، وذلك بعد تفجير انتحاري قتل 32 شخصا وألقيت المسؤولية فيه على التنظيم المتشدد، جرى في وقت سابق.\n\n وقال المسؤول \"رد الجنود الاتراك بعدما أطلقت النيران من الجانب السوري من الحدود من منطقة يوجد بها متطرفون من التنظيم. لا يزال الاشتباك مستمرا في هذه اللحظة\".\n\n وقالت تقارير اعلامية محلية ان الاشتباكات قريبة من قرية البيلي - الى الشرق من بلدة كِلِس التركية - ومنطقة أرسلت اليها تركيا تعزيزات في الاسابيع الاخيرة.\n\n ولطالما عبر حلفاء تركيا في حلف شمال الاطلسي عن القلق بشأن السيطرة على حدودها مع سوريا التي يسيطر التنظيم بشكل مباشر على أجزاء منها. وسلط تفجير الاثنين الماضي في بلدة سروج في جنوب شرقي تركيا الضوء على المخاوف من امتداد الصراع في سوريا الى الاراضي التركية.\n\n وعزز الجيش التركي بالفعل الاجراءات الامنية على طول الحدود خلال الاسابيع الماضية مع احتدام القتال في سوريا بين مقاتلين أكراد ومتطرفين تابعين للتنظيم وقوات الامن السورية.\n\n وفي وقت سابق أبلغ مسؤول حكومي آخر وكالة أنباء \"رويترز\" بأن نحو نصف العربات المدرعة التي تحمي الحدود التركية منتشرة الآن على الجبهة السورية.",
    "date_extracted": "2015-07-23 19:28:44"
}