{
    "url": "http://aawsat.com/home/article/406556/إسبانيا-توزع-حبوب-منع-الحمل-على-الحمام",
    "title": "إسبانيا توزع حبوب منع الحمل على الحمام",
    "author": "مدريد: صبيح صادق",
    "content": "بعد تزايد الشكاوى من الارتفاع غير الطبيعي لأعداد طير الحمام في مدينة باديا ديل باجيس التابعة لمحافظة برشلونة، شمال إسبانيا، توصل المجلس البلدي في المدينة إلى حل هذه المشكلة بأن يلجأ إلى توزيع حبوب منع الحمل على الحمام، في محاولة للحد من تزايد أعدادها في البلدة. ومن أجل تحقيق هذه العملية قامت البلدية بالتعاقد مع مؤسسة أمبينس للقيام بهذه المهمة، وتعمل المؤسسة حاليا على صنع حبوب ذرة تحتوي على مادة منع الحمل، وحسب الاتفاق المعقود فسوف يتم توزيع الحبوب بنسبة عشر حبات لكل حمامة، ومن المتوقع أن تبدأ الحملة هذا الشهر وتستمر حتى نهاية شهر ديسمبر (كانون الأول) المقبل. وقد أوضحت البلدية أنها قد احتسبت مع المؤسسة التي تعاقدت معها على أنه إذا كانت كل حمامة تضع بيضتين، فإنها خلال شهرين تكون فراخ الحمام قد بلغت وستكون مستعدة لوضع البيض بدورها، وهكذا تتضاعف أعداها بشكل مستمر، وإذا ما تم توزيع حبوب منع الحمل على الحمام فإن أعدادها ستنخفض في المدينة بشكل تدريجي، حتى تصل نسبة انخفاض أعدادها إلى 80 في المائة خلال السنوات الخمس المقبلة.",
    "date_extracted": "2015-07-21 10:54:01"
}