{
    "url": "http://aawsat.com/home/article/411786/الفيفا-يقاضي-الكوميديان-لبريطاني-الذي-سخر-من-بلاتر",
    "title": "الفيفا يقاضي الكوميديان لبريطاني الذي سخر من بلاتر",
    "author": "زيوريخ: «الشرق الأوسط»",
    "content": "أعلنت شرطة مدينة زيوريخ السويسرية أمس أن الاتحاد الدولي لكرة القدم (فيفا) تقدم بشكوى جنائية ضد الممثل الكوميدي البريطاني سيمون برودكين الشهير باسم (لي نيلسون) بدعوى تعديه على ممتلكات\nالغير.\nوكان برودكين قد فاجأ الحضور في مؤتمر صحافي، عقده جوزيف بلاتر رئيس الفيفا أول من أمس بمقر الاتحاد في زيوريخ، وأمطر الأخير بدولارات مزيفة متهكما على غرق المنظمة العالمية في قضايا فساد ورشى.\nوقال برودكين متهكما في إشارة إلى قضايا الفساد المحيطة بالفيفا: «هذا من أجل كوريا الشمالية 2026. أنا كسفير لكرة القدم لكوريا الشمالية،\nيسعدني إبرام اتفاقية مع الفيفا لأجل استضافة كأس العالم 2026».\nونقل برودكين إلى قسم شرطة ليجري استجوابه قبل إطلاق سراحه.\nوالآن ينتظر اتخاذ مكتب الادعاء السويسري طلبات مسؤولي الفيفا بشأن توجيه الاتهامات المحتملة له.",
    "date_extracted": "2015-07-22 10:15:25"
}