{
    "url": "http://aawsat.com/home/article/405856/آخر-مستجدات-السياحة-في-العالم-إعادة-إطلاق-منتجع-«كرابي»-رسميًا-تحت-علامة-«دوسِت",
    "title": "آخر مستجدات السياحة في العالم : إعادة إطلاق منتجع «كرابي» رسميًا تحت علامة «دوسِت تاني»",
    "author": "",
    "content": "افتتح رسميا منتجع الشاطئ «دوسِت تاني كرابي»، الذي يقع على امتداد الشاطئ المنعزل والجميل «كلونج موانج» على الساحل الغربي من المنطقة الجنوبية في تايلاند.\nوبات المنتجع موقعًا مُفضلاً لمنتجي الأفلام من كافة أرجاء العالم، إذ إنه يمتاز بشواطئه الرملية البيضاء، ومياهه الكريستالية الصافية، والمشاهد الطبيعية ذات التكوينات الجيرية. وتتناغم الهندسة المعمارية التايلاندية العصرية لغرف المنتجع الـ240 بصورة مذهلة مع الطبيعة المحيطة، لتمنح الضيوف أجواء متنوّعة للاسترخاء والاستمتاع.\nويمكن لمحبي الطبيعة أن يشاركوا في الأنشطة المخصصة للحفاظ على سلطعونات شاطئ «كلونج موانج»، والاستمتاع بالكثير من الرياضات المائية.",
    "date_extracted": "2015-07-21 13:10:19"
}