{
    "url": "http://aawsat.com/home/article/409666/اعتقال-7-مسؤولين-لتورطهم-في-هروب-زعيم-تجار-المخدرات-بالمكسيك",
    "title": "اعتقال 7 مسؤولين لتورطهم في هروب زعيم تجار المخدرات بالمكسيك",
    "author": "مكسيكو سيتي: «الشرق الأوسط»",
    "content": "أعلن مكتب النائب العام المكسيكي اعتقال 7 مسؤولين للاشتباه بتورطهم في هروب أخطر تجار المخدرات في المكسيك خواكين «الشابو» جوسمان.\nومثل هروب جوسمان يوم السبت الماضي من سجن عليه حراسة مشددة من خلال نفق طوله ميل شق في زنزانته إحراجا كبيرا للرئيس إنريكي بينا نييتو وزاد من الضغوط على الحكومة لبذل المزيد لمكافحة الفساد في القطاع العام.\nوقال مسؤولون حكوميون إن حفر مثل هذا النفق لا يمكن أن يحدث إلا بتواطؤ من حرس ومسؤولي السجن وإن مساعدي جوسمان لا بد وأن يكونوا قد اطلعوا على تصاميم المبنى.\nوعزلت الحكومة قائد السجن واستجوبت أكثر من 30 مسؤولا بالسجن بشأن هذا الهروب. ولم تذكر الحكومة أسماء الـ7 الذين اعتقلوا ولم يتسن لمتحدث حكومي توضيح الأمر على الفور.\nواعترف أمس الجمعة بينا نييتو الذي عاد من زيارة لفرنسا بأن هذا الهروب تسبب في خيبة أمل واسعة النطاق وأن الوسيلة الوحيدة لإصلاح هذا الضرر هي اعتقال جوسمان.\nمن ناحية أخرى قالت الحكومة إن الولايات المتحدة كانت قد طلبت تسلم جوسمان قبل أسبوعين من عملية الهروب.\nولمحت هذه الأنباء إلى تحول كامل في موقف الحكومة لأن النائب العام السابق خيسيوس موريلو كان قد قال في يناير (كانون الثاني) إن المكسيك لا تنوي تسليمه.",
    "date_extracted": "2015-07-21 10:53:48"
}