{
    "url": "http://aawsat.com/home/article/408116/dvd",
    "title": "DVD",
    "author": "",
    "content": "‫ آل باتشينو: أفضل عشرة‬\n\nعنوان الفيلم متبوعًا باسم مخرجه وتاريخ إنتاجه وتقييمه.\n\n1‪.‬ The Panic in Needle Park | Jerry Schatzberg ‪(‬1969‪)‬ ‪***‬\n2‪.‬ The Godfather | Francis Ford Coppola ‪(‬1971‪)‬ ‪*****‬\n3‪.‬ Scarecrow | J‪.‬ Schatzberg ‪(‬1973‪)‬ ‪****‬\n4‪.‬ Serpico | Sidneyy Lumit ‪(‬1973‪)‬ ‪****‬\n5‪.‬ The Godfather II | F‪.‬F‪.‬ Coppola ‪(‬1974‪)‬ ‪*****‬\n6‪.‬ Scarface | Brian Di Plama ‪(‬1984‪)‬ ‪****‬\n7‪.‬ Scent of a Woman | Martin Brest ‪(‬1992‪)‬ ‪***‬\n8‪.‬ Carlito‪›‬s Way | Di Palma ‪(‬1993‪)‬ ‪****‬\n9‪.‬ Heat | Michael Mann ‪(‬1995‪)‬ ‪****‬\n10‪.‬ The Merchant of Venice | Michael Radford ‪(‬2004‪)‬ ‪****‬\n4 Panic in Needle Park.jpg من «ذعر في نيدل بارك»",
    "date_extracted": "2015-07-21 13:10:56"
}