{
    "url": "http://aawsat.com/home/article/411601/ميسي-متهم-بتلقي-35-مليون-يورو-لدعم-رئيس-الغابون",
    "title": "ميسي متهم بتلقي 3.5 مليون يورو لدعم رئيس الغابون",
    "author": "القاهرة: «الشرق الأوسط أونلاين»",
    "content": "زعمت تقارير إخبارية أن نجم فريق برشلونة الإسباني وأفضل لاعبي العالم، ليونيل ميسي، قد حصل على 3.5 مليون يورو نقدا لدعم أحد أكثر الرؤساء الأفارقة فسادا، حسبما ذكرت صحيفة «ديلي ميل» البريطانية.\nوكان ميسي (28 عاما) قد حل ضيفا نهاية الأسبوع الماضي على رئيس الغابون، علي بونغو، الذي تستضيف بلاده بطولة أمم أفريقيا في عام 2017. ووضع حجر أساس أحد الملاعب التي تقام عليها مباراة البطولة، في مدينة بورت - جنتيل.\nلكن نجم برشلونة والمنتخب الأرجنتيني، الذي يواجه حاليا تهما بالتهرب الضريبي في إسبانيا، قد ساعد في افتتاح مطعم عائلة بونغو الجديد وأظهر دعما لنظامهم، حسبما تقول الصحيفة.\nوقال مصدر بالمعارضة في البلاد إن الناس يشعرون بالغضب مطالبا ميسي بعمل بحث سريع لمعرفة ما تمثله عائلة بونغو، فيما نقلت وسائل إعلام فرنسية أن ميسي حصل على مقابل يبلغ 2.4 مليون إسترليني لقاء رحلته، التي قام بها بصحبة زميله بالفريق ديكو.\nوكتبت مجلة «فرانس فوتبول»، أن «الرحلة الأفريقية القصيرة جلبت 3.5 مليون يورو تقريبا، ليس سيئا!»، فيما حاول الرئيس بونغو توضيح ظهور ميسي قائلا: «حينما كنت في برشلونة قبل سنوات التقيت ميسي والذي أخبرني أنه سيأتي لزيارتي في ليبرفيل»، ويضيف «هكذا وعدني، وهو رجل شريف وفي بوعده».\nوتحقق الشرطة الفرنسية في اتهامات فساد ضد أسرة بونغو، والتي يقال: إنها تمتلك 39 منزلا في المدن الفرنسية، بما فيها باريس. كما يواجه علي بونغو اتهامات بسلب أموال الشعب لاستخدامه الشخصي وبارتكاب عمليات تزوير انتخابي للبقاء في السلطة.",
    "date_extracted": "2015-07-21 20:16:22"
}