{
    "url": "http://aawsat.com/home/article/412951/خلافات-وانشقاقات-بصفوف-الحوثيين-بعد-هزائمهم-في-عدن",
    "title": "خلافات وانشقاقات بصفوف الحوثيين بعد هزائمهم في عدن",
    "author": "عدن: محمد علي محسن",
    "content": "أكدت مصادر يمنية عسكرية أن الهزائم الأخيرة التي لحقت بالحوثيين وحلفائهم من القوات التابعة للرئيس المخلوع علي عبد الله صالح، في محافظة عدن الجنوبية، تسببت في حدوث ﺧﻼﻓﺎﺕ وانشقاقات داخل المواقع الخاضعة لسيطرتهم.\n\n ﻭقالت المصادر إن بعض قادة الفرق العسكرية التابعة للحوثيين وصالح ﺍﻟﻤﺸﺎﺭﻛﺔ ﻓﻲ ﺍﻟﻘﺘﺎﻝ، مما ﺩﻓﻊ مسؤوليهم ﺇﻟﻰ حشد ﻣﻘﺎﺗﻠﻴﻦ ﺟدد ﻣﻦ ﺃﺑناء ﻗﺒﺎﺋﻞ ﺍﻟﺸﻤﺎﻝ ﺍﻟﺨﺎﺿﻌﺔ لسيطرتهم وﺇﺭﺳﺎﻟﻬﻢ ﺇﻟﻰ ﺟﺒﻬﺎﺕ ﺍﻟﻘﺘﺎﻝ. وأضافت المصادر ﺃﻥ ﺍﻟﻌﺸﺮﺍﺕ من جثث ﻣﻴﻠﻴﺸﻴﺎﺕ ﺍﻟﺤﻮﺛﻴﻴﻦ ﻭﻓﻠﻮﻝ الرئيس السابق ﺗناثرت ﻓﻲ ﺳﺎﺣﺔ ﻗﺼﺮ ﺍﻟﻤﻌﺎﺷﻴﻖ ﺍﻟﺮﺋﺎﺳﻲ جنوب مديرية كريتر التابعة لعدن، بعدما استعادها مقاتلو المقاومة، مشيرة إلى أنه تم قتل ﻭﺃﺳﺮ العشرات من عناصر المتمردين في مبنى الإذاعة بكيرتر.\n\n في غضون ذلك، ألقت المقاومة الشعبية في عدن القبض على عشرات الحوثيين والموالين لصالح بينهم قيادات مدنية وعسكرية بارزة. وذكرت مصادر خاصة لـ«الشرق الأوسط» أن المقاومة الشعبية ألقت القبض على 72 بينهم القيادي الحوثي غازي الأحول المصعبي نجل أحمد علي الأحول المصعبي محافظ المحويت، ونائف الأشول وعارف السالمي والأماطر، كما يعتقد أن بينهم أيضا بن حبتور محافظ عدن السابق وعبد الخالق الحوثي شقيق عبد الملك الحوثي. وحسب المصادر نفسها، فإن إلقاء القبض على تلك القيادات تم في مبان بمديرية التواهي التابعة لعدن. وكان محافظ عدن الجديد نايف البكري ورئيس مجلس المقاومة في المحافظة قد أكد وجود قيادات حوثية كبيرة وقعت في الأسر تحت أيدي المقاومة وأن التحقيق جارٍ معهم. ولم يستبعد البكري أن يكون من ضمن أسرى القيادات الحوثية شقيق عبد الملك الحوثي.\n\n من جانبه، قال اللواء الركن جعفر محمد سعد، ﻣﺴﺘﺸﺎﺭ الشؤون العسكرية برئاسة الجمهورية، إن محافظة عدن باتت ﺧﺎﻟﻴﺔ ﺗﻤﺎﻣﺎ ﻣﻦ ﺍﻟﻤﺴﻠﺤﻴﻦ الحوثيين ﻭالقوات الموالية لصالح. وكان المستشار العسكري تحدث في وقت سابق عن تحرير عدن «ﺑﺎﺳﺘﺜناء ﺑﻌﺾ ﺍﻟﺨﻼﻳﺎ ﺍﻟﻨﺎﺋﻤﺔ الذين لا تتجاوز أعداد ﺃﻋﻀﺎﺋﻬﺎ 150 يختبئون ﻓﻲ ﺑﻌﺾ ﺍﻟﺸﻘﻖ ﻭﺍﻟﻤﻨﺎﺯﻝ، ﻭﺑﺎﻟﺘﻌﺎﻭﻥ ﻣﻊ ﺍﻟﻤﻮاطنين بعد ﻋﻮﺩﺗﻬﻢ لمنازلهم، سيجري الكشف بسهولة عن هذه ﺍﻟﺨﻼﻳﺎ».\n\n ﻭكانت ﻗﻮﺍﺕ ﺍﻟﻤﻘﺎﻭﻣﺔ ﺍﻟﺸﻌﺒﻴﺔ ﺍﻟﺠﻨﻮﺑﻴﺔ قد تمكنت من طرد ﺍﻟﻤﺘﻤﺮﺩﻳﻦ ﻣﻦ ﻛﺎﻣﻞ ﻣﺪﻳﺮﻳﺔ ﺍﻟﺘﻮﺍﻫﻲ. ﻭﻗﺎﻝ ﺍﻟﻤﻜﺘﺐ ﺍﻹﻋﻼﻣﻲ ﻟﻠﻤﻘﺎﻭﻣﺔ ﻓﻲ ﺑﻴﺎﻥ ﺇﻧﻪ ﺗﻤﺖ ﺍﻟﺴﻴﻄﺮﺓ ﻋﻠﻰ عدد ﻣﻦ ﺍﻟﻤﻮﺍﻗﻊ ﺍﻟﻤﻬﻤﺔ، ﺇﺿﺎﻓﺔ ﺇﻟﻰ ﻗﻴﺎﻡ ﺭﺟﺎﻝ ﺍﻟﻤﻘﺎﻭﻣﺔ بتمشيط وتطهير الأحياء السكنية من الحوثيين وقوات الرئيس المخلوع. وأضاف أن ﺍﺷﺘﺒﺎﻛﺎﺕ ﻫﻲ ﺍلأﻋﻨﻒ ﻣﻨﺬ ﺑدء ﺍﻟﺤﺮﺏ، تدور الآن في ﻗﺎعدة ﺍﻟﻌﻨد بمحافظة لحج. وتحدث البيان عن «ﺍﺣﺘﺮﺍﻕ ﻋﺸﺮﺍﺕ ﺍﻟﺪﺑﺎﺑﺎﺕ ﻭﺍﻟﻤﺪﺭﻋﺎﺕ ﺍﻟﺘﺎﺑﻌة ﻟﻠﺤﻮﺛﻴﻴﻦ ﻭﺻﺎﻟﺢ ﺩﺍﺧﻞ ﺃﺳﻮﺍﺭ ﺍﻟﻤﻌﺴﻜﺮ ﻭﺗﻘﺪﻡ ﻣﻠﺤﻮﻅ ﻟﻠﻤﻘﺎﻭﻣﺔ ﺍﻟﺠﻨﻮﺑﻴﺔ». كما أكد أن ﻃﻴﺮﺍﻥ ﺍﻟﺘﺤﺎﻟﻒ ﺍﻟﻌﺮﺑﻲ شن غارات جوية على القاعدة، إذ سمعت ﺃﺻﻮﺍﺕ ﺍﻧﻔﺠﺎﺭﺍﺕ ﻭﺍﻫﺘﺰﺍﺯﺍﺕ ﻗﻮﻳﺔ ﺩﺍﺧﻞ ﺍﻟﻤﻌﺴﻜﺮﺍﺕ ﻓﻲ ﺍﻟﻘﺎﻋﺪﺓ ﺍﻟﺠﻮﻳﺔ. وأشار البيان ﺇﻟﻰ ﻓﺮﺍﺭ ﺟﻤﺎﻋﻲ ﻟﻠﺠﻨﻮﺩ ﺍﻟﺘﺎﺑﻌﻴﻦ للميليشيات الموالية للحوثي وصالح من القاعدة الجوية الاستراتيجية.\n\n من جهة أخرى، تحدثت مصادر عسكرية عن وصول 130 آﻟﻴﺔ ﻋﺴﻜﺮﻳﺔ جديدة أول من أمس ﺇﻟﻰ عدن ﻟﺪﻋﻢ ﻗﻮﺍﺕ ﺍﻟﺠﻴﺶ ﺍﻟﻮﻃﻨﻲ ﺍﻟﻤﻮﺍﻟﻲ ﻟﻠﺸﺮﻋﻴﺔ ﻭﺍﻟﻤﻘﺎﻭﻣﺔ الوطنية الجنوبية، ﻭذلك في إطار ﻋﻤﻠﻴﺔ «ﺍﻟسهم الذهبي» التي تنفذها قوات التحالف العربي لتحرير عدن والمحافظات الجنوبية من ﻗﺒﻀﺔ ميليشيات الحوثي وقوات صالح. ﻭﺃﻭضحت المصادر ذاتها ﺃﻥ ﻫذه ﺍﻟﺘﻌﺰﻳﺰﺍﺕ التي وصلت إلى ميناء ﺍﻟﺒﺮﻳﻘﺔ تحت غطاء جوي مكثف، ﺷﻤﻠت ﺩﺑﺎﺑﺎﺕ ﻭﻋﺮﺑﺎﺕ مدرعة ﻭﺁﻟﻴﺎﺕ ﻋﺴﻜﺮﻳﺔ إضافة إلى المئات من الجنود المدربين.\n\n من جهة أخرى، ﺃﻛﺪ ﻣﺼﺪﺭ ﻋﺴﻜﺮﻱ ﻣﺴﺆﻭﻝ ﻓﻲ ﻭﺯﺍﺭﺓ الدفاع ﻭﺭﺋﺎﺳﺔ ﻫﻴﺌﺔ ﺍﻷﺭﻛﺎﻥ ﺍﻟﻌﺎﻣﺔ ﻓﻲ ﺍﻟﻴﻤﻦ ﺃﻥ ﺍﻟﻮﺯﺍﺭﺓ ﻣﻬﺘﻤﺔ ﺑﺘﺤﺴﻴﻦ ﺃﺣﻮﺍﻝ ﺍﻟﻤﻨﺘﺴﺒﻴﻦ ﻟﻠﺠﻴﺶ ﺑﺸﻜﻞ ﻋﺎﻡ، ﺩﺍﻋﻴﺎ ﺍﻟﻤﻨﻀﻮﻳﻦ ﻓﻲ ﺇﻃﺎﺭ ﺍﻟﻤﻨﻄﻘﺔ ﺍﻟﻌﺴﻜﺮﻳﺔ ﺍﻟﺮﺍﺑﻌﺔ ﻭﻗﻮﺍﺕ ﺍﻟﺤﺮﺱ ﺍﻟﺠﻤﻬﻮﺭﻱ ﺇﻟﻰ ﺍﻻﻧﻀﻤﺎﻡ ﻟﻘﻮﺍﺕ ﺍﻟﺸﺮﻋﻴﺔ، ﻭﺗﺮﻙ ﺍﻟﻘﺘﺎﻝ ﺇﻟﻰ ﺟﺎﻧﺐ ﺍﻟﻤﺘﻤﺮﺩﻳﻦ ﺍﻟﺤﻮﺛﻴﻴﻦ ﻭﺍﻟﺮﺋﻴﺲ ﺍﻟﻤﺨﻠﻮﻉ ﻋﻠﻲ ﻋﺒﺪ ﺍﻟﻠﻪ ﺻﺎﻟﺢ. ﻭﺃﺷﺎﺭ ﺍﻟﻤﺼﺪﺭ ﺇﻟﻰ ﺃﻧﻪ ﺳﻴﺘﻢ ﺇﺻﻼﺡ ﺃﻭﺿﺎﻉ ﺍﻟﺠﻨﻮﺩ ﻭﺍﻟﻀﺒﺎﻁ ﻓﻲ ﺇﻃﺎﺭ ﺍﻟﻤﻨﻄﻘﺔ ﺍﻟﻌﺴﻜﺮﻳﺔ ﻭﺃﻧﻪ ﺳﺘﻜﻮﻥ ﻟﻬﻢ ﺭﻭﺍﺗﺐ ﻣﺠﺰﻳﺔ، كما طالبهم بـ‏«ﻋﺪﻡ ﺍﻻﻟﺘﻔﺎﺕ إلى ﺍﻟﺪﻋﻮﺍﺕ ﺍﻟﺘﻲ ﺗﺘﺒﻨﺎﻫﺎ ﻣﻴﻠﻴﺸﻴﺎﺕ ﺍﻟﺤﻮﺛﻲ ﺍﻟﺘﻲ ﺗﺪﻋﻮ ﻹﻳﻘﺎﻑ ﺭﻭﺍﺗﺒﻬﻢ ﻣﺎ ﻟﻢ ﻳﻘﺎﺗﻠﻮﺍ ﻓﻲ ﺻﻔﻮﻑ ﻣﻴﻠﻴﺸﻴﺎﺗﻬﺎ‏». ﻭﻛﺎﻧﺖ ﺟﻤﺎﻋﺔ ﺍﻟﺤﻮﺛﻲ ﻗﺪ ﺳﺮﺣﺖ ﻋﺪﺩﺍ ﻣﻦ ﺃﻟﻮﻳﺔ ﺍﻟﻤﻨﻄﻘﺔ ﺍﻟﻌﺴﻜﺮﻳﺔ ﺍﻟﺮﺍﺑﻌﺔ ﺇﻟﻰ ﻣﻨﺎﺯﻟﻬﻢ ﺑﻌﺪ ﺳﻴﻄﺮﺗﻬﺎ ﻋﻠﻴﻬﺎ ﻗﺒﻞ ﻋﺪﺓ ﺃﺷﻬﺮ. وكانت جماعة الحوثي دعت مﻨﺘﺴﺒﻲ ﺍﻟﻤﻨﻄﻘﺔ ﺍﻟﻌﺴﻜﺮﻳﺔ ﺍﻟﺮﺍﺑﻌﺔ ﻭﻗﻮﺍﺕ ﺍﻟﺤﺮﺱ ﺍﻟﺠﻤﻬﻮﺭﻱ إلى اﻠحضور ﻓﻲ ﻣﻌﺴﻜﺮﺍﺗﻬﻢ ﻟﻠﻘﺘﺎﻝ ﻓﻲ ﺻﻔﻮﻓﻬﺎ ﺃﻭ سيتم ﺇﻳﻘﺎﻑ ﺭﻭﺍﺗﺒﻬﻢ ﻓﻲ ﻇﻞ ﺍﻟﺨﺴﺎﺋﺮ ﺍﻟﺘﻲ ﻣﻨﻴﺖ ﺑﻬﺎ ﺍﻟﺠﻤﺎﻋﺔ ﻣﺆﺧﺮﺍ ﻓﻲ ﻣﺤﺎﻓﻈﺔ ﻋﺪﻥ. وﻛﺎﻧﺖ ﺭﺋﺎﺳﺔ ﻫﻴﺌﺔ ﺍﻷﺭﻛﺎﻥ ﺍﻟﻌﺎﻣﺔ ﻗﺪ ﺃﻋﻠﻨﺖ ﻓﻲ ﻭﻗﺖ ﺳﺎﺑﻖ ﻋﻦ ﺭﻔﻉ ﻧﺴﺒﺔ ﺭﻭﺍﺗﺐ ﺍﻟﻘﻮﺍﺕ ﺍﻟﻤﻮﺍﻟﻴﺔ ﻟﻠﺸﺮﻋﻴﺔ ﺇﻟﻰ ﺍﻟﻀﻌﻒ، ﻛﻞ ﺑﺤﺴﺐ ﻋﻤﻠﻪ ﻭﺭﺗﺒﺘﻪ، ﻭﺫﻟﻚ ﻓﻲ ﺇﻃﺎﺭ ﺩﻋﻢ ﺍﻟﺠﻴﺶ ﺍﻟﻮﻃﻨﻲ ﺍﻟﻤﻮﺍﻟﻲ ﻟﺸﺮﻋﻴﺔ ﺍﻟﺮﺋﻴﺲ ﻋﺒﺪ ﺭﺑﻪ ﻣﻨﺼﻮﺭ ﻫﺎﺩﻱ، ﺍﻟﺬﻱ ﻭﺟﻪ ﻭﺯﺍﺭﺓ ﺍﻟﺪﻓﺎﻉ ﺑﺎﻻﻫﺘﻤﺎﻡ ﺑﺄﻭﺿﺎﻉ ﺍﻟﺠﻨﻮﺩ ﻭﺍﻟﻀﺒﺎﻁ.\n\n ميدانيا، قالت ﻣﺼﺎﺩﺭ ﻣﺤﻠﻴﺔ ﻓﻲ محافظة ﻟﺤﺞ، الواقعة شمال عدن، إﻥ 15 ﻣﻦ ﻣﺴﻠﺤﻲ ﺍﻟﺤﻮﺛﻲ ﻗﺘﻠﻮﺍ ﻭﺟﺮﺡ ﺁﺧﺮﻭﻥ ﻓﻲ ﻏﺎﺭﺓ ﺟﻮﻳﺔ ﻟﻄﻴﺮﺍﻥ ﺍﻟﺘﺤﺎﻟﻒ ﺍﻟﻌﺮﺑﻲ، ﺍﺳﺘﻬﺪﻓﺖ ﺁﻟﻴﺎﺕ ﻋﺴﻜﺮﻳﺔ ﺗﺎﺑﻌﺔ ﻟﻠﺤﻮﺛﻴﻴﻦ ﻓﻲ ﺻﺤراء ﻭﺍﺩﻱ ﺍﻟﺤﺴﻴﻨﻲ شمال شرقي مدينة الحوطة عاصمة لحج ﻟﺤﺞ. وﺃﻋﻠﻨﺖ ﺍﻟﻤﻘﺎﻭﻣﺔ ﺃﻧﻬﺎ ﺗﻤﻜﻨﺖ ﻣﻦ ﺗﺤﺮﻳﺮ ﻣﻨﻄﻘﺔ ﺍﻟﻨﺨﻴﻠﺔ ﺑﺎﻟﻤﺴﻴﻤﻴﺮ في ﻠﺤﺞ، ﺑﻌﺪ ﺗﻤﻜﻨﻬﺎ ﻣﻦ ﺿﺮﺏ ﻣيﻠﻴﺸﻴﺎﺕ ﺍﻟﺤﻮﺛﻲ ﻭﺗﻜﺒﻴﺪﻫﻢ ﺧﺴﺎﺋﺮ ﻛﺒﻴﺮﺓ ﻓﻲ ﺍﻷﺭﻭﺍﺡ ﻭﺍﻟﻌﺘﺎﺩ.\n\n ﻭﺩﺍﺭﺕ ﻣﻌﺎﺭﻙ ﻋﻨﻴﻔﺔ ﺑﻴﻦ ﺍﻟﻤﻘﺎﻭﻣﺔ، ﻭﻣيﻠﻴﺸﻴﺎﺕ ﺍﻟﺤﻮﺛﻲ ﻭﺍﻟﻘﻮﺍﺕ ﺍﻟﻤﺴﺎﻧﺪﺓ ﻟﻬﺎ ﺑﺎﻟﻘﺮﺏ ﻣﻦ ﻗﺎﻋﺪﺓ ﺍﻟﻌﻨﺪ ﺑﻠﺤﺞ، إذ ﺃﺳﻔﺮﺕ ﺗﻠﻚ ﺍﻟﻤﻮﺍﺟﻬﺎﺕ ﻋﻦ ﻣﻘﺘﻞ 22 ﻣﻦ ﻣﺴﻠﺤﻲ ﺍﻟﺤﻮﺛﻲ. ﻭﺗﻮﺍﺻﻞ ﺍﻟﻤﻘﺎﻭﻣﺔ ﺗﻤﺸﻴﻂ ﻣﺨﺘﻠﻒ ﻣﻨﺎﻃﻖ ﻋﺪﻥ، ﻟﺘﻄﻬﻴﺮﻫﺎ ﻣﻦ ﻣيﻠﻴﺸﻴﺎﺕ ﺍﻟﺤﻮﺛﻲ ﺍﻟﻤﺴﻠﺤﺔ، ﻓﻲ ﺍﻟﻮﻗﺖ ﺍﻟﺬﻱ ﺃﻛﺪﺕ ﺍﻟﻤﻘﺎﻭﻣﺔ ﻓﺮﺍﺭ ﻋﺸﺮﺍﺕ ﺍﻟﻤﺴﻠﺤﻴﻦ ﺍﻟﺤﻮﺛﻴﻴﻦ ﻣﻦ ﻣﻮﺍﻗﻌﻬﻢ ﺗﺤﺖ ﺿﺮﺑﺎﺕ ﺍﻟﻤﻘﺎﻭﻣﺔ ﻭﺍﻟﺘﺤﺎﻟﻒ.\n\n وفي محافظة أبين، الواقعة شرق عدن، قال الناطق باسم المجلس العسكري للمقاومة في المنطقة الوسطى منصور سالم العلهي لـ«الشرق الأوسط» إن المقاومة بالمنطقة الوسطى شنت صباح أمس هجوما كاسحا على مواقع الميليشيات الحوثية وقوات المخلوع في منطقة السلامية، التي أمطروها وأوقعوا فيها عشرات القتلى والجرحى. وأضاف أن المقاومة تمكنت من دحر ما تبقى من ميليشيات الحوثي وصالح، كما أحكمت سيطرتها على كل المواقع، وتقدمت إلى مشارف العين. وأشار المتحدث إلى أنه «لم يتبقَّ غير مئات الأمتار وسيبسط المقاومون سيطرتهم على كامل منطقة العين، ويقطعون الإمداد والحركة على فلول الميليشيات». ولفت إلى أن معركة أمس قتل فيها اثنان من المقاومين وجرح أربعة إصاباتهم متوسطة.",
    "date_extracted": "2015-07-23 19:29:22"
}