{
    "url": "http://aawsat.com/home/article/412291/خادم-الحرمين-وولي-عهده-يبعثان-ببرقيتي-تهنئة-لسلطان-عمان-بمناسبة-يوم-النهضة",
    "title": "خادم الحرمين وولي عهده يبعثان ببرقيتي تهنئة لسلطان عمان بمناسبة يوم النهضة",
    "author": "الرياض: «الشرق الأوسط أونلاين»",
    "content": "بعث خادم الحرمين الشريفين الملك سلمان بن عبد العزيزن اليوم (الاربعاء)، ببرقية تهنئة للسلطان قابوس بن سعيد سلطان عُمان بمناسبة ذكرى يوم النهضة لبلاده.\n\n وأعرب الملك باسمه واسم شعب وحكومة المملكة العربية السعودية، عن أصدق التهاني وأطيب التمنيات بالصحة والسعادة لسلطان عمان، ولحكومة وشعب سلطنة عُمان الشقيق اطراد التقدم والازدهار.\n\n كما بعث الأمير محمد بن نايف بن عبد العزيز ولي العهد نائب رئيس مجلس الوزراء وزير الداخلية، ببرقية تهنئة لجلالة السلطان قابوس بن سعيد سلطان عُمان بمناسبة ذكرى يوم النهضة لبلاده.\n\n وعبر ولي العهد عن أبلغ التهاني وأطيب التمنيات بموفور الصحة والسعادة لسلطان عمان، ولحكومة وشعب سلطنة عُمان الشقيق المزيد من التقدم والازدهار.",
    "date_extracted": "2015-07-22 20:09:40"
}