{
    "url": "http://aawsat.com/home/article/409891/موجز-دوليات",
    "title": "موجز دوليات",
    "author": "",
    "content": "* مقتل 6 من عناصر الشرطة في أفغانستان\n* كابل - «الشرق الأوسط»: قتل ستة من عناصر الشرطة في انفجار قنبلة كانت مزروعة إلى جانب الطريق في ولاية هرات الأفغانية بغرب أفغانستان، حسبما ذكرت السلطات المحلية أمس، إذ قال عبد الرؤوف أحمدي المتحدث باسم شرطة ولاية هرات «لقد انفجرت قنبلة يدوية الصنع زرعها إرهابيون الجمعة في أول أيام العيد، لدى مرور آلية للشرطة في إقليم غوزارا». وقد قتل ستة من عناصر الشرطة وأصيب اثنان في هذا الهجوم، لكن لم تعلن أي جهة مسؤوليتها عنه. وفي موازاة ذلك، بدأت محادثات سلام مباشرة بداية الشهر الحالي في باكستان مع حكومة كابل. وهذه المفاوضات، التي يدعمها زعيم طالبان الأفغان الملا عمر، تهدف إلى إنهاء النزاع الدامي المستمر منذ سقوط نظام طالبان في 2001.\n\n* اشتباكات عنيفة في سيدني بين معادين للإسلام ومناهضين للعنصرية\n* سيدني - «الشرق الأوسط»: اشتبك قوميون أستراليون يحتجون ضد الإسلام بعنف مع جماعات مناهضة للعنصرية في مسيرات في ملبورن أمس، بعد أن انضم أكثر من 50 شخصا من أنصار جماعة تطلق على نفسها «استرد أستراليا» إلى 200 شخص من مؤيدي «جبهة الوطنيين المتحدة» اليمينية للمطالبة بوقف نمو الإسلام في أستراليا. لكن مسيرة تضم 4000 شخص من المناهضين للعنصرية والمؤيدين للهجرة وبعض الجماعات اليسارية واجهتهم، ووقعت عدة اشتباكات عنيفة على الرغم من وجود 800 عنصر من الشرطة حاولوا فصل الجانبين عن بعضهما البعض. وقالت نينا سبرينجل، رئيسة حزب الخضر بالإنابة في المجلس التشريعي في فيكتوريا، إن جماعة «استرد أستراليا» مجموعة صغيرة تسعى لإشعال العنصرية ضد المسلمين. بينما قالت «جبهة الوطنيين المتحدة» على موقعها على الإنترنت إنها ليست عنصرية ولكنها تريد الحفاظ على «القيم الأسترالية». \n\n* مقتل 19 من جماعة بوكو حرام في تشاد\n* نجامينا - «الشرق الأوسط»: قال مصدر عسكري إن 19 على الأقل من مقاتلي بوكو حرام وجنديين من تشاد قتلوا في اشتباكات مساء أول من أمس بعد أن هاجم مسلحون قرية تشادية على ضفاف بحيرة تشاد. وأضاف المصدر من كومجويا حيث وقع القتال «لقد شن المقاتلون المتطرفون هجوما في وقت مبكر، وقمنا بالرد على إطلاق النار، وأجبرناهم على الفرار والعودة إلى نيجيريا». وكان الرئيس التشادي إدريس ديبي قد تعهد في وقت أول من أمس بسحق المسلحين الذين قتلوا آلاف الأشخاص وأصبحوا يهددون الاستقرار في المنطقة. \n \n* تفجير انتحاري يهز جامعة جنوب شرقي باكستان\n* كويتا - «الشرق الأوسط»: قتل ما لا يقل عن شخصين في تفجير انتحاري قرب جامعة ساردار باهادور خان للإناث في ساعة متأخرة ليلة أول من أمس في مدينة كويتا عاصمة إقليم بلوشستان جنوب شرقي باكستان. وقال وزير داخلية إقليم بلوشستان أكبر حسين دوراني إن «منفذ الهجوم حاول دخول منطقة هازارا تاون، ولكن أفراد الأمن اعترضوه، مما أرغم المهاجم، الذي كان متنكرا في زي امرأة، على تفجير المتفجرات التي كانت بحوزته قبل بلوغ هدفه، وخلف الهجوم قتيلين هما المهاجم وحارس الأمن الذي اعترضه».",
    "date_extracted": "2015-07-21 13:09:50"
}