{
    "url": "http://aawsat.com/home/article/408876/وصفة-في-30-دقيقة-جمبري-مقرمش-مع-الفاصولياء-البيضاء",
    "title": "وصفة في 30 دقيقة: جمبري مقرمش مع الفاصولياء البيضاء",
    "author": "",
    "content": "يعد الجمبري من المكونات الصحية التي تناسب هؤلاء الذين يتبعون حميات غذائية لخسارة الوزن، وهذا الطبق جيد جدا لأنه يحتوي أيضا على الحبوب، فهو يغذي ويشبع المعدة وطريقة تحضيره سهلة جدا، ولا يدخل بها كثير من المكونات التي يصعب الحصول عليها.\n\nالمكونات:\n\n- نصف كوب فتات خبز مطحون Bread crumbs.\n- ملعقتان كبيرتان من عشبة إكليل الجبل الطازجة.\n- ملعقتان كبيرتان من زيت الزيتون.\n- رشة ملح.\n- رشة بهار.\n- خمس قطع من الجمبري المقشر (حجم متوسط).\n- فص ثوم مقطع.\n- نصف علبة فاصولياء بيضاء cannellini مغسلة.\n- حزمة من الجرجير.\nطريقة الإعداد:\n\n- يجهز الفرن على حرارة 400 درجة مئوية، ويوضع في وعاء كل من فتات الخبز وإكليل الجبل وزيت الزيتون والملح والبهار والجمبري.\n- توضع قطع الجمبري بعد مزجها بالمكونات المذكورة أعلاه على ورق غير لاصق مخصص للخبز في الفرن لمدة تتراوح بين 10 و12 دقيقة.\n- في مقلاة على النار يوضع قليل من زيت الزيتون وتضاف إليه الفاصولياء البيضاء والثوم وقليل من الملح وربع كوب ماء، ويبقى المزيج على نار قوية لمدة دقيقتين.\n- يتم إخراج الجمبري من الفرن ويوضع فوق مزيج الفاصولياء والثوم، ويزين الطبق بالجرجير.",
    "date_extracted": "2015-07-21 13:11:54"
}