{
    "url": "http://aawsat.com/home/article/408746/اكتشاف-أكبر-حفرية-لديناصور-مجنح-في-الصين",
    "title": "اكتشاف أكبر حفرية لديناصور مجنح في الصين",
    "author": "القاهرة: «الشرق الأوسط أونلاين»",
    "content": "عثر باحثون على حفرية لأكبر ديناصور مجنح يتم اكتشافه على الإطلاق، تميز بذيله الطويل وجسمه المغطى بالريش، حسبما ذكرت صحيفة «غارديان» البريطانية.\nوظهرت حفرية الحيوان الضاري، التي تعود لعصور ما قبل التاريخ، محفوظة بحالة جيدة جدا، لدرجة أن العلماء استطاعوا إعادة تكوين ريشه، من الصغير جدا على رأسه إلى الكبير الذي يغطي ذيله وجناحيه.\nوقال الباحثون إن الديناصور القريب من فصيلة «فيلوسيرابتور» التي اشتهرت بأفلام «Jurassic Park»، وأطلقوا عليه اسم «زنيوانلونغ سوني» البالغ طوله مترين، قد عاش قبل 125 مليون عام في الإقليم الواقع شمال شرقي الصين. وأضافوا أن الديناصور المجنح المكتشف قد تقاسم تلك الأرض مع كائنات أخرى متفاوتة الضخامة.\nوتم العثور على الهيكل العظمي الكامل تقريبا للديناصور في صخرة رسوبية تشكّلت في بحيرة قديمة جافة بمقاطعة لياونينغ الصينية.\nويقول ستيف بروزيت، عالم الحفريات بجامعة أدنبره، إن «هذا هو أكبر ديناصور يتم العثور عليه بالأجنحة، وبوجه عام يشبه الطائر إلى حد كبير، لكنه كبير ولديه هذه الأذرع القصيرة». وتم نشر تفاصيل الاكتشاف المهم في دورية «تقارير علمية» الصادرة عن مجلة «نيتشر».",
    "date_extracted": "2015-07-21 10:54:15"
}