{
    "url": "http://aawsat.com/home/article/351736/أمراء-السعودية-يتلقون-البيعة-بمناسبة-اختيار-ولي-للعهد-وولي-لولي-العهد",
    "title": "أمراء السعودية يتلقون البيعة بمناسبة اختيار ولي للعهد وولي لولي العهد",
    "author": "الرياض: «الشرق الأوسط»",
    "content": "استقبل أمراء المناطق في السعودية، أمس، الموطنين الذين قدموا البيعة بمناسبة اختيار الأمير محمد بن نايف بن عبد العزيز ولي العهد نائب رئيس مجلس الوزراء وزير الداخلية، والأمير محمد بن سلمان بن عبد العزيز ولي ولي العهد النائب الثاني لرئيس مجلس الوزراء وزير الدفاع.\n\n وأكد الأمير خالد الفيصل بن عبد العزيز مستشار خادم الحرمين الشريفين، أمير منطقة مكة المكرمة، أن السعودية تستمد اعتزازها في المقام الأول من الدين الإسلامي وتعاليمه، ثم من المواطن السعودي الذي أثبت وطنيته في مختلف المناسبات والمواقف.\n\n وقال خلال استقباله المبايعين، في ديوان الإمارة بالعاصمة المقدسة، أمس، إن «هذا الكيان إذا كان له اعتزاز فهو بالدين أولاً ثم بالمواطن السعودي»، مضيفًا: «نفخر جميعًا، قيادة ومسؤولين، بخدمة إنسان هذا البلد والمكان، ونعاهدكم كما عاهدتمونا، أن تكون أرواحنا وعقولنا وقلوبنا فداء لأغلى ثروة وهي المواطن السعودي، مستشهدًا بما ذكره خادم الحرمين الشريفين في إحدى المناسبات قائلاً: (إنه لا فرق بين مواطن وآخر ولا منطقة وأخرى)»، مؤكدًا أنه لا بد للمسؤولين جميعًا أن يكونوا على هذا المنوال لتحقيق ما كان يصبوا إليه الأجداد والعمل بتفانٍ لتطوير الوطن. وحذر أمير منطقة مكة المكرمة من الانسياق وراء الإشاعات التي تهدف إلى زعزعة الأمن، وبث الفرقة في اللحمة الوطنية، مشددًا على وجوب التمسك بالدين وقيمه العظيمة.\n\n وتلقى الأمير فيصل بن بندر بن عبد العزيز، أمير منطقة الرياض، بقصر الحكم في الرياض، أمس، البيعة نيابة عن ولي العهد، وعن ولي ولي العهد، من العلماء وكبار المسؤولين المدنيين والعسكريين وجمع من المواطنين.\n\n من جانب آخر، استقبل الأمير سعود بن نايف بن عبد العزيز أمير المنطقة الشرقية، بالقاعة الكبرى في مقر الإمارة بالدمام، أمس، الأمراء والمشايخ وكبار المسؤولين بالمنطقة وجمعًا غفيرًا من المواطنين، الذين قدموا البيعة للأمير محمد بن نايف بن عبد العزيز ولي العهد نائب رئيس مجلس الوزراء وزير الداخلية، والأمير محمد بن سلمان بن عبد العزيز ولي ولي العهد النائب الثاني لرئيس مجلس الوزراء وزير الدفاع.\n\n ونوه خلال الاستقبال بالتفاف أبناء الوطن حول قيادتهم، مؤكدًا أن قيادة هذه البلاد جعلت الاهتمام بالمواطن ورفاهيته هدفها.\n\n إلى ذلك، وإنفاذًا لتوجيهات خادم الحرمين الشريفين الملك سلمان بن عبد العزيز، استقبل الأمير فيصل بن سلمان بن عبد العزيز أمير منطقة المدينة المنورة، في قصر سلطانة، مساء أمس (الأحد)، أهالي المنطقة المبايعين بمناسبة صدور الأمر الملكي باختيار الأمير محمد بن نايف بن عبد العزيز وليًا للعهد، وتعيينه نائبًا لرئيس مجلس الوزراء وزيرًا للداخلية، ورئيسًا لمجلس الشؤون السياسية والأمنية، واختيار الأمير محمد بن سلمان بن عبد العزيز وليًا لولي العهد، وتعيينه نائبًا ثانيًا لرئيس مجلس الوزراء وزيرًا للدفاع، ورئيسًا لمجلس الشؤون الاقتصادية والتنمية.\n\n وعبر المبايعون أمام أمير منطقة المدينة المنورة عن مشاعر الولاء والتلاحم والتماسك بين الشعب والقيادة الرشيدة، وقدموا الولاء والطاعة لخادم الحرمين الشريفين وولي عهده وولي ولي العهد، سائلين الله لهم التوفيق والعون والسداد لرفعة البلاد المباركة التي تأسست على هدي كتاب الله وسنة نبيه، صلى الله عليه وسلم.\n\n وقدم الأمير فيصل بن سلمان بن عبد العزيز شكره وتقديره لأهالي منطقة المدينة المنورة على مشاعرهم الصادقة التي تنم عن مدى قوة الترابط بين القيادة والمواطنين في مختلف مناطق السعودية، مؤكدا أن هذا الولاء نهج حكيم سارت عليه السعودية، متمسكة بمبادئ الإسلام وقيمه الخالدة منذ تأسيسها على يد الملك عبد العزيز، داعيًا المولى عز وجل أن يعين خادم الحرمين الشريفين وولي عهده الأمين وولي ولي العهد، وأن يوفقهم لكل ما فيه الخير، وأن يحفظ لوطننا الغالي أمنه واستقراره ونماءه.",
    "date_extracted": "2015-07-21 10:53:20"
}