{
    "url": "http://aawsat.com/home/article/413221/هيلاري-كلينتون-تتفوق-على-المشاهير-في-استطلاعات-للرأي-بين-الناخبين-الديمقراطيين",
    "title": "هيلاري كلينتون تتفوق على المشاهير في استطلاعات للرأي بين الناخبين الديمقراطيين",
    "author": "لندن: «الشرق الأوسط أونلاين»",
    "content": "تهيمن السيدة الاولى الاميركية السابقة هيلاري كلينتون على استطلاعات الرأي الخاصة بمرشح الحزب الديمقراطي لانتخابات الرئاسة المقبلة، حتى أنه لا يمكن لأسماء شهيرة مثل جورج كلوني أو ميشيل أوباما أو أوبرا وينفري أو ال غور أو حتى زوجها الرئيس الاسبق بيل كلينتون التفوق عليها.\n\n وفي حين يسعى الجمهوريون جاهدين لاختيار مرشحهم من بين 16 مرشحًا، فإن استطلاعًا للرأي أجرته وكالة رويترز للأنباء وابسوس، بين الناخبين الديمقراطيين الذين يُختارون من مجموعة أصغر، أظهر أنهم يؤيدون بشدة هيلاري التي تولّت من قبل منصب وزيرة الخارجية حتى عند طرح مجموعة خيالية من الشخصيات الشهيرة. وأجري الاستطلاع على 1033 ديمقراطيا.\n\n ويشير الاستطلاع إلى أن هيلاري لاتزال متفوقة على منافسيها الشرعيين وأنها ستنزل هزيمة منكرة بزوجها، إذا عُدّل الدستور بما يسمح له بخوض الانتخابات لولاية ثالثة.\n\n وخلص الاستطلاع الى إن كلينتون سيحصل في حال ترشحه على 26 في المائة من الاصوات، ليحل في المركز الثاني بعد زوجته التي حصدت نسبة 51 في المائة.\n\n وبحث الاستطلاع الذي أجري على الانترنت ويبلغ هامش الخطأ فيه 3,5 نقطة مئوية، ما إذا كان أي عضو بالحزب الديمقراطي، سواء كان سياسيا متمرسًا أم لا، يمكن أن يمثل تهديدًا لهيلاري في المنافسة الاولية.\n\n وأظهر الاستطلاع أن عشرة في المائة سيصوتون للممثل الفائز بجائزة الاوسكار والناشط الليبرالي جورج كلوني، بينما سيحصل مقدم برنامج (ديلي شو) جون ستيوارت، على 16 في المائة، فيما ستحصل مقدمة البرامج التلفزيونية الشهيرة أوبرا وينفري على 11 في المائة.\n\n أمّا السيدة الأولى الحالية ميشيل أوباما فاحتلت المركز الثاني بعد بيل كلينتون بنسبة 20 في المائة.\n\n وحصل كل من المرشحين الديمقراطيين السابقين لانتخابات الرئاسة الاميركية ال غور وجون كيري على 15 في المائة.\n\n وتعليقًا على الاستطلاع قالت بريتاني تومز (21 سنة)، وهي طالبة جامعية من ليفيتاون في بنسلفانيا، إن بعض الشخصيات في «فريق الاحلام» الذي يطرحه الاستطلاع غير واقعية. وأضافت «تنقصهم خبرة الوجود في الحكم والتعامل مع تلك القضايا حتى يكونوا جديرين بالثقة... في العادة يفتقر من يعملون بالتلفزيون لتلك الخلفية».\n\n وفيما يتعلق بالسباق التمهيدي للفوز بترشيح الحزب الديمقراطي لانتخابات الرئاسة الاميركية، يظهر استطلاع رويترز/ابسوس، استقطاب هيلاري نسبة 51,5 في المائة من تأييد الديمقراطيين حتى 21 يوليو (تموز)، مقابل 21،5 في المائة للسناتور بيرني ساندرز أقرب منافسيها.\n\n كما أفاد 39 في المائة من الديمقراطيين بأنهم سيصوتون «بحماس» لهيلاري، لاعتقادهم أنها المرشحة الارجح أن تفوز بسباق انتخابات الرئاسة في نوفمبر (تشرين الثاني) 2016. بينما قال 20 في المائة إنهم لن يصوتوا لها «بالطبع».",
    "date_extracted": "2015-07-23 19:29:00"
}