{
    "url": "http://aawsat.com/home/article/411826/مايلي-سايروس-تقدم-حفل-توزيع-جوائز-«إم-تي-في»-الموسيقية",
    "title": "مايلي سايروس تقدم حفل توزيع جوائز «إم تي في» الموسيقية",
    "author": "",
    "content": "* بعد عامين فقط من عملها مع قناة «إم تي في» ستقدم المغنية الأميركية مايلي سايروس حفل توزيع جوائز «إم تي في» الموسيقية. وكتبت سايروس (22 عاما) تغريدة، نشرت فيها صورا لها في زي أخضر غريب، وهي تحمل لافتة كتب عليها «{لم تسمح لي (إم تي في) بتقديم عرض.. لذلك فإنني سأقدم حفل توزيع جوائز (إم تي في) هذا العام».\nوأكدت القناة النبأ، ونشرت صور سايروس على «تويتر». وأثارت سايروس موجة جدل كبيرة عندما قدمت عرضا فاضحا في حفل «إم تي في» عام 2013 مع روبين ثيك.\nكما تشتهر حفلات «إم تي في» بحوادث غير مألوفة في كل عام، مثل مقاطعة المغني كاني ويست لكلمة المغنية تيلور سويفت عام 2009 وقبلة المغنية بريتني سبيرز للنجمة مادونا عام 2003. وسيقدم الحفل من مسرح «مايكروسوفت» في لوس أنجليس يوم 30 أغسطس (آب).",
    "date_extracted": "2015-07-22 10:16:53"
}