{
    "url": "http://aawsat.com/home/article/401371/نادية-التركي/قابلية-«التأرهب»-و«ماد-ماكس»-أحسن-التشخيص",
    "title": "قابلية «التأرهب».. و«ماد ماكس» أحسن التشخيص",
    "author": "",
    "content": "الخبر الأول:\nاختفاء العشرات من الشبان في منطقة رمادة التابعة لمحافظة تطاوين التونسية...\nخبر جديد تناقلته وسائل الإعلام أمس، والوجهة الأرجح : داعش\nفي ليبيا ، أو سوريا أو العراق...\nمالذي يحدث لأبناء الفرح؟ ما الذي يحدث لعمر الفرح في شبابنا؟\nأرى حقول الزهر تحرق ومساحات السنابل...\nهل وصل اليأس بشبابنا إلى هذه الدرجة، كانت المأساة الأكبر في صفوف الشباب من اليائسين والعاطلين عن العمل، الهجرة الغير شرعية والتي تسمى في تونس بـ\"الحرقه\" وفاعلها \"الحراق\".\nفما التسمية التي تليق الآن بمن \"يحرقون\" الحدود نحو الاحتراق؟ ولماذا؟\nوأي منهجية تتبع في إقناعهم، وعبر من؟\nوما الذي يجعل \"الحراق\" يحول وجهته من البحر حيث يحاول أن ينطفئ بماء أوروبا ونورها، نحو قحط العراق وسوريا وليبيا حيث نيران الحروب ألهبت كل شيء؟\n\nالخبر الثاني:\nبريطانيا تحيي الذكرى العاشرة لتفجيرات 07- 07 في ظل الهجوم الإرهابي في تونس .\nوديفيد كاميرون يذكر بعدد الضحايا البريطانيين الـ30 الذين ذهبوا في الهجوم الإرهابي الذي شهدته تونس يوم الجمعة قبل الماضي، على أحد شواطئ فنادقها.\nالسؤال الأكبر هنا:\nهل يحتاج \"الإرهابي\" الذي فجر نفسه في بريطانيا منذ 10 سنوات، وهو نفس \"الإرهابي\" الذي قتل العشرات على شواطئ تونس ليُقتل، أن يسافر آلاف الأميال و\"يَحرق\" لـ\"يُحرق\" في نار داعش؟\nالتساؤلات كثيرة لكن الجواب الأكيد هو أن لكل بلد شبابا له قابلية \"التأرهب\"، الأرضية الجاهزة للاستهداف.\nفي تونس \"بلد الفرح الدائم\" قبيل سنوات، حيث تراقص مدارج قرطاج في كل ليالي الصيف ركحها..\nحيث تعج الشواطئ بالسياح، والشوارع ليلا يختلط فيها أهل المدن مهللين بزائريهم.\nحيث لا فرق بين الرجل والمرأة في حقوق ولا واجبات.\nحيث تعود السيدات من الأفراح في كامل حللهن، من ذهب وماس ولا إجرام ولا إرهاب...\nتونس اليوم في حداد غير معلن، متواصل منذ الهجوم الإرهابي الأول على متحف باردو مارس (آذار) الماضي والذي خلف 22 قتيلا، والثاني على هجوم سوسة الذي يعده التونسيون القشة التي قسمت ظهر البعير.\nأهم عمودين يقف عليهما أي بلد كسرا في تونس؛ الاقتصاد والأمن. وجبر مثل هذا الكسر يبدو شبه مستحيل في ظروف دولية وإقليمية، شديدة الصعوبة.\nغياب الأمل في اصلاحات اقتصادية على المدى القريب هو ما يخيف من التحاق المزيد من الشباب بصفوف \"داعش\"، وغيرها من التيارات الارهابية التي تختلف تسمياتها لكنها تفتح فمها مثل البعبع لتبتلع عقول وأرواح أبنائنا.\nوبغياب الأمن يكتمل حلم \"الخليفة\".. تونس في حداد لن تخرج منه إلا اذا أنقذت نفسها، وهذا لن يحدث إلا بجبر ما كسر وفي أسرع وقت ممكن.\nلا وقت للتنظير ولا مجال، والحكومة التونسية أمام خيار واحد لا بديل له هو ايجاد حل للاقتصاد.\nالارهاب يولد مع التغاضي عمدا أو عجزا عن جوع الشعب وحاجته، وغياب الأمن...\nونجحت كل الأفلام الأميركية تقريبا في تشبيه الإرهابيين بمخلوقات فضائية، والإرهاب بوحش مجهول الملامح.\nونجحت أكثر في تصوير أسباب الإرهاب في الفيلم الذي أطلقته هوليود منذ حوالى شهرين\"ماد ماكس\"، فيلم يصور أسباب الإرهاب ودوافعه أحسن تصوير في صخب واقعي وفوضى تعكس ما يحيط بنا.\nولكل بلد أرضية مختلفة... قابلية مختلفة لـ\"التأرهب\".",
    "date_extracted": "2015-07-21 18:19:07"
}