{
    "url": "http://aawsat.com/home/article/412316/بريطانيا-تتجه-لوقف-دعم-مشاريع-الطاقة-الشمسية",
    "title": "بريطانيا تتجه لوقف دعم مشاريع الطاقة الشمسية",
    "author": "لندن: «الشرق الأوسط أونلاين»",
    "content": "تتجه الحكومة البريطانية لكبح التكاليف المتصاعدة لدعم توليد الكهرباء من الطاقة المتجددة الذي قالت انه قد يرفع فواتير الاستهلاك المنزلي.\n\n وتشمل الخطة انهاء دعم مشاريع الطاقة الشمسية الصغيرة قبل عام من الموعد المقرر، وتغيير طريقة تأهيل مشاريع الطاقة المتجددة للمدفوعات وتعديل دعم محطات طاقة الكتلة الحيوية.\n\n وتأتي المقترحات بعد شهر فقط من تصريح الحكومة بأنها ستلغي الدعم الجديد لمزارع طاقة الرياح البرية من ابريل (نيسان) المقبل.\n\n وقالت أمبر رود وزيرة الطاقة وتغير المناخ لراديو هيئة الاذاعة البريطانية (بي.بي.سي) \"لا يمكن أن نقبل بوضع يملك فيه القطاع شيكا مفتوحا تسدد قيمته من فواتير الناس\".\n\n وتظهر الأرقام الصادرة عن وزارة الطاقة وتغير المناخ، أن تكلفة دعم الطاقة المتجددة قد تصل الى 1. 9 مليار جنيه استرليني (14 مليار دولار) سنويا بحلول السنة الضريبية 2020-2021 ، مقارنة مع ميزانية مقترحة قدرها 6. 7 مليار جنيه.\n\n (الدولار يساوي 6404. 0 جنيه استرليني).",
    "date_extracted": "2015-07-22 20:09:10"
}