{
    "url": "http://aawsat.com/home/article/411526/البرلمان-اليوناني-يتسلم-الشق-الثاني-من-مقترحات-إنقاذ-اقتصاد-البلاد",
    "title": "البرلمان اليوناني يتسلم الشق الثاني من مقترحات إنقاذ اقتصاد البلاد",
    "author": "لندن: «الشرق الأوسط أونلاين»",
    "content": "أعلن مصدر برلماني إن الحكومة اليونانية قدمت اليوم (الثلاثاء) للبرلمان مشروع قانون حول الشق الثاني من الاجراءات المثيرة للجدل، التي يطالب بها الدائنون لضمان الحصول على قرض جديد للبلاد.\n\n ويتضمن الشق الثاني ادراج التوجيهات الاوروبية التي أقرت في 2013 خلال الأزمة في قبرص، وتنص على ضمان الودائع المصرفية التي تصل قيمتها الى مائة الف يورو، وكذلك اصلاح قانون الاحوال المدنية لتسهيل وتبسيط عمل القضاء وخفض نفقاته.\n\n واعلنت نقابة الموظفين (اديدي) عن تظاهرة امام البرلمان مساء الاربعاء خلال مناقشة النص في جلسة طارئة.\n\n ويشكل هذا التصويت اختبارا جديدا لحكومة رئيس الوزراء الكسيس تسيبراس زعيم الحزب اليساري الراديكالي سيريزا الذي صوت اكثر من خمس اعضائه ضد الشق الاول من الاجراءات الصارمة التي اقرها البرلمان قبل اسبوع.\n\n وتم تبني هذه الاجراءات في نهاية المطاف بفضل اصوات المعارضة اليمينية والاشتراكية.\n\n وكانت هذه الاجراءات الاولى تتعلق خصوصا بزيادة ضريبة القيمة المضافة ورسوم الضمان الاجتماعي، في قانون دخل حيز التنفيذ أمس.\n\n ورأى محللون في الايام الاخيرة ان حكومة التحالف لسيريزا واليونانيين المستقلين (حزب سيادي صغير) ستضطر للجوء الى انتخابات مبكرة في الاشهر المقبلة اذا استمرت الانشقاقات في الكتلة البرلمانية لسيريزا. لكن الحكومة التي تتولى السلطة منذ ستة اشهر تأمل في الا يزيد عدد المعارضين خلال تصويت يوم غد (الاربعاء).",
    "date_extracted": "2015-07-21 18:17:56"
}