{
    "url": "http://aawsat.com/home/article/413201/ما-أفضل-سن-للزواج-الناجح؟",
    "title": "ما أفضل سن للزواج الناجح؟",
    "author": "القاهرة: «الشرق الأوسط أونلاين»",
    "content": "يتساءل الكثير من الأشخاص عن السن المناسبة للزواج الناجح المستقر، الخالي من الخلافات الزوجية التي قد تؤدي للطلاق، وهذا ما قام مجموعة من الباحثين الأميركيين ببحثه ودراسته.\nوقام الباحثون، الذين ينتمون لجامعة ولاية يوتاه الأميركية، بجمع بيانات عدد كبير من الأشخاص من المسح القومي لنمو الأسرة، في الفترة بين عامي 2006 و2010، وبحث معدلات الطلاق التي تحدث في الأعمار المختلفة.\nووجد الباحثون أن أفضل سن للزواج الناجح هي ما بين 25 و32 عاما، مؤكدين أن الأشخاص الذين يتزوجون تحت سن العشرين هم الأكثر عرضة لخطر الطلاق في السنوات الخمس الأولى من زواجهم، بنسبة تقدر بنحو 32 في المائة، بينما الأشخاص الذين يتزوجون في عمر يتراوح بين 20 و24 عاما، تكون احتمالية الطلاق عندهم 20 في المائة فقط، أما أولئك الذين يتزوجون في سن تتراوح بين 25 و29 عاما، فتكون احتمالية الطلاق عندهم 15 في المائة فقط، وتقل هذه النسبة إلى 14 في المائة لأولئك الذين يتزوجون في عمر يتراوح بين 30 و34 عاما.\nوأوضحت الدراسة أن الأشخاص الذين يتزوجون بعد سن 34 عاما تصل احتمالية الطلاق والمشكلات الزوجية لديهم إلى 19 في المائة.\nوقال الباحثون إنه في حين لا يوجد سبب واضح عن ارتفاع معدلات الطلاق بعد سن 34 عاما، إلا أنهم يعتقدون أن السبب في ذلك يرجع إلى السمات الشخصية لأولئك الذين يختارون الانتظار لهذه السن دون زواج، وأوضحوا أن أولئك الأشخاص ربما لا يستطيعون إقامة علاقات جيدة مع الأشخاص، ولا يسهل التعامل معهم، وبالتالي فإنهم يتأخرون في الزواج، لأنهم لا يستطيعون العثور على أي شخص يرغب في الزواج بهم.",
    "date_extracted": "2015-07-23 19:29:35"
}