{
    "url": "http://aawsat.com/home/article/398536/مطعم-الأسبوع-«إيجيبشين-نايتس»-ألف-ليلة-وليلة-في-قلب-القاهرة",
    "title": "مطعم الأسبوع: «إيجيبشين نايتس».. ألف ليلة وليلة في قلب القاهرة",
    "author": "القاهرة: داليا عاصم",
    "content": "أن تنعم بالهواء النقي والطعام الشهي في قلب حديقة خديوية على ضوء القمر والنجوم مع خدمة ممتازة في وسط القاهرة بزحامها المعتاد وصخبها، هو أمر أقرب إلى الحلم! لكن مطعم «إيجيبشين نايتس» بفندق ماريوت الزمالك التاريخي يوفر لك ذلك.\n\n يقع المطعم المفتوح في قلب حديقة الفندق الغناء الحافلة بمجموعة من أندر الأشجار في العالم، بمجرد دخولك من بهو الفندق وصولا إلى الحديقة التاريخية ستشعر بالفخامة وعبق التراث في كل خطوة حتى تصل إلى الحديقة التي تحفها التماثيل البرونزية الرائعة المنحوتة بأنامل أبرع فناني فرنسا وإيطاليا في عهد الخديوي إسماعيل؛ فقد شيده الخديوي وسماه «قصر الجزيرة» لكي تقيم به الإمبراطورة أوجيني زوجة نابليون الثالث، إمبراطور فرنسا، هي وعدد من ملوك وأمراء أوروبا في حفل افتتاح قناة السويس عام 1869م. ومنذ ذلك الحين وحتى تحول القصر إلى فندق تديره شركة ماريوت، فقد حظي الفندق ومطاعمه وتحديدا «إيجيبشين نايتس» بزيارة أبرز الرؤساء والشخصيات العامة في العالم كان آخرها السيدة هيلاري كلينتون، والنجم الهندي أميتاب باتشان، والمذيع الأميركي جون ستيورات.\n\n يعتبر مطعم «إيجيبشين نايتس» أفضل وجهة لقضاء أمسية ممتعة بعد يوم طويل وشاق؛ فهو يجمع بين مميزات المطعم والمقهى، ويعتبر أفضل وجهة للقاء الأهل والأصدقاء في أي وقت من العام، إلا أنه في شهر رمضان يحلو فيه السمر قبل السحور، خاصة في أجواء الخيمة الرمضانية «سمعة باشا» التي يحتضنها المطعم وتفتح أبوابها في الثامنة مساء وحتى الثالثة فجرا.\n\n ففي شهر رمضان يكتسي المطعم بستائر زاهية الألوان تنسدل من كافة جوانبه، مع إضاءة بالفوانيس النحاسية الضخمة، لتعطيك إحياء بأجواء القصور العربية التي تنقلك بديكوراتها التراثية الأخاذة إلى أجواء رمضان الروحانية.\n\n وما إن تختار طاولتك ذات أدوات المائدة النحاسية والقطع المزخرفة سوف تستمتع برائحة الخبز الطازج المنبعثة من الفرن الريفي الموجود في أحد زوايا المطعم، حيث تجلس سيدة تخبز ما لذ وطاب من الفطائر والخبز المصري. بعدها سوف يحضر لك النادل بزيه التراثي المميز قائمة الطعام لتشعر بمعاملة تليق بالأمراء والسلاطين، تتطور في أغلب الوقت لتصبح صداقة، حيث يعرف الطهاة والندلة زبائن المطعم بالاسم، وأيضا يعرفون الأطباق التي يفضلونها وكيفية طهوها. تضم القائمة المأكولات الشعبية المصرية والشامية أيضا إلى جانب «الشيشة» بنكهاتها المختلفة في جميع أوقات السنة في أجواء شرقية ساحرة. كما يمكنك مشاهدة ما تعشق من المسلسلات الرمضانية من خلال الشاشة العملاقة في الهواء الطلق.\n\n قبل وقت الإمساك عن الطعام بوقت كاف يمكنك أن تبدأ السحور لتختار ما بين حساء الحريرة المغربي، والحساء الأندلسي بالخضار، وحساء الدجاج التقليدي. كما يتيح المطعم أصنافا متعددة من المقبلات الباردة والساخنة التي سوف تستمتع بتناولها، سواء مصرية أو شامية، من السلاطات الطازجة: كالحمص باللحم والبابا غنوج والطحينة والتبولة والفتوش والمكدوس، وجبن الحلومي المشوي مع الطماطم وزيت الزيتون وصوص الليمون، أو الساخنة ككبد الدجاج، والكبدة البتلو المقلية، والكبيبة والسبموسك والرقاق والكاليماري المقلي، التي تفتح شهيتك للمزيد.\n\n حقيقة يعتبر «إيجيبشين نايتس» اسما على مسمى، فهو يقدم لك كل ما تشتهيه من المأكولات والأطباق المصرية الشعبية والمنزلية، بداية من الفول والفلافل بكل طرق تقديمهما، والفطائر الريفية المحلاة أو المملحة (الفطير) التي تتربع دوما على أي مائدة سحور، إلى جانب أروع مذاق للكباب والكفتة والحواشي التي تقدم مع المخللات. أما الأطباق الرئيسية فيمكنك الاختيار ما بين طواجن المسقعة والبامية والدجاج والبطاطس بالصلصة والفتة بلحم الغنم التي تعتبر من الأطباق المحببة لدى المصريين على مائدة الإفطار الرمضانية، ولعشاق الأسماك وفواكه البحر، يقدم المطعم أيضا أطباق الجمبري والكاليماري المشوي والمقلي وسمك الباس مع الأرز المطهو إما بالزعفران أو بطريقة الصيادية المصرية.\n\n أما أطباق الحلويات التي لن تستطيع مقاومتها فتتربع على رأسها الكنافة المحشوة بالمكسرات والكريمة والمغمورة بشراب العسل، فضلا عن تشكيلة متنوعة من الحلويات الشرقية المحببة في رمضان من القطائف وبلح الشام وعيش السرايا والبقلاوة والبسبوسة والمهلبية وأم علي والأرز باللبن وسلطة الفواكه. أما المشروبات فهناك قائمة متنوعة من المشروبات الساخنة والباردة بما فيها العصائر الرمضانية المحببة، كقمر الدين والتمر هندي والكركديه والخروب والسوبيا التي تقدم في أكواب تتمشى مع أجواء الخيمة الرمضانية. تكلفة الحد الأدنى لطلبات الفرد في ليالي رمضان 200 جنيه مصري غير شاملة للضرائب والخدمة، وفي الأيام العادية 155 جنيها مصريا. ويفضل القيام بحجز مسبق.",
    "date_extracted": "2015-07-21 10:50:13"
}