{
    "url": "http://aawsat.com/home/article/410611/موجز-أخبار",
    "title": "موجز أخبار",
    "author": "",
    "content": "* اليونان: السيطرة على حرائق غابات أسفرت عن مقتل شرطي\n* أثينا - «الشرق الأوسط»: أعلنت إدارة مكافحة الحرائق في اليونان أمس السيطرة على حرائق غابات أسفرت عن مقتل شرطي وتدمير عدد من المنازل، كما تسببت في إحراق المئات من الحيوانات حتى الموت. وأفادت وسائل إعلام رسمية بأن شرطيا، 47 عاما، كان يشارك في عمليات الإطفاء في جبل إميتوس شرق العاصمة اليونانية عندما تعرض للحرق حتى الموت. وكان الشرطي قد فُقد يوم الجمعة، وتم التعرف أمس على جثته. واندلع أكثر من مائة حريق في أنحاء البلاد خلال اليومين الماضيين نتيجة الرياح القوية. واندلعت الحرائق الأكبر الجمعة في شرق أثينا وشبه جزيرة بيلوبونيز. وحذرت السلطات من احتمال قوي بنشوب حرائق أخرى في جنوب البلاد بسبب توقعات برياح قوية اليومين المقبلين.\n\n* رئيس جنوب أفريقيا يغادر المستشفى بعد خضوعه لجراحة\n* جوهانسبورغ - «الشرق الأوسط»: قالت الرئاسة في جنوب أفريقيا إن الرئيس جاكوب زوما غادر المستشفى أمس، بعد أن خضع لجراحة كانت مقررة سلفا لإزالة حصوات من المرارة. وذكر بيان من مكتب زوما: «الأطباء راضون عن نتيجة العملية، سيقضي الرئيس الأيام القليلة المقبلة في المنزل للراحة والنقاهة». وكانت الرئاسة قالت أول من أمس إنه تم اكتشاف الحصوات قبل شهرين تقريبا خلال خضوع زوما لفحوصات دورية.\n\n* مقتل 5 إثر انهيار منزل بالعاصمة الهندية\n* نيودلهي - «الشرق الأوسط»: أعلنت الشرطة الهندية أمس أن 5 أشخاص لقوا حتفهم وأصيب ما لا يقل عن 13 شخصا إثر انهيار مبنى في العاصمة الهندية. وقال نائب مفوض الشرطة بوشبيندرا كومار إن المبنى، المؤلف من خمسة طوابق في غرب دلهي، انهار ليلة أول من أمس السبت، مما أدى إلى محاصرة عدة أشخاص. ويقوم أفراد الشرطة والمطافئ وفرق مواجهة الكوارث بإزالة الأنقاض والبحث عن الأشخاص الذين قد يكونون ما زالوا محاصرين. وأضاف كومار أن 13 شخصا من الذين تم إنقاذهم أصيبوا بإصابات خطيرة. ويتردد أنه قد يكون سبب انهيار المبنى هو الحفر في مكان مجاور، حيث يجرى تشييد مبنى جديد.\n\n* مقتل 4 مدنيين وجندي في قصف مكثف في شرق أوكرانيا\n* دونيتسك - «الشرق الأوسط»: تبادلت أوكرانيا وانفصاليون مؤيدون لروسيا الاتهامات بقصف مناطق سكانية على الرغم من وقف لإطلاق النار وأعلنوا مقتل أربعة مدنيين وجندي بعد أسبوع من أعنف قتال وقع منذ شهر. وقال الانفصاليون إن رجلا قُتل جراء قصف القوات الأوكرانية في وسط دونيتسك. وذكر شاهد أنه رأى جثة رجل في مبنى محترق على الرغم من أنه لم يُعرف ما إذا كان هو نفس الشخص. وقتل أكثر من 6500 شخص منذ اندلاع الصراع في شرق أوكرانيا في أبريل (نيسان) من العام الماضي.",
    "date_extracted": "2015-07-21 13:09:39"
}