{
    "url": "http://aawsat.com/home/article/412956/«داعش»-يسعى-لإيجاد-موطئ-قدم-له-في-اليمن",
    "title": "«داعش» يسعى لإيجاد موطئ قدم له في اليمن",
    "author": "المكلا (اليمن): أحمد الجعيدي",
    "content": "أكدت مصادر متابعة لنشاط الجماعات المتطرفة في اليمن انتشار خلايا تابعة لتنظيم داعش في مناطق متفرقة من البلاد، وجلب التنظيم لمئات المقاتلين من جنسيات عربية وأجنبية، من دول يسيطر التنظيم على أجزاء واسعة منها كالعراق وسوريا وحتى ليبيا، بغرض تأسيس نواة قوية للتنظيم على الأراضي اليمنية، وتوسعة قاعدة أعضائه ومناصريه، مستغلاً بذلك الأوضاع السياسية والأمنية التي يعيشها اليمن، ووجود مناصرين له من المنشقين عن الفرع اليمني لتنظيم القاعدة، وهو تنظيم متطرف دخل في عدة مواجهات مع الحكومة اليمنية إبان حكم الرئيس السابق علي عبد الله صالح، وعهد الرئيس الحالي عبد ربه منصور هادي.\n\n وتحتضن عدة محافظات يمنية كالعاصمة صنعاء شمالاً، والبيضاء بوسط اليمن، وحضرموت جنوبًا، المئات من مقاتلي «داعش» من عدة جنسيات أجنبية كالأميركية، والكندية، والبريطانية، والفرنسية، والأسترالية، وبلدان شرق آسيا، وجنوب القارة الأفريقية، بالإضافة لعدة جنسيات عربية يسكنون في أماكن تسمى «المأوى» ويتخذون منها دور دعوة لنشر الفكر المتطرف عبر محاضرات عما يسمونه «الجهاد»، وعرض أفلام مسجلة بمناطق يسيطر عليها التنظيم في دول كالعراق وسوريا، وكذلك إعداد مقاتليهم، والتجهيز لعملياتهم، التي كان آخرها، حسبما أعلن التنظيم في بيان، تفجير سيارة مفخخة بالقرب من أحد المساجد التي ترتادها جماعة «أنصار الله» الحوثية بحي الجراف شمال العاصمة صنعاء الاثنين الماضي مخلفًا 5 قتلى، و11 جريحا.\n\n وقالت المصادر إن التنظيم استطاع خلال الأشهر الستة الأخيرة، توسيع قاعدة أعضائه ومناصريه باليمن، وكسب تأييد ومبايعة جزء كبير من عناصر تنظيم «القاعدة في جزيرة العرب» في عدة محافظات يمنية كالبيضاء، وشبوة، وحضرموت، ليحصل على أكثر من 3000 مناصر له، نفذوا الكثير منهم عمليات ضد جماعة أنصار الله الحوثية، والألوية العسكرية التابعة للرئيس اليمني المخلوع علي عبد الله صالح، ونفذت مجاميع أخرى منهم عمليات ذبح وقتل بحق الجيش اليمني.\n\n كما نشأ خلاف حاد بين تنظيم داعش في اليمن المبايع لأبو بكر البغدادي، وتنظيم «القاعدة في جزيرة العرب» المبايع لأيمن الظواهري خليفة مؤسس تنظيم القاعدة أسامة بن لادن، وظهر هذا الخلاف للسطح في محافظة حضرموت جنوب اليمن إبان سيطرة التنظيم على مدينة المكلا عاصمة المحافظة في 2 أبريل (نيسان) الماضي، لتتم «المصالحة» بعد ذلك، وعقد هدنة مؤقتة خلال شهر رمضان المبارك.\n\n وقال باحث يمني في شؤون الجماعات المتطرفة لـ«الشرق الأوسط» إن «اليمن الآن مهيأ تمامًا لزرع خلايا إرهابية هنا وهناك، وكما هو واضح قريبًا سوف يكون ملاذا لعدد من القيادات الإرهابية المطاردة دوليًا، بحكم التضييق عليها وتقليص تمدد داعش في العراق وسوريا». كما رجح دخول تنظيم داعش في مواجهة مع تنظيم القاعدة في جزيرة العرب، وقال: «ما هي إلا عملية فتح جبهة جديدة بين طرفين متنازعين في عدة دول!».\n\n ويضيف الباحث «إن تولي قاسم الريمي الذي يطلق عليه بعض الباحثين في شؤون الجماعات المتشددة لقب النسخة اليمنية من أبو مصعب الزرقاوي لدمويته، يعد تطورا هاما، ونقطة تلاق وتقارب بين الفكرين الخاص بتنظيم الدولة وتنظيم القاعدة، وهو ما قد يساعد على نمو وترعرع داعش في اليمن».\n\n وتواصل الطائرات من دون طيار «درون» طلعاتها اليومية التي تستهدف عناصر تنظيم «القاعدة في جزيرة العرب» بمدينة المكلا التابعة لمحافظة حضرموت، وعلى أجزاء من مدن محافظة شبوة بشكل أسبوعي، التي تقلع من مياه البحر العربي؛ ليجد تنظيم داعش متنفسا فسيحا له في البيضاء وسط اليمن، والعاصمة اليمنية صنعاء، وعدة مناطق يمنية أخرى لتنفيذ عملياته النوعية، كما يواصل نشاطه في كسب الأعضاء والمناصرين له في هدوء تام بمحافظات جنوبية كحضرموت وشبوة.\n\n وقد حصدت «الدرون» أرواح أكثر من 25 عنصرا من تنظيم القاعدة في جزيرة العرب بمدينة المكلا وحدها منذ مطلع أبريل الماضي، كان من بينهم عدة قياديين، أبرزهم أبو بصير ناصر الوحيشي قائد التنظيم في الجزيرة العربية، أحد المقربين من مؤسس تنظيم القاعدة أسامة بن لادن، والذي اعتقل بإيران بعد فراره من معركة تورا بورا بأفغانستان، ليتم تسليمه لليمن في عام 2003 بموجب اتفاق لتسليم الإرهابيين بين الحكومتين اليمنية والإيرانية، ليهرب في عام 2006 من سجنه بصنعاء.\n\n وتعد حضرموت الآن أكبر حاضنة للجماعات المتطرفة، حيث يسيطر تنظيم القاعدة على عاصمتها، ويمتلك بها عدة معسكرات تدريب لعناصره، والمستجدين فيه، بالإضافة لامتلاكه مخزونا كبيرا من العتاد والآليات العسكرية، الثقيلة والمتوسطة، بالإضافة لكميات كبيرة من الذخيرة، حصل عليها من معسكر اللواء 27 ميكا التابع للمنطقة العسكرية الثانية، بعد دخوله مدينة المكلا في 2 أبريل الماضي، كما يمتلك التنظيم مبالغ مالية ضخمة تقدر بعدة مليارات من الريالات اليمنية تم السطو عليها من فرع البنك المركزي بالمدينة، وهو يستخدمها الآن في تمويل عملياته العسكرية، كما يحاول التنظيم إدارة شؤون المدينة عبر تأسيسه عدة مؤسسات دينية كإدارة الأمن الخاصة بالتنظيم لحفظ الأمن داخل المدينة، والمحكمة الشرعية للفصل بين قضايا المواطنين، وإدارة «الحسبة» ودورياتها التي تجوب المدينة بهدف الأمر بالمعروف والنهي عن المنكر كما يدعي التنظيم.",
    "date_extracted": "2015-07-23 19:30:22"
}