{
    "url": "http://aawsat.com/home/article/398526/رأي-في-طبق",
    "title": "رأي في طبق",
    "author": "",
    "content": "التقييم: 5 نجوم\nاسم الطبق: سمك القد الأسود Black Cod\nأين: مطعم تشوتو - ماتي Chotto - Matte في لندن\nالمذاق: المطعم يقدم المطبخ البيروفي في قالب عصري، يدخل في تفاصيله المطبخ الياباني، وهذا النوع من الاندماج يعتبر خلطة سحرية لأن النكهات تتناغم من دون أن تطغى واحدة على أخرى، طبق القد الأسود من الأطباق المميزة في المطعم، فالخلطة يابانية ولكن يدخل فيها العنصر البيروفي وهذا ما يجعل مذاق الطبق فريدا ولا يشبه تلك التي تقدم في المطاعم اليابانية.\nالعنوان: Chotto - Matte, 11 - 13 Frith St، London W1D 4RB 020 7042 7171",
    "date_extracted": "2015-07-21 13:12:04"
}