{
    "url": "http://aawsat.com/home/article/353446/«الشرق-الأوسط»-في-عهد-الملك-سلمان",
    "title": "«الشرق الأوسط» في عهد الملك سلمان",
    "author": "",
    "content": "منذ توليه الحكم، فرض خادم الحرمين الشريفين الملك سلمان بن عبد العزيز، بقراراته الداخلية والخارجية، السعودية على صدارة الأخبار عربيا ودوليا، وهو ما عكسته «الشرق الأوسط» في تغطيتها للمئة يوم الماضية. وكانت قرارات الملك سلمان الداخلية الإصلاحية، أو القرارات الإقليمية الحاسمة مثل «عاصفة الحزم» في اليمن، لها وقع كبير على الشؤون السعودية والعربية والدولية. وانعكست هذه القرارات على الصفحات الأولى لـ«الشرق الأوسط» التي انفردت بالتغطية والصور، وهنا أبرز الصفحات الأولى للصحيفة منذ 24 يناير (كانون الثاني) الماضي.\n\n ",
    "date_extracted": "2015-07-21 13:12:31"
}