{
    "url": "http://aawsat.com/home/article/410366/الكشف-عن-لوحتين-أثريتين-على-ساحل-البحر-الأحمر-في-مصر",
    "title": "الكشف عن لوحتين أثريتين على ساحل البحر الأحمر في مصر",
    "author": "القاهرة - لندن: «الشرق الأوسط»",
    "content": "تم الكشف عن لوحتين أثريتين، تعود الأولى إلى عصر الدولة الوسطى بينما ترجع الثانية إلى عصر الانتقال الثاني، وذلك أثناء أعمال الحفائر التي تجريها بعثة المركز البولندي لآثار البحر المتوسط بالتعاون مع جامعة وارسو البولندية في موقع ميناء الملكة برنيكي الواقع على ساحل البحر الأحمر.\nوقال الدكتور ممدوح الدماطي، وزير الآثار المصري، في بيان صحافي للمكتب الإعلامي لوزارة الآثار، إن «البعثة قد نجحت أيضًا في الكشف عن ثلاث دفنات بالموقع ترجع إلى بداية العصر الروماني، بالإضافة إلى العثور على أجزاء من واجهة معبد برنيكي المعروف باسم معبد سرابيس».\nوأوضح أن «البعثة كشفت عن هاتين اللوحتين الأثريتين بين مجموعة من الكسرات المنقوشة والبلاطات التي تجمعت بين أكوام الحطام والرديم في إحدى زوايا الفناء الداخلي للمعبد»، لافتًا إلى أن العثور عليها ضمن رديم العصر الروماني المتأخر، قد يعد دليلاً على وجود مركز ساحلي آنذاك لإمداد الحملات البحرية المتجهة جنوب البحر الأحمر وما بعده». \nوأضاف وزير الآثار أن «اللوحة الأولى تحمل خرطوش الملك أمنمحات الرابع الذي شهدت فترة حكمه عددًا من الحملات الخاصة بالبحث والتنقيب عن حجر الفيروز في سيناء والجمشت من صعيد مصر وكذلك بلاد بونت، أما اللوحة الثانية فهي متهدمة وتحتاج إلى الترميم»، حسب وكالة الأنباء الألمانية (د.ب.أ).\nمن جانبه، قال رئيس البعثة، إن «البعثة نجحت أيضًا في الكشف عن نقش بالحفر الغائر يُظهر زهور اللوتس ونبات البردي وإحدى الإلهات في وضع الوقوف، بالإضافة إلى نقش يحمل نصوصًا كاملة مسجلة باليونانية، أحدهم بجوار مدخل المعبد وآخر عند الجدار الشمالي الخاص بالفناء، وهي نصوص تمثل إهداءات نقشت على الكتل الحجرية الداعمة للتماثيل التي شيدها مؤسس المعبد داخل قدس الأقداس».\nوأضاف أن «البعثة استطاعت أيضًا من خلال دراسة وتحليل صور الأقمار الصناعية، الكشف عن موقع جديد بالقرب من محيط ميناء برنيكي، يحوي بقايا أساسات لمبنى طويل ضيق ذي ثلاث منصات مستقيمة»، مشيرًا إلى أن «الموقع لا يزال يحتاج إلى المزيد من الدراسات من أجل تحديد وظيفة هذا المبنى المكتشف».\nيذكر أن ميناء برنيكي أنشأه في بداية القرن الثالث قبل الميلاد، الملك بطليموس الثاني، الذي أمر بشن حملات إلى مناطق الساحل الشرقي لأفريقيا بحثًا عن الأفيال ليتم استخدامها في الحروب.",
    "date_extracted": "2015-07-21 10:54:55"
}