{
    "url": "http://aawsat.com/home/article/412361/برلمان-اليونان-يصوت-على-إصلاحات-لخطة-الإنقاذ",
    "title": "برلمان اليونان يصوت على إصلاحات لخطة الإنقاذ",
    "author": "لندن: «الشرق الأوسط أونلاين»",
    "content": "يواجه رئيس وزراء اليونان ألكسيس تسيبراس اليوم (الاربعاء) ثاني اختبار كبير له في أسبوع داخل البرلمان حول الاصلاحات التي يريد أن يصدق عليها النواب، بحيث يمكن البدء في محادثات الانقاذ التي ستبقي البلاد ضمن منطقة اليورو.\n\n وكانت مجموعة أولى من الاصلاحات التي ركزت بشكل كبير على رفع الضرائب واصلاح الميزانية قد أثارت حالة من التمرد في أروقة الحزب الحاكم الاسبوع الماضي، ولم يتم التصديق عليها الا بدعم من أحزاب المعارضة المؤيدة لبقاء اليونان ضمن الاتحاد الاوروبي.\n\n ومن المرجح أن يحتاج تسيبراس أصوات المعارضة مرة أخرى لتأييد إجراءات يصوت عليها البرلمان اليوم لمساعدة البنوك التي تعاني من المتاعب وتسريع اجراءات التقاضي، وهما شرطان آخران لبدء المحادثات على خطة انقاذ قيمتها 86 مليار يورو.\n\n وتأمل الحكومة في أن تنطلق المفاوضات هذا الاسبوع وتنتهي يوم 20 أغسطس (آب)، لكن في ظل الانقسامات في صفوف حزب سيريزا اليساري الذي يتزعمه تسيبراس بشأن التصويت من المرجح أن تجري انتخابات مبكرة الخريف المقبل.\n\n وفي مؤشر على عودة الحياة الى طبيعتها فتحت البنوك اليونانية أبوابها يوم الاثنين وسددت أثينا ديونا للبنك المركزي الاوروبي وصندوق النقد الدولي. وأمس الثلاثاء رفعت مؤسسة ستاندرد اند بورز التصنيف الائتماني السيادي لليونان نقطتين قائلة ان آفاق السيولة في البلاد تحسنت بفضل محادثات الانقاذ.\n\n من ناحية أخرى، قال وزير المالية اليوناني اليوم انه من الضروري أن يصدق البرلمان على الاصلاحات التي يطلبها المقرضون الدوليون بحيث يمكن البدء في محادثات الانقاذ هذا الاسبوع.\n\n وأضاف ايوكليد تساكالوتوس أمام البرلمان \"من المهم للغاية الانتهاء من هذه الاجراءات بحيث يمكننا بدء المفاوضات يوم الجمعة\".",
    "date_extracted": "2015-07-22 20:09:13"
}