{
    "url": "http://aawsat.com/home/article/397771/مفكرة",
    "title": "مفكرة",
    "author": "",
    "content": "‫* مهرجان‬\n* حاز مهرجان لوكارنو (5 إلى 15 أغسطس/ آب) على فيلمين مهمّين يعرضهما عرضًا عالميًا أولاً هما «صحيح الآن، خطأ في السابق» للكوري هونغ سانغسو و«كوزموس» للمخرج البولندي أندريه زولافسكي.\n\n‫* تصوير ‬\n* بوشر قبل أيام تصوير فيلم فرنسي جديد عنوانه «بأي قدم ترقصين» يقوم على حكاية كوميدية - موسيقية عن علاقة عاطفية بين فتاة تبحث عما تريده في الحياة وسائق شاحنة. بولين إيتيان تقوم بدور البطولة أمام أوليفييه شانتريو.\n\n‫* كتابة ‬\n* المخرج بول توماس أندرسون ينصرف حاليًا لكتابة سيناريو مقتبس عن فانتازيا «بينوتشيو» بطلب من الممثل روبرت داوني جونيور الذي يأمل ببطولة الفيلم في العام المقبل.",
    "date_extracted": "2015-07-21 13:11:05"
}