{
    "url": "http://aawsat.com/home/article/411536/خادم-الحرمين-الشريفين-يأمر-بترقية-وتعيين-125-قاضيا-بمختلف-الدرجات",
    "title": "خادم الحرمين الشريفين يأمر بترقية وتعيين 125 قاضيا بمختلف الدرجات",
    "author": "الرياض: «الشرق الأوسط أونلاين»",
    "content": "أصدر خادم الحرمين الشريفين الملك سلمان بن عبد العزيز، أمره الكريم بترقية وتعيين (100 قاض) بوزارة العدل في مختلف درجات السلك القضائي.\n\n وأوضح وزير العدل الشيخ وليد بن محمد الصمعاني، أن الأمر الكريم يأتي في سياق الدعم المتواصل من خادم الحرمين الشريفين لمرفق القضاء، سائلا المولى عز وجل أن يجزي خادم الحرمين الشريفين خير الجزاء، وأن يوفق القضاة لتحقيق تطلعات ولاة الأمر في إقامة العدل وتطبيق أحكام الشرع الحنيف المستمد من كتاب الله عزو جل وسنة نبيه محمد صلى الله عليه وسلم.\n\n كما أصدر خادم الحرمين الشريفين الملك سلمان بن عبد العزيز، أمراً ملكياً بتعيين وترقية 25 قاضياً بديوان المظالم على مختلف الدرجات القضائية.\n\n وأوضح رئيس ديوان المظالم رئيس مجلس القضاء الإداري الشيخ الدكتور خالد بن محمد اليوسف، أن الأمر الملكي تضمن ترقية (24) قاضياً من درجة ملازم قاضي إلى درجة قاضي(ج)، وتعيين قاض على درجة قاضي (ب).\n\n وأكد اليوسف أن هذا الأمر الملكي بأتي حرصاً من خادم الحرمين الشريفين ودعمه الدائم لمرفق القضاء، وتذليل كافة العقبات التي تواجه مرفق العدالة. وأوضح أن التعيينات والترقيات ستسهم في سرعة البت في جميع القضايا لتحقبق قضاء عادل وناجز، وإيصال الحقوق لأصحابها على وجه السرعة.",
    "date_extracted": "2015-07-21 18:18:57"
}