{
    "url": "http://aawsat.com/home/article/412386/منظمة-التعاون-الإسلامي-تستنكر-تصريحات-نائب-الرئيس-العراقي-ضد-السعودية",
    "title": "منظمة التعاون الإسلامي تستنكر تصريحات نائب الرئيس العراقي ضد السعودية",
    "author": "جدة: «الشرق الأوسط أونلاين»",
    "content": "استنكرت الأمانة العامة لمنظمة التعاون الإسلامي، التصريحات التي أدلى بها نوري المالكي نائب رئيس الجهورية العراقية لقناة \"آفاق وصال\" بتاريخ 17 يوليو ( تموز) الحالي، والتي ادعى فيها بأن السعودية راعية وداعمة للإرهاب وطالب بوضعها تحت الوصاية الدولية.\n\n واعتبرت الأمانة العامة أن هذه التصريحات غير مسؤولة، خاصة أنها تصدر عن مسؤول يتولى منصبا رفيعا في الحكومة العراقية، مؤكدة أنها تتعارض مع ميثاق منظمة التعاون الإسلامي الذي يدعو الى تعزيز العلاقات بين الدول الأعضاء على أساس العدل والاحترام المتبادل وحسن الجوار، وعدم التدخل في الشؤون الداخلية للدول الأعضاء.\n\n وأشارت الأمانة العامة الى أن هذه الادعاءات تنافي الواقع بالنظر الى ما تضطلع به المملكة من دور فاعل ومقدر في مكافحة الإرهاب والتطرف على الصعيد الوطني والإقليمي والدولي وكذلك في سياق ما تقوم به المنظمة من جهود في هذا الصدد.\n\n وأكدت الأمانة العامة أن إطلاق مثل هذه التصريحات أمر غير مبرر، ولا يساهم في دعم علاقات التعاون والتضامن والاخوة بين الدول الأعضاء في المنظمة وشعوبها ويغذى الاجندة الطائفية والمذهبية، في الوقت الذي يجب أن تتضافر فيه جهود الجميع لمواجهة التحديات المشتركة ومحاربة الإرهاب والفكر المتطرف وخطر الانقسام الطائفي، والعمل سوية من أجل توحيد الصف وجمع الكلمة وتقريب وجهات النظر، والتأكيد على ما هو مشترك وجامع وموحد.",
    "date_extracted": "2015-07-22 20:08:55"
}