{
    "url": "http://aawsat.com/home/article/391576/دار-الأزياء-العراقية-تعيش-نهضة-جديدة-بعد-تغير-إدارتها",
    "title": "دار الأزياء العراقية تعيش نهضة جديدة بعد تغير إدارتها",
    "author": "بغداد: أفراح شوقي",
    "content": "البنت المدللة، والدار المترفة والأكثر رقيًا، تسميات شاع إطلاقها من قبل الجمهور على دار الأزياء العراقية، تلك الدار التي اهتمت في بداية تأسيسها عام 1970 في العاصمة العراقية بغداد بإبراز حضارة وادي الرافدين، وأهم ما تمتاز به الأزياء الأكدية والسومرية والآشورية، والتي قدمت أول عروضها المبهرة في دولة الكويت. ومن هناك اشتهرت واتسعت وكان لها حظوة كبيرة من الرعاية والاهتمام من قبل المسؤولين في حكومة النظام السابق، كونها تعبر عن حضارة البلاد، وسفيرة للجمال في المهرجانات والنشاطات الفنية العربية والعالمية حتى عام 2003.\nمؤسسة الدار سيدة عراقية اسمها فريال الكليدار، تقول إن تأسيس الدار جاء من ومضة في البال أصبحت حقيقة بعد جهد كبير. وتعود فكرتها، كما تقول: «إلى تلك النقوش والزخارف النحتية الدقيقة والفنية الموجودة في مراقد وقباب مدينة كربلاء، حيث مكان ولادتي، والتي نقشت بأيادي كبار الفنانين من دول متعددة، وهي تعكس صورا متفردة في الجمال العراقي».\nوتسرد الكليدار حكايتها من دار الأزياء العراقية لتقول: «عشقت التصميم الفني حتى إني تركت الطب والاقتصاد من أجله. بعد النجاح الذي تحقق في الأسبوع السياحي في الخليج العربي، عام 1969 بعروض أزياء عراقية فلكلورية وتراثية، حيث قيل حينها إن (عشتار العراقية تظهر في الكويت)، توالت العروض في بغداد، حتى طلبت تأسيس الدار التي أصبحت تتبع وزارة الثقافة العراقية كواحدة من الدوائر التابعة لها».\nظلت هذه المؤسسة الثقافية الفنية، طوال رحلتها تعمل على توثيق تاريخ العراق من خلال الأزياء، مستندة إلى الفهم الواعي لدور الفن في إخراج النفائس والروائع الحضارية من متاحفها وخزاناتها لكي يراها العالم، ودائما بأسلوب مبتكر يفوح من ثناياه الطابع الإنساني، علما بأن الأزياء تكون عموما مستوحاة من حضارات وادي الرافدين وفق التسلسل الزمني لتلك الحضارات. فهناك أزياء سومرية (سنة 3500 ق.م) وأخرى مستوحاة من الحضارة الأكدية (سنة 2350 ق.م) أو من الحضارة الآشورية (سنة 650 ق.م) أو الحضارة الحضر (سنة 200 ق.م) وصولاً إلى أزياء فولكلورية تمثل التراث الشعبي العراقي، في امتداد زمني يصنع حضارة تمتد إلى ستة آلاف سنة.\nولا بد هنا من التنويه بأن دار الأزياء العراقية ليست كباقي بيوت الأزياء العالمية، فهي مؤسسة غير ربحية تهدف لإظهار القيم الجمالية والفنية في حضارة وتراث العراق، وتجسيدها في تصاميم وأزياء وأقمشة وما شابه ذلك. وكانت الدار تعرف عن نفسها بنتاجاتها وإقامة المعارض وعروض الأزياء وإصدار المطبوعات، وإنشاء الشواغل الخاصة بإنتاج تصاميم الأزياء الشعبية والتراثية والمعاصرة.\nوحتى الآن قدمت الكثير من العروض المميزة والفريدة في مختلف أرجاء العالم، وخلال 40 عاما قدمت أكثر من 200 عرض محلي ودولي، جرى أبرزها في دول إيطاليا، وبلغاريا، وإسبانيا، وتركيا، وألمانيا، ومصر، والجزائر، وفرنسا، وسويسرا، والولايات المتحدة الأميركية، واليابان، وغيرها. ولم تكن الدار تعتمد على المصممين المحترفين فقط، وإنما على الكثير من المبدعين من كتاب، عازفين، ورسامين وموسيقيين أمثال منير بشير ونصير شمة ورائد جورج وليلى العطار، وغيرهم.\nبيد أن الدار عاشت تجربة مريرة بعد عام 2003 عندما تعرضت كغيرها من المؤسسات إلى أحداث السلب والتخريب، وحاولت العودة مجددا بعد هذا التاريخ، لكن لم يحالفها الحظ بسبب سوء الإدارات التي تعاقبت عليها. وحده التقشف وتغيير الإدارة فيها، أسهم في عودتها مؤخرا، عبر محاولة إنقاذ قام بها مديرها عقيل المندلاوي، وهو يقول إن سياسة التقشف وإفلاس الخزينة العراقية كان سببا في محاولة استنهاض الدار لتكون قادرة على تمويل ذاتها والعودة من جديد لسابق عهدها المزدهر. ونجحت العملية ما يؤكده عرضها الأخير، حيث كانت فتيات الدار يتنقلن بخفة وأناقة وهن يستقبلن الجمهور، وخلفهن يظهر المبنى الكبير بلونه الأحمر الشاخص، وكأنه يحكي قصة تاريخه التي تمتد إلى نحو نصف قرن من الزمان في موقعه بمنطقة زيونة شرق العاصمة العراقية بغداد.\nوحقق عرض الأزياء الذي حمل عنوان «لسمات عراقية» على رضا وتصفيق الجمهور الذي احتشد لمشاهدة أكثر من 30 زيًا فلكلوريًا حمل من التراث العراقي والحضارة وتمازج الخطوط، لمسات مهمة.\nمدير الدائرة عقيل المندلاوي أكد في حديثه لـ«الشرق الأوسط»: «نحاول أن نواكب متطلبات السوق العراقية، والعربية والعالمية لاحقًا، بتصاميم تحمل روح التراث العراقي ونستطيع من خلالها منافسة البضائع المستوردة».\nوأضاف: «افتتحت الدار سوقها الأولى منذ تأسيسها حتى الآن، وهي سوق لأزياء يسمح بشرائها من قبل الحضور والمحلات التجارية، لأن دار الأزياء ستدخل مرحلة الإنتاج والبيع المباشر داخل وخارج العراق خاصة في دول الخليج التي نتقارب معها في الثقافة، فضلا عن تقديم عروض في تركيا وإيران».\nما أكد عليه المندلاوي أن دار الأزياء تسعى لمواكبة طلبات كل من الأسواق العراقية والعربية والعالمية بتصاميم جديدة تنبض بروح التراث، ليس لمنافسة البضائع المستوردة فحسب، بل أيضا لتعزيز ثقافة الاقتناء لدى المواطن، وخصوصا أن الكثير من المحلات أبدت استعدادها لتبني نفس الفكرة بتداول المنتج العراقي.\nوأضاف أيضا إلى أن أزياء الرجل في البال، لأن «الظروف التي مرت على الدار منذ 2003 وحتى الأعوام التي سبقته، لم تكن مهيأة، ومع ذلك نهتم حاليًا بأزياء الرجال بلمسات تراثية، لأننا لمسنا أن هناك إقبالا نخبويا على الأزياء التاريخية من العباءة إلى الزي الهاشمي».\nمن جهته، يقول سنان كامل، وهو مصمم أزياء ورئيس قسم التصميم في الدار: «نعتبر اليوم بمثابة انطلاقة جديدة لدار الأزياء العراقية. فعرض لمسات عراقية هدفه الترويج للدار ودخولها السوق العراقية بنتاجاتها المحلية».\nويشرح بأنه مضى على الدار أربعة عقود من الزمن والإبداع، وهو ما يعمل الكل على إعادة إحيائه عبر خطوات جديدة من بينها افتتاح المجال التسويقي الذي يضم مخزونا من القطع، بعضها قديم والآخر جديد، إضافة إلى دورات في التصميم والخياطة على شكل معهد تدريبي كامل، بينما ستتضمن الخطوة التالية إقامة معارض خارج العراق. في الوقت الحالي، هناك برامج متنوعة للتعريف بالدار وأزيائها تستهدف زيادة الوعي بها وبما يمكن أن تقدمه. من بين هذه البرامج خطط بتقديم عروض أزياء مساء كل يوم سبت للعائلات البغدادية، طوال شهر رمضان، تليها عروض ستقام في نادي الصيد الاجتماعي وأخرى في فندق الرشيد تشمل أيضا التجوال في متحف الدار والسوق، الذي يتوفر على أزياء تعود إلى السبعينات من القرن الماضي وأخرى إلى ابعد من ذلك بكثير.",
    "date_extracted": "2015-07-21 10:51:09"
}