{
    "url": "http://aawsat.com/home/article/406176/موجز-دوليات",
    "title": "موجز دوليات",
    "author": "",
    "content": "الجيش البوروندي يقتل 31 مسلحا ويعتقل 171 خلال اشتباكات شمال البلاد\nبوجومبورا - د.ب.أ: ذكر المتحدث باسم الجيش في بوروندي جاسبارد باراتوزا أمس أن الجيش قتل 31 مسلحا واعتقل 171 اخرين خلال اشتباكات شمال البلاد. ويرى بعض المراقبين الاشتباكات التي وقعت في إقليم كايانزا أوائل الأسبوع الجاري باعتبارها إشارة على تمرد وشيك لقطاع من الجيش دعم محاولة الانقلاب التي تم إحباطها في مايو (ايار). ولم يتم تأكيد حصيلة القتلى حتى الآن. وقال باراتوزا إن ستة جنود نظاميين أصيبوا. وأوضح أن الجيش يحقق في انتماءات المسلحين، بينما نفت رواندا أن المتمردين دخلوا بوروندي من أراضيها.\n\nتفجير انتحاري مزدوج في شمال الكاميرون يوقع 11 قتيلا\nياوندي - أ.ف.ب: افاد مصدر مقرب من اجهزة الامن الكاميرونية أمس ان 11 مدنيا على الاقل قتلوا في تفجير انتحاري مزدوج في مدينة فوتوكول في اقصى شمال الكاميرون الذي يواجه اسلاميي جماعة بوكو حرام.\nوقد كثف المتمردون النيجيريون منذ سنتين الهجمات الدامية وعمليات الخطف في اقصى الشمال الحدودي لنيجيريا لكنها المرة الاولى الذي ينفذ فيها هجوم انتحاري على اراضي الكاميرون. وقال المصدر ذاته من مدينة فوتوكول الحدودية مع نيجيريا ان انتحاريتين فجرتا نفسيهما مساء أول من امس بفارق زمني لا يتجاوز ثواني على مقربة من معسكر للجيش الكاميروني، مؤكدا انه «تمكن من تعداد 12 جثة» بينها واحدة لاحدى الانتحاريتين.\n\n الرئيس النيجيري يعين قادة عسكريين جددا للجيش\nأبوجا - رويترز: قال متحدث باسم الرئاسة في نيجيريا أمس ان الرئيس محمد بخاري عين قادة عسكريين جددا كما عين مستشارا للامن القومي. وقبل ساعات عزل بخاري كبار قادة الدفاع. وكان تغيير قادة الدفاع متوقعا على نطاق واسع لان بخاري أعطى الاولوية للقضاء على حركة بوكو حرام المتشددة. وبخاري هو جنرال سابق تولى مهام منصبه يوم 29 مايو (ايار) الماضي، ليعزل أمس قادة الجيش والبحرية والقوات الجوية والدفاع.\nومنذ تنصيبه في مايو نقل بخاري مركز قيادة الدفاع في نيجيريا الى مايدوجوري مكان ميلاد الجماعة المتشددة ويقيم مقر قيادة لقوة مهام مشتركة متعددة الجنسيات في نجامينا عاصمة تشاد. ووجهت انتقادات شديدة الى الرئيس السابق جودلاك جوناثان لعدم قدرته على التعامل مع تمرد مستمر منذ ست سنوات في شمال شرق البلاد قتل فيه 5ر1 مليون شخص. ونيجيريا أكبر منتج للنفط في أفريقيا.",
    "date_extracted": "2015-07-21 13:09:54"
}