{
    "url": "http://www.al-madina.com/node/623067/«عاشق-الدكة»-يثير-الشكوك-في-صفقة-الأهلي.html",
    "title": "«عاشق الدكة» يثير الشكوك في صفقة الأهلي",
    "author": "علي الأحمري - أبها",
    "content": " لا شك أن القلق ينتاب بعض عشاق النادي الأهلي من المتابعين الجيدين للكرة الأوروبية بعد الإعلان الرسمي عن التعاقد مع اللاعب اليوناني جيانيس فيتفاتزيديس نظرًا للعلاقة الوثيقة التي كونها هذا اللاعب مع دكة البدلاء في المواسم الأخيرة من مشواره الاحترافي ويكفي أنه طوال الثلاثة مواسم الأخيرة لم يشارك إلا في ست مباريات كاملة وما عدا ذلك كان ما بين عدم المشاركة أو المشاركة لدقائق معدودة، ومن خلال التقرير التالي سنكشف عن هذه الإشكالية التي ربما غابت عن مسيري الفريق ولا يزال أمامهم الوقت لتصحيح الوضع.\n موسم 2012 - 2013 م:\n بدأت مشكلة هذا اللاعب الحقيقية اعتبارًا من موسم 2012 - 2013 م وكان وقتها في صفوف أولمبياكوس، ففي ذلك الموسم غاب عن عدد كبير من مباريات فريقه إذ لم يلعب إلا مباراة واحدة كاملة وشارك في 11 مباراة لدقائق محدودة وزادت معاناة اللاعب من خلال مشاركة فريقه ذلك الموسم في دوري أبطال أوروبا ومع ذلك لم يحصل أبدًا على ثقة مدربه فلم يمنح ولو دقيقة شرفية في المواجهات الست التي لعبها فريقه في مرحلة المجموعات فاستبعد من القائمة في أربع مباريات ووجد على الدكة في مواجهتي مونبلييه وأرسنال ولكن دون أن يشارك وحتى في نهائي كأس اليونان ورغم مشاركته في مواجهتي نصف النهائي ذهابًا وإيابًا لدقائق بسيطة استبعد من قائمة النهائي تمامًا سواء كأساسي أو كبديل.\n موسم 2013 - 2014 م \n لعب مع فريقه جنوى في 36 مواجهة من أصل 38 مواجهة في الدوري ولكن من هذه المواجهات لم يلعب إلا ثلاث مواجهات كاملة فقط أمام كييفو وفيرونا وبولونيا فيما بقي 5 مباريات على دكة البدلاء ولم يشارك نهائيًا وتراوحت مشاركاته الأخرى ما بين دقيقتين إلى 76 دقيقة وهو أعلى رقم وصل له وكان أمام الأنتر وأمام لاتسيو مثلًا لعب 43 دقيقة فقط وسجل هدفًا وأمام روما لعب 21 دقيقة وسجل هدفًا أيضًا وأنهى فريقه الموسم في المركز 13.\n موسم 2014 - 2015 م -\n بدأ هذا الموسم مع فريقه بشكل سيئ للغاية إذ غيبته الإصابة عن أول 11 جولة في الدوري قبل أن يعود أمام باليرمو في الجولة 12 بـ30 دقيقة فقط بعدها وجد على الدكة لأربع مباريات متتالية دون أن تتم الاستعانة به، بعدها شارك في أجزاء بسيطة من ثلاث مواجهات ولعب مباراة ساسولو كاملة وأنقذ فريقه من الخسارة بتسجيله لهدفين في مباراة انتهت 3 - 3 ولعب 55 دقيقة في مباراة ضمن كأس إيطاليا ضد أمبولي ومع ذلك أعير في فترة الانتقالات الشتوية لفريق كييفو في فترة سيئة للغاية مع الفريق لم يشارك فيها إلا في أربع مباريات فقط ، مباراتان شارك فيهما 26 دقيقة فقط ولعب 14 دقيقة أمام ميلان و15 دقيقة أمام لاتسيو واستبعد من قائمة الثمانية عشر في 4 مباريات وبقي احتياطيًا دون أن يشارك في 10 مباريات، أي أن كل مشاركاته مع كييفو تلخصت في 81 دقيقة فقط وهي المشاركة التي عنونت صفقة اللاعب بالخاسرة جدًا. ",
    "date_extracted": "2015-08-06 08:16:40"
}