{
    "url": "http://www.al-madina.com/node/621224/خالد-الفيصل-يدشن-متنزه-الردف-بالطائف-اليوم.html",
    "title": "خالد الفيصل يدشن متنزه الردف بالطائف.. اليوم",
    "author": "سعيد الزهراني، عواض الخديدي، علي بن نمران - الطائف",
    "content": " يفتتح مستشار خادم الحرمين الشريفين أمير منطقة مكة المكرمة صاحب السمو الملكي الأمير خالد الفيصل اليوم الاثنين، منتزه الردف العام بالطائف، الذي يعدّ أحد أكبر المشروعات السياحية والترفيهية في المملكة، حيث ينبسط على مساحة 565 ألف متر مربع، ويضم مرافق سياحية واجتماعية وتثقيفية.\n وأوضح أمين محافظة الطائف المهندس محمد المخرج أن المنتزه يضم ثلاث ساحات بلدية وملاعب متنوعة للشباب، كما تم تزويده بمواقف تتسع لـ1200 سيارة إضافة إلى توفير 10 مجاميع مخصصة لألعاب الأطفال.\n ولفت المخرج إلى أن الأمانة حرصت على توفير مساحات مخصصة للشباب تمثلت في إنشاء ساحات شبابية داخل المتنزه، مع تخصيص الجهة الجنوبية، مضيفًا أنه تم تخصيص منطقة أخرى للشباب تضم مركزًا للفعاليات الرياضية وملاعب كرة قدم ومنطقة رالي لسباق السيارات مع جميع الخدمات المساندة وصالات لتنس الطاولة والبولينج والبلياردو وقاعات جلوس وحمامات سباحة داخلية ومكتبة وناديًا صحيًا.\n وقال المهندس المخرج: إن الأمانة ستدعم الكثافة الشجرية والمسطحات الخضراء، إضافة إلى إنشاء ممرات داخلية للمشاة مع إنشاء ميدان رئيس تتوسطه نافورة مائية لتسهيل الدخول والخروج من المتنزه، علاوة على دعم الموقع بالإنارة التجميلية وإنشاء دورات المياه العامة.\n وقال: إن المشروع الذي تنفذه مجموعة متخصصة للسياحة والتنمية، يضم عدة مكونات رئيسة تخدم كافة الشرائح دون استثناء، حيث تضم المنطقة الترفيهية والتجارية مركزًا تجاريًا عصريًا وفندقًا وصالات ألعاب ترفيهية داخلية وخارجية ومجمع مطاعم وسوق عكاظ ومحلات تجارية ومواقف وجلسات خارجية للعائلات، كما يحتضن متحفًا ومعرضًا للفعاليات المختلفة ودار عرض للأفلام الوثائقية.\n وأضاف: إن المشروع يحوي نماذج للآثار والمواقع التاريخية التي تحتضنها مناطق المملكة المختلفة، كما سيتم استغلال التشكيلات الصخرية المميزة بالموقع عن طريق المحافظة عليها كعناصر جمالية داخل الحديقة تحيط بها المرافق الترفيهية والألعاب، لافتًا إلى وجود مرافق خدمات خاصة بالمتنزه تشمل المباني الإدارية والخدمات والصيانة والمخازن الخاصة بالمعدات الزراعية والخدمية، وروعي في التصميم تعميم الإنارة الجمالية وتنسيق الحدائق بشكل يتواءم مع مرافق المتنزه بما يساعد على إيجاد مناخ ترفيهي ملائم للزوار.\n وأشار المهندس المخرج إلى أن الأمانة تنفذ حاليًا مشروعات حدائق ومتنزهات ومنها متنزه مخيم الملك عبدالعزيز بعشيرة وحديقة فرحة وطن وحديقة الفيصلية بالحوية.\n ونوه أمين الطائف إلى أن الأمانة شرعت في زيادة مساحة المسطحات الخضراء في الجزر الوسطية والزوائد التنظيمية وعلى جنبات الطرق العامة والشوارع الرئيسة وفي حدائق الأحياء.\n ومن الأعمال التي يجري تنفيذها - بحسب أمين الطائف - البدء في تطوير نحو 30 حديقة ومتنزهًا داخل المدينة وأخرى في الضواحي لخدمة الأهالي والزوار. ",
    "date_extracted": "2015-07-27 18:50:44"
}