{
    "url": "http://www.al-madina.com/node/623092/قرط-يحتفل-بزفافه.html",
    "title": "قرط يحتفل بزفافه",
    "author": "",
    "content": " احتفل آل قرط وآل فتة بزواج المهندس رامي عبدالقادر قرط على كريمة المرحوم حامد فتة، وقد أعرب والد العريس المطوف عبدالقادر قرط عن سعادته البالغة بزفاف آخر العنقود في أسرته كما عبر عن شكره لكل الذين لبوا دعوته بالحضور والمشاركة. ",
    "date_extracted": "2015-08-06 08:18:17"
}