{
    "url": "http://www.al-madina.com/node/623125/أبو-مازن-يدعو-لمراجعة-شاملة-للعلاقات-الفلسطينية-الإسرائيلية-ويتهم-كيري-بالتقصير.html",
    "title": "أبو مازن يدعو لمراجعة شاملة للعلاقات الفلسطينية-الإسرائيلية.. ويتهم كيري بالتقصير",
    "author": "د ب أ  واس- القاهرة",
    "content": " دعا الرئيس الفلسطيني محمود عباس أبو مازن إلى مراجعة شاملة للعلاقات مع إسرائيل في ظل الاعتداءات المتواصلة التي لا تتوقف ضد الشعب الفلسطيني ومقدساته، مؤكدًا أن «قطعان المستوطنين» ما كان لهم أن يقدموا علي ارتكاب جرائم الاقتحامات وخطط التهويد والانتهاكات تجاه الأقصى المبارك دون الحصول على ضوء أخضر من السلطات الإسرائيلية.\n جاء ذلك خلال اجتماع لجنة متابعة مبادرة السلام الدولية أمس الأربعاء بالقاهرة، بمشاركة وزير الدولة السعودي للشؤون الخارجية نزار مدني ووزير الخارجية الأردني ناصر جودة ووزير الخارجية الفلسطيني رياض المالكي ووزيرة الدولة المغربية المنتدبة مباركة بو عيدة إلي جانب سامح شكري وزير الخارجية المصري رئيس الاجتماع.\n واتهم أبو مازن وزير الخارجية الأمريكي جون كيري بالتقصير فيما تعهد به من اتفاق بين الجانبين وقال: «إننا أوفينا بكل ما علينا من تعهدات في الوقت الذي أقدمت اسرائيل وحكومتها المتطرفة علي ارتكاب نحو 11 ألف انتهاك».\n وتعرض أبو مازن لقضية المصالحة واتهم حماس بالإقدام علي اختطاف ثلاثة من المستوطنين مما تسبب في التأثير السلبي علي جهود تشكيل حكومة وحدة وطنية، وقال: «إن حماس مازالت تمارس سياسة التعنت ورغم ذلك فإننا مازلنا نمد يدنا إليهم لتشكيل حكومة وحدة وطنية ثم نذهب إلي انتخابات تشريعية ورئاسية»،وثمن وزراء خارجية لجنة مبادرة السلام العربية جهود المغفور له -بإذن الله- صاحب السمو الملكي الأمير سعود الفيصل وجهوده في دعم وخدمة قضايا الأمتين العربية والإسلامية وخاصة القضية الفلسطينية، مشيدين بدور سموه -رحمه الله- في اقتراح إنشاء لجنة مبادرة السلام العربية لمتابعة تنفيذ المبادرة التي أقرتها قمة بيروت العام 2002م. ",
    "date_extracted": "2015-08-06 08:14:15"
}