{
    "url": "http://www.al-madina.com/node/623101/اليوم-بروفات-الطاولة-لـ-«نقش-من-هوازن»-استعدادًا-لانطلاقة-سوق-عكاظ.html",
    "title": "اليوم بروفات الطاولة لـ «نقش من هوازن» استعدادًا لانطلاقة سوق عكاظ",
    "author": "واس - الطائف",
    "content": " بدأ فريق عمل عرض مسرح الشارع «نقش من هوازن» الذي تفتتح به فعاليات جادة سوق عكاظ في نسخته التاسعة لهذا العام، إجراء بروفات الطاولة، بينما تبدأ اليوم البروفات الميدانية بجادة عكاظ.\n وينطلق عرض «نقش من هوازن» في باكورة فعاليات جادة سوق عكاظ ضمن أعمال الدورة التاسعة للسوق يوم الأربعاء المقبل (27 شوال 1436هـ الموافق 12 أغسطس 2015م) برعاية الأمير خالد الفيصل مستشار خادم الحرمين الشريفين أمير منطقة مكة المكرمة رئيس اللجنة الإشرافية العليا، وبإشراف الهيئة العامة للسياحة والتراث الوطني برئاسة الأمير سلطان بن سلمان رئيس الهيئة. ويجسّد عرض «نقش من هوازن» لمؤلفه حسين عادل شاهين، حياة أحد أشهر الشعراء العرب في الجاهلية وصدر الإسلام ومبدع واحدة من أشهر المعلقات وهو لبيد بن ربيعة العامري، الذي وقع اختيار أمانة مهرجان سوق عكاظ عليه ليكون شخصية العام لتكون «ثيمة» المهرجان في دورته الحالية. وأوضح مؤلف العرض حسين شاهين، أنه ركز في تناوله لشخصية الشاعر لبيد بن ربيعة على مراحل نشأته وما شهدته من أحداث وصولاً لمرحلة إسلامه، مفيدًا أن العرض يظهر مدى الشجاعة والجرأة والحصافة للشاعر وفصاحة وبيان لسانه وما تمتع به لبيد كشاعر وفارس قبل وبعد الإسلام.\n وأوضح شاهين أن اختيار مسمى «نقش من هوازن» بعيدًا عن مسمى الشخصية، لإعطاء دلالة رمزية على المكانة التي حفرها «لبيد» لنفسه في التاريخ كشخصية ناجحة في مختلف الميادين، وهو الأمر نفسه الذي حدث في العرض المسرحي الذي قدمته الجادة في العام الماضي باختيار اسم «فارس قومه» عن قصة الشاعر والفارس عمرو بن كلثوم.\n ويأتي العرض المسرحي بقيادة المخرج ممدوح سالم، وبمعاونة المخرج المنفذ خلدون كريم، ومساعد المخرج أحمد الصمان، وبمشاركة فريق عمل مكون من 250 من الممثلين والفنيين، بينهم نحو 200 ممثل، و50 من الفنيين ومهندسي الصوت والإضاءة، بمشاركة فرسان وهجانة، وأكثر من 200 قطعة من السيوف والرماح والدروع. ",
    "date_extracted": "2015-08-06 08:14:03"
}