{
    "url": "http://www.al-madina.com/node/623059/المتحرّش-والمتضرر.html",
    "title": "المتحرّش والمتضرر..!",
    "author": "إبراهيم محمد باداود",
    "content": " في الآونة الآخيرة طفت قضية التحرش بشكل كبير على باقي القضايا الاجتماعية الأخرى الموجودة لدينا وخصوصًا بعد انتشار مقطع الفيديو الخاص بالفتيات على كورنيش مدينة جدة وكذلك المقطع الآخر لقضية التحرش في مدينة الطائف إضافة إلى بعض القصص الأخرى التي لازالت تذكر في نفس الموضوع مثل الفتاة التي انهالت بالضرب على المتحرش بها في الدمام وغيرها من القصص الأخرى المتعلقة بنفس الموضوع. \n حاليًا فإن القضاء يتصدى للحالات التي يتم رصدها وتوثيقها ويعمل على إصدار الأحكام اللازمة للتصدي لتلك الجرائم من خلال الشريعة الإسلامية ووفقًا للأساس التي ترتكز عليه الدولة لترسية دعائم الحق والعدل والإنسانية والإنصاف في جميع أركانها، وعلى الرغم من قيام القضاء بإصدار العديد من الأحكام والعقوبات الخاصة بالمتحرشين إلا أننا في حاجة ماسة لوجود نظام- في إطار الشريعة الإسلامية- يحدد صور التحرش والعقوبات المقدرة لها والرادعة سواء صدر ذلك التحرش من ذكر أم أنثى أو كان بالفعل أو القول أو أي صورة من صور التحرش الأخرى أو كان ضد أي فرد. \n مواجهة التحرش في المجتمع تحتاج إلى التركيز على ثلاثة محاور أساسية وهي الوقاية من خلال تحديد مفهوم التحرش وصوره، ثم التجريم واعتبار هذا التصرف جريمة يحاسب عليها مرتكبها، ثم العقوبة والتي يجب تطبيقها على أولئك المجرمين، وكما أن هناك أنظمة لمكافحة الجرائم المعلوماتية ومكافحة غسيل الأموال ومكافحة الفساد ومكافحة المخدرات فلابد من نظام لمكافحة التحرش وحماية المجتمع منه.\n غياب مثل هذا النظام سيجعل كل فرد في المجتمع يقوم مقام السلطة أو القضاء، لمكافحة المتحرش وخصوصًا إن تعرّض لأهله أو أحد أقاربه، فالبعض سيبادر لمعاقبة المتحرّش مباشرة دون الانتظار لضبطه والتأكد من جريمته وعرضه للقاضي لدراسة قضيته ومن ثمّ إصدار الحكم فيها، لعلم أولئك أنه لا يوجد نظام واضح يعاقب أمثال هؤلاء وسيفضّلون ردّ اعتبارهم بأنفسهم مما قد يساهم في تطوير القضية من قضية تحرش إلى قضية ضرب أو قد تؤدي لا سمح الله إلى إعتداء وقتل. \n الوقاية خير من العلاج والمبادرة بوضع الأنظمة والضوابط والقوانين - وحتى لو كانت غير مكتملة أو مثالية - وتعريف الناس بها خير من ترك الأمور دون ضابط مما يعطي المتحرش الفرصة لمواصلة إجرامه ويعطي المتضرر الفرصة لأخذ حقه بيده. \n\nIbrahim.badawood@gmail.com\nللتواصل مع الكاتب ارسل رسالة SMS\nتبدأ بالرمز (123) ثم مسافة ثم نص الرسالة إلى\n88591 - Stc\n635031 - Mobily\n737221 - Zain ",
    "date_extracted": "2015-08-06 02:32:35"
}