{
    "url": "http://www.al-madina.com/node/622956/جارالله-الحرازي-في-ذمة-الله.html",
    "title": "جارالله الحرازي في ذمة الله",
    "author": "المدينة - جدة",
    "content": " انتقل إلى رحمه الله تعالى الشيخ جارالله صالح الحرازي عميد آل الحرازي أول أمس (الاثنين) عن عمر يناهز الخامسة والسبعين عامًا.. والفقيد والد كل من المرحوم محمد وفؤاد ووالد رجل الأعمال فريد وخالد والدكتور تركي الحرازي الأستاذ في الأكاديمية البحرية في الإسكندرية، وخليل وجميل وبندر جارالله الحرازي.. ويعتبر اليوم آخر أيام العزاء بمنزله الكائن في حي الرحاب خلف أكاديمية النادي الأهلي وبجوار مسجد «الأخوين».\n و»المدينة» التي آلمها النبأ تدعو للفقيد بالرحمة والمغفرة ولأهله بالصبر والسلوان، و»إنا لله وإنا إليه راجعون». ",
    "date_extracted": "2015-08-06 01:06:15"
}