{
    "url": "http://www.al-madina.com/node/622928/تركيب-رجل-صناعية-لدجاجة-بـ93-ألف-ريال.html",
    "title": "تركيب رجل صناعية لدجاجة بـ9.3 ألف ريال",
    "author": "",
    "content": " تُجرى اليوم في ولاية ماساتشوسيتس الامريكية عملية جراحية لدجاجة عرجاء بغرض تركيب رجل صناعية لها، وتتكلف العملية 2500 دولار» توازي 9370 ريالا» فيما يستعين الفريق البيطري بتقنية الطباعة الثلاثية الأبعاد لتصوير الخلل فى الرجل بشكل دقيق. \n وقالت اندريا مارتن من مزرعة (بلاك ثيسل) صاحبة الدجاجة المسماة (سيسيلي) أمس إن هذه أول جراحة من نوعها لتركيب رجل صناعية لدجاجة.\n ولدت الدجاجة (سيسيلي) -وعمرها الآن ثلاثة أشهر- بعيب خلقي وتمزق في وتر الرجل اليمنى ما يعرقل من حركتها الطبيعية وعندما توجهت بها مارتن إلى كلية كومنجز للطب البيطري بجامعة تافتس لفحصها الأسبوع الماضي كان أمامها خياران لا ثالث لهما: إما تركيب رجل صناعية وإما القتل الرحيم.\n وقالت مارتن في اتصال هاتفي «لم أفكر كثيرًا فمن حقها أن تعيش حياة طبيعية»، وأضافت «في كل مرة تجرى فيها عملية جراحة لطائر نخوض مخاطرة. لكنني متفائلة وأعتقد أن ذلك سيكون مدعاة لسعادتها».\n وخلال الجراحة التي تُجرى اليوم تقوم الطبيبة البيطرية ايمي كنافو ببتر الرجل اليمنى ثم يُجرى تصوير الساق اليسرى بالأشعة المقطعية من أجل تصنيع رجل صناعية بالاستعانة بتقنية الطباعة الثلاثية الأبعاد ثم تعاد الدجاجة إلى مزرعتها للراحة أسبوعين قبل إعادتها الى جامعة تافتس لتركيب الرجل الصناعية.\n وقالت كنافو إن جراحات مماثلة أجريت لكائنات أخرى لكنها المرة الأولى التي تجري فيها مثل هذه الجراحة لدجاجة.\n وقالت مارتن إنه بعد أن تتعافى (سيسيلي) تتعشم أن تضع كتابًا للأطفال عن هذه التجربة، وأضافت»يجب أن تروي الدجاجة قصتها».\n يشار إلى أن مزرعة مارتن -التي تقع بمنطقة كلينتون على بعد 72 كيلومترًا إلى الغرب من بوسطن- في إعادة تأهيل الدجاج وهذه ليس المرة الأولى التي تلجأ فيها المزرعة إلى إجراء العمليات الجراحية، فقد أجريت لدجاجة عملية جراحية لاستئصال الرحم العام الماضي بتكلفة ثلاثة آلاف دولار. ",
    "date_extracted": "2015-08-06 01:06:28"
}