{
    "url": "http://www.al-madina.com/node/623097/جامعة-المؤسس-تشارك-في-«جدة-36»-بـ«كتاب-بكتاب».html",
    "title": "جامعة المؤسس تشارك في «جدة 36» بـ«كتاب بكتاب»",
    "author": "صهيب الفقيه - جدة تصوير - إبراهيم عسيري",
    "content": " أوضح عميد شؤون المكتبات بجامعة الملك عبدالعزيز الدكتور نبيل قمصاني أن الجامعة وفي بادرة ثقافية ممثلة في عمادة شؤون المكتبات بالجامعة، قامت بالمشاركة في فعاليات مهرجان جدة غير لعام 1436هـ، عن طريق افتتاح جناح لها في مركز الرد سي مول لمشاركة الزوار العديد من الفعاليات الثقافية والتعريفية بالكتب والمخطوطات والمحتويات التي تشتمل عليها أرفف المكتبة المركزية بالجامعة. مشيرًا إلى أن هذه الفعاليات استمرت لعدة أيام، وستختم نشاطاتها اليوم الخميس، وسيكون الجناح متاحًا للزيارة من الفترة الصباحية وحتى الساعة العاشرة مساءً. فيما أوضح مدير العلاقات العامة مطلق النفيعي أن الجناح يقوم باستعراض نشاطاته عن طريق 4 أركان، هي: ركن الطفل ويشتمل على برنامج «صناعة كتاب» وهو برنامج تعليمي تفاعلي يهدف إلى تعريف الأطفال بالمراحل التي يمر بها صناعة الكتاب، وبرنامج «في كل يوم حكاية» وهو برنامج مخصّص لقراءة القصص للأطفال بشكل شيّق وتفاعلي خلال فترات العرض. بالإضافة إلى ركن الكتاب ويشتمل على برنامج «كتاب بكتاب» ويتيح للزوار استبدال أي كتاب من مكتبتهم الخاصة بكتاب آخر من الأرفف المخصّصة، بهدف زراعة فكرة تدوير وتبادل الكتب بين أفراد المجتمع. وبرنامج «أهدي لك كتابي» الذي يتيح للزوار إهداء بعض كتبهم الشخصية للأيتام والجمعيات الخيرية. وبرنامج «قائمة كتبي» وهو عبارة عن منصة مشاركة تفاعلية بين زوار المعرض.\n كما يشتمل ركن المعلومات على برامج مختلفة للمسابقات المعلوماتية والثقافية. ",
    "date_extracted": "2015-08-06 08:15:49"
}