{
    "url": "http://www.al-madina.com/node/621259/وفاة-شخصين-غرقًا-في-وادي-لجب-بالريث.html",
    "title": "وفاة شخصين غرقًا في وادي لجب بالريث",
    "author": "علي خواجي - جازان",
    "content": " لقي شخصان حتفهما غرقًا في مياه راكدة بوادي لجب بمحافظة الريث ، وأوضح نائب المتحدث الرسمي لمديرية الدفاع المدني بمنطقة جازان الرائد محمد بن حسن ال صمغان أن غرفة القيادة والتوجيه تبلغت عن حادثة الغرق في تمام الساعة الحادية عشرة وتم الانتقال للموقع وانتشال الجثتين ونقلهما الى مستشفى الريث. \n وحذر ال صمغان من خطورة الاودية والمياه الراكدة خاصة في المناطق الجبلية. ",
    "date_extracted": "2015-07-27 18:50:30"
}