{
    "url": "http://www.al-madina.com/node/622829/كشافو-العالم-يتفاعلون-مع-العرضة-السعودية-في-اليوم-العربي.html",
    "title": "كشافو العالم يتفاعلون مع العرضة السعودية في اليوم العربي",
    "author": "عبدالله الشملاني - الرياض",
    "content": " تألق أعضاء الوفد الكشفي السعودي يوم أمس بمشاركتهم في اليوم الثقافي العربي، الذي أقيم ضمن فعاليات المخيم الكشفي العالمي المقام حاليًا في مدينة كرارا هاما ياماغوتشي اليابانية، وشدت العرضة السعودية خصوصًا انتباه الحضور، فيما كان الكشافون يؤدونها على أصوات وقع الطبول وصليل السيوف، وقد ارتدوا الملابس الخاصة بها ومنها الصابة والمجند والمرودن والفرملية، مرددين مرحوم ياشيخ بنى للمجد دولة ودين، وحد قبايلها وعلا بالشرف شأنها، عبدالعزيز اللي له القاسي يطيع ويلين، تهتز ساحات الوغى لاطب ميدانها.\n وزاد من جمالها حينما تفاعل الآخرون وشاركوا فيها خاصة من أبناء دول الخليج العربي المشاركين بالمخيم مع تلك الرقصة الشعبية الجماعية، واللون الجميل من التراث السعودي الأصيل.\n وكرم الوفد الوفود الحاضرة بتقديم القهوة العربية وبعض الأكلات الشعبية، التي تشتهر بها المملكة وأعدها أعضاء الوفد ومنها كبسة الأرز، والمرقوق، والمطازيز، والجريش، والعصيد.\n يشار إلى أن الجناح السعودي الذي أقيم بالمناسبة تضمن عرضًا لمجموعة من الحلي النسائية الشعبية كالأقراط والشدرة والخنصر والشاهد والطوق والخزامة والخشيل والدلج، وملابس نسائية شعبية كالنشل النجدي والدراعة والثوب الجنوبي، وحرص كثير من المشاركين على ارتداء الثوب السعودي الرجالي والكوفية والشماغ والعقال والمشلح والتقاط الصور التذكارية. ",
    "date_extracted": "2015-08-06 01:07:43"
}