{
    "url": "http://www.al-madina.com/node/621289/«سوق-المال»-تحيل-مستثمرًا-للتحقيق-والادعاء.html",
    "title": "«سوق المال» تحيل مستثمرًا للتحقيق والادعاء",
    "author": "المدينة ـ جدة",
    "content": " انطلاقًا من مسؤوليات هيئة السوق المالية في حماية المواطنين والمستثمرين في الأوراق المالية من الممارسات غير العادلة وغير السليمة والتي تنطوي على احتيال وغش وتدليس وتلاعب، والعمل على تحقيق العدالة والكفاية والشفافية في معاملات الأوراق المالية. وبناءً على المادة السابعة عشرة من نظام السوق المالية، تود الهيئة إحاطة المتعاملين والمستثمرين في السوق المالية بأنه صدر قرار مجلس الهيئة المتضمن إحالة الاشتباه في مخالفة مستثمر للمادة التاسعة والأربعين من نظام السوق المالية والمادة الثانية من لائحة سلوكيات السوق إلى هيئة التحقيق والادعاء العام، لتداولاته المخالفة على أسهم بعض الشركات المدرجة. ",
    "date_extracted": "2015-07-27 18:51:17"
}