{
    "url": "http://www.al-madina.com/node/622865/«ناس»-ينقل-مليون-ضيف-بالصيف.html",
    "title": "«ناس» ينقل مليون ضيف بالصيف",
    "author": "المدينة ـ جدة",
    "content": " أعلن طيران ناس الناقل الوطني السعودي، عن تحقيق إنجاز غير مسبوق خلال شهري يونيو - يوليو 2015، والتي تزامنت مع شهر رمضان المبارك وعيد الفطر السعيد، وذلك على رحلاته الداخلية والإقليمية.\n ونجح طيران ناس خلال تلك الفترة في نقل أكثر من مليون ضيف، كرقم قياسي لم تحققه الشركة من قبل على مدى تاريخها، والذي تحقق بفضل تضافر جهود كافة إدارات الشركة لتحقيق أهدافها، والتزام جميع منتسبي طيران ناس بتقديم خدمات متميزة عالية الجودة للضيوف.\n وتعليقاً على هذا الحدث، يقول يزيد بن فهد الرشيد، مدير عام التسويق والاتصالات بمجموعة ناس القابضة: «لا شك من أن نقل مليون ضيف خلال هذه الفترة يمثل إنجازاً كبيراً وخطوة هامة في مسيرة النمو للشركة، إذ يعكس هذا الإنجاز بدوره الجهود الكبيرة التي يبذلها فريق طيران ناس بالكامل للمساهمة بشكل فاعل في تطور صناعة الطيران في المملكة، كما يعتبر بمثابة شهادة واضحة على تفوق خدماتنا وتميزها، الأمر الذي مكننا من استقطاب أعداد متزايدة من المسافرين».\n وعزا الرشيد هذا الإنجاز الكبير إلى ثلاثة عناصر رئيسة: أولها تزامنه مع شهر رمضان المبارك وعيد الفطر، وهي فترة ترتفع فيها حركة السفر من وإلى المملكة نظراً لقدوم المعتمرين إلى الحرمين الشريفين في مكة المكرمة والمدينة المنورة لأداء العمرة وزيارة المسجد النبوي الشريف، وثانيها فترة الإجازات التي تشهد كذلك ارتفاعاً في حركة السفر جواً وتوجه السعوديين لقضاء عطلاتهم بالخارج، أما العنصر الثالث فهو أن طيران ناس قد أصبح الخيار المفضل للمسافرين الذين يرغبون في السفر بأسعار اقتصادية والحصول في الوقت ذاته على خدمات متميزة، وهذا ما يوفره لهم الناقل الوطني السعودي. ",
    "date_extracted": "2015-08-06 01:06:11"
}