{
    "url": "http://www.al-madina.com/node/622957/مشعل-بن-ماجد-والأمراء-في-عزاء-آل-الجفالي-بجدة.html",
    "title": "مشعل بن ماجد والأمراء في عزاء آل الجفالي بجدة",
    "author": "عادل المطيري - جدة",
    "content": " أدى صاحب السمو الملكي الأمير مشعل بن ماجد محافظ جدة العزاء وعدد من أصحاب السمو الملكي الأمراء واجب العزاء مساء أمس في فقيد آل الجفالي بجدة الشيخ علي عبدالله الجفالي بمنزل الأسرة بجدة.\n كما أدى العزاء صاحب السمو الملكي الأمير سلطان الفيصل بن عبدالعزيز، وصاحب السمو الملكي الأمير تركي بن عبدالله الفيصل بن عبدالعزيز، وعدد من الوزراء والمسؤوليين ووجهاء المجتمع.\n وكان في مقدمة مستقبلي العزاء أبناء الفقيد الشيخ حاتم والشيخ أمين والشيخ سامي والشيخ أيمن. ",
    "date_extracted": "2015-08-06 01:06:14"
}