{
    "url": "http://www.al-madina.com/node/622847/«المياه-الوطنية»-تطلق-فرعًا-إلكترونيًا-لخدمة-العملاء.html",
    "title": "«المياه الوطنية» تطلق فرعًا إلكترونيًا لخدمة العملاء",
    "author": "أحمد الجهني - جدة",
    "content": " أطلقت شركة المياه الوطنية الفرع الإلكتروني لخدمات العملاء المتاح على موقعها الرسمي (www.nwc.com.sa).\n ويقوم الموقع بتوفير كل الخدمات، التي تقدّمها الشركة للعملاء في الرياض وجدة بنسبة (100%) مستهدفة بذلك أكثر من 600 ألف عميل في مدينتي الرياض وجدة، حيث سيتمكن العملاء من تنفيذ خدماتهم على مدار الساعة، وبشكل متكامل وبجودة عالية، وسيعمل بجانب مراكز خدمات العملاء المنتشرة في أربع مدن، والتي تدار من قبل كوادر سعودية شابة مدربة على خدمات العملاء.\n وأوضحت الشركة قيامها بتنفيذ جهود متميزة لإظهار الفرع الإلكتروني بما يتناسب مع رغبات العملاء باستخدام أحدث التقنيات ووفق أفضل المعايير العالمية. ",
    "date_extracted": "2015-08-06 01:07:41"
}