{
    "url": "http://www.al-madina.com/node/623024/وظائف-شاغرة-للسائقين-بجامعة-الدمام.html",
    "title": "وظائف شاغرة للسائقين بجامعة الدمام",
    "author": "عبدالله عابد - الدمام",
    "content": " أعلنت جامعة الدمام عن توفر وظائف سائقين شاغرة على لائحة المستخدمين ولائحة بند الأجور، داعية الراغبين في التقديم على هذه الوظائف تسجيل بياناتهم عن طريق موقع وزارة الخدمة المدنية برنامج «ساعد» علمًا بأن شروط شغلها أن يكون المتقدم سعوديًا وحاصلاً على رخصة قيادة «عمومي» سارية المفعول وألاَّ يتجاوز عمره (٥٠) سنة وبإمكان المتقدم الدخول على رابط وزارة الخدمة المدنية للتسجيل من خلال موقع جامعة الدمام www.uod.edu.sa و الضغط على إيقونة «وظائف» حيث يستمر التقديم لمدة أسبوعين من تاريخه. ",
    "date_extracted": "2015-08-06 08:14:57"
}