{
    "url": "http://www.al-madina.com/node/621374/«مدني-نجران»-إصابة-فتاة-وطفلين-إثر-سقوط-مقذوف-عسكري-يمني.html",
    "title": "«مدني نجران»: إصابة فتاة وطفلين إثر سقوط مقذوف عسكري يمني",
    "author": "واس- نجران",
    "content": " أوضح المتحدث الإعلامي للدفاع المدني بمنطقة نجران المقدم علي بن عمير الشهراني أن الدفاع المدني باشر بلاغاً عند الساعة 5:20 عصر أمس عن سقوط مقذوف عسكري من داخل الحدود اليمنية على منزل بمدينة نجران مما نتج عنه إصابة فتاة وطفلين سعوديين.\n وأضاف إنه جرى نقلهم للمستشفى، كما نفذت الإجراءات اللازمة وفق الخطط المعتمدة لذلك. ",
    "date_extracted": "2015-07-27 18:50:15"
}