{
    "url": "http://www.al-madina.com/node/621265/الخبر-بدء-تطوير-دوار-العزيزية.html",
    "title": "الخبر: بدء تطوير دوار العزيزية",
    "author": "مشعل القحطاني - الخبر",
    "content": " تبدأ بلدية محافظة الخبر خلال الأسبوع الجاري في تطوير وتحسين دوارالعزيزية، وأوضح مديرعام إدارة العلاقات العامة والإعلام والمتحدث الإعلامي بأمانة المنطقة الشرقية محمد بن عبدالعزيز الصفيان أن البلدية ستقوم بتطوير الدوار انطلاقًا من حرصها على تحسين الطرق والشوارع والدوارات لتسهيل العبور للجميع في هذه الطرق، وأضاف الصفيان بأن البلدية حرصت على فتح تحويلات بديلة لتسهيل عبور المركبات بالتنسيق مع إدارة المرور خاصة خلال الفترة الحالية، حيث تشهد منطقة العزيزية حركة كثيفة من الزوار والسياح باعتبارها منطقة ترفيهية باتجاه شاطئ نصف القمر. ",
    "date_extracted": "2015-07-27 18:50:34"
}