{
    "url": "http://www.al-madina.com/node/621372/«أمن-الطائف»-يطيح-بشابين-تورطا-في-قضية-«تحرش»-بفتاة.html",
    "title": "«أمن الطائف» يطيح بشابين تورطا في قضية «تحرش» بفتاة",
    "author": "عواض الخديدي - الطائف",
    "content": " نجحت الجهات الامنية بمحافظة الطائف من ضبط الشخصين المتهمين بالتورط في قضية تحرش فتاة بالطائف، وذلك في غضون اربع وعشرين ساعة من انتشار مقطع الفيديو والذي تم تداوله على نطاق واسع في وسائل التواصل الاجتماعي. وأوضح الناطق الاعلامي بشرطة منطقة مكة المكرمة العقيد دكتورعاطي بن عطية القرشي بأنه الحاقا للتصريح حيال واقعة مقطع فيديو الذي تم تداوله عبر وسائل التواصل الاجتماعي يظهر فيه شابان يقومان بتصرفات غير لائقة تجاه فتاة بأحد المواقع بمحافظة الطائف، تم تشكيل فريق عمل من الجهات الأمنية بمتابعة مدير شرطة محافظة الطائف العميد عبدالرحمن الثمالي لتحليل وجمع معلومات عن مقطع الفديو، وأسفرت نتائجه عن ضبط الأشخاص المتهمين بالتورط في تلك الحادثة من قبل البحث الجنائي، وجري ايقافهم بعد سماع اقوالهما تمهيداً لاحالتهما لجهة الاختصاص. ",
    "date_extracted": "2015-07-27 18:50:13"
}