{
    "url": "http://www.al-madina.com/node/623134/آل-الحرازي-يتقبلون-التعازي-في-فقيدهم-الشيخ-جارالله.html",
    "title": "آل الحرازي يتقبلون التعازي في فقيدهم الشيخ جارالله",
    "author": "",
    "content": " يتقبل آل الحرازي التعازي في فقيدهم الشيخ جارالله صالح الحرازي عميد آل الحرازي، الذي انتقل إلى رحمه الله تعالى يوم الاثنين الماضي عن عمر يناهز الخامسة والثامنين عامًا، وهو والد كل من المرحوم محمد وفؤاد ووالد رجل الاعمال فريد حرازي وخالد والدكتور تركي الحرازي أستاذ في الأكاديمية البحرية في الاسكندرية، وخليل وجميل وبندر جارالله الحرازي.\n ويعتبر اليوم الخميس آخر يوم في العزاء الكائن في حي الرحاب خلف أكاديمية النادي الأهلي وبجوار مسجد الأخوين.\n و»المدينة» التي آلمها النبأ تدعو للفقيد بالرحمة والمغفرة، وإلى أهله بالصبر والسلوان.. (إنا لله وإليه راجعوان). ",
    "date_extracted": "2015-08-06 08:14:00"
}