{
    "url": "http://www.al-madina.com/node/622842/«دليل-المدينة»-في-تطبيق-ذكي-بـ6-لغات-عالمية.html",
    "title": "«دليل المدينة» في تطبيق ذكي بـ6 لغات عالمية",
    "author": "يوسف الصاعدي - المدينة المنورة",
    "content": " أنهى مهندس سعودي تحديثا جديدا لدليل المدينة المنورة على الأجهزة الذكية «Medina Guide» وذلك على متجري آبل وأندرويد كهدية مقدمة مجانا قبل بدء موسم حج هذا العام بلغات متعددة وخدمات مساندة جمع بين دور المرشد السياحي والديني والراصد الإعلامي.\n وقال المهندس باسم بن عودة البلادي إن البرنامج يختصر الوقت والجهد على زائري المنطقة وبـ6 لغات وهي (العربية والإنجليزية والفرنسية والأردو والفارسية والأندونيسية)\n وأوضح بأن البرنامج مرتبط بجوجل ماب كدليل شامل عن المنطقة وأن تعدد لغات المسلمين وعدم تمكن الغالبية منهم على التحدث بالعربية دفعه إلى تقديمه بتحديث مختلف عن العام الماضي بخاصية تعدد اللغات لتمكين الزائر من معرفة المدينة وفضائلها في خاصية الاكتشاف بالاطلاع على الأماكن الدينية والسياحية في أيقونة واحدة كمسجد قباء والقبلتين والمساجد السبع ومسجد الميقات ومسجد العنبرية ومسجد الغمامة بالصور والشرح المفصل والموقع على الخريطة وكذلك بقيع الغرقد سقيفة بني ساعدة ومقبرة الشهداء والقصور والحصون والجبال التاريخية التي لها ارتباط مباشرة في مع الرسول صلى الله عليه وسلم وصحابته رضي الله عنهم إضافة إلى المنتزه البري، كما حدد البلادي عبر تطبيقه أشهر المطاعم في المدينة وتحديد نوعها من آكلات تركية وهندية وبحرية ومطاعم عربية وغيرها مثل التسوق والترفية والإيواء وذلك بحصرها جمعيا مع ربط التطيبق بموقع «Booking» لحجز الفنادق والشقق المفروشة. ",
    "date_extracted": "2015-08-06 01:07:32"
}