{
    "url": "http://www.al-madina.com/node/623037/منتدى-الاقتصاد-الخليجي-الأردني-سبتمبر-المقبل.html",
    "title": "منتدى الاقتصاد الخليجي الأردني سبتمبر المقبل",
    "author": "المدينة ـ جدة",
    "content": " ينظم اتحاد غرف دول مجلس التعاون الخليجي بالتعاون مع غرفة تجارة الأردن منتدى «التواصل الاقتصادي الخليجي الأردني» خلال الفترة 2-3 سبتمبر المقبل في فندق لي رويال عمّان - المملكة الأردنية الهاشمية بحضور رئيس اتحاد غرف دول مجلس التعاون الخليجي ورئيس غرفة قطر الشيخ خليفة بن جاسم آل ثاني ومشاركة عدد من الوزراء المعنيين بالاستثمار في الخليج وقيادات ورؤساء ومسؤولي غرف التجارة والصناعة والزراعة في دول الخليج، وأصحاب وصاحبات الأعمال والمستثمرين الأردنيين والخليجيين، إضافة إلى رؤساء منظمات اقتصادية خليجية متخصصة.\n ويهدف المنتدى الى رفع مستوى التعاون الأردني الخليجي والارتقاء بالعلاقات الاقتصادية الأردنية الخليجية، التعرف على الفرص الاستثمارية في الأردن والخليج، القوانين الخاصة بالاستثمار والتسهيلات الممنوحة لأصحاب الأعمال. ",
    "date_extracted": "2015-08-06 08:15:32"
}