{
    "url": "http://www.al-madina.com/node/623136/وفاة-الفنانة-الشابة-ميرنا-المهندس-بعد-صراع-مع-المرض.html",
    "title": "وفاة الفنانة الشابة ميرنا المهندس بعد صراع مع المرض",
    "author": "محمد أبوزيد - القاهرة",
    "content": " توفيت مساء أمس الفنانة الشابة ميرنا المهندس، بعد صراع مع المرض عن عمر يناهز الـ37 عامًا، داخل مركز الطبى العالمي، حيث كان يوجد بجوارها عدد من أصدقائها مثل ريم البارودي التي دخلت في نوبة بكاء وانهيار داخل المستشفى.\nوكانت الفنانة الراحلة تعاني من ضعف عام بصفائح كرات الدم البيضاء والحمراء في جسدها، وحضرت على إثرها داخل العناية المركزة.\nومن جهته قال سامح الصريطى وكيل الممثلين في تصريحات خاصة لـ(المدينة): \"رحمة الله علي الفنانة الشابة ميرنا وسيتم تحديد جنازتها اليوم الخميس\". ",
    "date_extracted": "2015-08-06 08:14:05"
}