{
    "url": "http://www.al-madina.com/node/622983/الناس-منازل.html",
    "title": "الناس منازل",
    "author": "مازن عبد الرزاق بليلة",
    "content": " عندما تقابل مسلحاً يمتشق سيفه، فلن يفيدك أن تخاطبه بالشعر، لذلك يقال، الناس أجناس، ولاتعتقد أن الناس تتجاوب مع سياستك بردة فعل واحدة، وعندما تخطىء في تقديرك لشخص ما، قد يقضي بقية عمره وهو يعاديك، ويتربص بك الدوائر، لذلك يأتي خلق تقدير الناس، ومعرفة مكانتهم، جزءاً لا يتجزأ من قوانين القوة، ويقول المتنبي: ووضع الندي في موضع السيف بالعُلى، مضرٌ، كوضع السيف في موضع الندى.\n يمكن تقسيم الناس إلى خمسة أنواع: المغرور، حساس للكلمات، خصوصاً في الملأ، ويجب أن تتعامل معه بحذر، لأنه ينتقم بعنف، وهناك عديم الرجاء، ثقته في نفسه مكسورة وهو مثل المغرور تتعبه التعليقات، ويؤولها بشكل استفزازي، ولكنه قليل الانتقام، وأفضل علاج له هو الخصران، وهناك، الشكاك، من يتصور نظرية المؤامرة ضده في كل حركة، وهناك الحقود، يأخذ الإهانة غصة في حلقه، فلا يتكلم، ويبقي شرارة الانتقام متقدة، وهناك السطحي، الذي يضيع وقتك بالتوافه.\n حكم محمد شاه إمبراطورية خوارزم، دهراً، وتضخمت مملكته، وأصبح جيشه 200 ألف مقاتل، وضم تركيا، وأفغانستان، وفي عام 1219 / م وصل سفير المغول، ووضع بين يديه العديد من الهدايا أرسلها جنكيز خان، ليضمن سلامة طريق القوافل إلى أوروبا، فطرده محمد شاه، فعاد جنكيز خان وأرسل له قافلة محملة بهدايا أكثر، فتم نهبها في الطريق، وقتلوا قائدها، وهنا انتفض جنكيز خان، وشن سلسلة من حملات الإغارة والغزو، على مملكة شاه، ومات الشاه، بعد سنتين، وتقطعت مملكته، وأصبح جنكيز خان سيد المشرق .\n \n #ثمانٍ_وأربعون_قانوناً_للقوة_روبرت_جرين\n القانون التاسع عشر، تعرف على الذي تخاطبه، وأنزل الناس منازلهم، ولاتخطئ في تقدير قوتهم، البعض قد تحتقره ظاهرياً، وتدرك لاحقاً أنهم ذئابٌ مفترسة. \n\nللتواصل مع الكاتب ارسل رسالة SMS\nتبدأ بالرمز (100) ثم مسافة ثم نص الرسالة إلى\n88591 - Stc\n635031 - Mobily\n737221 - Zain ",
    "date_extracted": "2015-08-06 02:33:33"
}