{
    "url": "http://www.al-madina.com/node/621322/الحكام-في-التشيك-يسابقون-الفرق-في-تحضيرات-الموسم-الكروي.html?weekly",
    "title": "الحكام في التشيك يسابقون الفرق في تحضيرات الموسم الكروي",
    "author": "عبدالله الحرازي – الرياض",
    "content": " يعيش حكام كرة القدم في سباق مع أندية دوري جميل والدرجة الأولى تحضيرا للموسم المقبل، الذي سينطلق في نهاية شهر شوال الجاري، حيث سيلحق 50 حكما بفرق دوري جميل في معسكراتهم الأوربية عندما يتوجهون مساء غد، الثلاثاء، إلى المعسكر الإعدادي الذي تقيمه لجنة الحكام الرئيسة لهم في مدينة برونو التشيكية بجمهورية التشيك خلال الفترة من 12 شوال إلى 24 شوال الجاري، وجاء توزيع الحكام على النحو التالي 21 حكمًا للساحة هم: مرعي العواجي، خالد صلوي، محمد القرني، خالد الطريس، عبدالرحمن السلطان من (الرياض)، حسين أبو شاهين من (مكة المكرمة)، خالد السناني، فيصل البلوي، سلطان الحربي من (المدينة المنورة)، فهد العريني، محمد البريدي من (الشرقية)، صالح الهذلول، تركي الخضير، مشاري المشاري، محمد النحيت من (القصيم)، محمد الهويش، شكري الحنفوش من (الأحساء)، ماجد الشمراني من (جازان)، فيحان السهلي من (تبوك)، عبدالرحمن الشهري من (عسير)، وسلمان العنزي من (حائل)، و29 حكمًا مساعدًا هم: عبدالعزيز الأسمري، أحمد فقيهي، فيصل القحطاني، سلطان الشلوي، عبدالله مساوي من (الرياض)، بدر الشمراني، فهد العمري، هشام الرفاعي، محمد العرمطي من (مكة المكرمة)، حزام العمري، ناصر الفايدي، عبدالله معافا من (المدينة المنورة)، محمد العبكري، ماجد الناصر، عادل شراحيلي، محمد الشهري، بليغ الرمضان من (الشرقية)، محمد الخضيري، عمر الجمل، ياسر السلطان من (القصيم)، عبدالرحيم الشمري، خلف زيد من (حائل)، يحيى آل معتق، عبدالله الأحمري، ماجد الشهري، أحمد القرني من (عسير)، علي بدوي القرني، عيسى حمود خيبري من (تبوك)، ومحمد سليمان جعفر من (جازان) على أمل أن يتمكن معسكر التشيك في تقليل الأخطاء، التي وقع فيها الحكام في المواسم الماضية، وبالتالي تخفيف حدة النقد الموجه لهم من عدة أطراف بعد أن استعانت لجنة الحكام، برئاسة عمر مهنا، الذي سيكون على رأس الفريق المسافر بمحاضرين محليين وأجانب كانت لهم إسهاماتهم في إعداد حكام مونديال جنوب إفريقيا 2010 والبرازيلي 2014 برئاسة الأمريكي آيسي بهامزومعه عضولجنة الحكام المحاضر يوسف ميرزا، والمحاضر الدولي الإنجليزي ري، والمدرب المختص في اللياقة البدنية المحاضر الدولي الهاييتي قادري، ومساعد مدرب اللياقة البدنية عدنان البطيح والإعلامي أحمد الحسين، حيث سيخضع الحكام الخمسون لبرامج إعداد مكثفة مدتها 11 يوما بمحاضرات نظرية وعملية وتدريبات بدنية تنتهي باختبارات لياقة لمعرفة الجاهزية، ثم يتم استكمال الإعداد بمعسكر بالرياض حتى موعد انطلاقة الموسم في نهاية الشهر الجاري.\n و50 آخرين يعدون بالرياض \n كما ستنظم اللجنة معسكرا داخليا بالرياض لـ 51 حكمًا وحكما مساعدا آخرين، مشاركين في دوري عبداللطيف جميل، ودوري الدرجة الأولى في معهد إعداد القادة بالرياض خلال الفترة من 20 شوال إلى 25 من نفس الشهر، وهم:، 22 حكمًا للساحة هم: نايف المريخي، عبدالله العويدان، فهد النواف من (الرياض)، عبدالرحمن المالكي، عبدالرحمن الكعبي، سلطان العكيري من (مكة المكرمة)، علي العمري من (المدينة المنورة)، نعيم بالطيور، حسين الستري، محمد البريدي من (الشرقية)، سامي الجريس، عبدالله النحيت، أحمد الرميخاني، حمود الحربي من (القصيم)، ممدوح عسيري من (عسير)، قاسم حسين محمد، حيدر الشريد من (الأحساء)، مشاري محمد عسيري، بندر نهاري من (تبوك)، محمد الشهري من (نجران)، أحمد الشمري من (حائل)، وعبدالله شحيذي من (جازان)، و29 حكمًا مساعدًا هم: نواف العتيبي، محمد الوحيمر، عبدالرحمن الأسمري، حسن الأسمري، طارق الدابس من (الرياض)، حمدي السريحي، عماد محمد عسكر، محمد الغامدي من (مكة المكرمة)، خالد أحمد عاقل، بدر سعد خيبري، فيصل الأحمدي من (المدينة المنورة)، راشد السهلي، محمد الزهراني، عبدالوهاب الزهراني، إبراهيم حسن باقر، مؤيد المسجن من (الشرقية)، إبراهيم الدخيل، حسن النحيت، أحمد العتيق، محمد المطرودي من (القصيم)، محمد الشمري من (حائل)، سعد آل فهيد، عبدالرحمن عبدالله منصور، علي محمد جابر، عبدالرحمن الأحمري من (عسير)، ناصر المظفر، زياد المنصور، علي العلي من (الأحساء)، وطارق الزهراني من (تبوك). ",
    "date_extracted": "2015-07-27 18:51:59"
}