{
    "url": "http://www.al-madina.com/node/621373/«شرطة-الشرقية»-وفاة-«-الفرج»-أحد-المطلوبين-أمنيا-بطلقات-نارية-في-«القديح».html",
    "title": "«شرطة الشرقية»: وفاة « الفرج» أحد المطلوبين أمنيا بطلقات نارية في «القديح»",
    "author": "واس - الدمام",
    "content": " لقي المطلوب أمنيا محمد علي عبد الرحيم فرج، حتفه إثر تعرضه للإصابة بطلقات نارية في بلدة «القديح» بالمنطقة الشرقية.\n وصرح الناطق الإعلامي بشرطة المنطقة الشرقية أنه عند الساعة التاسعة من صباح أمس (الأحد ) باشرت شرطة القطيف بلاغًا عن تعرض أحد المواطنين للإصابة بطلقات نارية، ونقله إلى مستوصف مضر ببلدة القديح بواسطة شقيقه..\n وأضاف: واتضح وفاة المصاب بعد وصوله إلى المستوصف، وأنه من بين المطلوبين للجهات الأمنية المعلنة أسماؤهم على قائمة الـ (23) بتاريخ 1433/2/8هـ ، وهو المطلوب / محمد علي عبدالرحيم الفرج، وأدلى شقيقه بمعلومات عن هوية الجناة الذين اتضح أنهما من المطلوبين في قضايا جنائية.\n وأكد أن الجهات المختصة بشرطة القطيف باشرت إجراءات الضبط الجنائي للجريمة والتحقيق فيها. ",
    "date_extracted": "2015-07-27 18:50:17"
}