{
    "url": "http://www.al-madina.com/node/622927/حديث-الأربعاء.html",
    "title": "حديث الأربعاء",
    "author": "محمد عمر العامودي",
    "content": " لم يشكك أحدٌ في حبّه لمدينته، فهو أحدُ أبناء عائلاتها العريقة.. الرّافعين رايتها على الدّوام.. لا ينقصه العلم، فهو يحمل ماجستير في الهندسة من الولايات المتحدة الأمريكية.. لا تعوزه الخبرة، فله في مجال تخصصه باع.\n أقبل علينا متحمّسًا.. كان ذلك قبل موعد انتخابات الدورة الأولى للمجالس البلدية في ثوبها الجديد. قال مخاطبًا.. جئتكم بعد أن قررت ترشيح نفسي لعضوية المجلس البلدي في جدة، وقبل أن أتقدّم بطلب الترشيح أخذت على مدى شهرين أطوف بشوارعها، أتجوَّل داخل أحيائها، أستطلع آراء رجالها للتعرّف على مشكلاتها واحتياجاتها. وعلى مدى ساعتين كان يتحدث يشرح للحاضرين برنامجه.. المجالس البلدية ليست ناديًا للكلام.. إنها هيئات تستطيع بالتعاون مع كافة المرافق في المدينة أن تفعل شيئًا.. هكذا كان يردد. واستوعب الحاضرون برنامجه ورأوا فيه خيرًا.. ومنهم من غيَّر موقفه من تلك المجالس ورأيهم السيئ فيها. وأخذوا في تحريض بعضهم بضرورة المشاركة والإدلاء بأصواتهم يوم الانتخاب. واستجاب الكثيرون، وذهبوا في ذلك اليوم إلى مراكز الاقتراع.\n لكن أملهم خاب، ففي اليوم الذي أعلنت فيه النتيجة، لم يجدوا اسم صاحبنا بين الفائزين.. لقد غلب هوى العصبيات على نتائج الانتخابات. وهوى سوء نظام الانتخاب وقتئذٍ على طموحات ذلك الشاب. وهذا ما كان الكل يتوقّعه، وهو يشاهد السرادقات المنصوبة، والتجمعات الآتية من كل مكان.. لقد كان التفاف الرَّبْع حول تباسي السليق والموائد التي أنفق عليها مرشحون ببذخ يفوق التفافهم حول المرشح الأفضل. وقد تفسد هذه التصرفات تجربة الانتخابات، وتخيِّب ظن القطاع الذي يعمل لاتّساع دائرتها!!. \n\nللتواصل مع الكاتب ارسل رسالة SMS\nتبدأ بالرمز (40) ثم مسافة ثم نص الرسالة إلى\n88591 - Stc\n635031 - Mobily\n737221 - Zain ",
    "date_extracted": "2015-08-06 01:07:20"
}