{
    "url": "http://www.al-madina.com/node/623090/الذكري-يحتفل-بزواجه-مع-الأهل-والأصدقاء.html",
    "title": "الذكري يحتفل بزواجه مع الأهل والأصدقاء",
    "author": "المدينة - جدة",
    "content": " احتفل الشاب عادل مسعد الذكري بزفافه على ابنة عبدالله فهد السحيمي -رحمه الله- بالمدينة المنورة، بحضور جمع من الأهل والأصدقاء والمحبين الذين حرصوا على مشاركة العريس الفرحة بهذه المناسبة متمنين له حياة زوجية سعيدة.. تهانينا وألف مبروك. ",
    "date_extracted": "2015-08-06 08:18:03"
}