{
    "url": "http://www.al-madina.com/node/622989/الداخلية-تحذر-من-زواج-«المجهولات»-بـالحد-الجنوبي.html",
    "title": "الداخلية تحذر من زواج «المجهولات» بـالحد الجنوبي",
    "author": "واس - الرياض",
    "content": " شددت وزارة الداخلية على المواطنين عدم التعامل مع مجهولي الهوية بعد قيام بعض كبار السن من سكان قرى المناطق الحدودية الجنوبية بالزواج من مجهولات الهوية بطرق غير نظامية، وأن غالبيتهم استغلوا فترة التصحيح لأوضاع الأشقاء اليمنيين وتقدموا للجهات المختصة بطلب تصحيح أوضاع زوجاتهم مجهولات الهوية مع علمهم بمخالفتهم للتعليمات والأنظمة.\n وقالت الوزارة في بيان صدر أمس: إنه نظرًا لما للأمر من تبعات وعواقب وخيمة فإنها تود التأكيد على جميع المواطنين بمراعاة ذلك موضحة أن من يقدم على الزواج من أجنبية بدون إذن مسبق سيحال للجهة المختصة لمعاقبته بوصفه تعامل مع مجهولي الهوية.\n من جانبه حذر الناطق الإعلامي لإدارة الجوازات بمنطقة جازان النقيب عبدالرحمن الأسمري من التعامل مع مجهولي الهوية مؤكدًا أن كل من يحاول استغلال فترة التصحيح، أو إيواء مجهولي الهوية بعد انتهاء فترة التصحيح فإنه سيتعرض لتطبيق الأنظمة والتعليمات \n وتحدث يوسف أحمد مقيم يمني بأنه قام بتزويج أخته من متقاعد يكبرها بأربعين عامًا بسبب الظروف الأسرية والحالة المعيشية التي يعانون منها وأن ما أجبرهم على ذلك هوالأمل أن ترتاح بما سيوفره لها من حياة كريمة بدلًا من صعوبة الحياة التي نعيشها، والزواج يتم بطريقة شرعية، ولكن بدون أن يقوم باستخراج الرخصة، ووعدنا بأنه سيقوم باستخراج الأوراق النظامية التي تمكنه من ضم زوجته إليه.\n وقال عبدالرحمن الأمير إن الشخص يضطر للزواج من أجنبيات بسبب ظروفه المادية وعن نظامية الزواج قال حسين فواز: إنه الأفضل أن يقدم الشخص على إمارة المنطقة من أجل الحصول على ترخيص بالزواج من أجنبيات ولكن قلة الوعي تجعل بعضهم يحاول تجاوز الإجراءات وهنا يكمن الخطأ. ",
    "date_extracted": "2015-08-06 08:13:11"
}