{
    "url": "http://www.al-madina.com/node/623034/أكاديمية-«الطيران-المدني»-تخرج-138-موظفًا-جديدًا-لتشغيل-المطارات-السعودية.html",
    "title": "أكاديمية «الطيران المدني» تخرج 138 موظفًا جديدًا لتشغيل المطارات السعودية",
    "author": "المدينة - جدة - تصوير: منصور البلوي",
    "content": " احتفلت الأكاديمية السعودية للطيران المدني التابعة للهيئة العامة للطيران المدني اليوم بتخريج 138 طالبًا حصلوا على شهادات الدبلوم والدبلوم العالي للأكاديمية في تخصصات المراقبة الجوية والإطفاء والإنقاذ وصيانة أنظمة الطيران، وتشغيل وسلامة المطارات، وأمن المطارات، وأقيم الحفل بحضور مساعد رئيس الهيئة للشؤون المالية والإدارية، ومساعدي رئيس الهيئة، ورئيس الأكاديمية السعودية للطيران المدني إبراهيم بن عبدالله المسعري.\n وأبدى مساعد الرئيس للشؤون للشؤون المالية والإدارية عبدالعزيز العنقري، تفاؤله بالدور الذي سيقوم به خريجوهذه الأكاديمية في إدارة وتشغيل أجهزة المطارات السعودية.\n وأكد العنقري على جسامة المسؤوليات التي تنتظر هؤلاء الخريجين في مسيرتهم العملية. مشيرًا إلى حرص الهيئة على مواكبة النموالمطرد في حركة السفر بمطارات المملكة وذلك بتوفير الكوادر البشرية الوطنية التي تساهم في الارتقاء بخدمات المطارات.\n وأوضح العنقري أن إنشاء الأكاديمية السعودية للطيران المدني جاء رافدا ليساعد الهيئة على الوفاء بالتزاماتها.\n من جهته، بارك المهندس إبراهيم بن عبدالله المسعري رئيس الأكاديمية السعودية للطيران المدني للخريجين نجاحهم، مشيرًا إلى طبيعة العمل الخاصة بقطاع الطيران المدني يتطلب منهم المهنية العالية والانضباط واليقظة الدائمة، لا سيما وأن نوعية المهام التي سيقومون بها لا تقبل الأخطاء.\n مؤكدًا أن الأكاديمية السعودية للطيران المدني، نجحت بفضل الله وبفضل السياسات التي وضعتها الهيئة العامة للطيران المدني في تسجيل نقلة نوعية في النمو والتوسع من خلال العديد من البرامج والفعاليات ذات العلاقة بالعملية التدريبية.\n وتشمل التخصصات الفنية بالأكاديمية السعودية للطيران المدني كلا من المراقبة الجوية وصيانة أنظمة الطيران، والإطفاء والإنقاذ،وتشغيل وسلامة المطارات، وأمن المطارات ومأموري ساحات المطار ويعين الطالب بعد تخرجه في أحد مطارات المملكة العربية السعودية. وتقدم الأكاديمية للطلاب مزايا متعددة تشمل مكافأة مالية شهرية بالإضافة إلى وجبات الطعام، وإجازة سنوية بمكافأة.\n الجدير بالذكر أن الأكاديمية قد وضعت عددًا من الشروط للالتحاق ببرامجها، ومنها أن يكون المتقدم سعودي الجنسية، وأن يكون حاصلا على شهادة الثانوية العامة (قسم العلوم الطبيعية) بمعدل تراكمي لايقل عن 80% فأكثر، وأن لا يتجاوز عمره 26 عامًا،وأن يكون المتقدم حاصلا على مستوى اللغة الانجليزية (STEP/ 40)وأن يتجاوز اختبارات القبول بالأكاديمية والكشف الطبي. ",
    "date_extracted": "2015-08-06 08:15:24"
}