{
    "url": "http://www.al-madina.com/node/622918/آل-باسليمان-وآل-باحبيل-يحتفلون-بأحمد.html",
    "title": "آل باسليمان وآل باحبيل يحتفلون بأحمد",
    "author": "إبراهيم  جبريل - مكة",
    "content": " احتفل الشاب المهندس أحمد صالح باسليمان بزواجه من ابنة سالم سعيد باحبيل بقاعة المراسيم بمكة وسط حضور لفيف من الأهل والأصدقاء الذين شاركوا العريس فرحته وتمنوا له حياة زوجية سعيدة.. فيما أعرب العريس عن سعادته بهذه المناسبة وشكر كل من حضر.. تهانينا والف مبارك. ",
    "date_extracted": "2015-08-06 01:08:34"
}