{
    "url": "http://www.al-madina.com/node/621382/جروس-الموسم-المقبل-مختلف-وسنحقق-الطموحات-بوقفة-الجماهير.html?weekly",
    "title": "جروس: الموسم المقبل مختلف.. وسنحقق الطموحات بوقفة الجماهير",
    "author": "ياسر النهدي - سليمان مخاشن - جدة",
    "content": " أقام السويسري كريستيان جروس المدير الفني للفريق الأول لكرة القدم بنادي الأهلي حفل عشاء للبعثة المتواجدة حالياً في سويسرا، وذلك بمناسبة حصوله على جائزة أفضل مدرب للموسم الماضي، وأكد جروس في حديثه للاعبين أن حصوله على الجائزة جاء نتيجة الأداء الذي قدموه، وكذلك الدعم الذي حظي به من قبل الجهاز الإداري وكافة رجال الأهلي الذين أسهموا بشكل مباشر في توفير البيئة الملائمة للعمل وقيادة الفريق، مشيراً إلى أن الموسم المقبل سيكون مختلفا من حيث التحضيرات البدنية والذهنية، ومطالباً في الوقت نفسه جماهير الأهلي بالدعم والمؤازرة لتحقيق كافة الطموحات.\n من جهة أخرى واصل الفريق صباح أمس تمارين الصعود لأعلى جبال الألب عبر الممرات المخصصة (بمعدل 4000 درجة) ولمسافة ثلاثة كيلو مترات، وذلك في إطار برنامج رفع المعدلات اللياقية للاعبين، فيما شهدت العودة نزول وصعود من مرتفعات الألب والمشي عبر الطرق الجبلية والتي تقدر بسبعة كيلو مترات.\n ومن ناحية تحفيزية قدمت إدارة الفريق هدايا للثلاثة الأوائل الذين وصلوا للقمة. ",
    "date_extracted": "2015-07-27 18:51:57"
}