{
    "url": "http://www.al-madina.com/node/623095/شقيقة-خالد-بن-متعب.html",
    "title": "شقيقة خالد بن متعب",
    "author": "",
    "content": " انتقلت إلى رحمة الله تعالى شقيقة مدير إدارة العلاقات العامة والإعلام في أمانة منطقة المدينة المنورة خالد بن متعب بن تركي خليفة بعد معاناة مع المرض، وقد ووري جثمانها الثرى في مدينة جدة بعد الصلاة عليها ظهر أمس. ويتلقى ابن متعب العزاء على جوال رقم: ( 0505306888)..»إنّا لله وإنّا إليه راجعون». ",
    "date_extracted": "2015-08-06 08:18:19"
}