{
    "url": "http://www.al-madina.com/node/623096/تجسيد-شخصية-«الخنساء»-ضمن-20-توصية-لأدبي-أبها-لتطوير-سوق-عكاظ.html",
    "title": "تجسيد شخصية «الخنساء» ضمن 20 توصية لأدبي أبها لتطوير سوق عكاظ",
    "author": "عبدالرحمن القرني ـ عسير",
    "content": " أوضح رئيس نادي أبها الأدبي الدكتور أحمد آل مريع بأن اللجنة المشكلة من مجلس إدارة النادي لإدارة الورشة الإلكترونية المخصّصة لمشروع تطوير سوق عكاظ، قد أنهت جميع أعمالها ورفعت توصياتها بخصوص تطوير سوق عكاظ يوم أمس الأول، \n وأكد أن جميع الأفكار التي استقبلتها اللجنة من خلال الرابط الإلكتروني، قد تم تضمينها في التوصيات، مع نسبتها لأصحابها حفاظا على الحقوق الفكرية.\n جدير بالذكر أن اللجنة التي شكلت لذلك قد خلصت إلى عشرين توصية، ومنها: الحاجة لتغيير رؤية سوق عكاظ تماما بالعودة إلى منطقه الاقتصادي، واقتراح بأن يكون سوق عكاظ معرضًا تسويقيًّا لصناعة المعرفة بمعناها الواسع.ومن المقترحات التي تم طرحها، والآلية الواجب اتباعها: أن تولّى الأندية الأدبية وفروع جمعية الثقافة في المناطق مسؤولية اختيار ما تجده مناسبا من فنون الأدب (شعرا وسردا وتاريخا) وفنون الشَّعب المؤداة والمسْرح الشّعبي (البانورامي) وأمنية بتجسيد شخصيّة الشاعرة الخنساء، ممثلة في الفنانة السورية منى واصف. ",
    "date_extracted": "2015-08-06 08:15:51"
}