{
    "url": "http://www.al-madina.com/node/623068/رئيس-الوطني-يشيد-بمعسكر-تركيا-ويعد-بإسعاد-جماهير-تبوك.html",
    "title": "رئيس الوطني يشيد بمعسكر تركيا.. ويعد بإسعاد جماهير تبوك",
    "author": "فايز السميري - أملج",
    "content": " أكد رئيس مجلس إدارة النادي الوطني نايف بن عوض البلوي نجاح معسكر فريق كرة القدم في تركيا والذي استمر لـ١٥ يوما واختتم يوم أمس.  وأبان البلوي أن مدرب الفريق التشيكي مارتن وقف على مستويات اللاعبين وتعرف عليهم من خلال التمارين والمباريات الودية التي خاضها هناك، مشيرا أنه أبدى سعادته بما شاهده من مستويات لهم ولخطوة الإدارة في تعزيز الفريق بلاعبين جدد. \n ونوه رئيس الوطني أن مدرب الفريق أعطى اللاعبين إجازة لمدة ثلاثة أيام على أن تعود التمارين يوم السبت القادم استعدادا للموسم الرياضي الجديد. \n وأبان البلوي أن الإدارة والجهازين الفني والإداري عازمون كل العزم هذا الموسم أن يقدموا كل ما لديهم لإسعاد جماهير منطقة تبوك بشكل عام وجماهير الوطني بشكل خاص والظفر ببطاقة الصعود لدوري جميل، داعيا الجماهير أن تقف مع اللاعبين وتشجعهم كونها هي الوقود الأول لهم.  \n وفي ختام تصريحه قدم رئيس الوطني شكره وتقديره لصاحب السمو الملكي الأمير فهد بن سلطان أمير منطقة تبوك على دعمه وتوجيه وحرصه على النادي، كما قدم الشكر لكل من ساهم بنجاح المعسكر من مدرب ولاعبين وخص بالشكر عضو مجلس الإدارة إبراهيم رغيان والمشرف على الفريق الأول صالح يونس متمنيا لهم التوفيق. ",
    "date_extracted": "2015-08-06 08:16:48"
}