{
    "url": "http://www.al-madina.com/node/623107/فيديوهات-إرشادية-للوصول-لـ16-جهة-حكومية.html",
    "title": "فيديوهات إرشادية للوصول لـ16 جهة حكومية",
    "author": "عبدالله الشملاني - الرياض",
    "content": " أطلقت الهيئة العليا لتطوير مدينة الرياض 22 فيديو»مرئي» لـ 16 جهة، توضح الطريقة المثلى للوصول السريع للوجهة المقصودة للوزارات والإدارات الحكومية. يأتي ذلك ضمن خطة مرورية شاملة بمشاركة الجهات المعنية بحيث توضح التحويلات المرورية أثناء تنفيذ مشروع الملك عبدالعزيز للنقل العام.\n وجاءت تلك الفيديوهات التي تم نشرها مؤخرًا تحت مسمى «دربك أخضر» كأحد الإجراءات المستخدمة في طريق الملك عبدالعزيز لتخفيف الزحام وتيسير الحركة على المواطنين وموظفي الدولة. \n وعن آخر مراحل مشروع قطار الرياض قالت الهيئة لـ المدينة»: إن العمل في مشروع القطار يسير وفق الجدول الزمني المخطط له، وتتعدد الأعمال الجارية في المشروع حاليًا في كثير من المواقع، ما بين أعمال حفر وبناء قواعد وأعمدة للجسور مع استمرار آلات الحفر العملاقة في أداء مهامها إضافة للأعمال الأخرى.\n وتحظى مستجدات العمل في المشروع بمتابعة مستمرة من صاحب السمو الملكي الأمير فيصل بن بندر رئيس الهيئة العليا لتطوير مدينة الرياض، حيث تُعقد الاجتماعات الدورية لمناقشة المستجدات وإزالة أي عقبات قد تواجه العمل.\n وأضافت أنه تم التنسيق مع الجهات والهيئات الحكومية المحاذية لنطاق عمل المشروع، حيث تم زيارة تلك الجهات والهيئات وتقديم عروض مرئية لكل جهة على حدة، كما تم تزويد تلك الجهات بمطبوعات وخرائط وفيديو يوضح مسار الوصول والخروج لكل جهة، بالإضافة إلى تحسين الحركة المرورية في الطرق المحيطة للتحويلة المرورية. ",
    "date_extracted": "2015-08-06 08:14:19"
}