{
    "url": "http://www.al-madina.com/node/623026/جامعة-جازان-تدعو-المرشحين-للوظائف-لاستكمال-الإجراءات.html",
    "title": "جامعة جازان تدعو المرشحين للوظائف لاستكمال الإجراءات",
    "author": "واس - جازان",
    "content": " دعت جامعة جازان المرشحين لشغل الوظائف الصحية والهندسية التي سبق الإعلان عنها بتاريخ السابع والعشرين من شهر شعبان الماضي لمراجعة الجامعة لاستكمال إجراءات تعيينهم.\n وأوضح مدير عام الشؤون الإدارية والمالية بالجامعة حسين بن سعيد هشلان أنه ينبغي على المرشحين مراجعة إدارة شؤون أعضاء هيئة التدريس والموظفين «قسم السعوديين» ابتداءً من يوم الأحد المقبل ولمدة (15) يوماً مصطحبين معهم أصول الشهادات المطلوبة وصورة منها، والهوية الوطنية، وصورًا شخصية حديثة.\n ودعا المرشحين والمرشحات لمراجعة الجامعة خلال الموعد المحدد، مبينًا أنه سيتم إسقاط حق المرشح في التعيين في حال عدم حضوره وتعيين من يليه في الترتيب. ",
    "date_extracted": "2015-08-06 08:15:01"
}