{
    "url": "http://www.al-madina.com/node/621284/حاضنات-الأعمال-تفرز400-تمويل-لـ«تنمية-المرأة».html?weekly",
    "title": "حاضنات الأعمال تفرز400 تمويل لـ«تنمية المرأة»",
    "author": "ياسمين يوسف - الدمام",
    "content": " بدأ صندوق الأمير سلطان بن عبدالعزيز لتنمية المرأة بفرز طلبات المستفيدات من حاضنات الأعمال التي سيتم افتتاحها خلال الفترة المقبلة، وبلغ عدد الطلبات نحو 400 طلب، وذكرت اللجنة المشرفة على الطلبات أن الراغبات تقدمن بطلبات متنوعة حول المشروعات الصناعية والخدمية، وأكد الأمين العام للصندوق حسن الجاسر أن «المرحلة الأولى من بدء تشغيل الحاضنات ترتبط فيما قبلها وهي بدء فرز طلبات الراغبات اللاتي تقدمن إلى الحاضنات من أجل احتضان مشروعاتهن، حيث لوحظ خلال الخطوات الأولى في الفرز أن المشروعات التي تقدمت صناعية خدمية، وأولت للتدريب جانبا هاما، فلم يكن الأمر يتعلق في الاستثمار في السلع والمنتجات فقط، وإنما كان هناك جانب تدريبي لمراكز تهتم في التدريب بمجالات متنوعة، وهذا الأمر يعتبر نقلة نوعية في الاستثمار، من حيث تأهيل كوادر نسائية قادرة على العمل في السوق المحلي بشهادات تدريب معترف بها»، وأوضح الجاسر أن «المشروعات التي ستحصل على موافقة لبدء تشغيلها في حاضنات الأعمال ما هي إلا استكمالا لدور الصندوق في التنمية والتنوع في المشروعات لتحقيق الأهداف المرجوة، وبعد مرحلة الفرز سيتم تصنيف المشروعات وتحديد كل مشروع على حدة من حيث دراسة الجدوى، التوقعات المستقبلية وكل ما من شأنه يتعلق في المشروع لأن الحاضنات تتطلع إلى تنمية تلك المشروعات وتغذيتها تغذية قادرة من خلالها على تحقيق الأهداف. ",
    "date_extracted": "2015-07-27 18:51:05"
}