{
    "url": "http://www.al-madina.com/node/622931/زوار-عسير-يرصدون-لحظات-السعادة-بين-الضباب-والأمطار.html",
    "title": "زوار عسير يرصدون لحظات السعادة بين الضباب والأمطار",
    "author": "عبدالرحمن القرني ـ عسير",
    "content": " قصة واقعية يعيشها زائر منطقة عسير حاليًا.. الأمطار متواصلة والشمس تظهر على استحياء كل فترة منذ مطلع الأسبوع، والبَرَدْ سيد الموقف على قمم جبال السروات، والملابس الشتوية والثقيلة خرجت من جديد.\n من يقصد السودة الآن، يجب أن يسلك الطريق السياحي، وعلى مدى هذا الطريق، هناك الكثير من مشاهد البهجة والفرح، تؤكد المفهوم الحقيقي للسياحة الداخلية.\n وهناك لا يكاد السائح يبدأ بقطع الطريق صعودًا للقمة الأعلى في المملكة، والتي تصل لـ 3200 متر من سطح البحر، حتى يلفه الضباب الكثيف الذي يعطل الحركة المرورية، فيما تنهمر الأمطار على المدرجات الزراعية.\n وهناك من بنى خيمته لوقايته من المطر، وفيما خرج الأطفال للعب تحت زخات المطر، خرج الشباب لتوثيق اللحظة، سيلفي الضباب، صورة من المطر، لقطة بين البروق.\n لم تقتصر تلك المناظر لزائر عسير، الصورة الأجمل هي اضطرار البعض للبحث على الحطب، حيث أشعلوا نيرانهم بقصد التدفئة.\n يواصل السائح مسيرته بعد أن أمضى الساعة حتى وصل.. ظل يبحث عن موقع تحت شجر العرعر ليقيه وأسرته، وجد المكان، ووضع حاجاته، ذهب أطفاله للعب، ومكث يتابع تحركاتهم، مع انشغاله بتجهيز وجبة الغداء، النار مشتعلة، الأمطار تنهمر، الضباب يلف المكان، الضحك في كل مكان، مواقع التواصل الاجتماعي تعج بصور ومقاطع الفيديومن عسير، حيث درجات الحرارة لم تصل لعشر درجات مئوية. ",
    "date_extracted": "2015-08-06 01:06:32"
}