{
    "url": "http://www.al-madina.com/node/622708/ديوان-المظالم-إنجازات-ملموسة.html",
    "title": "ديوان المظالم: إنجازات ملموسة",
    "author": "",
    "content": " قُدِّر لي أن أراجع ديوان المظالم في أمر خاص وحتى لا يذهب ذهن القارئ بعيدًا، ذلك الأمر هو مطالبتنا أنا وبعض الزملاء من منسوبي وزارة الصحة في صرف بدل عدوى وخاصة الإداريين أسوة بزملائنا الفنيين، ومعلوم عند الجميع أن الإداريين في وزارة الصحة مهمشون فلا يصرف لهم بدل عدوى ولا بدل ندرة ولا بدل تميز ولا بدل إشراف، أما الكادر الطبي والفني فقد يتحصل بعضهم على تلك المميزات.\n ونعود إلى موضوعنا ديوان المظالم فهو جهاز راق ووجدنا فيه التعامل البناء والإنجاز السريع وخاصة الدائرة العاشرة. فجزى الله رئيسها وزملاءه خير الجزاء وكثر الله من أمثالهم فمن لا يشكر الناس لا يشكر الله ويعلم الله أنني لا أريد منفعة من ذلك وإنما موضوعي انتهى والحمد لله ولكن من باب الثناء لكل من يعمل بجد وإخلاص كتبت هذا المقال، علمًا بأن شعور زملائي نفس شعوري ولا نملك إلا الدعاء لكل من يساهم في مساعدة الآخرين وتذليل العقبات أمامهم.\n عليثة عواد الجهني ",
    "date_extracted": "2015-08-06 01:08:43"
}