{
    "url": "http://www.al-madina.com/node/623071/اختفاء-بطلة-غوص-روسية-في-مياه-إسبانيا.html",
    "title": "اختفاء بطلة غوص روسية في مياه إسبانيا",
    "author": "ا ف ب - مدريد",
    "content": " اختفت بطلة العالم في الغوص الحر بحبس النفس الروسية ناتاليا مولتشانوفا الاحد الماضي خلال غوصها في مياه جزيرة فورمنتيرا الاسبانية على البحر المتوسط، والدفاع المدني ما زال يبحث عن جثتها حتى امس الاربعاء دون ان يجدها.\n وكانت مولتشانوفا، البالغة من العمر 53 عاما، في رحلة استجمام مع اقربائها غرب شاطئ ايليتاس على هذه الجزيرة التابعة لارخبيل البليار وكانت تغوص دون زعانف الى عمق ما بين 30 و40 مترا عندما سحبها على الارجح تيار بحري قوي، وذلك بحسب ما اشار ابنها اليكسي مولتشانوف في بيان نشر على الموقع الرسمي للاتحاد الدولي لتنمية الغوص بحبس النفس. ",
    "date_extracted": "2015-08-06 08:16:42"
}