{
    "url": "http://www.al-madina.com/node/621300/سطو-جديد-للحيّالة.html",
    "title": "سطو جديد للحيّالة !!",
    "author": "عبد الله منور الجميلي",
    "content": " في دولة خارجية لاحظت قبل أيام عند استعمالي لـجهاز الــســحب الآلي للنقود» الــصّــرّاف» تحذيراً فيه: (المطالبة بتغطية عملية تسجيل الأرقام السّـرية للبطاقة بالـيَــد الأخرى أو حتى بغيرها)!!\n استغربـتُ ذلك التحذير، وذهبتُ أسأل وأبحث عن تفاصيل أسبابه؛ فَـعَـرفتُ أنه يتعلق بأحدث عمليات سرقة الأرصدة مِـن ماكينات السَّـحـب في أوروبا وربما غيرها!\n أما وسيلة تلك العملية فعبارة عن وَجْـــهٍ من اللدائن الشّـفافة (غير المرئية) يضعه الّلص على جسم جهاز الصّـراف المقابل للعميل، وفي أعلاه كاميرا ذكية صغيرة جداً ترصد حركة الأصابع عند الضغط على لوحة المفاتيح لتسجيل الرقم السري للبطاقة؛ ومنها يتمّ التّــعَــرّف عليه، وذلك (الوَجْـــه) قَــادر أيضاً عبر دوائر إلكترونية على حفظ بيانات بطاقة العَـميل عند إدخالها!!\n وبعد إتمام تلك العملية وخلال دقائق وعبر ماكينة صغيرة تتم صناعة بطاقة مماثلة للأصلية بها يُـسْـحبُ من حساب المسكين الذي غادر المكان قبل قليل مطمئناً على سلامة وأمان حسابه البنكي؛ لكنه سيتفاجأ بالسّــحب المنظم من أرصدته!!\n لست أدري هل وصلت تلك الحِـيْـلَــة عندنا أم لا؟! لكني لا أستبعد ذلك في ظلّ ثورة التواصل المعلوماتي، واللغة العَـالَـميّـة التي أصبحت سِـمَــة عمليات السرقة والنّـهَـب؛ خاصة أنّ الأجهزة اللازمة لإكمال عملية السّـطو متاحة عبر بعض المتاجر الإلكترونية بسعر رخيص لايتجاوز (1000 دولار)!!\n ما أرجوه من الجميع الحَــذر، ثمّ الحَــذر، والأمل أن تُــمَــارس مؤسسة النقد والبنوك التي تحت مظلتها دورها في حماية العملاء، وتكثيف الرسائل التوعوية بمختلف الطرق والأدوات المرئية والمسموعة؛ لاسيما وأنّ المُـقَــدّم في سلوك مجتمعنا (حُــسْــن الـظّـن، وتقديم الـنّـوايا الطيبة)، أما الأهَــمّ أن تمتلك مصارفنا وسائل تقنية للتعامل مع تلك الـحِــيَــل الجديدة! \n\naaljamili@yahoo.com\nللتواصل مع الكاتب ارسل رسالة SMS\nتبدأ بالرمز (3) ثم مسافة ثم نص الرسالة إلى\n88591 - Stc\n635031 - Mobily\n737221 - Zain ",
    "date_extracted": "2015-07-27 18:50:02"
}