{
    "url": "http://www.al-madina.com/node/623014/أمن-الطرق-بينبع-يضبط-٥-حالات-مخدرات-وسيارة-مطلوبة.html",
    "title": "أمن الطرق بينبع يضبط ٥ حالات مخدرات وسيارة مطلوبة",
    "author": "محمد الرفاعي - ينبع",
    "content": " تمكنت دوريات أمن طريق المدينة - ينبع - جدة السريع والتابع للقوة الخاصة لأمن الطرق بمنطقة المدينة المنورة من ضبط ٥ حالات مخدرات حشيش وكبتاجون وقات وكذلك سيارة مطلوبة للشرطة خلال ٦ساعات. وفي التفاصيل استوقف رجال الأمن إحدى السيارات حيث لوحظ ارتباك سائقها، وبتفتيشه عثر بحوزته على مادة الكبتاجون المخدر، وأيضًا عند استيقاف أحد الأشخاص وبتفتيشه عثر بحوزته على مادة الحشيش المخدر. وأيضًا استيقاف شخص آخر ضبطت بحوزته مادة الكبتاجون المخدر. وكذلك إيقاف آخر ضبط بحوزته مادة الحشيش المخدر. وكذلك استيقاف شخص مقيم من جنسية عربية ضبط معه قات مخدر. وفي سياق متصل عند استيقاف إحدى السيارات وللاستفسار عنها اتضح أنها مطلوبة للشرطة، حيث سلمت جميعها لجهات الاختصاص. ",
    "date_extracted": "2015-08-06 08:14:38"
}