{
    "url": "http://www.al-madina.com/node/623094/آل-باجندوح-وآل-باحمدين-يحتفون-بعبدالرحمن.html",
    "title": "آل باجندوح وآل باحمدين يحتفون بعبدالرحمن",
    "author": "المدينة - جدة",
    "content": " احتفلت عائلتا باجندوح وباحمدين الأسبوع الماضي بزواج الشاب المهندس عبدالرحمن بن علي بن عمر باجندوح على ابنة عبدالله بن محمد باحمدين في قاعة رويال بجدة وسط حضور جمع من الأهل والأصدقاء .. وقد شارك في إحياء الحفل عدد من الفرق الشعبية قدمت اللون الحضرمي وسط تفاعل الحضور ومشاركتهم .. تهانينا وألف مبروك. ",
    "date_extracted": "2015-08-06 08:18:23"
}