{
    "url": "http://www.al-madina.com/node/622997/منشآت-تتجاهل-قرار-«العمل»-بمنع-تشغيل-العمالة-تحت-ظل-«الحارقة».html",
    "title": "منشآت تتجاهل قرار «العمل» بمنع تشغيل العمالة تحت ظل «الحارقة»",
    "author": "أحمد السالم - المدينة المنورة -  تصوير: عبد الرحمن مرسي",
    "content": " ضربت عدد من المنشآت بالمدينة عرض الحائط بقرار وزارة العمل بعدم تشغيل العمالة تحت ظل الشمس الحارقة وتشديدها على أهمية توفير بيئة مناسبة كإنشاء مظلات تضمن عدم تعرض أي عامل لأشعة الشمس بشكل مباشر خلال 4 ساعات ما بين الساعة 12 ظهرا إلى الساعة 3 بعد الظهر.. فيما تشن لجان ميدانية تابعة للوزارة حملات تفتيش واسعة النطاق على مواقع العمل من أجل رصد المخالفات منذ بداية تطبيق المنع، والتي تشمل المشروعات التجارية والحكومية والمجمعات السكنية تحت الإنشاء وغيرها من المواقع المكشوفة، وتعتبر وزارة العمل هذا الإجراء ضمن حزمة إجراءات توفر بيئة عمل آمنة من المخاطر، وتسهم في رفع وسائل السلامة المهنية بما يحقق حماية العاملين من المخاطر والحوادث، الأمر الذي يؤدي إلى زيادة مستوى الإنتاج للمنشآت.. ويقع من يخالف قرار منع العمل تحت الشمس تحت طائلة الغرامات المالية، التي تتراوح بين 3 آلاف إلى 10 آلاف ريال عن كل مخالفة أو إغلاق المنشأة نهائيا مع إمكانية الجمع بين الغرامة والإغلاق. «المدينة» قامت بجولة ميدانية لرصد بعض المخالفات، حيث يقوم بعض أصحاب العمل من إجبار عدد من عمالتها بالعمل تحت أشعة الشمس دون توفير لهم بيئة عمل آمنة من المخاطر.\n مخطط البدراني\n أحد العمالة - رفض ذكر اسمه - يعمل في أحد المشروعات السكنية في مخطط البدراني تحت لهيب الشمس الحارقة قال: إنه يعمل يوميا تحت أشعة الشمس دون توقف، حيث تفرض عليه المنشأة بالعمل غير مبالية بصحتنا وعندما نبلغهم بأن حرارة الأجواء يصعب فيها العمل نجد بالرد أما العمل أو مغادرة المكان والبحث عن شخص آخر.\n وأضاف بأن هناك منشأة تجبر عمالتها بالعمل في أوقات الذروة متجاهلة قرار العمل.\n المشروعات السكنية\n قال يونس فضل، فني كهربائي، يعمل في إحدى الشركات، التي تنفذ عددا من المشروعات السكنية الخاصة عشنا فرحًا عند سماع قرار وزارة العمل مؤخرًا بعدم تشغيل العمالة تحت أشعة الشمس في وقت الظهيرة، لكن لم تدم تلك الفرحة طويلًا حتى فوجئنا بطلب إدارة الشركة العمل طيلة النهار ضاربين بقرار الوزارة العمل عرض الحائط.\n فيما طالب محمد فضل الشركات، التي تفرض على عمالتها العمل تحت لهيب الشمس بتطبيق النظام، ولاسيما أن الأجواء ساخنة صيفًا وخصوصًا وقت الظهيرة، والتي تصل حرارتها إلى 50 درجة مئوية، التي جعلت الكثير يصاب بحالات إغماء كثيرة. ",
    "date_extracted": "2015-08-06 08:13:56"
}