{
    "url": "http://www.al-madina.com/node/622915/مسوؤلون-وأعيان-في-أفراح-آل-الزايدي.html",
    "title": "مسوؤلون وأعيان في أفراح آل الزايدي",
    "author": "المدينة - مكة",
    "content": " احتفل عطية بن خميس الزايدي من منسوبي مجموعة الزايدي للتنمية والاستثمار بمكة بزواج ابنه الشاب عبدالله على ابنة سليمان بن خضر الزايدي وذلك بقاعة زهرة الشرق بمكة وسط حضور عدد من أعيان ومسؤولي العاصمة المقدسة إلى جانب الأهل والأصدقاء.. تهانينا وألف مبروك. ",
    "date_extracted": "2015-08-06 01:08:32"
}