{
    "url": "http://www.al-madina.com/node/621368/حرفيو-«بارع»-يبهرون-زوار-«الحارة-الحجازية».html",
    "title": "حرفيو «بارع» يبهرون زوار «الحارة الحجازية»",
    "author": "مكتب المدينة - المدينة المنورة",
    "content": " أبهرت معروضات «الحارة الحجازية» زوار مهرجان صيف طيبة 36، وتتجه كل مؤشرات النجاح نحو تحقيق الهدف الأساسي الذي ينادي به راعي المهرجان صاحب السمو الملكي الأمير فيصل بن سلمان أمير منطقة المدينة المنورة -حفظه الله- الذي يطالب دائمًا بتكريس الجهد وتفعيل كل الطاقات لكافة أعضاء اللجنة التنظيمية والشركات المنفذة في سبيل ترفيه وإسعاد المواطنين، وإدخال البهجة لاستفادتهم من كافة الفعاليات بالشكل الأمثل. ومن الفعاليات الهامة التي تجد إقبالًا من الزوار»أجنحة الحرفيين والحرفيات» في المواقع المجاورة للحارة الحجازية في مركز المعارض، حيث خصصت اللجنة المنظمة وبالتعاون مع البرنامج الوطني للحرف والصناعات اليدوية «بارع» التابعة لهيئة السياحة والآثار، (16) جناحًا للأسر المنتجة، وذلك لعرض منتجاتهم وأشغالهم اليدوية تشجيعًا لهم في العمل والكسب الحلال.\n من جانبه ثمن إياد نقشبندي ممثل البرنامج الوطني للحرف والصناعات اليدوية (بارع) مبادرة اللجنة التنظيمية لمهرجان صيف طيبة 36 على تخصيص جزء لانضمام الحرفيين الوطنيين واستضافتهم في موقع مميز في مركز المدينة للمعارض بجوار «الحارة الحجازية»، وذلك لعرض منتجاتهم الخاصة بأدواتهم المميزة.\n وأشار نقشبندي إلى أن 16 حرفة توجد في أجنحة مختلفة تقدم مختلف الحرف، وأضاف: أن البرنامج يسعى دائمًا في مساعدة هذه الأسر المنتجة وفق ضوابط أعدتها الهيئة، لتهيئتهم وإدراجهم في المحافل والمعارض المختلفة، ووصف الأستاذ إياد نقشبندي هذه الحرف بأنها بسيطة لكنها هامة لأغلب الأسر لاسيما النساء، حيث يقبلن على شرائها لأنها تستخدم في تزيين بيوتهن. ",
    "date_extracted": "2015-07-27 18:50:05"
}