{
    "url": "http://www.al-madina.com/node/623106/14-مليون-مستخدم-لنظام-«ويندوز10»-الجديد-مهددون-بالاختراق.html",
    "title": "14 مليون مستخدم لنظام «ويندوز10» الجديد مهددون بالاختراق",
    "author": "أحمد الليثي-القاهرة",
    "content": " يعيش حاليًا نحو 14 مليون شخص حول العالم تحت التهديد بسرقة حساباتهم الشخصية، نتيجة استخدامهم لنظام «ويندوز10» الجديد، وذلك لوجود عدد من التطبيقات، التي تسمح لنفسها باختراق المعلومات الشخصية الخاصة بالمستخدم دون إذنه وأخذ نسخة منها، ليكون المستخدم عرضة للتشهير من قبل جهازه الشخصي. وكانت شركة مايكروسوفت أعلنت رسميًا نهاية شهر يوليو الماضي عن إطلاق آخر أنظمة التشغيل الجديدة لها وهو «يندوز10»، وهو الأمر الذي دفع الملايين لتنزيلها خلال يومين فقط، وهو زمن قياسي بحسب الشركة. إلا أن الشركة أدخلت تعديلات على هذا النظام الأمر الذي جعله يحتوي على تطبيقات ووسائل تسمح للشركة الأم للنظام بسرقة هذه البيانات، مبررة ذلك بحماية نفسها والمستخدمين أنفسهم، ويتضح ذلك من خلال «اتفاقية الاستخدام» الخاصة بنظام «ويندوز10»، التى توضح أن مايكروسوفت لأغراض متعلقة بحماية نفسها والمستخدمين، وتقديم خدمة أفضل لهم، ستحصل على بيانات شخصية للمستخدم، بما في ذلك محتوى رسائل البريد الإلكتروني، والاتصالات الخاصة، والملفات الموجودة في المجلدات الخاصة.\n ومن بين التطبيقات، التي تنتهك خصوصية الأفراد «كورتانا» أو المُساعد الشخصي الصوتي كورتانا، والذي يستطيع الوصول لجميع موارد الجهاز ومعلومات المُستخدم، ولذلك فإن العديد من المُستخدمين يجدون أن مخاطره تفوق فوائده، وكذلك المتصفح الشخصي «إيدج» بديل متصفح «إكسبلورر»، إضافة إلى حساب مايكروسوفت الخاص بالمستخدم الذي يحصل على كل بياناته.\n ومن جانبه يقول محمد منصور، المتخصص في التقنيات الحديثة: إن اتفاقيات الخصوصية من أهم الأشياء التي نشأت بالتبعية مع التقنيات الحديثة، إلا انه على الرغم من أهميتها يهملها المستخدمون، وحين يقوم المستخدم بالتسجيل في شبكة ما أو تطبيق جديد، يعرض عليه التطبيق اتفاقية الخصوصية الخاصة به وعليه ان يضغط بالموافقة أو الرفض بعد قراءتها، إلا أن 90% من المستخدمين يهملون هذه الخطوة ويقومون بالموافقة بدون الاطلاع على هذه الاتفاقيات التي يكون أغلبها متعلق بخصوصية الأفراد والاطلاع على معلوماتهم الشخصية.\n وأكد أنه يحق لأي تطبيق أو نظام أن يضع ما يحلو من قواعد وشروط عمل، ولكن على المستخدم أن يختار الاستمرار أم لا. ",
    "date_extracted": "2015-08-06 08:14:23"
}