{
    "url": "http://www.al-madina.com/node/621340/الراجحي-رئيساً-لجامعة-الشعوب-العربية.html",
    "title": "الراجحي رئيساً لجامعة الشعوب العربية",
    "author": "",
    "content": " وافق مجلس أمناء جامعة الشعوب العربية ومقرها مصر على تولي الدكتور يوسف بن صالح الراجحي مسؤولية رئاسة الجامعة.\n الجدير بالذكر أن جامعة الشعوب العربية تعمل على مساعدة الأسر العربية الأقل دخلا وتشجع تكوين الكيانات العربية الاقتصادية المشتركة. ",
    "date_extracted": "2015-07-27 18:52:42"
}