{
    "url": "http://www.al-madina.com/node/622909/شغب-جماهير-«كوكيزي»-يمنح-ليجيا-وارسو-الفوز-بثلاثية.html",
    "title": "شغب جماهير «كوكيزي» يمنح ليجيا وارسو الفوز بثلاثية",
    "author": "د ب ا - وارسو",
    "content": " أعلن الاتحاد الأوربي لكرة القدم (يويفا) أمس، الثلاثاء، احتساب فريق ليجيا وارسو البولندي فائزا بنتيجة -3صفر في مباراته أمام كوكيزي الألباني في ذهاب الدور الثالث من التصفيات المؤهلة لبطولة الدوري الأوربي، والتي كانت قد توقفت وألغيت بسبب أعمل شغب من جانب جماهير كوكيزي.\n كذلك عوقب كوكيزي، الذي قام مشجعوه بقذف الأحجار إلى أرضية الملعب، وأصابوا لاعبا من الفريق البولندي في الرأس قبل أيام، بلعب مباراتيه الأوربيتين المقبلتين على ملعبه بدون جماهير. ولكن سيجرى وقف تنفيذ عقوبة غياب الجماهير عن المباراة الثانية لمدة عامين، وسيدفع النادي غرامة قيمتها 70 ألف يورو (76 ألفا و835 دولارا).\n ومن المقرر إقامة مباراة الإياب بين الفريقين غدًا، الخميس، في العاصمة البولندية وارسو. ",
    "date_extracted": "2015-08-06 01:08:09"
}