{
    "url": "http://www.al-madina.com/node/621306/الصحة-بين-الـخصخصة-والـمرض.html",
    "title": "الصحة.. بين الـخصخصة والـمرض",
    "author": "أيمن بدر كريم",
    "content": " - ليس من الحكمة استمرار «وزارة الصحة» في تقديم الرعاية المباشرة للمواطنين والمقيمين، فالوزارة – كما أرى – تفتقر للقدرة اللوجيستية الفنية والمهنية لـهذا الحِمل الثقيل. \n - إصرار وزارة الصحة على عدم خصخصة خدماتـها، أسهم في شُلل المركزية العقيمة، والاحتياج لجيش من اﻹداريين غير الفاعلين.\n - من الضروري إعطاء صلاحيات تنظيمية ومالية أكبر للمستشفيات التخصصية والمجمعات الطبية، ويكون دور الوزارة إشرافيا وتنظيميا ورقابيا فحسب. \n - من الضروري تفعيل الدور المعطّـل «لـمجلس الخدمات الصحية» بعضوية جميع القطاعات الصحية الحكومية والخاصة، لتطوير الاستراتيجيات العامة وتنفيذها وأن يكون مُستقلا عن وزارة الصحة. \n - يُمكن حلحَـلة قضية نقص الكفاءات الصحية بفك الحصار عن الكفاءات السعودية الحكومية المتميّزة، والسماح لها بالتنقل بسلاسة بين القطاعات الصحية، والعمل في أكثر من قطاع بدوام جزئي وتنظيم مقنن للاستفادة من جميع تخصصاتهم، فالكفاءات الطبية السعودية كثيرة، لكن دورها الحكومي محدودٌ ومكبّل، وتدويرها بنظام يُشرف عليه مجلس الخدمات الصحية أمر مطلوب وضروري. \n - يتردد في الوسط الطبي أنه يوجد «اتفاق» بمنع الأطباء السعوديين من التنقل بين القطاعات الحكومية، لتحجيم ظاهرة الاستقالات المنتشرة بينهم، وحصارهم بإدارات طبية عاجزة عن تقديرهم والاستفادة القصوى من أوقاتهم وتخصصاتهم الدقيقة، فاعتمدت وزارة الصحة وغيرها على كفاءات «غير سعودية» بشهادات متواضعة أو مزورة في بعض الأحيان. \n - من الضروري على القطاعات الصحية الانتباه لأهمية الكفاءات الطبية والصحية الوطنية بوصفهم أساس الرعاية الصحية والتعامل دون إبطاء مع قضاياهم العالقة، إذ يكفي مأساة إقرار الكادر الصحي، وتجميد الرواتب، وتعطيل صرف البدلات، فضلا عن أعداد الممارسين الصحيين الذين اضطروا لرفع قضايا في ديوان المظالم ضد وزارة الصحة، لنيل حقوقهم المكفولة نظاما.\n - أختم بخبر في صحيفة اليـوم (الجمعة 23 فبراير 2007) عن تأكيد وزير الصحة السابق «حـمد المانع» تطبيق نظام خصخصة الخدمات الصحية و»فصلها» عن وزارة الصحة بموجب توصية «هيئة الخبراء» وبعد إقراره من «مجلس الوزراء» للعمل به عام (2008)!! إلا أن ذلك النظام – كما يبدو - تم وأده قبل أن يولد خلال حقبة وزراء الصحة اللاحقين، لأسباب لا أجد لها مسلكا في فهمي المتواضع!! \n\nabkrayem@gmail.com\nللتواصل مع الكاتب ارسل رسالة SMS\nتبدأ بالرمز (92) ثم مسافة ثم نص الرسالة إلى\n88591 - Stc\n635031 - Mobily\n737221 - Zain ",
    "date_extracted": "2015-07-27 18:49:42"
}