{
    "url": "http://www.al-madina.com/node/621307/إلى-من-يهمّه-الأمربيروت-تحترق.html",
    "title": "إلى من يهمّه الأمر..بيروت تحترق",
    "author": "دانا حلبي",
    "content": " التاريخ يعيد نفسه في المرّة الأولى كمأساة وفي المرّة الثانية كمهزلة ،يقول كارل ماركس..\n فكيف إذا جُمعت المأساة والمهزلة معاً في المحرقة!؟ نعم محرقة نفايات بيروت..ولا حاجة هنا لتاريخ ٍيعيد نفسه ويحاكي يوم سقوط القسطنطينية والجدل حول جنس الملائكة فحريق بيروت الذي تفوح منه رائحة السموم، يذكّرك دون أن تدري بجنس الشياطين الجالسين في رابيةٍ هنا أو مربّعٍ هناك يناقشون طريقَ خلاص وهمياً أو سلّم نجاة إفتراضياً ..يناقشون ويبحثون..يقلّبون ويتقلّبون و ينقلبون على الجمهوريّة..وجنس رئيس الجمهورية..\n إنّها جمهوريّة عاقر!؟\n لا رئيسٓ لها إلاّ ابنها بالتبنّي(تبنّي محور الممانعة)..ميشال عون..\n فنساء لبنان عقرن عن إنجاب شبيه يشبه أو زعيم مقنع يكون بديلاً لعون وآل عون في الجمهوريّة ووزارة خارجيتها وقيادة جيشها و ما أدراك ماذا بعد.\n فيما بيروت تحترق..وتبكي..مكسور خاطرها..\n «وينو اللي عمّرها»..أعني رفيق الحريري في عليائه عن الذين يحرقونها ويدمّرونها وينزعون عنها ثوبها الحريري..ليتركوها عارية إلاّ من أكياس الزبالة !!.\n بيروت التي فتحت صدرها للجميع دون تمييز.. أطعمتكم وحملتكم وتحمّلتكم..فكيف اليوم تحاملتم عليها؟..\n المطلوب ضريبة..نعم رغم كلّ الضرائب التي لا معنى لها في هذه البلاد..فأنا أقترح ضريبة أسمّيها «ضريبة النفايات للوافدين إلى بيروت.»واقترحُ ثانياً-إن كان هناك من يسمع أو يهمّه الأمر أقترح توزيع النفايات «بالنسبة والتناسب»..كيف !؟\n بحسب المحافظات..أي أن تكون لكلّ محافظة نسبتها بقدر عدد أبنائها الذين يعيشون ويعتاشون من بيروت..\n ولتكن هذه النسبة والتناسب من الشمال إلى الجنوب..\n على الجميع أن يدفعوا ضريبة..ان يتحمّلوا قسطاً من المسؤولية..\n وهذا يعني نسبة وتناسب على كل الأقضية، حيث تتوزع النفايات من الشريط الحدودي في الجنوب الى أقصى الشمال..\n وأعود إليكِ يا ستّ الدنيا.. يا جميلة جميلات العواصم.. تآمروا عليكِ كما يتآمرون على لبنان.. أغضبهم سحرك وحسدوا نظافتك..\n وعِوَض أن يردّوا إليكِ الجميل.. و يزيّنوكِ بالورود والزهور.. طمروكِ للمرة الثامنة لكن هذه المرة بجبال النفايات وخنقوكِ بدخان المحروقات وأزكموكِ بكريهِ الروائح..\n آه ..يا ست الدنيا يا بيروت.. ",
    "date_extracted": "2015-07-27 18:53:11"
}