{
    "url": "http://www.alriyadh.com/1066791",
    "title": "صناعة كرسي متحرك لكلب معوق   باستخدام تقنية الطباعة ثلاثية الأبعاد",
    "author": "ريدهاوزن (ألمانيا) - د ب أ",
    "content": "    ولدت الكلبة لويزا بدون ساقين أماميتين وعندما تتحرك تبدو مثل فقمة على البر أو كنغارو صغير. وعندما كانت الكلاب تلعب من حولها، كانت لويزا ترفع نصفها العلوي فوق الأرض، أو تقف على ساقيها الخلفيتين وتقفز. وتوصلت عائلة لويزا التي تعيش في منطقة ريدهاوزن قرب بلدة رافنسبورج بأقصى جنوب ألمانيا إلى وسيلة لمساعدتها، وهي عبارة عن نوع من الكراسي المتحركة تم تصنيعه عن طريق تقنية الطباعة ثلاثية الأبعاد. وقال مانويل توشه الذي تبنى الكلبة بعد العثور عليها في شوارع ايطاليا مع شريكة حياته بيترا راب: \"بالتحديد تم انتاج دعامة الصدر فقط عن طريق الطباعة المجسمة\". وصمم نجل بيترا وصديقته العربة أو الكرسي المتحرك الخاص بلويزا، ويتكون من عجلتين أماميتين على كل جانب وعجلة داعمة في المنتصف تحت دعامة الصدر المغطاة بوسادة بيضاء. وتم وضع الإرشادات لصناعة العربة على الانترنت على أمل أنها ربما تساعد حيوانات أخرى. جدير بالذكر أن لويزا ليست أول حيوان يستفيد من تكنولوجيا الطباعة ثلاثية الأبعاد. ففي الولايات المتحدة خضع طائر من فصيلة الطوقان لجراحة ترقيعية في منقاره وحصلت سلحفاة على صدفة جديدة. ويعتقد مارتن كرامر وهو طبيب بيطري في جامعة جيسن أن هذه التكنولوجيا يمكن أن تكون مفيدة بشكل عام في علاج الحيوانات رغم أنها قد تأخذ بعض الوقت حتى تصبح متاحة وذلك بسبب ارتفاع تكلفتها. ",
    "date_extracted": "2015-07-22 09:47:10"
}