{
    "url": "http://www.alriyadh.com/1066810",
    "title": "أمير مكة يفتتح معرض (الفيصل.. شاهد وشهيد) في الطائف.. الأسبوع المقبل",
    "author": "الطائف – إسماعيل إبراهيم",
    "content": "    يرعى صاحب السمو الملكي الأمير خالد الفيصل مستشار خادم الحرمين الشريفين أمير منطقة مكة المكرمة يوم الاثنين المقبل حفل افتتاح معرض (الملك فيصل .. شاهد وشهيد) والذي تستضيفه أمانة الطائف في متنزه الردف العام، بحضور صاحب السمو الملكي الأمير تركي الفيصل رئيس مجلس إدارة مركز الملك فيصل للدراسات الإسلامية والبحوث، وعدد من أصحاب السمو الملكي والأمراء، وجمع من المسؤولين والمثقفين. ويتطرق المعرض إلى جوانب مختلفة من حياة الملك الراحل فيصل بن عبدالعزيز آل سعود، وقصة كفاحه ومواقفه في سبيل نهضة بلاده كما يعرض الكثير من المعلومات الموثقة بالصور المختلفة عن رحلات الملك الفيصل، ومواقفه السياسية من القضايا العالمية والإقليمية والمحلية، ويضم المعرض أجنحة عرض دائمة، وأفلاما وثائقية، ووثائق تاريخية مختلفة تستمد أهميتها من تلك الفترة التي عاشها الراحل قائدا محنكا لبلاده في عالم يموج بالاضطرابات العالمية، وسيتم عرض صور فوتوغرافية نادرة للملك فيصل، ومشاهد متحركة، ولقطات فيديو تسجل مراحل متعددة في مسيرته الحافلة، بالإضافة إلى بعض المقتنيات الخاصة وعدد من المخطوطات والنصوص المكتوبة، كما سيتخلل المعرض ندوات وحلقات نقاش عن حياة الراحل الشهيد، وأبرز القرارات المفصلية التي اتخذها الملك الراحل في ظل حنكته العسكرية والسياسية والإدارية، والخبرات التي نهلها من معين والده القائد المؤسس الملك عبدالعزيز (طيب الله ثراه). ونوه أمين الطائف رئيس المجلس البلدي م. محمد المخرج بالرعاية الكريمة لصاحب السمو الملكي الأمير خالد الفيصل مستشار خادم الحرمين الشريفين أمير منطقة مكة المكرمة لافتتاح معرض (الفيصل.. شاهد وشهيد)، شاكراً لصاحب السمو الملكي الأمير تركي الفيصل على اختيار أمانة الطائف لاحتضان المعرض الذي يعد إضافة ثقافية وتاريخية للمحافظة والأهالي، ونافذة تطل منها الأجيال التي لم تعايش عهد الملك الراحل لتتعرف على شخصيته السياسية والإنسانية التي حملت هموم الأمتين العربية والإسلامية، وتشاهد لمحات عن مواقفه المفصلية والتاريخية. ",
    "date_extracted": "2015-07-22 09:47:22"
}