{
    "url": "http://www.alriyadh.com/1066806",
    "title": "أمانة الرياض تعتذر عن تجاوزات «ستاند آب» غير اللائقة",
    "author": "الرياض - متعب أبو ظهير",
    "content": "    أكد إبراهيم الدعيلج مدير العلاقات العامة والإعلام المتحدث الرسمي بأمانة منطقة الرياض عدم قبول الأمانة ما حدث من تجاوز غير لائق في أحد عروض اليوم الثاني لفعالية \"ستاند آب\" كوميدي المباشرة والمقامة في الصالات الخضراء ضمن فعاليات عيد الفطر المبارك، وخروج أحد الممثلين في سياق العرض بنص وكلمات غير لائقة أدت إلى اعتراض مواطن كريم وخروجه من موقع الفعالية. وأشار في بيان وزعته الأمانة إلى أن شروط التعاقد مع المتعهدين نصت على أن تكون الفعاليات تحمل اهدافاً تعزز القيم الوطنية، والترفيه وفق الضوابط الأخلاقية، كما قدمت الأمانة اعتذارها للجميع، ووعدت باتخاذ الإجراءات اللازمة لعدم تكرار مثل ذلك مستقبلاً. ",
    "date_extracted": "2015-07-22 09:46:29"
}