{
    "url": "http://www.alriyadh.com/1066763",
    "title": "الأردن: القبض على عائلة سعودية حاولت تهريب 200 ألف حبة كبتاجون",
    "author": "عرعر - جاسر الصقري",
    "content": "    تمكنت الجهات الأمنية في الأردن من القبض على عائلة سعودية مكونة من امرأة وابنتها وابنها وبحوزت الابن 200 ألف حبة مخدرة وذلك عبر إحدى نقاط التفتيش الأمنية قبل خروجهم من الأردن من إحدى المعابر الحدودية الأردنية . وكشف معلومات الـ\" الرياض\" مساء اليوم الثلاثاء بأن الجهات الأمنية في الأردن ورد لها بلاغ عن محاولة تهريب من قبل شخص قادم للأردن ، وبعد متابعة وتحري المعلومات الدقيقة تم القبض على عائلة سعودية ، وتم العثور في حقيبة الابن على عدد 200 ألف حبة مخدرة كبتاجون ، وأضافت بأن الابن استغل تواجد أسرته معه لتهريب الحبوب المخدرة للمملكة من جهة الأردن ، وأشارات إلى أنه تم إحالة القضية للتحقيق . ",
    "date_extracted": "2015-07-21 23:17:35"
}