{
    "url": "http://www.alriyadh.com/1066954",
    "title": "تحرير أسعار الوقود في الإمارات مطلع الشهر المقبل",
    "author": "متابعة - الرياض الإلكتروني",
    "content": "    أعلنت وزارة الطاقة الاماراتية عن تحرير أسعار الوقود في الدولة اعتباراً من الأول من أغسطس القادم، واعتماد آلية للتسعير وفقاً للأسعار العالمية حيث يشمل قرار تحرير الأسعار مادتي الجازولين والديزل. وأوضح سهيل المزروعي وزير الطاقة، اليوم إن سياسة التسعير الجديدة التي وافق عليها مجلس الوزراء ستخضع للمراجعة الشهرية من قبل لجنة متابعة الأسعار، مشيرا إلى أن القرار يتوافق مع التوجهات الاقتصادية العالمية فيما يتعلق بتحرير الأسواق وتعزيز التنافسية. وأضاف \"إن تحرير أسعار الوقود جاء بعد دراسات متأنية اثبتت وجود منافع اقتصادية واجتماعية وبيئية ستنعكس ايجابيا على اقتصاد الدولة والمجتمع على حد سواء، موضحا أن هذا القرار يأتي في إطار الرؤية الاستراتيجية لحكومة دولة الإمارات في تنويع وتعزيز مصادر الدخل لضمان تنافسية وجاذبية الاقتصاد الوطني بالإضافة إلى توجهها لبناء اقتصاد قوي غير قائم على الدعم الحكومي للسلع. وأكد وزير الطاقة الاماراتي، أن تحرير أسعار المحروقات سيعمل على ترشيد استهلاك الوقود ويحمي الموارد الطبيعية للأجيال القادمة فضلا عن أنه سيحفز استخدام وسائل النقل البديلة التي تحافظ على البيئة كما سيؤثر على سلوكيات الافراد في اقتناء السيارات ذات الصفات الموفرة للوقود وتسريع عملية دخول السيارات الكهربائية والهجينة /هايبرد/ للسوق. ",
    "date_extracted": "2015-07-22 09:45:41"
}