{
    "url": "http://www.alriyadh.com/1066864",
    "title": "الرئيس البوروندي في طريقه لولاية رئاسية ثالثة",
    "author": "بوجمبورا - أ ف ب",
    "content": "    يبدو أن الرئيس البوروندي بيار نكورونزيزا في طريقه لولاية رئاسية ثالثة بعد الانتخابات الرئاسية التي جرت أمس الثلاثاء وسط انتقادات دولية، بمشاركة ضعيفة وتتخللها أعمال عنف في فوز سيكون مثقلا بالتهديدات لمستقبل هذا البلد الصغير الواقع في منطقة البحيرات الكبرى وشهد في الماضي حربا أهلية. وقالت الولايات المتحدة يوم أمس أن الاقتراع الرئاسي في بوروندي \"لم يتسم بالصدق\" وعبرت عن مزيد من التشكيك في الحكومة التي نظمت الانتخابات في أجواء متوترة جدا. وصرح الناطق باسم وزارة الخارجية الأميركية جون كيربي في بيان أن \"الولايات المتحدة تحذر من أن الانتخابات التي تجرى في الظروف السائدة حاليا في بوروندي لا تتمتع بالمصداقية وستزيد من تراجع صورة الحكومة\". وقبل ذلك، عبر وزير الخارجية البلجيكي ديدييه رينديرز الذي تعد بلاده شريكا مهما لبوروندي عن أسفه لتنظيم هذه الانتخابات وذكر بأن بلجيكا ستعيد النظر في تعاونها مع مستعمرتها السابقة هذه. وتوجه الرئيس البوروندي إلى مركز للاقتراع في قريته بويي صباح أمس للإدلاء بصوته، وقد وصل على متن دراجة هوائية وهو يرتدي بزة رياضية زرقاء تحمل شعار فريقه المفضل لكرة القدم. ودعي حوالي 3,8 ملايين بوروندي للتصويت في الانتخابات، لكن المشاركة في بوجمبورا وغيرها تبدو ضئيلة، وقال مسؤول في اللجنة الانتخابية الإقليمية المستقلة في جيتيغا المنطقة المؤيدة لنكورونزيزا \"من الواضح أن المشاركة أقل مما كانت عليه في الانتخابات التشريعية لكن نأمل أن يصل الناس في وقت لاحق\". وفي العاصمة تبدو المشاركة ضعيفة جدا أيضا خصوصا في حي موساغا حيث كان الناخبون يمرون أمام مراكز الاقتراع بدون التوقف أو دخولها. وقال أحد السكان \"لن أصوت.. لا أقبل بهذه الانتخابات ولن أقبل بولاية ثالثة\". وفي مدرسة سان إتيان في وسط العاصمة، يتوجه بعض الناخبين لدى خروجهم من وراء العازل إلى سبيل ماء لمحو آثار الحبر عن أصابعهم حتى يتجنبوا انتقام الذين يقاطعون الانتخابات، حيث بين ذلك ناخب بوروندي بقوله \"نمحو الحبر لأن الناس لا يريدون أن ندلي بأصواتنا\". وأكدت ناخبة في حي غيوشا شمال شرق العاصمة \"لا أريد أن أعود إلى الحي الذي أقيم فيه مع الحبر على إصبعي\". وتقاطع المعارضة الانتخابات لأنها تنكر على نكورونزيزي الحق في الترشح إلى ولاية جديدة بعد انتخابه في 2005 و2010 وتنتقد هذه \"الانتخابات المهزلة\" التي لم تنجح مطالبتها بإرجائها. وقبل ساعات على فتح مراكز الاقتراع، دعا الأمين العام للأمم المتحدة بان كي مون السلطات البوروندية إلى \"القيام بكل ما بوسعها عمله من أجل فرض الأمن وإجراء الانتخابات الرئاسية بشكل سلمي\"، ودعا جميع الإطراف إلى الامتناع عن القيام بأي نوع من أعمال العنف التي يمكن أن تزعزع استقرار بوروندي والمنطقة. وأغرق ترشح الرئيس نكورونزيزا للانتخابات منذ نهاية أبريل البلاد في أزمة سياسية خطيرة تخللتها أعمال عنف أسفرت عن سقوط أكثر من ثمانين قتيلا. وبعد الفوز الواسع للحزب الحاكم في الانتخابات التشريعية والبلدية التي جرت في 29 يونيو وقاطعتها المعارضة، فرغت الانتخابات الرئاسية من كل رهان أيضا، فلا شك في فوز نكورونزيزا لأنه لا يواجه سوى أربعة مرشحين جاؤوا من تشكيلات معروفة بتحالفها مع السلطة. ",
    "date_extracted": "2015-07-22 09:46:18"
}