{
    "url": "http://www.alriyadh.com/1066699",
    "title": "«داماك إنترناشونال» تطلق أول مشروع   سكني في لندن يضم 360 وحدة سكنية",
    "author": "",
    "content": "    أعلنت شركة التطوير العقاري الفاخر \"ديكو يو كيه بروبرتي هولدينجز ليميتد\" التابعة والمملوكة لشركة \"داماك إنترناشونال ليميتد\"، عن إطلاق أول مشروع سكني لها في لندن يحمل علامة تجارية من عالم الأزياء، وهو برج مؤلف من 50 طابقاً، ويتضمن 360 وحدة سكنية بتصاميم داخلية من فيرساتشي، حيث تقوم \"فيرساتشي هوم\" بتصميم الردهة والمرافق بالإضافة إلى التصاميم الداخلية والتجهيزات لكل شقة. وتشمل مرافق البرج صالة للتمارين الرياضية فائقة الحداثة، وحمام سباحة داخلي وسبا، وردهة خاصة للمالكين، ومنطقة ألعاب للأطفال وسينما وحدائق على السطح، وهي جميعها من تصميم \"فيرساتشي هوم\". يقع برج \"آيكُن ناين إلمز\" في قلب منطقة \"ناين إلمز\" التي تجاور منطقة \"باترسي\" بالعاصمة البريطانية، وتطل على نهر التايمز، ومن المخطط أن يتم إنجاز المشروع في العام 2020، ليكون أول مشروع سكني خاص بهذا الحجم في لندن صممته ووضعت تصوراته بشكل كامل دار أزياء فاخرة، حيث تهتم فيرساتشي بكافة تفاصيل التصميم الداخلي للمشروع. ويتألف برج \"آيكن ناين إلمز\" من مزيج من وحدات البنتهاوس الفاخرة، وشقق مختلفة من غرفة أو غرفتين أو ثلاث غرف نوم، بالإضافة إلى وحدات \"مانهاتن ستوديو\"، تطل على المدينة ونهر التايمز بمناظر بانورامية تمتد إلى قصر وستمنستر و\"لندن آي\". وقال جيان جياكومو فيراريس، الرئيس التنفيذي لشركة فيرساتشي: \"فيرساتشي هي مرادف للموضة والترف وخوضها غمار أعمال العقارات يوفر فرصة الاستمتاع بنمط حياة فيرساتشي بشكل كامل، وفي السنوات الماضية أصبحت المشاريع السكنية الخاصة جزءاً استراتيجياً من عالم فيرساتشي، واليوم بفضل التعاون مع \"ديكو يو كيه بروبرتي هولدينجز ليميتد\" وداماك - شركة التطوير العقاري التي عملنا معها لسنوات عديدة، والتي نتشارك معها في رؤيتنا التي نسعى من خلالها للوصول إلى أعلى المعايير فإننا نقدم المفهوم الأمثل لنمط عيش فيرساتشي في قلب مدينة لندن\". ومازالت لندن تحتفظ بمكانتها كواحدة من الأسواق العقارية الأكثر استدامة في العالم، بنمو سنوي قوي للأسعار يبلغ حوالي 6% وفقاً لشركة الاستشارات العقارية \"جي إل إل\". ويتوقع المحللون أيضاً أن تنمو أسعار العقارات بحوالي 5-7% في السنوات المقبلة. وقال حسين سجواني، رئيس مجلس إدارة داماك: \"نشهد رغبة شديدة لدى مجموعة كبيرة من عملائنا العالميين للاستثمار في سوق العقارات الفخمة في لندن، ويقدم لهم مشروع \"آيكُن ناين إلمز\" فرصة لا تضاهى للدخول إلى سوق لندن المستقرة والثابتة، ويمثل مشروع \"آيكُن ناين إلمز\"، الذي يوفر نمط حياة متميز وتصاميم عصرية من فيرساتشي، مفهوماً فريداً من نوعه وإضافة رائعة إلى سوق العقارات السكنية في هذه المدينة الثقافية والحيوية المذهلة\". وأضاف: \"يمثل مشروع \"آيكُن ناين إلمز\" أيضاً للمشترين المحتملين فرصة لا نظير لها لامتلاك منزل فخم في وسط لندن، على مقربة من وجهات التسوق الفاخرة مثل نايتسبريدج ومايفير وتشيلسي والحديقة المستقبلية لينير بارك\". ",
    "date_extracted": "2015-07-21 13:05:42"
}