{
    "url": "http://www.alriyadh.com/1066820",
    "title": "السفير الصالح يقيم لقاء معايدة في الأردن",
    "author": "عمّان - واس",
    "content": "    أقام سفير خادم الحرمين الشريفين لدى الأردن الدكتور سامي بن عبدالله الصالح أمس لقاء معايدة، وذلك في قاعة الاحتفالات بمقر السفارة. حضر اللقاء أعضاء البعثة والملحقيات والمكاتب التابعة لها، بالإضافة الى عدد من المواطنين السعوديين المقيمين في الأردن. ",
    "date_extracted": "2015-07-22 09:46:07"
}