{
    "url": "http://www.alriyadh.com/1066812",
    "title": "مشعل بن ماجد ينوه بجهود القنوات السعودية في تغطية فعاليات مهرجان «جدة 36»",
    "author": "جدة - خالد الدماك، صالح الرويس",
    "content": "    وجه وزير الثقافة والإعلام الأستاذ عادل الطريفي بنقل حي مباشر لمختلف فعاليات مهرجان \"جدة 36\" تحت شعار (طولناها) عبر قناة (أجيال)من مركز جدة الدولي للمعارض فعاليات (جدة شو) لمدة 30 يوما من خلال تواجدها أكثر من 50 فعالية للأطفال. وقال خالد محمد البيتي المشرف العام على قنوات جدة \"حاولنا ان نخرج عن المعتاد في تغطية الأحداث الوطنية ومنها مهرجان \"جدة 36 \" حتى يعيش المشاهد صورا جميلة من موقع الأحداث في هذه الايام التي تحتفل فيها جدة بتتويجها رائدة المدن السعودية في تنظيم الفعاليات والبرامج المتعلقة بدعم وتنشيط السياحة لتكون مدينة نموذجية على مستوى منطقة الشرق الأوسط\". على صعيد آخر، زار أمين جدة د. هاني أبو راس فعاليات السيرك العالمي في الخيمة المجهزة بأرض الفعاليات بأبحر، واطلع على سير العمل بالمهرجان الذي تنظمه الأمانة تحت شعار «عيدكم عيدنا» على الكورنيش الشمالي. وأبدى أمين جدة سعادته الغامرة بزيارة السيرك وبقية الفعاليات، معرباً عن سروره بما شاهده ووجه شكره وتقديره للقائمين عن الفعاليات واكد عن أنه يحرص دائماً على حضور المهرجان ومتابعة الفعاليات الموجودة كافة، مشيداً بالفعاليات التي تم إعدادها بغرض ترفيه وإسعاد اهل مدينة جدة وزوارها. فيما وجه أمين جدة ضرورة تكثيف الجهود لابراز الواجهة السياحية المشرقة لمدينة جدة، والعمل وفق توجيهات الأمير خالد الفيصل مستشار خادم الحرمين الشريفين أمير منطقة مكة المكرمة، وصاحب السمو الملكي الأمير مشعل بن ماجد محافظ جدة رئيس مجلس التنمية السياحية بجدة في دعم السياحة المحلية والعمل الجاد لخدمة زوار وسياح وأهالي عروس البحر الأحمر واظهار البعد الجمالي لها. كما قام الدكتور هاني بن محمد أبو راس بزيارة تفقدية لموقع الفعاليات بأبحر واطلع على كامل التجهيزات. ",
    "date_extracted": "2015-07-22 09:47:23"
}