{
    "url": "http://www.alriyadh.com/1066842",
    "title": "وفاة شخص وإصابة سبعة على طريق المدينة - مكة",
    "author": "المدينة المنورة - خالد الزايدي",
    "content": "    توفي زائر وأصيب سبعة آخرون من جنسيات مختلفة إثر انقلاب مركبتهم على طريق المدينة المنورة - مكة المكرمة (كيلو ٦٠) قبيل مركز اليتمة. وذكر خالد السهلي المتحدث الرسمي في هيئة الهلال الأحمر بالمنطقة أن جميع المصابين حالتهم الصحية خطيرة، مشيراً إلى مباشرة ٤ فرق أرضية للموقع، ونقلت أربع حالات عن طريق الإسعاف الجوي لمستشفى الملك فهد، وثلاث حالات عن طريق الفرق الأرضية. ",
    "date_extracted": "2015-07-22 09:47:08"
}