{
    "url": "http://www.alriyadh.com/1066732",
    "title": "انقطاع الكهرباء عن جسر الملك فهد لمدة 74 دقيقة",
    "author": "الدمام، الخبر - فهد المريخي، إبراهيم الشيبان",
    "content": "    تعارضت التصاريح بين المؤسسة العامة لجسر الملك فهد والشركة السعودية للكهرباء بشأن انقطاع التيار الكهربائي مساء البارح الاثنين لمدة 74 دقيقة على مناطق الإجراءات الفنية بالجسر. وقالت المؤسسة العامة لجسر الملك فهد في بيانها: أنه في مساء يوم الاثنين في تمام الساعة (٧:٠٦) مساء حدث انقطاع للتيار الكهربائي لجزيرة الحدود بالجانبين بسبب خلل بالمغذي الرئيسي التابع للشركة السعودية للكهرباء، تم عمل جميع البطاريات الاحتياطية لتشغيل اجهزة مناطق الاجراءات وكذلك المولدات الاحتياطية بشكل مباشر في جميع مناطق السفر ماعدا المحطة الواقعة في منطقة السفر بالجانب السعودي والذي استدعى تدخل فريق الصيانة وتشغيله في تمام الساعة (٧:٤٣) دقيقة، وبذلك تكون جميع المحطات داخل الجزيرة تعمل بالمولدات الاحتياطية خلال فترة الانقطاع. وبينت أنه تم إعادة التيار الكهربائي إلى الوضع الطبيعي من قبل الشركة السعودية للكهرباء في تمام الساعة (٨:٢٠) دقيقة مساء، مؤكدة أن جميع الإدارات العاملة بالجسر في كلا الجانبين تعاملت بشكل إيجابي مع الانقطاع بالعمل بكامل طاقتها الاستيعابية وإنهاء التكدس بفترة وجيزة بحدود الساعة الثامنة والنصف. فيما بينت الشركة السعودية للكهرباء أن انقطاع الخدمة الكهربائية عن جسر الملك فهد يرجع إلى عطل بالشبكة الداخلية الخاصة بالجسر ولا علاقة للشركة به. وذكرت الشركة أنها تلقت بلاغاً يفيد حدوث انقطاع للكهرباء عن الجسر، حيث باشرت فرق الطوارئ والعمليات الموقع وقامت بالكشف على الشبكة الخارجية المغذية للجسر والخاصة بالشركة السعودية للكهرباء، وتبين سلامتها وعدم وجود أية أعطال بها، وأن سبب الانقطاع يعود لعطل فني بالشبكة الداخلية، وسعياً لحل المشكلة وعدم تعطيل الحركة على الجسر، بادرت الشركة بمساعدة ومساندة فنيي الجسر للعمل على سرعة إعادة تشغيل الكهرباء، حيث تمكنوا من إعادة الخدمة الكهربائية خلال فترة زمنية وجيزة. وأوضحت الشركة أنها قامت خلال الفترة الماضية بعمل عدد من الاختبارات على الشبكة الخاصة بالجسر بالتعاون مع الجانب الفني في جسر الملك فهد والتأكد من سلامة المولدات الاحتياطية، مشيرة إلى أن فرقها الفنية جاهزة على مدار الساعة لإصلاح أي عطل قد بحدث. ",
    "date_extracted": "2015-07-21 20:12:35"
}