{
    "url": "http://www.alriyadh.com/1066808",
    "title": "500 طفل وطفلة يرسمون أكبر جدارية من أجل العروس",
    "author": "جدة - صالح الرويس",
    "content": "    يشهد مهرجان جدة 36 \"طولناها\" رسم أكبر جدارية تستهدف تعليم وتدريب نحو 500 طفل وطفلة يرتادون كل يوم فعاليات \"جدة شو\" في مركز جدة الدولي للمعارض والمؤتمرات (كيف ينمون مواهبهم) في واحدة من أكبر الجدرايات التي يبلغ طولها 20 متراً وبارتفاع مترين. وقال الرسام إياد حماد المشرف العام على جدارية المهرجان إن فعالية رسم أكبر لوحة جدارية للمهرجان تختلف هذا العام لأنها تمثل نقطة تحول مدينة جدة إلى مدينة المهرجانات طوال العام. وأضاف أن الفعالية تتضمن كيف يعبر الأطفال عن فرحة العيد من خلال مجموعة من الألوان والأشكال الفنية التي تبرز الاعتزاز بالهوية الوطنية والانتماء للوطن. ويشرف على الجدارية كل من الرسام إياد حماد والفنان أحمد دهلوي والطالبة بكلية الطب في جامعة الملك عبدالعزيز ميليسا البيروتي، ويعلمون ويوجهون الأطفال المبدعين والمتميزين كيف يحترفون الإبداع في الفن والرسم. ",
    "date_extracted": "2015-07-22 09:46:29"
}