{
    "url": "http://www.alriyadh.com/1066920",
    "title": "المكفوفون يسجلون حضورهم المميز في احتفالات الرياض",
    "author": "الرياض- ثقافة اليوم",
    "content": "    سجلت جمعية \"كفيف\" حضوراً مميزاً في احتفالات أمانة الرياض بعيد الفطر المبارك بعد توفيرها لمنصة مسرحية مهمة للمكفوفين تحدثوا من خلالها عن أفكارهم وأحلامهم وهموهم عبر مسرحية تحمل عنوان \"لا\" قدمها ممثلون مكفوفون من منسوبي الجمعية وهم حمد رياني وعمار الخالدي وإبراهيم المحيا وتوفيق عبده ومشاري المانع وشاركهم الفنانون نايف فايز وسليمان النزهة. المسرحية التي أخرجها خالد الباز تروي عدداً من المواقف التي تعترض طريق المكفوفين ومنها كلمة \"لا\" التي يصطدمون بها في محطات كثيرة من حياتهم. ",
    "date_extracted": "2015-07-22 09:46:28"
}