{
    "url": "http://www.alriyadh.com/1066569",
    "title": "سعود الفيصل.. رحيل لا يتوقف صداه محلياً وعالمياً",
    "author": "إبراهيم بن محمد المهيلب",
    "content": "    لايزال ألم الفقد حاضرا في النفوس، وما زالت الغصة مالئة الحناجر، ولن نزال نردد: إنا لله وإنا إليه راجعون، نعم إنها فاجعة أن نفتقد صاحب السمو الملكي الأمير سعود بن فيصل بن عبدالعزيز، الرجل الذي يعد واحدا من صناع السياسة العالمية في العصر الحديث مؤثرا لا متأثرا، ومحركا لا متحركا، مواقفه الكبرى في خدمة دينه ووطنه وقضايا أمته لن تمحى من ذاكرة التاريخ ولن تطوى في غياهب النسيان، سنوات طوال شغل فيها منصب وزير الخارجية للمملكة العربية السعودية (1395ه - 1436ه) كان فيها موضع ثقة ملوك البلاد، ولم يترجل إلا بطلب منه وحينها صدر أمر ملكي بتعيين سموه وزير دولة وعضواً بمجلس الوزراء ومستشاراً ومبعوثاً خاصاً لخادم الحرمين الشريفين ومشرفاً على الشؤون الخارجية حتى وافاه الأجل يوم الخميس 22/9/1436ه، ولعل في الخطابات المتبادلة – وقتها – بين خادم الحرمين الشريفين الملك سلمان بن عبدالعزيز – حفظه الله – وبينه – رحمه الله – ما يوضح كم كان لسموه من تقدير جزل لدى القيادة الحكيمة ومنزلة عالية يستحقها بلا شك وهو الرجل الذي أفنى عمره يخوض معترك السياسة ويجابه اضطراباتها مستمدا قوته العجيبة من الله تعالى ثم من ولاة الأمر مستفيدا من ذكائه ودهائه وصدق مواقفه الذي أكسبه احترام العالم وزعماء الدول الكبرى وجعلهم يحسبون له ألف حساب، صرح كثير منهم سابقا ولاحقا: أنهم لم يقابلوا سياسيا مثله بل إن بعضهم ذكر أنه استفاد منه واستعان به للاستفادة من خبراته ورؤاه، خذوا مثلاً: تصريح الرئيس الاميركي باراك اوباما الذي قال فيه: \"أجيال من القادة الأميركيين والدبلوماسيين استفادت من رؤية الأمير سعود الثاقبة ومن شخصيته وهدوئه وموهبته الدبلوماسية وإن الأمير الراحل كان مقتنعا بأهمية العلاقات الأميركية السعودية وبإضفاء الاستقرار والأمن في الشرق الأوسط وخارجه، ولذلك فان العالم كله سيذكر إرثه\" كما قال رئيس الحكومة البريطاني ديفيد كاميرون: إنه هو وغيره استفادوا من حكمة الأمير سعود الفيصل الكبيرة في إدارة العلاقات الدولية خلال سنوات عمله الطويلة، كما تحدث وزير الخارجية الألماني فرانك فالتر شتاينمير بقوله: انه \"برحيل الفيصل تفقد ألمانيا وجهاً معروفاً ومألوفاً لها له خبرة بالسياسة الدولية والحنكة الدبلوماسية على مدى أكثر من أربعين عاماً\"، أيضا قال وزير الخارجية الفرنسي لوران فابيوس: \"إن الفيصل عمل من دون كلل أو ملل من أجل السلام والاستقرار في الشرق الأوسط\". والمتحدثة باسم الاتحاد الأوروبي فيديريكا موغيريني في بيان لها قالت: \"إن العالم سيتذكر دوره المحوري في تعزيز وبسط الاستقرار في المنطقة إضافة إلى دوره الريادي في تعزيز أواصر الصلة بين المملكة العربية السعودية والاتحاد الأوروبي والدول الأعضاء\". وردود الأفعال التي صدرت من الدول الخليجية والعربية والإسلامية والعالمية وكثير من المنظمات والهيئات الدولية كثيرة جدا وكلها تتفق على عظمة هذا السياسي المحنك والدور الكبير الذي كان يضطلع به -رحمه الله-. ختاما: نسأل الله تعالى لفقيدنا الكبير الرحمة والمغفرة وأن يجزيه خيرا على أعماله الخالدة خدمة لهذه الدولة الشامخة وللدين الحنيف، وندعو جميعا: اللهم أجرنا في مصيبتنا وعوضنا خيرا يا رب العالمين. ",
    "date_extracted": "2015-07-21 17:57:37"
}