{
    "url": "http://www.al-jazirah.com/2015/20150731/wa3.htm",
    "title": "عندما واراها الثرى!",
    "author": "",
    "content": "عندما وارى الثرى جسدها الطاهر، استرجعتُ ذكريات الماضي عن هذه المرأة العظيمة التي لم ترى عيناي أجمل ولا أرق ولا أطيب منها. \nلم تكن تحمل أي شهادة علمية أو تتقلد أي منصب قيادي.. ولكنها كانت تملك ماهو أعظم من ذلك بكثير، ألا وهو الإيمان الراسخ بالله عزَّ وجلَّ والرؤية الثاقبة لرسالتها السامية كأم ومربية في هذه الحياة. وقد ترجمتْ رحمها الله ذلك كله بشكل دقيق أثناء حياتها الحافلة بالعطاء والتي لم تخلو كذلك من التحديات والصعوبات. \nتزوجت رحمها الله وهي في سن صغيرة، لكن ذلك لم يمنعها أن تتحمل مسؤوليتها بكل اقتدار وتفاني وتكتسب الحكمة والعلم وتقف مع الوالد وتسانده في حياته العلمية والدعوية والقضائية. فكانت نعم المعين والمساند له في كل شؤونه. ولقد صدقت هذه المقولة فيها أن «وراء كل رجل عظيم امرأة» ! \nكانت رحمها الله نعم العون لأبنائها في تذليل كل المصاعب التي واجهتهم في الحياة والعمل على تربيتهم التربية الحسنة. وكانت المستشار الحكيم لكل أفراد البيت في كل ما كان يشغل بالهم من أمور الحياة. \nكانت أمّا رؤوما وحضنا دافئا لأبنائها وبناتها، لا تدخر جهدا في التضحية من أجلهم ومساعدتهم في كل ما واجههم من صعاب في هذه الحياة. \nسمتها العظيمة أنها كانت تحب الجميع وتكرم القريب والبعيد وكان الجميع يبادلها المحبة والاحترام. ولذلك كانت توصف ممن عرفها أنها «ملاك في جسد إنسان». ابتعدت عن القيل والقال وفضول الكلام وجعلت نصب عينيها تحقيق رسالتها السامية في هذه الحياة. \nكانت تكرم القريب والبعيد، وكان الجميع يشعر بالسرور والفرح عندما يجالسها أو يستمع إلى حديثها. كلامها ينبع منه الحكمة والنصح، وكانت توصل رسالتها ونصحهها إلى مستمعيها بأحب الطرق. \nاكتسبت الحكمة والعلم من والدنا رحمه الله الذي شبّ على طلب العلم على يد عدد من العلماء الراسخين في المجمعة وأثناء رحلته العلمية إلى دار التوحيد بالطائف وكلية الشريعة في مكة المكرمة. كما كانت نعم الرفيق والصاحب له اثناء مسيرته القضائية في منطقة الدوادمي أو في هيئة التمييز بمنطقة الرياض. كانت تستمع إليه وتكتسب منه العلم والحكمة والخبرة والدراية. \nعرفها القريب والبعيد بحبها لعمل الخير ومساعدة المحتاجين والأسر الفقيرة. فكانت لا تدخر وسعا في مساعدة المحتاجين لإظهار السرور على محياهم. وكانت تكرم النساء اللاتي يأتين إلى البيت ويترددن عليها وتحاول ما استطاعت أن تلبي حاجاتهن وترضيهن. \nكانت عابدة لله متبعة لأوامره منتهية عن نواهيه، ولا نزكي أحدا على الله، تقضي شهر رمضان بجوار بيت الله الحرام. وكانت تصوم النوافل وتقوم الليل وتتصدق على القريب والبعيد بما أجاد الله عليها من مال أو طعام. وقد قامت ببناء مسجد من مالها في مسقط رأسها في مدينة المجمعة وقامت بتفطير الصائمين فيه بعد أن أتم الله بناءه. \nاشتد عليها المرض في السنوات الأخيرة من حياتها ولكنها كانت صابرة ومحتسبة، لم تشتك أو تتضجر. وقد أكرمها الله عز وجل أن جعل وفاتها مع تمام شهر الصوم والقيام في يوم الخميس التاسع والعشرين من هذا العام 1436 هجري. لَعَمْرِي لَقَدْ غَالَ الرَّدَى مَنْ أُحِبُّهُ وَكانَ بودي أنْ أموتَ وَ يسلما وَ أيُّ حياةٍ بعدَ أمًّ فقدتها كَمَا يفْقِدُ الْمَرْءُ الزُّلاَلَ عَلَى الظَّمَا سقتكِ يدُ الرضوانِ كأسَ كرامةٍ منَ الكوثرِ الفياضِ معسولة َ اللمى عَلَيْكَ سَلاَمٌ لاَ لِقَاءَة َ بَعْدَهُ إلَى الْحَشْرِ إِذْ يَلْقى الأَخِيرُ الْمُقَدَّمَ صلينا على الوالدة شيخة بنت عبدالله بن محمد الناصر يوم الجمعة والذي وافق يوم العيد، يوم توزيع الجوائز.. وقد ماتت رحمها الله متشهدة وسبابتها مرفوعة إلى السماء وكأنها تقول «إلى الرفيق الأعلى». رحمها الله رحمة واسعة وقدس الله روحها وأنزلها منازل الأبرار وتقبلها في الصالحين. \n- د. عبدالرحمن الربيعة\n",
    "date_extracted": "2015-07-31 03:46:44"
}