{
    "url": "http://www.al-jazirah.com/2015/20150801/ms3.htm",
    "title": "مسنة تصدم زوجها وتدهسه بالخطأ في كاليفورنيا",
    "author": "سان فرانسيسكو - (رويترز):",
    "content": " الزوج المسن لحظة دهسه من زوجته\nقالت الشرطة الخميس إن امرأة مسنة في كاليفورنيا صدمت زوجها المسن ودهسته بالسيارة بطريق الخطأ عندما استخدمت بدال التحرك بدلا من المكابح. \nوقال جون فرانسين قائد شرطة الطريق السريع في كاليفورنيا إن الزوج كان يرشد زوجته لادخال السيارة بمكان الانتظار أمام منزلهما في منطقة مارتينيز الواقعة على بعد 58 كيلومترا شمال شرقي سان فرانسيسكو صباح الأربعاء عندما وقع الحادث. \nوقال فرانسين إن الزوج كان يقف أمام السيارة عندما ضغطت زوجته على البدال الخطأ دون قصد وصعدت فوقه بالسيارة. \nوصدمت السيارة بعد ذلك بالحائط الخلفي لمكان الانتظار ثم الباحة الخلفية. واضاف ان الرجل كان واعيا عندما نقل إلى مستشفى محلي لكنه توفي لاحقا متأثراً بإصاباته. \nوالاثنان في الثمانينات من العمر. وقال فرانسين «ننظر إلى الأمر باعتباره مجموعة من الملابسات السيئة ونشاطرها هي وأسرتها الأحزان.» واستطرد قائلا «لكننا سنرى ما يسفر عنه التحقيق.» وقال إنه من غير المعتقد ان تكون للمخدرات والمشروبات الكحولية أي دور في الحادث. \n",
    "date_extracted": "2015-08-01 07:54:01"
}