{
    "url": "http://www.al-jazirah.com/2015/20150801/ln58.htm",
    "title": "الصباغ: الطائرة الإغاثية الرابعة نقلت الأطباء اليمنيين المتطوعين إلى عدن",
    "author": "الجزيرة - واس:",
    "content": "\nأوضح المتحدث الرسمي لمركز الملك سلمان للإغاثة والأعمال الإنسانية رأفت الصباغ أنه استجابة لدعوة معالي المستشار بالديوان الملكي المشرف العام على مركز الملك سلمان للإغاثة والأعمال الإنسانية الدكتور عبدالله الربيعة الأطباء اليمنيين من ذوي الاختصاصات المختلفة إلى التعاون مع المركز للقيام بعمل تطوعي لتقديم الخدمات الطبية للمستشفيات التي يعمل المركز على إعادة تأهيلها في اليمن, قام المركز اليوم بالتنسيق مع الهيئة العالمية لأطباء عبر القارات لنقل الأطباء المتطوعين إلى اليمن على متن طائرة الشحن الإغاثية الرابعة التابعة للقوات الجوية الملكية السعودية التي حطت في مطار عدن امس للبدء في تقديم خدماتهم الطبية والإنسانية انطلاقا من مستشفى عدن. \n",
    "date_extracted": "2015-08-01 07:56:28"
}