{
    "url": "http://www.al-jazirah.com/2015/20150731/sp9.htm",
    "title": "أمين عام فيفا السابق يدعم ترشح بلاتيني",
    "author": "لوزان - (أ ف ب):",
    "content": "\nاعتبر الأمين العام السابق للاتحاد الدولي لكرة القدم السويسري ميشال زن روفينن أن الفرنسي ميشال بلاتيني الذي أعلن ترشحه لرئاسة المنظمة الدولية هو «أحد فضل الأشخاص لأعادة مصداقية» الاتحاد الذي يعيش فضيحة فساد خطيرة. \n وقال زن روفينن إن بلاتيني الرئيس الحالي للاتحاد الأوروبي: «هو بالتأكيد الأنسب من بين القادة الكرويين الحاليين للحلول في هذا المنصب وإعادة مصداقية فيفا بعد أحداث زيوريخ في الأسابيع الأخيرة». وأعلن بلاتيني ترشحه رسمياً لرئاسة الاتحاد الدولي لخلافة السويسري جوزيف بلاتر المستقيل من منصبه على أثر الفضيحة التي هزت كيان المؤسسة الكروية أواخر مايو الماضي أثر اتهام القضاء الأميركي 14 شخصية رفيعة المستوى بتهم فساد ورشاوى واعتقال معظمهم في سويسرا. وستجرى الانتخابات في 26 شباط - فبراير عام 2016. وشغل زن روفينن (56 عاماً) منصب أمين عام الاتحاد الدولي بين 1998 و2002م. \n",
    "date_extracted": "2015-07-31 03:47:29"
}