{
    "url": "http://www.al-jazirah.com/2015/20150801/du4.htm",
    "title": "نجل الرئيس العراقي السابق ينفي وجود وطن اسمه العراق",
    "author": "اربيل - نصير النقيب:",
    "content": "\nقال نجل الرئيس العراقي السابق نائب رئيس حكومة إقليم كردستان، قوباد جلال الطالباني إنه لم يبق انتماء لدولة اسمها العراق، وانما انتماءات مذهبية وقومية ، معتبرا أن الاستقلال حق مشروع للشعب الكردي. \nوقال الطالباني في تصريحات صحافية له عقب استقباله، السفير الالماني لدى العراق ايكهارد بروزه في اربيل إننا كاكراد وعلى الرغم من مشاركتنا الفاعلة في بناء الحكومة العراقية، بذلنا حتى الآن كل الجهود لبقاء عراق ديمقراطي فيدرالي، لكن من الواضح للجميع أن مسألة استقلال كردستان حق مشروع للشعب الكردي على حد تعبيره وأضاف نجل رئيس الجمهورية السابق جلال الطالباني أن هناك حقيقة، وهي تتمثل في أنه لم يبق هناك عراق موحد، ولم يبق انتماء لدولة اسمها العراق، بقدر الانتماءات للشيعة والسنة والكرد. \n",
    "date_extracted": "2015-08-01 07:55:52"
}