{
    "url": "http://www.al-jazirah.com/2015/20150727/ln1.htm",
    "title": "أمير منطقة الرياض يستقبل الشيخين الفوزان والفريان وسفير البيرو لدى المملكة",
    "author": "الجزيرة - واس:",
    "content": "\nاستقبل صاحب السمو الملكي الأمير فيصل بن بندر بن عبدالعزيز أمير منطقة الرياض في مكتب سموه بقصر الحكم امس عضو هيئة كبار العلماء وعضو اللجنة الدائمة للإفتاء الشيخ صالح بن فوزان الفوزان، الذي هنأ سموه بعيد الفطر المبارك. \nكما استقبل صاحب السمو الملكي الأمير فيصل بن بندر بن عبدالعزيز أمير منطقة الرياض في مكتب سموه بقصر الحكم أمس رئيس الجمعية الخيرية لتحفيظ القرآن الكريم بالرياض الشيخ سعد بن محمد آل فريان الذي هنأ سموه بعيد الفطر المبارك. \nواستقبل صاحب السمو الملكي الأمير فيصل بن بندر بن عبدالعزيز أمير منطقة الرياض في مكتب سموه بقصر الحكم أمس سفير جمهورية البيرو لدى المملكة إدوارد مارتينيتي الذي ودع سموه بمناسبة انتهاء فترة عمله سفيرًا لبلاده لدى المملكة. \n",
    "date_extracted": "2015-07-27 17:05:33"
}