{
    "url": "http://www.al-jazirah.com/2015/20150801/sp39.htm",
    "title": "التعاون يتعادل مع نيس الهولندي ويوقع مع الزيلعي",
    "author": "بريدة - تركي الهدلق:",
    "content": " الزيلعي بجانب أمين عام نادي التعاون علي الشايعي\nتعادل فريق التعاون الكروي سلبياً مع فريق نيس الهولندي في ثالث محطاته التجريبية في معسكره الحالي في مدينة هورست الهولندية، ودخل المدير الفني البرتغالي جوميز هذه المواجهة بالأسماء الأساسية، وفي منتصف الشوط الثاني أشرك مجموعة من اللاعبين. \nوشهدت المباراة إضاعة المهاجم إيفولو ركلة جزاء في الدقيقة الرابعة من الشوط الأول، كما شهد اللقاء خروج الكاميروني ايفولو والمهاجم محمد مجرشي بسبب إصابات عضلية. من جهة اخرى من المنتظر ان تعلن إدارة نادي التعاون عن إعلان توقيعها مع لاعب نادي النصر خالد الزيلعي بنظام الإعارة بعد انتشار صوره له بجانب نائب رئيس النادي فيصل أبا الخيل والأمين العام علي الشايعي وهو يوقع ولم يتبق سوى الإعلان الرسمي. \n",
    "date_extracted": "2015-08-01 07:56:00"
}