{
    "url": "http://www.al-jazirah.com/2015/20150727/ln68.htm",
    "title": "محافظ الأفلاج يحضر ختام فعاليات مهرجان بسمة عيد",
    "author": "الأفلاج - ناصر الفرشان:",
    "content": " محافظ الأفلاج أثناء مشاركته في الفعاليات\nحضر محافظ الأفلاج الأستاذ حمد بن مشنان آل مبارك اختتام فعاليات مهرجان بسمة عيد بنادي التوباد بالمحافظة, الحفل الذي شهده عدد من المسؤولين بالمنطقة والأهالي حظي بالعديد من الفقرات ما بين الأناشيد والشيلات الوطنية, تلا ذلك أمسية شعرية للشاعرين عثمان بن عبدالله العثمان وناصر بن ناجي آل عمار تنوعت ما بين حب الوطن ومناسبة العيد وسط تفاعل الحضور, ففقرة للأطفال منها الرسم على الفحم والرمل والتلوين رسمت البهجة على محياهم, واختتم الحفل بتكريم الجهات الراعية والداعمة للفعاليات واللجان القائمة على المهرجان. \nمن جهته عبّر محافظ الأفلاج عن سعادته بما حظيه المهرجان من نجاح شاكراً الجميع على ماقاموا به من جهد في سبيل إيصال البسمة على وجوه الجميع. \nفي المقابل قدّم رئيس اللجنة المنظمة سعد بن مبارك آل زعير شكره لمحافظ الأفلاج واللجان والفرق التي أحيت الفعاليات ولمنسوبي بلدية الأفلاج ممثلة برئيسها المهندس سليمان العايد. \n",
    "date_extracted": "2015-07-27 17:05:27"
}