{
    "url": "http://www.al-jazirah.com/2015/20150731/jd4.htm",
    "title": "نجوم الكلمات",
    "author": "",
    "content": "* ما يبدو واضحا في حين يغمض في حين آخر، وما يكون غامضا في وقت ينجلي في وقت. \n* ليس شغلنا الشاغل رؤية ما لا يظهر بوضوح على مسافة كبيرة منا، بل فعل ما يوجد واضحا بين يدينا. \n* لا يتواضع إلا من كان واثقاً من نفسه. \n* أحمق من يترك ما في متناول يده سعيا وراء ما لا يستطيع بلوغه. \n* إن أردت الحكمة تعلم كيف تستمع، وستستفيد حتى ممن لا يحسنون الكلام. \n* قليل من الرذائل كاف لتغطية كثير من الفضائل. \n* أربعة تجلب الرزق :قيام الليل وكثرة الاستغفار بالأسحار وتعاهد الصدقة والذكر أول النهار وآخرة. \n* قل للمرء إنه شجاع وسوف تساعده على أن يصبح كذلك. \n* ما نحققه بداخلنا سيغير الحقيقة الخارجية. \n* لا تقرأ لتعارض وتفند، ولا لتؤمن وتسلم، ولا لتجد ما تتحدث عنه، بل لتزن وتفكر \n* السعادة ليست شيئاً تختبره، بل شيئا تتذكّره. \n* الانتصار هو انتصار النفس القوية الجميلة فينا، انتصار الإنسانية فينا، انتصار التطور على الرجعية، انتصار الحياة. \n* التعقل في الحديث أفضل من الفصاحة. \n* عندما يأخذ المرء بثأره يتساوى مع عدوه، لكنه حين يسامحه يصبح أفضل منه. \n* الحب الإنساني الشامل يجعل الإنسان يتجلى في كل إنسان. \n",
    "date_extracted": "2015-07-31 03:46:14"
}