{
    "url": "http://www.al-jazirah.com/2015/20150731/cu2.htm",
    "title": "آثار السعودية وحضارتها حلقة غاية في الأهمية لفهم الحضارة الإنسانية ",
    "author": "القاهرة - سجى عارف:",
    "content": "\nأصدرت سفارة خادم الحرمين الشريفين بمصر تقريراً عن ضمّ لجنة التراث العالمي التابعة لمنظمة الأمم المتحدة للتربية والعلوم والثقافة (يونسكو) الرسوم الصخرية في منطقة حائل بالمملكة، لتكون الموقع الرابع في المملكة المسجل بعد مدائن صالح والدرعية وجدة التاريخية، ضمن لائحة التراث العالمي. وقال التقرير إن جبل الشويمس يضم نقوشاً وكتابات أثرية منحوتة على الصخور الصلبة، وتشمل هذه النقوش رسوماً لأشكال آدمية وحيوانية، يرجع تاريخها إلى أكثر من 10 آلاف سنة قبل الميلاد، وهي من الحقبة الثمودية، فيما تُعَدُّ جبة أحد أهم وأكبر المواقع الأثرية في السعودية، حيث تضم نقوشاً ورسومات منتشرة في جبل أم سنمان وفي الجبال القريبة منه، وتعود النقوش لثلاث فترات زمنية مختلفة. ومنطقة جبة عبارة عن أرض لبحيرة قديمة تحيط بها كثبان النفود الكبير، وتعلوها من الغرب والجنوب جبال رسوبية تتمثل بأم سنمان وغوطا وشويحط وعنيزة، واعتبر رئيس الهيئة العامة للسياحة والتراث الوطني صاحب السمو الملكي الأمير سلطان بن سلمان تسجيل الرسوم الصخرية بمنطقة حائل في قائمة التراث العالمي «دليلاً على مكانة السعودية وعمقها الحضاري»، مؤكداً أن تسجيل هذه الآثار «سيعود بالنفع على السعودية والإنسانية جمعاء، لما لها من أهمية بالغة تعكس الحضارة الإنسانية، وتبيّن أن فهم آثار السعودية وحضارتها حلقة غاية في الأهمية لفهم الحضارة الإنسانية على كوكب الأرض». وكان المغفور له الملك عبدالله بن عبدالعزيز آل سعود قد وافق على تسجيل كل من مدائن صالح، والدرعية القديمة، وجدة التاريخية في قائمة التراث العالمي باليونيسكو، حيث تم تسجيل الحجر (مدائن صالح) عام 2008م، وحي الطريف بالدرعية التاريخية عام 2009م, وضم جدة التاريخية عام 2014م. \nمدائن صالح \nمدينة الحجر أو مدائن صالح موقع أثري في المملكة، يقع في محافظة العُلا التابعة لمنطقة المدينة المنورة، ويحتل موقعاً إستراتيجياً على الطريق الذي يربط جنوب الجزيرة العربية ببلاد الرافدين وبلاد الشام ومصر، والحجر (بكسر الحاء) اسم ديار ثمود بوادي القرى بين المدينة المنورة وتبوك، ويُقال: الحجر كانت تعرف بمدائن صالح أو قرى صالح. وتقع الحجر على بعد 22كم شمال شرق مدينة العلا، عند دائرة عرض 4726 شمالاً، وخط طول 5337 شرقاً. ويطلق الحجر على هذا المكان منذ أقدم العصور, ويستمد الحجر شهرته التاريخية من موقعه على طريق التجارة القديم الذي يربط جنوب شبه الجزيرة العربية والشام، ومن أصحابه المعروفون بقوم ثمود الذين جاء القرآن بذكرهم بأنهم لبُّوا دعوة نبي الله صالح, ثم ارتدوا عن دينهم, وعقروا الناقة التي أرسلها الله لهم آية. \nالدرعية التاريخية \nتمثل الدرعية رمزاً وطنياً بارزاً في تاريخ المملكة العربية السعودية، فقد ارتبط ذكرها بالدولة السعودية الأولى، وكانت عاصمة لها، ولقد شكلت منعطفاً تاريخياً في الجزيرة العربية، بعد أن ناصر الإمام محمد بن سعود دعوة التجديد الديني التي نادى بها الشيخ المجدد محمد بن عبد الوهاب عام 1744م، فأصبحت الدرعية قاعدة الدولة ومقر الحكم والعلم، واستمرت كذلك إلى أن اختار الإمام تركي بن عبد الله الرياض مقراً جديداً للحكم، وذلك عام 1824م، وأُنشئت الدرعية على ضفاف وادي حنيفة، وارتبطت به حضارياً وبيئياً مما أوجد نوعاً من التفاعل الإيجابي بين الإنسان والبيئة أثر بدوره على النشاط الإنساني والوضع الاجتماعي للمنطقة، فأصبحت الدرعية نموذجاً لمجتمع الواحات في البيئات الصحراوية، ولقد جسدت الدرعية من خلال ذلك التفاعل الهوية الثقافية للمنطقة فأضحت رمز أصالتها وعنوان حضارتها. وتتميز الدرعية بالمظاهر الطبيعية الجميلة كالروافد والشعاب والأراضي الخصبة، وكلها معالم خلابة من التراث البيئي الذي يرتبط بتجربة الإنسان الحضارية في الاستقرار والبناء والتعمير، ويظهر المنجز الحضري من الدور السكنية وأنظمة الري والقنوات والأنفاق والقرى الزراعية بالدرعية ومحيطها الجغرافي. الدرعية اسم مكان نسب لأهله، فهي حَصن الدروع، والدروع قبيلة استوطنت وادي حنيفة وحكمت حجر والجزعة، ودعا أحد حكامها «ابن درع» ابن عمه مانع المريدي- من عشيرة المردة من بني حنيفة للقدوم من عروض نجد شرق الجزيرة إلى مرابع وادي حنيفة، وسكن القادمون ما بين غصيبة والمليبيد، وبتاريخ قدومهم يؤرخ لتأسيس الدرعية عام 1446م. \nجدة التاريخية \nفي يوم السبت 21 يونيو 2014 م صدرت الموافقة من قبل لجنة التراث العالمي التابعة لمنظمة اليونسكو على تسجيل موقع جدة التاريخية ضمن قائمة التراث العالمي، وتعد جدة التاريخية متحفاً مفتوحاً, فهي تحوي التراث الذي يحكي تاريخ جدة بصورة حية، حيث تقع وسط المدينة وتضم مجموعة كبيرة من المواقع التاريخية, ونظراً لموقعها فقد تم اتخاذها ميناءً لمكة المكرمة يستقبل تجارة المنطقة وزوارها من المعتمرين والحجيج، قسمت مدينة جدة داخل سورها إلى أحياء عدة، وقد أطلق عليها مواطنو المدينة القدامى مسمى حارة، وقد اكتسبت تلك الأحياء أسماءها من موقعها الجغرافي داخل المدينة، أو شهرتها بالأحداث التي مرت بها، وهي: حارة المظلوم, حارة الشام, حارة اليمن, حارة البحر, حارة الكرنتينة, حارة المليون طفل، ومن أشهر وأقدم المباني الموجودة حتى الآن دار آل نصيف ودار آل جمجوم في حارة اليمن، ودار آل باعشن وآل قابل، ومسجد الشافعي في حارة المظلوم، ودار آل باناجة وآل الزاهد في حارة الشام، وبلغ ارتفاع بعض هذه المباني أكثر من 30 متراً، كما ظلت بعضها لمتانتها وطريقة بنائها باقية بحالة جيدة بعد مرور عقود طويلة. \n",
    "date_extracted": "2015-07-31 03:45:50"
}