{
    "url": "http://www.al-jazirah.com/2015/20150731/ln30.htm",
    "title": "مساعد النائب للمطارات الداخلية يتفقد مطار  الدوادمي",
    "author": "الدوادمي - خالد محسن:",
    "content": " جانب من الزيارة التفقدية\nقام مساعد النائب للمطارات الداخلية بالهيئة العامة للطيران المدني المهندس طارق العبدالجبار، بزيارة تفقدية لمطار الملك سلمان بن عبدالعزيز بمحافظة الدوادمي، يرافقه عدد من مدراء الإدارات المهمة بالطيران المدني , وتضمنت الزيارة جولة على أرجاء المطار اطلع فيها على سير العمل فيه, حيث تم مناقشة موضوع التشغيل الدولي وزيادة عدد الرحلات الداخلية وسرعة استقطاب شركات طيران جديدة وفتح وجهات جديدة وزيادة السعة المقعدية على الرحلات المحلية , كما تم مناقشة بعض الملاحظات الهامة التي وجه المهندس العبدالجبار بسرعة معالجتها. \n",
    "date_extracted": "2015-07-31 03:47:56"
}