{
    "url": "http://www.al-jazirah.com/2015/20150801/sp8.htm",
    "title": "إقامة كأس السوبر المصري بالإمارات تنتظر الموافقات الرسمية",
    "author": "القاهرة - مكتب الجزيرة - طارق محيي:",
    "content": "\nأكد مجلس إدارة اتحاد كرة القدم المصري برئاسة جمال علام، أنه لا يمانع في إقامة مباراة كأس السوبر المصر، التى تجمع بين بطلي الدوري والكأس، في دولة الإمارات الشقيقة، ولكنه اشترط الحصول على موافقة رسمية من جانب خالد عبد العزيز وزير الشباب والرياضة. \nكانت الشركة الراعية لاتحاد الكرة قد أكدت الاتفاق مع الإمارات على إقامة مباراة السوبر المحلى على إستاد محمد بن زايد فى مدينة أبوظبى، فى شهر سبتمبر المقبل، على غرار مباريات السوبر فى الدوريات الأوروبية وكذلك كأس السوبر السعودي الذي يقام فى لندن. \nمن جانبه قال مصدر مسئول بمجلس إدارة اتحاد الكرة، أنه ليس من حق الشركة الراعية تحديد مكان إقامة السوبر المحلى، موضحًا أن اتحاد الكرة لم يحدد حتى الآن موعد إقامة السوبر بسبب ضيق الوقت فى شهر سبتمبر وارتباط ناديي الأهلي والزمالك بمباريات فى قبل نهائي الكونفيدرالية الإفريقية يومى 25 و26 سبتمبر المقبل. \nوأضاف أن إقامة السوبر قبل انطلاق الموسم الجديد خارج مصر، يتطلب الحصول على موافقة مجلس الوزراء ووزارتي الشباب والرياضة والداخلية. \n",
    "date_extracted": "2015-08-01 07:56:06"
}