{
    "url": "http://www.al-jazirah.com/2015/20150801/rv2.htm",
    "title": "الاستشارات الأسرية ضرورة للمجتمعات",
    "author": "",
    "content": " على الشركاء في الأسرة معرفة أنفسهم لتجنب الأزماتتعليقاً على مقال (أهو تراجع للقيم؟) للدكتورة دلال الحربي فإن التقدّم الحضاري والتطور الزمني ألقى بظلاله على علاقاتنا الأسرية وفي أوساطنا الاجتماعية، بل غزانا في عقر دارنا وأدى إلى تمزيق الروابط التي تعد من أسمى وأقدس العلاقات على وجه الأرض، فلم تعد تلك الأسر كما كانت من التماسك، بل أصبح تفككها إحدى الظواهر الاجتماعية الحديثة، فعلماء النفس يرون أن الأسرة المتكاملة ليست تلك التي تكفل لأبنائها الرعاية الاقتصادية والاجتماعية والصحية فحسب، بل هي الأسرة التي تهيئ لهم الجو النفسي الملائم للحياة الكريمة. \nوالجدير بالذكر أنه لا ينظر لجميع أنماط تفكك الأسرة في أي مجتمع بنفس الدرجة من الأهمية، بل بدرجات متفاوتة وربما متباينة، إلا أن الطلاق يعتبر أهم أشكال التفكك في جميع المجتمعات بلا استثناء، ومما يدل على خطر تلك الظاهرة أن الدين جعله الحل الأخير وإن كان أبغض الحلال واعتبره الخاتمة المؤلمة والمصير المحتوم بعد تقلّص الحلول وفشل كافة جهود الإصلاح. \nيأتي البحث عن الحلفاء لتسوية الخلل من العائلة أو خارجها كإصلاح أولي، وإن تعسر الحال نطرق باب الاستشارات الأسرية التي تعتبر منظومة متكاملة من الاستشارات الإرشادية والنفسية والاجتماعية لمختلف الشرائح المجتمعية، لكن تكمن خطورة الاستشارة في التشخيص الخاطئ والتي تكون نتيجتها مدمرة لهم ككل، نتيجة سماع القضية من طرف واحد وربما إذا فقدت الأمانة والدين بالانحياز لأحدهم دون الآخر وأوكل الأمر لغير أهله أو لعدم الإلمام والمعرفة، لذا فإن وجود المختصين والمؤهلين تأهيلاً عالياً في مجال الإرشاد النفسي حل جذري للمشكلات والتخلص من الاضطرابات النفسية والاجتماعية، بل لديهم أساليب متنوّعة في التواصل الأسري وتنمية التفاعلات الثنائية الإيجابية بينهم وتفعيل جانب الإيحاء النفسي له دور كبير في تصغير الأمور أو تعظيمها واستلام زمام المبادرة في حسم القضايا. \nتكمن أهمية وجود الجمعيات المتخصصة الأسرية في الحد من المشاكل وتلعب دوراً رئيساً في التكوين والتهيئة والتوجيه والإرشاد والشعور بالواجب إيماناً بالمسؤولية المجتمعية، والشيء المهم الذي يجب التذكير به هنا أنه ليس الكل مؤهلاً ليكون مرشداً أسرياً ومستشاراً بالشكل الصحيح لأنه لا بد أن يكون متابعاً جيداً لإيقاع الحياة اليومية وقارئاً موسوعياً يملك مهارة التعامل مع وسائل التقنية الحديثة. \nلذا على الراغبين في الانخراط في هذا المضمار المهم قراءتهم لأنفسهم، وأن يعرفوا مؤهلاتهم النفسية والمعرفية وقدراتهم والمهارات والقدرات، ولا بد أن يعزّز آلية الصبر والتدرج فربما ما عرض عليه مجرد مشكلة وقد تكون إشكالية معقدة ومتداخلة مع غيرها، ولها أكثر من طرف ويتطلب الخيال الواسع ليتسنى له التفكير خارج النطاق وبطريقة إبداعية قد لا تخطر على بال المستشير. \nكذلك لا بد من الرؤية الاستشرافية للمشاكل الأسرية حتى لا يُفاجَأ من اختار القيام بهذا الدور بأنه أعجز من أن يفي بمتطلبات هذه الوظيفة الإنسانية البحتة. \nولله الحمد أثمرت مراكز الإصلاح الأسري في الحد من المشكلات الأسرية بوجود النخبة الاستشارية المميزة والمعتمدة من وزارة الشؤون الاجتماعية والتي تحميها من الدخلاء الذين كانوا وما زالوا الخطر الدائم في الاستشارات الأسرية. \nأريج زياد عنبرة - الرياض\n",
    "date_extracted": "2015-08-01 07:55:03"
}