{
    "url": "http://www.al-jazirah.com/2015/20150731/du13.htm",
    "title": "فتيات من الشيشان يُوقعن مسلحين من «داعش» في مصيدة لابتزاز المال",
    "author": "موسكو - سعيد طانيوس:",
    "content": "\nذكرت مصادر استخباراتية روسية, أن الشرطة الفيدرالية في إقليم الشيشان أوقفت 3 شابات حصلن على المال من مقاتلين في «داعش» عن طريق الاحتيال, فيما أفاد تقرير إحصائي أن الجماعات المتطرفة أصبحت تمتلك حالياً 150 ألف موقع إلكتروني تهدف لإيقاع النشء الجديد في حبائلها, بعدما كانت تمتلك 12 موقعاً إلكترونياً فقط عام 1997. \nوقد أوقفت قوة من الشرطة في جمهورية الشيشان، أحد الأقاليم القوقازية الروسية، 3 شابات بشبهة الاحتيال على مسلحي «داعش». \nوكشفت تقارير استخباراتية أن الشابات دخلن في اتصال مع مسلحين من تنظيم «داعش» عبر مواقع التواصل الاجتماعي على الإنترنت، وطلبن منهم المال لتغطية نفقات السفر إلى سوريا، ثم قطعن الاتصالات مع من زودهن بالمال. \nوصرحت إحدى الشابات المدعوة مريم بأنها حصلت خلال شهرين على مبلغ يُعادل 45 ألف روبل روسي (حوالي ألف دولار) تغطية نفقات السفر الوهمي. \nووفقاً للقصة التي روتها مريم لوسائل الإعلام، بادر أحد المقاتلين بالكتابة إليها داعياً إياها للانضمام إليه.. وأخبرته مريم بأنها لا تملك ثمن تذكرة السفر، فأبدى الاستعداد لتزويدها بالمال.. وتركت النيابة العامة مريم حرّة في بيتها، ولم توجه إليها أية تهمة حتى الآن. \n",
    "date_extracted": "2015-07-31 03:47:12"
}