{
    "url": "http://www.al-jazirah.com/2015/20150727/ln69.htm",
    "title": "60 موهوبة يستكشفن الطاقة المستدامة في الرياض",
    "author": "الجزيرة - واس:",
    "content": "\nتشارك 60 طالبة موهوبة من المرحلة المتوسطة في برنامج موهبة الصيفي تحت شعار (مملكة الطاقة المستدامة) الذي انطلق اليوم في معرض مشكاة التفاعلي للمرة الرابعة على التوالي بإشراف مؤسسة الملك عبدالعزيز ورجاله للموهبة والإبداع (موهبة) في الرياض. \nوخُصص اليوم الأول لتهيئة الطالبات وتعريفهن بفريق العمل وأنشطة البرنامج ومرافق المعرض، إلى جانب فقرة كسر الحواجز، التي تتيح لفريق العمل التعريف بأنفسهم والتحاور مع الطالبات وتشويقهن بالبرامج الإثرائية والترفيهية التي تمت جدولتها ضمن أنشطة البرنامج. \nوأوضحت رئيس البرنامج شذى الصقر أن المعرض الذي يستمر ثلاثة أسابيع مبادرة من مدينة الملك عبدالله للطاقة الذرية والمتجددة، ويحتوي على عدد من المعروضات العلمية التفاعلية التي تشجع الزائر على خوض تجربة استخدامات مصادر الطاقة الذرية والمتجددة والتعرف عليها من خلال الاستكشاف الحر والمحتوى العلمي. \nمن جهتها، أشادت المشرفة في إدارة الموهوبين بوزارة التعليم العنود الجديعي على الدور التربوي والعلمي الذي يقدمه معرض مشكاة التفاعلي في استضافة برنامج موهبة الصيفي، وتوفير البيئة المناسبة للطالبات وتجهيز جميع المستلزمات الخاصة بالمسارات العلمية. \nونوهت بالدور المهم الذي يمكن لأولياء الأمور تقديمه في تحفيز فلذات أكبادهم وحثهم على المشاركة في مثل هذه البرامج، وتشجيعهم على حل وتجاوز العقبات التي قد تواجههم في بداية البرنامج. \n",
    "date_extracted": "2015-07-27 17:05:28"
}