{
    "url": "http://www.al-jazirah.com/2015/20150731/tf7.htm",
    "title": "لجنة أصدقاء المرضى الفريق النسائي يزور المرضى المنومين بأقسام مستشفى الملك سعود بعنيزة",
    "author": "عنيزة - فوزية النعيم:",
    "content": "\nقامت لجنة أصدقاء المرضى بمحافظة عنيزة ممثلة بالفريق النسائي بزيارة للمرضى المنومين بمستشفى الملك سعود الأقسام النسائية والأطفال ومشاركهتم أفراحهم بمناسبة عيد الفطر المبارك، وتقدمت اللجنة الطفلتان الأكثر شهرة على مستوى المنطقة، لانا الفراج ووصايف الجناحي وأيضاً بمشاركة أطفال العضوات، وذلك للتخفيف عنهم والاطمئنان عليهم، وتقديم الهدايا والتي تكفل بها عضو اللجنة الأستاذ عبدالعزيز الواصل للمرضى والعاملين بالمستشفى، وأكدت المديرة التنفيذية للفريق الأستاذة العنود المدلج أن هذه الزيارة تأتي امتداداً للبرامج والأنشطة التي تقوم بها اللجنة والتي تصب لصالح ودعم المرضى نفسياً واجتماعياً مؤكدةً سعي اللجنة لتقديم الدعم المعنوي والمادي للمرضى ومساعدتهم، وعبر المرضى المنومين عن بالغ شكرهم وتقديرهم لهذه اللفتة الإنسانية والبادرة الكريمة وبالأخص لجنة أصدقاء المرضى. \n",
    "date_extracted": "2015-07-31 03:46:29"
}