{
    "url": "http://www.al-jazirah.com/2015/20150731/sp8.htm",
    "title": "البرتغالي فيريرا: الزمالك استحق الفوز بالدوري المصري.. ولم أحسم مصيري معه ",
    "author": "القاهرة - مكتب الجزيرة - طارق محيي:",
    "content": " الزمالك\nحقق فريق نادي الزمالك بطل الدوري المصري، فوزاً شرفياً على طلائع الجيش بثلاثة أهداف لهدفين في المباراة المؤجلة من الجولة الـ21 للمسابقة. \nتقدم الزمالك بهدف أحرزه محمد هاشم لاعب الطلائع عن طريق الخطأ في مرماه في الدقيقة 12 وأضاف أحمد عيد الهدف الثاني في الدقيقة 14 ثم أحرز باسم مرسي الهدف الثالث في الدقيقة 75 في حين أحرز للطلائع محمد هاشم وإسلام كمال في الدقيقتين 50 و90. \nبهذا الفوز رفع الزمالك رصيده إلى 86 نقطة في حين تجمد رصيد طلائع الجيش عند النقطة رقم 52 بالمركز التاسع. \nوكان الزمالك قد توج باللقب عقب تعادل الأهلي أقرب منافسيه أمام سموحة بهدف لكل منهما ووصول الفارق إلى خمس نقاط ثم رفع الزمالك الفارق اليوم إلى ثماني نقاط ويتبقى مباراة وحيدة لكلا الفريقين. \nمن جانبه وجه البرتغالي جوزفالدو فيريرا، المدير الفني لفريق الزمالك، التهنئة للاعبي الفريق وجمهوره بعد حصد لقب الدوري الذي غاب عن الزمالك 11 عاما. \nوعن مصيره مع الأبيض، قال فيريرا إنه لم يتخذ قراره بعد من حيث بقائه في قيادة الفريق لموسم آخر أو رحيله وسيعقد جلسة مع الإدارة خلال الأيام المقبلة لتحديد موقفه مشيراً إلى أنه لديه رغبة في الاستمرار ولكن بعد عقد الجلسة مع إدارة الزمالك». \nوأعرب فيريرا خلال تصريحات صحفية عقب مباراة الزمالك مع طلائع الجيش الأربعاء عن سعادته بتحية الجماهير التي تواجدت في المدرجات له موجها لهم الشكر والتقدير. \nوأشار المدير الفني إلى أنه حزين لغياب الجماهير عن المباريات، مؤكداً أن لديه أهدافاً أخرى في بطولة كأس الاتحاد الإفريقي (الكونفيدرالية) في حالة استمراره في قيادة الفريق الأبيض. \nوعن مباراة طلائع الجيش: «الفرحة بالفوز بالدوري أثرت على تركيز لاعبي الزمالك وحزين لتلقي هدفين في المباراة ولكن الفوز بالدوري أسعدنا جميعا». \n",
    "date_extracted": "2015-07-31 03:47:24"
}