{
    "url": "http://www.al-jazirah.com/2015/20150727/ln33.htm",
    "title": "عمل الرس يقيم حفل معايدة لمنسوبيه",
    "author": "الرس - محمد الدخيل / تصوير - صالح العقيل:",
    "content": " من حفل المعايدة لمكتب العمل بالرس\nأقام مكتب العمل بمحافظة الرس حفل المعايدة السنوي لمنسوبي المكتب بحضور مدير المكتب الأستاذ خالد الدخيل، حيث تبادل الجميع التهاني والتبريكات بمناسبة عيد الفطر المبارك داعين الله عز وجل أن يديم على هذه البلاد أمنها ورخائها وأن يعيد العيد عليهم أعواماً عديدة وأزمنة مديدة، وهم في صحة وأمن وعافية ثم تناول الجميع الحلويات والمشروبات التي أعدت بهذه المناسبة وبعدها انطلق الجميع لمزاولة العمل بعد أن تمتعوا بإجازة عيد الفطر المبارك. \n",
    "date_extracted": "2015-07-27 17:06:14"
}