{
    "url": "http://www.al-jazirah.com/2015/20150801/ln20.htm",
    "title": "15 متطوعة يرسمن البسمة على محيا أيتام «الوداد» بمكة",
    "author": "جدة - عبدالقادر حسين:",
    "content": "\nبهدف رسم الابتسامة على وجوههم شاركت 15 متطوعة يمثلون فريق «لأجلك ياوطن» وفريق «إنسانيتي» التطوعي بالشراكة مع مبادرة «نرسم بسمتهم» تحت شعار «فرحتنا معهم» بتقديم الهدايا لـ50 طفلا وطفلة من أطفال جمعية الوداد الخيرية بمكة المكرمة. \nوقدم صبري الكثيري ، المشرف على مبادرة «نرسم بسمتهم» الرئيس التنفيذي لمثلث الألعاب شكره لجمعية الوداد الخيرية وفريق «لأجلك ياوطن» وفريق «إنسانيتي» التطوعي لشراكتهم مع المبادرة، مشيراً إلى أن مثل هذه الزيارات والفعاليات تتميز بإدخال السعادة على قلوب الأيتام وتحقيق الهدف التي تسعى إليه مبادرة «نرسم بسمتهم» عبر إدخال البهجة والسعادة على قلوب الأطفال وذويهم ورسم الابتسام على شفاههم وإبراز مظاهر الفرح. \nوأضاف بأن مبادرة «نرسم بسمتهم» المجتمعية التطوعية من مثلث الألعاب تتميز بشراكتها مع الجمعيات والمؤسسات الخيرية والفرق التطوعية بعدد من مدن ومحافظات المملكة. \n",
    "date_extracted": "2015-08-01 07:56:40"
}