{
    "url": "http://www.al-jazirah.com/2015/20150801/du6.htm",
    "title": "حماس تدعو إلى «الرد بقوة» على مقتل الطفل الفلسطيني حرقاً ",
    "author": "غزة - (أ ف ب):",
    "content": "\nدعت حركة المقاومة حماس امس الجمعة الى «الرد بقوة» على مقتل طفل فلسطيني حرقاً بأيدي مستوطنين في نابلس في شمال الضفة الغربية المحتلة، مطالبة بـ»قرارات دولية رادعة». \nوقال فوزي برهوم المتحدث باسم حماس لوكالة فرانس برس «المطلوب من كل أهلنا في الضفة الغربية الرد بكل قوة وبكافة أشكال المقاومة على هذا العدو الاسرائيلي وهذه الجرائم الصهيونية». \nواضاف برهوم ان «حكومة الاحتلال بتبنيها لكل اعمال العنف ضد الشعب الفلسطيني ووقوفها لجانب المستوطنين تتحمل المسؤولية الكاملة عن تداعيات هذه الجريمة الصهيونية الكبرى بحق أطفالنا». \nوشدد على ان «هذه الجريمة تستدعي قرارات دولية رادعة ضد العدوان الاسرائيلي». وتابع برهوم «هذه الجريمة مست مشاعر كل المسلمين في كل العالم وابناء الشعب الفلسطيني ولولا الصمت الدولي على جرائم الاحتلال في قطاع غزة وفلسطين لما تجرأ المستوطنون على ارتكاب هذه الجريمة». \n",
    "date_extracted": "2015-08-01 07:55:54"
}