{
    "url": "http://www.al-jazirah.com/2015/20150731/jd2.htm",
    "title": "قوانين احترام الذات ",
    "author": "",
    "content": "1. لاتقارن نفسك أو أوضاعك بالآخرين؛ فالمقارنة مستنقع أسن وشرك مميت وسم زعاف, يعطل قدراتك ويجعلك فريسة لذئاب الحسرة, خذ ما أتاك الله وكن من الشاكرين، وتأكد أن ما قد وهبك الله إياه أكثر بكثير مما فقدت وأنك تفوق الكثير ممن تتوهم تفوقهم عليك. \n\n2. تحدث مع نفسك بإيجابية فإن أعظم ما يؤثر عليك سلبا وإيجابا ذلك الصوت الداخلي والذي جل حديثه تذكير بالسقطات وتضخيم للصغائر وتهويل من المستقبل وتخويف من الإقدام فكن له بالمرصاد وأوقفه. \n\n3. تقبل نفسك تقبلًا غير مشروط، تقبل وزنك وشكلك، وأسرتك ووضعك المادي، وأي نقطة ضعف لديك ثم اعمل على تقويتها, وانظر لنفسك بفخر واعتزاز فأنت مسلم موحد قد كرمك الله واسجد لأبيك الملائكة وخلقك في أحسن تقويم. \n\n4. اكتب قائمة من صفاتك الطيبة وسجايا الجميلة كأن تكتب جملا مثل (أنا شخص كريم - لدي أسرة طيبة - أحب مساعدة الآخرين - لدي قوام جميل) فكتابتها تبين لك أي البشر أنت! \n\n5. تقبل الثناء ولا ترفضه بالتقليل من قدر منجزك أو إحالته للمصادفة فانعم بالثناء واستمتع به ولا ترفضه أو تضق به ورد على من أثنى عليك بشكر الله أولا ثم شكره . \n\n6. اشحن نفسك بالطاقة الإيجابية عن طريق مصاحبة الإيجابيين فلا شيء يستنز ف الطاقة مثل معاشرة المتشائمين وسارقي الطموح وعليك بصناعة تحديات ملهمة على نحو مستمر فهي شاحن كبير للطاقة ولا تغفل عن قراءة الكتب المحفزة. \n\n7. دوّن أهم منجزاتك في حياتك واجمع شهادات الشكر ودروع التقدير فمشاهدة الانجازات يقويك ويحفزك ويحسن من نظرتك للحياة ولنقسك ومحرضا على عطاء أكثر. \n\n8. قدم الخير للآخرين دون تردد، اجعل جزء من يومك للنصح أو التوجيه أو المساعدة فمشاعر من يعطي أروع بكثير من مشاعر الآخذ. \n\n9. حول إخفاق اليوم إلى انتصار الغد واقلب ندم الأمس إلى أهداف اليوم ،اترك كلمة (لو كان كذا) و(ياليتني فعلت كذا) فلا زال لديك متسع والفرص أمامك. \n\n10. لا تبالغ في العناية بالآخرين على حساب صحتك و وقتك ومشاريعك وارفض تنفيذ ما تجزم أنه يتجاوز طاقتك أو خارج نطاق مسئولياتك، ولا تتقبل الإجبار، أو إلغاء شخصيتك. \n\n11. ضع لك قائمة من الأهداف ولا تتوان عن تحقيقها وفق جدول منظم غير قابل للاستثناء. \n\n12. كن طيبًا مع نفسك، رقيقًا في حال الزلل، وتعاملْ معها كما يتعامل الأب الرفيق مع ابنه ويتحمله، إلا أن هذا لا يمنع من المساءلة والمعاتبة، والعمل على تطويرها والارتقاء بها. \n\n13. قم بسلسلة من المنجزات الصغيرة؛ فهو من أروع الطرق المعينة على إقامة علاقة حب مع النفس، وهو ما يدفع للقيام بأعمال أعظم. ثم كافئ نفسك بعد كل منجَز تقدمه أو هدف تحققه. \n\n14. علِّم الآخرين كيف يتعاملون معك، واحرص على تلقينهم الأفكار والتصرفات الإيجابية، وأرسل لهم الرسائل التي تفيد بأهميتك في الحياة، وأهمية أن يحترموك. \n\n",
    "date_extracted": "2015-07-31 03:46:12"
}