{
    "url": "http://www.al-jazirah.com/2015/20150731/ln35.htm",
    "title": "مدير تعليم  المجمعة يدشن حساب الإدارة في تويتر",
    "author": "المجمعة - صالح الدهش:",
    "content": " مدير التعليم خلال التدشين\nدشن مدير التعليم بمحافظة المجمعة د. صالح الربيعة الصفحة الرئيسية للحساب الرسمي لإدارة التعليم في محافظة المجمعة على موقع التواصل الاجتماعي «تويتر».. حيث كانت أول تغريدة لمدير التعليم بعنوان: (بسم الله.. هذا الحساب لتعزيز تواصل الإدارة وتفاعلها مع مجتمعها الداخلي والخارجي وتدعيم الشفافية الإدارية فيها). \nوأوضح مدير الإعلام التربوي عبدالله العفيصان، أن افتتاح الحساب يأتي تنفيذاً لخطة الإدارة الرامية إلى توسيع دائرة الاستفادة من تغطياتها الإعلامية للبرامج والفعاليات التربوية المختلفة، وذلك من خلال نشر التجارب والإنجازات المتميزة في المجالات كافة وعنوان الحساب: @majmaah_edu. \n",
    "date_extracted": "2015-07-31 03:48:39"
}