{
    "url": "http://www.al-jazirah.com/2015/20150801/ln60.htm",
    "title": "المملكة تشارك في مؤتمر حول الآفاق الجديدة في العلوم الأساسية والتطبيقية",
    "author": "القاهرة - مكتب الجزيرة - علي البلهاسي:",
    "content": "\nتشارك المملكة في فعاليات المؤتمر الدولي الثاني للآفاق الجديدة في العلوم الأساسية والتطبيقية الذي انطلقت فعالياته أمس الجمعة بمدينة الغردقة و تنظمه كلية العلوم بجامعة الأزهر فرع أسيوط، ويستمر حتى السادس من أغسطس المقبل.و تتناول محاور المؤتمر عدة نقاط أهمها «تطور الكيمياء وتأثيرها في الحياة وعلوم الأرض والتطور المستقبلي والأبحاث المتقدمة في العلوم الزراعية وفي علم الحيوان». سيشارك في المؤتمر والمراكز البحثية، حيث سيشارك في المؤتمر ما يزيد على 500 عالم متخصص من 38 دولة أجنبية وعربية، من بينهم الولايات المتحدة الأمريكية والمملكة المتحدة وألمانيا وروسيا وإسبانيا وتركيا والسعودية والكويت وجنوب إفريقيا والكاميرون والمغرب. ويهدف المؤتمر إلى توسيع التعاون بين الكلية والجامعات والمراكز البحثية الأخرى، وتعريف شباب الباحثين المشاركين في المؤتمر على كل ما هو جديد وقائم في مختلف مجالات المؤتمر، مما سيدفعهم لمواكبة التطور الهائل الذي سيرونه خلال ندوات المؤتمر وإخراج منتج علمي بحثي ذو قيمة عالية ترتقي به الجامعة إلي مثيلاتها من الجامعات القوية على مستوى العالم. \n",
    "date_extracted": "2015-08-01 07:56:31"
}