{
    "url": "http://www.al-jazirah.com/2015/20150731/sp24.htm",
    "title": "برناوي الوحدة يقترب من التجديد ",
    "author": "مكة - بسام اللحياني:",
    "content": " عبدالخالق برناوي\nوصلت إدارة نادي الوحدة ممثلة بالأستاذ هشام مرسي الى اتفاق بنسبة 80% مع لاعب الفريق الأول الكابتن عبدالخالق برناوي بخصوص تجديد العقد لموسمين حيث اتفق اللاعب مع الادارة على التجديد مقابل مليون وثمانمئة الف ريال في السنة إضافة إلى مطالبة اللاعب باستلام كامل مستحقاته المالية المتأخرة والبالغة 400 الف ريال بالإضافة إلى الرواتب إلا أن هذه المطالبة قوبلت برفض الإدارة التي أبلغته صراحة عن عدم مقدرتها دفع المتأخرات حالياً وطالبت اللاعب بضرورة إمهال النادي فرصة حتى يبدأ تاريخ العقد الجديد. الجدير بالذكر أن اللاعب يملك عرض جاد من أحد أندية العاصمة لا يقل عن العرض الوحداوي وفي حال لم تنجح المفاوضات الوحداوية ربما ستكون وجهة اللاعب تجاه النادي العاصمي. \n",
    "date_extracted": "2015-07-31 03:45:42"
}