{
    "url": "http://www.al-jazirah.com/2015/20150727/ln18.htm",
    "title": "صحة الأحساء تؤكد وقوفها بحزم تجاه الفساد ",
    "author": "الأحساء - عايدة بنت صالح:",
    "content": "\nأصدرت صحة الأحساء بياناً تفيد فيه، أنه وإشارة إلى ما تم تداوله في بعض الوسائل الإعلامية على لسان المتحدث الرسمي للهيئة الوطنية لمكافحة الفساد «نزاهة» عبدالرحمن العجلان، عن ثبوت تورط أشخاص في قضايا فساد بعد إحالتهم لجهات الادعاء، ومن بينهم أحد موظفي الشؤون الصحية بمحافظة الأحساء، فإن صحة الأحساء ومن مبدأ الشفافية والأمانة تتقدم أولاً بوافر الشكر إلى الهيئة الوطنية لمكافحة الفساد «نزاهة» للجهود المبذولة في مكافحة الفساد بشتى صوره. وصحة الأحساء تشدد دائماً على رفضها لأوجه الفساد ومظاهرة وأساليبه ومحاربتها هذا الداء لتؤكد حرصها على القيام بمسؤولياتها في حماية المال العام تحقيقاً لتطلعات ولاة أمرنا، ومن ذلك مبادرتها ومقام وزارة الصحة بتزويد «نزاهة» بالمعلومات التي من شأنها كشف ذلك كما ورد في بيان الهيئة، وتؤكد أنه لن يكون هناك مجال لمثل هذه الأمور، وإن وجدت فسوف تكون شاذة ويتم التعامل معها بقوة ونظام. \n",
    "date_extracted": "2015-07-27 17:06:02"
}