{
    "url": "http://www.al-jazirah.com/2015/20150731/ln43.htm",
    "title": "ناشئة مهرجان القطيف يساهمون في الحفاظ على البيئة",
    "author": "القطيف - عيسى الخاطر:",
    "content": " جانب من إحدى مشاركات متطوعي المهرجان\nأطلق متطوعو مهرجان القطيف «واحتنا فرحانة 6» الذي تنظمه أمانة المنطقة الشرقية والمخصصة للمتطوع الناشئ وعبر ركن مشاكل وحلول أفكار جديدة لكيفية تدوير المواد المختلفة المحيطة بِنَا. حيث قام الركن بتثقيف الزوّار بأضرارها وأهمية الاستفادة منها وتحويلها إلى أشياء قابلة للاستخدام وجمالية بنفس الوقت إضافة لأهمية تدويرها. وطرح الركن بعض الأفكار الّتي نستطيع بها تحويل المواد لأشكال جمالية يستفاد ككيفية تحويل أغطية المياه الغازية لألعاب أو أشكال لتزيين غرف الأطفال والحدائق. وقدم الركن حلاً لمشكلة قشر الفواكه والخضروات، حيث قدم بعض الحلول البسيطة كعمل حفرة بالقرب من الأشجار ودفنها هناك فتتحول مع العوامل البيئية إلى سماد مفيد لها ولنموّها. \nولإيصال المعلومة، اُستخدم الركن العامل البصري حيث ركز على إيضاح الأفكار عبر صور مختلفة لمواد تم إعادة تدويرها بشكل بسيط وسهل وغير مكلف. \n",
    "date_extracted": "2015-07-31 03:48:22"
}