{
    "url": "http://www.al-jazirah.com/2015/20150731/ln80.htm",
    "title": "سعوديون ومصريون يغردون عبر موقع التواصل الاجتماعي ترحيباً بزيارة ولي ولي العهد لمصر",
    "author": "القاهرة - سجى عارف:",
    "content": "\nدشن رواد تويتر هاشتاق مصر للترحيب بصاحب السمو الملكي الأمير محمد بن سلمان بن عبدالعزيز آل سعود ولي ولي العهد النائب الثاني لرئيس مجلس الوزراء ووزير الدفاع بعد حضوره أمس حفل تخريج دفعات جديدة من الكليات العسكرية (الكلية الحربية والفنية العسكرية والمعاهد العسكرية), حيث غرد سعوديون قائلين: «جنرال ومهندس عاصفة الحزم يحتفل مع بواسل مصر الأفراح», كما عبّروا عن سعادتهم بجو الترحيب بالأمير محمد بن سلمان قائلين: «شكرًا شعب مصر.. شكرًا للقيادة المصرية.. فترحيبكم الجميل بأحد قادتنا الأجلّاء، ترحيب لنا جميعًا», وغرد المصريون برسائل ترحيب, حيث غرد مواطن مصري مقيم بالسعودية قائلا: «هل جاء الوقت ليتساقط لحم وجوه بعض الجماعات خجلاً، أو يقتلون أنفسهم حياءً لتلك الروح الطيبة بين الأشقاء في السعودية ومصر, واعتبر عدد كبير من المشاركين في الهاشتاق أن حضور الأمير محمد بن سلمان حفل تخريج دفعات جديدة من الكليات العسكرية هو «ضربة معلم» للمغرضين الذين يحاولون إثارة القلاقل بين البلدين. \n",
    "date_extracted": "2015-07-31 03:47:42"
}