{
    "url": "http://www.al-jazirah.com/2015/20150727/ln35.htm",
    "title": "تعليم الزلفي يُعايد منسوبيه",
    "author": "الزلفي - خالد العطا الله / تصوير - أحمد العيد:",
    "content": "\nاحتفل منسوبو إدارة التعليم في محافظة الزلفي بمناسبة عيد الفطر المبارك، وذلك بحضور المساعد لتعليم البنين الأستاذ سليمان الخمشي، حيث تم خلال اللقاء الذي أقيم في القاعة الرئيسة بمبنى الإدارة تبادل التهاني والتبريكات بهذه المناسبة.وأوضح مدير العلاقات العامة داود الجميل، أن إقامة لقاء المعايدة لمنسوبي التعليم يهدف إلى تعميق روح الألفة بين العاملين في أقسام الإدارة، واستشعار أهمية هذه الشعيرة العظيمة في ديننا الحنيف. \n",
    "date_extracted": "2015-07-27 17:05:48"
}