{
    "url": "http://www.al-jazirah.com/2015/20150801/fe14.htm",
    "title": "جائزة الباحة للإبداع والتفوق تطرح فئات جديدة لفرع الأداء المتميز",
    "author": "الباحة - واس:",
    "content": "\nطرحت جائزة الباحة للإبداع والتفوق لهذا العام، ( 4 ) فئات لفرع جائزة الأداء المتميز «النسخة الثانية» للجائزة في دورتها الرابعة. \nوأوضح أمين عام الجائزة سعيد بن محمد مخايش، أن الفئات التي سيشملها فرع الأداء المتميز هي جائزة الجهة الحكومية المتميزة ،جائزة التميز الوظيفي الحكومي – للأفراد ، جائزة الجهة الأمنية المتميزة ، جائزة التميز الوظيفي الأمني – للأفراد. إلى ذلك عقدت لجنة فرع الأداء المتميز اجتماعها التحضيري برئاسة رئيس اللجنة الدكتور سفر بن عبدالله الحلي وحضور أعضائها، وذلك بمقر الكلية التقنية بالباحة ، حيث أعلن انطلاق فرع الأداء المتميز في نسخته الثانية للجائزة في دورتها الرابعة لعام 1436هـ. \nوبين الدكتور الحلي، أن المجتمعين ناقشوا آلية عمل اللجنة والترشيح للجائزة ومعايير فئاتها في النسخة الثانية، مبيناً أنه تم إقرار تعديل بعض إجراءات الترشح للجائزة والفرز، فيما بدأت اللجنة يوم أمس استقبال طلبات الترشح للجائزة عبر موقعها الإلكتروني albaha-award.org.sa ، ولمدة شهر. \n",
    "date_extracted": "2015-08-01 07:55:00"
}