{
    "url": "http://www.al-jazirah.com/2015/20150801/ln29.htm",
    "title": "«سياحة الأحساء» تضبط مخالفات في فنادق الطرق بخريص وحرض",
    "author": "الأحساء - عايدة بنت صالح:",
    "content": "\nضبط مفتشو الإيواء السياحي في الأحساء مؤخراً مخالفات في عدد من فنادق الطرق «موتيلات» بمركزي حرض وخريص. \nوقال وليد الحسين، مدير عام فرع الهيئة العامة للسياحة والتراث الوطني في الأحساء: بأن فريقي تفتيش من إدارة التراخيص بالفرع قاما بزيارتين إلى حرض وخريص خلال هذا الأسبوع، للوقوف على مرافق الإيواء في المركزين، وتم ضبط واستدعاء أصحاب فنادق الطرق «الموتيلات» المخالفة بخصوص مزاولة النشاط بدون الحصول على التراخيص. وكشف أن فرع الهيئة رخص حتى رمضان الماضي في المحافظة لـ(6) فنادق و(66) وحدة سكنية مفروشة، و(5) فنادق طرق «موتيلات»، و(4) شقق فندقية، و(2) نزل سياحي، و(17) منظم رحلات سياحية، و(48) وكالة سفر وسياحة، و(42) مرشد سياحي. \n",
    "date_extracted": "2015-08-01 07:56:43"
}