{
    "url": "http://www.al-jazirah.com/2015/20150731/du7.htm",
    "title": "رئيس الوزراء البريطاني يتعهد بترحيل المزيد من المهاجرين",
    "author": "لندن - د ب أ:",
    "content": "\nتعهد رئيس الوزراء البريطاني ديفيد كاميرون أمس الخميس بترحيل المزيد من المهاجرين الذين يصلون إلى بريطانيا بصورة غير قانونية ، وذلك مع استمرار محاولات مئات المهاجرين الذين تقطعت بهم السبل في ميناء كاليه الفرنسي الوصول إلى القنال الإنجليزي الذي يربط بين الدولتين. وقال كاميرون للصحفيين خلال زيارته إلى فيتنام إنه رغم صعوبة الوضع الراهن ، مع وجود آلاف المهاجرين الراغبين في الوصول إلى بريطانيا من كاليه ، إلا أن البلاد لن تصبح «ملاذاً آمناً». ونقلت هيئة الإذاعة البريطانية (بي. بي. سي) عنه القول إن بريطانيا والدول الأوروبية الأخرى تواجه «زحفاً من أشخاص قادمين عبر البحر المتوسط ، يرغبون في حياة أفضل». وأضاف كاميرون : «إلا أننا بحاجة لحماية حدودنا يداً بيد مع جيراننا ، الفرنسيين ، وهذا هو ما نفعله تماماً». وقال إنه سيتم ترحيل المزيد من المهاجرين غير الشرعيين من بريطانيا حتى يعلم الناس أنها «ليست ملاذاً آمناً». \n",
    "date_extracted": "2015-07-31 03:45:35"
}