{
    "url": "http://www.al-jazirah.com/2015/20150801/ln9.htm",
    "title": "وكيل إمارة منطقة الباحة يفتتح المجمع الدعوي ويدشن الملتقى الصيفي الـ(13)",
    "author": "الباحة - واس:",
    "content": "\nافتتح وكيل إمارة منطقة الباحة الدكتور حامد بن مالح الشمري أمس المجمع الدعوي في مركز وراخ التابع لمحافظة العقيق، ودشن فعاليات الملتقى الدعوي الصيفي الـ 13، وذلك بمقر المركز. وتجول الشمري والحضور في المجمع المقام على مساحة 30 ألف متر مربع وبتكلفة تجاوزت 6 ملايين ريال، ويضم مبنى إدارياً مكوناً من دورين ومجلس «أغلى وطن» للاستقبال، وعدد 3 وحدات سكنية للضيوف ومركزًا ثقافياً ورياضياً يشمل صالة مغلقة تتسع لأكثر من 400 شخص، وملعب لكرة القدم وآخر للطائرة، ومسجداً ومغسلة للأموات. بعد ذلك قام الدكتور الشمري بافتتاح مبنى المكتب التعاوني للدعوة والإرشاد وتوعية الجاليات في وراخ، وتجول في أقسامه التي تضم مركزًا للتدريب وتوعية الجاليات، ومعرض الوسائل الدعوية، وإدارة التطوير وتقويم الأداء، والدعوة النسائية، إضافة إلى الأقسام الإدارية والمالية. واستمع لشرح عن برامج المكتب، واطلع على المعرض المصاحب الذي يضم العديد من اللوحات والأنشطة الدعوية. عقب ذلك بدئ الحفل الخطابي بالقرآن الكريم ثم ألقى رئيس مجلس إدارة المكتب التعاوني للدعوة والإرشاد في وراخ الدكتور حزام بن سعد الغامدي كلمة بين فيها دور المكتب في الدعوة إلى الله وجهوده في ذلك. عقب ذلك شاهد الجميع فيلماً وثائقياً بعنوان «الحلم الذي أصبح حقيقة» استعرض منجزات المكتب منذ إنشائه حتى افتتاح المجمع. أثر ذلك ألقيت كلمة فرع وزارة الشؤون الإسلامية في المنطقة، ألقاها مساعد مدير عام الفرع نواف الغامدي، أكد فيها أهمية الجهود المجتمعية في خدمة الدين والوطن، معربًا عن شكره لسمو أمير المنطقة على دعمه للمناشط الدعوية بالمنطقة، ولوكيل الإمارة على حرصه ومتابعته للمناهج الدعوية، ولجميع الداعمين لأنشطة المكتب والعاملين به على جهودهم البارزة. وفي ختام الحفل كرم الداعمين، فيما تسلم وكيل الإمارة درعاً تذكارياً بهذه المناسبة. حضر الحفل محافظ العقيق غلاب العتيبي ومدير شرطة العقيق العقيد فيصل الغامدي. \n",
    "date_extracted": "2015-08-01 07:56:50"
}