{
    "url": "http://www.al-jazirah.com/2015/20150727/ln5.htm",
    "title": "الأرصاد تغرم 30 منشأة صناعية مخالفة للبيئة",
    "author": "جدة - واس:",
    "content": "\nغرمت الرئاسة العامة للأرصاد وحماية البيئة (30) منشأة مخالفة للاشتراطات والمقاييس والمعايير البيئية، شملت منشآت صناعية ومصانع بمنطقة مكة المكرمة وجازان وعسير والمدينة المنورة. \nوأوضح الوكيل المساعد لشؤون البيئة الدكتور حاتم المطيري، أن الغرامات تنوعت ما بين مخالفة مالية وأمر إغلاق حتى يتم تصحيح الوضع البيئي للمنشأة، مشيراً إلى أن هذه الغرامات تأتي ضمن جهود الرئاسة في تطبيق النظام العام للبيئة في المملكة ولوائحه التنفيذية، والتأكد من التزام جميع المنشآت الصناعية والتنموية بالاشتراطات والمقاييس والمعايير المعمول بها في المملكة. \n",
    "date_extracted": "2015-07-27 17:05:36"
}