{
    "url": "http://www.al-jazirah.com/2015/20150731/lp1.htm",
    "title": "عمالة تحرق سيارتين.. وتعتدي على الممتلكات ",
    "author": "الجزيرة - سعود الشيباني:",
    "content": "\nفتحت الأجهزة الأمنية بشرطة منطقة الرياض صباح أمس الخميس ملف تحقيق مع عدد من العمالة من الجنسية الآسيوية بعد قيامهم بإحراق سيارتين، لحظة مباشرة دوريات الأمن لحادث وفاة مقيم دهسا تحت عجلات باص تابع لإحدى الشركات شرق العاصمة الرياض. وأكدت مصادر لـ»الجزيرة» أن دوريات الأمن لحظة مباشرتهم حادث الدهس فوجئوا بقيام عدد من العمالة من جنسيات مختلفة بالتجمهر وإتلاف عدد من السيارات التابعة لإحدى الشركات وقلبها مما استدعى حضور عدد من فرق قوات الطوارئ الخاصة وقوات المهمات والواجبات الخاصة بشرطة منطقة الرياض ودوريات الأمن والدفاع المدني لإخماد الحريق الذي افتعلته العمالة، وكذلك الحد من خطورة العبث الذي نفذه عدد من العمالة. وأكدت مصادر عن تواجد ثلاثة قياديين يحملون رتبة لواء في مسرح الحادثة وتم القبض على عدد من العمالة كذلك تم نقل جثمان المتوفى لثلاجة الموتى وتطويق مسرح الحادثة بعدد من رجال الأمن. \nوما زال التحقيق جارياً في حالتي الدهس والاعتداء على الممتلكات. \n",
    "date_extracted": "2015-07-31 03:45:39"
}