{
    "url": "http://www.al-jazirah.com/2015/20150731/ln33.htm",
    "title": "جولة تفقدية على المشاريع الصحية بحفر الباطن",
    "author": "القيصومة - خليف الزناتي:",
    "content": "\nقام مدير الشئون الصحية المكلف بحفر الباطن عادي العادي، بجولة تفقدية للمشاريع الصحية بالمحافظة، حيث اشتملت الجولة الوقوف على آخر التطورات لمبنى مركز طب الأسنان التخصصي وبنك الدم. \nووجه العادي، بضرورة إجادة العمل والانتهاء خلال الفترة الزمنية المحددة بالعقود ليستفيد من هذه المشاريع أهالي المحافظة بأسرع وقت ممكن. من جانبه أوضح الناطق الإعلامي لصحة حفر الباطن عبد العزيز العنزي، أن نسبة الانتهاء من مشروع بنك الدم بلغت 80% والذي لا يقل أهمية عن مركز طب الأسنان، حيث تم تشكيل لجنة لاستلام المشروع برئاسة المساعد للمشاريع، وعضوية نخبة من المهندسين والاستشاريين والمقاول بجميع تخصصاتهم المعمارية والإنشائية والكهربائية والميكانيكية ، وجار أعمال تركيب الأرضيات والتكييف والأبواب والدهانات وأعمال السور والواجهات. \n",
    "date_extracted": "2015-07-31 03:47:57"
}