{
    "url": "http://www.al-jazirah.com/2015/20150731/du8.htm",
    "title": "رئيس بلدية روما يحذر من وقوع أعمال إرهابية",
    "author": "روما - أ ف ب:",
    "content": "\nحذر رئيس بلدية روما أنياسيو ماريانو أمس الخميس من «المخاطر الملموسة لوقوع أعمال إرهابية» في العاصمة الإيطالية خلال اليوبيل (السنة المقدسة) الذي قرره البابا فرنسيس من كانون الأول - ديسمبر 2015 إلى تشرين الثاني - نوفمبر 2016. \nوقال ماريانو في مقابلة مع صحيفة كورييرا ديلا سييرا، «أنه اليوبيل الأول الذي يجرى منذ 11 أيلول - سبتمبر 2001 وفي حقبة تنظيم داعش. وأضاف: إن كل المؤشرات المتوفرة لدينا من أجهزة الاستخبارات الأميركية، ومن رؤساء بلديات أميركيين تحدثت معهم في الفترة الأخيرة، تفيد بوجود مخاطر ملموسة بوقوع أعمال إرهابية في إيطاليا وفي روما. \nواليوبيل أو السنة المقدسة، تقليد تنظمه الكنيسة كل 25 سنة من حيث المبدأ.. ومع أن ماريانو لم يحدد هوية مصادره، إلا أنه التقى قبل أسبوع خلال اجتماع عقد في الفاتيكان حول حماية البيئة والتصدي للعبودية، عدداً كبيراً من رؤساء البلديات الأميركيين ومنهم رئيس بلدية نيويورك. \nوشدد ماريانو من جهة أخرى على أن شرطة البلدية وحدها لا تكفي لحماية العاصمة من الإرهاب، في ما يشكل دعوة صريحة إلى الحكومة لتقديم الدعم، بينما خزائن المدينة فارغة وتعاني من تدهور وضع البنى التحتية والخدمات العامة. \n",
    "date_extracted": "2015-07-31 03:47:08"
}