{
    "url": "http://www.al-jazirah.com/2015/20150801/ec6.htm",
    "title": "التاجر العماني يحقق 90 ألف ريال من الموسم السياحي بعسير",
    "author": "أبها - عبدالله الهاجري:",
    "content": "\n يشارك عدد من الباعة العُمانيين في الموسم السياحي بمنطقة عسير، وذلك من خلال عرض المنتجات التي تشتهر بها السلطنة. \nويستعرض الباعة العُمانيون عدداً من المنتجات، وفي مقدمتها الحلوى العمانية، والبخور، وجوز الهند، وذلك في العديد من المواقع والمتنزهات وتحديداً في متنزه السودة، حيث يلحظ الزائر والسائح تواجدهم أمام معروضاتهم بلباسهم التقليدي المعروف، ويسهمون في إثراء الحركة الاقتصادية. \nويحظى البائع العُماني بثقة المتسوقين التي يلمسونها منه أثناء التعامل في البيع، فمنذ عشر سنوات وهم يستهدفون موسم الصيف في منطقة عسير، ويقدمونها لزوارها، مشيرين إلى أنهم يستعدون للموسم مبكراً ليحطوا رحالهم قبل شهرين من دخول الموسم، وذلك عبر الانتقال براً بمركباتهم الثقيلة المحملة بتلك المنتجات. \nمن جانبه، أشار سالم بن خلفان القريني - وهو من أقدم العمانيين المتواجدين في السودة - إلى أن المعروضات تمتاز أنها من الصنع المنزلي، وفي مقدمتها الحلوى المصنوعة من الزعفران والهيل والسمسم، حيث تجد هذه البضاعة رواجاً كبيراً، وتتراوح أسعارها من 30 إلى 60 ريالاً، لافتاً إلى أن عصير جوز الهند يأتي في المرتبة الثانية، نظراً لفوائده الصحية، إذ تبلغ قيمته عشرة ريالات، فيما يأتي البخور في المرتبة الثالثة في سجل الأكثر من مبيعاً من المنتجات. \nوأوضح البائع سعيد بن سالم أنه أحضر تسعة سيارات ثقيلة في كل سيارة ما بين 1500 و2000 حبة من جوز الهند والحلوى العمانية، تصل إلى 200 كيلو جرام من كل نوع، مشيراً إلى أن المنتجات تشهد إقبالاً واسعاً من الزائرين، لافتاً إلى أن العمل يبدأ يومياً من الساعة العاشرة صباحاً وحتى السابعة مساء. \nبدوره، أكد البائع العماني أمجد أن المبيعات تتجاوز 90 ألف ريال في الموسم السياحي للشخص الواحد، مبيناً أن منطقة عسير تمتلك مقومات سياحية، ما شجعه على القدوم إليها. \n",
    "date_extracted": "2015-08-01 07:53:53"
}