{
    "url": "http://www.al-jazirah.com/2015/20150801/sp5.htm",
    "title": "الفيحاء يتعادل مع ساكارا التركي والتأشيرات تؤخر وصول الأجانب",
    "author": "المجمعة - عمار العمار:",
    "content": "\nضمن استعداداته بمعسكره الحالي بتركيا خاض الفريق الفيحاوي ثالث مبارياته الودية التي كانت أمام فريق ساكارا قازا نتيف التركي الصاعد حديثا لدوري الدرجة الثانية وانتهت المباراة بالتعادل السلبي بلا أهداف وحرص السيد خليل المصري على الوقوف على فريقه بشكل أكبر من النواحي التكتيكية بالاعتماد على طريقة 4-5-1 مع تدوير على مستوى اللاعبين، وشهد اللقاء ارتفاعاً في المستوى خصوصاً في الشوط الثاني الذي شهد عدة تغييرات فيحاوية فيما غابت الأهداف من الطرفين. \nمن جانب آخر واصل الثلاثي مكبش ومادو واليامي برنامجهم العلاجي مع طبيب النادي باسم شتيوي، فيما أدت الإجراءات الرسمية المشددة على الأفارقة في تركيا إلى تأخر وصول المحرفين الأجانب، وينتظر وصول أحد المحترفين بعد تسلمه لتأشيرة الدخول وسيصل لمقر البعثة خلال اليومين القادمين ومن المتوقع أن يلحق على آخر مواجهات الفريق الودية على أن يكمل تجربته مع الفريق بالمجمعة. \n",
    "date_extracted": "2015-08-01 07:56:05"
}