{
    "url": "http://www.al-jazirah.com/2015/20150731/ln39.htm",
    "title": "«جوازات الجوف» تشارك في مهرجان كاف 36 بالقريات",
    "author": "الجوف - مكتب الجزيرة:",
    "content": "\nبإشراف من مدير جوازات منطقة الجوف، العميد الدكتور خالد الهويش، شاركت الجوازات ضمن المعارض المصاحبة لمهرجان كاف 36 والمقام بقرية كاف التراثية بمحافظة القريات، حيث شهد جناح الجوازات إقبالاً كبيراً جداً من زوار المهرجان. \nففي أول أيام المهرجان شارك القائمين على المعرض الزوار فرحة العيد، وذلك بتقديم الحلوى والورود والضيافة التي تستمر طوال أيام المهرجان، كما تم توزيع مجلات ومطويات ومنشورات إرشادية للزوار. \nيذكر أن الجوازات أتاحت الفرصة لزوار المهرجان الراغبين بالتسجيل في خدمة أبشر، حيث تم خلال الأيام الماضية تسجيل أكثر من 500 مواطن في الخدمة، صرح بذلك المتحدث الإعلامي للجوازات العقيد عبدالمنعم الحيزان. \n",
    "date_extracted": "2015-07-31 03:47:59"
}