{
    "url": "http://www.al-jazirah.com/2015/20150727/ln13.htm",
    "title": "تعليم تبوك يبدأ إجراء المقابلات الشخصية لمعلمي وموجهي المنطقة",
    "author": "تبوك - واس:",
    "content": "\nبدأت الإدارة العامة للتعليم بمنطقة تبوك أمس، بإجراء المقابلات الشخصية للمعلمين الجدد المعينين والموجهين لمدارس المنطقة البالغ عددهم ( 501 ) معلم، وذلك بمبنى إدارة الشؤون المدرسية. \nوأوضح مدير إدارة شؤون المعلمين بتعليم تبوك صالح بن إبراهيم أبو هاشم, أنه تم توزيع المعلمين الجدد على 4 مجموعات على مدى 4 أيام، مشيراً إلى انه يبدأ استقبال المعلمين بلجنة المطابقة وفرز الأوراق، ثم لجان المقابلة الشخصية في مختلف التخصصات التربوية، يليها لجنة الموظفين لتعبئة النماذج الوظيفية ومسوغات التعيين والكشف الطبي. \nوأفاد أن هذه اللجان تم تشكيلها لاستقبال المعلمين الجدد وإنهاء إجراءاتهم من إدارة شؤون المعلمين وإدارة الإشراف التربوي وإدارة شؤون الموظفين بتعليم تبوك. \n",
    "date_extracted": "2015-07-27 17:06:25"
}