{
    "url": "http://www.al-jazirah.com/2015/20150731/sp11.htm",
    "title": "سان جرمان يسدل الستار على كأس الأبطال بإسقاطه يونايتد 2 - صفر",
    "author": "شيكاغو - (أ ف ب):",
    "content": "\nأسدل الستار على بطولة كأس الابطال الدولية الودية بشقها الاميركي الشمالي بفوز باريس سان جرمان الفرنسي على مانشستر يونايتد الانكليزي 2 - صفر على ملعب «سولدجر فيلد» في شيكاغو. ويدين سان جرمان الذي يتجه للاعلان في الساعات القليلة المقبلة عن ضم جناح يونايتد الارجنتيني انخل دي ماريا، بفوزه الثالث في هذه البطولة الودية التي توزعت هذا الموسم بين أربع قارات؛ حيث أقيمت بعض المباريات في استراليا وأخرى في الصين أيضا على أن تختتم في أوروبا في الثاني والخامس من الشهر المقبل، إلى بلايز ماتويدي والسويدي زلاتان ابراهيموفيتش اللذين حسما اللقاء في الشوط الاول. وكان سان جرمان بدأ جولته الاميركية الشمالية بالفوز على بنفيكا البرتغالي (3-2) ثم فيورنتينا الايطالي (4-2) قبل ان يتعادل مع تشلسي الانكليزي (1-1) الذي حسم اللقاء بركلات الترجيح. اما يونايتد، فدخل مباراته مع فريق مدافعه السابق لوران بلان على خلفية ثلاثة انتصارات متتالية حققها على اميركا المكسيكي (1 -صفر) وسان خوسيه اورثكوايكس الاميركي (3-1) وبرشلونة بطل اسبانيا واوروبا (3-1)، لكن دفاعه بدا مهزوزا بمواجهة بطل فرنسا الذي افتتح التسجيل في الدقيقة 25 عبر ماتويدي اثر تمريرة من البرازيلي لوكاس، ثم اضاف الهدف الثاني في الدقيقة 34 بواسطة ابراهيموفيتش اثر تمريرة عرضية من البرازيلي الآخر ماكسويل. وبقيت النتيجة على حالها في الشوط الثاني الذي شهد، وكما كانت الحال منذ انطلاق البطولة التي تصدرها سان جرمان في نهاية المطاف بفارق الاهداف المسجلة عن نيويورك ريد بولز الاميركي (10 نقاط لكل منهما)، تغييرات بالجملة للفريقين اللذين يتحضران لبدء مشوار الدوري المحلي؛ حيث يبدأ سان جرمان حملة الدفاع عن لقبه في السابع من الشهر المقبل ضد ليل خارج قواعده، فيما يبدأ رجال المدرب الهولندي لويس فان غال مشوارهم على ارضهم ضد توتنهام. \n",
    "date_extracted": "2015-07-31 03:47:25"
}