{
    "url": "http://www.al-jazirah.com/2015/20150801/fe17.htm",
    "title": "نزلاء التأهيل الشامل بحفر الباطن يعتمرون",
    "author": "حفر الباطن - مبارك البوادي:",
    "content": " النزلاء في رحاب الكعبة المشرفة\nأدى مسؤولو ونزلاء مركز التأهيل الشامل بحفر الباطن العمرة بدعم من الغرفة التجارية بالمحافظة، والتي ساهمت في هذه الرحلة لتكن هدية لنزلاء المركز، لتقوية الروابط والمحبة بين أعضاء المركز.. وقد رافق النزلاء عضو المجلس المحلي الأستاذ يوسف الشمري، ومشرف الأنشطة نواف العنزي. \n",
    "date_extracted": "2015-08-01 07:55:01"
}