{
    "url": "http://www.al-jazirah.com/2015/20150731/jd1.htm",
    "title": "ذوقيات الحوار ",
    "author": "",
    "content": "1 - يجب أن يدخل المرء في حوار يريد به وجه الله، والوصول من خلاله إلى معرفة الحق, لا أن يظهر براعته، ويبرز مقدرته، ويبز أقرانه، وينتزع إعجاب الحاضرين. \n2 - يجمل بالمرء أن يحسن الظن بمن يحاوره، وأن يدع أمر نيته لله، وأن يحمل كلامه على أحسن المحامل ما وجد إلى ذلك سبيلًا. \n3 - كثير من المحاورين إذا أبدى وجهة نظر قابلة للأخذ والرد ثم عارضه صاحبه ولم يوافقه عليه، غضب لذلك أشد الغضب. وهذا لا يحسن بالمحاور، بل يحسن به أن يضبط نفسه، وألا يحمل الناس على ما يراه صواباً. \n4 - ليست المشكلة أن نختلف، وإنما هي أن لا نعرف كيف نختلف. وليس الحل ألاَّ نختلف أبدًا -فهذا غير ممكن ولا متصور- وإنما هو أن لا نصعِّدَ الخلاف، وألا نسعى إلى إذكائه، وأن نعرف كيف نختلف كما نعرف كيف نتفق! \n5 - الجوانب العاطفية لها دور كبير في المحاورة وغيرها، فكثير من المحاورين يغفل هذا الجانب ولا يأبه به. وهذا خلل يحسن بالمُحَاوِر أن يتجنبه؛ ففي بعض الأحيان قد لا ينفع المنطق والبرهان، وإنما يجدي التودد والإحسان؛ فحينئذٍ أَلْقِ عصا المنطق والبيان، واحمل راية الشفقة والحنان؛ حينها تَخْطب الودَّ، وتوفِّر الجهد. \n6 - حريٌّ بالمحاور أن يكسب صاحبه، وأن يخطب ودَّه في كل مناسبة تسنح له؛ فيثني عليه إذا أجاد، ويسلِّم له إذا أصاب، ويرده إلى الصواب بلطف إذا أخطأ، ويذكر مزاياه في حضوره وغيبته، ويبادره بالهدية والزيارة إذا أحسَّ نفرة منه. وهذه الأمور ليس بالسهل تحصيلها، وليس بمقدور كل إنسان أن ينالها، بل تحتاج إلى توفيق، وتدريب، وصبر، وشجاعة. \n7 - إذا لم ينصفك محاورُك، فَرَدَّ عليك الحقَّ بالشمال وباليمين، أو جحد جانبًا من فضلك، أو تعامى عما معك من الحق وهو يراه رأي العين، فلا تُسايرْهُ في ذلك. \n8 - الحوار لا يكون حظوة نفس واحدة بل لابد من مناسبته للطرف الآخر من وقت وظرف مناسبين. \n",
    "date_extracted": "2015-07-31 03:46:11"
}