{
    "url": "http://www.al-jazirah.com/2015/20150731/sp28.htm",
    "title": "آرسنال يعير حارسه تشيسني إلى روما",
    "author": "",
    "content": "أعلن ارسنال حامل لقب كأس انكلترا إعارة حارسه البولندي فويتشي تشيسني إلى روما الايطالي لموسم واحد، وذكر النادي اللندني ان تشيسني سينضم إلى روما للحصول على فرصة اللعب أساسيا، والكل في ارسنال يتمنى له حظا سعيدا في ايطاليا، وخسر تشيسني (25 عاما و23 مباراة دولية) موقعه الموسم الماضي في تشكيلة المدرب الفرنسي ارسين فينغر لمصلحة الكولومبي دافيد اوسبينا، وزاد موقفه صعوبة بعد استقدام التشيكي العملاق بيتر تشيك من تشلسي، وتردد ان تشيسني، المنتقل لارسنال عام 2006 من ليخيا وارسو، وقع في خلاف مع فينغر خصوصا بعد ضبطه وهو يدخن في غرف الملابس بعد المباراة مع ساوثمبتون. وسيتنافس تشيسني في روما مع المخضرم مورغان دي سانكتيس (38 عاما). وذكرت تقارير ان فريق العاصمة الايطالية سيدفع نصف مليون يورو ثمنا لإعارة الحارس وتبلغ قيمة انتقاله الكامل 5 ملايين يورو. \n",
    "date_extracted": "2015-07-31 03:45:46"
}