{
    "url": "http://www.al-jazirah.com/2015/20150727/sp10.htm",
    "title": "فواصل",
    "author": "",
    "content": "- خسر فريق الوحدة حارس مرماه المتميز عساف القرني بسبب التأخر في التجديد معه إلى أن دخل في الفترة الحرة من عقده، فكسبه الاتحاد سريعاً. هذا التأخر من الإدارة الوحداوية سببه الفترة الانتقالية بين الإدارة السابقة والإدارة الحالية. خروج القرني من قائمة فريق الوحدة الصاعد حديثاً لدوري عبداللطيف جميل سيكون مؤثراً وسيعاني الفريق كثيراً بسبب هذا الفقد. \n* * \n- عندما يعجز النصر عن إيجاد بديل للحارس عبدالله العنزي ويعاني الاتحاد منذ ابتعاد مبروك زايد ويلعب الأهلي منذ سنوات بحارس مؤقت وبديل غير مطمئن. فإن هناك مشكلة كبرى في مركز حراسة المرمى في الكرة السعودية، وأول من يدفع ثمنها المنتخب الوطني. الأندية مطالبة بالاهتمام بهذا الجانب وإنشاء مدارس خاصة لحراس المرمى لخدمتها أولاً ثم خدمة المنتخب. ويجب أن يبادر اتحاد الكرة لتشجيع الأندية على ذلك ويقدّم لها الدعم اللازم. \n* * \n- رئيس نادي القادسية معدي الهاجري له رأي صائب في جدول الدوري وروزنامة الموسم، حيث طالب اتحاد الكرة ورابطة دوري المحترفين بإشراك الأندية عند وضع هذه الجداول والبرامج، فالأندية تمتلك كفاءات إدارية ذات خبرة كبيرة ولديها أفكار وآراء ستفيد حتماً في التغلب على العوائق التي تسببت في توقف الدوري كثيراً، وفي إقامة كثير من المباريات في أيام غير مشجعة للحضور مما يؤثّر على الدخل المادي للأندية. رأي الهاجري وغيره من مسؤولي الأندية يجب أن يجد آذاناً صاغية لدى الاتحاد والرابطة. \n* * \n- اللاعب الاتحادي سعيد المولد يسير في نفق مظلم. ويحاول الخروج منه ولكن بلا جدوى. يجب أن يجد مساعدة من ناديه للوصول إلى حل يرضي الطرفين. فالمولد موهبة سعودية خسارة أن تفقد في هذه المرحلة وبسبب أخطاء ناتجة عن قلة تجربة وضعف خبرة وتدخل أطراف أثرت سلبيا عليه. \n* * \n- قضية التزوير والاختلاس في المنتخب الأولمبي التي نشرت إعلامياً تُضاف إلى كثير من قضايا النزاهة كالاتهامات بالرشوة التي لم يتوصل القائمون عليها إلى حلول أو عقوبات بحق مرتكبيها. يجب أن يكون هناك شفافية تامة ووضح كبير في مسارات هذه القضايا. لأنها تضر كثيراً بسمعة الرياضة السعودية وشرف منافساتها. \n* * \n- رئيس النادي الأهلي الجديد مساعد الزويهري يخوض تجربة جديدة عليه مع ناد كبير جداً وطموحات جماهيره عالية لذلك تكتنف فترة عمله صعوبة كبيرة تحتاج إلى تكاتف الجميع معه من شرفيين ولاعبين وجماهير وإعلام. فهو لن يستطيع تحقيق أي نجاح وحده مهما بذل من جهد وأنفق من مال. \n",
    "date_extracted": "2015-07-27 17:05:21"
}