{
    "url": "http://www.al-jazirah.com/2015/20150731/ec6.htm",
    "title": "الذهب يتراجع قرب أقل مستوى في خمس سنوات ونصف السنة مع ارتفاع الدولار",
    "author": "الجزيرة - رويترز:",
    "content": "\nنزلت أسعار الذهب أكثر من واحد بالمئة أمس الخميس لتقترب من أقل مستوياتها منذ بداية 2010 في الوقت الذي صعد فيه الدولار قبل بيانات اقتصادية أمريكية من المرجح أن تعزز التوقعات برفع أسعار الفائدة الأمريكية في ستمبر أيلول. وبعد اجتماع استمر يومين عبر صناع السياسة المالية في الولايات المتحدة عن اعتقادهم بان الاقتصاد تغلب على التباطؤ في الربع الأول «وينمو باعتدال». وأظهر مسح لرويترز أن الاقتصاد الأمريكي تعافى في الربع الثاني. وعزز هذا العملة الأمريكية الأمر الذي يجعل الذهب المقوم بالدولار أكثر كلفة لحائزي العملات الأخرى. وفي الساعة 0659 بتوقيت جرينتش انخفض السعر الفوري للذهب واحداً بالمئة إلى 1084.46 دولار للأوقية (الأونصة) بعد أن نزل إلى 1081.85 دولار. وهوى المعدن النفيس إلى 1077 دولاراً الأسبوع الماضي وهو أقل سعر له منذ فبراير شباط 2010 بعد موجة بيع في نيويورك وشنغهاي ويكافح منذ ذلك الحين ليتخطى مستوى 1100 دولار. ونزلت عقود الذهب الأمريكية الآجلة تسليم أغسطس آب 0.8 بالمئة إلى 1084 دولاراً للأوقية. ورجح اقتصاديون في استطلاع أجرته رويترز أن يتسارع نمو الاقتصاد الأمريكي بمعدل سنوي 2.6 بالمئة في الفترة من أبريل نيسانإلى يونيو حزيران بعد أن تقلص في الربع الأول. وبين المعادن النفيسة الأخرى نزلت الفضة في المعاملات الفورية 0.7 بالمئة بينما استقر البلاتين والبلاديوم. \n",
    "date_extracted": "2015-07-31 03:45:28"
}