{
    "url": "http://www.al-jazirah.com/2015/20150731/cu6.htm",
    "title": "مرافئ خاوية ",
    "author": "",
    "content": "«1» \nبخيال مرهف \nأبني لك كل لحظة \nقصور تحاكي القمم.. \nتناغي النجوم في سدرها، \nوفي خدرها حكايتنا \nمع الوجد والبوح \nوذرف الدموع. \n«2» \n حينما أشعل \n في الليل وجد \nالتباريح.. \n تضيء لنا \nمسافات حب، ووعد، \n وهم يعاود في الروح \nغرز النصال. \nلا بيت تأوي \nإليه حكايتنا غير \nبيت القصيد، \nوقصر يسامق \nطول المسافات.. \nأفق تسكنه أخيلة \nوفضاء يعبر عم \nتجيش به وحشة \nالدار إذ يخرج \n الأهل من رحمها \nمكرهين لطرق الدروب. \nفنحن على وعدنا \nإن أردنا المقام. \nوإن شئنا حملنا \n القلوب كالجنائز \n إلى قفر بعيد، \nيرائي السراب \nنهاية حلم، \nوموت الأمل. \n«3» \nلم يتبقى من الوعد \nفي بيت الشاعر \nسوى حرفين \n(حاء) و(باء).. لا يقمن \nعماد القصيدة \nأو ينتشلن تهاوي \nالطموح وبعد المعابر!! \nفالليل أولى \nبأن يسكن القصر \nوالبيت والوزن والقافية. \nلأن النجوم على موعد \nفي الحضور وذاك \nقمر يقاوم غبش \nالغيمة العابرة. \nقصيدة بيت القصيد \nمسكونة بوعد \nيجف، وحزن يئوب \nعلى مفرق الروح \nحين تنهي بواكير \nوجد المحب الذي ينشد \nالوعد في حلمه، \nأن يعود كما كان \nفي البدء .. صغيرا وغرا \nتناغي مشارف قلبه \nهدهدات الولع.. \n فلا بيت للحلم \nحين تناجزه رغبة \nالداخلين إلى جوفه \nخفافاً من الوجد \nوملأ من الوعد \nأن يبدأ الصبح \nبشمس تذيع حقيقة \nليل المحبين. \n- يوسف الرسيني\n",
    "date_extracted": "2015-07-31 03:45:54"
}