{
    "url": "http://www.al-jazirah.com/2015/20150801/af13.htm",
    "title": "أفراح الزارع",
    "author": "الجزيرة -  دومة الجندل:",
    "content": "\nاحتفل الشابان عبد العزيز فهد الزارع بزواجه من كريمة محمد سلمان الزارع, والشاب أحمد فهد الزارع بزواجه من كريمة عيد الزارع بقاعة ليلتي بدومة الجندل بحضور أقارب العروسين, ألف مبروك. \n",
    "date_extracted": "2015-08-01 07:54:25"
}