{
    "url": "http://www.al-jazirah.com/2015/20150731/ln77.htm",
    "title": "«المملكة» تحصد 4 ميداليات في الأولمبياد الدولي للكيمياء بأذربيجان ",
    "author": "الجزيرة - وهيب الوهيبي:",
    "content": " الوفد الطلابي السعودي المشارك\nأكد صاحب السمو الملكي الأمير خالد الفيصل مستشار خادم الحرمين الشريفين أمير منطقة مكة المكرمة، نائب رئيس مؤسسة الملك عبدالعزيز للموهبة والإبداع «موهبة»، أن الإنجازات التي يحققها أبناء وبنات الوطن من الموهوبين والموهوبات، تصب في مسار تعزيز رصيد المملكة من رأس المال البشري والفكري المبدع والمؤهل، للمشاركة في النهضة التنموية الاستثنائية الشاملة التي تشهدها المملكة في عهد خادم الحرمين الشريفين الملك سلمان بن عبدالعزيز آل سعود -يحفظه الله-. \nوأوضح الأمير خالد الفيصل أن تلك الإنجازات تؤكد أن الوطن غني بنماذجه المبدعة والمشرفة، القادرة بفضل من الله ثم بدعم القيادة الرشيدة على تحقيق الإنجازات في كل محفل دولي تشارك فيه المملكة، كما أنها تأتي امتداداً لرؤية خادم الحرمين الشريفين الملك عبدالله -رحمه الله- في بناء منظومة تدعم موهوبي الوطن وتنمي قدراتهم، الأمر الذي يعود على بلادنا بالتقدم في سبيل التحول إلى مجتمع المعرفة. \nونوّه سموه بالتعاون المستمر والمثمر بين وزارة التعليم و»موهبة» لإتاحة الفرصة للموهوبين والموهوبات من أبناء الوطن للعطاء والإبداع، وتمثيل المملكة بشكل مشرف في الأولمبياد والمحافل الدولية، بما يعكس مكان ومكانة المملكة على خارطة العالم المعرفية، مقدماً شكره الجزيل لمعالي الدكتور عزام الدخيل وزير التعليم على تعاونه وجهوده في دعم الطلبة. \nجاء ذلك خلال تعليق سموه على إنجاز أبناء المملكة العربية السعودية، في الأولمبياد الدولي للكيمياء الذي استضافته دولة أذربيجان حيث حصل الفريق السعودي على 4ميداليات برونزية, حصدها كل من الطالب عمر بن فواز عرفات, والطالب سعد بن فهد البواردي, والطالب عبدالعزيز بن محمد العلي من تعليم منطقة الرياض، والطالبة فاطمة بنت موسى بوخمسين من تعليم المنطقة الشرقية. \nوتعتبر المملكة أكثر الدول العربية تحقيقاً للإنجازات العلمية في هذا الأولمبياد بواقع 9 ميداليات برونزية، حيث كانت المشاركة الأولى للمملكة عام 2004م في ألمانيا، التي اقتصرت على المشاركة بصفة مراقب بدون طلاب. \nوشهد عام 2006م أول مشاركة للطلبة بهذه الأولمبياد الذي ضم حينها 3 طلاب في دولة كوريا، فيما كان الإنجاز الأول للمملكة عام 2013م من خلال تحقيقها ميداليتين برونزيتن بفريق علمي ضم 4 طلاب بدولة روسيا، بمشاركة 73 دولة، أما عام 2014م فحققت المملكة فيه 3 ميداليات برونزية بفريق ضم 4 طلاب بدولة فيتنام بمشاركة 76 دولة. \n",
    "date_extracted": "2015-07-31 03:45:26"
}