{
    "url": "http://www.al-jazirah.com/2015/20150801/ln62.htm",
    "title": "مدني تبوك ينقذ رجلا وامرأة من حريق مسكنهما",
    "author": "تبوك - فائز التمامي:",
    "content": "\nأنقذت فرق الدفاع المدني في مدينة تبوك رجلا وامرأة إثر نشوب حريق في شقتهما بحي النهضة بتبوك، وأوضح المتحدث الرسمي للدفاع المدني بمنطقة تبوك العقيد ممدوح العنزي أن مركز التحكم والتوجيه بالادارة العامة للدفاع المدني بمدينة تبوك ورده ظهر أمس الجمعة بلاغ عن حادث حريق بحي النهضة وعلى الفور تم انتقال فرقتين وسيارات سلالم عند الوصول تبين ان الحادث بشقة بالدور الثالث وانحصر الحريق بغرفة وتمكنت الفرق من انقاذ رجل وامراة أصيبا بحروق واختناق وتم إطفاء الحريق واتخذت الإجراءات الرسمية اللازمة وسلم ملف الحادث للشرطة لوجود شبهة جنائية. \n",
    "date_extracted": "2015-08-01 07:56:33"
}