{
    "url": "http://www.al-jazirah.com/2015/20150731/sp5.htm",
    "title": "الفتح يعود للتدريبات ويقيس قوة تحمل لاعبيه",
    "author": "كتب - صادق الحرز:",
    "content": "\nاستأنف الفريق الأول لكرة القدم بنادي الفتح تدريباته ضمن المرحلة الثانية من البرنامج الإعدادي استعداداً لمنافسات الموسم الرياضي المقبل بعد الإجازة التي منحها الجهازان الإداري والفني للفريق للاعبي الفريق وأجرى الفريق تدريباته على فترتين صباحية ومسائية ، فالفترة الصباحية أقيمت على شاطئ خليج تونس خضع فيها لاعبو الفريق إلى تمارين لياقية مكثفة وتمارين أخرى بتقوية العضلات وقياس قوة التحمل لدى اللاعبين باستغلال رمال الشاطئ التي تزيد من حدة التمارين التي تمثلت بالجري عبر محطات موزعة والقفز على الحواجز والزحف على الرمال. \nأما الفترة المسائية والتي أجريت على ملعب قرطاج بالعاصمة التونسية «تونس» فانطلقت بتمارين الإحماء وتمارين تكتيكية تنوعت بين الاستحواذ على الكرة ولعبها من لمسة ولمستين وتنظيم تحركات اللاعبين داخل الملعب ليقسم بعدها المدير الفني للفريق السيد ناصيف البياوي لاعبي الفريق إلى مجموعتين ويجري على أثرها مناورة على منتصف الملعب شهدت تطبيق العديد من الجمل التكتيكية. على صعيد متصل لم يشارك حارس المرمى علي المزيدي في الحصة التدريبية لشعوره بالالم في وتر قدمه اليمنى و حاجته لبرنامج علاجي لمدة يومين كما لم يشارك الثنائي حمدان الحمدان و أحمد المبارك في التدريبات لشعورهما بالألم في عضلة البطن السفلى و حاجتهما لبرنامج علاجي و تأهيلي مكثف. \n",
    "date_extracted": "2015-07-31 03:47:23"
}