{
    "url": "http://www.al-jazirah.com/2015/20150727/du15.htm",
    "title": "الرئيس السوري معترفاً: الجيش يعاني النقص والتعب ",
    "author": "دمشق - اسطنبول - وكالات:",
    "content": "\nاعترف الرئيس السوري بشار الأسد أمس الأحد بمعاناة جيشه من النقص العددي والتعب الذي أرهق عناصره. \nفبعد أكثر من أربع سنوات من النزاع العسكري في سوريا قال الأسد في كلمة ألقاها أمام رؤساء وأعضاء المنظمات الشعبية والمهنية في قصر الشعب وبثها التلفزيون السوري مباشرة (إن أي مسار سياسي لا يضمن (محاربة الإرهاب) لحل الأزمة المستمرة للسنة الخامسة (لا فرصة له ليرى النور). \nوعلى الرغم من تأكيده على أن (كل شيء متوفر) في الجيش إلا أنه أقر بوجود (نقص في الطاقة البشرية)، مشيراً في الوقت نفسه إلى أن نسبة الالتحاق في الجيش ازدادت خلال الشهرين الماضيين. وقال إن (العقبة التي تقف في وجه القوات ليست مرتبطة بالتخطيط ولكن لدينا مشكلة بالتعب)، مشيراً إلى أن الفصائل التي يواجهها جيشه تمكنت من السيطرة على بعض المناطق). \nعلى صعيد سوري آخر، أكد الائتلاف السوري المعارض استمرار المشاورات السياسية لتشكيل مجلس عسكري جديد. \nوقال الائتلاف في بيان لوكالة الأنباء الألمانية أمس الأحد إنه (إشارة إلى القرار الصادر عن الهيئة العامة للائتلاف الوطني لقوى الثورة والمعارضة السورية المتخذ بتاريخ 14 يونيو 2015 في اجتماعها الـ22 المنعقد في إسطنبول، وحيث تمت تسمية كل من هيثم رحمة ونصر الحريري وأحمد غسان التيناوي وصلاح الدين الحموي وواصل الشمالي ويوسف محلي وعدنان رحمون وشلال كدو أعضاءً في لجنة إعادة تشكيل المجلس العسكري، سيتم تفويض الأعضاء بالقيام بمهمة التواصل مع الفصائل الثورية والعسكرية كافة والتشاور معها حول تسمية أعضاء ممثليهم في المجلس العسكري والقيادة العسكرية العليا كي تكون صفاً واحداً قادراً على تحقيق أهداف الثورة). \nوأضاف ائتلاف (إن اللجنة قد باشرت أعمالها وتواصلت وبشكل يومي مع العديد من الفصائل العسكرية والثورية على كامل الساحة السورية وهي ماضية في بذل الجهد اللازم لإنجاز المهمة الموكلة إليها في أسرع وقت ممكن). \n",
    "date_extracted": "2015-07-27 17:05:16"
}