{
    "url": "http://www.al-jazirah.com/2015/20150801/fe11.htm",
    "title": "تعليم مكة المكرمة يطبق الزي المدرسي للبنات في المراحل الثلاث",
    "author": "مكة المكرمة - سامي علي:",
    "content": "\nتبدأ الإدارة العامة للتعليم بمنطقة مكة المكرمة مطلع العام الدراسي الجديد 1436 / 1437 في تطبيق القرار الوزاري الخاص بتغيير تصاميم وألوان الزي المدرسي للطالبات في جميع المدارس الحكومية، ومدارس تحفيظ القرآن الكريم وتعليم الكبيرات في المراحل التعليمية الثلاث ( الابتدائية , المتوسطة , الثانوية). \nوأفادت المساعدة للشؤون التعليمية آمنة الغامدي، أن وزارة التعليم حددت العام الدراسي الجديد بدايةً لتطبيق الزي المدرسي الجديد، مشيرةً إلى أن الزي واللون المخصص للمرحلة الابتدائية يتمثل في المريول الزهري (زي أساسي بدون أكمام) والبلوزة بيضاء، وفي المرحلة المتوسطة اللون الأخضر الزيتي (تنورة) والبلوزة بيضاء، بينما يكون في المرحلة الثانوية اللون الكحلي ( تنورة) والبلوزة بيضاء. \nمؤكدةً على ضرورة الالتزام بأن يكون الزي في جميع المراحل وفق ما ورد في التعميم. \n",
    "date_extracted": "2015-08-01 07:54:53"
}