{
    "url": "http://www.al-jazirah.com/2015/20150801/ec8.htm",
    "title": "اليونان تقرر عقد مؤتمر عام استثنائي في سبتمبر  ",
    "author": "الجزيرة  - أ ف ب:",
    "content": " الكسيس تسيبراس\nوافقت اللجنة المركزية لحزب سيريزا الحاكم في اليونان مساء الخميس على طلب رئيس الوزراء الكسيس تسيبراس عقد مؤتمر عام في أيلول/ سبتمبر بهدف الخروج بموقف موحد من الاتفاق الذي ابرمته اثينا مع دائنيها. وقدم زعيم الحزب تسيبراس هذا الاقتراح في مستهل اجتماع للجنة المركزية للحزب اليساري المتطرف الذي اصيب بانقسام حاد اثر الاتفاق الذي ابرمه رئيس الوزراء مع الجهات الدائنة لليونان والذي عارضه بعض من اركان حزبه واعضاء حكومته. \nوقال كوستاس زاخارياديس عضو اللجنة المركزية المكونة من 201 عضو لوكالة فرانس برس ان «الاغلبية صوتت لصالح عقد مؤتمر عام استثنائي في ايلول/سبتمبر». واضاف ان اليوم الذي سيعقد فيه هذا المؤتمر لم يحدد بعد. وفي ختام الاجتماع الذي استمر اكثر من 12 ساعة وافقت اللجنة المركزية على اقتراح تسيبراس ورفضت اقتراحا قدمته «منصة اليسار»، الجناح المتشدد الواسع النفوذ داخل الحزب، ولاجنحة اخرى منشقة تعارض الاتفاق الذي ابرمه رئيس الوزراء مع الدائنين. وكان المنشقون يريدون ان يعقد هذا المؤتمر العام الاستثنائي في اسرع وقت ممكن، حتى قبل دخول الاتفاق مع الدائنين حيز التنفيذ. وبحسب زاخارياديس فان اكثر من عشرة من اعضاء اللجنة استقالوا في نهاية الاجتماع. \n",
    "date_extracted": "2015-08-01 07:53:55"
}