{
    "url": "http://www.al-jazirah.com/2015/20150731/tf10.htm",
    "title": "اختتام فعاليات «ملتقى الأشبال» في ندوة حفر الباطن",
    "author": "حفر الباطن - مبارك البوادي:",
    "content": " صورة جماعية\nاختتمت فعاليات ملتقى الأشبال الذي ينظمه قسم النشاط الداخلي في الندوة العالمية للشباب الإسلامي في حفر الباطن، وكانت فعاليات اليوم الأخير مع فرقة الصاعقة بقيادة مدالله المطرفي حيث قدم عدة مسابقات ترفيهية وإنشادية نالت إعجاب الحضور، بعد ذلك كرم مدير النشاط الداخلي الأستاذ سعود بن حمدان العنزي فرقة الصاعقة على مشاركتهم المتميزة وكرم فريق بادر التطوعي التابع لمكتب الندوة في حفر الباطن نظير جهودهم المتميزة في تنظيم الملتقى منذ بدايته، كما شكر مدير الندوة في حفر الباطن الأستاذ يوسف بن محمد الجيزاني الداعمين للملتقى من تربويين وإعلاميين ومنشدين ومشرفين وكل من ساهم في إنجاح الملتقى. \n",
    "date_extracted": "2015-07-31 03:46:36"
}