{
    "url": "http://www.al-jazirah.com/2015/20150731/sp27.htm",
    "title": "سعود الحقباني يشارك في بطولة السوبر الأمريكية لملاعب التنس الصلبة ",
    "author": "كتب - زيد السبيعي:",
    "content": "\nيخوض كابتن المنتخب السعودي للتنس تحت 14 سنة سعود الحقباني بعد غدا بطولة السوبر الامريكية للملاعب الصلبة والتي تقام منافساتها في مدينة ليتل رآك بولاية اركنسا بالولايات المتحدة الامريكية، وبمشاركة أفضل 128 لاعبا على مستوى ولايات أمريكا وتلعب بنظام خروج المغلوب وهي شبيه لبطولات القراند سلام. \nوسيسعى الحقباني إلى كسب البطولة بصفته مصنفا ثالثا فيها، وضمها إلى بطولة السوبر للملاعب الترابية التي حققها قبل أسبوعين في مدينة وينستن سيلم بولاية كارولينا الشمالية مما جعل العديد من الشركات العالمية تتسابق لرعايتة والاستفادة من اسمه، كما أنه يحظى بمتابعة واهتمام اللجنة الأولمبية السعودية. \nمن جانبه، أكد اللاعب سعود الحقباني بأنه سيسعى بكل قوة لتحقيق البطولة إلى جانب بطولة السوبر للملاعب الترابية وقال: أنا جاهز لخوض غمار البطولة وأمتلك خبرة جيدة للعب في الملاعب الصلبة أو الترابية وبإذن الله قادر على إهداء وطني ذهبية جديدة؛ مشيدا بالدعم الإعلامي له في البطولات التي يشارك فيها في أمريكا متمنيا أن يحقق البطولة ويهديها للإعلام السعودي الشريك الحقيقي لكل ما حققته. \n",
    "date_extracted": "2015-07-31 03:45:45"
}