{
    "url": "http://www.al-jazirah.com/2015/20150731/tf1.htm",
    "title": "مركز طموح الرمضاني للأيتام يختتم فعالياته وبرامجه الترويحية والتربوية والتنموية",
    "author": "بريدة - عبدالرحمن التويجري/ تصوير - سيد خالد:",
    "content": "\nأقام مركز طموح الرمضاني ببريدة التابع للجمعية الخيرية لرعاية الأيتام (أبناء) مهرجاناً ختامياً لمختلف أنشطته الرمضانية والموسمية بحضور رئيس مجلس إدارة الجمعية الخيرية لرعاية الأيتام أبناء الدكتور سليمان بن إبراهيم العييري وأعضاء المجلس الإشرافي للمركز يتقدمهم الشيخ أحمد الغصن والدكتور عبدالعزيز العويد وعدد من أولياء أمور الأبناء، حيث اشتمل الحفل الختامي على عدد من الفقرات من كلمات وعروض مرئية وفواصل إنشادية درامية نالت استحسان الحضور ثم أقيمت المباراة النهائية لدوري كرة القدم الرمضاني ولبقية الألعاب، وتم تكريم الفائزين والمشاركين في البرامج والفعاليات المختلفة، إضافة إلى هدايا متنوعة لبقية أبناء المركز. بعدها افتتح سعادة رئيس مجلس ادارة الجمعية الخيرية لرعاية الأيتام أبناء معرض الصور الفتوغرافية والرسم الحر والذي كان من تصوير الأبناء بالمركز حيث ثم اختيار أفضل ثلاث مشاركات وتكريم الفائزين بها. \nمدير المركز الرمضاني الأستاذ فهد بن محمد المعتق أكد أن هذه الفعاليات الختامية حظيت باهتمام ومتابعة الجمعية الخيرية لرعاية الأيتام وأبناء المجلس الإشرافي للمركز منذ انطلاقته، مشيراً إلى أن المركز ساهم في تنمية التفاعل الاجتماعي باستثمار أوقات فراغ الأبناء بما يعود عليهم بالنفع، وذلك من خلال برامج ترويحية وتربوية وتنموية جاذبة لبناء الشخصية وصقل الموهبة وتعزيز القيم النبيلة. \n",
    "date_extracted": "2015-07-31 03:46:23"
}