{
    "url": "http://www.al-jazirah.com/2015/20150731/lp2.htm",
    "title": "إحباط محاولة تهريب كمية من مادتي الهيروين والشبوا ",
    "author": "الجزيرة - سلطان المواش:",
    "content": "\nتمكن جمرك مطار الملك عبد العزيز الدولي بجدة من إحباط محاولتين لتهريب (1.071.5) كيلو وواحد وسبعون ونصف جرام من مادة الهيروين المخدر وكمية من مادة الشبوا المحظورة بلغ وزنها (1.433.5) كيلو وأربعمائة وثلاثة وثلاثين ونصف جرام وذلك في عمليتين منفصلتين. \nأوضح ذلك الأستاذ محمد العقيل مدير عام جمرك مطار الملك عبد العزيز الدولي وقال: تم إحباط تلك الكمية من الممنوعات من خلال محاولتين لتهريبها ففي العملية الأولى قدم للجمرك أحد المسافرين عبر إحدى الرحلات وعند الاشتباه به وبإحالته للتفتيش الشخصي والكشف بالأشعة عُثر بداخل أحشائه على عدد (85) كبسولة تحتوي على مادة الهيروين المخدرة تزن (681) ستمائة وواحد وثمانون جراما وبإجراء التفتيش على أمتعة المهرب عثر على كمية من مادة الشبوا المحظورة بلغ وزنها (689) ستمائة وتسعة وثمانون جراما مخبأة بداخل طبقة سرية بالحقيبة، وفي العملية الثانية بين العقيل أنه عند قدوم المسافر على متن إحدى الرحلات والاشتباه به وإحالته للتفتيش الشخصي عثر على كمية من مادة الهيروين المخدر بلغ وزنها (390.5) ثلاثمائة وتسعون ونصف جرام مخبأة بداخل أحشائه وبإجراء الفحص على الأمتعة الخاصة به عثر على كمية من مادة الشبوا المحظورة تزن (744.5) سبعمائة وأربعة وأربعين ونصف جرام. \nوأشار مدير عام جمرك مطار الملك عبد العزيز الدولي بجدة إلى أن عصابات التهريب يلجئون بشكل مستمر إلى محاولة إدخال الممنوعات بطرق سرية إلا أن ذلك لا يشكل صعوبة لدى رجال الجمارك في كشفها وإحباطها. \n",
    "date_extracted": "2015-07-31 03:45:39"
}