{
    "url": "http://www.al-jazirah.com/2015/20150731/ln55.htm",
    "title": "مهرجان أبها يجمعنا يتضامن مع جنودنا البواسل ",
    "author": "أبها - عبدالله الهاجري:",
    "content": "\nلم ينس مهرجان أبها يجمعنا 36 هـ دوره بالوقوف مع الجنود البواسل المرابطين في الذود عن تراب وطنهم على الحدود الجنوبية، وأقام ركن للتبرع بالدم لهم. \nوقد شهد الركن الذي جاء ضمن فعاليات ملتقى السياحة المعرفية والذي يقام هذه الأيام في قرية المفتاحة بأبها بتنظيم من مجلس شباب منطقة عسير بالتعاون مع الغرفة التجارية الصناعية بأبها ومدينة الملك عبدالله للطاقة الذرية والمتجددة، توافد العديد من زوار المهرجان لتأكيد وقوفهم صفا واحدا من رجال أمننا البواسل الذين يواصلون الوقوف ضد كل من يحاول المساس بأمن هذا البلد الغالي بكل اقتدار. \nواعتبر زوار المعرض أن مساهمتم بدمائهم هو جزء بسيط من تضامنهم مع جنودنا الأبطال المرابطين، وتعبيرا عن تقديرهم لهم ولشجاعتهم ولتضحيتهم بأرواحهم لحماية هذا الوطن من كل حاقد وحاسد، داعين الله عز وجل أن يحفظهم ويرحم الشهداء. \nيذكر أن الركن زاره أكثر من 100 زائر في أول يومين من افتتاحه، علما أنه سيواصل عمله طيلة أيام ملتقى السياحة المعرفية والذي سيستمر حتى الخامس من ذي القعدة. \n",
    "date_extracted": "2015-07-31 03:48:25"
}