{
    "url": "http://www.al-jazirah.com/2015/20150801/sp38.htm",
    "title": "نجوم الأخضر يرفعون الغلة السعودية إلى 15 ميدالية ",
    "author": "",
    "content": "زاد نجوم المملكة العربية السعودية للأولمبياد الخاص غلتهم من الميداليات المتنوعة في مشاركتهم في منافسات دورة الألعاب العالمية الصيفية للأولمبياد الخاص الدولي التي تستضيفها حاليا لوس أنجلوس الأمريكية إلى 15 ميدالية في اليوم الخامس من الدورة، منها 3 ذهبيات جديدة. \nونجح ثنائي تنس الطاولة عبدالمحسن الرشيد، وأحمد الفادن في تحقيق المركز الأول والميدالية الذهبية في منافسات الفردي كلا حسب تصنيفه، والفوز على 7 خصوم لكل لاعب خلال أدوار المجموعات والنهائيات. كما حقق العداء ثامر أحمد العبد المحسن المركز الأول والميدالية الذهبية لمنافسات سباق 800 متر، وحقق زميله العداء عبدالسلام السحيباني (متلازمة داون) المركز الثاني والميدالية الفضية لسباق 25 متر. \nوختم السباح عبدالله الغامدي حصيلة نجوم الأخضر من الميداليات بتحقيقه المركز الثالث والميدالية البرونزية لسباق 50 متر سباحة «حره». \nمن جانبه، شدّد المدير الرياضي للأولمبياد الخاص السعودي فايز الشهري على أن المنافسات كانت قوية بالإضافة لقوة الخصوم، وضم منتخبات البعثة لاعبين يشاركون للمرة الأولى في بطولات خارج المملكة وأثرت عليهم ولم يحققوا أي مركز متقدم. وقال الشهري: في كل منافسة على الأقل 30 منافسا من جميع أنحاء العالم، بعضهم يمتلك خبرة التعامل مع المنافسات كونه شارك أكثر من مرة أو قدرته على استيعاب تواجد الجماهير، الملاعب هنا تمتلئ عن بكرة أبيها بأرقام كبيرة خاصة إن كان المنافس أمريكيا، حيث يكون التشجيع له ملفت ومؤثر، لاعبينا في المنتخبات السعودية يؤثر عليهم الضغط الجماهيري كثيرا كونهم غير معتادين على هذه الظروف. \nوأضاف: هذه البعثة وجدت اهتماما كبيرا من قبل المسئولين في اللجنة البارالمبية العربية السعودية على رأسهم الأستاذ أحمد المقيرن، دعمه للجميع ساهم في تحقيقنا هذا الإنجاز الكبير، يستحق أن يقدمه أبناؤه اللاعبين هدية له ولكافة أعضاء مجلس الإدارة في مقدمتهم الدكتور ماهر الجديد الذي غادرنا بعد تواجده على رأس البعثة نظرا لوفاة شقيقته». \nوتشارك السعودية بـ 24 لاعبا من ذوي الإعاقة الذهنية في المحفل العالمي بجانب 15 دولة عربية تتنافس مع 177 دولة في 25 رياضة أولمبية. \n",
    "date_extracted": "2015-08-01 07:55:59"
}