{
    "url": "http://www.al-jazirah.com/2015/20150731/ec8.htm",
    "title": "ليبيا تقاضي الدول الإفريقية التي تحاول تأميم استثماراتها",
    "author": "القاهرة - مكتب الجزيرة:",
    "content": "\nأعلنت المؤسسة الليبية للاستثمار عن الشروع في اتخاذ إجراءات قانونية لمقاضاة أربع دول إفريقية تحاول تأميم استثمارات تابعة للمؤسسة مستفيدة من الاضطرابات السياسية في ليبيا. وقال رئيس المؤسسة الليبية للاستثمار حسن بوهادي «إن المؤسسة شرعت في اتخاذ تدابير ضد كل من رواندا وزامبيا وتشاد والنيجر لقيامها بتأميم أصول ليبية لديها»، حسب قوله. \nوأكّد بوهادي أن هذه الأصول ملك للشعب الليبي، وأن المؤسسة هي الجهة المكلفة بحماية هذه الأصول وهي مصرة على استرداد ما تم أخذه من الشعب الليبي. \nيذكر أن عدداً من الدول الإفريقية تحاول تأميم أصول شركات تابعة للمؤسسة السيادية الليبية، وكانت ساحل العاج قد أعلنت في يونيو الماضي عن تأميم ثلاث شركات للهاتف المحمول بينها شركة «غرين ستريم» المملوكة للمؤسسة الليبية للاستثمار. \n",
    "date_extracted": "2015-07-31 03:45:30"
}