{
    "url": "http://www.al-jazirah.com/2015/20150801/ms2.htm",
    "title": "راكب أمواج يصارع قرشاً على الساحل الشرقي لأستراليا",
    "author": "سيدني - (د ب أ):",
    "content": "\nذكرت الشرطة الأسترالية أن شخصاً يمارس رياضة ركوب الأمواج صارع سمكة قرش بعدما هاجمته صباح أمس على الساحل الشرقي لأستراليا. وكان الرجل، ويدعى كريج أيسون 52/ عاما/ يمارس رياضته عند الفجر مع صديق وفوجئ بزعنفة سمكة قرش تقترب. وقبل أن يتجه أيسون مسرعاً نحو الشاطئ الذي يبعد 100 متر، تعرض لعدة عضات من القرش في ساقيه وذراعه ويديه. وذكرت الشرطة في بيان أن «تأثير الهجوم قد أزاح الرجل عن زلاجته.. وقام الرجل بتسديد لكمات إلى القرش في محاولة لإبعاده، وخلال تلك المعركة تمكن القرش أيضا من عضه في ذراعه اليسرى». وقام المارة على الشاطئ بوضع ضمادة على ساق الرجل لوقف النزيف وخضع لجراحه في مستشفى قريب. ووقع الهجوم على شاطئ «مين بيتش» في إيفانس هيد /نحو 710 كيلومترات شمالي سيدني/ وهو امتداد ساحلي شهد هجومين لأسماك القرش في تموز - يوليو. وكان راكب أمواج ياباني قد لقي حتفه في فبراير الماضي في بالينا 40/ كيلومترا ناحية الشمال. \n",
    "date_extracted": "2015-08-01 07:54:01"
}