{
    "url": "http://www.al-jazirah.com/2015/20150731/ec11.htm",
    "title": "مجلس إدارة البنك الأهلي يوصي بتوزيع 1,596 مليون ريال عن النصف الأول",
    "author": "الجزيرة - الرياض:",
    "content": "\nأوصى مجلس إدارة البنك الأهلي التجاري بتوزيع أرباح نقدية على مساهمي الشركة عن النصف الأول من العام 2015 بمبلغ قيمته 1,596 مليون ريال، حصة السهم الواحد منه 0.80 ريال، ونسبة التوزيع من القيمة الأسمية للسهم 8 في المائة. \nوستكون أحقية الأرباح لمساهمي الشركة المسجلين لدى مركز إيداع الأوراق المالية (تداول) بنهاية تداول يوم 13-07-2015، وتاريخ التوزيع 30-07-2015. \n",
    "date_extracted": "2015-07-31 03:47:39"
}