{
    "url": "http://www.al-jazirah.com/2015/20150801/du12.htm",
    "title": "340 ألف يمني يتلقون مساعدات من برنامج الأغذية العالمي في 8 مناطق بعدن",
    "author": "القاهرة - الجزيرة:",
    "content": "\nبدأ برنامج الأغذية العالمي التابع للأمم المتحدة في توزيع المساعدات الغذائية على نحو 340 ألف شخص في ثمان من أكثر المناطق تضرراً جنوبي محافظة عدن اليمنية. وذكر بيان وزعه مكتب البرنامج بالقاهرة، أن شركاء البرنامج يوزعون حصصاً غذائية تشمل دقيق القمح والبقول وزيت الطهي تكفي لمدة شهرين في مناطق كريتر، ودار سعد، والتواهي، وخور مكسر، والمعلا، والمنصورة، والبريقة، ومديرية الشيخ عثمان – حيث لم يتسن الوصول إلى تلك المناطق باستثناء واحدة، وهي المنصورة، منذ شهر أبريل الماضي بسبب النزاع. \nوأوضح أن البرنامج وصل منذ أبريل الماضي إلى نحو 2.6 مليون شخص متضررين جراء الصراع ويعانون بشدة من انعدام الأمن الغذائي في 13 محافظة باليمن: هي أبين، وعدن، والضالع، والمحويت، وعمران، وذمار، وحجة، والحديدة، ولحج، وصنعاء، وصعدة، وشبوة، وتعز. وأشار البيان إلى أن اليمن كانت حتى قبل اندلاع الحرب تستورد ما يقرب من 90 بالمائة من احتياجاته من المواد الغذائية الأساسية من الخارج .. وأدت عدم قدرة التجار على استيراد ما يكفي من الغذاء ونقله بأمان داخل البلاد إلى ارتفاع حاد في الأسعار مما يزيد من معاناة السكان الأشد فقراً والأكثر عرضةً للخطر. \n",
    "date_extracted": "2015-08-01 07:53:57"
}