{
    "url": "http://www.al-jazirah.com/2015/20150731/sp23.htm",
    "title": "الهلال يكسب ودية أخيسار سبور التركي بهدفين ",
    "author": "كتب - عبدالله الحنيان:",
    "content": "\nفاز فريق الهلال الكروي الأول مساء أمس، على نظيره «أخيسار سبور التركي» بهدفين نظيفين، في ثاني مبارياته التجريبية بمعسكره التحضيري الخارجي المقام في سالزبورغ بالنمسا، وسجل الهدف الأول المهاجم البرازيلي التون الميدا بعد إكماله لعرضية مميزة من زميله فيصل درويش، فيما أحرز الهدف الثاني اللاعب عبدالعزيز الدوسري بتسديدة في مطلع الربع ساعة الأخيرة من اللقاء. \n وقدم الهلال مستوى جيد جداً في المباراة، طمأن به أنصاره على تقدم الفريق في الجاهزية، وبرز بها بشكل لافت المهاجم البرازيلي الجديد «التون الميدا». واستهل مدير الجهاز الفني اليوناني جيورجيوس دونيس اللقاء، بطريقته في الموسم الماضي التي اعتمدت على ثلاثة لاعبين في قلب الدفاع، قبل أن يعود لطريقة الفريق التقليدية، في الدقائق الأخيرة من اللقاء. \n وكان لاعبو الفريق «ياسر القحطاني، عبدالله عطيف، نواف العابد، عبدالمجيد السواط» قد واصلوا صباح أمس برامجهم التأهيلية والإعدادية، فيما أكمل الثنائي ياسر الشهراني، سالم الدوسري برامجهما العلاجية بإشراف شريك الرعاية الطبية بوبا العربية. \nيشار إلى أن الفريق سيواصل اليوم تمارينه على فترتين «صباحية ، مسائية» كما جرت العادة منذ بداية المعسكر. \n",
    "date_extracted": "2015-07-31 03:45:42"
}