{
    "url": "http://aawsat.com/home/article/422226/ارتفاع-مبيعات-التمور-السعودية-إلى-500-مليون-دولار",
    "title": "ارتفاع مبيعات التمور السعودية إلى 500 مليون دولار",
    "author": "الرياض: فيصل ألماس",
    "content": "يبدأ اليوم بمدينة بريدة شمال العاصمة السعودية الرياض أكبر مهرجان للتمور في العالم، وهو ملتقى لإنتاج 7.2 مليون نخلة ولقاح لأكثر من 22 ألف مزرعة، مع توقعات بأن تصل قيمة المبيعات لأكثر من 500 مليون دولار (ملياري ريال) لأكثر من 250 ألف طن من مختلف أنواع التمور.\nويلتقي خلال المهرجان المزارعون والمستثمرون من داخل السعودية وخارجها وكذلك المتسوقون على مدى 40 يومًا مقبلة، لبيع وشراء الأصناف المختلفة من أجود أنواع التمور التي تشتهر بها منطقة القصيم. ويسجل مهرجان «بريدة عاصمة التمور» تغييرا جذريا في منظومة العمل والآلية التي حرص المنظمون من خلالها على إحداث التطوير، الذي سيسهم في تنشيط حركة السوق اليومية ودقة الحركة التجارية وتقييمها وفق معايير مدروسة.\nوقال عبد العزيز التويجري، مستثمر في سوق التمور السعودية، لـ«الشرق الأوسط»: «إن التطور الذي حصل خلال السنوات الماضية وبشكل تدريجي لتنظيم بيع التمور على شكل مزادات وأيضًا بالتجزئة، فتح المجال أمام العديد من المزارعين في منطقة القصيم لتنشيط هذا التجمع الذي يجلب لهم مستثمرين من خارج المنطقة»، مؤكدا أن «عدد السيارات المحملة بالتمور يتجاوز ألفي سيارة يوميا، تباع جميعها في المزاد الذي يبدأ الساعة 8 صباحا ولمدة ثلاث ساعات».\nوأكد التويجري أن التجمع عبارة عن حراك اقتصادي كبير لشباب سعودي منفتح للعمل، وثقافة عمل بروح الفخر، وملتقى تجار التمور حول العالم، لافتا إلى أنه في العامين الماضيين بدأ ظهور مستثمرين في السوق من أوروبا وآسيا، قاموا بسحوبات بسيطة للتجربة والتسويق في بلدانهم، الأمر الذي اختلفت معه الصور هذا العام بوجود طلبيات لسحوبات بكميات كبيرة واحترافية العمل ليتناسب مع التصدير، وأصبحت لهم مراكز تجميع وإنتاج في بريدة يقومون من خلالها بالتعليب والتغليف الجيد وإرسالها إلى دولهم.\nوعن أكثر الدول التي تعقد صفقات في المزادات ويجري التصدير لها، أوضح التويجري أن دولة الإمارات العربية تحتل الصدارة من حيث السحوبات والتصدير إلى مختلف أنحاء العالم عبر موانئها الحرة، متوقعا أن يصل التصدير في هذا العام إلى 20 في المائة بزيادة 8 في المائة عن العام الماضي.\nوعد المهندس صالح الأحمد، أمين منطقة القصيم المشرف العام على مهرجان بريدة للتمور، نجاح تنظيم المهرجانات الماضية بأنه أعطى مزيدا من التميز لفريق العمل الهادف إلى تطوير العمل وتحقيق التطلعات، والعمل على إضافات تسهم في اكتساب مستجدات تبرز مهرجان التمور، مبينا أن الأمانة خلال الفترة الماضية سخرت جهودها لتقديم الخدمات للمزارعين ورواد السوق في إحدى أهم أسواق التمور؛ سعيا لتحقيق التميز والنجاح للمهرجان الذي يعد استغلالا لأحد أهم مقومات المنطقة الاقتصادية، ويستثمر القيمة الكبيرة التي ترمز لها النخلة في المنطقة.\nمن جهته، كشف عبد العزيز المهوس، الرئيس التنفيذي للمهرجان، أبرز ملامح خطة عمل المهرجان الذي انطلق اليوم وسط منظومة متكاملة من الخدمات المساندة بما يخدم المزارع والتاجر والمستهلك في المهرجان، موضحا أن اللجنة التنفيذية مهتمة بضبط الجودة في السوق لضمان سلامة منتج التمور من الغش والمخالفات؛ ومعاقبة المخالفين وتغريمهم - إن وجدوا - من قبل أمانة منطقة القصيم عبر محاضر رسمية.\nوأشار خلال المؤتمر الصحافي الذي عقدته اللجنة التنفيذية للمهرجان، مساء أول من أمس في مركز النخلة في مدينة التمور جنوب بريدة، إلى أن اللجنة ستركز على إحصاء حركة السوق والكميات الواردة إليها، وستلتزم بالإعلان عنها للجميع بكل شفافية ودون مبالغات؛ كما ستفعّل دور الدلالين في السوق وتجعلهم شركاء في المسؤولية لضبط الجودة في السوق؛ لافتا إلى أن ما يجري تداوله من أسعار عالية لعدد محدود من عبوات التمور لا ينبغي الالتفات إليه ولا أن يؤخذ كقياس لواقع السوق الفعلي.\nوأفاد المهوس بأنه جرى إنشاء ساحة مخصصة للتحميل والتنزيل وشحن التمور على مساحة 12 ألف متر مربع، جرت تهيئتها بالكامل بالتعاون مع أمانة القصيم وإنشاء مكاتب وخدمات مساندة فيها لخدمة التجار في عملية التصدير إلى مناطق المملكة وخارجها؛ كما عملت اللجنة هذا العام على استحداث سوق تجزئة داخل خيمة بمساحة 1500 متر مربع، تضم 70 مبسطا مخصصة للسعوديين لخدمة المتسوقين في سوق يطغى بيع الجملة على مبيعاتها؛ إذ سيكون العرض متاحا طيلة أوقات عمل المهرجان وليس حصرا على وقت المزايدات، مما يتيح للمستهلكين فرصة الشراء خارج أوقات المزايدات.",
    "date_extracted": "2015-08-06 01:48:20"
}