{
    "url": "http://aawsat.com/home/article/423291/قاعدة-عسكرية-«افتراضية»-تسبب-أزمة-ثقة-بين-الجزائر-وتونس",
    "title": "قاعدة عسكرية «افتراضية» تسبب أزمة ثقة بين الجزائر وتونس",
    "author": "تونس: كمال بن يونس",
    "content": "عادت وسائل إعلام جزائرية وتونسية وبعض المواقع الإلكترونية إلى إثارة موضوع احتمال إبرام جهات رسمية تونسية مع السلطات الأميركية اتفاقا «سريا»، وذلك على هامش زيارة الرئيس التونسي الباجي قائد السبسي إلى واشنطن قبل أسابيع، يقضي بإحداث «قاعدة عسكرية أميركية في تونس تكون من بين مهامها التجسس على الفصائل الليبية المتقاتلة وعلى الجزائر».\nونفت السلطات التونسية، بما في ذلك الرئيس التونسي، وجود أي اتفاق مع الجانب الأميركي ينص على إحداث أي «قاعدة أميركية في أي نقطة من التراب التونسي».\nوفسر الطيب البكوش، وزير الخارجية التونسي، في تصريح لـ«الشرق الأوسط» توقيع «اتفاق تعاون عسكري» جديد بين تونس والحلف الأطلسي بكونه «مجرد محضر تعاون تقليدي، منحت واشنطن بموجبه تونس» صفة الحليف المميز التي «لن تحدث تغييرا جوهريا في علاقات البلدين، ولا في علاقات الحلف الأطلسي ببقية دول جنوب البحر الأبيض المتوسط»، ومن بينها الجزائر والمغرب والأردن ومصر، التي انخرطت منذ 2004 في آلية «الحوار الأطلسي المتوسطي»، تنفيذا لتوصيات مؤتمر قيادة الحلف الأطلسي بمدينة إسطنبول التركية في نفس العام.\nلكن بعض وسائل الإعلام الجزائرية والتونسية ما تزال تواصل انتقادها لمحسن مرزوق، الأمين العام لحزب نداء تونس، والوزير المستشار السياسي السابق لرئاسة الجمهورية، حيث تتهمه بكونه مهندس هذا الاتفاق التونسي الأميركي: «الذي أغضب رسميين جزائريين رغم توضيحات كل الرسميين التونسيين ومحاولاتهم رفع الالتباس».\nمن جانبه، قال السفير خميس الجهيناوي، المستشار الدبلوماسي للرئيس التونسي، لـ«الشرق الأوسط» إنه زار الجزائر، والتقى الرئيس الجزائري عبد العزيز بوتفليقة، وثلة من كبار مساعديه، وبينهم رئيس الحكومة عبد المالك سلال، وأبلغهم تطمينات رئيس الجمهورية التونسي قائد السبسي عن «استحالة وجود أي مخطط تونسي لإقامة قواعد أجنبية على أرضه، أو الاشتراك في أي مشروع يستهدف أمن الجزائر أو ليبيا»، موضحا أن «تونس رفضت دوما كل المقترحات التي قدمت إليها بخصوص إنشاء قواعد عسكرية أجنبية على أراضيها».\nورغم هذه التطمينات المتتالية، تتابع أطراف عروبية وقومية تونسية انتقاداتها لتوقيع الأمين العام لحزب نداء تونس «مذكرة تفاهم مع وزير الخارجية الأميركي جون كيري حول منح تونس صفة الحليف المميز في الحلف الأطلسي، مع الإشارة إلى أن الأمر لا يتعلق بعضوية الحلف»، وقد تزايدت حدة هذه الانتقادات بشكل كبير بعد استضافة قيادة حزب نداء تونس رئيس فرنسا السابق نيكولا ساركوزي، وتنظيمهما اجتماعا مشتركا أدلى فيه زعيم اليمين الفرنسي السابق بتصريحات انتقدتها سلطات الجزائر رسميا، ووصفتها بأنها «عدائية». وكان ساركوزي قد وصف في ذلك الاجتماع الوضع في دولة الجزائر بالغموض، ودعا إلى حسمه في سياق مؤسسات الاتحاد الأوروبي، وإلى تدويل «الأزمة الجزائرية».\nوتواصل هذه الأطراف انتقاداتها للقاعدة العسكرية الأميركية «الافتراضية»، وبينها بعض قيادات اليسار «الراديكالي» في تونس، مثل «الجبهة الشعبية» بزعامة حمة الهمامي، وحزب الشعب بزعامة زهير المغزاوي، وحزب التيار الشعبي بزعامة زهير حمدي. وقد روجت مصادر إعلامية مقربة من السلطات الجزائرية أن «تعليمات» صدرت إلى عبد القادر حجار، سفير الجزائر في تونس والمقرب من الرئيس بوتفليقة، وإلى موظفي السفارة بمغادرة تونس احتجاجا على تصريحات الرئيس الفرنسي السابق ساركوزي حول الجزائر خلال وجوده في تونس، بدعوة من أمين عام الحزب محسن مرزوق، الذي وقع اتفاقية الحلف الأطلسي مع جون كيري، لكن مصادر رسمية جزائرية في السفارة فندت هذه «الإشاعات»، وأكدت أن السفير الجزائري وطاقمه يتابعون عملهم في تونس.\nولئن لوحظ تغيب السفير الجزائري والصديق الشخصي للرئيس بوتفليقة عبد القادر حجار مؤقتا عن تونس، إلا أنه عاد إليها بسرعة، حيث شوهد مجددا خلال مقابلة علنية جمعته بوزير الطاقة الجزائري صالح خيري ورئيس الحكومة التونسية في مقر رئيس الحكومة. وقد أعلن في أعقاب تلك المقابلة عن إجراءات دعم الاقتصاد التونسي من قبل الجزائر، ومن بينها توفير كميات هائلة من الغاز الطبيعي والمحروقات الجزائرية لتونس بسعر تفضيلي، ومنحها قرضا قيمته 100 مليون دولار بنسب فائدة «منخفضة جدا».\nلكن مرحلة الشد والجذب في العلاقات التونسية الجزائرية ما تزال متواصلة بسبب «إشاعة القاعدة العسكرية» أو من دونها، ويبدو أن «الحرب الأهلية في ليبيا»، وغموض الوضع الأمني في كامل المنطقة، انطلاقا من مالي ودول الساحل والصحراء، من بين العوامل التي ستجعل تونس والجزائر محكومتين بمزيد من التنسيق الأمني والشراكة الاقتصادية، تحسبا لكل سيناريوهات تدويل الأزمات الإقليمية، وبينها الأزمة الليبية.",
    "date_extracted": "2015-08-06 02:37:10"
}