{
    "url": "http://aawsat.com/home/article/422766/المعيبد-وضع-الاتفاق-محزن",
    "title": "المعيبد: وضع الاتفاق محزن",
    "author": "الدمام: علي القطان",
    "content": "دعا عدنان المعيبد عضو اللجنة المكلفة بتسيير أمور نادي الاتفاق وعضو الاتحاد السعودي لكرة القدم، رئيس الاتفاق عبد العزيز الدوسري إلى المبادرة بعقد اجتماع موسع من كل الاتفاقيين لبحث مستقبل النادي بشكل عاجل، واصفا إياه بكبير الاتفاقيين وصاحب الإنجازات.\nوقال المعيبد: «أوجه رسالة محبة وصادقة إلى عبد العزيز الدوسري الذي أعتبره كبير الاتفاقيين بأن يبادر إلى عقد اجتماع مصالحة موسع يبحث فيه مع كل الاتفاقيين مستقبل النادي ويتم التوافق على المصلحة العامة».\nوواصل: «وجهت دعوة لعبد العزيز لأنه الرجل الأنسب لتقديم هذه المبادرة ووصفي له بكبير الاتفاقيين ليس من باب المجاملة بل لأنه (الرجل الذهبي) والرمز الكبير في هذا الكيان، هو من دعم كل الشخصيات الاتفاقية وبأشكال مختلفة للوصول إلى مناصب كبيرة على مستويات عدة من بينهم الراحل الكبير عبد الله الدبل وكذلك خليل الزياني وغيرهم».\nوتابع: «هو من الداعمين لي شخصيا للدخول في مجال العمل الرياضي مع الاتفاق أولا ثم مرشح للنادي للجمعية العمومية للاتحاد السعودي لكرة القدم والذي وصلت من خلاله إلى هذا المنصب، الاتفاق خرج منه الكثير من القيادات الرياضية في عدة مجالات وبدعم من هذا الرجل، هناك دعوة قدمت من الدكتور هلال الطويرقي في رمضان قبل الماضي ولكنها لم تلقَ التفاعل المطلوب، ولذا أفضل أن تأتي هذه المرة من الكبير عبد العزيز الدوسري لتضاف إلى إنجازاته الذهبية».\nوعن مدى تفاؤله بالمرحلة القادمة لنادي الاتفاق والتي من المقرر أن تشهد انتخابات لإدارة تتولى قيادة النادي لأربع سنوات قادمة، قال: «من المهم جدا أن أتفاءل، صحيح أن ما جرى للاتفاق في الفترة الأخيرة أمر محزن جدا وهز الكرة السعودية بالكامل، لكن المؤسف حقا أن نعترف أن سقوط الاتفاق إلى دوري الدرجة الأولى سبقته مؤشرات في السنتين الأخيرتين ولكن لم يتوقع الكثيرون أن تصل الأمور إلى حد الهبوط والذي ولد كثيرا من المشكلات، وأتمنى أن تكون أكثر هدوءا ويكون مستقبل النادي أكثر إشراقا».\nوعن زيارته لمقر الاتفاق الجديد وهل ذلك يعتبر دعما للمرشح خالد الدبل، قال: «زيارتي لمجموعة الاتفاق الجديد كانت بناء على دعوة للاطلاع على البرنامج الانتخابي والذي أعتبره مميزا وواعدا جدا ومن بين محتوياته جوانب استثمارية وكذلك الاهتمام باللاعبين منذ سن 8 أعوام، ولو أنني تلقيت دعوة للاطلاع على برنامج للاتفاق خبرة وشباب أو من منافس ثالث لوافقت بكل سعادة على الحضور للمقر والاطلاع، أنا اتفاقي مستقل جدا والجميع يعرف ذلك لست مع شخص ضد آخر، ما يهمني هو رفعة الاتفاق وعودته إلى المكان الذي يستحقه».وفي ما يخص تمرد النجوم وآخرهم علي الزبيدي الذي عاد من تركيا نتيجة عقوبة إدارية وقبله تأخر محمد كنو عن الانتظام في المعسكر، قال: «بالنسبة لكنو تأخر لظروف عائلية، وحقيقة لا يمكن وصف ما حصل منهم بالتمرد، بل هو تفكير سلبي وتخوف على مستقبلهم من الانضمام إلى المنتخب، وهذا أمر طبيعي، ولكن الأكيد أن اللاعب الكفء يمكن أن ينضم إلى المنتخب في أي ناد كان سواء في الممتاز أو الأولى، وعليهم الاطلاع على تجارب نجوم كبار في السعودية والعالم والإخلاص الذي قدموه مثل محمد الدعيع وتجربه انتقاله للهلال من الطائي، وكذلك الأرجنتيني باتيستوتا أو حتى فريق ميلان الإيطالي وكيف أخلص اللاعبون لفرقهم وهو في دوري أقل، ثم إن قيمة اللاعب المعنوية والمادية ترتفع كلما أخلص لناديه، يمكن لأي لاعب يمر فريقه بهذه الظروف أن يتحدث مع الإدارة لتحسين وضعه الشخصي دون أي تصعيد وتصرفات لا يمكن أن تنفعه، بل تسيء إلى سمعته».\nيذكر أن الاتفاق يعتبر سادس الأندية السعودية من حيث الإنجازات وهو صاحب عدة أسبقيات في السعودية حيث حقق الدوري بلا خسارة، كما حقق أول بطولة خارجية لفريق سعودي خارجيا وبقي بين الكبار لأكثر من 35 عاما وكان ممثلا وحيدا للشرقية في الدوري الممتاز لسنوات لكنه سيغيب عنه للموسم الثاني على التوالي حيث سيلعب في دوري الدرجة الأولى، بينما تشارك ولأول مرة أربع فرق من الشرقية في دوري عبد اللطيف جميل الممتاز في الموسم الجديد.",
    "date_extracted": "2015-08-06 01:48:43"
}