{
    "url": "http://aawsat.com/home/article/423381/11-محافظة-عراقية-تتظاهر-ضد-حكومة-حيدر-العبادي",
    "title": "11 محافظة عراقية تتظاهر ضد حكومة حيدر العبادي",
    "author": "البصرة: فارس الشريفي",
    "content": "عند النظر إلى خارطة العراق المكونة من 18 محافظة نجدها اليوم موزعة على النحو التالي، 3 تتمتع بحكومة شبه مستقلة عن المركز، وهي محافظات إقليم كردستان (أربيل، سليمانية، دهوك)، وواحدة غير مستقرة أمنيا سواء بفعل مكوناتها أو قرب تنظيم داعش منها وهي (كركوك)، وثلاث تعتبر ساحات قتال ومعارك وهي (صلاح الدين، الأنبار، ونينوى)، و11 محافظة بما فيها العاصمة بغداد تشهد حاليا حراكا شعبيا أسفر عن مظاهرات بسبب سوء الخدمات خرجت على حكومة رئيس الوزراء العراقي حيدر العبادي، وشارك بها مئات الآلاف من العراقيين وهي (بغداد، بابل، كربلاء، النجف، الديوانية، المثنى، واسط، ذي قار، ميسان، البصرة) ليكون العراق ساخنا وملتهبا كصيفه هذا العام والذي ارتفعت به درجات الحرارة إلى مديات غير مسبوقة.\nالسخط الشعبي على حكومة العبادي الذي تشهده محافظات الوسط والجنوب العراقية، لم يترك مدينة إلا وحط فيها حتى تلك التي تعتبر أكثر استقرارا كمدينة العمارة مركز محافظة ميسان (400 كلم جنوب بغداد) والتي يضرب فيها المثل في العراق بساعات تجهيز الكهرباء والخدمات المقدمة للمواطنين، لكن أكبرها كان في مدينة الناصرية مركز محافظة ذي قار (375 كلم جنوب بغداد)، فيما قد تشهد مدينة الحلة مركز محافظة بابل (100 كلم جنوب بغداد) شرارة لعصيان مدني قد يغير خارطة الحكومة العراقية، بينما يستعد ناشطون مدنيون إلى التنسيق يوم الجمعة للخروج في مظاهرة موحدة في ذات التوقيت وبجميع المدن.\nوقال حميد اللامي، أحد المتظاهرين الذين خرجوا إلى شارع دجلة بمدينة العمارة في حديث لـ«الشرق الأوسط»: إن «مظاهرات مدينة العمارة تعد الأكبر بالمقارنة مع المظاهرات التي خرجت خلال الأعوام السابقة وهي تتشابه بالمطالب مع بقية المظاهرات التي شهدتها مدن عراقية أخرى لكن مطلبنا المختلف نوعا ما هو أن تتحول الكابينة الوزارية إلى حكومة تكنوقراط فالحل يكمن هنا بإلغاء المحاصصة».\nوأضاف أن «محافظة ميسان تشهد إعمارا وتجهيزها بالطاقة الكهربائية مرتفع لكن مللنا من سلب أموال الشعب من قبل أناس هم قطعان من الحرامية».\nالعصيان المدني قد تكون شرارته من مدينة الحلة، مركز محافظة بابل والتي شهدت بناء سرادق وخيم بالقرب من مبنى الحكومة المحلية، حيث توعد المتظاهرون بأن تكون لهم صرخة مدوية بعد مظاهرة شهدتها المدينة مؤخرا.\nوقال أيسر الخفاجي، أحد المتظاهرين الذين خرجوا في مدينة الحلة في حديث لـ«الشرق الأوسط»: إن «مدينة الحلة مظلومة بساعات تجهيز الكهرباء رغم وجود أكثر المحطات لتوليد الطاقة الكهربائية ومنها (محطة المسيب العملاقة) لكن سياسة وزارة الكهرباء ضدها مبهمة وغير معروفة لذا خرجنا بمظاهرات وسط المدينة وحاليا نعمل على إقامة السرادق والخيم للبدء بعصيان مدني».\nوأضاف أن «مطالبنا ليست مستحيلة التنفيذ ولكن هناك إهمال متعمد بأخذها بعين الاعتبار وهذا ما يدفعنا إلى النزول للشارع في عصيان مدني ومتأكدون أنه حق دستوري».\nالمتظاهرون في جميع المدن العراقية وكأنه وجد بينهم تنسيق في الرؤى والأهداف رغم أن مظاهراتهم عفوية وليس لها جهة تتحدث بها أو تنسيقيات كما حدث في المظاهرات التي شهدتها العاصمة بغداد قبل عامين أو تلك التي كانت في المناطق الغربية.\nوقال المحلل السياسي الدكتور محمد فيصل في حديث لـ«الشرق الأوسط»: إن «المظاهرات الأخيرة التي شهدتها 11 محافظة عراقية بما فيها مدن عدة من ذات المحافظة تشكل أكبر خطر على حكومة رئيس الوزراء حيدر العبادي التوافقية شكلا حيث يبدو أن الأحزاب المشكلة لها غير مسيطرة وغير مؤثرة في جمهورها وخاصة بعد سلسلة فضائح الفساد التي بدأت تعصف بها واختيار أشخاص غير مؤهلين وغير مرغوبين في الشارع العراقي ليكونوا واجهات لأحزابهم في هذه الحكومة».\nوأضاف أن «اللافت للنظر هو أن مطالب المتظاهرين في كل المدن العراقية موحدة تقريبا رغم عدم إعلان جهة عن تنظيمها أو حتى عدم وجود تنسيقيات بين تجمعات المتظاهرين لذا فهي عفوية يسيرها فقط الآراء في مواقع التواصل الاجتماعي ومنها نلاحظ دعوات لأن يكون يوم الجمعة هو موعد لجميع المظاهرات».\nوتابع: «على حكومة العبادي وأحزاب السلطة إن أرادوا امتصاص زخم هذه المظاهرات التعامل معها بحكمة وروية وإلا فإن شعارها (نريد إصلاح النظام) سيتحول إلى (نريد إسقاط النظام) وحينها لن يفيد أي حل».\nيذكر أن العراق يشهد حراكًا جماهيريًا واسعًا وخلال الفترة الأخيرة احتجاجًا على تردي الخدمات وتفشي الفساد وعدم قدرة الحكومات المتعاقبة على معالجة ذلك وخرجت أولى المظاهرات في البصرة لتعم بعد ذلك جميع المدن الواقعة تحت سيطرة الحكومة العراقية.",
    "date_extracted": "2015-08-06 02:37:23"
}