{
    "url": "http://aawsat.com/home/article/422321/الإعلان-عن-النسخة-الثانية-من-جائزة-اليونيسكو-للتعليم",
    "title": "الإعلان عن النسخة الثانية من جائزة اليونيسكو للتعليم",
    "author": "المنامة: «الشرق الأوسط»",
    "content": "صرح الدكتور ماجد بن علي النعيمي، وزير التربية والتعليم بالبحرين، أن منظمة الأمم المتحدة للتربية والعلوم والثقافة (اليونيسكو) قد أعلنت عن النسخة الثانية من «جائزة اليونيسكو - الملك حمد بن عيسى آل خليفة لاستخدامات تكنولوجيا المعلومات والاتصال في مجال التعليم»، وذلك على موقع المنظمة الإلكتروني.\nوتم فتح المجال للتقدم بطلب الترشح أمام المنظمات والهيئات والمعاهد والجامعات والمؤسسات المختصة في هذا المجال، وكذلك أمام الباحثين والمبدعين من مختلف أرجاء العالم، ويغلق باب الترشح في 10 نوفمبر (تشرين الثاني) المقبل.\nموضوع الجائزة لهذا العام هو «التجديد التربوي في مجال استخدام تكنولوجيا المعلومات والاتصال في التعليم والتعلم».\nوأشار الوزير إلى أن الجائزة أسهمت خلال نسختها الأولى في تشجيع التعاون الدولي في استخدام تكنولوجيات المعلومات والاتصال في مجال التعليم، وتكريم الأعمال الرائدة، بعد أن تم الاختيار من قبل لجنة تحكيم تضم خبراء دوليين اختارتهم هذه المنظمة العريقة.\nمن جانب آخر، قال بيان سكرتارية الجائزة إنها تهدف إلى تحفيز الأفراد والمؤسسات التي تجتهد في تعريف العملية التربوية وتعزيزها من خلال الاستفادة من الثورة الرقمية وتكنولوجيا المعلومات والاتصال، على نحو يعيد صياغة منظومة إجراءات العملية التربوية وفقا للمميزات الشخصية لكل طفل أو متعلم، ويهدف إلى تشجيع الاستكشاف والاختراع.\nوسيقوم مدير عام منظمة اليونيسكو بإعلان اسمي الفائزَيْن بالجائزة؛ حيث يتلقى كل منهما مبلغا ماليا قدره 25 ألف دولار وشهادة معتمدة. ووجه البيان الدول الأعضاء لإعلان رعاياها من أفراد ومؤسسات لتقديم ملفات الترشح لنيل الجائزة؛ حيث يسمح لكل دولة بتقديم ثلاثة طلبات.\nيذكر أن الجائزة أمضت في نسختها الأولى ست دورات ناجحة، فاز فيها 21 شخصا من أميركا وبريطانيا وروسيا والصين وألمانيا وفرنسا وكوريا الجنوبية وفنلندا وأستراليا وآيرلندا وبلجيكا، والمكسيك وفنزويلا وبيرو والفلبين وتايلاند وتشيلي، إلى جانب الكويت والأردن ومصر، وتسلموا جميعهم جوائزهم خلال احتفال تقيمه اليونيسكو بالتعاون مع وزارة التربية والتعليم في البحرين، بحضور ممثل عن الملك حمد بن عيسى آل خليفة، ومدير عام اليونيسكو وكبار المسؤولين بالمنظمة.",
    "date_extracted": "2015-08-06 01:49:30"
}