{
    "url": "http://aawsat.com/home/article/422681/استقالة-قيادي-كبير-في-طالبان-بسبب-خلافة-الملا-عمر",
    "title": "استقالة قيادي كبير في طالبان بسبب خلافة الملا عمر",
    "author": "كابل: محمود رحماني",
    "content": "أعلن مسؤول كبير في حركة طالبان الأفغانية، وهو الملا سيد محمد طيب أغا مسؤول المكتب السياسي للجماعة في العاصمة القطرية الدوحة، استقالته من منصبه بعد وفاة زعيم الحركة الملا عمر قبل سنتين وأربعة أشهر، وهو أول مسؤول رفيع في الحركة يستقيل من منصبه بعد التأكد من أن الزعيم الروحي للجماعة لم يعد موجودا.\n\n وقال مصادر مقربة من أغا، لـ«الشرق الأوسط»، إن الرجل استقال احتجاجا على إخفاء خبر رحيل مؤسس الحركة عن القادة البارزين خصوصا عن المكتب السياسي في قطر، وهو الجهة المخولة رسميا من قبل الملا عمر بإجراء مساعي الحوار والتواصل مع الحكومة الأفغانية أو المجتمع الدولي لإنهاء الصراع الجاري في البلاد. وأشار المصدر إلى أن طيب أغا استقال أيضًا احتجاجا على تعيين الملا اختر منصور زعيما جديدا للحركة. ونقل المقربون من الملا أغا قوله: «إن كتمان خبر وفاة الملا عمر زعيم الحركة على مدى عامين ونصف العام كان خطأ تاريخيا، وإن الموافقة على إجراء المفاوضات عن طريق باكستان لعبت دورا مهما في إبراز ذلك الخبر».\n\n من جهته، يقول حكمة الله صافي، خبير الشؤون الأفغانية الذي يتابع شؤون الحركة وأنشطتها عن قرب، لـ«الشرق الأوسط»، إن استقالة الملا طيب أغا مؤشر على وجود خلافات داخل الحركة بعد وفاة زعيمها، مشيرا إلى أن طيب أغا، وهو المسؤول المباشر عن فتح قنوات التواصل مع الحكومة والمجتمع الدولي، أصيب بخيبة أمل بسبب إخفاء خبر وفاة الملا عمر عنه لسنوات طويلة، كما أن الرجل يعتقد أن تعيين زعيم جديد للجماعة من خارج أفغانستان ستكون له نتائج عكسية وكارثية على مستقبل طالبان، في إشارة إلى انتخاب الملا اختر منصور أميرا جديدا للمسلحين في مدينة كويتا الباكستانية.\n\n وأوضح طيب أغا في بيان وزعه أمس على أجهزة الإعلام أنه قرر بنيّة خالصة إنهاء عمله على رأس المكتب السياسي لحركة طالبان، وأنه لا دخل له في البيانات المنسوبة للحركة أو القرارات والإجراءات التي تتخذ باسمها. وأضاف أنه لن يقابل بعد اليوم أيا من أطراف الداخل أو الخارج إلا بوصفه مواطنا أفغانيا وعضوا في الحركة وزميلا لزعيمها الراحل.\n\n ودعا طيب أغا مسؤولي الحركة للانتقال إلى أفغانستان كي يتخذوا قرارات وصفها بالمهمة، ومنها انتخاب القيادة الجديدة للحركة بحرية تامة. كما دعا المسؤولين العسكريين والقادة الميدانيين إلى التزام الوحدة والاستقلالية وحفظ أرواح المواطنين وأموالهم، وألا يستهدفوا الدول والأطراف التي قال إنها تسهم في إعمار أفغانستان.\n\n من ناحيته، قال نظير محمد مطمين، وهو كاتب سياسي وخبير في شؤون جماعة طالبان، إن الانقسامات أمر طبيعي في طالبان بعد وفاة زعيمها، وإن استقالة طيب أغا لن تكون حالة نادرة، وإنه لن يكون الضحية الأولى لعملية السلام في البلاد، مشيرا إلى استقالات أخرى ستحصل في الجماعة.\n\n ونقل راديو «بي بي سي» أمس عن الملا أغا قوله «إن الجماعة المسلحة يجب أن تتعامل مع شؤونها من داخل أفغانستان بما في ذلك تعيين زعيم جديد لها، غير أنه لم يشر بشكل مباشر إلى الملا أختر منصور الذي كان قد أعلن زعيما جديدا للحركة عقب اجتماع لها في باكستان».\n\n تجدر الإشارة إلى أن أختر منصور قد تولى مؤخرا قيادة حركة طالبان المناوئة للنظام الحاكم في أفغانستان بعد أن تأكدت رسميا وفاة القائد السابق الملا عمر، حيث انسحب ابن وشقيق الملا عمر من اجتماع الحركة الجمعة الماضية احتجاجا على اختيار أختر لقيادة الحركة.\n\n وفي العاصمة الأفغانية كابل، تتناقل وسائل إعلام محلية الأخبار التي تتحدث عن وقوع اشتباكات دموية بين فصائل مختلفة في حركة طالبان على خلفية تعيين زعيم جديد لها، حيث يقول الإعلام الأفغاني إن الأنباء الواردة من مدينة كويتا الباكستانية لا تبشر بخير بالنسبة لحركة طالبان، حيث تفيد الأنباء الواردة من هناك بأن معارك اندلعت بين أنصار الملا اختر منصور ومعارضيه في مناطق مختلفة من كويتا أدت إلى مقتل عدد من قادة الطرفين.\n\n وقال النائب الأول لرئيس البرلمان الأفغاني ظاهر قدير إن المعلومات تشير إلى أن نجل زعيم طالبان السابق الملا يعقوب قتل في كمين لأنصار أختر منصور في كويتا، غير أن طالبان نفت مقتل الرجل.\n\n كما تشير الأخبار إلى أن اشتباكات متقطعة وقعت بين فصائل طالبان المؤيدة للزعيم الجديد ومعارضين له في كل من منطقة تورا بورا وولاية هلمند ومنطقة وزيرستان، والأوضاع مرشحة لمزيد من التصعيد بين الطرفين.\n\n إلى ذلك، حظرت السلطات الأفغانية أول من أمس التجمعات المرتبطة بالحداد على وفاة زعيم حركة طالبان السابق الملا عمر، محذرة من أن أي مراسم من هذا النوع ستعتبر «هدفا شرعيا» للقوات الأفغانية. وأكدت حركة طالبان، الخميس، وفاة الملا عمر الذي قاد الحركة نحو 20 عاما. ويأتي إعلان السلطات الأفغانية الاثنين بعد ساعات من استهداف القوات الأفغانية لجنازة رمزية للملا عمر في ولاية غزني شرق البلاد، مما أسفر عن سقوط قتلى بين المتمردين.\n\n وقال المتحدث باسم مديرية الأمن الوطني حسيب صديقي إن «الملا عمر كان المسبب الأكبر للحرب والتخلف في تاريخ أفغانستان الحديث، وكان مسؤولا عن قتل آلاف الأفغان». وأضاف «لذلك أي مراسم تأبين أو حداد عليه تعتبر إهانة لآلاف الشهداء في هذه الأمة. وتابع صديقي أن «الحكومة الأفغانية أمرت كل قوات الأمن والدفاع باعتبار أي تجمعات لدعمه هدفا عسكريا شرعيا».\n\n من جهته، قال نائب حاكم غزني محمد علي أحمدي إن حركة طالبان نظمت مراسم أول من أمس قرب عاصمة الولاية. وأوضح لوكالة الصحافة الفرنسية أن الحركة «طلبت من السكان المحليين تأمين ثلاثة آلاف رغيف خبز، فضلا عن خرفان وأبقار لذبحها. وأغلق المتمردون الطرقات الرئيسية وأجبروا السكان والمارين على حضور المراسم. وأشار إلى أن «القوات الحكومية شنت هجوما قتلت فيه خمسة من طالبان على الأقل وأوقفت الاحتفال قرب مدينة غزني». وأكد عضو في مجلس ولاية غزني الحادث، مشيرا إلى «مقتل عدد من عناصر طالبان».\n\n ونظمت مراسم شبيهة في باكستان أيضا. وأدى حافظ سعيد، رئيس المنظمة الإسلامية الباكستانية التي تعتبر غطاء للمجموعة المسؤولة عن اعتداءات مومباي الدموية في 2008، الأسبوع الماضي صلاة «الجنازة» أمام ألف من مريديه في مدينة لاهور شرقا، وفق متحدث باسم المنظمة.\n\n وأنهى تأكيد وفاة الملا عمر سنوات من الشائعات حول مصيره، وهو الذي لم يظهر إلى العلن منذ عام 2001 بعد الغزو الأميركي لأفغانستان.",
    "date_extracted": "2015-08-06 01:47:51"
}