{
    "url": "http://aawsat.com/home/article/422601/5-تحفظات-فرنسية-على-الاتفاق-النووي-مع-إيران",
    "title": "5 تحفظات فرنسية على الاتفاق النووي مع إيران",
    "author": "باريس: ميشال أبو نجم",
    "content": "منذ الزيارة التي قام بها وزير الخارجية الفرنسية إلى طهران بداية الأسبوع الماضي، طغت الاهتمامات الاقتصادية والتجارية على تغطية الإعلام الفرنسي لتبعات الاتفاق النووي مع إيران المبرم في 14 يوليو (تموز) الماضي. والسؤال المطروح اليوم في باريس يتناول بالدرجة الأولى الموقع الذي ستحتله الشركات الفرنسية في الأشهر المقبلة في السوق الإيرانية وسرعة التطبيع الحالي بين العاصمتين، علما بأن الرئيس هولاند قد دعا رسميا نظيره الإيراني حسن روحاني للمجيء إلى باريس في شهر نوفمبر (تشرين الثاني) المقبل. وتعكس الدعوة وهي الأولى من نوعها للرئيس الإيراني من دولة غربية كبرى، رغبة فرنسية في الإسراع في عملية التطبيع. ولا شك أن هولاند، كما تقول مصادر الإليزيه، سيلتقي روحاني في نيويورك الشهر المقبل، على هامش أعمال الجمعية العمومية للأمم المتحدة بحيث يكون اللقاء الثالث بين المسؤولين.\nلا تنحصر توقعات باريس بالعقود والشراكات وحدها، بل إنها تأمل بأن طهران ما بعد الاتفاق ستساهم إيجابيا بالعثور على حلول لأزمات المنطقة الشرق الأوسطية أكان ذلك في سوريا والعراق ولبنان أو بخصوص اليمن وأمن الخليج بشكل عام. لكن القراءة الفرنسية الرسمية، كما عبر عنها الوزير فابيوس عقب عودته من طهران، لا تبشر بتغير «سريع». قال فابيوس: «البعض يرى أن الاتفاق «النووي» سيحمل الإيرانيين على تعديل سياستهم الإقليمية بالكامل. أما أنا، فإنني أكثر حذرا ولست واثقا بأن يحصل تغيير في الوقت الحاضر». وربط الوزير الفرنسي بين التغيير المنتظر وبين «نهوض الاقتصاد الإيراني» الذي «قد يحملهم مستقبلا على التطور».\nترى الأوساط الفرنسية في ممانعة إيران «حتى الآن» في إظهار أي ليونة ملموسة إزاء البؤر المشتعلة في المنطقة «أولى الخيبات» رغم تصريحات الرئيس روحاني أول من أمس، حيث اعتبر أن الاتفاق سيفتح الباب لمناخ جديد يساعد على حلحلة الأزمات. وتتخوف الأوساط المشار إليها من أن تكون طهران قد اعتبرت أن قبولها الاتفاق النووي وما يفرضه من قيود على برنامجها يعني أنها «أدت واجبها وانتهى الأمر عند هذا الحد لتستمر في سياساتها السابقة». وما يزيد من مخاوفها خطاب المرشد الأعلى علي خامنئي، يوم عيد الفطر ومباشرة عقب التوقيع على الاتفاق، حيث أكد استمرار إيران بدعم حلفائها في لبنان وسوريا واليمن وتأكيده أن التوقيع على الاتفاق «لن يغير السياسة المبدئية» لإيران. وجاء هذا التحذير القاطع ليبرد حماسة الكثيرين الذين رأوا وبشروا بأن إيران ما بعد الاتفاق ستكون غير إيران ما قبله.\nلا تتوقف التساؤلات عند تبعات الاتفاق الإقليمية وحدها، بل إنها تتناول صلبه وقدرته حقيقة على لجم الاندفاع الإيراني نحو السلاح النووي ومنع طهران من الحصول عليه في الأمد البعيد. ورغم أن باريس، باعتراف الجميع، كانت الأكثر تصلبًا من بين مجموعة خمسة زائد واحد خلال جولات المفاوضان وأنها نجحت في جعله «أكثر صلابة» بحسب التعبير المفضل لفابيوس، إلا أن ذلك لم يمنع بروز علامات استفهام وتحفظات عليه وأهمها خمسة.\nتقول أوساط إعلامية وبحثية فرنسية إن التحفظ الأول يتضمنه السؤال التالي: ما الذي سيحصل لبرنامج إيران النووي بعد عشر سنوات وهي مدة فرض الرقابة المنصوص عليها في الاتفاق، خصوصا أن إيران ستحفظ بقدرتها على التخصيب المخفض وبالقيام بالدراسات والبحوث النووية على الطاردات الجديدة؟ وبكلام آخر، فإن الموضوع النووي الإيراني سيعود إلى المربع الأول، لو افترضنا جدلا أن طهران ستقوم بالتنفيذ الحرفي لبنود الاتفاق، بعد عشر سنوات وبذلك يكون الاتفاق قد «أجل» المشكلة لكنه لن يحلها.\nبالطبع، الجواب الرسمي الفرنسي على ذلك هو أن القيود الموضوعة على إيران ستمنعها من تطوير قدراتها النووية وأن قبولها عمليات التفتيش الدقيقة يشكل الضمانة لذلك. فضلاً عن ذلك، يرد فابيوس على من ينتقد الاتفاق أو يطرح بشأنه أسئلة بأن الفترة التي كانت تحتاجها طهران للوصول إلى الحافة النووية لما يسمى بالإنجليزية «Break out» كانت تقدر بشهرين وهي الآن أصبحت، بفضل الاتفاق، تزيد على 12 شهرا وذلك لفترة عشر سنوات. ثم إن القيود على البرنامج الإيراني تختلف باختلاف القطاعات المعنية في الدورة النووية إذ تصل بصدد بعضها إلى عشرين سنة. والموقف الرسمي الفرنسي أن النجاح في العودة الآلية إلى العقوبات في حال أخلت طهران بالتزاماتها يعد أيضًا إنجازا مهمًا لم تكن طهران قابلة لمبدئه.\nبالإضافة إلى التحفظ الأول، تتساءل الأوساط الفرنسية عن آليات الرقابة التي من شأنها التأكد من أن إيران لا تمتلك برنامجًا نوويًا موازيًا وأنها تطبق بنود الاتفاق بحذافيرها. وتقول هذه الأوساط إن طهران نجحت في إخفاء برنامجها وبحوثها ومواقعها النووية لعدة سنوات. وأبرز مثال على ذلك موقع ناطانز الذي لم يكشف عن وجوده إلا بفضل المعلومات التي نقلتها جماعة «مجاهدين خلق» من داخل إيران. فضلاً عن ذلك، لا تبدي الأوساط الفرنسية ارتياحًا كافيًا لآلية تفتيش المواقع والترخيص المعطى للوكالة الدولية للطاقة النووية لزيارة المواقع العسكرية ذات الصلة بالبرنامج النووي لأنها تتطلب مهلاً بعضها يمكن أن يكون طويلاً ما من شأنه أن يسمح لإيران بأن تخفي نشاطاتها النووية أو تنقلها إلى مواقع أخرى.\nيبدو العنصر الإنساني التحفظ الثالث أحد مصادر التخوف الغربي من الاتفاق إذ ثمة إجماع على أن إيران تمتلك العنصر البشري الكافي والمعرفة التكنولوجية الضرورية لاجتياز الحافة النووية عندما ترغب بذلك. والحال، تقول الأوساط الفرنسية، إن الاتفاق لا يأتي على ذلك أبدًا لا، بل إن المفاوضين الإيرانيين عارضوا بشدة تسهيل وصول المفتشين الدوليين إليهم. وفي أي حال، تبدو الأسرة الدولية عديمة الوسائل للتعامل مع هذا الموضوع.\nإذا كان المفاوضون الغربيون والجانب الفرنسي بالدرجة الأولى قد اعتبروا إقرار العمل بمبدأ إعادة فرض العقوبات «مبدأ Snap Back» في حال لم تلتزم إيران تعهداتها، إلا أن تساؤلات كثيرة تثار حول الآلية المعقدة والحاجة إلى المرور بمجلس الأمن الدولي والمهل الزمنية الطويلة التي تنص عليها «65 يومًا» والتي يراها البعض كافية للجانب الإيراني من أجل تسريع برنامجه النووي والالتفاف على الاتفاق.\nأما التحفظ الخامس فيتناول ما ستفعله بإيران بعشرات المليارات «يجري الحديث على 150 مليار دولار من أموال إيران المجمدة في المصارف الغربية والآسيوية بسبب العقوبات»، عندما ستبدأ باستعادتها. والسؤال المطروح هو: هل ستعمد طهران إلى الاستثمار في اقتصادها المنهار ورفع مستوى العيش للإيرانيين أم أنها ستستخدمها كما استخدمت قبلها عشرات المليارات لتدعيم سياسات إقليمية يرى الكثير من الأطراف أنها سخرت لإثارة الصعوبات وخلق البلبلة والمساعدة على زيادة النفوذ الإيراني والتدخل في شؤون البلدان المجاورة؟\nتساؤلات وتحفظات تثار من هنا وهناك، لكن لا إجابات قاطعة بشأنها طالما لم يبدأ العمل بالاتفاق الذي لن يصبح أمرًا واقعًا إلا مع بداية السنة المقبلة.",
    "date_extracted": "2015-08-06 01:47:45"
}