{
    "url": "http://www.aleqt.com/2015/07/20/article_974844.html",
    "title": "الإمارات تجرّم ازدراء الأديان والتكفير وعقوباتها تصل للإعدام",
    "author": "أبوظبي : (د ب ا)",
    "content": " أصدر رئيس الإمارات الشيخ خليفة بن زايد آل نهيان قانونا يقضي بتجريم الأفعال المرتبطة بازدراء الأديان ومقدساتها ومكافحة كافة أشكال التمييز ونبذ خطاب الكراهية. ويجرم القانون الجديد تجريم التمييز بين الأفراد أو الجماعات على أساس الدين أو العقيدة أو المذهب أو الملة أو الطائفة أو العرق أو اللون أو الأصل. ويقضي القانون الذي تم الإعلان عنه اليوم الإثنين ب \"مكافحة استغلال الدين في تكفير الأفراد والجماعات بعقوبات تصل إلى الإعدام إذا اقترن الرمي بالكفر تحريضا على القتل فوقعت الجريمة نتيجة لذلك\". و يفرض القانون \"عقوبات للجمعيات والفعاليات الداعية لازدراء الأديان أو التمييز أو إثارة خطاب الكراهية، وتصل العقوبة إلى السجن ومليون درهم (273 الف دولار) للدعم المالي للأفعال المجرمة بنصوص القانون\". وقالت وكالة أنباء الإمارات إن القانون \"يحظر الإساءة إلى الذات الإلهية أو الأديان أو الأنبياء أو الرسل أو الكتب السماوية أو دور العبادة وفقا لأحكام هذا القانون أو التمييز بين الأفراد أو الجماعات على أساس الدين أو العقيدة أو المذهب أو الملة أو الطائفة أو العرق أو اللون أو الأصل الإثني\". كما جرم القانون كل قول أو عمل من شأنه إثارة الفتنة أو النعرات أو التمييز بين الأفراد أو الجماعات من خلال نشره على شبكة المعلومات أو شبكات الاتصالات أو المواقع الإلكترونية أو المواد الصناعية أو وسائل تقنية المعلومات أو أية وسيلة من الوسائل المقروءة أو المسموعة أو المرئية وذلك بمختلف طرق التعبير كالقول أو الكتابة أو الرسم. ووفقا لنص القانون ، فيتم تجريم كل من يقوم بالإساءة إلى الأديان أو إحدى شعائرها أو مقدساتها أو تجريحها أو التطاول عليها أو السخرية منها أو المساس بها، كما يجرم القانون التعدي على أي من الكتب السماوية بالتحريف أو الإتلاف أو التدنيس أو الإساءة بأي شكل من الأشكال إلى جانب تجريم التخريب أو الإتلاف أو الإساءة أو التدنيس لدور العبادة أو المقابر. ويعاقب القانون بالسجن مدة لا تقل عن سبع سنوات وبالغرامة التي لا تقل عن خمسمائة ألف درهم (136 الف دولار) ولا تجاوز مليوني درهم كل من تطاول على الذات الإلهية أو الطعن فيها أو المساس بها أو الإساءة إليها أو التطاول على أحد الأنبياء أو الرسل أو زوجاتهم أو آلهم أو صحابتهم أو السخرية منهم أو المساس بهم أو الإساءة إليهم بإحدى طرق التعبير أو غيرها من الصور الأخرى أو باستخدام أي من الوسائل. ووفقا للقانون يعاقب بالسجن مدة لا تقل عن 10 سنوات كل من أنشأ أو أسس أو نظم أو أدار جمعية أو مركزا أو هيئة أو منظمة أو تنظيما أو جماعة أو فرعا لإحداها أو استخدم لذلك أيا من الوسائل بغرض ازدراء الأديان أو التمييز أو إثارة خطاب الكراهية أو تحبيذ ذلك أو الترويج له. و تضمن القانون المعاقبة بالسجن مدة لا تقل عن خمس سنوات كل من عقد أو نظم مؤتمرا أو اجتماعا في الدولة إذا كان الغرض منه ازدراء الأديان أو التمييز أو إثارة خطاب الكراهية ويعاقب بذات العقوبة كل من شارك في المؤتمر أو الاجتماع مع علمه بأغراضه وللسلطة العامة فض المؤتمر أو الاجتماع مع استعمال القوة عند الاقتضاء. وتضمن القانون أحكاما أخرى تهدف إلى مكافحة كافة الأفعال المرتبطة بازدراء الأديان ومقدساتها ومكافحة كافة أشكال التمييز ونبذ خطاب الكراهية عبر مختلف وسائل وطرق التعبير. ",
    "date_extracted": "2015-07-21 02:47:13"
}