{
    "url": "http://www.aleqt.com/2015/07/20/article_974825.html",
    "title": "الذهب يهوي 4% عند أدنى مستوى خلال 5 سنوات",
    "author": "مانيلا : (رويترز)",
    "content": " هوى الذهب 4% ليصل إلى أدنى مستوى في 5 سنوات اليوم كما هبط البلاتين 5% مسجلا أقل سعر منذ 2009 مع إقبال المستثمرين على بيع المعادن النفيسة. وكان الهبوط مفاجئا في أسعار الذهب والبلاتين التي كسرت مستويات دعم حرجة منذ يوم الجمعة مع ارتفاع الدولار وسط تنامي التوقعات بأن مجلس الاحتياطي الاتحادي (البنك المركزي الأمريكي) سيخفض أسعار الفائدة هذا العام. وهبط الذهب في المعاملات الفورية 2.8% ليصل إلى 1102.40 دولار للأوقية بعد أن نزل في وقت سابق إلى 1088.05 دولار مسجلا أدنى مستوى منذ مارس 2010. وفقد البلاتين ما يصل إلى 5% وبلغ 942.49 دولار للأوقية وهو أدنى مستوى منذ فبراير 2009. ",
    "date_extracted": "2015-07-21 02:47:31"
}