{
    "url": "http://www.aleqt.com/2015/07/20/article_974790.html",
    "title": "بارتوميو بعد فوزه: سنتطور ونحصد",
    "author": "برشلونة ـ الفرنسية:",
    "content": " أعيد انتخاب جوزيب ماريا بارتوميو رئيسا لنادي برشلونة الإسباني لكرة القدم بنسبة 54.63 في المائة من الأصوات متفوقا بفارق كبير على منافسه الرئيس السابق خوان لابورتا الذي حقق 33.03 في المائة. وحصل بارتوميو (52 عاما) على 25 ألفا و823 صوتا، وعين لولاية مدتها ستة أعوام مقابل 15 ألفا و615 صوتا للابورتا الذي ترأس النادي في الفترة بين 2003، و2010. أما المرشحان الآخران رجل الأعمال أجوستي بينيديتو، والمحامي طوني فريثا فحصل الأول على 3386 صوتا (7.16 %)، والثاني على 1750 صوتا (3.10%) وقال بارتوميو \"التزامنا سيكون هو الاستمرار في التطور ومواصلة حصد الانتصارات\". وشارك 47 ألفا و270 منتسبا إلى النادي بما يعادل 43.12 في المائة من أصل 110 آلاف مخول لهم المشاركة في التصويت الذي جرى أمس الأول في ملعب كامب نو. وخلافا لأغلب أندية كرة القدم، ولكن على غرار غريمه التقليدي ريال مدريد، فإن برشلونة يعود لملكية أعضائه ومساهميه \"150 ألفا\" والذين يملكون حق انتخاب إدارته مرة كل ستة أعوام. وكان مقررا أن تقام الانتخابات الرئاسية في نهاية الموسم المقبل، لكن بارتوميو الذي انتخب رئيسا في العام الماضي خلفا لساندرو روسيل، قرر في كانون الثاني (يناير) الماضي تقديمها إلى هذا الصيف، وقتها اهتز البيت الكاتالوني بخلافات بين المدرب لويس إنريكي والنجم الأرجنتيني ليونيل ميسي، قبل أن تتحسن الأمور بعد ذلك ويتوج النادي بثلاثية (الدوري والكأس المحليين ومسابقة دوري أبطال أوروبا، وأنهى الموسم بنسبة أرباح الأعلى في تاريخه قدرت بـ 608 ملايين يورو. وواجه بارتوميو مشكلات كبيرة في الفترة الماضية بسبب تهرب النادي من الضرائب في صفقة انتقال البرازيلي نيمار من سانتوس وعدم الإعلان عن قيمتها الحقيقية، وفي انتهاك لوائح التعاقدات مع اللاعبين الأجانب دون 18 عاما ما أدى عقوبة قاسية بحقه بحرمانه من التعاقد مع لاعبين جدد في ثلاث فترات انتقالات، حيث سيبقى محروما من إشراك أي لاعب جديد حتى فترة الانتقالات الشتوية مطلع 2016، ما دفعه إلى الدعوة إلى انتخابات مبكرة. وكانت هذه المشكلات أهم الهجمات الشرسة التي استند إليها لابورتا في حملته الانتخابية من أجل العودة إلى الرئاسة، إضافة إلى انتقاده الموقف المعتدل لبارتوميو ناحية المطالبة باستقلال كاتالونيا عن إسبانيا، وعدم الاعتماد على شباب مركز التكوين العريق التابع للنادي \"لاماسيا\" والعودة إلى شعار النادي سابقا لمنظمة الأمم المتحدة للطفولة \"يونيسيف\". وكان لابورتا صاحب الفضل في التعاقد مع جوزيب جوارديولا الذي قاد الفريق إلى ألقاب عدة، بيد أن الحصيلة المالية للرئيس السابق كانت أقل بكثير من غلته الرياضية. ",
    "date_extracted": "2015-07-21 02:49:53"
}