{
    "url": "http://www.aleqt.com/2015/07/20/article_974729.html",
    "title": "«هيونداي» تسيطر على 10 % من سوق السيارات  في 4 دول",
    "author": "«الاقتصادية» من الرياض",
    "content": " سيطرت شركة هيونداي موتور على أكثر من 10 في المائة من سوق السيارات في البرازيل وروسيا والهند والمكسيك خلال النصف الأول من هذا العام. وقالت الشركة أمس إنها باعت 415006 سيارات في البلدان الأربعة في الفترة بين شهري كانون الثاني (يناير) وحزيران (يونيو)، بزيادة 1.8 في المائة عن الفترة نفسها من العام الماضي. وارتفع متوسط حصة الشركة السوقية في هذه البلدان الأربعة إلى 10.3 في المائة بنهاية حزيران (يونيو)، بزيادة 1.5 نقطة مئوية عن العام السابق، بحسب البيان الذي نقلته وكالة الأنباء الكورية عن بيان الشركة. وباعت هيونداي 100497 سيارة في البرازيل في النصف الأول، 7.9 في المائة أقل من العام السابق، ولكن ارتفعت حصتها في السوق لتصل إلى 7.9 في المائة بعد أن كانت 6.9 في المائة العام الماضي. وتراجعت مبيعات هيونداي في روسيا 11.3 في المائة على أساس سنوي لتصل 79444 وحدة خلال الفترة ذاتها في حين ارتفعت حصتها السوقية 2.9 نقطة مئوية إلى 10.2 في المائة. أما في الهند فقد ارتفعت مبيعات هيونداي 8 في المائة على أساس سنوي إلى 223961 سيارة في النصف الأول، وبلغت حصتها في السوق الهندي 16.23 في المائة. وفي المكسيك باعت هيونداي 11104 وحدات في النصف الأول، مسجلة حصة سوقية قدرها 1.8 في المائة. ويقول مراقبون إن مبيعات الشركة الجيدة في الأسواق الناشئة قد يدعم أداءها العام في الخارج هذا العام بعد تراجع مبيعات هيونداي في الخارج خلال النصف الأول 3.2 في المائة على أساس سنوي إلى 2420 ألف وحدة. ",
    "date_extracted": "2015-07-21 02:49:14"
}