{
    "url": "http://www.aleqt.com/2015/07/21/article_975019.html",
    "title": "مستشفى قطري من 4 طوابق متخصص في علاج الصقور",
    "author": "«الاقتصادية» من الرياض",
    "content": " يوجد في العاصمة القطرية الدوحة مستشفى متخصص في علاج مرضى غير عاديين .. الصقور. ويقع مستشفى سوق واقف للصقور المؤلف من أربعة طوابق على مقربة من سوق لبيع وشراء الصقور. وتأسس المستشفى قبل سبع سنوات وجرت توسعته في عام 2011 ليتواءم مع تنامي عدد مرضاه. ويهرع كثير من الصقارين للمستشفى للاطمئنان على طيورهم بإجراء فحص شامل لها. ويملك محمد جاسم السلطان صقرا يُعالج في هذا المستشفى. قال السلطان \"الجدوى كبيرة. حيث إن أهل قطر عدد كبير منهم أهل طير. فالحاجة كبيرة للمستشفيات موجودة ومنتشرة في قطر. مستشفى سوق واقف من أفضل المستشفيات في دول الخليج وربما في العالم، فهو متطور وفيه فحوص شاملة\". والصقور طيور تربيتها مكلفة ماديا، وبالتالي فإن الاطمئنان على صحتها يمثل أهمية كبيرة لأصحابها. من هؤلاء مالك صقر يدعى مطر الكواري، قال لتلفزيون رويترز عن خدمات المستشفى \"هذا يساعد الصقارين لتكون صحة الطيور أفضل. وفيه بعض الناس تشتري طيرا غالي السعر. فإذا لم يوجد مستشفى وعناية واهتمام وأدوية يخسر الصقار هذه الهواية.\" وقال إقدام مجيد الكرخي مدير مستشفى سوق واقف للصقور إن المستشفى يقدم خدمات علاجية متنوعة، بينها الفحص الشامل وعلاج أمراض الجهاز التنفسي وجبر كسور العظام وحتى استبدال بعض الريش. وأوضح الكرخي أن مستشفى الصقور في سوق واقف يختص بتشخيص الأمراض التي يعانيها هذا النوع من الطيور. وأشار إلى أنه يتوافر في المستشفى جميع الإمكانات الطبية سواء من الأجهزة الطبية والمختبرية أو الكادر الطبي الكفؤ والعلاجات التي توفر إمكانية علاج معظم أنواع الأمراض. ",
    "date_extracted": "2015-07-21 10:41:48"
}