{
    "url": "http://www.aleqt.com/2015/07/20/article_974899.html",
    "title": "قصة مصورة: محتج يمطر بلاتر بنقود مزورة",
    "author": "زوريخ : رويترز",
    "content": " أمطر محتج السويسري سيب بلاتر رئيس الاتحاد الدولي لكرة القدم (الفيفا) بأوراق مالية غير حقيقية قبل انعقاد مؤتمر صحفي اليوم الاثنين. وألقى المحتج الذي تحدث بلكنة بريطانية الأوراق المالية على بلاتر. وبعدما تمكن الأمن من ابعاد المحتج أعلن بلاتر تأخير بداية المؤتمر الصحفي. وعاد بلاتر بعد عشر دقائق ليبدأ المؤتمر في حضور وسائل الإعلام. ",
    "date_extracted": "2015-07-21 02:47:10"
}