{
    "url": "http://www.aleqt.com/2015/07/21/article_975038.html",
    "title": "اندونيسيا تفرض قيودا على شركات الطيران التايلاندية",
    "author": "بانكوك : (د ب ا)",
    "content": " قال تقرير اليوم إن إندونيسيا أصدرت أمرا بفرض قيود على شركات الطيران التي تتخذ من تايلاند مقرا لها يمنعها من زيادة عدد رحلاتها إلى البلاد. وجاءت هذه الخطوة في أعقاب إشعار من منظمة الطيران المدني الدولية التي تراقب الطيران يفيد بأن تايلاند قد فشلت في تلبية بعض معايير السلامة. ووفقا لصحيفة \"بانكوك بوست\" فإن القيود الجديدة لن تؤثر على الرحلات الحالية إلى إندونيسيا. وفي يونيو وجدت منظمة الطيران المدني الدولية ثغرات خطيرة في الرقابة الحكومية بعد إجراء مراجعة مستقلة لمعايير تايلاند. وأصدرت اليابان وكوريا الجنوبية أوامر تقيد رحلات الطيران العارض وتمنع فتح مسارات جديدة لطائرات الشركات التايلاندية. وأجرت إدارة الطيران الاتحادي الأمريكي مراجعة خاصة بها لصناعة الطيران في تايلاند الأسبوع الماضي ومنحت الحكومة التايلاندية مهلة 65 يوما للتعاطي مع المخاوف المتعلقة بالسلامة أو تواجه قيودا. ",
    "date_extracted": "2015-07-21 11:06:07"
}