{
    "url": "http://www.aleqt.com/2015/07/14/article_973520.html",
    "title": "أوباما يبحث مع الملك الاتفاق النووي الإيراني",
    "author": "فيلادلفيا : رويترز",
    "content": " قال البيت الأبيض إن الرئيس باراك أوباما اتصل بخادم الحرمين الشريفين الملك سلمان بن عبدالعزيز اليوم الثلاثاء وهو على متن طائرة الرئاسة لبحث الاتفاق النووي الإيراني الذي أبرم اليوم. وكان أوباما في طريقه إلى فيلادلفيا لإلقاء كلمة أمام جماعة ترعى الحقوق المدنية. ",
    "date_extracted": "2015-07-21 02:48:16"
}