{
    "url": "http://www.aleqt.com/2015/07/20/article_974737.html",
    "title": "تطبيق جديد على الهواتف الذكية يستهدف محاربة الجوع في العالم",
    "author": "«الاقتصادية» من الرياض",
    "content": " ظهرت مبادرة مصدرها العاصمة الألمانية برلين، تحت اسم \"شير ذا ميل\" أو (تقاسم الوجبة الغذائية)، تم من خلالها تطوير تطبيق يحمل الاسم نفسه للهواتف الذكية والأجهزة اللوحية يتيح، لكل مستخدم التبرع بمبلغ 40 يوروسنت/ سنتا أوروبيا (44 سنتا أمريكيا)، لتوفير وجبة غذائية يوميا لشخص يعاني المجاعة، وذلك في خطوة لمحاربة الجوع في العالم. وكان أول مشروع يشارك فيه التطبيق مع الأمم المتحدة، وعلى وجه التحديد مع برنامج الغذاء العالمي، بهدف توفير وجبة غذائية يوميا للأطفال الفقراء في دولة ليسوتو الإفريقية، التي تعد واحدة من أفقر دول العالم في مجال الأمن الغذائي. قال سيباستيان ستريكر؛ الشريك المؤسس لمبادرة \"شير ذا ميل\"، إن نحو 40 في المائة من جميع الأطفال يعانون سوء تغذية مزمنا، كما يوجد نحو 50 ألف تلميذ في ليسوتو يحتاجون إلى مساعدات غذائية، حسبما نقلت وكالة الأنباء الألمانية. أما بيرنهارد كوفاتش؛ الشريك المؤسس للمبادرة، فقال: \"أردنا البدء بدولة يمثل فيها الجوع مشكلة حقيقية، وبالتالي فإن التطبيق الخاص بنا يمكن أن يخلق فارقا، وبمرور الوقت نريد العمل في مناطق أخرى\". وحصل كوفاتش وستريكر على إجازة لمدة عام من عملهما في شركة خدمات استشارية من أجل تصميم التطبيق، ولم يحقق الرجلان أي أرباح من المشروع الذي يحظى بدعم عدد من المتطوعين والشركات. وتشير المبادرة إلى أن نحو ملياري شخص يمتلكون هواتف ذكية في مختلف أنحاء العالم، مقابل 100 مليون طفل جائع في العالم، وهو ما يوفر فرصة لإيجاد طريقة فعالة لمحاربة الجوع، ويغطي مبلغ التبرع تكاليف النقل والنفقات الإدارية أيضا. وأطلق التطبيق في ألمانيا والنمسا وسويسرا على أن يتم نشره في العالم فيما بعد خلال الشهور المقبلة، وخلال مرحلة تجريبية قام نحو 12.5 ألف مستخدم بتنزيل التطبيق وتبرعوا بما يعادل نحو 125 ألف وجبة غذائية. ",
    "date_extracted": "2015-07-21 02:49:20"
}