{
    "url": "http://www.aleqt.com/2015/07/22/article_975251.html",
    "title": "أرباح \"آبل\" ترتفع بنسبة 33% في الربع المالي الماضي",
    "author": "لوس أنجليس:د ب أ",
    "content": " سجلت شركة آبل زيادة في أرباحها بنسبة 33% في ربعها المالي الماضي أمس الثلاثاء، غير أن المستثمرين مازالوا قلقين حيث جاءت مبيعات هواتف \"آي فون\" دون تقييمات المحللين. وذكرت الشركة أن صافي الدخل الفصلي البالغ 7ر10 مليار دولار تجاوز الـ 7ر7 مليار دولار التي سجلتها الشركة خلال الربع نفسه من العام الماضي، مدفوعا بـ \"مبيعات قياسية\" لهواتف آي فون وكمبيوتر ماك. وارتفعت إيرادات الشركة بنسبة 59% مقارنة بالفترة نفسها من عام 2014، وسجلت الشركة إيرادات قياسية من وراء خدمات بينها \"آب ستور\"، حسبما أفاد تيم كوك الرئيس التنفيذي لشركة آبل. وارتفعت الإيرادات من وراء منتجات أخرى مثل ساعة آبل الذكية \"آبل ووتش\" وسماعات الرأس \"بيتس\" ومشغل الموسيقى \"آي بود\" بنسبة 49% إلى 6ر2 مليار دولار (4ر2 مليار يورو)، بحسب الشركة. ",
    "date_extracted": "2015-07-22 10:10:43"
}