{
    "url": "http://www.aleqt.com/2015/07/21/article_974967.html",
    "title": "تزايد اعتماد المصارف اليونانية على تمويلات «المركزي الأوروبي»",
    "author": "«الاقتصادية» من الرياض",
    "content": " أظهرت بيانات البنك المركزي اليوناني أمس أن المصارف اليونانية زادت في حزيران (يونيو) من استخدامها لتمويل الطوارئ الذي يقدمه البنك المركزي الأوروبي بنسبة 12 في المائة عن الشهر السابق مع استمرار سحب الودائع. وبحسب \"رويترز\"، فإن المصارف اليونانية تعتمد على ما يسمى مساعدات السيولة الطارئة من البنك المركزي اليوناني منذ شباط (فبراير) بعد أن حرمت من الاستفادة من نافذة تمويل \"المركزي الأوروبي\" بسبب تعثر مباحثات الإنقاذ المالي بين الحكومة اليونانية ودائنيها. وأظهرت بيانات \"المركزي اليوناني\" أن التمويل الطارئ وهو أكثر تكلفة من الاقتراض من البنك المركزي الأوروبي زاد إلى 86.77 مليار يورو (94.12 مليار دولار) الشهر الماضي من 77.57 مليار في أيار (مايو).وزاد البنك المركزي الأوروبي تمويله الطارئ للمصارف اليونانية الأسبوع الماضي، رافعا تجميدا استمر قرابة ثلاثة أسابيع، وحث أوروبا على إيحاد سبيل لخفض أعباء مديونية اليونان. ",
    "date_extracted": "2015-07-21 10:42:26"
}