{
    "url": "http://www.aleqt.com/2015/07/21/article_975092.html",
    "title": "انتعاش النفط مع تراجع الدولار والأنظار على وفرة المعروض",
    "author": "لندن : (رويترز)",
    "content": " انتعشت أسعار العقود الآجلة للنفط الخام اليوم الثلاثاء مدعومة بأول تراجع يومي للدولار في أسبوع لكنها لا تزال متجهة لتكبد أكبر خسائرها الشهرية منذ مارس آذار في ظل تخمة إمدادات المعروض العالمية. وستتعرض أسعار النفط لضغوط هذا الشهر بفعل التوقعات بزيادة صادرات الخام الإيرانية عقب توصل طهران لاتفاق نووي والقلق من أن تؤثر المخاوف الاقتصادية في الصين وأوروبا سلبا على الطلب وهو ما أدى إلى انخفاض الأسعار 11 بالمئة منذ بداية يوليو تموز. وانخفض الدولار 0.5 في المئة اليوم متراجعا للمرة الأولى في أسبوع أمام سلة من العملات لكنه لا يزال قرب أعلى مستوياته في ثلاثة أشهر. ويجعل صعود الدولار بيع الأصول المقومة بالدولار أكثر ربحية لغير المستثمرين الأمريكيين. وتعافى خام القياس العالمي مزيج برنت من مستوياته المنخفضة التي سجلها أثناء الجلسة بفعل تصريحات وزير الخارجية الأمريكي جون كيري الذي قال إن توعد الزعيم الأعلى الإيراني علي خامنئي مطلع الأسبوع بتحدي السياسات الأمريكية في المنطقة \"مزعج للغاية\". وقفز سعر برنت في عقود سبتمبر أيلول 75 سنتا إلى 57.38 دولار للبرميل بحلول الساعة 1405 بتوقيت جرينتش بعدما انخفض 45 سنتا عند التسوية يوم الاثنين. وتراجع برنت في عشرة أشهر من الاثني عشر شهرا السابقة مسجلا أضعف فتراته منذ عام 2008. وارتفع الخام الأمريكي في العقود الآجلة لتسليم سبتمبر ايلول 87سنتا إلى 51.31 دولار للبرميل. وهبط عقد شهر أقرب استحقاق لتسليم أغسطس آب الذي يحين أجل استحقاقه اليوم الثلاثاء دون 50 دولارا يوم الاثنين وذلك للمرة الأولى منذ أبريل نيسان. ",
    "date_extracted": "2015-07-21 20:15:00"
}