{
    "url": "http://www.aleqt.com/2015/07/22/article_975241.html",
    "title": "مقتل العشرات من تنظيم داعش في مناطق العمليات العسكرية غربي العراق",
    "author": "بغداد : واس",
    "content": " قتل العشرات من عناصر تنظيم \"داعش\" الإرهابي واعتقل سبعة مطلوبين في مناطق العمليات العسكرية التي تقوم بها القوات العراقية في محافظة الأنبار غربي العراق. وأفاد بيان للإعلام الحربي العراقي أن قوات الشرطة الاتحادية رصدت خمس مركبات للتنظيم في منطقة حصيبة الشرقية التابعة للمحافظة ودمرتها في حين تمكنت من إحباط محاولة هجوم للإرهابيين وقتلت 21 منهم. وأضاف البيان أن قوات الشرطة رصدت أيضًا عشرة إرهابيين على سيارتين وقتلتهم جميعًا في المنطقة المذكورة. كما أغارت القوات العراقية على مجموعة من العناصر الإرهابية وتمكنت من قتل خمسة منهم وحرق ثلاث مركبات تحمل أسلحة متنوعة. من جانب آخر , ذكر بيان لقيادة القوة الجوية العراقية إنه جرى تنفيذ 28 طلعة جوية اليوم على مناطق العمليات العسكرية في العراق فيما نفذت قيادة طيران الجيش 30 طلعة. وأشار البيان إلى تنفيذ طيران التحالف الدولي 14 طلعة جوية ، أسفرت بمجملها عن قتل 29 من عناصر داعش وتدمير موقعي صاروخ وهاون وتسعة مخابئ وأربع مركبات مختلفة. ",
    "date_extracted": "2015-07-22 10:10:49"
}