{
    "url": "http://www.aleqt.com/2015/07/22/article_975229.html",
    "title": "500 ألف دولار لترميم بزة أول إنسان هبط على القمر",
    "author": "«الاقتصادية» من الرياض",
    "content": " أطلقت مؤسسة سميثسونيان التي تدير متحف الطيران والفضاء في واشنطن، حملة أخيرا، لجمع الأموال بغية ترميم بزة الفضاء التي ارتداها نيل آرمسترونج؛ حين هبط على سطح القمر. وأطلقت الحملة على موقع كيكستارتر، وترمي إلى جمع 500 ألف دولار، وهو المبلغ المطلوب لعملية الترميم هذه. وفي ساعات قليلة، جمعت الحملة 120 ألف دولار، لكن بحسب قوانين الموقع يجب أن يجمع المبلغ المعلن كاملا قبل التاسع عشر من آب (أغسطس) المقبل كي يدفع. وأطلقت الحملة، أمس الأول، في ذكرى هبوط رائد الفضاء نيل آرمسترونج؛ على سطح القمر في عام 1969 على متن المركبة أبوللو. وتدير مؤسسة سميثسونيان 19 متحفا ومعرضا، وهي ممولة من الحكومة، لكن عمليات الترميم والمعارض المؤقتة تعتمد بشكل كبير على التبرعات الخاصة. ويعتبر نيل آرمسترونج؛ أول إنسان هبط على سطح القمر، في مهمة أبوللو 11 التي جمعته مع باز الدرين ومايكل كولينز، وقد توفي صيف عام 2012 عن 82 عاما. ",
    "date_extracted": "2015-07-22 10:11:39"
}