{
    "url": "http://www.aleqt.com/2015/07/21/article_974961.html",
    "title": "95 مليار دولار القيمة السوقية للشركات الكويتية المدرجة",
    "author": "\"الاقتصادية\" من الرياض",
    "content": " شهدت القيمة السوقية الإجمالية لشركات سوق الكويت للأوراق المالية ارتفاعا بنسبة 1 في المائة خلال الأسبوع الماضي، لتبلغ 28.8 مليار دينار (94.98 مليار دولار) بنهاية تداولات الخميس. وذكر تقرير صدر حديثا من شركة \"بيتك كابيتال\"، أن أسهم 46 شركة إسلامية من أصل 57 شركة ارتفعت أسعارها، بينما تراجعت أسعار أسهم 71 شركة غير إسلامية خلال تداولات الأسبوع. وأغلقت القيمة السوقية للشركات الإسلامية مرتفعة بعد أن بلغت قيمتها السوقية 7.4 مليار دينار بارتفاع نسبته 1.6 في المائة مقارنة بالأسبوع قبل الماضي، بحسب التقرير الذي نقلته وكالة الأنباء الكويتية. وبلغت أحجام التداول الأسبوعية 524.2 مليون سهم بزيادة نسبتها 24 في المائة مقارنة بالأسبوع قبل الماضي. وكان القطاع العقاري بين كبار المساهمين، إذ استحوذ على 44.6 في المائة من إجمالي التداولات بارتفاع نسبته 28.13 في المائة مقارنة بالأسبوع قبل الماضي. واستحوذ قطاع الخدمات المالية على 26.31 في المائة من إجمالي التداولات، حيث انخفضت مشاركته بنسبة 5.2 في المائة لتصل إلى 137.91 مليون سهم خلال الأسبوع الماضي. وحققت البورصة الكويتية بعض المكاسب في مؤشراتها وسط مستويات سيولة متدنية خلال تعاملات الأسبوع الماضي. وأغلقت السوق تداولاتها الخميس على تباين في مؤشراتها الثلاثة، حيث ارتفع المؤشر السعري 7.9 نقطة ليبلغ مستوى 6276.3 نقطة، بينما انخفض المؤشران الوزني و\"كويت 15\" 2.34 نقطة و9.47 نقطة على التوالي. ",
    "date_extracted": "2015-07-21 10:42:21"
}