{
    "url": "http://www.aleqt.com/2015/07/21/article_975021.html",
    "title": "رصد 100 مليون دولار لاكتشاف حياة خارج كوكب الأرض",
    "author": "«الاقتصادية» من الرياض",
    "content": " ظل السؤال الأزلي الذي يستبد بعقول الناس على مر العصور، يدور حول إن كان البشر هم وحدهم الذين يعيشون في هذا الكون. ومن بين هؤلاء الملياردير الروسي يوري ميلنر الذي أعلن أمس أنه يعتزم رصد 100 مليون دولار لحل هذا اللغز. وبالاستعانة ببعض أضخم تلسكوبات العالم اللاسلكية سيشرف فريق من العلماء ــ انتقاهم ميلنر بنفسه ــ على مبادرة تستمر على مدى عشر سنوات لرصد أي إشارات لاسلكية قد توضح وجود عقول ذكية في مكان ما من الملكوت. وقال ميلنر في مقابلة \"إنه أكثر الأسئلة إثارة في ميدان التكنولوجيا في وقتنا هذا\" مشيرا إلى أنه أصبح مغرما بفكرة وجود حياة خارج كوكب الأرض بعد أن قرأ وهو في العاشرة من عمره في موسكو كتاب عالم الفيزياء الفلكية الأمريكي كارل ساجان \"المخلوقات الذكية في الكون\". جاءت أموال ميلنر التي خصصها لتمويل المشروع من استثمارات ذكية مبكرة في مشروعات حديثة، منها \"فيسبوك\". والدافع وراء سعي ميلنر في هذا المجال هو اعتقاده أن حضارات أخرى قد تعلم البشر كيفية التعامل مع تحديات، منها تخصيص الموارد الطبيعية. وقال ميلنر \"لو أننا بمفردنا فعلينا أن نفخر بذلك. الرسالة هي أنه لا يوجد عالم مواز للكون\". وقال علماء إن المشروع تتضاءل إلى جانبه أي برامج أخرى في مجال البحث عن مخلوقات ذكية خارج كوكب الأرض، وقال دان ويرثايمر أحد مستشاري مشروع ميلنر وهو أيضا عالم الفيزياء الفلكية، ويشرف على موقع إلكتروني مرتبط بجامعة كاليفورنيا في بيركلي، إن العالم ينفق أقل من مليوني دولار سنويا في هذا الصدد. وفي خلال عشر سنوات وبمبلغ 100 مليون دولار يمكن للعلماء المشاركين في برنامج ميلنر أن يرصدوا إشارات لاسلكية في مجرة درب التبانة إلى جانب أقرب 100 مجرة لها. ",
    "date_extracted": "2015-07-21 10:41:56"
}