{
    "url": "http://www.aleqt.com/2015/07/21/article_975070.html",
    "title": "جازان : وفاة 4 وإصابة 3 من عائلة واحدة في حادث اصطدام بناقة سائبة",
    "author": "جيزان : واس",
    "content": " لقي 4 أشخاص من عائلة واحدة مصرعهم وأصيب 3 آخرون في حادث اصطدام سيارة بناقة سائبة على إحدى طرق منطقة جازان اليوم. وأوضح الناطق الإعلامي بفرع هيئة الهلال الأحمر السعودي في جازان بيشي الصرخي أن غرفة العمليات تلقت بلاغا عن وقوع حادث على طريق \"جازان - المضايا\" تقاطع سجن جازان العام لسيارة كانت تقل 7 من عائلة واحدة وتبين بعد وصول الفرق الإسعافية للموقع وفاة 4 أشخاص في مكان الحادث هم الأب وزوجته واثنتان من بناتهما وإصابة 3 من أبنائهما بإصابات خطيرة. وأشار الصرخي إلى أنه تم تقديم الإسعافات الأولية للمصابين ونقلوا على الفور لمستشفى جازان العام لتلقي العلاج المناسب لهم. داعيا الله العلي القدير أن يتغمد المتوفين بواسع رحمته ويشفي المصابين. ",
    "date_extracted": "2015-07-21 17:19:49"
}