{
    "url": "http://www.aleqt.com/2015/07/21/article_975091.html",
    "title": "إيقاف 12 شخصاً إرهابيا في تونس",
    "author": "تونس : واس",
    "content": " شنت قوات الأمن التونسي حملة مداهمات سكنية في مدن متفرقة من البلاد لملاحقة أشخاص يشتبه فى انضمامهم لتنظيمات ارهابية. وأفاد بيان لوزارة الداخلية التونسية اليوم أنه تم الاحتفاظ على 12 شخصا تم اعتقالهم خلال الحملة، مؤكدا الحرص على مواصلة السعى الى الكشف عن الخلايا الإرهابية و إحباط مخططاتهم. ",
    "date_extracted": "2015-07-21 18:13:27"
}