{
    "url": "http://www.aleqt.com/2015/07/20/article_974857.html",
    "title": "بعد الايبولا.. الأمم المتحدة قلقة من انتشار انفلونزا الطيور في أفريقيا",
    "author": "روما : د ب أ",
    "content": " حذرت منظمة الأمم المتحدة للأغذية والزراعة (الفاو) اليوم الاثنين من أن الدول في غرب أفريقيا التى ضربها بشدة فيروس أيبولا قد تواجه قريبا انتشار أزمة خطيرة لأنفلونزا الطيور. يشار إلى أن فيروس انفلونزا الطيور (اتش 5 ان 1) شديد العدوى وينقل إلى البشر. وبحسب منظمة الصحة العالمية، توفي 447 شخصا في مختلف أنحاء العالم بسببه منذ عام .2003 والوضع الأكثر خطورة حاليا في مصر حيث هناك 133 حالة إصابة بين البشر و37 حالة وفاة العام الجاري. وقالت منظمة الفاو إن \" انفلونزا الطيور (في غرب أفريقيا) يمكن أن تتسبب في نفوق جماعى للدواجن - وهي مصدر غذاء رخيص مغذي لكثير من الأشخاص - وسوف يكون له اثارا ضارة على النظام الغذائي وعلى اقتصاد المنطقة ليفاقم وضع صعب بالفعل \". واطلقت الوكالة الأممية ومقرها روما حملة لجمع الأموال بقيمة 20 مليون دولار من أجل أنشطة وقاية واستجابة للمرض. ",
    "date_extracted": "2015-07-21 02:47:49"
}