{
    "url": "http://www.aleqt.com/2015/07/22/article_975202.html",
    "title": "بريدة تستعد لمهرجان التمور بمفاجآت وفعاليات جديدة",
    "author": "خليفة الهاملي من بريدة",
    "content": " شهدت ساحات مدينة التمور في بريدة، أمس، تدفق عديد من سيارات المزارعين محملة بأنواع مختلفة من التمور, وضجت جنبات السوق بأصوات الدلالين على أصناف التمور معلنة بدء الموسم في عاصمة التمور (بريدة) لعام 1436هـ، في حين من المنتظر انطلاقة فعاليات (مهرجان تمور بريدة) الذي تنظمه أمانة منطقة القصيم وشركاؤها خلال الفترة من 15 شوال إلى 25 من شهر ذي القعدة 1436هـ. من جهته أوضح عبد العزيز المهوس الرئيس التنفيذي لمهرجان تمور بريدة أن الاستعدادات لمهرجان تمور بريدة لم تتوقف منذ شهر رجب الماضي في جميع لجان المهرجان لتقديم عمل يرضي ذائقة طبقات المجتمع كافة، مؤكدا أن هنالك الكثير من المفاجآت والفعاليات سواء داخل مدينة التمور أو خارجها من خلال ثلاثة مواقع للفعاليات المصاحبة سيتم الإعلان عنها قبل انطلاقة المهرجان في مؤتمر صحافي لكشف تفاصيل أكثر عن المهرجان في دورته الحالية. ",
    "date_extracted": "2015-07-22 10:11:19"
}