{
    "url": "http://www.aleqt.com/2015/07/20/article_974726.html",
    "title": "العساف يترأس وفد السعودية إلى اجتماعات «أوفيد»",
    "author": "«الاقتصادية» من الرياض",
    "content": " يترأس الدكتور إبراهيم العساف وزير المالية، وفد المملكة في اجتماعات المجلس الوزاري لصندوق الأوبك للتنمية الدولية (أوفيد) الـ36 على مستوى وزراء المالية في الدول الأعضاء في الصندوق الذي تبدأ أعماله غدا في فيينا. ويتضمن جدول أعمال الاجتماعات وفقا لبيان وزارة المالية، نقلته وكالة الأنباء السعودية، مراجعة التقرير السنوي والبيانات المالية للصندوق للعام الماضي، إضافة إلى مناقشة خطة عمل الصندوق للعشر سنوات المقبلة. يذكر أن الصندوق تم إنشاؤه عام 1976م من قبل الدول الأعضاء في منظمة الأوبك بهدف تعزيز التعاون بين هذه الدول والدول النامية الأخرى. ويستهدف الصندوق مساعدة الدول منخفضة الدخل من خلال تقديم قروض ميسرة للمشاريع والبرامج التنموية، ودعم موازين المدفوعات في تلك الدول. كما يقوم بتقديم المنح للمساعدات الفنية والأبحاث الإغاثية الإنسانية في حالات الطوارئ، إضافة إلى عملياته في مجال تنمية القطاع الخاص وتمويل التجارة. ",
    "date_extracted": "2015-07-21 02:49:13"
}