{
    "url": "http://www.aleqt.com/2015/07/20/article_974927.html",
    "title": "لحظة الاعتداء على رئيس الفيفا جوزيف بلاتر (فيديو)",
    "author": "\"الاقتصادية الالكترونية\" من الرياض",
    "content": " أمطر محتج السويسري سيب بلاتر رئيس الاتحاد الدولي لكرة القدم (الفيفا) بأوراق مالية غير حقيقية قبل انعقاد مؤتمر صحفي اليوم الاثنين. ",
    "date_extracted": "2015-07-21 02:47:59"
}