{
    "url": "http://www.aleqt.com/2015/07/20/article_974830.html",
    "title": "عودة حركة الطيران بين كوريا والصين بعد انحسار \"كورونا\"",
    "author": "سول : (د ب ا)",
    "content": " ذكرت تقارير إخبارية اليوم أن شركات الطيران الصينية بدأت إعادة حركة طيرانها إلى كوريا الجنوبية إلى طبيعتها مع اقتراب سول رسميا من إعلان انتهاء وجود فيروس كورونا في البلاد. وأشارت وكالة يونهاب الكورية الجنوبية للأنباء إلى أن كوريا الجنوبية أعلنت ظهور أول إصابة بفيروس كورونا في 20 مايو الماضي حيث خفضت شركات الطيران الصينية رحلاتها إلى العاصمة الكورية سول وغيرها من المدن الكورية الجنوبية بسبب إلغاء المسافرين لرحلاتهم. ومن 4 يوليو الحالي لم يتم الإعلان عن أي إصابة جديدة بالفيروس في كوريا الجنوبية. ونقلت يونهاب عن صحيفة \"جينهوا\" الصينية القول إن شركة الطيران منخفض التكاليف الصينية سبرنج إيرلاينز أضافت 3 رحلات أسبوعية إلى جدول رحلاتها بين مدينة هاربن شمال شرق الصين وجزيرة جيجو جنوب كوريا الجنوبية. وأشارت الصحيفة إلى أن سبرنج أيرلاينز تعتزم أيضا مضاعفة عدد رحلاتها الأسبوعية إلى 4 رحلات بين مدينة تياجين الصينية وجيجو الكورية اعتبارا من الأسبوع الحالي. في الوقت نفسه فإن شركات الطيران الصينية الأخرى مثل أير تشاينا وتشاينا ساوثرن أيرلاينز وتشاينا إيسترن أيرلاينز تعتزم تطبيع رحلاتها إلى كوريا الجنوبية. يذكر أن تفشي فيروس كوروبا كبد قطاع السياحة في كوريا الجنوبية خسائر كبيرة حيث ألغى أكثر من 120 ألف سائح أغلبهم من الصين رحلاتهم إلى كوريا الجنوبية خلال الصيف الحالي. ",
    "date_extracted": "2015-07-21 02:47:34"
}