{
    "url": "http://www.aleqt.com/2015/07/21/article_975011.html",
    "title": "تشافيز: القاضي منحاز .. غيروه",
    "author": "لاباز ـ د.ب.أ:",
    "content": " طالب البوليفي كارلوس تشافيز أمين صندوق اتحاد أمريكا الجنوبية لكرة القدم \"كونميبول\" بتغيير القاضي الذي ينظر في أمر استمرار حبسه من عدمه بعد اتهامه له بعدم الالتزام بالحيادية. ويرى المسؤول الرياضي البوليفي، الذي ألقي القبض عليه الجمعة الماضي وفريق دفاعه أن القاضي تحيز لمصلحة النيابة العامة، إلا أنهم لم يوضحوا الأسباب التي دفعتهم إلى هذا الاعتقاد. واتهم تشافيز، الذي يشغل منصب رئيس الاتحاد البوليفي لكرة القدم، أيضا بالفساد والاحتيال بعد أن مثل أمام النيابة العامة يوم الجمعة الماضي والتي قررت القبض عليه وإحالته للقضاء. ويتعين على قاضي التحقيق الجنائي روبيرتو فالديفيسو تحديد مصير تشافيز إما باستمرار حبسه احتياطيا أو السماح له بالخروج وتقديم دفاعاته من خارج محبسه. وقامت هيئة الدفاع الخاصة بالمسؤول الكروي البوليفي برد القاضي وتأجيل المثول أمام هيئة المحكمة حتى اليوم. وقال خايمي تابيا محامي تشافيز: \"هناك احتمالات كبيرة بأن يكون فالدفيسو قد تحيز لوزارة العدل، نرغب في أن نحظى بقاض حيادي وطلبنا من القاضي الحالي أن يتنحى عن القضية\". واتهمت النيابة العامة في بوليفيا تشافيز بارتكابه أعمال فساد فيما يخص إدارة مصادر دخل الاتحاد البوليفي لكرة القدم. ",
    "date_extracted": "2015-07-21 10:43:00"
}