{
    "url": "http://www.aleqt.com/2015/07/21/article_974996.html",
    "title": "ساحات احتفالات العيد في مكة المكرمة تتحول إلى لوحات فنية",
    "author": "«الاقتصادية» من الرياض",
    "content": " تفاعل عدد كبير من الأسر والعائلات المكية مع العروض المسرحية والفولكلورية والمسابقات التي قدمتها أمانة العاصمة المقدسة البارحة الأولى في المواقع المخصصة لاحتفالات العيد وعلى منصات العروض المجهزة بأحدث التقنيات، التي تحولت إلى لوحات فنية، وحظيت بحضور جماهيري كبير. وتوزعت العائلات وأطفالهم في ثلاثة مواقع مختلفة في مكة المكرمة، التي تم من خلالها تقديم العروض والفعاليات لعدد من أشهر الفرق الفنية والشعبيـــة والشخصيــــات الفنية، إضافة إلى العروض الضوئية المبهرة والفقرات الإنشادية والترفيهية للأطفال والألعاب والمسابقات. وأوضح الدكتور سمير بن عبدالرحمن توكل مساعد أمين العاصمة المقدسة للعلاقات العامة والاتصال، أن احتفالات عيد الفطر المبارك التي نظمتها الأمانة قد لاقت قبولا واستحسانا من المواطنين بجميع شرائحهم بفضل الله وتوفيقه، وشهدت جميع المواقع حضورا جماهيريا كبيرا، مؤكدا أن الأمانة حريصة على تجديد الفعاليات أولا بأول، وافتتاح مواقع جديدة لتخفيف الزحام في بعض الأحياء ذات الكثافة السكانية الكبيرة، من خلال تنفيذ توجيهات الدكتور أسامة بن فضل البار أمين العاصمة المقدسة، وحرصه على توفير كل سبل الراحة والرفاهة للمواطنين. حضر الفعاليات عديد من المواطنين والمقيمين بمختلف طوائفهم. من جهته، قال المهندس محمد طه فقيه مدير عام السلامة والخدمات الاجتماعية في الأمانة، إنه تم عرض أكثر من 70 فعالية في ستة مواقع موزعة على مختلف نواحي مكة المكرمة، لافتا إلى أن كل عام يشهد جديدا في إطار الحرص على تطوير شكل ومضمون الفعاليات الخاصة باحتفالات العيد، وتلبية احتياجات جميع فئات المجتمع، مشيدا بالجهود الكبيرة التي بذلتها اللجنة التنفيذية للاحتفالات لإنجاح هذه الفعاليات، بالتعاون والتنسيق مع كل الجهات الحكومية المعنية، إضافة إلى بعض مؤسسات القطاع الخاص بشأن خطة احتفالات العيد، واتخاذ كل الإجراءات التي حققت النجاح وسهولة وصول المواطنين لمواقع الفعاليات والاستمتاع بها في أجواء من الراحة والسعادة، مشيرا إلى أن تكليف عدد كبير من منسوبي الأمانة لمتابعة الفعاليات كان له الأثر البارز في نجاح هذه الفعاليات. ",
    "date_extracted": "2015-07-21 10:42:40"
}