{
    "url": "http://www.aleqt.com/2015/07/22/article_975286.html",
    "title": "وفاة الكاتب الأمريكي \"إي.إل دوكتورو\" عن 84 عاما",
    "author": "نيويورك :د ب أ",
    "content": " توفي الكاتب الأمريكي \"إي.إل دوكتورو\" في نيويورك أمس الثلاثاء عن عمر ناهز 84 عاما بعد صراع مع سرطان الرئة، بحسب ما نقلته صحيفة \"نيويورك تايمز\" عن ابنه. ويعد الكاتب الحائز على جوائز عن كتب مثل \"راجتايم\" و\"بيلي باثجيت\"، كاتبا معاصرا مهما في الولايات المتحدة. وتخصص دوكتورو في الخيال التاريخي. وعاش دوكتورو في مانهاتن في ساج هاربور بجزيرة ساج هاربور وكان متزوجا وله ثلاثة أبناء. ونشر عرض لكتابه \"آندروز برين\" العام الماضي. ",
    "date_extracted": "2015-07-22 10:11:04"
}