{
    "url": "http://www.aleqt.com/2015/07/22/article_975201.html",
    "title": "حرس حدود الشرقية ينقذ عددا من مرتادي شواطئ المنطقة من الغرق",
    "author": "«الاقتصادية» من الدمام",
    "content": " باشرت فرق البحث والإنقاذ في قطاعات حرس الحدود بالمنطقة الشرقية خلال أيام عيد الفطر عدة حالات إنقاذ بحري وساحلي لمواطنين ومقيمين خلال سباحتهم في شواطئ المنطقة. وأوضح النقيب عمر بن محمد الأكلبي المتحدث الرسمي في قيادة حرس الحدود بالمنطقة الشرقية, أن فرق البحث والإنقاذ في قطاع سلوى تلقت بلاغا عن تعرض طفل يبلغ من العمر سنة لحالة غرق في شاطئ العقير, وتم إنقاذه وعمل الإسعافات الأولية اللازمة له ونقله للمستشفى بواسطة الهلال الأحمر للاطمئنان على صحته. وأضاف الأكلبي أن فرق البحث والإنقاذ في قطاع الخبر أنقذت 13 حالة غرق خلال أيام عيد الفطر حيث تعرضوا للإجهاد أثناء ممارستهم للسباحة في شاطئ نصف القمر، وتم إنقاذهم إلى الشاطئ وعمل الإسعافات الأولية اللازمة لهم ونقل من استدعت حالته إلى مستشفى الملك فهد في الظهران للاطمئنان على صحتهم، وجميعهم بحالة صحية جيدة. وقال المتحدث الرسمي في قيادة حرس الحدود بالمنطقة الشرقية: \"إنه أثناء قيام الدورية البحرية بعملها المعتاد في الخفجي شاهدت شخصين جرفهما التيار بعيدا عن الشاطئ أثناء ممارستهم للسباحة، وتم إنقاذهم وعمل الإسعافات الأولية اللازمة لهما والاطمئنان على صحتهما. ودعا النقيب الأكلبي إلى الاهتمام والتقيد بتعليمات الإنقاذ والتأكد من مواقع السباحة الآمنة والمسموحة, مرجعا وقوع أغلب الحوادث إلى التجاوزات ومخالفة الأنظمة وعدم الاكتراث باللوحات الإرشادية والسباحة في مناطق ممنوعة أو التوغل إلى عمق البحر ما يؤدي للإجهاد والتعب أثناء العودة بتصلب العضلات \"الشد العضلي\" ما يعرض إلى الوفاة غرقا. ",
    "date_extracted": "2015-07-22 10:11:18"
}