{
    "url": "http://www.aleqt.com/2015/07/22/article_975289.html",
    "title": "غداً.. مطار الملك فهد يوقّع عقد إنشاء وتشغيل مبنى الطيران الخاص",
    "author": "الدمام: واس",
    "content": " توقّع إدارة مطار الملك فهد الدولي بالدمام يوم غد الخميس ، عقد إنشاء وتشغيل مبنى الطيران الخاص مع شركة \" إكس جت \" الأمريكية ، التي تُعَدّ من كُبريات الشركات المتخصصة والمصنفة عالمياً في مجال بناء وتشغيل مباني الطيران الخاص، وذلك بمقر المطار بالدمام . ويأتي توقيع عقد هذا المشروع الذي سيستغرق تنفيذه (24) شهرًا, انطلاقاً من رؤية إدارة المطار لضرورة إيجاد مبنى متخصص يخدم مالكي الطائرات الخاصة ، من خلال مطار الملك فهد الدولي ؛ حيث سيضم مبنى الطيران الخاص الذي يقع شمال الصالة الملكية, ساحة خاصة تستوعب عشرات المواقف للطائرات بمختلف الأحجام . وأوضح مدير عام مطار الملك فهد الدولي المهندس يوسف بن خليفة الظاهري, أن إدارة المطار بصدد افتتاح عدة مشروعات استثمارية جديدة خلال النصف الثاني من العام الجاري, ستسهم في تطوير الخدمة وتنويعها لمستخدمي المطار على حد سواء. ",
    "date_extracted": "2015-07-22 10:11:05"
}