{
    "url": "http://www.aleqt.com/2015/07/22/article_975300.html",
    "title": "وزارة الطاقة الإماراتية: تحرير أسعار الوقود من أول أغسطس",
    "author": "أبوظبي:رويترز",
    "content": " قالت وزارة الطاقة في بيان أوردته وكالة أنباء الإمارات (وام) اليوم الأربعاء إن الإمارات العربية المتحدة ستحرر أسعار الجازولين (البنزين) ووقود الديزل المحلية من أول أغسطس آب. وأسعار الوقود المحلية في الوقت الحالي من بين الأرخص على مستوى العالم بفضل الدعم الحكومي الهائل. ومن شأن تخفيض الدعم لأسعار الوقود تخفيف الضغط عن الموازنة الحكومية وربما يكون من أكبر الإصلاحات الاقتصادية التي تشهدها الإمارات في السنوات الأخيرة. وقالت الوزارة إنها ستعلن في الثامن والعشرين من كل شهر أسعار الوقود للشهر التالي. وأضافت أن أسعار البنزين والديزل ستتحدد اعتمادا على متوسط الأسعار العالمية لكنها لم تذكر أي تفاصيل عن صيغة التسعير ولا ما إذا كانت الأسعار ستصل إلى المستويات العالمية. وقالت الوزارة إن ذلك سيدعم اقتصاد الإمارات ويساعد في ترشيد استهلاك الوقود. ",
    "date_extracted": "2015-07-22 10:11:08"
}