{
    "url": "http://www.aleqt.com/2015/07/20/article_974926.html",
    "title": "واشنطن \"تدين بشدة\" الاعتداء الانتحاري في مدينة سوروتش التركية",
    "author": "واشنطن : (أ ف ب)",
    "content": " اعلن البيت الابيض ادانته الشديدة للاعتداء الانتحاري الذي اوقع ثلاثين قتيلا على الاقل ونحو مئة جريح الاثنين في مدينة سوروتش التركية المجاورة للحدود مع سوريا. وقال المتحدث باسم البيت الابيض جوش ايرنست ان الولايات المتحدة \"تدين بشدة الاعتداء المشين\" الذي نسبته الحكومة التركية الى تنظيم الدولة الاسلامية. ",
    "date_extracted": "2015-07-21 02:47:58"
}