{
    "url": "http://www.aleqt.com/2015/07/20/article_974820.html",
    "title": "مطار مهجور في اسبانيا كلف مليار يورو يباع بعشرة آلاف",
    "author": "\"الاقتصادية\" من الرياض",
    "content": " اشترت مجموعة من المستثمرين الدوليين في مزاد بأسبانيا مطارا مهجورا مقابل عشرة آلاف يورو فقط علما بأن تكاليف بنائه بلغت مليار يورو. وكان المستثمرون الذين كسبوا المزاد لبيع مطار ثيوداد ريال وسط إسبانيا الوحيدين الذين شاركوا به. ولم يتضح بعد إن كانت إجراءات البيع للمستثمرين ستتم حيث هناك مجال لظهور مشترين آخرين خارج المزاد. وتقول مجموعة \"تزانين إنترناشيونال\" التي يقودها مستثمرون صينيون إنها ستستخدم المطار كنقطة عبور للشركات الصينية إلى أوروبا. وكان يفترض أن يكون هذا المطار الذي بني على بعد 235 كيلومترا إلى الجنوب من مدريد بديلا لمطار باراخاس في مدريد، وقد افتتح عام 2008 لكنه أغلق بعد أن أعلن إفلاسه عام 2012. وتأمل السلطات بالعثور على مشتر يدفع الحد الأدنى المطلوب لسعر المطار وهو 28 مليون يورو وذلك قبل إغلاق العملية في نهاية شهر سبتمبر. ويمكن أن يستقبل المطار الذي بني وسط إسبانيا مليونين ونصف المليون مسافر. ويعد المطار واحد من عدة مطارات أخرى بنيت خلال مرحلة الازدهار الاقتصادي في اسبانيا لكنها لم تجذب مسافرين. وقد لقي مطار كاستيون الذي بني شرقي البلاد نفس المصير حيث افتتح عام 2011 لكنه لم يستقبل رحلة واحدة. ",
    "date_extracted": "2015-07-21 02:47:26"
}