{
    "url": "http://www.aleqt.com/2015/07/22/article_975282.html",
    "title": "متحف فني للمكفوفين في إسبانيا  - فيديو",
    "author": "الاقتصادية الإلكترونية من الرياض",
    "content": " يحرص موظفو متحف برادو بمدريد في العادة على منع الزائرين من لمس الأعمال المعروضة. لكن أكبر متاحف الفنون الجميلة في إسبانيا ابتكر طريقة تمكن المكفوفين من فهم مضمون اللوحات من خلال اللمس ",
    "date_extracted": "2015-07-22 10:11:04"
}