{
    "url": "http://www.aleqt.com/2015/07/20/article_974728.html",
    "title": "الكتلة النقدية في لبنان ترتفع 4.67 %",
    "author": "«الاقتصادية» من الرياض",
    "content": " ارتفع حجم الكتلة النقدية في لبنان بمقدار 147.8 مليون دولار ليصل إلى 120.4 مليار متقدما بنسبة 4.67 في المائة مقارنة بالفترة نفسها من السنة الماضية، وذلك خلال الأسبوع الممتد من 25 حزيران (يونيو) إلى 2 تموز (يوليو). وسجلت الكتلة النقدية في نفس الفترة ارتفاعا بنسبة 2.30 في المائة منذ بداية السنة الحالية. وأشارت مديرية الإحصاءات في مصرف لبنان المركزي في بيان نشرته أمس إلى أن سيولة النقد اللبناني ارتفعت بدورها في ذات الأسبوع بمقدار 480 مليارا و760 مليون ليرة بما يوازي 318 مليونا و910 ملايين دولار نتيجة ارتفاع حجم النقد في التداول بمقدار 311 مليار ليرة وبما يوازي 206 ملايين و300 ألف دولار، وارتفاع حجم الودائع تحت الطلب بمقدار 170 مليار ليرة وبما يوازي 112 مليونا و770 ألف دولار. وأفاد البيان أن مجموع الودائع \"باستثناء الودائع تحت الطلب\" شهد انخفاضا بمقدار 258 مليار ليرة بما يوازي 117 مليونا و150 ألف دولار بسبب تقلص حجم الودائع بالليرة اللبنانية بمقدار 200 مليار ليرة وتقلص حجم الودائع بالعملات الأجنبية بمقدار 39 مليون دولار. ",
    "date_extracted": "2015-07-21 02:49:14"
}