{
    "url": "http://www.aleqt.com/2015/07/18/article_974512.html",
    "title": "ولي ولي العهد يعايد المرابطين في الجنوب ويتفقد الوحدات المتقدمة",
    "author": "نجران : واس",
    "content": " قام الأمير محمد بن سلمان بن عبدالعزيز ولي ولي العهد النائب الثاني لرئيس مجلس الوزراء وزير الدفاع اليوم بزيارة تفقدية للوحدات المتقدمة للقوات المسلحة بالمنطقة الجنوبية ، وتقديم التهنئة لمنسوبي القوات المسلحة بمناسبة عيد الفطر المبارك . ونقل ولي ولي العهد تحيات خادم الحرمين الشريفين الملك سلمان بن عبدالعزيز القائد الأعلى لكافة القوات العسكرية وسمو ولي عهده الأمين وتهنئتهما لأبنائهم منسوبي القوات المسلحة بعيد الفطر المبارك . فقد وصل الأمير محمد بن سلمان موقع الثويلة على الحد الجنوبي بقطاع نجران لتفقد مركز العمليات المتقدم ، حيث ترأس إيجازا عن الموقف الحالي في منطقة المسؤولية تم فيه مناقشة خطط العمليات العسكرية المنفذة . وتفقد الأمير محمد بن سلمان وحدة التدخل السريع على الحد الجنوبي التي تضم طواقم بشرية وآليات عسكرية بأحدث التقنيات التي تمكنها من أداء مهامها وتمنحها التفوق نحو الاستجابة السريعة مع تطورات الموقف. والتقطت صور تذكارية لولي ولي العهد ومنسوبي وحدات التدخل السريع، وهنأ سموه الجميع ضباطا وأفراداً بعيد الفطر المبارك . وزار الأمير محمد بن سلمان عقب ذلك وحدات المدفعية وراجمات الصواريخ ، إذ جرت مناقشة العمليات العسكرية الأخيرة التي نفذتها الوحدات وفق خطط مركز العمليات. بعد ذلك توجه سمو ولي ولي العهد إلى قاعدة الملك خالد الجوية بخميس مشيط ، لزيارة سرب الطيران الخامس والخمسين ، حيث جرى استعراض العمليات الجوية خلال اليوم السابق وبرامج اليوم التالي لطائرات تحالف دعم الشرعية في اليمن. والتقى الأمير محمد بن سلمان طياري التحالف، وأثنى على احترافيتهم في تنفيذ المهام القتالية مؤكداً اعتزازه بكفاءة جميع الطيارين المشاركين وقدراتهم العالية. عقب ذلك غادر ولي ولي العهد مطار قاعدة الملك خالد الجوية بخميس مشيط . وكان في وداعه لدى مغادرته المطار رئيس هيئة الأركان العامة الفريق أول ركن عبدالرحمن البنيان وقائد المنطقة الجنوبية اللواء مطلق الأزيمع وكبار الضباط في المنطقة . رافق ولي ولي العهد خلال الزيارة مساعد وزير الدفاع الأستاذ محمد العايش . ",
    "date_extracted": "2015-07-21 02:48:55"
}