{
    "url": "http://www.al-jazirah.com/2015/20150726/lp4.htm",
    "title": "حريق في الدور الـ(29) بأحد الأبراج ولم يشعر به السكان",
    "author": "الطائف - عليان آل سعدان:",
    "content": "\nتمكنت فرق إطفاء عدة من الدفاع المدني بالطائف من إخماد حريق في الدور الـ(29) ببرج الطائف، والسيطرة عليه في الموقع الذي اشتعل فيه في زمن قياسي، لدرجة أن عدداً كبيراً من سكان البرج لم يشعروا بالحادث إلا بعد إطفاء الحريق ومغادرة فرق الدفاع المدني بعد الانتهاء من مهمتهم بكل نجاح. \nوقال المتحدث الإعلامي للدفاع المدني بالطائف العقيد ناصر الشريف إن غرفة العمليات الرئيسية بالدفاع المدني تلقت بلاغاً، ورد بلاغ الساعة 18:44 مساء يوم أمس، عن اشتعل حريق في برج الطائف بالدور الـ (29). وعلى الفور تم توجيه فرق إطفاء وإنقاذ وإسعاف، ورفع درجة الاستعدادات بالإمكانيات كافة لمباشرة الحادث، وسرعة السيطرة عليه. \nمؤكداً أنه - ولله الحمد - وبالرغم من المكان المرتفع الذي وقع فيه الحادث فقد تمكنت الفرق من سرعة الوصول له والسيطرة عليه وإخماده دون أن تقع أية إصابات أو أضرار تذكر. \nمشيراً إلى أن الحادث ناتج من تماس كهربائي، تم معالجته وإصلاحه من قِبل شركة الكهرباء التي حضرت في الوقت المناسب، إلى جانب العديد من الجهات الأخرى، من ضمنها إدارة مرور الطائف التي ساهمت في إغلاق الشوارع المحيطة بالبرج لإفساح المجال لآليات الدفاع المدني، وتمكين الفرق من أداء مهامها بكل يسر وسهولة. \n",
    "date_extracted": "2015-07-26 16:48:30"
}