{
    "url": "http://www.al-jazirah.com/2015/20150725/lp4.htm",
    "title": "فعاليات منوعة في صيف الباحة غداً",
    "author": "",
    "content": "يواصل مهرجان صيف منطقة الباحة لهذا العام فعالياته غداً، عبر حزمة من البرامج المنوعة التي تلبي رغبات وتطلعات مختلف شرائح المجتمع. \nوتشتمل الفعاليات المقامة في مدينة الباحة ومحافظة بلجرشي على لقاء شباب بني ظبيان، وبرنامج المخيم الشبابي، وعروض الليزر، والفنون الشعبية. فيما تستضيف محافظة بني حسن والقرى فعاليات عروض الخيل، والفنون الشعبية، ومحاضرة توعوية عن الانحراف الفكري، ودروساً دينية، ودورة للمقبلين على الزواج، ودورة في برمجة الحاسب الآلي والإلكترونيات، ودورياً رياضياً في كرة القدم والطائرة. \nوبدورها، تستمر الفعاليات اليومية في تقديم عروضها للزوار، وتتضمن خيمة التسوق، وقرية الألعاب، ومسرح الطفل، وحديقة الحيوانات، وعروض الدبابات، والمراكز الموسمية للطلاب والطالبات، وهدية المصطاف، والمصلى المتنقل، والخيول والعربات، ومسابقات أسرية، والمقر الصيفي. \n",
    "date_extracted": "2015-07-25 09:25:25"
}