{
    "url": "http://www.al-jazirah.com/2015/20150724/fe13.htm",
    "title": "جوازات الجوف تقيم حفل معايدة للموظفين في الأقسام والشعب ",
    "author": "الجوف - محمد الرويلي:",
    "content": " حفل معايدة بجوازات الجوفنظمت المديرية العامة لإدارة جوازات منطقة الجوف حفل معايدة، بحضور مدير عام الجوازات العميد الدكتور خالد الهويش والمتحدث الإعلامي العقيد عبدالمنعم الحيزان وجميع مديري الإدارات والأقسام وموظفي الجوازات. وقد أعرب الهويش عن شكره لكل العاملين والمكلفين في الشعب والأقسام طوال فترة إجازة عيد الفطر المبارك على ما قدموه من خدمات وتسهيلات في استصدار جوازات المواطنين والمقيمين وإنهاء إجراءاتهم كافة، بعد أن تم دعمهم بالكوادر البشرية اللازمة والأجهزة الفنية لإنجاز معاملات المتقدمين بشكل سريع. ",
    "date_extracted": "2015-07-24 08:40:09"
}