{
    "url": "http://www.al-jazirah.com/2015/20150725/ln54.htm",
    "title": "6 فرق في مسابقة الطائف سما للفنون الشعبية ",
    "author": "الطائف - هلال الثبيتي:",
    "content": "\nتنطلق مساء اليوم السبت الدورة الثانية من مسابقة الطائف سما للفنون الشعبية التي تقام على مسرح منتجع الكر الترفيهي بالتعاون مع فرع جمعية الثقافة والفنون بالطائف.. من جهته أوضح مدير جمعية الثقافة والفنون بالطائف «فيصل الخديدي» أن الفرق المشاركة هي «مكة المكرمة، رنية، الفرسان، الجنوب، الخلّد، رابغ»، وستقدّم عروضها أمام لجنة التحكيم في يوم والسبت والاثنين والأربعاء من كل أسبوع لمدة أسبوعين، مضيفاً أن المسابقة تستضيف عدد من أبرز الفنانين والإعلاميين. \nوبيّن «الخديدي» أن المسابقة رصدت ثمانين ألف ريال جوائز للمركزين الأول والثاني، حيث سيحصل الفائز بالمركز الأول على جائزة مقدارها خمسون ألف ريال، ويحصل الفائز بالمركز الثاني على جائزة مقدارها ثلاثون ألف ريال، بالإضافة إلى مكافأة مالية مقدارها خمسة آلاف ريال لكل فرقة مشاركة.. يذكر أن لجنة التحكيم برئاسة الفنان سامي الزهراني، وعضوية الشاعر خالد الحارثي والفنان سعد العاطف. \n",
    "date_extracted": "2015-07-25 10:26:55"
}