{
    "url": "http://www.al-jazirah.com/2015/20150724/sp2.htm",
    "title": "الراشد يتابع استعدادات الفتح في تونس",
    "author": "كتب - صادق الحرز:",
    "content": "واصل الفريق الأول لكرة القدم بنادي الفتح المرحلة الثانية من البرنامج الإعدادي استعدادا لمنافسات الموسم الرياضي القادم، وأجرى الفريق الفتحاوي تدريباته على فترتين صباحية ومسائية، ففي الحصة الصباحية التي أقيمت على شاطئ خليج تونس خضع فيها جميع لاعبي الفريق إلى تمارين خاصة لتقوية العضلات تمثلت في محطات مختلفة وموزعة، الهدف منها رفع مستوى القوة العضلية لدى اللاعبين، باستغلال رمال الشاطئ التي تزيد من حدة التمارين وتساهم بشكل كبير في التقوية. وفي الفترة المسائية عقد المدير الفني التونسي السيد ناصيف البياوي اجتماعاً فنياً مع اللاعبين في أحد قاعات مقر معسكر الفريق، تم خلاله شرح بعض من النهج التكتيكي الذي اعتمده البياوي للفريق، ليغادر بعد ذلك اللاعبون إلى ملعب قرطاج لاستئناف الفترة المسائية من تدريبات اليوم والتي بدأت بتمارين الإحماء مع المعد البدني للفريق الكابتن إراد زعفوري بعدها أدى اللاعبون بعض التمارين التكتيكية الخاصة بالاستحواذ على الكرة والانتشار الصحيح وتنظيم حركة الفريق داخل الملعب ليقسم بعد ذلك البياوي اللاعبين إلى مجموعتين الأولى شملت لاعبي خط المقدمة والهجوم والمجموعة الثانية شملت محاور الارتكاز وخط الدفاع، حيث طبقت كل من المجموعتين التمارين التكتيكية الخاصة. هذا وشهدت الفترة المسائية حضور ومتابعة رئيس مجلس إدارة نادي الفتح الأستاذ أحمد الراشد وعضو شرف نادي الفتح أحد كبار الداعمين الأستاذ راشد بن عبد المنعم الراشد. ",
    "date_extracted": "2015-07-24 08:41:12"
}