{
    "url": "http://www.al-jazirah.com/2015/20150725/ln17.htm",
    "title": "انطلاق فعاليات مهرجان صيف الرس",
    "author": "الرس - أحمد الحمياني:",
    "content": "\nانطلقت فعاليات مهرجان صيف الرس (36) السياحي مؤخراً والذي أقيم في حديقة الأمير فيصل بن بندر في الرس، والمخصص للعائلات، حيث بدأت فعالياته اعتبارا من تاريخ5 شوال وتستمر حتى 13 من شهر ذي القعدة، ويقول مدير المهرجان التنفيذي لمهرجان صيف الرس عبد العزيز المهوس، إن الفعالية تحتوي على مسرح للطفل، وسوق مفتوح، ومحال أسر منتجة، وفرق استعراضية وأمسيات شعرية، وسحوبات وجوائز، وموقع للألعاب، ونجوم ومواهب، وفرقة إنشادية. ويذكر أن فعالية مهرجان صيف الرس (36) تقام بالتعاون مع الهيئة العامة للسياحة والتراث الوطني ،وبلدية محافظة الرس، ومحافظة الرس، والقطاع الخاص. \n",
    "date_extracted": "2015-07-25 09:29:09"
}