{
    "url": "http://www.al-jazirah.com/2015/20150724/sp19.htm",
    "title": "الفيحاء يواصل استعداداته ويلاقي أحد الفرق التركية عصر الجمعة ",
    "author": "المجمعة - عمار العمار:",
    "content": "واصل الفريق الكروي الأول بنادي الفيحاء تمارينه على فترتين، وذلك في معسكره الإعدادي المقام حالياً في دولة تركيا، حيث اشتمل التمرين الصباحي على جوانب لياقية مع مدرب اللياقة، بعد ذلك أجرى المدرب الوطني خليل المصري تدريباته خاصة بالكرة مع تطبيق بعض الجمل التكتيكية، ثم اختتم التدريب بتدريبات الإطالة، كما فرض الجهاز الفني في فترة الظهيرة تمارين تقوية في صالة الحديد حيث قاد التدريب مدرب اللياقة حمدي بن الصادق تحت إشراف المدرب الوطني خليل المصري واختصاصي العلاج باسم الشتيوي. بعد ذلك دخل أفراد الفريق في اجتماع فني مغلق مع الجهاز الفني شرح فيه الكابتن خليل المصري بعض الخطط والنهج التكيتيكي الذي ينوي إقامته في التمرين المسائي الذي بدأ ببعض التدريبات السويدية، بعد ذلك عمد الجهاز الفني على فرض تدريبات تكتيكية على اللاعبين على كامل الملعب، وبعد نهاية التمرين المسائي أقام الجهاز الإداري احتفالية مبسطة لكل أفراد البعثة في مقر السكن، هدف منها الجهاز الإداري لإخراج اللاعبين من أجواء التدريبات التي يتم فرضها عليهم. من المقرر أن يخوض الفريق الأول أولى مبارياته الودية بمعسكره عصر يوم الجمعة أمام أحد فرق الدرجة الثالثة التركية والذي يقيم في المقاطعة نفسها، وعمد الجهاز الفني من اختيار هذا الفريق رغبة منهم في التدرج في مستوى الفرق التي يقابلها ودياً حتى يصل الفريق للجاهزية التامة قبيل انطلاق الدوري جانب من تمارين الفيحاء بمعسكره في تركيا. ",
    "date_extracted": "2015-07-24 08:41:42"
}