{
    "url": "http://www.al-jazirah.com/2015/20150723/ln10.htm",
    "title": "إمارة منطقة تبوك تعايد منسوبيها",
    "author": "تبوك - واس:",
    "content": "أقامت إمارة منطقة تبوك في مقرها أمس حفل معايدة لمنسوبيها، بحضور وكيل إمارة المنطقة محمد بن عبدالله الحقباني، حيث تبادل الجميع التهاني والتبريكات بمناسبة عيد الفطر المبارك في أجواء سادتها الألفة والمحبة. وقد سأل الجميع الله عز وجلّ أن يعيد هذه المناسبة المباركة على الأمتين العربية والإسلامية بالخير واليمن والبركات. ",
    "date_extracted": "2015-07-23 17:35:14"
}