{
    "url": "http://www.al-jazirah.com/2015/20150723/sp1.htm",
    "title": "بني ياس يضم لاريفي صاحب هدف أسقط برشلونة في نوكامب",
    "author": "رويترز:",
    "content": "أعلن نادي بني ياس الإماراتي تعاقده مع خواكين لاريفي مهاجم سيلتا فيجو وصاحب هدف فوز ناديه في نوكامب على برشلونة بطل الدوري الإسباني وكأس الملك ودوري أبطال أوروبا خلال الموسم الماضي. وكتب بني ياس على حسابه بموقع تويتر «نادي بني ياس الرياضي الثقافي يعلن تعاقده رسميًا مع اللاعب خواكين لاريفي مهاجم نادي سلتا فيجو الإسباني لمدة موسمين». وأضاف «اللافت للاهتمام أن نادي برشلونة بطل الثلاثية هذا العام تلقى خسارة في ملعبه نوكامب هذا الموسم أمام سيلتا فيجو بهدف وحيد سجله لاريفي.. سجل اللاعب 11 هدفًا بالموسم الماضي». وخسر برشلونة بالفعل 1- صفر على أرضه أمام سيلتا فيجو في أول نوفمبر في الدوري قبل أن يشق طريقه نحو الفوز باللقب وكذلك بكأس الملك ودوري الأبطال. وأنهى بني ياس الدوري الموسم المنصرم في المركز الثامن بين 14 فريقًا ولم يسبق له إحراز اللقب. ",
    "date_extracted": "2015-07-23 17:33:45"
}