{
    "url": "http://www.al-jazirah.com/2015/20150725/ln56.htm",
    "title": "صحة الطائف تبدأ خطة التوعية الصحية للصيف",
    "author": "الطائف - محمد الوذيناني:",
    "content": "\nبدأت الشؤون الصحية بمحافظة الطائف، في تنفيذ خطة التوعية الصحية لصيف هذا العام بغية الرفع من مستوى الوعي الصحي في المجتمع تجاه المشكلات الصحية التي تواجه الأفراد وكيفية الوقاية منها، وتقليل حدوثها، ومنع وتأخير المضاعفات الناجمة عنها. \nوبيّن مدير التوعية الصحية المشرف على تنفيذ الخطة عادل الزايدي، أن الخطة ستنفذ برامجها التوعوية في مختلف المجالات الصحية، وتغطي الفنادق والشقق المفروشة والمجمعات التجارية والحدائق العامة والأسواق والميادين العامة من أجل إيصال الرسائل التوعوية لشرائح المجتمع، مستفيدة في ذلك من كل الوسائل الممكنة بما فيها وسائل التواصل الاجتماعي. \n",
    "date_extracted": "2015-07-25 10:26:56"
}