{
    "url": "http://www.al-jazirah.com/2015/20150723/sp4.htm",
    "title": "كأس ليبرتادوريس: ريفر بلايت إلى الدور النهائي للمرة الأولى منذ 19 عاماً",
    "author": "اسونسيون - (أ ف ب):",
    "content": "تأهل ريفر بلايت الأرجنتيني إلى الدور النهائي لمسابقة كأس ليبرتادوريس لكرة القدم بتعادله مع مضيفه غواراني البارغوياني 1-1 على ملعب «ديفنسوروس دل تساكو» في اسونسيون وأمام 20 ألف متفرج في إياب الدور نصف النهائي. وكان غواراني البادئ بالتسجيل عبر فرناندو فرنانديز في الدقيقة 62، بيد لوكاس ألاريو وجه الضربة القاضية لآمال أصحاب الأرض بإدراكه التعادل في الدقيقة 79، وكان ريفر بلايت فاز 2-صفر ذهاباً في بوينوس ايرس. وهي المرة الخامسة التي يبلغ فيها ريفر بلايت الدور النهائي في تاريخ مشاركاته في المسابقة، والأولى منذ 19 عاما عندما توج بلقبه الثاني والأخير عام 1996 على حساب أميركا الكولومبي. ونال ريفر بلايت لقبه الأول عام 1986 بعدما خسر مرتين عامي 1966 و1976. ويلتقي ريفر بلايت في النهائي مع انترنسيونال بورتو اليغري البرازيلي أو تيغريس المكسيكي (فاز الأول 2-1 على أرضه ذهابا، وسيلتقيان اليوم إيابا في المكسيك). وكان سان لورنزو الأرجنتيني أحرز لقب النسخة الماضية على حساب ناسيونال البارغوياني (1-1 ذهابا و1-صفر إياب)، ليصبح ثامن فريق أرجنتيني يحرز لقب البطولة الأهم في أميركا اللاتينية، ويضع حداً لهيمنة الفرق البرازيلية التي أحرزت اللقب في السنوات الماضية عبر بورتو اليغري (2010) وسانتوس (2011) وكورينثيانز (2012) واتلتيكو مينيرو (2013). يذكر أن انديبنديينتي الأرجنتيني هو أكثر الأندية تتويجا بلقب المسابقة (7 مرات من أصل 7 نهائيات) أمام مواطنه بوكا جونيورز (6 مرات، خسر 4 مرات) وبينارول الأوروغوياني (5 مرات وخسر مثلها) واستوديانتيس الأرجنتيني (4 مرات وخسر مرة واحدة). ",
    "date_extracted": "2015-07-23 17:33:54"
}