{
    "url": "http://www.al-jazirah.com/2015/20150725/at3.htm",
    "title": "ارتياح كبير لترشيح هاني شاكر نفسه نقيباً للموسيقيين",
    "author": "القاهرة - الجزيرة:",
    "content": " هاني شاكر\nتحدث المطرب هاني شاكر أمس في مؤتمر صحفي بالإسكندرية، عن برنامجه الانتخابي لتحسين أوضاع الموسيقيين، عقب اجتماعه مع أعضاء الجمعية العمومية لنقابة الموسيقيين بالإسكندرية.وأعلن هاني شاكر برنامجه وخطته لتحسين أحوال نقابة الموسيقيين بعد أن أعلن عن ترشحه على منصب النقيب بعد دورات متتالية شهدت حالة من عدم الاستقرار. \nوتقام الانتخابات على مقعد النقيب وأعضاء المجلس يوم 28 يوليو بمسرح البالون بالقاهرة، ومسرح عبد المنعم جابر بالإسكندرية، وكذلك نادي النقابة بالمنصورة، وتم إبلاغ اتحاد النقابات الفنية بالأمر، على أن تكون الإعادة في الرابع من أغسطس المقبل. \nوشهدت أروقة نقابة الموسيقيين حالة من الارتياح فور ترشح المطرب هاني شاكر على مقعد النقيب والذي أعاد للأذهان ترشح كبار نجوم ونجمات الوطن العربي على هذا المنصب الذي شغلته سيدة الغناء العربي أم كلثوم، حيث كانت أول من وضع لبنة نقابة للموسيقيين عام 1942 ومجلس إدارة النقابة، الذي ضم فتحية أحمد، وحياة محمد، ورياض السنباطي، وزكريا أحمد، ومحمد القصبجي، وصالح عبد الحي، وفريد الأطرش، وعزيز عثمان، وإبراهيم حجاج، ومحمد عبده صالح، وأحمد الحفناوي. \n",
    "date_extracted": "2015-07-25 09:26:49"
}