{
    "url": "http://www.al-jazirah.com/2015/20150725/sp19.htm",
    "title": "الفتح يواصل تحضيراته على ملعب قرطاج والراشد يعزي النينياء",
    "author": "كتب - صادق الحرز:",
    "content": "\nواصل الفريق الأول لكرة القدم بنادي الفتح المرحلة الثانية من البرنامج الإعدادي استعداداً لمنافسات الموسم الرياضي المقبل، وأجرى الفريق تدريباته أمس على فترتين صباحية ومسائية ، فالفترة الصباحية انقسمت إلى جزئين الأول شمل على تمارين لياقية بتوزيع لاعبي الفريق إلى أربع مجموعات بدأت بالجري حول الملعب بسرعة محددة وبشكل منتظم ، أما الجزء الثاني من الفترة الصباحية انقسم فيها لاعبو الفريق إلى مجموعتين الأولى شملت على لاعبي خط الدفاع ومحاور الارتكاز ، أما المجموعة الثانية فشملت على لاعبي خط الوسط والهجوم حيث طبقت كل مجموعة العديد من الجمل التكتيكية الخاصة بها . أما الفترة المسائية والتي أجريت على ملعب قرطاج بالعاصمة التونسية «تونس» فانطلقت بتمارين الإحماء وتمارين تكتيكية بلعب الكرة في المساحات الضيقة من لمسة ولمستين والضغط على حامل الكرة والاستحواذ على الكرة قبل أن يتم تطبيق ذلك في مناورة أجريت على منتصف الملعب. و شهدت الحصة التدريبية حضور ومتابعة رئيس مجلس إدارة نادي الفتح الأستاذ أحمد الراشد وعضو شرف نادي الفتح وأحد كبار الداعمين الأستاذ راشد بن عبد المنعم الراشد. \nالجدير ذكره غادر المنسق الإداري للفريق الفتحاوي الأستاذ سعد النينياء معسكر الفريق متجهاً إلى المملكة العربية السعودية بعد تلقيه نبأ وفاة والدته التي سيوارى جثمانها في المقبرة الشمالية بمحافظة الأحساء. من جانبه قدم رئيس مجلس إدارة نادي الفتح الأستاذ أحمد الراشد أحر التعازي إلى النينياء داعين المولى عز وجل أن يغفر لها ويرحمها ويسكنها فسيح جناته ويلهم أسرة النينياء الصبر والسلوان. \n",
    "date_extracted": "2015-07-25 09:28:50"
}