{
    "url": "http://www.al-jazirah.com/2015/20150724/ln40.htm",
    "title": "13 عملية مياه بيضاء في يوم واحد بمستشفى  محمد بن ناصر في جازان",
    "author": "",
    "content": "أُجريت بمستشفى الأمير محمد بن ناصر في جازان أمس, 13 عملية إزالة مياه بيضاء بتقنية الفاكو، تكللت جميعها بالنجاح - بحمد الله -.وأوضح المشرف العام على المستشفى الدكتور طاهر صميلي خلال حفل المعايدة الذي نظمته إدارة المستشفى، بحضور كافة منسوبي الأقسام, أنه تم فحص 34 مريضاً في العيادة الخارجية, إلى جانب عدد من الحالات الطارئة في قسم الطوارئ, وإجراء عملية قسطرة وريدية لمريض. ",
    "date_extracted": "2015-07-24 08:42:39"
}