{
    "url": "http://www.al-jazirah.com/2015/20150723/ln21.htm",
    "title": "منسوبو تعليم المدينة المنورة يتبادلون التهاني في حفل المعايدة السنوي",
    "author": "المدينة المنورة - الجزيرة:",
    "content": "أقامت الإدارة العامة للتعليم بمنطقة المدينة المنورة، صباح أمس الأربعاء، حفل المعايدة السنوي لجميع منسوبي الإدارة من مديري إدارات وموظفين وإداريين وعاملين، والذي أقيم بمبنى الإدارة بالحرة الشرقية، وذلك بحضور مساعد المدير العام للشؤون التعليمية الأستاذ خالد الوسيدي، والمساعد للشؤون المدرسية الأستاذ حسن الحازمي، والمساعد للخدمات المساندة الأستاذ عبدالرحمن الهزاني، وعدد من مديري مكاتب التربية والتعليم. وقد تبادل الجميع خلال الحفل التهاني بمناسبة عيد الفطر المبارك، سائلين المولى تعالى أن يعيده على الجميع باليمن والبركات أعواماً عديدة وأزمنة مديدة وهم يرفلون بثوب الصحة والعافية وأن يتقبل من المسلمين الصيام والقيام وصالح الأعمال، وأن يديم على هذه البلاد نعمة الأمن والأمان وأن يحفظ خادم الحرمين الشريفين الملك سلمان بن عبدالعزيز آل سعود وسمو ولي عهده صاحب السمو الملكي الأمير محمد بن نايف بن عبدالعزيز وسمو ولي ولي عهده صاحب السمو الملكي الأمير محمد بن سلمان بن عبدالعزيز، بحفظه وعنايته. إلى ذلك رعت مساعدة المدير العام للشؤون التعليمية (بنات) مريم بنت عقيل الجهني الحفل الذي أقامته الشؤون التعليمية (بنات) لمنسوباتها بمناسبة عيد الفطر المبارك وذلك بمقر مبنى الشؤون التعليمية بحي المصانع وبحضور مديرات مكاتب التربية والتعليم ومديرات المكاتب والأقسام. هذا وقد دأبت الإدارة العامة للتعليم بمنطقة المدينة المنورة على إقامة حفلات المعايدة السنوية لمنسوبيها, لما تمثله هذا اللقاءات من فرصة لتوطيد أواصر المحبة والأخوّة بين منسوبي الإدارة وتبادل التهاني والتبريكات في مثل هذه المناسبات السعيدة. ",
    "date_extracted": "2015-07-23 17:34:58"
}