{
    "url": "http://www.al-jazirah.com/2015/20150723/ln47.htm",
    "title": "جامعة الإمام تقيم حفل معايدة لمنسوبيها",
    "author": "الجزيرة - واس:",
    "content": "أقامت جامعة الإمام محمد بن سعود الإسلامية صباح امس حفل معايدة بمناسبة عيد الفطر المبارك بحضور مدير الجامعة بالنيابة الدكتور فوزان بن عبدالرحمن الفوزان, ووكلاء الجامعة وعمداء الكليات والعمادات المساندة وأعضاء مجلس الجامعة وأعضاء هيئة التدريس والموظفين, وذلك بإدارة الجامعة بالرياض. وتمنى الدكتور الفوزان خلال الكلمة التي ألقاها في هذه المناسبة, أن يتقبل الله من الجميع أعمالهم، وأن يعيده على هذه البلاد بالأمن والأمان وعلى الجميع باليمن والمسرات, داعياً المسؤولين في الجامعة على مضاعفة الجهد والاستعداد للعام الدراسي الجديد بما يليق بالجامعة ومكانتها. وتبادل منسوبو الجامعة التهاني والتبريكات بهذه المناسبة. ",
    "date_extracted": "2015-07-23 17:34:37"
}