{
    "url": "http://www.al-jazirah.com/2015/20150725/ln60.htm",
    "title": "مهرجان أملج التراثي البحري يواصل فعالياته",
    "author": "أملج - واس:",
    "content": " جانب من الفعاليات\nيواصل «مهرجان أملج التراثي البحري الثاني» تقديم فعالياته وبرامجه المتنوعة في عدة مواقع بالمحافظة، حيث تضمنت الفعاليات سباق صيد السمك بمرفأ الصيادين، ثم فعاليات حي البلد القديم الذي يعد المقر الرئيسي للفعاليات اليومية المهرجان، ويضم سوق الرقعة، وحراج السمك القديم، والقهوة الشعبية، والبسطات والأكشاك وساحة الألعاب الشعبية. \nوشهد المهرجان إقامة العديد من الفعاليات بحضور محافظ أملج زياد عبد المحسن البازعي ورئيس بلدية المحافظة علي زارع الرفاعي، شملت حراج السمك، والحرف اليدوية التراثية والبحرية، وفعاليات المسرح المفتوح الذي أقيمت على خشبته العديد من المسابقات والفعاليات التي لاقت استحسان الحاضرين، كما قدمت فرقة أملج للفنون الشعبية مجموعة من الألوان الشعبية التي تشتهر بها المحافظة، شاركهم فيها ضيوف وزوار المهرجان. \nوأسهم تعدد الفعاليات وتنوع الأماكن المقامة فيها، في إضفاء الكثير من المتعة والتشويق على المهرجان الذي يستمر حتى يوم الأحد القادم، إلى جانب تكامل الخدمات في مواقع الفعاليات كافة، مما زاد من توافد الزوار الذين يحرصون على التفاعل مع فعاليات وأنشطة المهرجان المختلفة بصفة يومية. \n",
    "date_extracted": "2015-07-25 10:27:19"
}