{
    "url": "http://www.al-jazirah.com/2015/20150725/ln27.htm",
    "title": "«إخاء» لرعاية الأيتام بالقصيم تعايد منسوبيها",
    "author": "بريدة - عبدالرحمن التويجري:",
    "content": " من حفل المعايدة\nأقام فرع المؤسسة الخيرية لرعاية الأيتام «إخاء» بالقصيم حفل معايدة للأبناء والمنسوبين في أحد فنادق بريدة، وتخلل الحفل مسابقات وتحديات، كما قدم المبدع مشهور عبدالله، أوبريت إنشادي بهذه المناسبة؛ تلا ذلك فلم «الطريق إلى الثانية» الذي يحكي مسيرة فريق منتخب القصيم إلى تحقيق بطولة النخبة الثانية. بعد ذلك تم تكريم اللاعبين والجهاز الفني والإداري. \nمن جانبه ألقى مدير الفرع الأستاذ خالد الرميخاني كلمة عايد خلالها أبناء ومنسوبي الفرع، سائلاً الله أن يحفظ البلاد وقادتها لما فيه الخير والصلاح. \nوقد جرى في ثنايا الحفل سحوبات على جوائز قيمة، واختتم بمأدبة عشاء بهذه المناسبة. \n",
    "date_extracted": "2015-07-25 09:29:18"
}