{
    "url": "http://www.al-jazirah.com/2015/20150724/lp1.htm",
    "title": "تصحيح أوضاع 363 ألفاً من الأشقاء اليمنيين",
    "author": "الجزيرة - المحليات:",
    "content": "أوضحت المديرية العامة للجوازات أنه بلغ عدد المصحح وضعهم من الإخوة اليمنيين في كافـة مراكز التصحيـح بمناطق المملكة حتى الساعة الواحدة ظهراً من يوم أمس الخميس ( 363378 ) شخصاً مستفيدين بذلك من الأمر السامي الذي أمر به خادم الحرمين الشريفين الملك سلمان بن عبدالعزيز - حفظه الله - قبل أكثر من شهرين من الآن. ودعت الجوازات الأشقاء اليمنيين ممن تنطبق عليهم شروط الحصول على هوية زائر بسرعة مراجعة مراكز التصحيح و استيفاء متطلبات التصحيح، وأكدت بأن من يحصل على وثيقة من سفارة بلاده فقط دون الحصول على هوية زائر فإن الوثيقة وحدها لا تخوله البقاء داخل المملكة بوضع نظامي ولمعرفة الشروط والاطلاع على متطلبات ومواقع التصحيح في المملكة زيارة موقع المديرية العامة للجوازت www.gdp.gov.sa ",
    "date_extracted": "2015-07-24 08:38:40"
}