{
    "url": "http://www.al-jazirah.com/2015/20150725/ln14.htm",
    "title": "جامعة الباحة  تقيم حفل معايدة لمنسوبيها",
    "author": "الباحة - عليان آل سعدان:",
    "content": "\nأقامت جامعة الباحة لقاء المعايدة السنوي لعيد الفطر المبارك بحضور مدير الجامعة المكلّف الدكتور عبدالله الزهراني، وعدد من وكلاء الجامعة وعمداء الكليات والعمادات المساندة وأعضاء مجلس الجامعة وأعضاء هيئة التدريس والموظفين، وذلك بالقاعة الكبرى في مبنى إدارة الجامعة. \nوهنأ الدكتور الزهراني، خلال الكلمة التي ألقاها خادم الحرمين الشريفين وولى العهد وولي ولي العهد - حفظهم الله- وجميع علماء وأبناء هذا الشعب بهذه المناسبة، كما تمنى أن يتقبل الله من الجميع أعمالهم وأن يعيده على الجميع باليمن والمسرات. \nمثمناً ما تجده الجامعة من الدعم والعناية من الحكومة الرشيدة التي أسهمت في تحقيق ريادتها العلمية والعلمية والبحثية وخدمة المجتمع، مشدداً على ضرورة استشعار المسؤولية الملقاة على عاتق هذه الجامعة. \n",
    "date_extracted": "2015-07-25 09:29:06"
}