{
    "url": "http://www.al-jazirah.com/2015/20150723/ln32.htm",
    "title": "مستشفى الصحة النفسية بالأحساء يعايد المرضى",
    "author": "الأحساء - عايدة بنت صالح:",
    "content": "قام مدير مستشفى الصحة النفسية بالأحساء الدكتور أنور المسعد، بجولة على جميع المرضى المنومين بأجنحة الرجال لتهنئتهم بمناسبة عيد الفطر المبارك وتقديم الهدايا لهم ومشاركتهم الفرحة، وتأتي هذه المبادرة ضمن البرامج العلاجية التي تسهم في مساعدة المرضى في برنامجهم العلاجي ورسم الفرحة والسرور عليهم. وكان للإبتسامة والمرح دور في إكمال الفرحة والسور لنزلاء المستشفى، حيث أقيم حفل ترفيهي ثقافي بالقاعة الكبرى بالمستشفى، وتضمن مشاهد فكاهية ومسابقات وقصائد شعرية من قبل النزلاء، كما شاركهم بالشعر الشاعر الأحسائي عبدالله الخضير، وقدم قسم العلاج بالعمل موهبة لأحد النزلاء في الرسم والخط، وكان لقسم النساء مشاركة من قبل النزيلات بأطباق شعبية قدموها للنزلاء والموظفين. وفي ختام الحفل تقدم مدير المستشفى بالشكر للجميع على جهودهم الملموسة في رسم البهجة والفرحة على النزلاء. ",
    "date_extracted": "2015-07-23 17:35:34"
}