{
    "url": "http://www.al-jazirah.com/2015/20150725/ln59.htm",
    "title": "أمير منطقة نجران يوجِّه بتسهيل رحلة الفهادي «مسيرة الحزم» ",
    "author": "نجران - واس:",
    "content": "\nانطلقت من مقر إمارة منطقة نجران أمس الأول رحلة «مسيرة الحزم» للمواطن حمير بن سالم الفهادي، تعبيراً عن حب الوطن والولاء لقادته، لتنطلق إلى قصر الحكم بالرياض، سيرًا على الهجن. ووجّه صاحب السمو الأمير جلوي بن عبدالعزيز بن مساعد أمير منطقة نجران، بتسهيل مبادرة الرحالة حمير الفهادي، وتوفير جميع وسائل السلامة له والاحتياطات الإسعافية، حيث يسلك المواطن خط رحلته عبر عشر محطات، من إمارة منطقة نجران إلى قصر الحكم، مرورا بالحصينية، وثجر، وسلطانة، وقرية، والسليل، والأفلاج، والحوطة والخرج. \n",
    "date_extracted": "2015-07-25 10:27:18"
}