{
    "url": "http://www.al-jazirah.com/2015/20150724/lp2.htm",
    "title": "استطلاع آراء زوار المسجد النبوي «إلكترونياً»",
    "author": "الجزيرة- واس - المحليات:",
    "content": "تجري وكالة الرئاسة العامة لشؤون المسجد النبوي, استطلاعاً إلكترونياً لقياس آراء الزائرين والزائرات حول مستوى الخدمات المقدمة لهم في المسجد النبوي, ومدى كفاءة وجودة مختلف الخدمات من وجهة نظر المستفيدين, وإشراكهم في الارتقاء بالخدمات وطرق تقديمها. وأوضح مدير إدارة شؤون الزيارة بوكالة شؤون المسجد النبوي ياسر الجيار أن الإجراء يأتي انطلاقاً من توجيهات معالي الرئيس العام لشؤون المسجد الحرام والمسجد النبوي الشيخ الدكتور عبدالرحمن بن عبدالعزيز السديس، ومعالي نائب الرئيس العام لشؤون المسجد النبوي الشيخ عبدالعزيز بن عبدالله الفالح، ببذل وتقديم مختلف الجهود لتحقيق تطلعات خادم الحرمين الشريفين الملك سلمان بن عبدالعزيز آل سعود، وسمو ولي العهد، وسمو ولي ولي العهد ـ حفظهم الله ـ, في العناية بزوار المسجد النبوي وتلبية احتياجاتهم، وتوفير الخدمات لهم، وتطوير أساليبها بما يتوافق مع أحدث التجهيزات. وأفاد أن إدارة شؤون الزيارة بوكالة الرئاسة العامة لشؤون المسجد النبوي دأبت على مقابلة زائري المسجد النبوي واستطلاع آرائهم وآمالهم لمواصلة جهود تطوير أداء الكوادر والعاملين، وبما يحقق هدف الارتقاء بمنظومة العمل مختلف محاور الخدمة. ",
    "date_extracted": "2015-07-24 08:39:02"
}