{
    "url": "http://www.al-jazirah.com/2015/20150724/ln14.htm",
    "title": "ديوان المظالم يطلق تطبيقاته الإلكترونية للأجهزة الكفية",
    "author": "الجزيرة - وهيب الوهيبي:",
    "content": " رئيس ديوان المظالمأطلق ديوان المظالم تطبيقاته الإلكترونية للأجهزة الكفية والتي يمكن من خلالها تصفح محتويات بوابة ديوان المظالم الإلكترونية والاستفادة من الخدمات المتاحة عليها. وأوضح رئيس لجنة التعاملات الإلكترونية الشيخ إبراهيم بن عبدالله المطرودي أن هذه الخطوة تأتي امتداداً لخطة الديوان في سبيل الاستفادة من الإمكانات التقنية لتقديم الخدمات الإلكترونية عبر جميع الوسائل المتاحة؛ لمواكبة المتطلبات الإلكترونية، والتي ستسهم بشكل كبير في تمكين الاستفادة من خدمات ديوان المظالم من تلك الخدمات بشكل إلكتروني . وأوضح المطرودي أن الديوان سيقوم - بمشيئة الله- بتطوير الخدمات وزيادة عددها بما يمكن من التحول الإلكتروني في جميع خدماته التي يمكن فيها ذلك، و تحديث التطبيقات عند نشر تلك الخدمات. ",
    "date_extracted": "2015-07-24 08:42:45"
}