{
    "url": "http://www.al-jazirah.com/2015/20150724/du8.htm",
    "title": "«حكماء ليبيا» يرحب بتشكيل حكومة توافقية",
    "author": "القاهرة - مكتب الجزيرة - علي فراج:",
    "content": " جانب من اجتماع لجنة الحكماءأعلن مجلس الحكماء والشورى في ليبيا عن تأييده لتشكيل حكومة توافقية من رجال وطنيين لا ينتمون إلى أي تيار سياسي، كما رحَّب المجلس - في بيان له أمس - بالاتفاق السياسي الذي جرى توقيعه أخيراً بمدينة الصخيرات المغربية، داعياً جميع الأطراف في ليبيا إلى عدم تضييع فرصة تشكيل الحكومة، والخروج بالبلاد من أزمة الانقسام حتى لا تتحمل هذه الأطراف مسؤولية فشل الدولة الليبية. وأعرب المجلس عن أمله في تشكيل حكومة وفاق وطني تمثل فيها كل شرائح المجتمع الليبي للخروج من الأزمة الحالية، والحصول على دعم المجتمع الدولي في تسليح الجيش الليبي ومحاربة الإرهاب وحماية الحدود من الهجرة . ",
    "date_extracted": "2015-07-24 08:38:35"
}