{
    "url": "http://www.al-jazirah.com/2015/20150723/ln56.htm",
    "title": "وفد شباب المملكة المشارك في أسبوع الإخاء السعودي الجزائري يغادر اليوم",
    "author": "الجزيرة - واس:",
    "content": "يغادر الوفد الشبابي السعودي اليوم إلى الجزائر للمشاركة في أسبوع الإخاء الشبابي السعودي الجزائري الذي سيقام خلال الفترة من 8 - 15 / 10 / 1436هـ , ضمن البرامج الشبابية المشتركة التي تنفذها الرئاسة العامة لرعاية الشباب مع عدد من الدول الشقيقة. وتحظى المشاركة باهتمام صاحب السمو الملكي الأمير عبدالله بن مساعد بن عبد العزيز الرئيس العام لرعاية الشباب لتعزيز روابط الإخوة بين شباب الأمة العربية وتفعيل البرامج واللقاءات الشبابية العربية المشتركة التي يكتسب من خلالها الشباب المزيد من التجارب والخبرات. ويرأس الوفد السعودي مدير إدارة الرحلات والوفود الشبابية بالإدارة العامة للنشاطات الشبابية خالد عبد العزيز المحبوب, ويضم 14 شابا. وقد أعدت وزارة الشباب والرياضة الجزائرية برنامجا حافلا للوفد السعودي يشتمل على زيارات لأهم المعالم الحضارية والثقافية والأثرية والسياحية والمؤسسات الشبابية، إضافة لعقد لقاءات بين شباب البلدين الشقيقين. ",
    "date_extracted": "2015-07-23 17:34:47"
}