{
    "url": "http://www.al-jazirah.com/2015/20150725/ec9.htm",
    "title": "21 شوال آخر موعد لاستقبال طلبات المعارض التجارية 2016م",
    "author": "الجزيرة - عبدالله الفهيد:",
    "content": "\nيواصل البرنامج الوطني للمعارض والمؤتمرات، استقبال طلبات إقامة المعارض التجارية 2016م وذلك عبر موقع البرنامج الإلكتروني (www.secb.gov.sa)، حيث أصدر تعميما في مايو الماضي بفتح استقبال طلبات إقامة المعارض التجارية 2016م، مبينا أن آخر موعد لاستقبال الطلبات 21 شوال 1436هـ. وقال المهندس طارق العيسى المدير التنفيذي للبرنامج الوطني للمعارض ‏والمؤتمرات، إن البرنامج سيقوم بدراسة طلبات الشركات والمؤسسات ‏المرخصة لإقامة المعارض، وذلك تمهيدا لاعتمادها من قبل اللجنة الإشرافية ‏للبرنامج المشكلة بقرار مجلس الوزراء رقم (246) وتاريخ 17 رجب 1434هـ، والتي يرأسها صاحب السمو الملكي الأمير سلطان بن سلمان بن ‏عبد العزيز رئيس الهيئة العامة للسياحة والتراث الوطني، وتضم ممثلين من ‏وزارة ‏الداخلية، وزارة الشؤون البلدية والقروية، وزارة التجارة والصناعة، ‏وزارة ‏المالية، وعضوين من الشركات العاملة في قطاع المعارض ‏والمؤتمرات‎. ‎ \nوأشار إلى، أنه تم تطوير الضوابط والشروط المنظمة لآلية استقبال ‏طلبات المعارض التجارية، وإعطائها مرونة ومعايير أعلى لضمان الجودة ‏والجدية، وإلزام الشركات والمؤسسات بالتخطيط المبكر، وأن إجراءات التقديم على المعارض التجارية ‏ومعالجتها تتم عبر الموقع الالكتروني للبرنامج ‏‎‏مؤكدا أن الضوابط والشروط والإجراءات المطورة تمت مراجعتها من خلال ‏المجموعة الاستشارية للبرنامج واعتمادها من اللجنة الإشرافية للبرنامج‎.‎ وأضاف، أن الضوابط والشروط المعتمدة ستفتح فرصا وسوقا كبيرة ‏للمستثمرين وأيضا ستوفر وظائف للمواطنين، حيث لن يقبل البرنامج ‏الوطني إقامة أي معرض تجاري في المملكة إلا من خلال شركة أو مؤسسة ‏مرخصة، داعيا الغرف التجارية الصناعية في مناطق المملكة إلى التعاون ‏مع البرنامج الوطني لتنفيذ هذا التوجه. \n",
    "date_extracted": "2015-07-25 09:28:54"
}