{
    "url": "http://www.al-jazirah.com/2015/20150724/fe11.htm",
    "title": "منسوبو تعليم الرس يتبادلون التهاني",
    "author": "الرس - الجزيرة:",
    "content": " منسوبو تعليم الرس والمعايدةبحضور مدير التعليم بالإنابة خالد الحربي، أقامت إدارة التعليم بمحافظة الرس ممثلة بقسم العلاقات العامة والإعلام مع بداية الدوام بعد إجازة عيد الفطر المبارك حفل معايدتها السنوي في البهو الرئيس للإدارة. هذا، وقد حظي حفل المعايدة بحضور مميز من رؤساء أقسام الإدارة والمشرفين التربويين وعدد من منسوبي الإدارة، كما تبادل الجميع التهاني بالعيد السعيد. ",
    "date_extracted": "2015-07-24 08:40:06"
}