{
    "url": "http://www.al-jazirah.com/2015/20150725/cu14.htm",
    "title": "الحبُّ والحروفُ والوطن!",
    "author": "1 -",
    "content": "\nالحبُّ مبتدأُ النّدى \nوالحبُّ فيكِ هو الخبَرْ! \n2 - \nيا أهلَ الدارِ وأهلَ الشرقيّةْ \nما يحدثُ ليسَ لهُ صلةٌ باللهْ \nما يحدثُ كيدُ المرتابِ. \nأنتمْ أحبابُ اللهِ \nوأنتمْ نبضُ الأرضِ \nوأنتمْ أحبابي. \n3 - \nأوقتٌ بهِ أبدَيْتُ نصحاً لجاهلٍ \nكوقتٍ به أبديتُ للنّاصحِ الجهلا؟! \n4 - \nقلت هذي هي العربية تسعى إليّ وتشكو \nفقبّلت مهجتَها، وأخذتُ برفقٍ يديها \nوأجلستُها فوق روحي \nفسالتْ جروحي \nوفاض المدادُ بأنبلِ ما يصطفيهِ الفؤادْ. \n5 - \nقومي.. \nبسمِ اللهِ عليكْ \nهاتي عينيكِ لأبصرَ \nفالمشهدُ أجملُ \nمِنْ شرفةِ عينيكْ. \n6 - \nسبَّحْنَ في الأسحارِ قمتُ \nضَمَمْتُهُنَّ فهنَّ طيرُكْ. \nهنَّ الحروفُ.. وهنَّ أنتِ \nرسمْتُهنَّ.. وقلتُ خيْرُكْ. \n7 - \nنحنُ البلادُ ونخلُها.. \nوالنخلُ في صمْتٍ يُحِبّ. \nفالطولُ طولُ مهابةٍ.. \nوالتمْرُ تمْرُ تواضُعٍ.. \nوالتمْرُ مِنْ خيرٍ كُتِبْ. \n8 - \nقدْ تطلبُ الأرضُ قلبَ الحرِّ تسكنُهُ \nلا تجرحي القلبَ كيْ لا تجرحي الوطنَا. \n9 - \nما الناسُ ما الأهلُ.. إلا أنتِ قادمةٌ \nوجهُ الصباحِ ووجهُ النخلةِ الحالي \nأنتِ المقامُ.. حجازٌ .. في تفرّدِهِ \nمنكِ القرارُ.. ومني سرّهُ العالي! \nمقالات أخرى للكاتبرسمُ الحبِّ بالصورِ!الحبّ والناس!صباحُ الجلّنار!رسائلُ الياسمين إلى عائدة! (2)رسائلُ الياسمين",
    "date_extracted": "2015-07-25 09:27:48"
}