{
    "url": "http://www.al-jazirah.com/2015/20150723/sp2.htm",
    "title": "الفتح يتدرب فترتين على ملعب قرطاج باستخدام تقنية جي بي أس ",
    "author": "كتب - صادق الحرز:",
    "content": "واصل الفريق الأول لكرة القدم بنادي المرحلة الثانية من البرنامج الإعدادي استعداداً لمنافسات الموسم الرياضي القادم، من خلال تقسيم الحصة التدريبية إلى حصتين صباحية ومسائية كلتاهما أجريتا على ملعب قرطاج بالعاصمة التونسية «تونس»، ففي الحصة الصباحية عمد المدير الفني التونسي ناصيف البياوي على تنويع التمارين اللياقية انطلقت بتمرين سرعات لمدة 30 دقيقة باستخدام تقنية «جي بي أس» ليشرع بعدها ناصيف على تقسيم اللاعبين إلى مجموعتين كل مجموعة من فريقين وطبق معها اللعب السريع في المساحات الضيقة واعتمدت على التحرك وسط المربعات لرفع المستوى اللياقي، واختتمت الحصة التدريبية الصباحية بتمارين الإطالة. وفي الحصة المسائية ركز المدير الفني ناصيف البياوي على الجزء اللياقي لقياس الانضباطية التكتيكية لدى اللاعبين فانطلقت الحصة التدريبية المسائية بتمارين الإحماء مع المعد البدني للفريق إراد، ليشرع بعدها نصيف على اللعب في المربعات الصغيرة التي تعتمد على اللعب السريع من لمسة ، ليبدأ بعدها بتطبيق العديد من الجمل التكتيكية التي نفذت على منتصف الملعب بتقسيم لاعبي الفريق إلى ثلاث مجموعات شهدت معها توقف اللعب لأكثر من مرة لتوجيه التعليمات، واختتمت الحصة التدريبية بمناورة ترفيهية شارك معها رئيس مجلس إدارة ناي الفتح أحمد الراشد. يذكر أن رئيس مجلس إدارة نادي الفتح أحمد الراشد وصل إلى تونس وبرفقته عضو شرف النادي أحد كبار الداعمين راشد بن عبد المنعم الراشد، حيث حضرا الحصة التدريبية المسائية ، واجتمع الراشد بلاعبي الفريق قبيل انطلاق الحصة التدريبية المسائية أكد على أهمية المرحلة الحالية كونها ستساهم في رسم شكل الفريق بالطريقة المناسبة التي تساهم في تحقيق الأهداف المنشود تحقيقها في الموسم الرياضي القادم. من جهة أخرى قدم عضو شرف نادي الفتح أحد كبار الداعمين راشد بن عبد المنعم الراشد دعماً مادياً للميزانية الخاصة بمعسكر الفريق الكروي الأول المقام حالياً في العاصمة التونسية «تونس». من جانبها قدمت إدارة نادي الفتح شكرها وتقديرها للراشد على الدعم غير المستغرب والذي يأتي بعد سلسلة من الدعم السابق لخزينة النادي . ",
    "date_extracted": "2015-07-23 17:33:46"
}