{
    "url": "http://www.al-jazirah.com/2015/20150724/ak2.htm",
    "title": "فيصل العتيبي يرسم لوحة بمقاس صغير لا تتجاوز ثلاثة مليمترات بمجهر خاص ",
    "author": "",
    "content": "يطمح الفنان التشكيلي فيصل العتيبي دخول موسوعة جينيس بعمل تشكيلي يسجل به رقم قياسي بأصغر لوحة تشكيلية وضمها للموسوعة الدولية، حيث توصل في مرسمه المتواضع الصغير لرسم لوحات تشكيلية بلغ طولها 3 ملم وعرض 3 ملم. فيصل بن سحمي العتيبي مدير النشاط في الجمعية السعودية للفنون التشكيلية وله مشاركات على المستوى المحلي والعالمي يعمل بوظيفة مبرمج في القطاع الحكومي وتخصصه التقني لم يمنعه من الرسم ولم يسبق له دراسة الفن التشكيلي وبدأ بممارسة الرسم منذ دراسته الابتدائية وانقطع عنه لفترات وكان أولها بدخوله المرحلة الثانوية لانعدام مادة التربية الفنية مع أهمية وجودها لأن الطالب في هذه المرحلة يحتاج إلى توفير وسائل تعبير عن النفس، استمد العتيبي موهبته في الرسم من اطلاعه على الصحف والمجلات وللأسف أغلبها ليست محلية، وحول فكرة أصغر لوحة تشكيلية يقول إنه لم يخطط للأمر فقد كان يعاني من تكدس أعماله التشكيلية وصعوبة وجود مكان لها في المنزل وكذلك قلة المعارض التشكيلية وأسباب أخرى منها ندرة خامات الرسم في السوق وقلة الموردين وغلاء بعض المواد مع ضعف جودتها، ولجأ إلى إنتاج أعمال تشكيلية صغيرة حتى تحول الأمر إلى هوس وبدأ بالتخطيط للوصول إلى رسم أعمال صغير جداً ولكنه للأسف صدم أيضاً بعدم توافر أدوات تساعده على الوصول إلى ما يسعى إليه في الأسواق المحلية واضطر لطلبها بواسطة أحد أصدقائه المقربين من خارج المملكة. أضاف العتيبي قائلاً: إن الفن التشكيلي السعودي لم يستثمر بشكل جيد، حيث يوجد مواهب إبداعية لم تستغل ولم تجد الدعم ولم تنم ويحتاج الأمر إلى تأسيس بنية تحتية قوية مثل تطوير مادة التربية الفنية بجميع تخصصاتها وتأهيل مدربين لتعليم الفن التشكيلي وإنشاء مراكز أو أكاديميات تشكيلية متخصصة وإنشاء صالات عرض وتثقيف المجتمع مع مراعاة هوية المجتمع ووحدته والقيم والعادات الحميدة. ",
    "date_extracted": "2015-07-24 08:39:13"
}