{
    "url": "http://www.al-jazirah.com/2015/20150723/ln22.htm",
    "title": "زراعي حائل يقيم حفل معايدة",
    "author": "حائل - ماجد اللويش / تصوير - محمد الزويمل:",
    "content": " المنيفي والجميلرفع مدير عام فرع صندوق التنمية الزراعية بمنطقة حائل المهندس يوسف المنيفي، باسمه ونيابة عن كافة منسوبي فرع حائل، التهاني للقيادة الحكيمة، بمناسبة حلول عيد الفطر المبارك، سائلاً الله أن يتقبل الصيام والقيام من الجميع، وأن يعيد عليهم شهر رمضان المبارك أعواماً عديدة وأزمنة مديدة وبلادنا في نصر وعزة. جاء ذلك خلال حفل المعايدة الذي أقامته إدارة العلاقات العامة والإعلام بفرع حائل. ",
    "date_extracted": "2015-07-23 17:35:18"
}