{
    "url": "http://www.al-jazirah.com/2015/20150724/ak4.htm",
    "title": "عميد التشكيليين علي ناجع يسهم في إثراء مناقشات سوق عكاظ ",
    "author": "",
    "content": "الفنان علي ناجع عميد نقاد الفنون التشكيلية في المملكة العربية السعودية يعتبر من الفنانين المخضرمين الذين عاشوا مراحل انطلاقة الفن التشكيلي وصاحب الجهود الكبيرة في مجال النقد التشكيلي وقراءة الأعمال والبحث في جوانب نجاحات التجارب وفشل غيرها وتحديد الأسباب ووضع الحلول، له كاريزما خاصة عند مشاركته في المناسبات الحوارية أو اللقاءات التشاورية حول الفن التشكيلي وكيفية تطويره، حيث لا يغادر أي من المشاركين المكان إلا وقد حمل في ذاكرته الكثير من المرجعيات والمواقف والوثائق التي تعنى بواقع الفن التشكيلي المحلي. الفنان ناجع كان محل تقدير نخبة من الفنانين تمت دعوتهم في الطائف لمناقشة واقع الفنون التشكيلية في سوق عكاظ وقد كان لحضوره الكثير من الآراء التي نجزم بأن لها مكان في مسيرة تجربة سوق عكاظ. الكثير من متابعي الفنان والناقد علي ناجع ينتظرون له كتاب يجمع فيه تجربته ويوثّق مشاهداته وشهادته على ما تحقق للفن التشكيلي السعودي وما أصبح عليه من حضور. ",
    "date_extracted": "2015-07-24 08:39:16"
}