{
    "url": "http://www.al-jazirah.com/2015/20150724/sp9.htm",
    "title": "بايرن ميونيخ يؤكد التوصل لاتفاق لضم التشيلي فيدال من يوفنتوس",
    "author": "برلين - رويترز:",
    "content": " فيدالأكَّد كارل هينز رومنيجه الرئيس التنفيذي لنادي بايرن ميونيخ بطل دوري ألمانيا لكرة القدم التوصل لاتفاق للتعاقد مع لاعب وسط منتخب تشيلي ارتورو فيدال من يوفنتوس بطل الدوري الإيطالي. وقال رومنيجه للصحفيين خلال رحلة الفريق البافاري إلى الصين «أستطيع أن أؤكد أننا توصلنا مع الطرفين يوفنتوس واللاعب لاتفاق (لإتمام الصفقة). ما يتبقى هو الكشف الطبي على اللاعب وتوقيع العقد.» وفيدال ليس غريباً على الدوري الألماني، إذ سبق له اللعب في صفوف باير ليفركوزن لمدة أربعة مواسم حتى 2011 . وفاز فيدال بلقب الدوري الإيطالي في أربعة مواسم متتالية وقاد يوفنتوس إلى الصعود إلى نهائي دوري أبطال أوروبا في الموسم الماضي، حيث خسر أمام برشلونة الإسباني. وقال رومنيجه أيضاً إن فيدال (28 عاماً) ربما ينضم في الأسبوع المقبل إلى زملائه الجدد. وأضاف رومنيجه دون الكشف عن أي تفاصيل تتعلق بمبلغ الصفقة أو مدة التعاقد «إذا سار كل شيء حسب الخطة فانه ربما يبدأ التدريب (معنا) في الأسبوع المقبل» وسيكون فيدال ثاني لاعب كبير يتعاقد معه النادي البافاري خلال فترة الانتقالات الصيفية الحالية بعد ضمه لاعب الوسط البرازيلي المهاجم دوجلاس كوستا في بداية يوليو - تموز الجاري. لكن بطل ألمانيا أيضاً باع نجمه الألماني الدولي باستيان شفاينشتايجر إلى مانشستر يونايتد الإنجليزي. ",
    "date_extracted": "2015-07-24 08:41:27"
}