{
    "url": "http://www.al-jazirah.com/2015/20150724/sp30.htm",
    "title": "الاتحاد يقترب من ضم الغاني مونتاري",
    "author": "",
    "content": " مونتارياقترب نادي الاتحاد السعودي من التوقيع مع اللاعب الغاني ولاعب ميلان السابق سولي مونتاري، حيث سيجتمع المسؤولون في النادي اليوم مع مسؤولين في نادي ميلان الإيطالي. يذكر أن نادي بشكتاش التركي على الخط للتوقيع مع الاعب. من جانبها علمت «الجزيرة» أن عرض نادي الاتحاد هو الأقوى والأفضل من عروض الأندية الأخرى. ",
    "date_extracted": "2015-07-24 08:39:05"
}