{
    "url": "http://www.al-jazirah.com/2015/20150725/sp24.htm",
    "title": "داسيلفا يواصل رفع لياقة النصر وينتظر خميس ",
    "author": "كتب - عيسى الحكمي:",
    "content": "\nتشهد المفاوضات النصراوية لضم النرويجي «محمد اليونسي» تطورات مهمة في اتجاه نجاح الصفقة بعد أن أعطى نادي مولودة النرويجي مرونة أكبر خلال اليومين الماضيين. \nولا يزال المفاوض النصراوي يتقدم في مباحثاته المكثفة بحثا عن الفوز بخدمات اللاعب الذي يعتبر هدفا استراتيجيا لإدارة الأمير فيصل بن تركي لإكمال التعاقدات الأجنبية في فترة الانتقالات الصيفية. \nويترقب النصراويون ساعات هامة لتحديد الاتجاه النهائي للصفقة في وقت تحتفظ الإدارة النصراوية بورقتين إحداها الاورغوياني فابيان كخطة بديلة لأي تطورات في الاتجاه المعاكس. \nإلى ذلك واصل الفريق النصراوي استعداداته في معسكر النمسا بفترتي تدريب يوم أمس طبق خلالها السيد داسيلفا الأوجه اللياقية صباحا وتدريبات خفيفة بالكرة من خلال نظام المجموعات في الفترة الثانية. \nعلى ذات الصعيد يلتحق هذا الأسبوع متوسط الميدان عوض خميس بالمعسكر بعد أن تمتع بإجازة إضافية أعقبت زواجه الاثنين الماضي ، في حين تنطلق مباريات الفريق الودية هذا الأسبوع أيضا بلقاء كونيا سبورت التركي. \n",
    "date_extracted": "2015-07-25 10:27:07"
}