{
    "url": "http://www.al-jazirah.com/2015/20150723/sp15.htm",
    "title": "فواصل",
    "author": "",
    "content": "* ستبقى صورة بلاتر والدولارات متطايرة حوله باقية في الأذهان زمن طويل. وستبقى مرحلة رئاسة بلاتر للفيفا مرتبطة بهذه الصورة. لقد نجح البريطانيون في تشويه صورة بلاتر وإلصاق تهمة الرشوة عليه بتلك الفعلة الجريئة. * * * خمسة أندية سعودية تقيم معسكراتها في مدينة تركية واحدة!! بعض الأندية تنظر للمعسكر الخارجي على أنه حافز للاعبين ومكافأة مبكرة لهم وليس حاجة ملحة فنياً. * * * برر رئيس نادي الوحدة تخلف حارس مرمى الوحدة عساف القرني عن معسكر فريقه بمصر لعدم قدرته على السفر لوجود مخالفات مرورية عليه تجاوزت مائة ألف ريال!! وهذا يفتح باباً للتساؤل عن الاستهتار واللا مبالاة التي يعيشها بعض محترفي كرة القدم. فهل بلغ الحد بالقرني وأمثاله إلى ارتكاب مخالفات مرورية بقيمة تتجاوز المائة ألف ريال؟! أي استهتار هذا؟! * * * تغيّر مقرات معسكرات أنديتنا من أبها والباحة والطائف وحائل والشرقية إلى تونس والقاهرة ثم إلى تركيا ثم إلى دول اليورو في أوربا يؤكّد مقدار التحول الاقتصادي الذي شهدته أنديتنا وتطوره. * * * الاتحاد بدأ معسكره في إيطاليا بدون مدرب وقام ثنائي الإدارة الصقري وأبوشقير بمهام المدرب إلى حين وصوله.. ما زالت بعض الأندية تعمل بعيداً عن الاحترافية. وما زال العك الإداري هو السائد. * * * السفارة البريطانية في الرياض رفضت منح مدرب حراس النصر هيجيتا تأشيرة دخول لمرافقة فريقه لأداء مباراة السوبر وكذلك عدد من أعضاء الجهاز الطبي للفريق. مما أوقع مدرب وإدارة الفريق في حرج كبير. كيف ستتغلب الإدارة النصراوية على هذا المطب؟ ولماذا امتنعت السفارة البريطانية عن منحهم التأشيرات؟ * * * منتخب الشباب الذي بدأ معسكره في إسبانيا تحت إشراف المدرب الوطني سعد الشهري لا يضم أي لاعب من النادي الأهلي! تساؤل بعلامة استفهام كبرى ماذا يحدث في النادي الأهلي؟ أين مواهبه؟ أين مخرجات الأكاديمية؟ ",
    "date_extracted": "2015-07-23 17:34:09"
}