{
    "url": "http://www.al-jazirah.com/2015/20150725/ln26.htm",
    "title": "مستشفى الأمير محمد بن ناصر بجازان يجري «13» عملية مياه بيضاء ",
    "author": "جازان - عبده سيد:",
    "content": "\nأجرى مستشفى الأمير محمد بن ناصر 13 عملية إزالة مياه بيضاء بتقنية الفاكو تكللت جميعها بالنجاح. \nوأوضح الدكتور طاهر صميلي، المشرف العام على المستشفى، أنه تم فحص 34 مريضا في العيادة الخارجية، بالإضافة إلى عدد من الحالات الطارئة في قسم الطوارئ وإجراء عملية قسطرة وريدية لمريض. \nإلى ذلك أقامت إدارة المستشفى حفل معايدة، بحضور كافة الأقسام،حيث تم خلال اللقاء تبادل التهاني والتبريكات بهذه المناسبة في إطار توثيق الصلة بين منسوبي المستشفى مما ينعكس إيجابياً على أدائهم، وكذلك إتاحة الفرصة لجميع الموظفين للالتقاء فيما بينهم، بعدها تناول الجميع طعام الإفطار المقدم بهذه المناسبة. \n",
    "date_extracted": "2015-07-25 09:29:46"
}