{
    "url": "http://www.al-jazirah.com/2015/20150725/du7.htm",
    "title": "تأهب أمني بمدن القناة استعداداً لحفل افتتاح قناة السويس الجديدة",
    "author": "القاهرة - علي البلهاسي:",
    "content": "\nصرح مصدر أمني إن الجماعات الإرهابية تحاول في الوقت الراهن التخطيط لإفساد فرحة المصريين بقرب افتتاح مشروع «قناة السويس الجديدة»، لافتا إلى أن هناك استعدادات أمنية غير مسبوقة لتأمين افتتاح قناة السويس الجديدة، وسيتم مواجهة أي محاولة للعبث بهذا المشروع بمنتهى القوة والحسم. \nوأكد المصدر أن أجهزة الدولة اعتمدت خطة أمنية محكمة بالتعاون مع مختلف الأجهزة السيادية لإخلاء السيارات من محيط أية منشآت حيوية في مختلف محافظات الجمهورية، مثل محطات الكهرباء والمياه والبنوك والسكك الحديدية وأقسام الشرطة ومديريات الأمن والوحدات العسكرية والسجون العمومية، تحسبا لعمليات التفجير عن بعد والسيارات المفخخة التي من الممكن استخدامها فى مناطق مختلفة قبيل الاحتفال بمشروع قناة السويس الجديدة. \nوأشار المصدر إلى أن عمليات تأمين المجرى الملاحي لقناة السويس تتم وفق أعلى درجات الاستعداد والكفاءة القتالية بالتعاون بين التشكيلات التعبوية فى الجيشين الثانى والثالث الميدانيين، بالإضافة إلى الأفرع الرئيسية في القوات البحرية والجوية وكذلك الدفاع الجوي، موضحا أن تأمين القناة من أية عدائيات محتملة يسير وفق أعلى درجات الاستعداد. \nوأعلنت هيئة قناة السويس أنه مع اقتراب موعد افتتاح قناة السويس الجديدة فى السادس من أغسطس سيتم إطلاق أبواق السفن فى مختلف الموانئ فى جميع أنحاء العالم تحية لهذا الإنجاز غير المسبوق. \n",
    "date_extracted": "2015-07-25 09:25:19"
}