{
    "url": "http://www.al-jazirah.com/2015/20150725/ln32.htm",
    "title": "شرطة القصيم تضبط 2986 مخالفاً لأنظمة الإقامة والعمل",
    "author": "بريدة - أحمد السالم:",
    "content": "\nأسفرت الحملات الأمنية التي نفذتها شرطة منطقة القصيم لتعقب مخالفي أنظمة الإقامة والعمل ومجهولي الهوية الشهر الماضي عن ضبط 2986 مخالفاً للإقامة والعمل من جنسياتٍ مختلفة، جرى إحالتهم للجهات المختصة بإدارات سجون الوافدين لاستكمال الإجراءات اللازمة لهم، وتطبيق العقوبات المقررة بحقهم. \nوقد شملت هذه الحملات التي تأتي ضمن المرحلة الثانية من خطة العمل التنفيذية لضبط مخالفي أنظمة الإقامة والعمل مؤسساتٍ ومحال تجارية في مدينة بريدة والمحافظات والمراكز التابعة، قادتها فرق ميدانية متخصصة، وذلك بمتابعة شخصية من مدير شرطة منطقة القصيم اللواء بدر الطالب، وبتنسيق مشترك مع فرع وزارة العمل بالمنطقة. \nهذا، ما صرح به الناطق الإعلامي لشرطة منطقة القصيم الرائد بدر السحيباني. \n",
    "date_extracted": "2015-07-25 09:29:48"
}