{
    "url": "http://www.al-jazirah.com/2015/20150725/ms3.htm",
    "title": "اكتشاف كوكب جديد يشبه الأرض",
    "author": "القاهرة - الجزيرة:",
    "content": "\nتعقد وكالة «ناسا» الأمريكية لأبحاث الفضاء، مؤتمراً صحفياً للكشف عن كوكب جديد اكتشفه التليسكوب الفضائي «كليبر « مؤخراً، وقالت الوكالة عبر صفحتها الرسمية على الإنترنت، إن الكوكب خارج نظامنا الشمسي، لكنه يشبه الأرض كثيرا، ويدور في مدار نجم، مضيفة «عثرنا على شيء يحلم به البشر منذ آلاف السنين وهو كوكب أرض آخر». \nوأضافت الوكالة، أن «كليبر اكتشف منذ إطلاقه في 2009 أكثر من ألف كوكب وأكثر من 3000 نجم». \n",
    "date_extracted": "2015-07-25 09:25:23"
}