{
    "url": "http://www.al-jazirah.com/2015/20150724/ar7.htm",
    "title": "نداء إلى عقلاء داعش!",
    "author": "فهد الحوشاني",
    "content": "أيها الداعشيون في كل مكان هذا نداء لكم أرجو أن تقرأوه بعقولكم بعد أن تنزعوا منها ما غشاها من أفكار ينكرها عامة المسلمين، وينكرها آباؤكم وأمهاتكم الغاضبون منكم وعليكم، وقد أجمع على انحراف فكركم أمة محمد صلى الله عليه وسلم وأمته (لا تجمع على باطل) كما تعلمون! إذا لم تكونوا قد نسيتم حديثه صلى الله عليه وسلم . إذا كنتم سنة كما (تدّعون) وطائفيون كما (تعلنون) فأمامكم إيران متزعمة الطائفية وهي معكم في العراق تقتل السنة وتهجّرهم وتحرق بيوتهم بالحشد الطائفي الشعبي الوحشي وغيره من المليشيات! لقد داهنت (القاعدة) منذ بدء نشاطها إيران والتي حمت بعض رموزها وما زالوا لاجئين فيها! فلماذا تكونوا مثل القاعدة تميزوا عنها بشيء يقنع الناس بأنكم لستم مثلها! هل هذا يرضيكم أن إيران تتبنى سياسة معادية ومعلنة للدول العربية السنية، حيث تعيث فيها احتلالاً وفساداً، ذروا الرماد في عيون يتساءل أصحابها (من أنتم) ومن يتبناكم ويدعمكم!! أم أن الأقربين أولى بالتفجير والتدمير وإثارة الفتن؟! افتتحتم فروعاً في الدول العربية فلماذا لا تفتتحون فرعاً في إيران ونحن في زمن العولمة وسهولة انتشار الأنشطة بما فيها الأنشطة الإرهابية! وليكن اسمه مثلاً (داعش في بلاد الإيرانيين)، أعتقد أن هذا الاسم مناسب ويتسق مع أسماء فروعكم! لماذا شرّكم على بلاد السنة؟ لماذا تكونون مع الإيرانيين حرباً على السنة ودولهم؟ تتجاورون معها في بلدان تسيطر عليها وتخربون معها البلاد وتقتلون العباد، ها هي تقتل الناس أمام أعينكم وتعين الطغاة على إبادتهم في سوريا والعراق واليمن؟ ما هذا الحول الديني والفكري لديكم؟ هل إيران صديقة لكم إلى هذا الحد؟ إذا كان لديكم قوة فوجهوها إلى من يريد الفتك بالدول العربية؟ ألستم عرباً مثلنا وتربى بعضكم في دولنا!؟ لقد سمعنا بعض العرب الشيعة مثل المرجع الصرخي وهو يحذّر من إيران وما تفعله في الدول العربية وقد نادى إلى أن توضع العراق تحت حماية الأمم المتحدة. أنشأتم سلسلة من الفروع في مصر وليبيا واليمن وسوريا والعراق! وآخر فرع تم افتتاحه لكم كان في غزة المحاصرة والمنكوبة بتبني خمسة تفجيرات!! هل الطريق إلى تحرير فلسطين يبدأ بالفلسطينيين!! إذا لم يكن لديكم من الكوادر ما يكفي فلا مانع لدينا في المملكة من سحب كل كوادركم ونقلها إلى إيران (حلال عليهم) وألف هنا وشفا وأنصحكم أن تتجنبوا قتل الأبرياء في كل مكان!! اسحبوا كوادركم فليس هناك عاقل يرى بقاءهم في بلاد الحرمين ثم إن نهايتهم كما سمعتم وشاهدتم لن تكون نهاية ترضيكم. خلاصة الموضوع افتتحوا فرعاً في إيران لكي نصدّق أنكم لستم إيرانيي الهوى والتمويل!! مقالات أخرى للكاتبهيئة الأمر بالمعروف في مدينة الرس؟!جهاد ضد أدعياء الجهادرمضان مختلف!شخصية المتدين في المسلسلات المحليةمسلسلات رمضانية سوف (تكسر الدنيا)!",
    "date_extracted": "2015-07-24 08:40:28"
}