{
    "url": "http://www.al-jazirah.com/2015/20150724/du16.htm",
    "title": "الأولوية لتطبيع الأوضاع في عدن ",
    "author": "الرياض - واس - صنعاء - الجزيرة:",
    "content": "أكد نائب الرئيس اليمني رئيس الوزراء اليمني خالد محفوظ بحاح أن تكليف عدد من الوزراء بالعودة إلى عدن يأتي ضمن تطبيع الحياة في المدينة والبدء في عملية بناء وإصلاح البنية التحتية وتوفير الخدمات الرئيسية كالماء والكهرباء والاتصالات في أقرب وقت ممكن. وشدد بحاح خلال ترؤسه أمس بالرياض اجتماعًا للحكومة اليمنية على أن الجانب الصحي يأتي كأولوية في المرحلة المقبلة حيث سيتم التنسيق لعلاج الجرحى والمصابين وابتعاث من تدعو حالته إلى العلاج في الخارج. وفي مداخلة هاتفية خلال الاجتماع أشار محافظ محافظة عدن نائف البكري خلالها إلى عودة الحياة بشكل تدريجي إلى المدينة على الرغم من كل الظروف الصعبة والدمار الذي خلفته مليشيات الحوثي وصالح على المدينة. إلى ذلك شن طيران التحالف أمس سلسلة من الغارات الجوية على مواقع تمركز المليشيات الحوثية والقوات المتحالفة معها في أنحاء متفرقة شمال اليمن وجنوبه. واستهدفت غارات مسائية مواقع عسكرية جنوب صنعاء كما شملت مواقع للحوثيين وحلفائهم في منطقة مثلث عاهم بمديرية حرض وحيران وحيدان وعلان وساقين بمحافظة صعدة. ",
    "date_extracted": "2015-07-24 08:40:57"
}