{
    "url": "http://www.al-jazirah.com/2015/20150725/ln19.htm",
    "title": "فيصل بن خالد يستقبل رئيس فرع الإفتاء بعسير",
    "author": "أبها - عبدالله الهاجري:",
    "content": "\nاستقبل صاحب السمو الملكي الأمير فيصل بن خالد بن عبدالعزيز، أمير منطقة عسير صباح امس في مكتبه بالإمارة رئيس فرع الإفتاء بمنطقة عسير الشيخ الدكتور سعد بن سعيد الحجري. \nو قدم الشيخ الحجري تهنئته لسمو أمير منطقة عسير بعيد الفطر المبارك داعياً الله أن يديم الأمن والأمان على هذه الأرض المباركة، وأن يعز الإسلام والمسلمين وأن يحفظها من كل شر ومكروه. \n",
    "date_extracted": "2015-07-25 09:29:28"
}