{
    "url": "http://www.al-jazirah.com/2015/20150724/jd4.htm",
    "title": "نجوم الكلمات",
    "author": "",
    "content": "* إذا بدأت عملًا فلابد لك أن تكمله؛ لأن الطاقة تتغذى من ثمرات الإنجاز, وتذبل وتتلاشى بالتباطؤ والتراخي. * الاحترام والإحسان وتوقع الخير وسائل ناجحة لإثارة الكوامن الخيرة لدى جميع من حولك. * لكي تحافظ على كيانك، قوِّ إيمانك, واعلم أن من المستحيل الصمود تحت ضغوط الحياة ما لم تتوكل على الله. * كلما داومت على مجالسة الناجحين والمتفائلين، وكنت في بحث دائم عن كل ما يثير حماستك للعمل والنجاح؛ فإنك ستجد آلاف الأشياء التي لها علاقة بالنجاح تأتي إليك طوعًا. * من لا يخطو إلا على آثار الآخرين لن يكتشف شيئًا جديدًا. * أثرِ عقلك، واصنع مستقبلًا جميلًا بدلًا من إعادة تصميم الماضي. * كن أكثر تفاؤلًا مما أنت عليه، فالمتفائل يجذب إليه محبة الآخرين والمتشائم يطردها عن نفسه. * من اليوم، وقبل أن تتلفظ بأيِّ شيء غير لطيف، فكِّر بالأبكم. * ابحث دائمًا عن فرص التقدم, ولا تكتفِ بأداء المطلوب منك. * الظلم وعقوق الوالدين أسرع طريق؛ لتعجيل النقمة, وزوال النعمة, وتحوُّل العافية. * تعقيد الأمور البسيطة قمة السطحية, وتبسيط الأمور المعقدة منتهى العمق. * من يعرف الناس يكون ذكيًّا، ولكن من يعرف نفسه يكون أذكى. * لا تخشَ من التحرك البطيء، بل اخشَ من البقاء ساكنًا في مكانك. * الصخور تسد الطريق أمام الضعفاء، بينما يرتكز عليها الأقوياء؛ ليصلوا إلى القمة. ",
    "date_extracted": "2015-07-24 08:40:24"
}