{
    "url": "http://www.al-jazirah.com/2015/20150725/ln55.htm",
    "title": "د. السديري: ما حققته قوات التحالف انتصار للإرادة الشعبية في اليمن ",
    "author": "الجزيرة - وهيب الوهيبي:",
    "content": "\nبارك وكيل وزارة الشؤون الإسلامية لشؤون المساجد والدعوة والإرشاد الدكتور توفيق بن عبد العزيز السديري الانتصار الذي حققته قوات التحالف في عدن بقيادة المملكة, معتبراً أنه انتصار للإرادة الشعبية في اليمن وأنه بداية النهاية للميليشيات الحوثية والجماعات الإرهابية. \nوثمّن الدكتور السديري توجيهات خادم الحرمين الشريفين الملك سلمان بن عبد العزيز ومتابعة سمو ولي العهد ووزير الداخلية وسمو ولي ولي العهد ووزير الدفاع، الذي أمر بتأمين طائرات شحن تابعة للقوات الجوية الملكية السعودية لنقل مساعدات إغاثية وطبية من مركز الملك سلمان للإغاثة والأعمال الإنسانية, وانطلاق الجسر الجوي لإغاثة الشعب اليمني الشقيق، ليؤكد حرص المملكة العربية السعودية الدائم على حفظ حقوق الإنسان, ويبين الهدف السامي للمملكة من عملية إعادة الأمل وسعيها في مساعدة الشعب اليمني الشقيق الذي عانى من الحصار والتنكيل من الميليشيات الحوثية والجماعات الإرهابية. \n",
    "date_extracted": "2015-07-25 10:27:12"
}