{
    "url": "http://www.al-jazirah.com/2015/20150724/ec4.htm",
    "title": "أمير عسير يطلق شارة البدء للباص السياحي",
    "author": "أبها - عبدالله الهاجري:",
    "content": "أطلق صاحب السمو الملكي الأمير فيصل بن خالد بن عبدالعزيز أمير منطقة عسير رئيس مجلس التنمية السياحية بالمنطقة، أمس شارة البدء للباص السياحي الذي ينقل مصطافي المنطقة وزوار «مهرجان أبها يجمعنا» بين أهم المواقع السياحية والتراثية والأثرية بالمنطقة، وذلك أمام بوابة إمارة المنطقة . وأوضح مدير عام الهيئة العامة للسياحة والتراث الوطني أمين عام مجلس التنمية السياحية بالمنطقة المهندس محمد العمرة، أن فكرة الباص السياحي تطبق للمرة الأولى على المستوى المحلي، مشيرا إلى أنه سيتم إطلاق حملة تحت عنوان « عسير والمشاهير» لتحقيق هدف الباص بالتجول بين المواقع السياحية والتراثية والأثرية، ومواقع فعاليات المهرجان، يشارك بها عدد من نجوم الإعلام الجديد. يذكر أن، الباصات السياحية في المدن السياحية العالمية تعتبر من أهم الأدوات التي تعرف السائح بالمواقع والأماكن والمعالم المهمة بالمدن السياحية. ",
    "date_extracted": "2015-07-24 08:38:50"
}