{
    "url": "http://www.al-jazirah.com/2015/20150724/sp11.htm",
    "title": "منتخب السلة يعسكر للخليجية في الإسكندرية",
    "author": "كتب - علي الأحمدي:",
    "content": " منتخب شباب السلةوصلت بعثه منتخبنا الوطني للشباب لكرة السلة مساء أمس إلى الإسكندرية لإقامة معسكر خارجي يستمر أسبوعين تتخلّله بعض اللقاءات الخارجية استعداداً للمشاركة في البطولة الخليجية الخامسة عشره التي ستقام في الإمارات - دبي خلال الفترة من 23 وحتى 29 شوال الجاري. وتضم البعثة كلاً من مدير المنتخب إبراهيم العيد، ومساعد المدرب عبدالحليم برقاوي، والإداري أحمد إسلام و12 لاعباً هم: (محمد السويلم، هاشم آل شبر، أسامة برقاوي، سلمان المولد، فهد فقيهي، سعيد القرني، خالد صالح، المجرشي، الصليلي، القاضي، ماجد كيال، مشعل هوساوي، عبدالرحمن الجيزاني) يذكر أن منتخبنا الشاب قد حقق قبل أسبوعين برونزية البطولة العربية التي أقيمت في مدينة الإسكندرية. ",
    "date_extracted": "2015-07-24 08:41:44"
}