{
    "url": "http://www.al-jazirah.com/2015/20150724/du11.htm",
    "title": "سوريا: قوات النظام تقصف عدة مدن والمعارضة ترد عليها",
    "author": "عواصم - وكالات:",
    "content": "قصفت قوات النظام مناطق في جرود القلمون، ولم ترد معلومات عن إصابات، فيما قضى رجل من مدينة حرستا اثر انفجار في مستودع للمحروقات في حرستا بالغوطة الشرقية، بينما قصفت قوات النظام مناطق في بلدة بيت جن بريف دمشق الغربي، دون أنباء عن إصابات، كذلك جددت قوات النظام قصفها لمناطق في مدينة الزبداني، ترافق مع استمرار الاشتباكات العنيفة بين الفرقة الرابعة وحزب الله اللبناني من جهة، والفصائل الاسلامية ومسلحين محليين من جهة أخرى في المدينة. دارت اشتباكات على أطراف حي الخالدية وعلى محاور دوار شيحان والليرمون شمال حلب، بين قوات النظام مدعمة بقوات الدفاع الوطني من طرف، وغرفة عمليات فتح حلب من طرف آخر، ترافق مع قصف متبادل من الطرفين على مناطق الاشتباكات، كما فتح الطيران الحربي نيران رشاشاته الثقيلة بعد منتصف ليل أمس الأول على مناطق بمحيط مطار كويرس العسكري، الذي يحاصره تنظيم «داعش» بريف حلب الشرقي، تبعه القاء الطيران المروحي اربعة براميل متفجرة على محيط المطار، دون معلومات عن حجم الخسائر البشرية. قصف الطيران المروحي بالبراميل المتفجرة على مناطق في مدينة تلبيسة، فيما تعرضت مناطق في بلدة الغنطو بريف حمص الشمالي لقصف بالبراميل المتفجرة من طائرات النظام المروحية، دون انباء عن اصابات، كذلك استهدفت الفصائل المعارضة تمركزات لقوات النظام بقذائف الهاون في محيط قرية الغاصبية بريف حمص الشمالي وانباء عن خسائر بشرية في صفوف قوات النظام والمسلحين الموالين لها. دارت اشتباكات بعد منتصف ليل أمس بين غرفتي أنصار الشريعة وفتح حلب من طرف، وقوات النظام وحزب الله اللبناني وقوات الدفاع الوطني والمسلحين الموالين لها من طرف آخر، في محيط مسجد الرسول الأعظم بحي جمعية الزهراء شمال غرب حلب، كما دارت اشتباكات بعد منتصف ليل أمس بين الكتائب المقاتلة والكتائب الإسلامية من جهة، وقوات النظام مدعمة بقوات الدفاع الوطني من جهة أخرى، في حي السبع بحرات بحلب القديمة. ",
    "date_extracted": "2015-07-24 08:38:53"
}