{
    "url": "http://www.al-jazirah.com/2015/20150725/ln3.htm",
    "title": "تقييم شامل لمستوى فعاليات العيد بمدينة الرياض ",
    "author": "الجزيرة - متابعة - عبد الرحمن المصيبيح / تصوير - إبراهيم الدوخي:",
    "content": "\nيستعرض مسؤولو الهيئة العليا لتطوير مدينة الرياض وأمانة منطقة الرياض كل التقارير عن فعاليات عيد الفطر المبارك، للاستماع إلى المقترحات والآراء والبحث عن الأفضل للأعوام القادمة. ويأتي ذلك ضمن النهج المعتاد كل عام، والمتمثل والاطلاع على فعاليات العيد، وكانت هذه الفعاليات قد بلغت أكثر من 200 فعالية في أكثر من 43 موقعاً بأنحاء مدينة الرياض، بهدف تعميم الفائدة وتحقيق الهدف، وتمكين الجميع من متابعتها براحة تامة. \nمواقع فعاليات جديدة \nوكانت الفعاليات قد شملت مواقع فعاليات جديدة، ومن تلك المواقع التي جذبت الزوار موقع (حي البجيري) في الدرعية، والذي شهد إقبالاً كبيراً من الزوار الذين أبدوا سعادتهم بإقامة الاحتفالات في هذا حي (البجيري) الذي توفرت فيه معالم تاريخية وحضارية في عاصمة الدولة السعودية (الدرعية)، إضافة إلى أماكن الجلوس وأماكن البيع. وكذلك أضاءت الألعاب النارية أجواء الدرعية بأشكال جمالية. \nالمواطن محمد القحطاني وكان برفقة عائلته في حي البجيري إذ قال: الحقيقة لا شك أنها خطوة موفقة تسجل للهيئة العليا لتطوير مدينة الرياض، من خلال الاهتمام بهذا الحي وتوفير كافة متطلبات الزوار وراحتهم، نقدم الشكر والامتنان لكل من بذل وأسهم في تحقيق هذا الإنجاز، والشيء الذي أتمناه من المسؤولين عن هذه الاحتفالات هو البحث عن الجديد في الفعاليات وإلغاء الفقرات القديمة، وكذلك الاهتمام بمداخل حي البجيري وتنظيم الحركة المرورية المؤدية إلى هذا الحي، وكل عام وأنتم بخير. \nويؤكد المواطن سعيد الغامدي، وكان بصحبة أسرته قائلاً: لاشك أن إضافة حي البجيري كان عملاً رائعاً وجميلاً، الشيء الذي أحب التأكيد عليه هو توفير دورات مياه في مواقع الاحتفالات وخاصة لذوي الاحتياجات الخاصة وكبار السن، والاهتمام بمواقف السيارات. \nوتمنى الأستاذ علي الحارثي الذي جاء إلى الرياض لزيادة أقاربه أن يتم تمديد أيام الاحتفالات للعيد، فقد كانت جميلة وممتعة، إضافة إلى التنويع والتجديد، أما النشاط المسرحي فقد سجل تفاعلاً كبيراً وإعجاباً من الحضور، شكراً لكل من أسهم في تحقيق وإيجاد هذه الفعاليات. \nتراث وأصالة \nوفي موقع الاحتفالات بحي الجزيرة مخرج (16) حضر العديد من العوائل والأسر لمتابعة الفعاليات. المواطنة أم محمد وهي ربة بيت ومعها أطفالها قالت: حقيقة أعجبني الاهتمام بالتراث والحرف اليدوية والمنتوجات، فشكراً للأمانة على هذا الاهتمام، والشيء الذي أعجبني في منطقة قصر الحكم كان هناك موقع للأسر المنتجة، وهذا عمل جميل يمكن لهؤلاء المواطنات من تقديم ما لديهن من حرف ومشغولات، شكراً للهيئة العليا لتطوير مدينة الرياض وأمانة منطقة الرياض. \nفرحة الأطفال \nأما السيدة نهلة الفيفي من مصر وبصحبة أطفالها إذ قالت: شكراً للأمانة والهيئة العليا لتطوير الرياض على هذه الفعاليات، خاصة التركيز على الأطفال، لأن الفرحة لهم أصلاً.. وفرحتهم فرحة الجميع. وتقول السيدة فاطمة مجذوب من السودان: الحقيقة أنا من المحبين للأشياء القديمة، والتراث يحظى باهتمامي فقد سعدت وأنا أشاهد هؤلاء النسوة وهن يقمن بالحياكة والتطوير وإعداد الأكلات الشعبية، وكل عام وأنتم بخير. أما السيدة سارة خان من باكستان والتي تجيد اللغة العربية بطلاقة فقالت: كل شيء جميل في احتفالات العيد والأمانة أرضت كافة الأذواق والأعمار، وأتمنى التجديد أيضاً في الفعاليات القادمة، لقد أعجبني الأكلات الشعبية والحرف النسائية والعروض الخاصة بالأطفال. \n",
    "date_extracted": "2015-07-25 02:07:31"
}