{
    "url": "http://www.al-jazirah.com/2015/20150725/ec5.htm",
    "title": "غرفة القصيم تقيم حفل معايدة لمنسوبيها عقب إجازة عيد الفطر",
    "author": "بريدة - مكتب الجزيرة:",
    "content": "\nأقامت الغرفة التجارية الصناعية بمنطقة القصيم، صباح الأربعاء في مقرها الرئيس بمدينة بريدة حفل المعايدة السنوي لمنسوبيها بمناسبة عيد الفطر المبارك، وذلك عقب الانتهاء من إجازة العيد وبدء أول أيام العمل الرسمي بحضور جمع من رجال المال والأعمال يتقدمهم رئيس مجلس إدارة الغرفة وعدد من أعضاء مجلس الإدارة والأمانة العامة ومسؤولي وزارة التجارة والصناعة ومنسوبي هيئة السياحة والآثار وفرع وزارة الخارجية بالمنطقة، وأعضاء اللجان القطاعية والموظفين بالغرفة، حيث تبادل الجميع التهاني والتبريكات بهذه المناسبة السعيدة. وأكد رئيس غرفة القصيم عبد الله بن إبراهيم المهوس، أن عادة إقامة حفل المعايدة يُعتبر جزءاً لا يتجزأ من العادات الثقافية والتقاليد الاجتماعية التي تتوارثها الأجيال في إطار إحياء قيم شهر رمضان المبارك والاحتفاء بالفطر، مهنئاً جميع منسوبي وموظفي الغرفة بهذه المناسبة السعيدة، متمنياً لهم التوفيق والسداد في حياتهم الشخصية والمهنية. \n",
    "date_extracted": "2015-07-25 09:25:11"
}