{
    "url": "http://www.al-jazirah.com/2015/20150725/sp11.htm",
    "title": "تأهل الإسماعيلي واتحاد الشرطة والاتحاد السكندري إلى دور الـ(8) من كأس مصر",
    "author": "القاهرة - مكتب الجزيرة - طارق محيي:",
    "content": "\nتأهل الفريق الأول لكرة القدم بالنادي الإسماعيلي إلى دور الثمانية ببطولة كأس مصر بعد تغلبه على نظيره الرجاء المكافح بهدفين نظيفين في المباراة التي جمعت بينهما باستاد الإسماعيلية. \nأحرز هدفا فريق الإسماعيلي اللاعب عمرو السولية في الدقيقتين 21 من الشوط الأول والأخيرة من الوقت الأصلي للشوط الثاني من ضربة جزاء. \nوكانت المباراة قد شهدت حالة طرد لمحمد فتحي لاعب الإسماعيلي في الدقيقة 43 من الشوط الأول نتيجة الالتحام بقوة مع أحد لاعبي فريق الرجاء. \nفيما تأهل فريق اتحاد الشرطة إلى دور الثمانية لبطولة كأس مصر، وذلك بعد فوزه الصعب على منافسه فريق المقاولون بضربات الجزاء الترجيحية 5\\3 في المباراة التي أقيمت بينهما باستاد المقاولون العرب، والتي انتهي وقتها الأصلي بالتعادل السلبي بين الفريقين . \nسجل ركلات فريق الشرطة صلاح ريكو، وعلي رابو، وخالد سطوحي، وأحمد عادل، وأحمد كمال، بينما أحرز للمقاولون محمد أبو شعيشع، ومحمد عبد الواحد، وحسام عبد العال، وأهدر عمر جمال للمقاولون لينتهي اللقاء بفوز اتحاد الشرطة علي المقاولون بنتيجة 5\\3 ويتأهل لدور الثمانية بكأس مصر ليواجه الفائز من مباراة الأهلي والجونة. \nكما تأهل فريق الاتحاد السكندري إلى دور الـ8 لبطولة كأس مصر بعد فوزه على فريق وادي دجلة بهدف مقابل لا شئ في المباراة التي أقيمت بينهما باستاد الإسكندرية. وأحرز علاء كمال هدف اللقاء في الدقيقة 62 من ضربة حرة مباشرة، وحاول «دجلة» - عقب الهدف - التعويض، ولاحت لمهاجميه فرص عديدة، ولكن نجح حارس «الاتحاد» في الحفاظ على مرماه من دخول أهداف لينتهي اللقاء بفوز الاتحاد على «دجلة» بهدف نظيف ليتأهل إلى دور الـ8 لكأس مصر. ومن المنتظر أن يلتقي الاتحاد - بدور الـ8 - مع الفائز من مباراة الزمالك وحرس الحدود. \n",
    "date_extracted": "2015-07-25 09:28:38"
}