{
    "url": "http://www.al-jazirah.com/2015/20150723/rj7.htm",
    "title": "خير خلف لخير سلف",
    "author": "",
    "content": "نبارك لصاحب السمو الأمير الدكتور مشعل بن عبدالله بن مساعد آل سعود ثقة خادم الحرمين الشريفين الملك سلمان بن عبد العزيز - حفظه الله ورعاه- بتعيينه أميرًا لمنطقة الحدود الشمالية خلفًا لوالده صاحب السمو الأمير عبدالله بن عبدالعزيز بن مساعد -رحمه الله رحمة واسعة وأسكنه فسيح جناته- الذي خدم المنطقة خلال ستين عامًا كان كالطود الشامخ وكالبحر الواسع في منطقة الحدود الشمالية بدأ مدينة عرعر من مرحلة التأسيس إلى مرحلة النمو والتطور والعمران والازدهار وهي كالشجرة المباركة التي غرست وسقيت حتى كبرت وأثمرت وها هو اليوم بذمة الله وشجرته المباركة التي لم يأل جهدًا بالرقي بها بالخدمة والرعاية بحفظ الله تعالى ثم ولده الأمير الدكتور وهو قادر بإذن الله تعالى على إكمال مسيرة والده الذي لا يتوانى باستمرار الخدمة والرعاية بتوجيهات ودعم من خادم الحرمين الشريفين وولي العهد وولي ولي العهد حفظهم الله تعالى بخدمة المنطقة الشامخة بعلوها والزاهرة بمعادنها من رجال وكنوز الأرض التي وهبها الله تعالى من معادن وفوسفات ومراع. فمن خلال مسيرة الأمير الدكتور مشعل العملية وشهاداته العلمية ندرك أن بدرًا سطع في تلك المنطقة بعد بدر رحل في ذمة الله تعالى ليكمل مسيرة التطور والبناء على بركة الله تعالى وبمؤازرة من الله تعالى ثم من خادم الحرمين الشريفين الملك سلمان - حفظه الله- الذي أوصل رسالة بأمره الكريم أن الوطن غالٍ فلم يختار لمنطقة الحدود الشمالية إلا الغالي والنفيس لكي يحقق طموحات المواطنين وليبذل سمو الأمير الدكتور الجديد ما بوسعه لازدهار منطقة الحدود الشمالية شكرًا يا خادم الحرمين على اختياركم لهذا الرجل الطموح الذي نسأل الله تعالى أن يعينه ويسدد على الخير خطاه. - حائل",
    "date_extracted": "2015-07-23 17:33:20"
}