{
    "url": "http://www.al-jazirah.com/2015/20150725/sp21.htm",
    "title": "الزمالك يتطلع لانتصار جديد في كأس الاتحاد الإفريقي",
    "author": "القاهرة - مكتب الجزيرة - طارق محيي:",
    "content": "\nيأمل فريق الزمالك المصري في مواصلة انتصاراته الإفريقية وتحقيق فوزه الثالث على التوالي، عندما يستضيف ليوبار الكونغولي غداً الأحد في إطار تصفيات منافسات الجولة الثالثة من مباريات دور المجموعات لبطولة كأس الاتحاد الافريقي. \nوينفرد الزمالك بصدارة المجموعة الثانية برصيد ست نقاط، عقب فوزه على الصفاقسي التونسي 1-0 وأورلاندو بايرتس الجنوب أفريقي بهدفين مقابل هدف واحد في الجولتين الأولى والثانية، بينما يحتل ليوبار المركز الثالث برصيد نقطة واحدة. ويدرك فريق المدرب البرتغالي جوسوالدو فيريرا أن الفوز على ليوبار سيعني تأهل الفريق بنسبة تتجاوز 50% إلى المربع الذهبي للبطولة التي يحلم الفريق الأبيض بالتتويج بها للمرة الأولى في تاريخه. \nوهذه هي المباراة الثالثة بين الفريقين، بعدما سبق أن التقيا خلال مرحلة المجموعات بدوري الأبطال عام 2013، حيث فاز الفريق الكونغولي بهدف نظيف ذهابا بمدينة دوليسي الكونغولية، قبل أن يرد الزمالك الدين ويفوز 4-1 في مباراة الإياب. \nفي المقابل، يستضيف الصفاقسي، صاحب الرقم القياسي في عدد مرات الفوز بالبطولة برصيد أربع مرات، فريق أورلاندو بايرتس في مواجهة ليست بالسهلة على الفريق التونسي الذي يأمل في تحقيق فوزه الأول بمرحلة المجموعات. \nوستيعد هذه المباراة إلى الأذهان مواجهة الفريقين بالدور قبل النهائي لدوري الأبطال عام 2006، حيث فرض الصفاقسي التعادل السلبي على منافسه ذهابا، قبل أن يفوز بهدف نظيف في مباراة العودة بصفاقس. \n",
    "date_extracted": "2015-07-25 09:28:49"
}