{
    "url": "http://www.al-jazirah.com/2015/20150723/ln24.htm",
    "title": "أبو راس يوجه بتكثيف الجهود لإبراز الواجهة السياحية لمدينة جدة ",
    "author": "جدة - عبدالله الدماس:",
    "content": " الأمين خلال الجولةزار معالي أمين جدة الدكتور هاني ابو راس، فعاليات السيرك العالمي في الخيمة المجهزة بأرض الفعاليات بأبحر، واطلع من خلالها على سير العمل بالمهرجان الذي تنظمه أمانة جدة تحت شعار «عيدكم عيدنا» على الكورنيش الشمالي. وأبدى أمين جدة سعادته الغامرة بزيارة السيرك وبقية الفعاليات، معرباً عن سروره بما شاهده ووجه شكره وتقديره للقائمين عن الفعاليات، وأكد عن أنه يحرص دائماً على حضور المهرجان ومتابعة الفعاليات الموجودة كافة، مشيداً بالفعاليات التي تم إعدادها بغرض ترفيه وإسعاد أهل المدينة وزوارها. فيما وجه الأمين ضرورة تكثيف الجهود لإبراز الواجهة السياحية المشرقة لمدينة جدة، والعمل وفق توجيهات مستشار خادم الحرمين أمير منطقة مكة المكرمة الأمير خالد الفيصل، وسمو محافظ جدة رئيس مجلس التنمية السياحية بجدة الأمير مشعل بن ماجد في دعم السياحة المحلية والعمل الجاد لخدمة زوار وسواح وأهالي عروس البحر الأحمر وإظهار البعد الجمالي لها. ويواصل السيرك العالمي بأرض الفعاليات بأبحر الشمالية، الذي يشارك فيه لاعبون محترفون من روسيا وأوكرانيا وأوزبكستان عروضه المثيرة، حيث استقطبت العروض المدهشة آلاف الزوار وأتاحت لهم قضاء أوقات ممتعة من المرح والتشويق. ",
    "date_extracted": "2015-07-23 17:34:59"
}