{
    "url": "http://www.al-jazirah.com/2015/20150724/ln37.htm",
    "title": "30 سيدة أعمال يشاركن في فعاليات «جدة شو 36» ويقدّمن هدايا العيد للأطفال",
    "author": "جدة - الجزيرة:",
    "content": "قامت أكثر من 30 سيدة أعمال سعودية بزيارة لمهرجان (جدة شو 36) الذي تُقام فعالياته في مركز جدة الدولي للمعارض، والتي ضمت أكثر من 50 فعالية متنوّعة ترفيهية وثقافية ومجتمعية، وقمن بتوزيع هدايا العيد في واحدة من أهم تعبيرات الفرح في جدة مدينة المهرجانات والاحتفالات، وقالت سيدة الأعمال السعودية رئيسة لجنة مصممات الأزياء بالغرفة التجارية الصناعية بجدة أميمة عزوز: إن فرحة العيد لا تضاهيها فرحة. وأكدت أن العيد يمثِّل صورة من صور الجمال والمحبة وأن مشاركتها في احتفالية مهرجان جدة 36 تأتي ضمن العمل المجتمعي لتوطيد الأواصر الأسرية في مجتمع جدة بكل ما فيه من روعة. من جانبها قالت سيدة الأعمال رنا ريري: إن مهرجان جدة شو فكرة جديدة قام على ابتكارها شباب وشابات سعوديات من ذوي الكفاءة والتميز وهو بحق صورة من الإنجازات الجميلة التي اهتم بها عاشق مدينة جدة الأمير مشعل بن ماجد، الذي سخر وقته وجهده من أجل أن تكون جدة في مصاف المدن الأكثر تميزاً في الأعياد. وقالت سيدة الأعمال منى ريحان: إن جدة مدينة تميزت بروعة برامجها وفعالياتها في الأعياد والأفراح وهي مدينة المال والجمال والاقتصاد وإن وجود 120 فعالية محلية وعالمية تعكس ثقافة المجتمع الجداوي في المشاركة والمساهمة في تحقيق رسالة وهدف صاحب السمو الملكي الأمير مشعل بن ماجد، الذي رسم لجدة خارطة الطريق لتكون ضمن المدن النموذجية التي نفتخر بها. ",
    "date_extracted": "2015-07-24 08:42:37"
}