{
    "url": "http://www.al-jazirah.com/2015/20150725/ln36.htm",
    "title": "عائلة الخليفة تحتفل بالعيد ",
    "author": "الرس - خليفة الخليفة:",
    "content": " محافظ الرس ورئيس البلدية وعميد العائلة\nاحتفلت عائلة الخليفة بمحافظة الرس بعيد الفطر بتجمع ضم جمعًا غفيرًا من أفراد العائلة من أنحاء المملكة، وقد شرف الحفل محافظ الرس محمد العساف، ورئيس البلدية المهندس عيد العتيبي، وقد رحب عميد العائلة بضيفي الحفل وقدم لهما هديتين تذكاريتين خاصتين بهذه المناسبة، ثم توالت فقرات الاحتفال بتكريم حفظة كتاب الله وتكريم المتفوقين والعرسان الجدد وتكريم كبار السن. \n",
    "date_extracted": "2015-07-25 09:29:22"
}