{
    "url": "http://www.al-jazirah.com/2015/20150724/sp1.htm",
    "title": "الجزيرة الإماراتي يعير لانزيني إلى وست هام",
    "author": "",
    "content": "أعار الجزيرة الإماراتي لاعب الوسط الأرجنتيني مانويل لانزيني إلى وست هام الإنكليزي لمدة عام، مع إمكانية شرائه لاحقاً. وسبق للانزيني (22 عاماً) ان مثل منتخب الأرجنتين دون 20 عاماً في أربع مباريات، وهو تدرج في صفوف ريفر بلايت الأرجنتيني قبل ان ينتقل إلى الجزيرة. وقال لانزيني لمحطة وست هام التلفزيونية «إنه تحد جديد بالنسبة لي. سأختبر قدراتي في احد افضل الدوريات في العالم، وأنا أتطلع إلى بدء المنافسات». وكان لانزيني أصغر لاعب أجنبي يحترف في الإمارات حيث بدأ مع الجزيرة وهو في الحادية والعشرين، وساهم باحتلال الفريق المركز الثاني في الدوري الموسم الماضي بتسجيله 8 أهداف في 24 مباراة. وبات لانزيني سابع لاعب يتعاقد معه وست هام استعدادا للموسم الجديد بعد ديميتري بايت وانجيلو اوغبونا وبدرو اوبيانغ وكارل جنكينسون وستيفن هندري ودران راندولف. ",
    "date_extracted": "2015-07-24 08:41:11"
}