{
    "url": "http://www.al-jazirah.com/2015/20150725/du6.htm",
    "title": "طاجيكستان.. إحباط مخطط لـ«داعش» بشن هجمات إرهابية في البلاد",
    "author": "موسكو - سعيد طانيوس:",
    "content": "\nأعلنت سلطات في جمهورية طاجيكستان السوفيتية سابقا, أنها أحبطت مخططا لتنظيم «داعش» يهدف لشن سلسلة من الهجمات في أراضي هذا البلد الواقع في آسيا الوسطى على الحدود مع أفغانستان. \nوقال مصدر في وزارة الداخلية الطاجيكستانية أمس الجمعة 24 يوليو/ تموز، إن قوات الأمن احتجزت شخصين اثنين كانا على اتصال مع طاجيكستانيين يحاربون في سوريا وحصلا منهم على مختلف المواد الدعائية. \nوأوضح التلفزيون المحلي أن المحتجزين خططا لتنفيذ عدة تفجيرات قرب مقرات أجهزة الأمن الوطنية في أربع مناطق وكذلك في أماكن مزدحمة. \nكما تمكنت قوات الأمن من تدمير عدة مخازن سرية كانت تستخدم لصنع القنابل ووجد فيها كتب متطرفة. \nوأكد المصدر في وزارة الداخلية الطاجيكستانية أن الهجمات الإرهابية كانت تهدف إلى زعزعة الوضع السياسي في طاجيكستان وتخويف المواطنين. وتبحث أجهزة الأمن حاليا عن ثلاثة مشتبه بتورطهم في الإرهاب. \n",
    "date_extracted": "2015-07-25 09:25:18"
}