{
    "url": "http://www.al-jazirah.com/2015/20150725/ln37.htm",
    "title": "بلديات منطقة حائل تقيم حفل معايدة",
    "author": "حائل - سلطان الشبرمي:",
    "content": " احتفال بلدية سميراء\nأقامت بلديات «سميراء والغزالة وموقق والسليمي والروضة» بمنطقة حائل حفل معايدة بمقر البلدية لكافة منسوبيها بمناسبة حلول عيد الفطر المبارك، بحضور رؤساء البلديات المهندس فهد المظيبري، المهندس عيسى النومسي، على التميمي، المهندس عبدالله الشمري، محمد الشمري، وبحضور كافة مديري الإدارات والأقسام والموظفين. فيما تخلل الحفل تبادل التهاني والتبريكات بمناسبة العيد السعيد حيث تحرص البلديات على تنظيم مثل هذه الاحتفالات دعماً لمبدأ الترابط بين منسوبيها ونشر روح الألفة والمحبة، وتحفيزاً للعمل الجاد والدؤوب للمضي قدماً في تحقيق أهداف البلدية المتمثلة في تقديم أفضل الخدمات المواطنين. \n",
    "date_extracted": "2015-07-25 09:29:35"
}