{
    "url": "http://www.al-jazirah.com/2015/20150725/ln15.htm",
    "title": "إغلاق باب التسجيل بالمعهد الصناعي بالأحساء",
    "author": "الأحساء - عايدة بنت صالح:",
    "content": "\nأعلن المعهد الصناعي الثانوي الثالث بالأحساء عن اغلاق بوابة القبول والتسجيل لحاملي الشهادة المتوسطة في التخصصات متعدد في 02/11/1436 هـ. وأوضح ووكيل خدمات المتدربين م. أحمد البدنة ان التخصصات المتاحة لطلاب المرحلة المتوسطة هي معدات ثقيلة وتمديدات صحية والكهرباء الإنشائية .النجارة العامة والسمكرة والدهان ,و لدارسي الأول ثانوي. والثاني ثانوي في التخصصات التالية: دهان والتمديدات الصحية والكهرباء الإنشائية والمعدات الثقيلة والنجارة العامة على أن يكون التقديم عن طريق الموقع الإلكتروني للمؤسسة العامة للتدريب التقني و المهني. \n",
    "date_extracted": "2015-07-25 09:29:07"
}