{
    "url": "http://www.al-jazirah.com/2015/20150725/ln49.htm",
    "title": "(5) آلاف زائر لمتحف المصمك خلال العيد بالرياض ",
    "author": "الجزيرة - عبدالله الفهيد:",
    "content": "\nسجل متحف المصمك الواقع في منطقة قصر الحكم وسط العاصمة الرياض حضوراً لافتاً في فعاليات عيد الفطر السعيد، حيث بلغ عدد زواره أكثر من ( 5 ) آلاف زائر من مختلف الجنسيات. \nوأوضح المهندس عبد العزيز آل حسن مدير عام فرع هيئة السياحة والتراث الوطني بمنطقة الرياض، أن متحف المصمك الوطني يعد من أبرز المواقع التراثية السياحية في مدينة الرياض والتي تحرص هيئة السياحة بتوجيه من صاحب السمو الملكي الأمير سلطان بن سلمان رئيس هيئة السياحة والتراث الوطني أن تكون زيارته متاحة للجميع وخاصة خلال أيام العيد والمناسبات الوطنية، مضيفاً أن متحف المصمك فتح أبوابه من بعد صلاة العصر وحتى منتصف الليل بالتنسيق مع الهيئة العليا لتطوير مدينة الرياض خلال الثلاثة أيام لعيد الفطر المبارك، فيما تم فتح أبواب متحف المصمك خلال الفترة من 4-5 /10 /1436هـ من الثامنة صباحاً وحتى الساعة العاشرة ليلاً بشكل متواصل. \nوأردف المهندس الحسن أن عدد الزوار خلال أيام عيد الفطر المبارك بلغ أكثر من 5000 زائر من مواطنين وعائلات ومقيمين، منوهاً بالدور الفعال لمتحف المصمك للمشاركة في فعاليات العيد، إضافة إلى أنه تم الاستفادة من الساحة الخارجية عبر مسرح ضخم وعروض ضوئية وعروض ليزر على واجهة متحف المصمك الغربية وإقامة فعاليات وكان لحضور وتشريف صاحب السمو الملكي الأمير فيصل بن بندر بن عبد العزيز أمير منطقة الرياض دور كبير في إنجاح متحف المصمك والذي كان يرافقه معالي أمين منطقة الرياض المهندس إبراهيم بن محمد السلطان. \nوأشار مدير فرع السياحة بمنطقة الرياض أنه تم الاستفادة من تقنية الضوء والإنارة، حيث تم تركيب إضاءة لسطح المصمك مع إضاءة الأبراج من الأسفل، إضافة إلى فعاليات شملت العرضة السعودية والسامري، مع استضافة الرواة للحديث عن العيد قديماً، كما تم تقديم عروض على مسرح الطفل في ساحة العدل، وسوق شعبي للأسر المنتجة، منوها بالنجاح الذي تحقق لمنطقة وسط الرياض بفعاليات مميزة للأيام الثلاثة من العيد وكان للتنظيم والتنسيق الذي قامت به أمانة منطقة الرياض وهيئة تطوير مدينة الرياض بمشاركة الشرطة، و المرور، هيئة الأمر بالمعروف والنهي عن المنكر، والهلال الأحمر دور كبير في نجاح فعاليات العيد هذا العام. \n",
    "date_extracted": "2015-07-25 09:29:40"
}