{
    "url": "http://www.al-jazirah.com/2015/20150724/bo1.htm",
    "title": "مجلة الحياة الثقافية",
    "author": "إعداد - تركي إبراهيم الماضي:",
    "content": "العدد 262 منشورات وزارة الثقافة والمحافظة على التراث في تونس صدر العدد الجديد من مجلة «الحياة الثقافية» متضمنًا موضوعات متنوعة في مجالات الفن والثقافة والإبداع المختلفة. ويحمل هذا العدد ملفًا خاصًا «بمرور أربعين سنة على تأسيسها: مجلة الحياة الثقافية مكسب وطني للمبدعين لا بد من المحافظة عليه». من عناوين العدد نقرأ: - إشكالية التشكل من خلال تجربة الرسام اللافي الخضراوي. - من جهود مصطفى صادق الرافعي في تأريخ اللغة العربية. - فكرة التقدم عند الزيتونيين. - الوردة بين نعيب ألبوم وهمسة الفراشة: (قراءة في مجموعة «الوردة في منديل أبيض» لصابر العبسي). - قراءة في أحد إخفاقات مجلة شعر: (الصورة الشعرية أشكال غموض أم أشكال قراءة؟). - قراءة في مجموعة «رضا بن صالح»: (بيان العودة إلى أورشليم) من خلال مختارات من قصصها. - حوار مع الشاعر والناقد العربي سامي مهدي. ",
    "date_extracted": "2015-07-24 08:39:17"
}