{
    "url": "http://www.al-jazirah.com/2015/20150725/ln5.htm",
    "title": "المهرجان ملائم لجميع أفراد العائلة وأثبت نجاحه وتميزه ",
    "author": "الدمام - واس:",
    "content": "\nأشاد زوار حفل أهالي المنطقة بفعاليات عيد الفطر المبارك, ومهرجان صيف الشرقية 2015، المقامة في الواجهة البحرية في الخبر. وأثنى عبدالله الحربي على المهرجان وفعالياته، مشيرًا إلى أن المهرجان ملائم لجميع أفراد العائلة, وقد أثبت نجاحه وتميزه من ناحية الفعاليات المتنوعة والحضور، لاسيما عروض مسرح الطفل، الذي يجمع بين التسلية والمعرفة، من خلال المسابقات المشوقة المقدمة وتوزيع الهدايا على الأطفال. \nمن جانبه أكد عبدالله الزهراني القادم من الرياض, حرصه على الحضور للمنطقة الشرقية في إجازة العيد لمشاهدة الفعاليات المقامة، مثنياً على الجهات المنظمة في جهودهم، مقترحاً أن تشمل الفعاليات بعض الألعاب الشعبية القديمة ، ليتعرف الجيل الحالي عن الألعاب القديمة، التي كانوا يستمتعون فيها بعيداً عن التكنولوجيا. \nومن جهتهم عبر عدد من الأطفال من زوار قرية وخيمة الطفل المقامة ضمن فعاليات صيف وعيد الشرقية عن إعجابهم بأركان القرية, مشيرين إلى أن هذه الأركان نجحت في تنمية العديد من الهوايات المحببة إليهم, حيث كانت فرصة مشاركتهم في هذه الأركان مثمرة للغاية, وتعلموا من خلالها العديد من المهارات. \n",
    "date_extracted": "2015-07-25 09:25:04"
}