{
    "url": "http://www.al-jazirah.com/2015/20150724/sp36.htm",
    "title": "الرائد يكسب تجربة منتخب «ترينيداد وتوباغو» بهدفين ",
    "author": "بريدة - صالح الشعيبي:",
    "content": "كسب الفريق الكروي الأول بالرائد أولى مبارياته التجريبية بمعسكره التحضيري الذي يقيمه بمنتجع فنربخشة بتركيا، بعد تغلبه على منتخب ترينيداد وتوباغو الأولمبي بهدفين لهدف سجل للرائد هدفيه مشعل العنزي، وأحد مدافعي ترينيداد وتوباغو الأولمبي بالخطأ في مرماه. حيث لعب مدرب الرائد الجزائري عبدالقادر عمراني الشوط الأول بقائمة مكونة من فهد الشمري، وجفين البيشي، وسند شراحيلي، وسلطان اليامي، وعبدالله الحربي، وسلطان البرقان، وعيد الفارسي، وفارس العياف، وسلطان السوادي، ومشعل العنزي، وأمجد راضي. ونجح في إنهائه بهدفين لهدف، فيما أشرك عمراني في الحصة الثانية من اللقاء كلا من علي خرمي، وإبراهيم مدخلي، وسعود قرن، وسلطان الشريف، وإبراهيم الشهوان، ورائد الفريدي، وعبدالله الحضريتي، وأسامه الدراجي. وعمد الجزائري عبدالقادر عمراني خلال اللقاء إلى تطبيق بعض الجمل التكتيكية والأساليب الفنية في المباراة بهدف الوقوف على إمكانيات لاعبيه وقدرات عناصره ومدى استجابتهم للطريقة الفنية التي ينوي انتهاجها. هذا وقد واصل الفريق الرائدي تدريباته بمعسكره على فترتين صباحية ومسائية، تركزت الأولى على تمارين الجري والتحمل والثبات والتوازن، فيما تقتصر تدريبات الفترة الثانية على الجوانب الفنية. وعلى صعيد اللاعبين المصابين فقد تجاوز المهاجم فهد الجهني الاختبارات الطبية، حيث أجرى كشفًا طبيًا على موضع إصابته وأثبتت الأشعة سلامته، وقدرته على الدخول في التدريبات، حيث كان يعاني من كسر في إصبع القدم. ",
    "date_extracted": "2015-07-24 08:41:10"
}