{
    "url": "http://www.al-jazirah.com/2015/20150725/ln39.htm",
    "title": "منسوبو التعليم بعنيزة يجتمعون للمعايدة",
    "author": "عنيزة - فوزية النعيم:",
    "content": " حفل معايدة تعليم عنيزة\nاجتمع منسوبو تعليم عنيزة في الحفل الذي أقامه قسم العلاقات العامة للمعايدة في البهو الرئيسي بالإدارة وآخر بمبنى الشؤون الإدارية والمالية يوم الأربعاء الماضي، وتبادلوا خلالهما التهاني بعيد الفطر المبارك، متقدماً في كليهما مساعد مدير التعليم لشؤون تعليم البنين عبدالله القرزعي، بافتتاح البرنامجين المعدين لهذه المناسبة مهنئاً الجميع بعيد الفطر المبارك مبلغاً لهم سلام وتهاني مدير التعليم السابق يوسف الرميح، ومدير التعليم الحالي محمد الفريح، والمساعد للشؤون المدرسية عبدالرحمن المذن، كما رحب بالحضور من منسوبي وقيادي الإدارة وموظفيها. \n",
    "date_extracted": "2015-07-25 09:29:23"
}