{
    "url": "http://www.al-jazirah.com/2015/20150725/sp14.htm",
    "title": "ادفعوا الألوف لتحافظوا على الملايين!!",
    "author": "بدر   السعيّد",
    "content": "لا ينفك ولا يتوقف أي مسؤول في هذا الاتحاد أو ذلك النادي في بذل أوقاتهم وجهودهم وأموالهم في سبيل تشكيل فريق منافس وجاهز للنزال.. ويتركز معظم اهتمامه لضمان استمرارية تلك الجاهزية طيلة فترات الموسم الرياضي.. \nومنذ تولي المسؤول زمام العمل وهو في حالة من الصرف المالي الدائم.. فعملية اختيار الطاقم الفني واستقطاب اللاعبين وتجهيزهم ليست بالعملية الرخيصة أو سهلة المتناول.. واسألوا كل من خاض تلك التجارب أو كان قريباً من أصحاب القرار.. \nينطلق المعسكر التدريبي مروراً بالتجارب الفنية والاختبارات الإعدادية، ومن بعده يبدأ الموسم حتى نهايته.. مراحل متعددة يمر بها اللاعب والفريق.. يتخللها حالات صحية سلبية لا سمح الله.. وهي حالات واردة في عالم الرياضة.. ولا يكاد فريق رياضي يخلو من خلل في صفوفه بسبب التعب أو الإعياء أو الإصابات.. \nوهنا يجدر بنا أن نتوقف قليلاً لنراجع جاهزيتنا لتلك الحالات الوارد حدوثها.. ونتساءل: \nهل قام المسؤول الرياضي باتخاذ التدابير اللازمة والوقائية لمثل ذلك؟ \nهل كان ضمن أجندته وخططه التحضيرية مجال واهتمام ووقت ومال لذلك الغرض؟ \nإن الطب الرياضي يا سادة بات أصلاً من أصول صناعة الرياضة.. لم يعد الأمر مجرد بهرجة أو كماليات نكمل بها فريق العمل الرياضي المرافق للاعب!! فالأمر أكبر وأهم من ذلك وأشمل بكثير.. \nقيل قديماً (درهم وقاية خير من قنطار علاج). قرأناها، وحفظناها في الصغر.. نرددها ونكتبها، والقليل منا من يعمل بها!! \nكم من فريق أو اتحاد رياضي تكبد خسائر فادحة فنياً ومالياً ومعنوياً من جراء اعتزال نجم بسبب الإصابة أو تأخُّر شفائه وعودته للملاعب! \nكم من المبالغ المالية الطائلة التي تتكبدها الاتحادات والأندية نظير استعانتهم «المتأخرة» بمختص هنا أو هناك بحثاً عن الخروج من ظلمة الإصابة، وأملاً في عودة عاجلة للاعبيهم! \nكم من لاعب تأخرت عودته للملاعب بسبب تشخيص خاطئ! \nكم من لاعب بات أسير الإصابة بسبب ضعف البرنامج التأهيلي! \nكم من لاعب راح ضحية استخدام خاطئ لمستحضرات تحتوي على المواد المحظورة رياضياً، ثم وقع أمام إدانته باستخدام المنشطات المحظورة رياضياً! \nلم يفكر أولئك الباذلون الأسخياء لأنديتهم ما مدى أهمية وجود فريق طبي مختص ومتعدد التخصصات في مجالات الطب الرياضي الواسعة، كالطب العام وأخصائي العظام والإصابات الرياضية وأخصائي العلاج الطبيعي وأخصائي التغذية الرياضية والأخصائي النفسي وغيرهم، مع طاقم مساعد يلبي الاحتياجات الطبية والصحية كافة، ويكون هو جدار الدفاع الأول بعد حفظ الله لأولئك النجوم الذين قد تتوقف حياتهم الرياضية أو يحرمون مجبرين من خوض المنافسات لفترات قد تطول.. والسبب إما غياب الفريق الطبي أو عدم كفاءته!! \nفبمثل ما تحرصون على جلب المدربين العالميين والأجانب المحترفين والنجوم المحليين فإنه عليكم في الوقت ذاته أن تؤمنوا فريقاً طبياً يتم اختياره بعناية شديدة مع شرط شموله على الاحتياجات كافة.. \nوبمثل ما تحرصون على تجهيز الملاعب وغرف المعسكر واستئجار الطائرات الخاصة.. فكروا ولو قليلاً بتجهيز مركز طبي متكامل؛ ليكون بمنزلة الاستثمار الأمثل لمستقبل الرياضة والمحافظة على سلامة الرياضيين.. \nأدرك يقيناً - تماماً كما تدركون - أن ما سبق ما هو إلا أسباب لن تلغي فرص حصول الإصابات أو الإجهاد أو أي أعراض صحية سلبية كانت لا سمح الله.. لكنها في الوقت ذاته ستحد من ذلك بكل تأكيد.. وستقلل من فرص الإصابة.. وإن حصلت الإصابة فإنها ستقلل من فترة التشافي والتأهيل.. \nوفي الوقت ذاته فإن إجراءات الكشف السريري.. والفحوصات الطبية المخبرية.. التي تجرى بشكل روتيني قبل بداية المعسكر ينبغي ألا تكون مجرد خطوات تقليدية، يفتتح بها المعسكر!! \nفتلك الإجراءات لا بد أن تكون مراحل تكميلية لما سبقها من تاريخ صحي للاعب.. وقراءات مرجعية يعتد بها في المستقبل الصحي للاعب.. إضافة إلى أهمية تفعيل وتطبيق اختبارات اللياقة وفسيولوجيا الجهد البدني بالشكل العلمي الصحيح؛ فهي أحد أهم المعايير التي يستند إليها الطاقم الفني والطبي المحترف طوال فترات الموسم الرياضي.. \nألوف الوقاية أم ملايين العلاج؟! \nوبعد ذلك الموجز السريع الذي تناولته في أهمية دور الطب الرياضي ضمن خارطة العمل داخل منظمات الأعمال الرياضية.. فإني هنا أعود للتساؤل من جديد: \nهل سيستخسر المسؤول إنفاق ما يقارب ؟?? من ميزانيته السنوية في إنشاء أو استكمال تجهيز مركز طبي متكامل واستقطاب فريق طبي «متفرغ»، يستفيد منه جميع الرياضيين في مختلف الألعاب بالنادي؟! \nأم ستستمر الأوضاع عند البعض كما كانت.. فينفقون الملايين هنا وهناك، ويتناسون أحد أهم الأركان الأساسية في صناعة الرياضة؟! \nطرحت ما طرحت وأنا بين دعاء وأمل.. \nالدعاء بأن يحفظ الله رياضيينا من أخطار الإصابات، وأن يمدهم بالحماية والقوة.. \nوأمل بأن تصل هذه الرسالة لكل مقصر في هذا الجانب؛ لكي يصحح مساره.. \nدمتم أحبة.. تقربكم الرياضة.. ويجمعكم وطن.. \nمقالات أخرى للكاتب",
    "date_extracted": "2015-07-25 09:28:43"
}