{
    "url": "http://www.al-jazirah.com/2015/20150725/ms6.htm",
    "title": "هذا اليوم في التاريخ",
    "author": "1908 - الطيار الفرنسي لوي بليريو يعبر المانش بطائرة بـ(37) دقيقة.",
    "content": "\n1917 - الحرب العالمية الأولى: الحكم بالإعدام في باريس على الراقصة الهولندية ماتا هاري بتهمة التجسس لحساب المانيا أعدمت في 15 تشرين الأول - أكتوبر. \n1928 - اكتشاف مخطوطات كانت تعود إلى نابوليون بونابرت في كراكوفا (بولندا). \n1934 - اغتيال المستشار النمسوي انغلبرت دولفوس في محاولة انقلابية قام بها أعضاء في الحزب النازي النمسوي. \n1938 - السلطات النازية تمنع الأطباء اليهود من ممارسة الطب. \n1940 - الحرب العالمية الثانية: غارات جوية إيطالية على القوات البريطانية في فلسطين ومصر. \n1946 - الولايات المتحدة تفجر قنبلة نووية في بيكيني إحدى جزر مارشال في المحيط الهادئ. \n1943 - الحرب العالمية الثانية: سقوط موسوليني والحكومة الفاشية في إيطاليا. \n1955 - قانون يسمح بتعبئة ستة آلاف متطوع لبناء نواة الجيش الألماني لجديد. \n1975 - تركيا تستعيد السيطرة على كل القواعد الأميركية على أراضيها احتجاجا على رفض النواب الأميركيين رفع حظر لتسليمها أسلحة. \n1978 - ولادة لويز برون أول أطفال الأنابيب في بريطانيا. \n1979 - وفاة الكاتب الفرنسي جوزف كيسيل (ولد في 1898). \n1982 - الاجتياح الإسرائيلي للبنان: ياسر عرفات يوقع وثيقة يوافق فيها على «كل قرارات الأمم المتحدة» المتعلقة بفلسطين. \n1994 - إعلان أردني-إسرائيلي ينهي حالة الحرب بين البلدين. \n1993 - إسرائيل تشن عملية ضد مواقع لحزب الله في جنوب لبنان انتهت في 31 يوليو واسفرت عن مقتل 132 شخصاً. \n1993 - توقيع اتفاق سلام يين الفصائل الليبيرية في كوتونو عاصمة بنين ينهي حرباً أهلية أسفرت عن مقتل حوالي 150 ألف شخص خلال ثلاث سنوات ونصف. \n1995 - انفجار في محطة سان ميشال لقطار الانفاق في باريس كان الأول من ثمانية اعتداءات آخرها في 17 أكتوبر وأسفرت عن مقتل ثمانية أشخاص. \n2004 - اعتقال التنزاني أحمد خلفان غيلاني المسؤول الكبير في القاعدة المطلوب لدى مكتب التحقيقات الفدرالي الأميركي (اف بي اي) وهو متهم بالضلوع في الاعتداءات المناهضة للأميركيين في كينيا وتنزانيا عام 1998م. \n",
    "date_extracted": "2015-07-25 09:27:30"
}