{
    "url": "http://www.aleqt.com/2015/08/04/article_978828.html",
    "title": "«السعودي الفرنسي كابيتال» تعلن تعيين وليد فطاني رئيسا تنفيذيا للشركة",
    "author": "",
    "content": " أعلنت \"السعودي الفرنسي كابيتال\" تعيين وليد فطاني رئيسا تنفيذيا للشركة. وحول هذا التعيين صرح رئيس مجلس الإدارة عبد العزيز الراشد قائلا \"يشكل تعيين وليد فطاني إضافة مميزة، حيث يأتي متسقا مع استراتيجية النمو التي تحقق معها عديد من الإنجازات\"، وأضاف \"يتمتع فطاني بخبرة مصرفية ومالية امتدت لـ 21 عاما كان آخرها مدير الخزينة ومستشارا لشؤون الاستثمار والأسواق المالية لمجموعة شركات عبد اللطيف جميل، ومديرا لـ \"دويتشه بنك ـــ السعودية\"، ورئيسا لمجموعة الخزينة وعضو في الإدارة التنفيذية للبنك السعودي الفرنسي\". \nوتعد \"السعودي الفرنسي كابيتال\" الشركة الاستثمارية الرائدة في مجال الخدمات المصرفية الاستثمارية وإدارة الاستثمار والوساطة المالية في السعودية التي توفر مجموعة واسعة من الخدمات المالية لقاعدة كبيرة ومتنوعة من العملاء تتضمن الشركات، الأفراد من ذوي الملاءة المالية، والمستثمرين الأفراد، وتعد قوة رائدة في سوق الخدمات المصرفية الاستثمارية السعودية، من خلال التوفير المستمر لأفضل خدمات المشورة والتنفيذ لعملائها. ",
    "date_extracted": "2015-08-04 18:33:21"
}