{
    "url": "http://www.aleqt.com/2015/08/05/article_979240.html",
    "title": "سويسرا :ضبط 262 كيلوغراما من العاج المهرب - فيديو",
    "author": "الاقتصادية الإلكترونية من الرياض",
    "content": " ضبطت الجمارك السويسرية أمس 262 كيلوغراما من العاج المهرب في مطار زيورخ، ما تبلغ قيمته 400 ألف فرنك سويسري \"377 ألف يورو\". العاج كان موضبا في ثماني حقائب مسجلة باسم ثلاثة صينين قادمة من تنزانيا، وموجهة إلى بكين عبر زيورخ . ",
    "date_extracted": "2015-08-06 01:27:54"
}