{
    "url": "http://www.aleqt.com/2015/08/05/article_979140.html",
    "title": "كيري: تقدم جيد في اتفاقية الشراكة عبر «الهادئ» رغم فشل مباحثات هاواي",
    "author": "«الاقتصادية» من الرياض",
    "content": " أفصح وزير الخارجية الأمريكي جون كيري أمس عن \"تقدم جيد\" تحقق الأسبوع الماضي نحو اتفاق الشراكة الاقتصادية عبر المحيط الهادئ الذي يضم 12 دولة على الرغم من فشل المفاوضين في التوصل إلى اتفاق خلال مباحثات ماراثونية جرت في هاواي. \nوقال كيري في كلمة خلال توقف في سنغافورة قبل توجهه إلى ماليزيا للمشاركة اليوم في اجتماعات رابطة دول جنوب شرق آسيا (آسيان) \"مع أي تفاوض معقد، تبقى هناك تفاصيل للتحدث عنها\". \nوبحسب وكالة \"رويترز\" قال كيري \"الأسبوع الماضي حققنا تقدما جيدا في مفاوضاتنا في هاواي\" مضيفا أن الدول التي تتفاوض بشأن الشراكة الاقتصادية عبر المحيط الهادئ كانت \"تضغط من أجل المضي في مفاوضات شاقة تتطرق حتى للقضايا الأكثر حساسية\". \nوفشل وزراء تجارة حوض المحيط الهادئ يوم الجمعة في التوصل إلى اتفاق حول اتفاقية الشراكة الاقتصادية عبر المحيط الهادئ التي يعول عليها الرئيس باراك أوباما لإعادة التوازن في مواجهة النفوذ الصيني المتنامي في آسيا. \nوتعثرت المباحثات الخاصة بالاتفاق الذي سيحرر التجارة في منطقة تغطي 40 في المائة من اقتصاد العالم بعد اشتداد الخلاف حول تجارة السيارات بين اليابان وأمريكا الشمالية وتعنت نيوزيلندا بشأن تجارة الألبان وعدم التوصل إلى اتفاق بشأن فترات احتكار أدوية الجيل القادم. \nوتعتبر سنغافورة وثلاث دول أخرى من دول الآسيان هي بروناي وماليزيا وفيتنام جزءا من مفاوضات الشراكة الاقتصادية عبر المحيط الهادئ. \nوعلى الرغم من وصف مباحثات هاواي بأنها الفرصة الأخيرة للتوصل إلى اتفاق في وقت مناسب ليقره الكونجرس الأمريكي هذا العام - قبل انتخابات الرئاسة التي ستجرى في 2016 - ظل وزراء التجارة على ثقة بإمكانية التوصل إلى اتفاق. \nوقال كيري إن مباحثات التجارة \"تقترب من الاكتمال\" ووصف الشراكة الاقتصادية عبر المحيط الهادئ بأنها وسيلة ملموسة لإظهار التزام أمريكا القوي والمتواصل بأمن ورخاء آسيا والمحيط الهادئ. ",
    "date_extracted": "2015-08-06 01:27:11"
}