{
    "url": "http://www.aleqt.com/2015/08/05/article_979336.html",
    "title": "النفط يهوي لأدنى مستوى في أشهر مع زيادة مخزون البنزين",
    "author": "رويترز",
    "content": " انخفضت أسعار العقود الآجلة للنفط الخام اليوم الأربعاء إلى أدنى مستوياتها في بضعة أشهر بفعل مشاعر القلق من جراء زيادة مخزونات البنزين الأمريكية مع اقتراب موسم الرحلات الصيفية من نهايته. \nوتجاهل المتعاملون والمستثمرون بيانات تظهر هبوطا أسبوعيا أكبر من المتوقع لمخزونات الخام الأمريكية في التقرير الأسبوعي لإدارة معلومات الطاقة. \nوكان صعود أسعار البنزين والديزل قبل فصل الصيف أحد المحركات الرئيسية لارتفاع أسعار الخام في الربع الثاني للعام. \nوانخفضت هوامش أسعار البنزين بالنسبة للخام تسعة دولارات في البرميل عن مستوياتها المرتفعة في يوليو تموز كما انخفضت هوامش الديزل المنخفض المحتوى الكبريتي نحو خمسة دولارات عن ذروتها المسجلة الشهر الماضي. \nوتراجعت أسعار النفط في الربع الحالي من العام 21 بالمئة بسبب تنامي وفرة المعروض وتباطؤ الطلب من جانب الصين واحتمالية تدفق كميات من الخام على السوق من إيران بعد اتفاقها مع الغرب بخصوص برنامجها النووي. \nوقالت إدارة معلومات الطاقة الأمريكية اليوم الأربعاء إن مخزونات الخام الأمريكية انخفضت الأسبوع الماضي لكن مخزونات البنزين ونواتج التقطير زادت. \nوانخفضت مخزونات الخام 4.4 مليون برميل في الأسبوع الماضي مقارنة مع تنبؤات المحللين بتراجع قدره 1.5 مليون برميل غير ان مخزونات البنزين زادت 811 ألف برميل بالمقارنة مع تنبؤات المحللين بهبوط قدره 500 ألف برميل. \nونزلت اسعار عقود برنت لتسليم سبتمبر أيلول عند التسوية 40 سنتا أو 0.80 في المائة إلي 49.59 دولار للبرميل بعد أن ارتفعت قريبا من 51 دولارا في وقت سابق من التعاملات. \nوانخفضت عقود الخام الامريكي لتسليم سبتمبر أيلول عند التسوية 59 سنتا أو 1.29 في المائة إلي 45.15 دولار للبرميل بعد ان هوت في وقت سابق من التعاملات إلى 44.83 دولار أدنى مستوى لها منذ 20 من مارس آذار. \nوهبطت اسعار العقود الآجلة للبنزين 1.4 في المائة مسجلة أدنى مستوى لها في سبعة اشهر ونصف. ",
    "date_extracted": "2015-08-06 01:26:38"
}