{
    "url": "http://www.aleqt.com/2015/08/05/article_979324.html",
    "title": "تعاون مشترك بين صحة الجوف ومدينة الأمير محمد بن عبدالعزيز الطبية",
    "author": "سكاكا: واس",
    "content": " التقى مدير عام الشئون الصحية بمنطقة الجوف حسين بن الراوي في مكتبه اليوم , بالمدير التنفيذي لمدينة الأمير محمد بن عبدالعزيز الطبية بالجوف الدكتور إبراهيم بن عبدالكريم العريفي . \nوبحث الطرفان عدداً من أوجه التعاون بينهما للاستفادة من إمكانيات المتوفرة لكل منهما والعمل على تطوير الوضع الصحي بالمنطقة ، من حيث تبادل الأطباء والاستفادة من خبراتهم في مستشفيات المنطقة ، كما بحث الطرفان مجال التدريب والتعليم المستمر للاستفادة من كوادر المدينة وعقد دورات تدريبية لمنسوبي صحة الجوف والعاملين بالقطاع الصحي بالمنطقة , إضافة إلى بحث عقد المؤتمرات الطبية والندوات بتعاون الطرفين , وكذلك التوعية الصحية بالمنطقة . \nوأكد الدكتور العريفي على بذل المزيد من الجهود للاستفادة من المدينة بالوقت الحالي ، مبدئيا حرصة للإطلاع على الإحصائيات الصحية بالمنطقة والتعرف على إمكانيات المستشفيات فيها للعمل على توفير احتياج المنطقة . \nوثمن مدير صحة الجوف حرص القائمين على مدينة الأمير محمد بن عبدالعزيز الطبية للتعاون المشترك فيما بينهم ، مقدماً شكره للمسئولين فيها ولهذه المبادرات التي ستنعكس بإذن الله إيجاباً على المريض والمجتمع . ",
    "date_extracted": "2015-08-06 01:28:16"
}