{
    "url": "http://www.aleqt.com/2015/08/04/article_978802.html",
    "title": "الموافقة على نظام المحمية للحياة الفطرية",
    "author": "",
    "content": " بعد النظر في قرارات مجلس الشورى رقم (104 / 47) وتاريخ 28 / 7 / 1433هـ، ورقم ( 52 / 30) وتاريخ 15 / 6 / 1435هـ، ورقم (53 / 30) وتاريخ 25 / 6 / 1436هـ، قرر مجلس الوزراء الموافقة على نظام المناطق المحمية للحياة الفطرية. وقد أُعد مرسوم ملكي بذلك. ",
    "date_extracted": "2015-08-04 18:33:36"
}