{
    "url": "http://www.aleqt.com/2015/08/05/article_979299.html",
    "title": "هبوط اضطراري لطائرة أباتشي سعودية في منفذ الطوال وسلامة طاقمها",
    "author": "الرياض - واس",
    "content": " أصدرت قيادة القوات المشتركة اليوم بياناً أوضحت فيه أنه في صباح اليوم الأربعاء أجرت طائرة اباتشي تابعة للقوات البرية السعودية بعد تنفيذها لعمليات على الحد الجنوبي هبوطاً اضطرارياً في منفذ الطوال السعودي ولم تتعرض الطائرة لأي أضرار ولم يصب الطيار ومساعده بأي أذى. ",
    "date_extracted": "2015-08-06 01:26:52"
}