{
    "url": "http://www.aleqt.com/2015/08/05/article_979227.html",
    "title": "في مفاجأة علمية.. حبوب منع الحمل تمنع الإصابة بسرطان الرحم",
    "author": "لندن:رويترز",
    "content": " قال علماء إن استخدام وسائل لمنع الحمل عن طريق الفم والتي غالبا ما يطلق عليها \"الحبة\" توفر حماية طويلة الأمد للوقاية من سرطان الرحم وانه كلما استخدمت لفترة أطول كلما تراجع بشكل أكبر خطر الإصابة بالسرطان. \nوفي تحليل لجميع الأدلة المتوافرة قال المحللون ان استخدام حبوب منع الحمل منع ما يقدر بنحو 400 ألف حالة إصابة بسرطان الرحم في الدول الغنية على مدى الخمسين عاما الماضية بما في ذلك حوالي 200 ألف حالة في العقد الماضي. \nوقال فاليري بيرال وهو أستاذ بجامعة اكسفورد في بريطانيا شارك في الإشراف على الدراسة \"الأثر القوي لموانع الحمل التي تؤخذ عن طريق الفم في الوقاية من الإصابة بسرطان الجدار الداخلي للرحم -وهو الأثر الذي يستمر لعشرات السنين بعد التوقف عن تعاطي حبوب منع الحمل- يعني استمرار استفادة النساء اللاتي كن يستخدمن هذه الحبوب في العشرينات من العمر أو أصغر عندما يصبحن في الخمسينات أو سن أكبر وهي الفترة العمرية التي تصبح فيها الاحتمالات الإصابة بالسرطان أكثر شيوعا.\" \nوتابع قائلا \"البحوث السابقة أوضحت أيضا أن حبوب منع الحمل تمنع كذلك الإصابة بسرطان المبيض. اعتاد الناس على القلق من أن حبوب منع الحمل قد تسبب السرطان لكن الحبوب تقلل خطر الإصابة بالسرطان في الاجل الطويل.\" \nوقام الفريق الذي أشرف عليه بيرال بجمع البيانات لبحثهم -الذي نشر في دورية لانست أونكولوجي المتخصصة في علم الأورام- عن 27276 امرأة مصابة بسرطان في الجدار الداخلي للرحم شملتها 36 دراسة من أمريكا الشمالية وأوروبا وآسيا واستراليا وجنوب افريقيا مستخدمين جميع الأدلة الوبائية تقريبا التي جرى جمعها عن تأثير وسائل منع الحمل التي تؤخذ عن طريق الفم. \nووجد الباحثون أنه كل خمس سنوات من تناول حبوب منع الحمل فإن خطر الإصابة بسرطان جدار الرحم يقل بحوالي 25 بالمئة. \nووجدوا أنه في البلدان المرتفعة الدخل فإن استخدام موانع الحمل التي تؤخذ عن طريق الفم يقلل خطر الإصابة بسرطان جدار الرحم قبل بلوغ سن الخامسة والسبعين من 2.3 إصابة إلى 1.3 إصابة لكل 100 امرأة. ",
    "date_extracted": "2015-08-06 01:27:02"
}