{
    "url": "http://www.aleqt.com/2015/08/05/article_979210.html",
    "title": "موقع إلكتروني ألماني يتلقى تبرعات بـ 50 ألف يورو لإفشائه بأسرار حكومية",
    "author": "«الاقتصادية» من الرياض",
    "content": " ذكرت تقارير صحافية في ألمانيا أن بوابة \"نيتسبوليتيك\" الألمانية الإلكترونية تلقت تبرعات بعشرات الآلاف من اليورو في أقل من أسبوع، وذلك بعد الإعلان عن إجراء الادعاء العام الألماني تحقيقات حول إفشائها أسرارا حكومية. وقالت صحيفة \"برلينر تسايتونج\"الألمانية الصادرة أمس، إن البوابة تلقت منذ الخميس الماضي تبرعات بلغت قيمتها نحو 50 ألف يورو. من جانبه، قال ماركوس بيكيدال مشغل الموقع للصحيفة إن هذه التبرعات \"أمنتنا الآن بعض الشيء حتى نتمكن من السير في الطريق القانوني\"، مضيفا \"أن أجمل شيء سيكون عندما لا تتحول التحقيقات إلى قضية وعندها ستتمكن البوابة من استخدام أموال التبرعات في توفير من وظيفة إلى وظيفتين جديدتين في البوابة \"يمكنهما الإسهام في الأخذ على أيدي أجهزة الاستخبارات بصورة أفضل\". وعن واقعة التحقيقات حول البوابة، قال بيكيدال إن سلطات الأمن ستكون بمنزلة من أطلق النار على نفسه \"إذا تبين أن الهدف (من التحقيقات) كان تخويفنا بينما نحن خرجنا أقوياء من هذا الأمر\". \nيذكر أن إجمالي التبرعات التي تمكنت البوابة من جمعها في العام الماضي بلغ نحو 180 ألف يورو. \nتجدر الإشارة إلى أن الادعاء العام الألماني كان قد أعلن يوم الخميس الماضي أنه فتح باب التحقيقات حول صحافيين اثنين من البوابة السياسية، بدعوى الاشتباه في أن مؤسسها بيكيدال والكاتب أندريه مايستر أفشيا أسرارا للدولة بالإعلان عن خطط لهيئة حماية الدستور (الاستخبارات الداخلية) لتعزيز الرقابة على الشبكات الإلكترونية. ",
    "date_extracted": "2015-08-06 01:28:57"
}