{
    "url": "http://www.aleqt.com/2015/08/05/article_979204.html",
    "title": "تحت المطر.. مفتاحة أبها تحتضن الفن",
    "author": "«الاقتصادية» من الرياض",
    "content": " ألهمت الأمطار التي هطلت على منطقة عسير على مدى أربعة أيام متواصلة أحاسيس مصطافي وزوار مركز الملك فهد \"قرية المفتاحة\" في مدينة أبها الذين أبوا إلا أن يضعوا بصماتهم وتسجيل انطباعاتهم على لوحات المراسم المنتشرة في القرية. \nوأوقدت الأجواء الماطرة مشاعر الزوار من جميع الأعمار الذين هبوا لأخذ مجموعات من الصور مع فناني القرية ورسم العديد من اللوحات، حيث يفتح مركز الملك فهد الثقافي \"قرية المفتاحة\" وسط مدينة أبها ذراعيه لزواره الذين يتوافدون عليه بشكل يومي من كل مكان، يشُدك وأنت تَدلف إلى ممرات القرية، أولئك الفنانين الذين يزاولون هواية الرسم في الهواء الطلق، ومنهم محمد شراحيلي وهو فنان متمكن في كافة المدارس الفنية، إلى جانب وقوف الفنانين: خالد حنيف، إبراهيم الألمعي، علي سلمان، ملفي الشهري، لينثروا إبداعاتهم في أرجاء القرية. \nوأتاحت قرية المفتاحة عدداً من المواقع الجدارية للأطفال ليمارسوا هوياتهم والعبث بالألوان، إلى جانب تقديم جوائز قيمة من إدارة المركز للمبدعين، فيما وفرت القرية 10 مراسم للفنانين طيلة فترة الفعاليات، مصاحبة لفعاليات مهرجان \"أبها يجمعنا\" 1436هـ، إلى جانب توفير مواقع أخرى لإقامة معارض في: التُراث، الفضيات، الحضارات، إضافة إلى إقامة معرض للصور \"شوفه\" الذي ضم 34 صورة عن ذاكرة عسير البصرية من مكتبة أحمد نيازي. \nوفي مكان آخر من قرية المفتاحة، سجل معرض \"هواة الطوابع البريدية\" إقبالاً كثيفاً، مستلهمين حقباً زمنية عاشتها المملكة حينما صدرت في عهد المؤسس الملك عبدالعزيز ـ طيب الله ثراه ـ، ومن بعده الملك سعود والملك فيصل والملك خالد والملك فهد والملك عبد الله ـ رحمهم الله. \nكما اشتملت الطوابع على عرض كم هائل من الطوابع البريدية التذكارية التي صدرت في عهد الملك سلمان بن عبدالعزيز آل سعود ـ حفظه الله ـ منذ توليه الحكم للبلاد. \nوشهد المرسم الضوئي للمصور طارق آل زاهر إقبالاً من الشباب والأطفال الذي يحكي هوية المكان \"منطقة عسير\"، وهو استديو عصري حديث ومجهز بأحدث معدات التصوير. \nفي جهة مقابلة، سجل متحف الحضارات الذي يشرف عليه حمود الغامدي إقبالاً من الباحثين والمهتمين بالتراث والتاريخ، روعي فيه التنوع ومنها الأحافير، والنحاسيات، والفخاريات والأسلحة، والعملات الورقية والمعدنية لمعظم دول العالم، إلى جانب ضمه ركناً للمخطوطات والمطبوعات، والأجهزة الصوتية والسمعية التي كانت تستخدم قديماً. من جانبه، وجه سعيد بن محيا مدير إدارة مركز الملك فهد الثقافي في أبها الدعوة للزوار والمصطافين القادمين لقرية المفتاحة والاطلاع على كافة المعارض، إضافة إلى مشاهدة جميع الجوانب التي تحتوي القرية عليها والتي حرصت إدارة المركز على توفيرها. ",
    "date_extracted": "2015-08-06 01:29:48"
}