{
    "url": "http://www.aleqt.com/2015/08/04/article_978830.html",
    "title": "الرياض.. منصة عالمية لرصد قياس ريادة أعمال شباب العالم",
    "author": "",
    "content": " اعتمد تحالف شباب رواد الأعمال في مجموعة دول العشرين، مقترح اللجنة الاستراتيجية لتحالف شباب رواد الأعمال في مجموعة العشرين، إنشاء منصة قياس نظام وشاشة لوحة التحكم \"داش بورد\" لرواد الأعمال لتصبح مدينة الرياض بوصلة عالمية لرصد التحولات في عالم ريادة الأعمال، تمّكن جميع الدول الأعضاء من دول مجموعة العشرين بإدخال البيانات المختلفة حيال شباب ريادة الأعمال تم بناؤها لتكون المحور لرواد الأعمال وأصحاب الأفكار الريادية والباحثين عن الفرص التجارية والمرشدين والراغبين في تطوير مهاراتهم الإدارية من خلال الدورات المختلفة. \nوقال الدكتور عبد العزيز المطيري رئيس اللجنة الاستراتيجية لقمة تحالف رواد الأعمال في مجموعة العشرين، ومدير عام صندوق المئوية أن أعضاء تحالف رواد الأعمال في مجموعة العشرين أبدوا إعجابهم الشديد بلوحة التحكم \"داش بورد\" التي تم إعدادها وإنشاؤها من قبل فريق صندوق المئوية، مشيرا إلى أن جميع أعضاء التحالف سيتمكنوا من خلال لوحة التحكم الآلية من تسجيل جميع بياناتهم الخاصة بالتحولات والتطورات في مجال ريادة الأعمال بشكل منتظم والاطلاع عليها بشكل آلي وتحديثها بالمعلومات التي ستكون في منصة الأعمال البورتل الخاصة بصندوق المئوية المعروف \"رواد\" ويمكن اwww.ruwad.org.sa الاطلاع عليه من خلال الموقع . \nوأشار المطيري إلى أن اللجنة الاستراتيجية التابعة لتحالف شباب الأعمال لمجموعة دول العشرين قامت بإعداد الاستبيانات والمقابلات مع الأعضاء وتحليلها وفق آلية مهنية ومن ثم وضع النتائج والأهداف العامة والتفصيلية ومؤشرات الأداء التي تساهم في قياس مدى الوصول إلى تلك الأهداف. وأضاف المطيري إلى أن اللجنة الإستراتيجية شاركت في الاجتماعات التحضيرية لقمة العشرين في اليابان التي عقدت أخيرا وقدمت مقترحات جديدة لتطوير الشراكات ما بين أعضاء التحالف في مجال تنمية وتعزيز ثقافة ريادة الأعمال وزيادة التأثير القوي والإيجابي في تنمية الاقتصاد العالمي، وتقوية التعاون في المجالات الاقتصادية لتوسيع قاعدة التعاون الاستراتيجي لتعزيز شبكة العلاقات التجارية والاستثمارية مع المجموعات الاقتصادية. \nويرأس صندوق المئوية أهم اللجان في التحالف، وهي اللجنة الاستراتيجية لقمة التحالف ويعتبر تحالف شباب رواد الأعمال لدول مجموعة العشرين لريادة الأعمال مجموعة من أبرز منظمات ريادة الأعمال غير الحكومية يمثلون أكثر من 500 ألف رائد أعمال شباب في مختلف بلدان دول مجموعة العشرين G20، والاتحاد الأوروبي. يذكر أنه تم التصويت على رئاسة المملكة للجنة الخطة الاستراتيجية لتحالف رواد الأعمال لمجموعة الدول العشرين G20 YEA في تشرين الأول (أكتوبر) 2013 خلال القمة التحضيرية التي استضافتها مدينة الرياض. \n ومنذ تلك الفترة واللجنة تعمل على وضع خطة استراتيجية للتحالف تساهم في تحقيق أهدافه وبناء البيئة المناسبة لرواد الأعمال في الدول العشرين. حيث قامت الجنة بعقد اجتماعات دورية وورش عمل منها ورشة عمل في أستراليا وألمانيا وورش عمل في العديد من الدول الأعضاء. ",
    "date_extracted": "2015-08-04 18:33:25"
}