{
    "url": "http://www.aleqt.com/2015/08/05/article_979288.html",
    "title": "الرئيس اليمني: انتصارات الجيش الوطني والمقاومة لن تتوقف حتى يتم تطهير اليمن من المليشيات",
    "author": "الرياض - واس",
    "content": " أكد الرئيس اليمني عبدربه منصور هادي أن الإنتصارات التي حققها الجيش الوطني والمقاومة الشعبية في بلاده مسنودة بقوات التحالف العربي، ضد المليشيات المتمردة، لن تتوقف حتى يتم تطهير كل المحافظات اليمنية من القوى الانقلابية التي تسببت بقتل الأبرياء وتدمير البنى التحتية في المدن وتشريد مئات الآلاف من المواطنين من مساكنهم\". \n \nوقال ، في تصريح لدى مغادرته الرياض، متوجها إلى مصر، إن الجيش الوطني والمقاومة لن تألو جهداً في مواصلة عملية استعادة الدولة على طريق العودة لتنفيذ مخرجات الحوار الوطني وقرار مجلس الأمن الدولي 2216. \n \nوجدد الرئيس اليمني، تأكيداته بأن مليشيات جماعة الحوثي والرئيس المخلوع، علي عبد الله صالح، انقلبت على الشرعية الدستورية ومخرجات الحوار الوطني والقرارات الدولية وراحت تعبث بأمن البلاد وأرواح العباد. ",
    "date_extracted": "2015-08-06 01:28:11"
}