{
    "url": "http://www.aleqt.com/2015/08/06/article_979387.html",
    "title": "هل هو خائف من «جوجل»؟",
    "author": "هنري مانس من برلين",
    "content": " في كافة أنحاء أوروبا، قد يكون ماتياس دوبفنر مشهورا بأنه المسؤول التنفيذي الذي اعترف بأنه “يخاف من شركة جوجل”. \nإلا أن سِجلّه في الاستثمار في الأصول الرقمية يمنع أي تصنيف فج يمكن أن يضعه في خانة محاربي التطور التكنولوجي. \nباعتباره ناقدا موسيقيا سابقا كان يتمسك بآرائه، الذي صعد ليُصبح رئيس تحرير الصحيفة المُحافظة دي فيلت. كان دوبفنر يتولى منصب الرئيس التفنيذي لشركة أكسل سبرينجر منذ عام 2002. عمل على زيادة الإيرادات الرقمية من صفر تقريباً، إلى 986 مليون يورو، حسبما جاء في تقرير في النصف الأول من هذا العام - من خلال الاستثمار في الشركات الإعلانية، مثل بوابات العقارات الإلكترونية. وعد دوبفنر باستمرار بأن التحوّل الرقمي “لا يُشكّل تهديداً على شركات الإعلام، لكنه فرصة كبيرة” طالما تقدم محتوى ذا نوعية جيدة للقرّاء والجماهير المُستهّدفة لشركات الإعلان. \nكما استثمرت “أكسل سبرينجر” في المواقع الإخبارية الأمريكية منها بزينس إنسايدر وأوزي، لكن على عكس مجموعات التكنولوجيا الكبيرة، وضع دوبفنر قيودا على طموحاتها “أكسل سبرينجر” ينبغي أن تكون “شركة النشر الرقمية الرائدة” في أسواقها الأوروبية الرئيسية، وليس على المستوى العالمي. \nوجاء نقده الصريح لشركة جوجل وسط تسوية مقترحة لمكافحة الاحتكار بينها وبين المفوضية الأوروبية، وهو احتمال يفتح المجال الآن أمام توجيه اتهامات رسمية. كما أن دوبفنر هو أحد المساهمين الكبار في “إ. سبرينجر”، بعد أن عمدت المُساهمة المُسيطرة فْريده سبرينجر إلى بيع جزء من حصتها في عام 2006، وبعد ذلك أعطته جزءا آخر في عام 2012. حتى القريب، كانت حصته البالغة 3.1 في المائة تعادل نحو 160 مليون يورو. ",
    "date_extracted": "2015-08-06 08:07:59"
}