{
    "url": "http://www.aleqt.com/2015/08/06/article_979415.html",
    "title": "«مدن» تشرع في تطوير المجمعات السكنية في المدن الصناعية بالمملكة",
    "author": "",
    "content": " تعتزم الهيئة السعودية للمدن الصناعية ومناطق التقنية \"مدن\" الانتقال بالمدن الصناعية في المملكة إلى مرحلة من التكامل الخدمي ومنظومة من المرافق والخدمات النوعية ما يجعلها مكانا جاذبا للسكن والعمل والاستثمار. \nوكشف سامي الحسيني المتحدث الرسمي باسم \"مدن\" أن \"مدن\" تعتزم كمرحلة أولى بناء المجمعات السكنية والمكتبية المدعومة بباقة من المرافق التعليمية والخدمية والترفيهية في عدد من المدن الصناعية في كل من الدمام وجدة والمدينة والخرج وحائل وسدير، حيث تم التعاقد مع دار استشارية عالمية لتصميم سلسلة من المدارس الدولية التي تتم إدارتها بأفضل الأساليب التعليمية والتدريبية ذات الجودة العالية، فضلا عن المعاهد والمستشفيات والمصارف ومراكز التسوق والترفيه والوحدات الفندقية لجعلها مدنا نموذجية ذكية ذات تجمعات عنقودية عبر شراكات عالمية مع القطاع الخاص، مضيفا أن من المتوقع أن تستقطب هذه التجمعات خلال السنوات الخمس القادمة أكثر من 40 ألف ساكن أو عشرة آلاف أسرة. \n \n \n \nولفت الحسيني إلى أن مدن تعمل على إنشاء مدارس متميزة من خلال تقديم مناهج متطورة ومبان مجهزة بأحدث المرافق وبتصميم معماري فريد لتصبح عامل جذب مهما للسعوديين للعمل والسكن في المجمعات السكنية داخل المدن الصناعية. وقد استعانت مدن بالشركات العالمية المتخصصة في هذا المجال، حيث تم التعاقد مع شركة جيمز المتخصصة في إنشاء وتشغيل المدارس بهدف خلق نظام تعليمي نموذجي ومتطور، حيث ستوفر المدارس نوعين من المناهج: منهج التعليم العام المتطور، وكذلك المنهج العالمي، وقد تم تصميم المدارس حيث تحتوي على مرافق متكاملة مثل: المعامل العلمية، المنشآت الرياضية، المسابح، وقاعات المؤتمرات، إضافة لتوفير خدمات أخرى مثل التغذية والنقل والنظام الأمني. وسيتم البدء هذا العام في إنشاء أول مدرسة في المدينة الصناعية الرابعة في جدة بمساحة 45 ألف متر مربع بقسمين \"البنين والبنات\". \nوأضاف الحسيني أن \"مدن\" اعتمدت إنشاء مشاريع ومرافق تعليمية في عدة مدن صناعية في المملكة لخدمة ساكني المجمعات السكنية، وقال \"لدينا خطة طموحة لتعزيز المرافق في المدن الصناعية من خلال المشاريع المزمع طرحها\". ",
    "date_extracted": "2015-08-06 08:08:48"
}