{
    "url": "http://www.aleqt.com/2015/08/06/article_979407.html",
    "title": "«الداخلية» تحذر المواطنين من الزواج بمجهولات الهوية وتتوعد المخالفين",
    "author": "«الاقتصادية» من الرياض",
    "content": " أوضحت وزارة الداخلية أنه على المواطنين كافة عدم التعامل مع مجهولي الهوية، حيث لاحظت قيام البعض من كبار السن من سكان قرى المناطق الحدودية الجنوبية بالزواج من مجهولات الهوية بطرق غير نظامية، وأن أغلبهم استغلوا فترة التصحيح لأوضاع الأشقاء اليمنيين، وتقدموا للجهات المختصة بطلب تصحيح أوضاع زوجاتهم مجهولات الهوية مع علمهم بمخالفتهم التعليمات والأنظمة. \nوقالت الوزارة في بيان صدر أمس \"إنه نظرا لما للأمر من تبعات وعواقب وخيمة، فإنها تود التأكيد على جميع المواطنين بمراعاة ذلك موضحة أن من يقدم على الزواج من أجنبية بدون إذن مسبق سيحال للجهة المختصة لمعاقبته بوصفه تعاملا مع مجهولي الهوية\". ",
    "date_extracted": "2015-08-06 08:07:50"
}