{
    "url": "http://www.aleqt.com/2015/08/05/article_979151.html",
    "title": "الصالح: زيارة ولي ولي العهد للأردن تأتي في إطار التشاور والتنسيق المستمر بين البلدين",
    "author": "«الاقتصادية» من الرياض",
    "content": " أكد الدكتور سامي بن عبدالله الصالح سفير خادم الحرمين الشريفين لدى الأردن، متانة العلاقات القائمة بين السعودية والأردن في جميع المجالات بفضل توجيهات قيادتي البلدين والروابط الأخوية القائمة بين الشعبين الشقيقين. وقال في تصريح لوكالة الأنباء السعودية، إن العلاقات بين البلدين الشقيقين راسخة ومتينة ومتجذرة، وهي علاقات تعاون وتشاور وتنسيق وثيق إزاء مختلف التطورات والقضايا المحلية والإقليمية والدولية. \nوأوضح أن هذه العلاقات تمر بأفضل مراحلها لحرص قيادتي البلدين الشقيقين وتوجيهاتهما المستمرة لتطويرها والنهوض بها إلى مستويات أفضل بما يخدم مصالح البلدين والشعبين الشقيقين. \nوبين السفير الصالح أن زيارة الأمير محمد بن سلمان بن عبدالعزيز ولي ولي العهد النائب الثاني لرئيس مجلس الوزراء وزير الدفاع إلى الأردن أمس، ولقاءه الملك عبدالله الثاني بن الحسين ملك الأردن، تأتي في إطار التشاور والتنسيق المستمر بين البلدين في هذه المرحلة التي تتسم بالدقة والحساسية وما تمر به الأمة العربية والمنطقة من تطورات يشهدها الجميع. ",
    "date_extracted": "2015-08-06 01:29:36"
}