{
    "url": "http://www.aleqt.com/2015/08/06/article_979409.html",
    "title": "مطالب باستحداث شرطة سياحية لحماية الآثار التاريخية",
    "author": "«الاقتصادية» من الرياض",
    "content": " انطلقت أول أمس أولى جلسات ملتقى \"أمن وسلامة الآثار والمنشآت السياحية\" الذي يعقد حالياً في محافظة الطائف، من خلال جلستين تناقشان محور المخاطر والجرائم التي تتعرض لها الآثار والمنشآت السياحية وتحليلها. \nوترأس الجلسة الأولى الدكتور علي فايز الجحني، وحاضر فيها الدكتور عوض قعدان العتيبي رئيس قسم السياحة والآثار في جامعة حائل، وتطرق في ورقة عمله إلى تحليل المخاطر التي تتعرض لها المواقع الأثرية والمنشآت السياحية في المملكة، مقسماً المخاطر إلى داخلية يمكن التحكم فيها وخارجية تصعب السيطرة عليها، مشدداً في إحدى توصياته على أهمية تدريب وتأهيل العاملين في مجال الآثار، لما للتدريب من دور في الحد والتقليل من المخاطر والمهددات التي تتعرض لها الآثار والمواقع السياحية. \nوذهبت الدكتورة سميرة سعيد القحطاني، ثاني المحاضرين في الجلسة الأولى، إلى تأثير تلك المخاطر في الأمن السياحي، مطالبةً الجهات المعنية بالسياحة والثقافة بوضع وإعداد خطط مدروسة، تضمن توعية الفرد وتثقيفه بأهمية الآثار، إلى جانب سن قوانين رادعة لمواجهة الجرائم التي تتعرض لها، حتى يتحقق الأمن السياحي. \nواستعرض ثالث المتحدثين في الجلسة عميد عمادة البحث العلمي (المكلف) في جامعة بيشة الدكتور مسفر سعد الخثعمي في بحثه نماذج وقصصا تؤكد نقص الوعي لدى المجتمع بأهمية الآثار والمواقع السياحية. \nواستهلت الجلسة الثانية أعمالها بحديث للدكتور عبدالعزيز الغزي رئيس الجلسة أستاذ الآثار في جامعة الملك سعود، قدم خلاله المتحدثين في الجلسة، وفي مقدمتهم الدكتور نبيل كرفس من الجزائر، الذي استعرض الإجراءات القانونية والوقائية للحفاظ على المعالم السياحية في الجزائر، وجهود الدولة في سن قوانين للمحافظة عليها وترميمها، مؤكداً أن الإجراءات الوقائية للآثار أهم عوامل تحقيق الأمن لها. \nوسلطت ورقة العمل التي قدمها اللواء الدكتور مساعد اللحياني الضوء على جريمة حرق الآثار، وأنواع الحرائق التي تتعرض إليها وتعريفها، ومدى خطورتها التي تصل إلى قدرتها على طمس الآثار وإخفائها نهائياً، موصياً بضرورة إنشاء شرطة سياحية في كل منطقة، تستطيع الإلمام بالمناطق الأثرية، والتعامل مع حفظ أمنها بدءاً من مراقبتها، وتزويدها بوسائل السلامة المتطورة. \nواختتم الجلسة وكيل كلية إدارة الأعمال للتطوير والجودة في جامعة شقراء الدكتور مسلط الشريف ببحث عن المخاطر الإدارية على أمن وسلامة الآثار والمنشآت السياحية في المملكة، مبيناً أن إدارة المخاطر جزء لا يتجزأ من الإدارة الاستراتيجية، عادّه فرعا من أفرعها، ومقترحاً تصورا يمكن من خلاله تطبيق الإدارة الاستراتيجية في المنشآت السياحية، باستخدام مدخل النظم للاستفادة منه في توفير أمن وسلامة الآثار والمنشآت السياحية. \nمن جهة أخرى، زار المشاركون في الملتقى عدة مواقع سياحية وتاريخية واطلعوا على أماكن التراث العمراني في المحافظة التي تبرز فن العمارة القديم في الحجاز. \nوشملت الجولة المساجد التاريخية \"مسجد الصحابي الجليل عبدالله بن عباس، ومسجد عداس، ومسجد الكوع، ومسجد القنطرة ومركز الشفا السياحي ومتنزهات عرضه والحدبان وجبل دكا الردف، وقصر شبرا وبقايا سور الطائف القديم، وبعض المنازل القديمة كبيت الكاتب وبيت الكعكي في حي السلامة\". ",
    "date_extracted": "2015-08-06 08:08:52"
}