{
    "url": "http://www.aleqt.com/2015/08/06/article_979417.html",
    "title": "مطبخ «دواجن الوطنية» وجهة الذواقة من زوار   مهرجان أبها للتسوق 1436هـ",
    "author": "",
    "content": " كرم الأمير فيصل بن خالد أمير منطقة عسير شركة «دواجن الوطنية» لرعايتها مهرجان أبها للتسوق 1436هـ ورعايتها الأسر المنتجة في عسير وذلك خلال الحفل الذي أقيم بمناسبة انطلاقته في مركز المعارض وتشارك «دواجن الوطنية» كراع غذائي للمهرجان للسنة السادسة على التوالي. كما تقيم «دواجن الوطنية» هذا العام فعاليات متنوعة في معرضها الذي يمتد على مساحة 130 مترا مربعا تضمن عروض طبخ شهية من المطابخ العالمية يقدمها يوميا شيف مطبخ دواجن الوطنية يتشارك فيه خبراته مع زوار المعرض كما تم تخصيص ركن للأطفال الموهوبين في فن الرسم والتلوين ليمارسوا هوايتهم بالأدوات والإمكانات التي وفرتها الشركة للأطفال، إضافة للهدايا التشجيعية التي يحصلون عليها في هذا الركن والتي تشجعهم لتنمية هذه الموهبة. وفي ركن التحدي تقام المسابقات الكبرى اليومية في لعبة تحدي بيض الوطنية الإلكترونية التي يتنافس فيها الأبطال لجمع أكبر عدد ممكن من البيض ويحصل الفائزون على جوائز قيمة يومية. \nوفي جانب آخر من المعرض ترعى دواجن الوطنية الأسر المنتجة في منطقة عسير التي تشارك في هذا المهرجان بالتعاون مع الهيئة العامة للسياحة والتراث الوطني ومجلس التنمية السياحية وبرنامج بارع في منطقة عسير، وتقدم دواجن الوطنية الدعم الكامل للأسر المنتجة بتجهيز أجنحة خاصة بهم، كذلك المشاركة في الترويج لمنتجاتهم من خلال المنظمين للمهرجان ويأتي هذا الدعم ضمن برامج المسؤولية الاجتماعية التي تتبناها الشركة ضمن استراتيجيتها العامة لدعم برامج التنمية المجتمعية. ",
    "date_extracted": "2015-08-06 08:08:50"
}