{
    "url": "http://www.aleqt.com/2015/08/05/article_979321.html",
    "title": "أمريكا نفذت أول ضربة جوية في سوريا انطلاقا من تركيا",
    "author": "واشنطن : رويترز",
    "content": " أفادت شبكة (سي.إن.إن) نقلا عن مسؤولين أمريكيين في مجال الدفاع اليوم الأربعاء القول إن الولايات المتحدة نفذت أول ضربة جوية مميتة في شمال سوريا انطلاقا من قاعدة بجنوب تركيا. \nوكانت تركيا قد وافقت الشهر الماضي على السماح للولايات المتحدة بشن ضربات ضد متشددي الدولة الإسلامية انطلاقا من قاعدة عسكرية في تركيا قريبة من الحدود السورية. ",
    "date_extracted": "2015-08-06 01:28:15"
}