{
    "url": "http://www.aleqt.com/2015/08/05/article_979216.html",
    "title": "مؤشر نيكي للأسهم اليابانية يصعد مدعوما بأرباح ايجابية لكن سهم تويوتا يهبط",
    "author": "طوكيو: واس",
    "content": " ارتفعت الاسهم اليابانية في التعاملات الصباحية اليوم, مدعومة بمكاسب لأسهم شركات التشييد والتطوير العقاري بفعل ارباح ايجابية لكن سهم تويوتا موتور واسهم شركات اخرى مرتبطة بالنشاط الاقتصادي خالفت اتجاه السوق وسط مخاوف من تباطؤ النمو العالمي. \nوأنهى مؤشر نيكي القياسي لأسهم الشركات اليابانية الكبرى جلسة التداول الصباحية ببورصة طوكيو مرتفعا 0.79 بالمئة عند 20682.66 نقطة, في حين صعد مؤشر توبكس الاوسع نطاقا 0.78 بالمئة الي 1672.80 نقطة. \nوارتفعت اسهم القطاع العقاري 3.1 بالمئة واسهم قطاع التشييد 2.1 بالمئة بعد ارباح ايجابية اعلنتها بضع شركات عززت اجواء التفاؤل بشان القطاعين. \nلكن سهم تويوتا موتور هبط 2.07 بالمئة رغم اعلان أكبر شركة يابانية لصناعة السيارات عن ارباح قياسية في الربع الثاني من العام مع حذر المستثمرين بشان التوقعات لمبيعاتها في الاسواق العالمية وخصوصا السوق الصيني. ",
    "date_extracted": "2015-08-06 01:27:13"
}