{
    "url": "http://www.aleqt.com/2015/08/06/article_979373.html",
    "title": "«الأسهم الخليجية» تتعافى بفعل استقرار «خام برنت» فوق 50 دولارا",
    "author": "«الاقتصادية» من الرياض",
    "content": " ارتفعت معظم أسواق الأسهم الخليجية، أمس، بعدما استقر خام القياس العالمي مزيج نفط برنت فوق 50 دولارا للبرميل وسجلت داماك العقارية في دبي نموا قويا في الأرباح لتطلق عمليات شراء في بورصة الإمارة. \nوارتفع مؤشر سوق دبي 1.7 في المائة مع صعود سهم داماك العقارية بالحد الأقصى اليومي 15 في المائة، مسجلا ارتفاعا قياسيا عند 3.68 درهم وشكل نحو ثلث إجمالي قيم التداول في السوق، وفقا لـ\"رويترز\". \nوقالت داماك إن أرباحها في الربع الثاني زادت بأكثر من ثلاثة أمثالها إلى 1.42 مليار درهم (387 مليون دولار)، وأعلنت الشركة عن توزيعات أرباح نقدية بواقع 10 في المائة من رأس المال إضافة إلى أسهم منحة بواقع 10 في المائة أيضا. ويبدو أن أداء سهم داماك حفز صعودا جديدا للأسهم المرتبطة بالقطاع العقاري بفعل المضاربات. \nوقفز سهم شركة الرهن العقاري أملاك للتمويل أيضا بالحد الأقصى اليومي 15 في المائة، بينما ارتفع سهم أرابتك القابضة للبناء 6.6 في المائة. \nوزاد سهم شركة الإمارات للاتصالات المتكاملة (دو) ثاني أكبر مشغل لخدمات الاتصالات في دولة الإمارات العربية المتحدة 1.7 في في المائة، بعدما سجلت الشركة انخفاضا بلغ 8 في المائة في صافي ربح الربع الثاني من العام لكنه جاء متوافقا مع توقعات المحللين. \nوارتفع المؤشر العام لسوق أبوظبي 0.6 في المائة مع صعود سهم دانة غاز للطاقة 5.6 في المائة، فيما هبط السهم في وقت سابق 18 في المائة من ذروة صعوده في تموز (يوليو) متأثرا بضعف أسعار النفط. \nوفيما يتعلق ببورصة قطر، فقد صعد مؤشر البورصة 0.2 في المائة متخلفا عن سوقي الإمارات لأسباب من بينها الخليج الدولية للخدمات التي تراجع سهمها 1.8 في المائة، حيث سجلت الشركة انخفاضا بلغ 9.2 في المائة في أرباح الربع الثاني للعام إلى 249.7 مليون ريال (68.6 مليون دولار) دون تقديرات قطر الوطني للخدمات المالية التي توقعت ربحا قدره 279 مليون ريال. \nفيما تراجعت مؤشرات البورصة المصرية بشكل جماعي لدى إغلاق تعاملات أمس، نظرا لاعتبار جلسة اليوم عطلة رسمية بمناسبة الاحتفال بافتتاح قناة السويس الجديدة. \nوخسر رأس المال السوقي لأسهم الشركات المقيدة نحو 2.3 مليار جنيه من قيمته، ليصل إلى 495 مليار جنيه، بعد تداولات بلغت 1.3 مليار جنيه منها 760 مليون جنيه تعاملات سوق السندات. \nوهبط مؤشر البورصة الرئيسي \" إيجي إكس 30 \" بنسبة 0.83 في المائة مسجلا 8114.08 نقطة، فيما هبط مؤشر الأسهم الصغيرة والمتوسطة \" إيجي إكس 70 \" بنسبة 1.57 في المائة منهيا التعاملات عند مستوى 456.24 نقطة. \nوامتدت التراجعات إلى مؤشر \" إيجي إكس 100 \" الأوسع نطاقا ليخسر ما نسبته 0.48 في المائة من قيمته منهيا الأسبوع عند 943.86 نقطة. ",
    "date_extracted": "2015-08-06 08:08:36"
}