{
    "url": "http://www.aleqt.com/2015/08/06/article_979361.html",
    "title": "«العالم الإسلامي»: تصريحات المالكي ضد السعودية تغذي التطرف والإرهاب والطائفية",
    "author": "«الاقتصادية» من الرياض",
    "content": " دانت رابطة العالم الإسلامي التصريحات الطائفية التي صدرت عن نوري المالكي نائب رئيس العراق، وعدتها تصريحات تغذي التطرف والإرهاب والطائفية المقيتة. \nجاء ذلك في البيان الذي أصدره الدكتور عبدالله التركي، الأمين العام للرابطة، وقال فيه: إن رابطة العالم الإسلامي تابعت بأسى التصريحات التي صدرت عن نائب الرئيس العراقي نوري المالكي ضد المملكة، واتهامه لها بتغذية الإرهاب والتطرف، التي عبرت بكل وضوح عن الحقد الطائفي لدى المالكي، الذي يعبر بلسان المدّ الصفوي المعروف بإشعال الفتنة في أرجاء وطننا العربي والإسلامي. \nواستنكر التركي هذه التصريحات غير المسؤولة وصدورها من مسؤول في العراق الذي طالما وقفت المملكة بجانبه في أحلك الظروف، استجابة لنداء العروبة والإسلام. \nوأوضح أن هذه التصريحات والإساءات توقد نار الطائفية وتشعل فتيل التطرف وتحقق رغبات أعداء الأمة في مزيد من تمزيقها وتفريقها، مؤكداً على أنه يجب على العلماء والمفكرين والمثقفين الرد على هذه الإساءات وبيان زيفها، وأن الواجب على الحكومة العراقية أن تراعي حقوق الجوار وأن تسعى لإخماد الفتنة بدلا من إشعالها. \nوقال الدكتور التركي إن السعودية عانت من التطرف والتفجيرات والتخريب، لكنها بفضل الله تخلصت من هذه الآفة الخطيرة بجهودها الأمنية والفكرية، حيث نشرت الوعي الوسطي بين الناس وبخاصة فئة الشباب، وأقامت الندوات والمؤتمرات التي بينت خطر الإرهاب والتطرف على وحدة الأمة واستقرارها، ولاحقت المتطرفين والمشبوهين والمخربين والعملاء الذين كانوا وراء هذه العمليات الإرهابية، مشيرا إلى أنه إذا أرادت أي دولة أن تقضي على الإرهاب والتطرف في أراضيها فعليها أن تستفيد من تجربة المملكة في محاربته والقضاء عليه. وأفاد أن التفسير الوحيد لهذه الحملات المسعورة والإساءات المتكررة من المالكي وغيره من أصحاب الأقلام المأجورة، هو معارضتهم السياسة الحكيمة التي تنتهجها حكومة خادم الحرمين الشريفين الملك سلمان بن عبدالعزيز تجاه قضايا الأمة المصيرية، وحمل لواء العدل والوقوف مع المظلوم والأخذ على يد الظلمة أينما كانوا وحيثما وجدوا. \nوأشار الدكتور التركي إلى أن احتضان المملكة للحرمين الشريفين وخدمتهما ورعاية الحجاج والمعتمرين، وتبنيها قضايا الأمة الإسلامية، جعلها مهوى أفئدة المسلمين، وأصبح المسلمون بفضل الله يرون فيها الركن الرشيد والحصن المتين لهم، ومما زاد حنق أعداء الإسلام والإنسانية على المملكة هو التفاف الأمة الإسلامية حولها بعد مجريات الأحداث الأخيرة عندما أخذت المملكة زمام المبادرة في نصرة أشقائها في اليمن والوقوف مع حكومته الشرعية وردع الخارجين عليها والمتآمرين ضد الشعب اليمني من قوى الشر الخارجية. وأكد أن المكانة التي تبوأتها المملكة استفزت الحاقدين والكائدين لها وأصابت أعداء الأمة في مقتل، فتخبط القوم وفقدوا توازنهم فسقطت أقنعتهم وتلعثمت ألسنتهم وتكسرت أقلامهم وانكشف زيفهم، وعرفت الأمة حقدهم وعمالتهم. ",
    "date_extracted": "2015-08-06 08:08:55"
}