{
    "url": "http://www.aleqt.com/2015/08/06/article_979446.html",
    "title": "كيري «المحظوظ» يستبدل بالعكازين عصا توارثتها عائلة كنيدي",
    "author": "«الاقتصادية» من الرياض",
    "content": " استبدل وزير الخارجية الأمريكي جون كيري أمس، بالعكازين اللذين كان يستخدمهما منذ أن كسرت ساقه في حادث دراجة في أيار (مايو)، عصا يد فضية استخدمها سابقا أفراد من عائلة كنيدي، من بينهم الرئيس السابق جون كنيدي وأبوه جوزيف. \nوظهر كيري وهو يتكئ على العصا في اجتماعات مع نظرائه برابطة دول جنوب شرق آسيا في ماليزيا. وقال إنه استعارها من فيكي كنيدي أرملة السناتور تيدي كنيدي. \nوقال كيري مازحا في بداية أحد الاجتماعات في كوالالمبور \"هذه العصا لها تاريخ\". \nوقال \"هذه العصا تعود إلى السفير جوزيف بي. كنيدي في إنجلترا أثناء الحرب، وبعد الحرب استخدم الرئيس كنيدي ــ قبل أن يصبح رئيسا ــ هذه العصا عندما كان ظهره يؤلمه بعد الحرب\". \nوتابع قائلا \"ثم آلت إلى تيدي كنيدي الذي قصم ظهره\"، مضيفا أن تيدي كنيدي أعاره العصا مرتين في السابق حين أجرى عملية في ركبته. \nوقال \"لذلك عندما سمعت أرملته فيكي كنيدي أنني أصبت بكسر في ساقي علمت أنني سأحتاج إلى العصا\". \nوأضاف \"أعارتها لي. وها هي. إنها المرة الثالثة التي استخدمها. ثلاث مرات لحسن الحظ .. دون كسور صعبة\". \nوأصيب كيري ــ الشغوف بالرياضة ــ بكسر في ساقه اليمنى في حادث أثناء ركوب الدراجة ضمن جزء من مسار سباق فرنسا للدراجات بالقرب من كيونزير في فرنسا يوم 31 أيار (مايو). ",
    "date_extracted": "2015-08-06 08:08:16"
}