{
    "url": "http://www.aleqt.com/2015/08/05/article_979208.html",
    "title": "السماح لأول عقار بالطباعة الثلاثية الأبعاد",
    "author": "«الاقتصادية» من الرياض",
    "content": " وافقت إدارة الغذاء والدواء الأمريكية على أول عقار أنتج بتقنية الطباعة ثلاثية الأبعاد، ما يمهد السبيل لاحتمال تعديل إنتاج العقاقير حسب طلب المريض. \nوقالت الشركة الخاصة أبريشيا للمستحضرات الدوائية، أمس الأول، إن العقار أجيز لاستخدامه عن طريق الفم كعلاج إضافي مساعد لعلاج الصرع. \nوتمت الاستعانة بتقنية شركة أبريشيا التي تتيح إنتاج جرعات مقننة من العقار تذوب في الفم مع رشفة من أي سائل. وتسمح الطباعة الثلاثية الأبعاد للشركات بإنتاج عقاقير حسب مواصفات المريض، بدلا من فرض صورة معينة من العقار. \nوتعد هذه التقنية أحد أشكال ما يعرف باسم \"تكنولوجيا التصنيع بالإضافة\"، حيث يتم تكوين جسم ثلاثي الأبعاد بوضع طبقات رقيقة متتالية من مادة ما فوق بعضها بعضا، ما يتيح القدرة على طباعة أجزاء متداخلة معقدة التركيب. \nوفي مجال الرعاية الصحية استعان الباحثون بتقنية الطباعة الثلاثية الأبعاد بالفعل في المجال الطبي، لتشكيل عدد من أجزاء الجسم، منها على سبيل المثال الأسنان وعظام الفك والفخذ والأجهزة السمعية وغيرها. \nواستحدث علماء بريطانيون استخداما جديدا للطباعة الثلاثية الأبعاد لإنتاج نماذج طبق الأصل من الأجزاء المصابة بمرض السرطان في الجسم، ما يسمح للأطباء باستهداف الأورام الخبيثة بدقة أكثر. ",
    "date_extracted": "2015-08-06 01:28:56"
}