{
    "url": "http://www.aleqt.com/2015/08/05/article_979257.html",
    "title": "زجاج تعلن عن نتائج اجتماع الجمعية العامة الغير عادية",
    "author": "الاقتصادية الإلكترونية من الرياض",
    "content": " أعلنت شركة الصناعات الزجاجية الوطنية ( زجاج ) نتائج اجتماع الجمعية العامة الغير عادية العاشرة والتي عقدت في تمام الساعة 18:00 يوم الثلاثاء بتاريخ 19/10/1436هـ الموافق04/08/2015م بمقر الشركة بشارع الستين بالرياض للمرة الثانية بعد اكتمال النصاب القانوني وهو 25% من رأس مال الشركة حيث كانت نتائج التصويت على جدول أعمال الجمعية على النحو التالي: \n1. الموافقة على شراء شركة الصناعات الزجاجية الوطنية حصة الشركاء في الشركة السعودية الوطنية للإنارة والكهرباء (سانلك) شركة ذات مسئولية محدودة والبالغة 50%من من رأس مال الشركة بقيمة رمزية وقدرها (20) عشرون الف ريال اضافة الى ( 15.4) خمسة عشر مليون وأربعمائة الف ريال سعودي وهو ما يمثل التزامات الشركاء المالية لدى كل من صندوق التنمية الصناعي بمبلغ (6) ستة ملايين ريال وبنك تجاري بمبلغ (9.4) تسعة ملايين واربعمائة الف ريال وتحويل السجل التجاري رقم (2257033277) وتاريخ 07/09/1427 إلى فرع لشركة الصناعات الزجاجية الوطنية (زجاج) مع الاحتفاظ برقم السجل التجاري وتاريخه . \n2. تفويض مجلس الإدارة باتخاذ الأجراء اللازم والتوقيع على كافة المستندات المتعلقة بعملية شراء الحصص لتصبح فرع من شركة الصناعات الزجاجية الوطنية ( زجاج ) مع الاحتفاظ بنفس رقم السجل التجاري . \n3. الموافقة علي تفويض مجلس الإدارة بتوزيع ارباح نصف سنوية اعتبارا من عام 2015م . ",
    "date_extracted": "2015-08-06 01:28:00"
}