{
    "url": "http://www.aleqt.com/2015/08/06/article_979364.html",
    "title": "345 مليون درهم تصرفات العقارات   في دبي .. و«جبل علي» تتصدر",
    "author": "«الاقتصادية» من الرياض",
    "content": " حققت التصرفات العقارية في دائرة الأراضي والأملاك في دبي أكثر من 345 مليون درهم، حيث سجلت الدائرة، أمس، 91 مبايعة بقيمة 138 مليون درهم منها 58 مبايعة للأراضي بقيمة 95 مليون درهم و33 مبايعة للشقق والفلل بقيمة 43 مليون درهم. \nوتصدرت منطقة جبل علي الأولى المناطق من حيث عدد المبايعات، إذ سجلت 13 مبايعة بقيمة 52 مليون درهم تلتها منطقة الثنية الخامسة بتسجيلها أربع مبايعات بقيمة 15 مليون درهم وثالثة في ورسان الأولى بتسجيلها ثلاث مبايعات بقيمة خمسة ملايين درهم. \nوفيما يتعلق بأهم مبايعات الشقق والفلل، فقد جاءت مبايعة بقيمة 5.5 مليون درهم بمنطقة برج خليفة كأهم المبايعات تلتها مبايعة بقيمة أربعة ملايين درهم في منطقة الخليج التجاري، ومبايعة بقيمة مليوني درهم في منطقة مرسى دبي. \nوقد تصدرت منطقة الثنية الخامسة المناطق من حيث عدد مبايعات الشقق والفلل، إذ سجلت أربع مبايعات بقيمة خمسة ملايين درهم تلتها منطقة ورسان الأولى بتسجيلها أربع مبايعات بقيمة ثلاثة ملايين درهم وثالثة في جبل علي الأولى بتسجيلها أربع مبايعات بقيمة ثلاثة ملايين درهم. \nوسجلت الرهونات قيمة قدرها 207 ملايين درهم منها 16 رهن أراض بقيمة 183 مليون درهم و18 رهن فلل وشقق بقيمة 24 مليون درهم، وكان أهمها في منطقة الروية الأولى بقيمة 135 مليون درهم وأخرى في منطقة معيصم الأول بقيمة تسعة ملايين درهم. \nوكانت دائرة الأراضي والأملاك في دبي، أفادت بأن السوق العقارية في الإمارة تمكنت من استقطاب 19 ألفا و848 مستثمرا ينتمون إلى 142 جنسية، خلال الأشهر الستة الأولى من العام الجاري، حيث بلغت قيمة الاستثمارات العقارية للنصف الأول من العام الجاري، 53 مليار درهم. وحسب التقرير، فقد أظهر المستثمرون الخليجيون نشاطا متميزا في النصف الأول، إذ بلغ إجمالي قيمة استثمارات 3926 مستثمرا بمن فيهم مواطنو الدولة، 17 مليار درهم في هذه الفترة. \nوأوضح أن المستثمر المواطن حافظ على ترتيبه في المرتبة الأولى في هذه الفئة من حيث العدد والقيمة، بواقع 2130 صفقة بقيمة 11.494 مليار درهم، فيما حل المستثمرون السعوديون في المرتبة الثانية لاستثمارهم في 999 صفقة بلغت قيمتها 3.174 مليار درهم، في حين جاء الكويتيون في المرتبة الثالثة، وتلاهم القطريون والبحرينيون والعمانيون. ",
    "date_extracted": "2015-08-06 08:07:55"
}