{
    "url": "http://www.aleqt.com/2015/08/04/article_978814.html",
    "title": "هبوط البورصة اليونانية 16 % في أول يوم تداول .. والبورصات الأوروبية مستقرة",
    "author": "«الاقتصادية» من الرياض",
    "content": " سجلت سوق الأسهم اليونانية هبوطا حادا أمس بعد إغلاقها على مدى خمسة أسابيع نتيجة القيود الرأسمالية التي فرضتها الحكومة اليونانية لوقف تدفق اليورو إلى خارج البلاد. \nووفقا لوكالة \"رويترز\" أظهرت بيانات غير رسمية أن المؤشر الرئيسي للبورصة هبط 16.2 في المائة في ختام التعاملات. وهوى مؤشر أسهم المصارف 30 في المائة مسجلا الحد الأقصى اليومي للتقلب في البورصة مع اشتداد عمليات البيع وغياب المشترين. \nوكانت آخر جلسة لسوق الأسهم قبل الإغلاق هي جلسة 26 من حزيران (يونيو) الماضي. وعلى أثر ذلك تراجع اليورو مقابل الدولار أمس متخليا عن مكاسبه المبكرة مع تهاوي سوق الأسهم اليونانية إثر غلقها لخمسة أسابيع بفعل المخاوف من أن البلد كان على وشك الطرد من منطقة اليورو. \nونزل اليورو إلى 1.0957 دولار بعد أن سجل 1.0990 دولار في أوائل معاملات لندن مع تأهب معظم المستثمرين لخسائر ضخمة في الأسهم اليونانية. لكن حدت من خسائر العملة الموحدة بيانات تظهر نمو النشاط الصناعي في منطقة اليورو أسرع من التقديرات السابقة في تموز (يوليو) ليتحول التركيز إلى البيانات الأمريكية. \nوقال يوجيرو جوتو محلل أسواق الصرف في نومورا \"التراجع في سوق الأسهم اليونانية وضع اليورو تحت ضغط بسيط .. لكن الكثير سيتوقف على البيانات الأمريكية ومعظم المستثمرين يريدون المحافظة على مراكز دائنة في الدولار مقابل اليورو.\" \nوسجل مؤشر الدولار الذي يقيس أداء العملة الأمريكية أمام سلة من العملات 97.381 أمس بارتفاع طفيف عن الإغلاق السابق لكن أقل بكثير من ذروته في أسبوع 97.773 التي سجلها يوم الخميس الماضي. وارتفع الدولار 0.2 في المائة أمام الين إلى 124.17 ين. وتراجع الدولار الأسترالي إلى 0.7290 دولار أمريكي متأثرا بمسح رسمي أظهر ركودا مفاجئا لنمو الشركات الصناعية الصينية الكبيرة في تموز (يوليو) بفعل تراجع الطلب في الداخل والخارج. وينظر إلى العملة الأسترالية عادة كأداة عالية السيولة للانكشاف على الصين. وعل صعيد الأسهم الأوروبية فقد استقرت في التعاملات المبكرة أمس إذ طغى تأثير النتائج القوية من بنك إتش. إس. بي. سي وكوميرتس بنك على تأثير البيانات الاقتصادية الضعيفة من الصين. وارتفع المؤشر يوروفرست 300 لأسهم الشركات الأوروبية الكبرى 0.3 في المائة في حين استقر مؤشر يورو ستوكس 50 للأسهم القيادية في منطقة اليورو. وارتفع سهم إتش. إس. بي. سي 1.5 في المائة بعد أن أعلن البنك ارتفاع أرباحه في النصف الأول من العام وبيع وحدته في البرازيل لـ\"بانكو براديسكو\" مقابل 5.2 مليار دولار. \nكما صعد سهم كوميرتس بنك بعد إعلان البنك نمو أرباحه في حين انخفضت أسهم شركات التعدين بعد بيانات من الصين - أكبر دولة مستهلكة للمعادن في العالم - تبين انكماش أنشطة المصانع في البلاد. وفي أنحاء أوروبا تراجعت المؤشرات فاينانشيال تايمز 100 البريطاني وكاك 40 الفرنسي وداكس الألماني 0.1 في المائة عند الفتح. \nأما الأسهم الأمريكية فتحت على ارتفاع طفيف أمس مع صدور بيانات أظهرت ارتفاع إنفاق المستهلكين في حزيران (يونيو) بأقل وتيرة في أربعة أشهر وهو ما يعزز التوقعات بأن يتمهل مجلس الاحتياطي الاتحادي (البنك المركزي الأمريكي) في رفع أسعار الفائدة. وارتفع المؤشر داو جونز الصناعي 9.15 نقطة أو 0.05 في المائة إلى 17699.01 نقطة وزاد المؤشر ستاندرد آند بورز 500 بمقدار 1.39 نقطة أو 0.07 في المائة إلى 2105.23 نقطة وصعد المؤشر ناسداك المجمع 9.11 نقطة أو 0.18 في المائة إلى 5137.39 نقطة. وفي دوائر الأسهم اليابانية فقد شهدت انخفاضا ملحوظا في ختام التعاملات أمس وتوقفت موجة الصعود التي شهدها المؤشر نيكاي على مدى ثلاثة أيام إذ لم تبدد بيانات أرباح الشركات التي جاءت معظمها إيجابية المخاوف المتنامية بشأن تباطؤ اقتصاد الصين. ونزل مؤشر نيكاي القياسي بما يصل إلى 0.9 في المائة ولكنه قلص خسائره بفضل عمليات شراء في أواخر الجلسة وأغلق منخفضا 0.2 في المائة إلى 20548.11 نقطة. \nوأغلق مؤشر توبكس الأوسع نطاقا مستقرا عند 1659.60 نقطة. ",
    "date_extracted": "2015-08-04 18:33:04"
}