{
    "url": "http://www.aleqt.com/2015/08/06/article_979410.html",
    "title": "إلزام فنادق ووحدات سكنية بإعادة مبالغ لنزلاء تضرروا من رفع الأسعار",
    "author": "«الاقتصادية» من الرياض",
    "content": " ألزمت الهيئة العامة للسياحة والتراث الوطني، بإعادة مبالغ مالية لنزلاء في عدد من منشآت الإيواء السياحي (الفنادق والوحدات السكنية المفروشة) في منطقة عسير، بعد قيامهم برفع الأسعار عن التسعيرة المعتمدة لمنشآت الإيواء حسب التصنيف المعتمد من قبل الهيئة. \nوقال المهندس محمد العمرة مدير عام فرع الهيئة في منطقة عسير إن الأسعار تُحدد، وفقاً للائحة الهيئة والاشتراطات والمتطلبات، مشيراً إلى أن متوسط أسعار الوحدات السكنية المفروشة يبلغ 300 ريال. \nمن جهة أخرى، بلغت نسبة إشغال منشآت الإيواء السياحي (الفنادق والوحدات السكنية المفروشة)، في منطقة عسير 90 في المائة، مسجلة ارتفاعاً خلال الفترة القصيرة الماضية، التي تشهد فيها المنطقة أجواء ماطرة وجاذبة، بجانب الفعاليات المنوعة التي تشهدها المنطقة في مهرجان أبها يجمعنا 1436هـ. \nوكثف فرع الهيئة بالمنطقة جولاته على المنشآت والنزل السياحية، التي يزيد عددها على ألف منشأة في المنطقة، للتأكد من التزامها بالاشتراطات والمعايير المنظمة للعمل في مجال الإيواء السياحي، بما فيها أسعار السكن. \nوأوضح العمرة، أن إدارة التراخيص نفذت 12 جولة خلال 45 يوماً، نتج عنها رصد 211 محضر ضبط واستدعاءٍ لملاك ومسؤولي منشآت مخالفة، لم يتقيدوا بالأسعار المعتمدة لمنشآتهم في مختلف الخدمات، أو إهمال تعليق قائمة الأسعار، أو مزاولة النشاط قبل الحصول على الترخيص، خصوصاً للمنشآت التي تعمد لمزاولة الاستثمار السياحي في المواسم فقط. ",
    "date_extracted": "2015-08-06 08:08:26"
}