{
    "url": "http://www.aleqt.com/2015/08/05/article_979146.html",
    "title": "«ستاندارد آند بورز» قد تخفض تصنيف الاتحاد الأوروبي بسبب اليونان",
    "author": "«الاقتصادية» من الرياض",
    "content": " أعلنت وكالة التصنيف الائتماني \"ستاندارد آند بورز\" أنها خفضت الآفاق الاقتصادية للاتحاد الأوروبي من مستقرة إلى سلبية، بعد دعم التكتل لليونان وقرار بريطانيا إجراء استفتاء على البقاء في الاتحاد، ما يعني احتمال خفض درجة تصنيف الاتحاد. وبررت وكالة التصنيف الائتماني في بيان هذا التغيير بالأزمة اليونانية وخصوصا التعهدات التي قطعها الاتحاد لتجنيب أثينا فشل قد تكون نتائجه مضرة بمنطقة اليورو. \nوقالت الوكالة في البيان الذي نقلته وكالة الأنباء الفرنسية إن \"استخدام الاتحاد الأوروبي باستمرار أمواله لمساعدة دول أعضاء تنطوي على مجازفة (بما فيها اليونان أخيرا) دون أن ترتكز على أسس\"، هو أحد الأسباب التي دفعتها إلى اتخاذ هذا القرار. وألمحت الوكالة الأمريكية إلى أن اليونان لن تتمكن من احترام ديونها حيال الاتحاد الأوروبي، بدون أن تقول ذلك صراحة. \nوقالت إن الاتحاد الأوروبي سيقدم قروضا خاسرة للمرة الأولى في إطار \"خطة يونكر\" للإنعاش الاقتصادي التي قدمت في نهاية 2014. \nوتهدف هذه الخطة التي تحمل اسم رئيس المفوضية الأوروبية الحالي جان كلود يونكر، إلى تحريك 315 مليار يورو من الاستثمارات في السنوات الثلاث المقبلة. \nوقالت الوكالة إنها تشعر بالقلق أيضا من احتمال خروج بريطانيا من الاتحاد الأوروبي على أثر الاستفتاء الذي أعلن عنه في 2016، إذ إن فرنسا وألمانيا وبريطانيا هي أكبر الدول المساهمة في ميزانية الاتحاد، بنسبة 70 في المائة. \nوأضافت أن كل هذه العوامل تشير إلى احتمال خفض درجة تصنيف الاتحاد في السنتين المقبلتين. ",
    "date_extracted": "2015-08-06 01:29:27"
}