{
    "url": "http://www.aleqt.com/2015/08/05/article_979277.html",
    "title": "تركيا: إنطلاق معركة شاملة ضد تنظيم  داعش قريبا",
    "author": "اسطنبول \"رويترز",
    "content": " قال وزير الخارجية التركي مولود تشاووش أوغلو اليوم إن مقاتلات وطائرات أمريكية بدون طيار ستصل قريبا إلى قواعد جوية تركية وإن معركة شاملة ضد تنظيم داعش ستنطلق قريبا. \nكانت تركيا قد وافقت رسميا نهاية الشهر الماضي على استخدام الطائرات الأمريكية وطائرات التحالف لقواعدها الجوية في قتال التنظيم. \nوقال تشاووش أوغلو لمؤسسة الاذاعة والتلفزيون التركية \"في إطار اتفاقنا مع الولايات المتحدة حققنا تقدما فيما يتعلق بفتح قواعدنا لاسيما انجرليك.\" \nوأضاف خلال زيارة إلى ماليزيا \"تصل طائرات أمريكية وطائرات أمريكية بدون طيار وسنشن قريبا معركة شاملة ضد الدولة الإسلامية سويا. ",
    "date_extracted": "2015-08-06 01:28:08"
}