{
    "url": "http://www.aleqt.com/2015/08/05/article_979238.html",
    "title": "برنت يرتفع فوق 50 دولارا للبرميل في التعاملات الاسيوية",
    "author": "سنغافورة :رويترز",
    "content": " صعدت اسعار خام برنت فوق حاجز 50 دولارا للبرميل في التعاملات الاسيوية اليوم الاربعاء متعافية من أدنى مستوياتها في عدة اشهر مع انتظار المستثمرين بيانات مخزونات النفط الامريكية لقياس الامدادات. \nوأخذت اسواق النفط وقفة لالتقاط الانفاس بعد ان هوت الاسعار حوالي 20 بالمئة في يوليو تموز بسبب تخمة المعروض. \nوواصلت منظمة اوبك ضخ الخام بمعدلات قياسية في يوليو تموز ولم يظهر انتاج النفط الصخري في الولايات المتحدة أي علامات على التراجع مع اضافة شركات التنقيب المزيد من منصات الحفر في الاسبوعين الماضيين. \nواثار اتفاق نووي تاريخي بين طهران والقوى العالمية مخاوف من عودة المزيد من النفط الايراني الي الاسواق وساعد القلق بشان نمو الطلب على الوقود ايضا في دفع اسعار النفط للانخفاض. \nوقال بن لوبرون محلل الاسواق في اوبشنز اكسبريس في سيدني \"السوق مازالت في مرحلة استيعاب انباء عودة ايران مع مزيد من الامدادات.\" \nوصعدت عقود برنت تسليم سبتمبر ايلول 36 سنتا الي 50.35 دولار للبرميل بحلول الساعة 0515 بتوقيت جرينتش بعد ان سجلت مكاسب بلغت واحدا بالمئة في الجلسة السابقة مواصلة التعافي من أدنى مستوى في ستة اشهر الذي هوت اليه يوم الاثنين. \nوارتفعت عقود الخام الامريكي 34 سنتا الي 46.08 دولار متعافية من ادنى مستوياتها في اربعة اشهر التي سقطت اليها يوم الاثنين. \nوقال معهد البترول الامريكي في وقت متأخر يوم الثلاثاء ان مخزونات النفط الخام التجارية في الولايات المتحدة هبطت 2.4 مليون برميل الاسبوع الماضي لتصل الي 459.7 مليون برميل في حين كانت توقعات المحللين تشير الي انخفاض قدره 1.5 مليون برميل. \nواضاف المعهد ان المخزونات في مركز تسليم العقود الاجلة في كاشينج بولاية اوكلاهوما انخفضت بمقدار 504 آلاف برميل. \nوتنتظر الاسواق التقرير الاسبوعي للمخزونات من ادارة معلومات الطاقة الامريكي والذي سيصدر في وقت لاحق اليوم. \nوقد يقيد صعود الدولار مكاسب اسعار النفط لانه يثني حائزي العملات الاخرى عن شراء السلع الاولية المقومة بالعملة الامريكية. \nوصعد الدولار امام الين الياباني واليورو في التعاملات الاسيوية اليوم الاربعاء بعد ان عبر دينيس لوكهارت رئيس بنك الاحتياطي الاتحادي في اتلانتا عن تأييده لزيادة لاسعار الفائدة الامريكية في سبتمبر ايلول. ",
    "date_extracted": "2015-08-06 01:27:57"
}