{
    "url": "http://www.al-jazirah.com/2015/20150721/fe4.htm",
    "title": "أهالي أشيقر يحتفلون بعيد الفطر المبارك ",
    "author": "أشيقر - عبدالله المقحم:",
    "content": "برعاية الشيخ عمر بن سليمان العبداللطيف وأولاده وبلدية أشيقر أقامت لجنة الاحتفالات حفل الأهالي السنوي لعيد الفطر المبارك 36 . وقد شرَّف الحفل محافظ شقراء الأستاذ محمد بن سعود الهلال والشيخ عمر بن سليمان العبداللطيف ورئيس مركز أشيقر الأستاذ عبدالله المغيرة وعدد من رؤساء المراكز والدوائر الحكومية بمحافظة شقراء ورؤساء المراكز المجاورة وجمع غفير ومتميز من الأهالي وضيوف الحفل والحضور. انطلق الحفل بالنشيد الوطني السعودي بعدها قدَّم عددٌ من الفتيان من نادي الحي بأشيقر افتتاح الحفل الذي بدأ بآيات من القرآن الكريم تلاها الطالب محمد أباحسين - أحد طلاب حلقات تحفيظ القرآن بأشيقر- بعد ذلك ألقى الدكتور عبدالله عثمان الخراشي كلمة الأهالي هنأ بها قيادة الوطن والجنود المرابطين على حدود الوطن, بعد ذلك ألقيت قصيدة عربية للدكتور حمد بن عبدالله المنصور ألقاها الشاب حسام العبداللطيف, تلا ذلك أوبريت (اللُّحمة) مشتملاً على تأكيد اللُّحمة الوطنية من كلمات وإعداد الأستاذ فهد الحسيني قدّمه مجموعة من أعضاء نادي الحي بأشيقر, بعدها قصيدة نبطية للشاعر فهد بن محمد السماعيل, ثم ألقيت كلمة اللجنة ألقاها رئيس لجنة الاحتفالات الأستاذ عبدالعزيز بن عبدالله المسند وتطرّق فيها إلى غرس مفهوم وطني بالاعتزاز بالدين والولاء للملك والانتماء للوطن، وأكّد على التصدي لكل من يحمل فكراً ضالاً وسلوكاً منحرفاً، تلا ذلك وقفة مع المنشد فهد مطر بشيلة خاصة عن أشيقر ثم عرض مرئي عن أشيقر من تنفيذ بلدية أشيقر ثم أبدع المنشد فهد مطر بشيلة وطنية، وفي ختام الحفل تناول الجميع طعام العشاء، ومن ثم قدّمت فرقة الدرعية العرضة السعودية وختم البرنامج بأمسية للمنشد فهد مطر. وفي لقاء مع رئيس لجنة الاحتفالات الأستاذ عبدالعزيز المسند أشاد بجهود أعضاء اللجان الذي نجم عنه تميز ونجاح الحفل وقدّم شكره وتقديره لهم وللمتعاونين مع اللجنة من الجهات الحكومية وأبناء أشيقر خلال فترة الاستعداد وأثناء الحفل. ",
    "date_extracted": "2015-07-21 12:31:17"
}