{
    "url": "http://www.al-jazirah.com/2015/20150721/ln62.htm",
    "title": "الرئيس الشيشاني زار المسجد النبوي وغادر جدة",
    "author": "المدينة المنورة - واس:",
    "content": "زار فخامة الرئيس رمضان أحمد قاديروف رئيس جمهورية الشيشان أمس المسجد النبوي بالمدينة المنورة، وأدى الصلاة فيه، وتشرف بالسلام على رسول الله صلى الله عليه وسلم وعلى صاحبيه رضوان الله عليهما. وكان في استقبال فخامته عند مدخل المسجد النبوي عدد من المسؤولين بوكالة الرئاسة العامة لشؤون المسجد النبوي وقوة أمن الحرم. وقد وصل الرئيس الشيشاني إلى المدينة المنورة في وقت سابق أمس وكان في استقباله بمطار الأمير محمد بن عبدالعزيز الدولي وكيل إمارة منطقة المدينة المنورة المساعد محمد بن مصطفى سيف، ومدير مكتب المراسم الملكية بالمدينة المنورة مشهور الحميًد وعدد من المسؤولين من مدنيين وعسكريين. وقد غادر فخامة الرئيس رمضان أحمد قاديروف رئيس جمهورية الشيشان جدة مساء أمس. وكان في وداع فخامته لدى مغادرته مطار الملك عبدالعزيز الدولي صاحب السمو الأمير سعود بن عبدالله بن منصور بن جلوي وكيل إمارة منطقة مكة المكرمة للشؤون الأمنية، ومعالي وزير الثقافة والإعلام الدكتور عادل بن زيد الطريفي الوزير المرافق، ومندوب عن المراسم الملكية. ",
    "date_extracted": "2015-07-21 12:33:38"
}