{
    "url": "http://www.al-jazirah.com/2015/20150722/ln37.htm",
    "title": "ولي ولي العهد يوجه بمعاملة الشهيد الفلاسي معاملة نظيره السعودي مادياً ومعنوياً",
    "author": "الجزيرة - واس:",
    "content": " ولي ولي العهدوجه صاحب السمو الملكي الأمير محمد بن سلمان بن عبدالعزيز ولي ولي العهد النائب الثاني لرئيس مجلس الوزراء وزير الدفاع بمعاملة الشهيد الرقيب أول سيف يوسف أحمد الفلاسي - رحمه الله - من القوة الإماراتية المشاركة في عمليات التحالف الذي استشهد أمس، معاملة الشهيد السعودي ماديًا ومعنويًا. وكانت قيادة القوات المشتركة لتحالف دعم الشرعية في اليمن قد أعلنت في بيان لها أمس استشهاد سيف يوسف أحمد الفلاسي برتبة ضابط صف - رحمه الله - من القوة الإماراتية المشاركة في عمليات التحالف أثناء أداء واجبه في الدفاع عن الشعب اليمني. ودعت القيادة الله سبحانه وتعالى أن يتقبله مع الشهداء ويسكنه فسيح جناته وأن يلهم ذويه الصبر والسلوان. ",
    "date_extracted": "2015-07-22 09:59:36"
}