{
    "url": "http://www.al-jazirah.com/2015/20150721/fe5.htm",
    "title": "محافظة الخرج تواصل احتفالاتها بالعيد وصيف الخرج 36 ورئيس هيئة الأمر بالمعروف يزور المهرجان ",
    "author": "",
    "content": "تتواصل احتفالات عيد وصيف الخرج 36 في يومها الرابع فعالياته بمشاركة فرقة ساوندز لاند الترفيهية، والتي قدمت مجموعة من الفقرات الترفيهية تخللها عدد من المشاركات للآباء وعدد من المسابقات للصغار والتي لاقت استحسان الجميع، كما قدمت الجوائز للمتسابقين ولزوار المهرجان، وقدم جميع الحضور تحية خاصة للجنود البواسل المرابطين بالحد الجنوبي بتحية جماعية لهم. كما زار المهرجان فضيلة الشيخ سعود العثمان رئيس هيئة الأمر بالمعروف والنهي عن المنكر، والذي كان في استقباله رئيس بلدية محافظة الخرج المهندس أحمد بن محمد البكيري، حيث تابع أعمال اللجان الأمنية والتي بين فيها فضيلته مدى التعاون بين الجهات الأمنية وحرصها على نجاح الفعاليات، وقدم شكره للقائمين في البلدية على الفعاليات والجهود المبذولة من الجميع من أجل الرقي بالمحافظة في شتى المجالات. كما أجرى المركز الإعلامي بالفعاليات عدداً من اللقاءات مع الزوار، والتي كانت فيها البداية مع أمجد علي من الجنسية الباكستانية والتي أبدى فيها رضاه رغم أنها الزيارة الأولى له للفعاليات، وتعاون المنظمين كون الفعالية تحوي العديد من الجاليات والمواطنين، والتقت أيضاً بنايف العتيبي والذي ذكر ضمن حديثه أن ما يميز الفعاليات الخصوصية وتقسيم الأماكن سواء المخصصة للنساء أو الرجال أو العوائل وكذلك اطمئنان رب الأسرة في وجود أسرته بقربه وفي الألعاب والقرب من المسرح، وأبدى محسن العتيبي أن المهرجان يشكل إضافة جديدة لما تقدمه البلدية من مجهودات، وتمنى أن تحظى منطقة الفعاليات أيضاً بمنطقة للألعاب المجانية، فيما قدم عفيف العنزي شكره للمنظمين في البلدية على الفعاليات المستمرة والتي يرى أن اللجنة المنظمة في كل عام تقدم برامج جديدة ومميزة لما تحظى فيها من كفاءات شابة مميزة، وأن تلك الفعاليات اقتصرت المسافة علينا للذهاب للمناطق الأخرى من أجل السياحة، والتقت اللجنة أيضاً بأحد الزوار من محافظة تبوك والتي يحضر في أيام الإجازات الرسمية لمحافظة الخرج ولوجود أقاربه حيث بيّن أن أبناءه في قمة السعادة ومطالباتهم اليومية لحضورهم لموقع الفعاليات لما يرونه من برامج ترفيهية وهادفة للطفل إضافة إلى الأماكن المهيأة للعائلات كما أوضح محمد إبراهيم من الجنسية المصرية أن سبب حضور العائلة هو استمتاعهم بالفعاليات وبالمكان ومتنفس لكل أفراد الأسرة. هذا، وفي نهاية الفعاليات تم السحب على مجموعة من الجوائز القيمة للحضور مقدمة من بلدية محافظة الخرج إضافة إلى تقديم العيديات وهدايا الترضية لأطفال محافظة الخرج. الجدير ذكره أن الفعاليات مستمرة باحتفالات عيد وصيف الخرج 36 وسيشارك في اليوم الرابع للفعاليات فرقة أزهار والتي ستبدأ بتقديم عروضها بعد صلاة العشاء. ",
    "date_extracted": "2015-07-21 20:08:14"
}