{
    "url": "http://www.al-jazirah.com/2015/20150721/ms3.htm",
    "title": "قرد يسرق 150 ألف روبية ويعطيها إلى الفقراء",
    "author": "نيودلهي - (د ب أ):",
    "content": "أفادت تقارير إخبارية أمس الاثنين بأن قرداً أمطر زوار معبد شمالي الهند بعشرات الآلاف من الروبيات بعدما سرقها من حقيبة امرأة. وذكرت صحيفة «ذا تايمز أوف إنديا» أن القرد انقض على المرأة (50 عاماً) التي كانت تسير مع أسرتها، وخطف حقيبتها في معبد بانكي بيهاري في بلدة فريندافان. وتسلق القرد إلى إفريز في المعبد، وفتح الحقيبة، وما هي إلا دقائق وبدأ نثر النقود فئة 500 روبية (8 دولارات تقريباً) في الهواء. ونثر القرد نحو 150 ألف روبية (2360 دولاراً)، حسب التقرير. وهرع الكثيرون من زوار المعبد وأطفال الشوارع الذين يتسولون خارج المعبد لجمع ما يمكنهم من الأموال المنثورة. أما المرأة، التي كانت في رحلة دينية مع زوجها وبناتها، فلم تستعد سوى مبلغ ضئيل من المال، حسبما ذكرت صحيفة «هندوستان تايمز». ولم تقدم المرأة شكوى لدى الشرطة لاعتقادها أن الفرصة ضعيفة في استعادة أموالها التي تعد مبلغاً كبيراً، ليس من المعتاد أن يحمله شخص بشكل نقدي في الهند. يُشار إلى أن القرود تمثل مصدراً للإزعاج في الكثير من المعابد الهندوسية؛ إذ تخطف الأغذية وغيرها من الزوار، لكنها بشكل عام تعامل برفق لاعتبارها من سلالة المعبود القرد هانومان. ",
    "date_extracted": "2015-07-21 12:31:50"
}