{
    "url": "http://www.al-jazirah.com/2015/20150721/sp15.htm",
    "title": "بلاتيني «يدرس جدياً» الترشح لانتخابات رئاسة الفيفا",
    "author": "زوريخ - (ا ف ب):",
    "content": "أعلن مصدر مقرَّب من الفرنس:ي ميشال بلاتيني رئيس الاتحاد الأوروبي لكرة القدم أن الأخير يدرس جدياً الترشح لانتخابات رئاسة الفيفا وأنه سيتخذ قراره في غضون أسبوعين. وقال المصدر لوكالة «فرانس برس» إن بلاتيني يدرس الترشح للانتخابات بعد تلقيه دعماً شفهياً من أربعة اتحادات قارية من أصل ستة. وقال المصدر «إنه (بلاتيني) يدرس جدياً فكرة الترشح للانتخابات. سيتخذ قراره في الأسبوعين المقبلين». وكان بلاتيني عدل عن الدخول في سباق انتخابات رئاسة الفيفا ضد السويسري جوزيف بلاتر التي أقيمت في 29 مايو الماضي. وتجتمع اللجنة التنفيذية للفيفا لتحديد موعد الجمعية العمومية غير العادية لانتخاب رئيس جديد خلفاً لبلاتر المستقيل من منصبه. وقدّم بلاتر استقالته من رئاسة الفيفا بشكل مفاجئ في الثاني من يونيو الماضي بعد أربعة أيام على فوزه بولاية خامسة على التوالي تحت وطأة فضائح الفساد المتتالية، ودعا إلى جمعية عمومية غير عادية لانتخاب رئيس جديد. وأوضح الفيفا في أكثر من مناسبة عقب ذلك أن موعد الجمعية العمومية سيكون بين ديسمبر 2015 فبراير 2016. ",
    "date_extracted": "2015-07-21 12:33:00"
}