{
    "url": "http://www.al-jazirah.com/2015/20150721/ln2.htm",
    "title": "محافظ ثادق يزور المستشفى ويعايد المرضى المنومين",
    "author": "ثادق - محمد الحميضي:",
    "content": "قام محافظ ثادق المكلَّف عبد الله السلامة يرافقه مساعد مدير شرطة ثادق المقدم محمد الباهلي بزيارة لمرضى مستشفى ثادق والسلام عليهم وتهنئتهم بالعيد. وقد كان في استقبالهم مدير المستشفى عامر العتيبي ومساعده حمود السهلي وعدد من الأطباء والممرضين، حيث قام الجميع بجولة في المستشفى وتمت زيارة أقسام الرجال والسلام عليهم ومعايدتهم وتقديم الهدايا لهم والدعاء لهم بالشفاء العاجل وأن يغادروا المستشفى قريباً وهم بأتم الصحة والعافية. ",
    "date_extracted": "2015-07-21 12:33:39"
}