{
    "url": "http://www.al-jazirah.com/2015/20150721/fe7.htm",
    "title": "وكيل محافظة القويعية يشارك مركز جزيل احتفالات العيد",
    "author": "القويعية - عبد الرحمن الشافي:",
    "content": " جانب من العرضة السعوديةحضر وكيل محافظة القويعية إبراهيم المنقور، حفل رئيس وأهالي مركز جزيل بعيد الفطر المبارك بمقر احتفالات أهالي جزيل، وكان في استقباله رئيس المركز سعود العريفي، وجمع من أعيان وأهالي جزيل. حيث بدأ الحفل بكلمة لرئيس المركز رحب فيها بوكيل المحافظة والضيوف، بعدها كلمة أهالي المركز، ثم ألقيت قصائد أدبية لعدد من الشعراء نالت استحسان الحضور، وكان أبرزها قصيدة الشاعر عبد العزيز الجناحي. بعد ذلك كلمة لوكيل المحافظة، بعدها سلم وكيل المحافظة الدروع التكريميه للجان العاملة والشعراء المشاركين، ثم سلم رئيس مركز جزيل درعا تذكاريا لوكيل المحافظة، تلى ذلك العرضة السعودية بمشاركة من الوكيل وضيوف وأعيان المركز، ثم أدت فرقة السامري عدة وصلات قبل وبعد وجبة العشاء المعدة لهذه المناسبة. ",
    "date_extracted": "2015-07-21 12:31:19"
}