{
    "url": "http://www.al-jazirah.com/2015/20150721/ln45.htm",
    "title": "ولي ولي العهد بحث مع الرئيس الشيشاني المسائل ذات الاهتمام المشترك ",
    "author": "جدة - واس:",
    "content": " ولي ولي العهد لدى استقباله الرئيس الشيشانيالتقى صاحب السمو الملكي الأمير محمد بن سلمان بن عبد العزيز ولي ولي العهد النائب الثاني لرئيس مجلس الوزراء وزير الدفاع في جدة أمس فخامة الرئيس رمضان أحمد قاديروف رئيس جمهورية الشيشان. وجرى خلال اللقاء بحث عدد من المسائل ذات الاهتمام المشترك. حضر اللقاء معالي وزير الدولة عضو مجلس الوزراء الدكتور مساعد العيبان ومعالي وزير الخارجية الاستاذ عادل الجبير ومعالي وزير الدولة عضو مجلس الوزراء رئيس الديوان الملكي المكلف الاستاذ خالد العيسى ومعالي وزير الثقافة والإعلام الدكتور عادل الطريفي الوزير المرافق ومعالي رئيس الاستخبارات العامة الاستاذ خالد الحميدان. كما حضر الاجتماع رئيس البرلمان في جمهورية الشيشان ماغمد داؤدوف ونائب رئيس حكومة الشيشان حسن حكيموف والمندوب الدائم لروسيا الاتحادية لدى منظمة التعاون الإسلامي اليغ ازيروف. من جهة ثانية اجتمع صاحب السمو الملكي الأمير محمد بن سلمان بن عبد العزيز ولي ولي العهد النائب الثاني لرئيس مجلس الوزراء وزير الدفاع في جدة مساء أمس مع رئيس حزب القوات اللبنانية سمير جعجع. وجرى خلال الاجتماع استعراض مستجدات الأوضاع على الساحة اللبنانية. ",
    "date_extracted": "2015-07-21 12:33:11"
}