{
    "url": "http://www.al-jazirah.com/2015/20150721/ln58.htm",
    "title": "الدفاع المدني بالعاصمة المقدسة يسيطر على حريق نشب في مستودع لقطع الغيار",
    "author": "مكة المكرمة - واس:",
    "content": " الدفاع المدني يباشر إخماد الحريقتمكنت تسع فرق إطفاء وإنقاذ من إدارة الدفاع المدني بالعاصمة المقدسة من المساهمة في إخماد حريق شب بمستودع لقطع الغيار. وأوضح المتحدث باسم الدفاع المدني بمنطقة مكة المكرمة العقيد سعيد سرحان أن بلاغًا ورد لمركز التحكم والسيطرة يفيد بنشوب حريق بمستودع على طريق الخواجات جنوب شرق العاصمة المقدسة، وعملت فرق الدفاع المدني على مكافحة الحريق من عدة جهات مستخدمة مادة الرغاوي في عمليات الإطفاء وأن سيارة السلالم شاركت في المكافحة من ارتفاعات مختلفة بهدف تسليط المياه على مواقع محددة بوسط الحريق. وأفاد أن مساحة الحريق تصل أبعادها إلى 25 في 84م2، مبينًا أن المواد المخزنة في المستودع تحتوي على قطع غيار ومواد بلاستيكية ودهان، مما ساعد على انتشار الحريق وتصاعد سحب كثيفة من الأدخنة في سماء منطقة الحادث. وأشار إلى أنه لم ينتج عن الحادث أي إصابات أو خسائر بالأرواح ولله الحمد، والتحقيقات لازالت جارية لمعرفة أسباب الحريق. ",
    "date_extracted": "2015-07-21 12:33:33"
}