{
    "url": "http://www.al-jazirah.com/2015/20150721/ln57.htm",
    "title": "الجوازات تصحح أوضاع 354 ألف يمني",
    "author": "الجزيرة - واس:",
    "content": "بدأت المديرية العامة للجوازات أمس الاثنين العمل على تصحيح أوضاع الأشقاء أبناء الجمهورية اليمنية المقيمين في المملكة بطريقة غير نظامية في جميع مراكز التصحيح بكافة مناطق المملكة بعد إجازة عيد الفطر المبارك، وذلك إنفاذاً للتوجيه السامي الكريم بتمديد فترة تصحيح أوضاع الأخوة اليمنيين حتى 1436/10/30هـ. وأوضحت الجوازات أن عدد المصحح وضعهم من اليمنيين في كافة مراكز التصحيح بمناطق المملكة حتى الساعة 5:30 مساء أمس الاثنين الموافق 10/4/ 1436هـ بلغ (354863) شخصا. ودعت المديرية العامة للجوازات الإخوة اليمنيين ممن تنطبق عليهم شروط الحصول على هوية زائر، إلى سرعة مراجعة مراكز التصحيح واستيفاء متطلبات التصحيح، مؤكدة أن من يحصل على وثيقة من سفارة بلاده فقط دون الحصول على هوية زائر فإن الوثيقة لوحدها لا تخوله في البقاء داخل المملكة بوضع نظامي. وللاطلاع على الشروط ومتطلبات ومواقع التصحيح في المملكة يمكن زيارة موقع مديرية الجوازات على الرابط (www.gdp.gov.sa). ",
    "date_extracted": "2015-07-21 12:33:32"
}