{
    "url": "http://www.al-jazirah.com/2015/20150721/sp24.htm",
    "title": "نافاس يحلم بإثبات جدارته في حراسة عرين الريال",
    "author": "مدريد - (د ب أ):",
    "content": " نافاسرغم استعادة ريال مدريد لحارس مرماه السابق فرانسيسكو كيكو كاسيا، لا يزال الجدل دائراً بشأن محاولات الريال للتعاقد مع حارس مرمى آخر لتدعيم هذا المركز بشكل قوي استعداداً للموسم المقبل.كما يسعى الكوستاريكي كيلور نافاس إلى بذل مزيد من الجهد لإقناع مديره الفني رافاييل بينيتيز بجدارته وأحقيته في أن يكون الحارس الأول للفريق في الموسم الجديد. وتغلب نافاس على الإصابة التي حرمته من المشاركة مع منتخب بلاده في بطولة الكأس الذهبية لأمم اتحاد كونكاكاف (أمريكا الشمالية والوسطى والكاريبي)، وسافر مع الريال إلى أستراليا ضمن جولة الفريق الخارجية استعداداً للموسم الجديد. وشارك نافاس في مباراة الفريق أمام روما الإيطالي والتي انتهت بالتعادل السلبي قبل أن يحقق روما الفوز عبر ركلات الترجيح 7 / 6 وذلك في الكأس الدولية للأبطال. ورغم هذا، لا يزال مصير نافاس (28 عاماً) مع الريال معلقاً وغامضاً، وهو ما أشار إليه نافاس نفسه بعد نهاية الموسم الماضي قائلاً «الله وحده يعلم ما إذا كنت سأستمر مع الريال»، حيث اقتصرت مشاركاته مع الفريق على دقائق قليلة في الموسم الماضي في ظل وجود الحارس العملاق إيكر كاسياس قبل أن يرحل الأخير في الصيف الحالي إلى بورتو البرتغالي. وأوضح نافاس أنه يتمنى المشاركة في المباريات ليواصل الكفاح من أجل تحقيق حلمه الذي بدأ بالانضمام إلى الريال. وقال إن الأمور لم تكن كما تمنى وأراد بعد انضمامه للريال، ولكن هذه المواقف تجعله أكثر قوة. ومع تعاقد الريال مع حارسه السابق كيكو كاسيا من فريق أسبانيول الأسباني، ما زال الجدل دائراً بشأن محاولات النادي الملكي لضم حارس آخر كبير مثل الأسباني ديفيد دي خيا من مانشستر يونايتد الإنجليزي أو الأرجنتيني الدولي سيرخيو روميرو. ",
    "date_extracted": "2015-07-21 12:32:46"
}