{
    "url": "http://www.al-jazirah.com/2015/20150722/ec6.htm",
    "title": "الذهب قرب أدنى مستوياته في 5 سنوات بعد تهافت شديد على البيع",
    "author": "الجزيرة - رويترز:",
    "content": "اقترب الذهب من أدنى مستوياته في خمس سنوات أمس الثلاثاء مع توقعات بمزيد الخسائر في الأشهر المقبلة في أعقاب موجة بيع مكثفة أول أمس الاثنين باع فيها المستثمرون المراهنون على هبوط الأسعار نحو 33 طناً من المعدن الأصفر في دقيقتين فقط. واندلعت عمليات البيع المفاجئة في شنغهاي ونيويورك حيث أطلق المتعاملون موجة من أوامر البيع خلال دقيقة واحدة بعد فترة قصيرة من فتح بورصة شنغهاي للذهب. وفي خلال دقيقة أخرى اكتملت الصفقات لتدفع العقود الأمريكية الآجلة للذهب إلى التراجع 48 دولاراً إلى 1080 دولاراً للأوقية (الأونصة) مسجلة أضعف مستوياتها منذ فبراير شباط 2010. وتم تداول كميات من الذهب بقيمة 1.3 مليار دولار في أسواق الصين والولايات المتحدة. وبلغ سعر الذهب في السوق الفورية 1106.05 دولار للأوقية الساعة 1020 بتوقيت جرينتش أمس لكن حركة أول أمس تركت الذهب عرضة لمزيد من الانخفاض بما قد يمهد الطريق نحو تراجعه إلى 1000 دولار للأوقية. ومن بين المعادن النفيسة الأخرى صعد البلاتين 0.6 بالمئة بعدما بلغ أدنى مستوياته في ست سنوات ونصف السنة أول أمس الاثنين. وارتفع البلاديوم 1.6 بالمئة إلى 614.25 دولار للأوقية بعدما نزل 3.4 بالمئة إلى أدنى مستوى له منذ أكتوبر تشرين الأول 2012 عند 593 دولاراً للأوقية. وزادت الفضة 1.2 بالمئة إلى 14.82 دولار للأوقية وكانت أقل المعادن النفيسة تضرراً من موجة الهبوط أول أمس الاثنين. ",
    "date_extracted": "2015-07-22 10:00:16"
}