{
    "url": "http://www.al-jazirah.com/2015/20150722/ln41.htm",
    "title": "سجون منطقة القصيم تقيم حفل معايدة لنزلائها في بريدة وعنيزة والرس ",
    "author": "بريدة - طارق الناصر:",
    "content": " جانب من الاحتفالأقامت سجون منطقة القصيم، بالتعاون مع لجنة رعاية السجناء والمفرج عنهم وأسرهم بمنطقة القصيم (تراحم) والمكتب التعاوني للدعوة والإرشاد وتوعية الجاليات بفروعه بمنطقة القصيم، احتفالات معايدة للسجناء في كل من سجون بريدة وعنيزة والرس. واستهدف البرنامج أكثر من 1000 نزيل في جميع سجون المنطقة على مدى يومي العيد الأول والثاني. وكشف مدير العلاقات والإعلام بسجون القصيم الملازم أول تركي الحربي أن سجون المنطقة والجهات المتعاونة تكفلوا بإحضار فرق خاصة لإقامة هذه الاحتفالات التي تخللها برامج ثقافية وترفيهية وتوعوية ومسابقات وتوزيع الجوائز على النزلاء والمشاركين. وأضاف بأن هذه الاحتفالات كانت تحظى باهتمام ومتابعة مدير السجون بمنطقة القصيم اللواء عبدالمحسن الطويل، الذي أبدى إعجابه وقدم شكره للعاملين على هذه الاحتفالات، موجهاً بأن يبذلوا كل ما في وسعهم من جهد في سبيل مصلحة النزيل. كما حضر مديرو إدارات سجون المنطقة احتفالات المعايدة في إداراتهم، وهم مدير إدارة سجن محافظة عُنيزة العميد الدكتور محمد الربدي، ومدير إدارة سجن بريدة المكلف العقيد مطلق العتيبي، ومدير إدارة سجن محافظة الرس المقدم عبدالمحسن الحربي، الذين شاركوا النزلاء فرحتهم بالعيد، وتناولوا الوجبات من فطائر وحلوى، وحضروا بقية الفعاليات على مدى يومي العيد، التي اشتملت على إلقاء الأناشيد والشيلات والمحاضرات والأمسيات الشعرية. وكانت المعايدة والفعاليات محاولة من سجون القصيم والجهات المتعاونة لنقل أجواء العيد إلى نزلاء السجن؛ لتتحقق أهداف عدة، أهمها إدخال الفرح والسرور على قلوب النزلاء، وتقديم القيم التربوية من خلال التوجيه والإرشاد لهم، والعمل على تدعيم الجانب المعنوي. من جانبه، أوضح الحربي أنه تم توزيع هدايا لأطفال النزلاء أثناء زيارتهم لذويهم خلال أيام العيد بإدارة سجن بريدة المقدمة من الزاد الخيري ببريدة ولجنة تراحم، التي أدخلت الفرحة على نفوس الأطفال، وكان لها الأثر الإيجابي على ذويهم. وقدم مدير العلاقات والإعلام بسجون القصيم شكره وتقديره للجهات المشاركة والداعمة لحرصهم وتعاونهم الدائم مع سجون المنطقة، وعلى رأسهم مدير لجنة تراحم الأستاذ حمد الطبيب، والداعية الشيخ محمد الغضية، والشيخ يوسف الزين، والشيخ محمد البريكان، والشاعر والمنشد إبراهيم الصيخان ومحسن المطيري، والداعم لحفل إدارة سجن عُنيزة الأستاذ عبدالرحمن دخيل الجوهر. ",
    "date_extracted": "2015-07-22 10:00:10"
}