{
    "url": "http://www.al-jazirah.com/2015/20150721/fe12.htm",
    "title": "محافظ القطيف يفتتح مهرجان «واحتنا فرحانة» السادس",
    "author": "الدمام - واس:",
    "content": "افتتح محافظ القطيف خالد ابن عبد العزيز الصفيان مساء أمس الأول مهرجان القطيف «واحتنا فرحانة» في نسخته السادسة الذي تنظّمه أمانة المنطقة الشرقية، وذلك على الواجهة البحرية في كورنيش القطيف. وبدئ الحفل المعد بهذه المناسبة بآيات من القرآن الكريم، ثم ألقى رئيس المهرجان عبدرب الرسول الخميس كلمة هنأ فيها الحضور بحلول عيد الفطر المبارك، منوّهاً بمساندة ودعم الدوائر الحكومية والقطاع الخاص للمهرجان للظهور بالمستوى اللائق يسعد من خلاله مرتادوه بما يُقام به من فعاليات تراثية وشعبية، وفعاليات أطفال منوّعة وعروض بحرية ومسرحيات ومسابقات ثقافية ومعارض تشكيلية وفوتوغرافية، مقدّماً شكره لمحافظ القطيف على دعم نشاطات المهرجان في كل عام. عقب ذلك ألقى رئيس بلدية محافظة القطيف المهندس زياد المغربل، كلمة أوضح فيها أن مشاركة بلدية محافظة القطيف في المهرجان القطيف تتجدّد وتتطور عاماً بعد عام ليخرج المهرجان بإطلالة مختلفة ومتميزة، وذلك من خلال الدعم والإمكانيات التي تقدّمها البلدية في التنظيم والإشراف. وبيّن المهندس المغربل أن ما تقدّمه البلدية من جهود وخدمات لإنجاح هذا المهرجان يأتي انطلاقاً من إيمانها بأن جودة وإتقان العمل في الفعاليات الاجتماعية والمهرجانات لا تكتمل إلا بتكاتف الجهود، ومشاركة الجهات الحكومية والجهات الأهلية الخيرية والتطوعية، مفيداً أن البلدية تسعى من خلال مشاركتها في هذا المهرجان ومهرجانات المحافظة الأخرى إلى التأكيد على القيم الوطنية، وإدخال البهجة والسرور في نفوس الأهالي بالمحافظة، وتنشيط الحركة السياحية بالمنطقة. بعد ذلك ألقى محافظ القطيف كلمه شكر فيها إدارة المهرجان على ما بذلوه من جهد لإقامة المهرجان، سائلاً الله تعالى أن يحفظ بلادنا من كل سوء، وأن يديم على بلادنا الأمن والأمان والرخاء في عهد خادم الحرمين الشريفين الملك سلمان بن عبدالعزيز آل سعود، وسمو ولي عهده الأمين، وسمو ولي ولي العهد - حفظهم الله -. وفي ختام الحفل كرّم محافظ القطيف الرعاة والشركات والمؤسسات والدوائر الحكومية الداعمة للمهرجان، كما تسلّم هدية تذكارية بهذه المناسبة. يذكر أن المهرجان الذي يستمر لمدة 15 يوماً يعرض فيه نحو 150 فعالية منها 4 مسرحيات محلية وخليجية يقدمها نخبة من الفنانين المحليين والخليجيين. ",
    "date_extracted": "2015-07-21 12:31:24"
}