{
    "url": "http://www.al-jazirah.com/2015/20150721/fe15.htm",
    "title": "تعاوني محافظة سميراء يعايد الجاليات الوافدة",
    "author": "حائل - سلطان الشبرمي:",
    "content": " عدد من الجاليات المشاركةأقام المكتب التعاوني للدعوة والإرشاد وتوعية الجاليات بمحافظة سميراء في منطقة حائل وضمن الأنشطة المختلفة والبرامج المتنوعة التي يقوم المكتب بتنظيمها والإشراف عليها حفل المعايدة السادس للجاليات الإسلامية الوافدة وقد شارك في البرنامج الدعوي الترفيهي عدد من أفراد الجنسيات الوافدة «باكستان، أفغانستان، الهند، بنجلاديش، إندونيسيا، نيبال، إثيوبيا». بعد ذلك ابتدأ البرنامج بالقرآن الكريم وقد قرأه أحد الإخوة الشباب من الجالية الباكستانية، ثم كلمة لرئيس مجلس إدارة المكتب دحيم الشبرمي، فالبرنامج الدعوي والترفيهي والمتمثل بإقامة بعض المشاركات والمسابقات المفتوحة لأفراد الجاليات التي شاركهم فيها الدكتور رشيد الشبرمي، وأعضاء مجلس إدارة المكتب. ثم أقيم سباق الماراثون وسباقات للجري مع تقديم عدد من الجوائز العيينة والمالية، حيث وزع المكتب أكثر من (135) مائة وخمس وثلاثين جائزة على المتسابقين، والمشاركين، من الإخوة الوافدين، ثم تناول الجميع وجبة العشاء التي تمّ إعدادها من قِبل المكتب بهذه المناسبة. أوضح ذلك رئيس مجلس إدارة المكتب دحيم الشبرمي، الذي وجه شكره بعد شكر الله لكل من ساهم في دعم أنشطة وبرامج المكتب ماديًا ومعنويًا، كما وجه شكره وتقديره لمدير عام فرع وزارة الشؤون الإسلامية والأوقاف والدعوة والإرشاد في منطقة حائل الشيخ عمر الحماد، على ما قام به من جهود مباركة مع المكتب في سبيل القيام بتنفيذ مناشطه وبرامجه الدعوية طوال العام، ",
    "date_extracted": "2015-07-21 12:31:26"
}