{
    "url": "http://www.al-jazirah.com/2015/20150722/ln43.htm",
    "title": "شواطئ منطقة تبوك تستقبل زوارها بأربعة مهرجانات",
    "author": "تبوك - واس:",
    "content": "استقبلت شواطئ منطقة تبوك أربعة مهرجانات عاش معها أهالي وزوار المنطقة ومحافظاتها الترفيه والاستمتاع بأجواء البحر المعتدلة والطبيعة البحرية الخلاّبة. وأعدت الجهات المعنية بلجنة التنمية السياحية بالمنطقة خطة متكاملة لاستقبال الأهالي والزوار، عبر أربعة مهرجانات بحرية تهدف إلى توظيف المقومات السياحية الطبيعية والتراثية التي تتميز بها سواحل المنطقة, وتوفير تجربة سياحية ممتعة، تسهم في رسم صورة ذهنية إيجابية عن المنطقة، بوصفها وجهة سياحية، سيكون مردودها جيداً لتنشيط القطاع السياحي في مختلف مدن ومحافظات المنطقة. وانطلقت أولى فعاليات هذه المهرجانات على سواحل محافظة «حقل» بجملة من البرامج والأنشطة تحت شعار «حقلنا وناسة»، فيما تستعد شواطئ محافظة أملج مساء اليوم لانطلاق فعاليات «مهرجان أملج التراثي البحري الثاني»، الذي يشهد لمدة 6 أيام عدداً من الأنشطة المنوّعة. وتستقبل محافظتا «الوجه» و»ضباء» زوارها في منتصف شهر شوال الجاري, بمهرجان (ضباء الدار دارك للتراث) ومهرجان (الوجه وجهتنا) التي ستقدم فيها اللجان المنظمة العديد من الأنشطة والفعاليات الترفيهية والتسويقية التي تلبي طموحات مختلف شرائح المجتمع. ",
    "date_extracted": "2015-07-22 10:00:11"
}