{
    "url": "http://www.al-jazirah.com/2015/20150721/ln37.htm",
    "title": "العروض المسرحية بفعاليات عيد طيبة تشد أنظار الزوار",
    "author": "المدينة المنورة - مروان قصاص:",
    "content": "بحضور من الأهالي والزوار انطلقت فعاليات وبرامج عيد الفطر المبارك ضمن احتفالات «عيد طيبة 36» وذلك بحديقة الملك المركزية، وسبعة مواقع مختلفة في المنطقة والتي تنظّمها أمانة منطقة المدينة المنورة. وشهد المسرح الداخلي بخيمة واحة عاصمة الثقافة الإسلامية في حديقة الملك فهد المركزية حضوراً مميزاً ولافتاً قبل انطلاقة الأنشطة والبرامج لاحتفالات اليوم الثاني والثالث من فعاليات «عيد طيبة 36». وقد انطلقت فعاليات المسرح الداخلي مع عروض «تالنت شو» لفرقة شباب المسرح والتي قدمت عدداً من فعاليات الأسرة والطفل تبلورت في المسابقات والألعاب الحركية وتوزيع الجوائز على الأطفال والزوار المشاركين. كما احتوى المسرح الداخلي بحديقة الملك فهد المركزية على عرض إنشادي، مع نجوم الإنشاد في المملكة أبرزهم المنشد إبراهيم النقيب، ومحمد الخطيب، ومحمد عباس، وهيثم الملحاني، وعبدالله المحضار. يذكر أن أمانة منطقة المدينة المنورة قد خصصت سبعة مواقع لاحتفالات «عيد طيبة 36» منها الحي التراثي بحديقة الملك فهد المركزية، وكذلك في نطاق البلديات المتمثلة في بلدية أحد، والبيداء، والعيون، والعوالي، وقباء, والعقيق. ",
    "date_extracted": "2015-07-21 12:34:19"
}