{
    "url": "http://www.al-jazirah.com/2015/20150721/ln7.htm",
    "title": "إمارتي  يحصد المراكز الأولى في بطولة أمانة الرياض لكسر حاجز الزمن للدرجات النارية",
    "author": "الجزيرة - عبدالرحمن المصيبيح:",
    "content": "سلَّم وكيل أمانة الرياض للخدمات المهندس سليمان البطحي الفائزين جوائزهم في بطولة الأمانة «كسر حاجز الزمن للسيارات والدراجات النارية» والتي أقيمت بساحة القادسية ضمن احتفالات عيد الرياض، حيث فاز المتسابق يوسف محمد علي بالمركز الأول لفئة (8) سلندر مفتوح وتحصل على مبلغ (50) ألف ريال سعودي، وفاز في المركز الثاني المتسابق يعقوب مبارك ونال جائزة قدرها (15) ألف ريال، وعن فئة (8) سلندر قير عادي حصل الإماراتي عبدالرحمن علي على المركز الأول (10) آلاف ريال، وحصل على المركز الثاني خالد الثويني والمركز الثالث حصل عليه عبد الرحمن الهلال، وعن فئة (6) سلندر مفتوح حصل على المركز الأول يوسف محمد علي والمركز الثاني وائل العيد. كما سلم المهندس البطحي جوائز الفائزين لفئة الدرجات النارية أربع عجلات حيث حصل المركز الأول المتسابق الإماراتي محمد العازمي والمركز الثاني يوسف الضيف. وقد شهدت منافسات بطولة أمانة الرياض لكسر حاجز الزمن والتي أقيمت ضمن احتفالات الأمانة بعيد الفطر المبارك ثالث أيام العيد حضوراً كثيفاً من كافة الأعمار الشبابية الذين تابعوا منافسات البطولة طوال أيام العيد، إضافة إلى عروض السيارات المعدلة هيدروليكياً بأشكالها العجيبة والطريفة. وعبر المتسابقون عن شكرهم لأمانة منطقة الرياض على حسن التنظيم والتجهيز مما أسهم في الإقبال الجماهيري على منافسات البطولة، واستمتع الحضور بالفعاليات متمنين استمرارها في الأعوام القادمة. ",
    "date_extracted": "2015-07-21 12:34:09"
}