{
    "url": "http://www.al-jazirah.com/2015/20150721/ln31.htm",
    "title": "«إخاء» أبها تعايد أبناءها الأيتام",
    "author": "أبها - فيصل الأحمري:",
    "content": " جانب من احتفال العيدأقامت المؤسسة الخيرية لرعاية الأيتام «إخاء» بأبها حفل معايدة لأبنائها في إحدى الفلل التابعة لها، وكان في مقدمة الحضور مدير المؤسسة علي الأحمري، والمشرفون وجميع الأبناء، حيث قدَّم التهاني للأبناء بمناسبة عيد الفطر المبارك، كما قدَّم تهاني المدير العام الأستاذ فواز العنزي وجميع المسؤولين بالإدارة العامة. بعدها تناول الجميع طعام الإفطار. وشكر الأبناء كافة المسؤولين وفي مقدمتهم المدير العام على جهودهم. وتقوم إخاء أبها في الأعياد والمناسبات بعمل برنامج بعد العيد لمدة 10 أيام، يتخلّله مسابقات ودورات رياضية وترفيهية. من جهة أخرى أرسلت إخاء أكثر من 20 ألف رسالة تعريفية عن المؤسسة ودورها في خدمة أبنائها. الجدير بالذكر أن إخاء تقوم خلال الفترة المقبلة بعمل اتفاقيات مع عدة جهات بهدف دعم أبنائها. ",
    "date_extracted": "2015-07-21 12:34:16"
}