{
    "url": "http://www.al-jazirah.com/2015/20150721/sp26.htm",
    "title": "الفيصلاويون يفتتحون مقرهم القديم ويوثّقون الحساب الرسمي",
    "author": "المجمعة - عمار العمار:",
    "content": " الماضي يفتتح المقر القديمافتتح رئيس مركز حرمة الأستاذ سعود الماضي مقر النادي القديم بحرمة وبحضورأمين هيئة أعضاء الشرف عبدالكريم العبدالكريم ورئيس مجلس الإدارة الأستاذ فهد المدلج وعدد كبير من أعضاء الشرف ورؤساء النادي السابقين وأعضاء مجلس الإدارة ومحبي النادي وذلك ظهر السبت الماضي، حيث تم ترميم المبنى على نفقة الشيخ عبدالسلام العقيل عضو شرف النادي وإشراف المهندس رياض العبدالكريم عضو شرف النادي والأستاذ مدلج اللعبون عضو مجلس الإدارة وتنفيذ الأستاذ تركي عبدالرحمن التركي وتناول الجميع طعام الغداء. من جهة أخرى وفي خطوة إعلامية واستثمارية قام المركز الإعلامي بنادي الفيصلي بتوثيق الحساب الرسمي لنادي الفيصلي في موقع التواصل الاجتماعي التويتر، لينضم إلى قائمة الحسابات الرسمية الموثّقة من قبل إدارة الموقع العالمي الشهير twitter . ويدار هذا الحساب من قِبل المركز الإعلامي وقد انضم لـ(تويتر) في شهر أبريل من العام 2010م، ويُعد المصدر الرئيسي لجميع أخبار الفيصلي اليومية ليصبح (خامس) ناد سعودي يتم توثيق حسابه في التويتر. ",
    "date_extracted": "2015-07-21 12:32:48"
}