{
    "url": "http://www.alwatan.com.sa/Local/News_Detail.aspx?ArticleID=230562&CategoryID=5",
    "title": "نايف الأمنية تعزز تعاونها العلمي  مع الجامعات العربية",
    "author": "الرياض: الوطن",
    "content": " وقعت جامعة نايف العربية للعلوم الأمنية وجامعة الشرق الأوسط بالمملكة الأردنية الهاشمية مذكرة تفاهم علمي لتطوير التعاون بين الجامعتين في المناشط العلمية التي ينظمها كل طرف، وتبادل الإصدارات والدوريات العلمية وبرامج العمل والتقنيات والوسائل التعليمية، وتبادل الخبرات والاستشارات العلمية.\n وقام بتوقيع المذكرة رئيس جامعة نايف العربية للعلوم الأمنية الدكتور جمعان بن رقوش ورئيس جامعة الشرق الأوسط الدكتور ماهر سليم.\n وأعرب الدكتور ماهر عن اعتزازه بالجهود الكبيرة التي تقوم بها جامعة نايف العربية للعلوم الأمنية للارتقاء بأداء رجال الأمن في الدول العربية في إطار مفهوم الأمن العربي الشامل وتحقيق الوعي الأمني وحماية المجتمعات العربية من آثار الجريمة، باعتبارها مؤسسة علمية أمنية فكرية مهمة.\n وأضاف أن الجامعة أصبحت صرحا علميا رائدا ومتطورا يؤدي رسالة سامية بإمكانات حديثة وخبرات بشرية رفيعة المستوى ذات كفاءة ويؤدي خدمات جليلة لأجهزة الأمن العربية ويعكس تكامل الجهود العربية المشتركة لمكافحة الظواهر الإجرامية، ما يدل على حسن التخطيط والنظرة الشمولية بعيدة المدى.\n من جهته، أكد الدكتور جمعان أن هذه الاتفاقية جاءت في إطار التعاون المثمر بين جامعة نايف والمؤسسات الإقليمية والدولية ذات الصلة هي إضافة فاعلة إلى قائمة المذكرات التي أبرمتها الجامعة مع الجامعات والمنظمات الإقليمية والدولية والمؤسسات الأكاديمية والأمنية في مختلف دول العالم والبالغة نحو 180 مذكرة تفاهم، وذلك تنفيذا لتوجيهات ولي العهد نائب رئيس مجلس الوزراء وزير الداخلية، رئيس المجلس الأعلى للجامعة الأمير محمد بن نايف وإخوانه وزراء الداخلية العرب التي تؤكد دائما على فتح آفاق جديدة في مجال التعاون الدولي، خاصة مع الجامعات والمنظمات ذات العلاقة ببرامج الجامعة.  ",
    "date_extracted": "2015-07-31 04:05:56"
}