{
    "url": "http://www.alwatan.com.sa/Nation/News_Detail.aspx?ArticleID=230774&CategoryID=3",
    "title": "سماعات لهواة الموسيقى",
    "author": "",
    "content": " طرحت شركة سامسونج المتخصصة في مجال التقنية والإلكترونيات سماعات ليفيل أون، وليفيل لينك، التي تعد أحدث الأجهزة السمعية اللاسلكية التي تقدم صوتا قويا ونقيا دون ضجيج. وتمتاز السماعات بتقنيات متطورة وتصاميم عصرية أنيقة تلبي تطلعات هواة الموسيقا الذين يرغبون في الاستمتاع بتجربة صوتية فريدة بأداء مبهر. \n وتتميز سماعة Level On اللاسلكية بتوفير جودة ودقة عالية للصوت بدون أي تشويش. فيما تتفرد  Level Link بتقنية البلوتوث لتحويل أي مصدر صوتي إلى لاسلكي للاستمتاع بصوت فائق النقاء. \n وقال المدير العام لشركة سامسونج للإلكترونيات بالمملكة كي وون بارك، إن \"شركة سامسونج نجحت في تسخير خبراتها وإمكاناتها لتقديم أفضل تجربة صوتية للمستخدمين، من خلال سماعات حديثة تمتاز بتصاميم مميزة وسهلة الاستخدام، وتطبيق ثان يقلل الاهتزاز والضوضاء وينتج صوتا قويا ومتوازنا بمدى واسع من الترددات\". ",
    "date_extracted": "2015-08-02 22:39:05"
}