{
    "url": "http://www.alwatan.com.sa/Politics/News_Detail.aspx?ArticleID=230589&CategoryID=1",
    "title": "الملا أختر زعيما لطالبان",
    "author": "كابول: فهيم الله أمين، أ ف ب",
    "content": " أعلن قياديان في طالبان أمس أن الحركة الأفغانية اختارت، نائب الزعيم الراحل الملا عمر، الملا أختر محمد منصور ليحل محله زعيما للحركة.\n ووفقا للمصدرين اللذين حضرا اجتماع مجلس الشورى الذي ضم كبار مندوبي طالبان - الذين يقيم كثير منهم في مدينة كويتا الباكستانية - فقد تم تعيين الملا أختر زعيما للحركة.\n وقال أحد القياديين اللذين حضرا الاجتماع الذي عقد مساء أول من أمس: انتخب مجلس الشورى الذي عقد خارج كويتا بالإجماع الملا منصور أميرا جديدا لطالبان، سيصدر مجلس الشورى قريبا بيانا بهذا الشأن.\n وأضاف القياديان أن سراج حقاني زعيم فصيل حقاني القوي المتشدد سيكون نائبا لمنصور. وسيكون منصور ثاني زعيم لطالبان بعد الملا عمر الذي أسس الحركة المتشددة في التسعينات. وأكدت الحركة أمس وفاة زعيمها الملا محمد عمر\"بسبب المرض\" غداة صدور إعلان بهذا الصدد عن الحكومة الأفغانية، من غير أن تحدد تاريخ وفاته ولا اسم خلفه.\n وأوضحت في بيان أن عائلة الملا عمر تعلنان وفاة مؤسس وزعيم طالبان نتيجة المرض.\n ولم يشر النص إلى تاريخ وفاة الملا عمر، لكنه قال إن: صحته تدهورت في الأسبوعين الأخيرين، ما يعني أن وفاته لا تعود إلى أبريل 2013 كما ذكرت السلطات الأفغانية التي قالت إنه توفي في مستشفى بكراتشي، بل إلى وقت أقرب.\n   ",
    "date_extracted": "2015-07-31 04:04:37"
}