{
    "url": "http://www.alwatan.com.sa/Local/News_Detail.aspx?ArticleID=230176&CategoryID=5",
    "title": "946 كيلومترا لطرق المدينة المنورة خلال 3 سنوات",
    "author": "المدينة المنورة: الوطن",
    "content": " نفذت أمانة منطقة المدينة المنورة عددا كبيرا من الطرق داخل المدينة وخارجها، بلغت نحو 946 كيلومترا خلال السنوات المالية الثلاث الماضية.\n وأكد وكيل أمين منطقة المدينة المنورة للدراسات والإشراف المهندس عدنان السيد أن الأمانة، وبمتابعة من الدكتور خالد طاهر، نفذت أخيرا عددا من مشاريع درء أخطار السيول. وشملت المشاريع استكمال أعمال تنفيذ جدار استنادي بتقاطع وادي العقيق مع طريق أبوبكر الصديق \"السلام سابقا\"، وكذلك استكمال أعمال العبارات والحمايات بمخططات المدينة المنورة، كما شمل المشروع مخططات العزيزية 8 ت \"طريق الإمام البخاري\"، وكذلك مخططات المطار، العاقول، الأمير تركي، ولد محمد، حمراء الأسد، الشيبية، وادي الرعدة، وادي النعمة، مخطط التلال، إضافة إلى عدد من الطرق شملت طريق الملك عبدالله، طريق الملك سعود، طريق الملك خالد، الإمام النسائي، الإمام مسلم، طريق المدينة – المهد، طريق ضبوعة.\n وتضمنت المشاريع تنفيذ مشاريع درء أخطار السيول في آبيار الماشي، المليليح العزيزية، الوسيعة، الصويدرة، المندسة، منطقة العيون، كما يجرى إنشاء عبارة صندوقية بطريق الأمير نايف بن عبدالعزيز \"الجامعات سابقا\" بطول 4200 متر وبكلفة 69 مليون ريال، إضافة إلى جسر على تقاطع طريق عثمان بن عفان مع وادي قناة.\n وفيما يتعلق بمشاريع الطرق، بين المهندس السيد أن الأمانة نفذت عددا كبيرا من الطرق داخل المدينة وخارجها، مشيرا إلى أنه يقدر ما نفذته خلال السنوات المالية الثلاث الماضية بـ946 كيلومترا، منها في مخططات \"الزهرة، شوران، ولد محمد، الملك فهد، حمراء الأسد، جبل عير، العزيزية، العوينة، العاقول\". وبالنسبة للطرق، بين أن هناك طرق \"أسماء بنت عمرو، الملك سعود، المدينة، المهد، امتداد الأمير عبدالمحسن، بشير بن أبى زيد، كذلك طرق الخدمة لطريق السلام تقاطعه مع وادي العقيق\"، كما نوه بأنه إيمانا من الأمانة بأهمية التسهيل على المواطنين، خصوصا ساكني أحياء العزيزية، قامت بالتنسيق مع وزارة الحرس الوطني لإنشاء طريق مرادف لطريق السلام ويربط بطريق الإمام مسلم، لتخفيف الزحام على طريق السلام، ويجرى حاليا الرفوعات المساحية والتصميم، تمهيدا لطرحه في منافسة عامة.  ",
    "date_extracted": "2015-07-27 18:33:52"
}