{
    "url": "http://www.alwatan.com.sa/Local/News_Detail.aspx?ArticleID=230565&CategoryID=5",
    "title": "الطائف.. متنزه الردف الجديد  يستعين بصهريج مياه للوضوء",
    "author": "الطائف: فواز الغامدي",
    "content": " لم تكتمل فرحة أهالي الطائف وزوارها بافتتاح متنزه الردف العام قبل خمسة أيام، والذي يمتد على مساحة ٥٥٠ ألف متر مربع، مجهزا بجميع وسائل الترفيه والتنظيم، بعد أن فوجئوا بعدم توفر بعض الخدمات، ومنها انقطاع الماء عن دورات المياه بصورة متكررة، الأمر الذي دعا الزوار إلى اللجوء لصهاريج المياه من أجل الوضوء لأداء الصلاة وقيام بعض النساء بتعبئة قوارير قبل دخول دورات المياه. \n واستغرب محمد العتيبي - زائر للمتنزه - من قيام أمانة الطائف ممثلة في إدارة المتنزه بوضع سيارة \"وايت\" محملة بالماء أمام دورات المياه، ليقوم الزوار بأخذ حاجاتهم منها عند الرغبة في الوضوء لأداء الصلاة أو تعبئة قوارير خالية من الشاحنة ومن ثم التوجه إلى دورات المياه المعطلة.\n وقال خالد القحطاني: إذا كان هذا الأمر قصورا في الخدمات بعد أيام قليلة من افتتاح المتنزه، فماذا سوف يحدث بعد مضي شهر أو أكثر؟. كما تساءل: هل يعقل أن نقوم بالبحث عن الشاحنات المحملة بالماء داخل المتنزه من أجل تعبئة قوارير الماء وإيصالها إلى عوائلنا داخل دورات المياه؟ \n أما بندر الزهراني فقال \"حاولنا البحث عن المسؤول عن المتنزه من أجل إيجاد حل لهذه المشكلة ولكن دون جدوى، فكل شخص يقذف بالمسؤولية على الآخر، والبعض يتهرب منا. وتساءل: أين الصيانة المشرفة على المتنزه والتي لا بد أن تحاسب؟ فما يحدث يعتبر إهمالا غير مقبول، خصوصا أن استخدام دورات المياه دون وجود مياه وتصريف قد يترتب عليه انتشار الأمراض والأوبئة.\n من جهته، قال مصدر مسؤول في أمانة الطائف - فضل عدم ذكر اسمه- إن انقطاع المياه كان في أحد دورات المياه بالمتنزه وليس بالمتنزه كاملا، وذلك بسبب تعطل مضخة نقل المياه للخزان العلوي، مضيفا أنه تم وضع صهريج مياه للزوار حتى يتم الانتهاء من إصلاح المضخة، الأمر الذي لم يستغرق وقتا طويلا.  ",
    "date_extracted": "2015-07-31 04:05:03"
}