{
    "url": "http://www.alwatan.com.sa/Culture/News_Detail.aspx?ArticleID=230609&CategoryID=7",
    "title": "إطلاق ضوء سعودي في عمّان",
    "author": "الأحساء: عدنان الغزال",
    "content": " يفتتح سفير خادم الحرمين الشريفين في المملكة الأردنية الهاشمية الدكتور سامي الصالح غدا الأحد معرض التصوير الضوئي \"ضوء سعودي\" في العاصمة الأردنية عمّان في قاعة المركز الثقافي الملكي. أوضح ذلك المشرف العام على المعرض عضو الاتحاد الدولي للتصوير الفوتوجرافي \"الفياب\" رئيس قسم التصوير الضوئي بفرع الجمعية العربية السعودية للثقافة والفنون في الأحساء خالد البدنه الذي سيحاضر خلال فعاليات المعرض عن التكوين الفني في الصورة الضوئية.\n إلى ذلك، يفتتح جاليري رؤى 32 للفنون معرض الفنانة الأردنية جمان النمري \"حكايات\"، في مركز رؤى للفنون، عمّان، الأردن، وذلك مساء يوم الأربعاء المقبل. ويضم المعرض الذي يستمر حتى حتى 27 أغسطس 2015، ثلاثين عملا فنيا منفذا بألوان الأكريليك على القماش، وبقياسات مختلفة. و\"حكايات\" هو قصة الواقع الراهن حيث يختفي الأفراد وراء براقع وأقنعة تخفي وجوههم ومواقفهم، كما لو كانوا مهرجين ينتمون إلى سيرك أو فرقة مسرحية، طبقا للفنانة النمري في تعريفها لمعرضها. ",
    "date_extracted": "2015-08-01 08:13:33"
}