{
    "url": "http://www.alwatan.com.sa/Sports/News_Detail.aspx?ArticleID=230516&CategoryID=6",
    "title": "برلسكوني يقترب من بيع حصته في ميلان",
    "author": "ميلانو: رويترز",
    "content": " قال مصدر قريب من رئيس الوزراء الإيطالي السابق \"سيلفيو برلسكوني\" إنه سيوقع على اتفاق مبدئي ملزم لبيع 48% من حصته في نادي ميلانو إلى رجل الأعمال التايلاندي \"بي تايتشابول\" خلال الأيام القليلة المقبلة على أن يجري التوقيع على الاتفاق النهائي بعد الصيف. وتملك شركة فينينفست القابضة التابعة لعائلة برلسكوني النادي المنافس في دوري الدرجة الأولى الإيطالي لكرة القدم. وكان برلسكوني وافق على بيع حصته لمجموعة يقودها تايتشابول في يونيو حزيران ومنحها الفرصة للدخول في مفاوضات حصرية على مدى ثمانية أسابيع لوضع اللمسات النهائية على الاتفاق الذي يهدف لإعادة إطلاق العلامة التجارية ايه.سي ميلانو من جديد، خاصة في آسيا وتعزيز إيرادات النادي. وستنتهي المهلة بنهاية يوليو الجاري. وظل ميلانو جزءا محوريا في إمبراطورية برلسكوني السياسية والإعلامية على مدى ثلاثة عقود من الزمن. لكنه فقد بعضا من بريقه في السنوات القليلة الماضية وبات غير قادر على مجابهة منافسيه الأوروبيين الأكثر ثراءً.\n   ",
    "date_extracted": "2015-07-31 04:07:34"
}