{
    "url": "http://www.alwatan.com.sa/Politics/News_Detail.aspx?ArticleID=230637&CategoryID=1",
    "title": "استشهاد 4 مرابطين على الحد الجنوبي",
    "author": "الحد الجنوبي: حسين معشي",
    "content": " جددت أمس العصابات الحوثية وميليشيات المخلوع صالح استهدافها للشريط الحدودي بجازان وعسير بعدد من القذائف العشوائية التي نتج عنها استشهاد أحد رجال المجاهدين بالطوال بجازان وثلاثة جنود بمركز السيال بظهران الجنوب بعسير، وإصابة ثمانية آخرين.\n وردت في حينه القوات المسلحة السعودية تساندها طائرات الأباتشى بقصف عنيف لمصادر إطلاق النار داخل الأراضي اليمنية وتم تدميرها بشكل كامل.\n من جهته، أوضح المتحدث الأمني بوزارة الداخلية اللواء منصور التركي، بأنه تعرضت أمس دورية مساندة من قوة المجاهدين بقطاع الطوال بمنطقة جازان لمقذوف عسكري من داخل الأراضي اليمنية، ما نتج عنه استشهاد أحد أفرادها ويدعى خالد مساوى حمدي، تغمده الله بواسع رحمته وتقبله في الشهداء، وإصابة أحد زملائه الذي تم نقله إلى المستشفى.وأضاف اللواء التركي أنه كذلك عند الساعة العاشرة وعشرين دقيقة من صباح أمس تعرض مركز المسيال بقطاع ظهران الجنوب بمنطقة عسير لقذائف عسكرية كثيفة من داخل الأراضي اليمنية، حيث تم التعامل مع الموقف بما يقتضيه وذلك بالتصدي للعدوان، والتنسيق مع القوات البرية للتعامل مع مصادر إطلاق القذائف بالأراضي اليمنية، وتم تدمير منصات إطلاق القذائف ومصادر النيران.ونتج عن ذلك استشهاد العريف أحمد جعفر حسن المجيشي، والجندي أول محمد علي ياسين العمري، والجندي أول حسن ناصر محمد بشيري، تغمدهم الله بواسع رحمته وتقبلهم في الشهداء، كما تعرض سبعة من رجال حرس الحدود للإصابة وتم نقلهم إلى المستشفى.  ",
    "date_extracted": "2015-08-01 08:11:49"
}