{
    "url": "http://www.alwatan.com.sa/Economy/News_Detail.aspx?ArticleID=230105&CategoryID=2",
    "title": "ارتفاع عدد السائحين السعوديين في مصر",
    "author": "القاهرة: محمد عوض",
    "content": " كشف الجهاز المركزي المصري للتعبئة العامة والإحصاء في بيان أمس، تصدر المملكة العربية السعودية للدول الأكثر إيفادا للسائحين العرب إلى مصر في منطقة الشرق الأوسط، خلال شهر مايو الماضي، بما نسبته 30% من إجمالي عدد السائحين القادمين إلى مصر من الشرق الأوسط، بعدد 105 آلاف سائح، بينما احتلت منطقة أوروبا الشرقية المناطق الأكثر إيفادا للسائحين لمصر بنسبة 43.9%، فيما جاءت منطقة أوروبا الغربية في المرتبة الثالثة بنسبة 30.7%. وبين جهاز الإحصاء أن السياحة العربية الوافدة إلى مصر ارتفعت بنحو ملحوظ خلال شهر مايو الماضي، إذ بلغ عدد السائحين القادمين من الدول العربية إلى مصر نحو 154 ألف سائح، مقابل 124.9 ألف سائح خلال الشهر نفسه عام 2014، بنسبة زيادة بلغت 23.1%، وبنسبة قدرها 17.2% من إجمالي عدد السائحين الوافدين إلى مصر بوجه عام.\n وأوضح البيان أمس، أن عدد الليالي السياحية التي قضاها السائحون العرب في مصر بلغ 1.5 مليون ليلة، مقابل 1.4 مليون ليلة خلال الشهر نفسه عام 2014 بنسبة زيادة قدرها 5.7%، وبنسبة 17.8% من إجمالي الليالي السياحية. إلى ذلك، ارتفعت السياحة الوافدة إلى مصر بوجه عام بما نسبته 16.5% خلال شهر مايو 2015، ليبلغ 894.6 ألف سائح، مقابل 768.2 ألف سائح خلال شهر مايو 2014، مشيرا إلى أن منطقة \"أوروبا الشرقية\" كانت أكثر المناطق إيفادا للسائحين إلى مصر خلال شهر مايو 2015 بنسبة 43.9%، وكانت \"روسيا الاتحادية\" أكثر الدول إيفادا بنسبة 73.3% من إجمالي السائحين القادمين من أوروبا الشرقية. ",
    "date_extracted": "2015-07-27 18:34:31"
}