{
    "url": "http://www.alwatan.com.sa/Local/News_Detail.aspx?ArticleID=230573&CategoryID=5",
    "title": "أمير عسير يستقبل الجريسي",
    "author": "أبها: الوطن",
    "content": " استقبل أمير منطقة عسير الأمير فيصل بن خالد بن عبدالعزيز في مكتبه بالإمارة أمس، رئيس مجموعة الجريسي عبدالرحمن الجريسي، الذي قدم للسلام عليه بمناسبة زيارته للمنطقة.\n ورحب أمير منطقة عسير بالجريسي، متمنيا له طيب الإقامة في عسير. من جهته، أشاد الجريسي بما تشهده المنطقة من تطوّر وازدهار في جميع المجالات الخدمية، مؤكدا أن عسير أصبحت الخيار الأمثل والوجهة السياحية الرائدة للأسر لقضاء إجازاتهم في فصل الصيف، وذلك لما تتمتع به من طبيعة خلابة ومناخ معتدل. ",
    "date_extracted": "2015-07-31 04:05:32"
}