{
    "url": "http://www.alwatan.com.sa/Economy/News_Detail.aspx?ArticleID=230723&CategoryID=2",
    "title": "إطلاق فعاليات اصنع مهارة بالشرقية",
    "author": "الدمام: واس",
    "content": " إنطلقت أمس فعاليات برنامج \"اصنع مهارة 11\" في الدمام والأحساء الذي تنظمه لجنة التنمية الاجتماعية الأهلية بالدمام بالتعاون مع الغرفة التجارية بالمنطقة الشرقية ودار اليوم للصحافة والنشر.\n وأوضح رئيس اللجنة الاجتماعية الأهلية بحي الروضة محمد الخميس أن ثلاث جهات حكومية وخاصة تعمل على تبني تدريب وتطوير 1800 شاب وفتاة في برامج صيفية تمتد لمدة 30 يوماً متخذة التنمية وتطوير المهارات والقيادات هدفاً استراتيجياً لإعداد جيل تقني ومهني.\n وكشف الخميس عن حزمة من البرامج والفعاليات تجاوزت 30 برنامجاً تدريبيا للشباب والفتيات من ضمنهم الأيتام وذوو الإعاقة بمعدل 100 ألف ساعة تدريبية لكل الفعاليات التي ستقيمها اللجنة، منها 30 دورة تدريبية في برنامج \"اصنع مهارة\"، مبينا عن رصد ميزانية للبرنامج هذا العام بلغت 1.3 مليون ريال.\n   ",
    "date_extracted": "2015-08-02 22:42:45"
}