{
    "url": "http://www.alwatan.com.sa/Nation/News_Detail.aspx?ArticleID=230136&CategoryID=3",
    "title": "إلهام علي: لا بد من عرض طريق المعلمات",
    "author": "الرياض: طاهر بخش",
    "content": " طالبت الفنانة إلهام علي بسرعة عرض مسلسل \"طريق المعلمات\" الذي صور بالكامل في محافظة الأحساء، وشارك في بطولته إلى جانب إلهام كل من: زهرة عرفات وهيفاء حسين وحسن عسيري ومحمد الحجي وأميرة محمد ومروة محمد وإبراهيم الحساوي وشمعة محمد ودانة آل سالم.\n وكان من المفترض عرض المسلسل في شهر رمضان الماضي، إلا أنه تم تأجيله بسبب ظروف خاصة. وقالت إلهام: \"أتمنى عرضه قريبا، خصوصا أنه يتناول ظروف عمل المعلمات في المملكة، وما يتعرضن له حين يتم تعيينهن في مناطق بعيدة عن مكان إقامتهن، وما يترتب على ذلك من معاناة ونحن مقبلون على عام دراسي جديد\". \n إلى ذلك، عاد فريق مسلسل \"القصر الكبير\" إلى استكمال تصوير العمل في جدة، وهو من تأليف وإخراج عمر الديني وبطولة صلاح الملا وصمود وباسمة حمادة وإلهام علي ومحمد الحجي. وقالت إلهام إن المسلسل يقع في 30 حلقة وهو الجزء الثاني لمسلسل \"عندما يزهر الخريف\" الذي يتناول العلاقات الإنسانية داخل المجتمع السعودي، وهو مترابط في شخصياته لكنه منفصل في حلقاته، وتنتجه مجموعة \"إم بي سي\" ومن المقرر عرضه على ست قنوات خليجية وعربية خلال سبتمبر المقبل. وأضافت \"أجسد دور فتاة من ذوي الاحتياجات الخاصة، لكنها في الوقت نفسه شريرة وتحيك المكائد لمن حولها\". \n يذكر أن الممثلة إلهام ستنضم إلى فريق عمل مسلسل \"أنيسة الونيسة\" في جزئه الثاني، إذ سيبدأ التصوير بعد شهرين في الكويت. ",
    "date_extracted": "2015-07-27 18:27:41"
}