{
    "url": "http://www.alwatan.com.sa/Economy/News_Detail.aspx?ArticleID=230559&CategoryID=2",
    "title": "تراجع 9 بورصات عربية وارتفاع 7",
    "author": "الرياض: واس",
    "content": " أصدر صندوق النقد العربي العدد الـ80 من النشرة الفصلية عن أداء الأسواق المالية العربية عن الربع الأول لعام 2015 الذي أظهر تذبذبا في أداء الأسواق المالية العربية خلال الفترة، وتراجعت على إثره المؤشرات لتسع بورصات عربية، فيما سجلت البورصات السبع الأخرى ارتفاعا في مؤشراتها، وسجل مؤشر صندوق النقد العربي انخفاضا في الأسواق المالية العربية بنسبة 14.1% في الربع الأول.\n وأوضح الصندوق في بيان صحفي له أمس أنه على ضوء ذلك سجل المؤشر المركب لصندوق النقد العربي الذي يقيس أداء الأسواق المالية العربية المنظمة لقاعدة بيانات الصندوق مجتمعة انخفاضا بنحو 14.1% خلال الربع الأول، مشيرا إلى أن القيمة السوقية الإجمالية لمجموع الأسواق المالية العربية شهدت استقرارا نسبيا لتبلغ 1207.6 مليار دولار بنهاية مارس الماضي وهي قريبة من القيمة المسجلة بنهاية ديسمبر 2014 التي بلغت نحو 1,205.9 مليار دولار.\n وحول نشاط التداول بلغت قيمة الأسهم المتداولة في الأسواق المدرجة في قاعدة بيانات الأسواق المالية العربية خلال الربع الأول من عام 2015 نحو 193.4 مليار دولار، محققة بذلك زيادةً بنحو 7.5 مليارات دولار عن قيمة التداولات المسجلة عن الربع السابق، بنسبة 4%.\n وعلى صعيد الاستثمار الأجنبي، أظهرت النشرة استمرار التدفق السالب لتعاملات المستثمرين الأجانب في البورصات العربية مجتمعة في الأشهر الثلاثة الأولى من العام الحالي، إذ سجلت وللربع الثاني على التوالي صافي تدفق سالب \"بيع\" بنحو 167 مليون دولار، وذلك بعد عام ونصف من تسجيل صافي تعاملات الأجانب في الأسواق المالية العربية مجتمعة صافي تدفق موجب \"شراء\".\n كما شهدت أسواق الإصدارات الأولية تراجعا في نشاط الإصدارات الأولية من الأسهم على عكس نشاط إصدارات سندات الشركات العربية المستمر بالتحسن، وبلغت قيمة الإصدارات الأولية من الأسهم خلال الربع الأول 2015 نحو 256 مليون دولار، مقابل 7.4 مليارات دولار خلال الربع الرابع 2014.في المقابل ارتفعت قيمة إصدارات السندات من قبل الشركات العربية خلال الربع الأول 2015 لتبلغ 5.7 مليارات دولار، مقارنة مع 3.8 مليارات دولار في الربع السابق بنسبة زيادة بلغت 50%. وتلقي النشرة كذلك بالتفصيل الضوء على أداء كل البورصات العربية الـ16 المدرجة في قاعدة بيانات الأسواق المالية العربية التي تشكل حاليا مرجعية المؤشر المركب الذي يصدره الصندوق يوميا على موقعه الإلكتروني www.amf.org.ae. ",
    "date_extracted": "2015-07-31 04:00:00"
}