{
    "url": "http://www.alwatan.com.sa/Sports/News_Detail.aspx?ArticleID=230123&CategoryID=6",
    "title": "مصر تجهز الطائي للأولى",
    "author": "حائل:  عبدالكريم الفطيمان",
    "content": " وصلت بعثة الفريق الأول لكرة القدم في نادي الطائي إلى مصر أول من أمس لإقامة المعسكر الإعدادي استعدادا لمنافسات دوري الدرجة الأولى الذي يستمر لمدة 12 يوما. وأوضح لـ\"الوطن\" مدير الفريق الأول بالنادي نايف المهيلب أن المعسكر يعد الطائي لمعترك منافسات دوري أندية الدرجة الأولى، حيث سيلتقي مع عدد من الفرق المصرية ضمن البرنامج المعد من قبل المدرب التونسي جمال بلهادي. يذكر أن إدارة النادي جددت قبل السفر عقود لاعبي الفريق أحمد هوسة وعلي شراحيلي دون أن تفصح عن تفاصيل قيمة العقدين.\n \n   ",
    "date_extracted": "2015-07-27 18:34:39"
}