{
    "url": "http://www.alwatan.com.sa/Sports/News_Detail.aspx?ArticleID=230522&CategoryID=6",
    "title": "الريان يضم سوريا لموسم واحد",
    "author": "الدوحة: أ ف ب",
    "content": " انتقل القطري من أصل أوروجوياني \"سيباستيان سوريا\" من بطل الدوري القطري لكرة القدم لخويا إلى نظيره الريان العائد من الدرجة الثانية لمدة موسم واحد.\n وأعلن الريان الذي يشرف عليه المدرب الأوروجوياني خورخي فوساتي أمس عبر موقعه الإلكتروني أن سيباستيان سوريا التحق بمعسكر الفريق في هولندا. وبدأ سوريا مشواره كمحترف أوروجوياني عام 2004 مع الغرافة وحقق معه بطولة الدوري، ثم انتقل إلى قطر عام 2006 وانضم إلى لخويا منذ ثلاثة مواسم وحقق معه بطولة الدوري لموسمين إلى جانب كأس قطر. وانضم سوريا إلى منتخب قطر الأولمبي عام 2006، وفاز معه بذهبية الألعاب الآسيوية في الدوحة، وتأهل أيضا إلى كأس آسيا 2007 و2011، لكن الجزائري جمال بلماضي مدربه السابق في لخويا استبعده من صفوف المنتخب الذي تولى الإشراف عليه عام 2013 قبل أن يعود إلى لخويا.\n \n   ",
    "date_extracted": "2015-07-31 04:07:24"
}