{
    "url": "http://www.alwatan.com.sa/Sports/News_Detail.aspx?ArticleID=230671&CategoryID=6",
    "title": "الزيلعي.. الصفقة العاشرة للتعاون",
    "author": "بريدة: خالد البراك",
    "content": " تعاقدت إدارة نادي التعاون أمس مع لاعب الفريق الأول لكرة القدم بنادي النصر خالد الزيلعي ليمثل الفريق في الموسم المقبل، وذلك بدعم من اللجنة التنفيذية بالنادي وبناء على توصية مدرب الفريق، البرتغالي جوزيه جوميز، وتمت مراسم التوقيع بمقر معسكر الفريق بمدينة هورست الهولندية بحضور اللاعب ونائب رئيس النادي فيصل أبا الخيل وأمين عام النادي علي الشايعي. يذكر أن الزيلعي هو الصفقة المحلية العاشرة للتعاون في فترة الانتقالات الحالية.\n ميدانيا، واصل التعاون تحضيراته للموسم الجديد حيث تعادل أمس أمام نيس الهولندي سلبيا في مباراته الثالثة خلال معسكره الحالي بمدينة هورست الهولندية أمام نيس، وكان التعاون تعادل في مباراته الأولى أمام بني ياس 2/2، ثم خسر الثانية أمام الوصل 1/2، وتقرر أن يواجه في اللقاء الودي الرابع والأخير فريق إيجلز الهولندي. ",
    "date_extracted": "2015-08-01 08:16:11"
}