{
    "url": "http://www.alwatan.com.sa/Nation/News_Detail.aspx?ArticleID=230642&CategoryID=3",
    "title": "الجندي: معظم دراما رمضان مسروقة",
    "author": "القاهرة: محمد عوض",
    "content": " هاجمت الفنانة نادية الجندي الدراما التي عرضت في شهر رمضان الماضي، واتهمت بعض صناعها باقتباس وسرقة أفكار وأحداث من أفلامها السينمائية التي قدمتها في الثمانينات، وتوظيفها في كثير من المسلسلات التي عرضت هذا الشهر.\n هذه التصريحات أدلت بها الجندي للإعلامية بوسي شلبي في حلقة من برنامج \"أحلى النجوم\" المقرر عرضها الأسبوع المقبل على قناة \"النهار\"، ومن المتوقع أن تثير عاصفة من الجدل في الوسط الفني.\n ورصدت نادية أكثر من حالة لأعمال درامية اقتبست من أفلامها ـ على حد قولها ـ وقالت إن \"مسلسل \"تحت السيطرة\" الذي قامت ببطولته نيللي كريم، وتناول مشكلة الإدمان، مقتبس بالكامل من فيلمي \"الضائعة\" الذي قدمته في أواخر الثمانينات، وكذلك مسلسل \"حارة اليهود\" استعان مخرجه بمشاهد كاملة من فيلم \"مهمة في تل أبيب\" الذي قدمته في نفس الفترة، وكذلك مسلسل \"مولد وصاحبه غايب\" لهيفاء وهبي، حيث سبق أن قدمت نفس الفكرة في فيلمي \"الشُطار\"، و\"حق ميت\".\n يذكر أن آخر أعمال نادية الجندي الدرامية كان مسلسل \"أسرار\" الذي أعادها للدراما بعد غياب سبع سنوات، وحرصت على عرضه قبل شهر رمضان لضمان جذب أوسع من الجمهور، والعمل من تأليف أحمد صبحي، وإخراج وائل فهمي عبدالحميد، وشاركها البطولة عزت أبوعوف، وأيمن عزب، وأحمد سعيد عبدالغني. ",
    "date_extracted": "2015-08-01 08:12:40"
}