{
    "url": "http://www.alwatan.com.sa/Economy/News_Detail.aspx?ArticleID=230610&CategoryID=2",
    "title": "الذهب يتجه لأكبر خسارة شهرية في عامين",
    "author": "لندن: وكالات",
    "content": " عوض سعر الذهب خسائره التي مني بها في وقت سابق، أمس الجمعة مع هبوط الدولار عقب صدور بيانات أميركية أضعف من المتوقع، لكن الأسعار لا تزال في طريقها إلى تكبد أكبر خسارة شهرية في أكثر من عامين بفعل تكهنات بأن مجلس الاحتياطي الاتحادي \"البنك المركزي الأميركي\" سيرفع أسعار الفائدة قريبا. وارتفع مؤشر حكومي أميركي لتكاليف التوظيف إلى أقل من التوقعات، وتراجع سعر الذهب في بداية التعاملات لكنه ارتفع لاحقا، حيث وصل إلى 1.4% مسجلا أعلى مستوى في الجلسة 1103.10 دولارات للأوقية. وفي الساعة 13:45 بتوقيت جرينتش جرى تداوله مرتفعا 0.9% عند 1097.11 دولارا للأوقية. وارتفعت عقود الذهب الأميركية تسليم أغسطس 0.7% إلى 1096.20 دولارا للأوقية، فيما هبط الدولار 1.1% مقابل سلة عملات رئيسية بعد صدور بيانات تكلفة التوظيف.وأظهرت بيانات نشرت الخميس نمو الاقتصاد الأميركي بنسبة 2.3% في الربع الثاني وهو ما يقل عن توقعات بنمو قدره 2.6% في استطلاع لرويترز رغم تعديل بيانات الناتج المحلي الإجمالي في الربع الأول لتظهر نموا نسبته 0.6% بدلا من الانكماش. ",
    "date_extracted": "2015-08-01 08:15:44"
}