{
    "url": "http://www.alwatan.com.sa/Local/News_Detail.aspx?ArticleID=230170&CategoryID=5",
    "title": "برنامج صيفي لـ140 موهوبا في مدارس الرياض",
    "author": "الرياض: الوطن",
    "content": " دشن أمس في مدارس الرياض البرنامج الصيفي للطلاب الموهوبين الذي تنظمه مؤسسة الملك عبدالعزيز للموهبة والإبداع \"موهبة\" بمشاركة 140 موهوبا من مختلف مدارس العاصمة، وذلك في قاعة الملك سلمان بمقر المدارس. وأكد مدير مدارس الرياض الذي دشن البرنامج أن الاستعدادات لاستضافة هذا البرنامج بدأت منذ وقت مبكر لأهمية فعالياته وأنشطته المزمع تنفيذها، مبينا أن مردودها سيكون ذا أثر إيجابي كبير على الطلاب المشاركين لشموليتها وتناولها جوانب مهمة يحتاجها الطالب على المستوى المعرفي والنفسي والاجتماعي، مشيرا إلى أن موهبة اختارت مدارس الرياض لإقامة هذا البرنامج نظرا لخبرتها المميزة والمتراكمة في هذا المجال إلى جانب كوادرها البشرية المميزة التي ستتولى تنفيذ البرنامج.\n  ",
    "date_extracted": "2015-07-27 18:33:59"
}