{
    "url": "http://www.alwatan.com.sa/Local/News_Detail.aspx?ArticleID=230585&CategoryID=5",
    "title": "نزاهة: أمر الملك بالرد على الاستفسارات خلال 5 أيام يكافح الفساد",
    "author": "الرياض: واس",
    "content": " شكر رئيس الهيئة الوطنية لمكافحة الفساد \"نزاهة\" الدكتور خالد بن عبدالمحسن المحيسن، خادم الحرمين الشريفين الملك سلمان بن عبدالعزيز، على صدور أمره الكريم القاضي بأن على جميع الجهات المشمولة باختصاصات الهيئة الوطنية لمكافحة الفساد الالتزام بمقتضى الفقرة الثالثة من المادة الخامسة من تنظيم الهيئة الصادر بقرار مجلس الوزراء رقم 165 وتاريخ 28/5/1432، المتضمنة أن على جميع الجهات تزويد الهيئة بالمشاريع المعتمدة لديها وعقودها، وعقود التشغيل والصيانة وما تطلبه من وثائق، والرد على استفسارات الهيئة وملحوظاتها وإفادتها بما اتخذ حيالها، وذلك خلال مدة أقصاها 30 يوما من تاريخ إبلاغها، وبالنسبة للاستفسارات العاجلة جدا والمهمة وذات الطابعِ المُلِحّ، التي يخشى على قضاياها الفوات في تدارك مستجداتها وتفاعلاتها، بأن يكون الرد عليها خلال خمسة أيام من تاريخه، وأن على رئيس الهيئة الرفع لخادم الحرمين الشريفين بالجهات التي لا تلتزم بذلك.\n وأكد أن الأمر الملكي الكريم يأتي امتدادا لحرص القيادة على دعم الهيئة الوطنية لمكافحة الفساد، ومساندتها في تنفيذ مهماتها واختصاصاتها المنصوص عليها في تنظيمها.\n وطلب الدكتور المحيسن من الجميع التعاون مع الهيئة لتحقيق مقاصد هذا الأمر الكريم، في تسهيل أداء الهيئة لاختصاصاتها، سائلا ـ الله عز وجل ـ أن يوفق الجميع لما فيه صلاح الأمة وبراءة الذمة.  ",
    "date_extracted": "2015-07-31 04:00:51"
}