{
    "url": "http://www.alwatan.com.sa/Local/News_Detail.aspx?ArticleID=230650&CategoryID=5",
    "title": "ملاحقة متورط في إطلاق نار عشوائي بالأحساء",
    "author": "الأحساء: عدنان الغزال",
    "content": " تلاحق الأجهزة الأمنية في الأحساء، متهماً لتورطه في إطلاق نار \"عشوائي\"، اتجاه مركبتين، وإصابة \"خمسيني\" بطلق ناري في ساقه، إثر سوء تفاهم سابق نشب فيما بين الجاني والمجني عليه.\n وأوضح الناطق الإعلامي في شرطة المنطقة الشرقية العقيد زياد الرقيطي لـ\"الوطن\" أمس أن مركز شرطة جنوب الهفوف، تلقى ظهر أول من أمس بلاغاً من مستشفى عن إسعاف مواطن \"خمسيني\" مصاب بطلق ناري في الساق، نتيجة تعرضه لإطلاق النار بشكل عشوائي تجاه مركبته ومركبة ابنه من شخص إثر سوء تفاهم سابق نشب فيما بينهما. وباشر المختصون بالشرطة إجراءات الضبط الجنائي للحادثة، والتحقيق فيها لكشف ملابساتها والبحث والتحري عن المتهم.\n وفي سياق آخر، سجل مخفر شرطة أم العراد في المحافظة \"امتداد طريق الرياض-الدمام\"، اعترافات \"ثلاثيني\" متورط في وفاة قريب له \"دهسا\" في مزرعة خارج النطاق العمراني بالرياض. وقال الرقيطي لـ \"الوطن\" أمس، إن المخفر تسلم أخيراً من دوريات أمن الطرق المتهم على إثر اصطدام مركبته بالسياج الأوسط لطريق الرياض- الدمام السريع، وللاشتباه بوضعه وتناقض أقواله تم التحفظ عليه، وإعادة استجوابه حيال ما يخفيه ويدفعه للارتباك، واعترف بقيامه بدهس قريبه، مما تسبب في وفاته، ولاذ بعدها بالفرار من الموقع باتجاه الدمام، حيث انحرفت به المركبة، واصطدم بالسياج الحديدي للطريق، لافتاً إلى أنه بالتواصل مع شرطة الرياض، جرى تأكيد الواقعة، والعثور على الجثمان. جرى إيقاف المتهم، والتحفظ عليه، تمهيدا لتسليمه لشرطة الرياض لاستكمال الإجراءات.  ",
    "date_extracted": "2015-08-01 08:13:06"
}