{
    "url": "http://www.alwatan.com.sa/Economy/News_Detail.aspx?ArticleID=230623&CategoryID=2",
    "title": "توصية بتأسيس جمعية تعاونية للصيد البحري",
    "author": "الطائف: نورة الثقفي",
    "content": " أوصى ملتقى صيادي الأسماك الذي عقد مساء أول من أمس بمقر الجمعيات التعاونية بالرياض، بإقراض الجمعيات التعاونية وفق لائحة الإقراض التعاوني لمشاريع التسويق الاستهلاكي لمنتجات الجمعيات من الأسماك، وكذلك تأسيس الجمعية التعاونية المركزية للصيد البحري وتسهم بها الجمعيات التعاونية المرخصة في مجال صيد الأسماك والخدمات البحرية.\n وأيد المشاركون التزامهم بالضمانات الواردة في اللائحة وقناعاتهم بها واعتبارها ضمانات ميسرة، وكذلك الرفع لوزير الشؤون الاجتماعية بأمل تفعيل دور وكالة التنمية لدراسة أوضاع صيادي الأسماك، وتذليل عقباتهم والرفع لوزير الشؤون البلدية والقروية لتوجيه البلديات بتطبيق الأوامر السامية الخاصة بتمكين منح الجمعيات مواقع لمقراتها ومواقع لأسواق النفع العام لتسويق منتجاتها، مؤكدين على أهمية وجود محفظة إقراض تعاوني تحت مظلة بنك التسليف والادخار من خلال مجلس الجمعيات التعاونية حيث إن التوجه من الرعوية إلى التنمية يستدعي عدم الاعتماد على الإعانات بقدر ما يستدعي وجود تمويل انتمائي تعاوني أسوة بما أقرته الأمم المتحدة لدعم التعاونيات في العالم. ",
    "date_extracted": "2015-08-01 08:12:14"
}