{
    "url": "http://www.alwatan.com.sa/Culture/News_Detail.aspx?ArticleID=230606&CategoryID=7",
    "title": "مبادرتان لاكتشاف مواهب الخليج",
    "author": "جدة: الوطن",
    "content": " أعلنت مبادرة \"الفن جميل\" ومؤسسة \"كروسواي\" عن تنظيم \"رحلة الفن جميل إلى اليابان\" بهدف اكتشاف المواهب الشابة من الفنانين والمصممين والمصورين والمخرجين.\n وتفتح مسابقة هذا العام باب المشاركة للمواطنين والمقيمين في السعودية والإمارات والكويت والمملكة المتحدة الذين تتراوح أعمارهم بين 18-25 سنة. وسيحصل ثمانية فائزين على فرصة السفر إلى اليابان في نوفمبر المقبل.ويجب على المتنافسين تقديم مشروع خلّاق يتمحور حول \"لقاءات مع عالم آخر\".من جانبه، عد رئيس مبادرات عبداللطيف جميل الاجتماعية الدولية فادي محمد جميل، الخطوة تجسيدا لالتزام مبادرة \"الفن جميل\" بتعزيز الاستثمار في دعم المواهب الإبداعية في الخليج. وجاء إطلاق هذه المبادرة بالتزامن مع الذكرى الـ60 للعلاقات الدبلوماسية بين اليابان و السعودية\".\n على صعيد مواز، أعلنت مبادرة الفن جميل عن إطلاق النسخة السادسة من جائزة الفن جميل للتصوير الفوتوجرافي التي تسعى إلى اكتشاف المواهب، وتنعقد المسابقة هذا العام تحت عنوان \"تحولات\"، وتُعقد ورش عمل ينظمها مصورون وخبراء عالميون في المجالات ذات الصلة في كل من السعودية، عمان، الإمارات، والكويت وذلك بين أغسطس ونوفمبر 2015، على أن يكون حفل توزيع الجوائز في ديسمبر 2015. وقالت مديرة برامج الفن جميل داليا موسى \"نتوسع هذا العام في المسابقة لتشمل المواهب الفنية من منطقة الخليج\".ويبدأ تلقي الطلبات من 1 يوليو وينتهي في 31 أكتوبر 2015، عبر الموقع الإلكتروني للمسابقة. ",
    "date_extracted": "2015-08-01 08:13:37"
}