{
    "url": "http://www.alwatan.com.sa/Local/News_Detail.aspx?ArticleID=230563&CategoryID=5",
    "title": "المملكة وناميبيا توقعان بروتوكول علاقات دبلوماسية",
    "author": "نيويورك: واس",
    "content": " وقعت المملكة في نيويورك الثلاثاء الماضي مع جمهورية ناميبيا على بروتوكول إقامة علاقات دبلوماسية بينهما.\n ووقع المندوب الدائم للمملكة لدى الأمم المتحدة السفير عبدالله المعلمي على اتفاقية إقامة العلاقات الدبلوماسية فيما وقعها من جانب ناميبيا مندوبها الدائم لدى الأمم المتحدة السفير ويلفريد إيمفولا.\n وأكد مندوبا المملكة وناميبيا حرص البلدين على تعزيز العلاقات وتوسيع آفاق التعاون بينهما في شتى المجالات.\n وقرر البلدان إقامة العلاقات الدبلوماسية وفقًا لأحكام اتفاقية العلاقات والحصانات الدبلوماسية الموقعة في فيينا 1961 ورغبة من البلدين في أن تؤدي هذه الخطوة إلى تطوير العلاقات الاقتصادية والسياسية.  ",
    "date_extracted": "2015-07-31 04:05:06"
}