{
    "url": "http://www.alwatan.com.sa/Politics/News_Detail.aspx?ArticleID=230142&CategoryID=1",
    "title": "الأسد يعترف بنقص أعداد قواته",
    "author": "دمشق: الوكالات",
    "content": " اعترف بشارالأسد بأن قوات النظام تواجه نقصا كبيرا في الطاقة البشرية، وأنه قد يضطر للتخلي عن مواقع بهدف الاحتفاظ بمناطق أخرى. وأقر الأسد خلال لقائه ببعض أنصاره في دمشق بتراجع قدرات قواته في المعارك، رغم اعترافه بالدعم العسكري الإيراني وميليشيا حزب الله له. وتابع قائلا إن \"سورية لمن يدافع عنها أيا كانت جنسيته\". \n وأكد الأسد، أن سورية أصبحت منهارة اقتصاديا، وأن السوريين لن يتمكنوا من مشاهدة خطابه بسبب انقطاع الكهرباء.\n وكرر الأسد خلال اللقاء رفضه للحل السياسي، ووصفه بأنه \"عديم المعنى\"، فيما علق مراقبون سياسيون على تصريحات الأسد بالقول \"إن وجوده في السلطة هو \"عديم المعنى\" لأن مستقبل سورية لا بد وأن يناقش بدونه خاصة بعد المجازر التي ارتكبها في حق ملايين السوريين، فضلا عن آلاف المعتقلين الذين نالوا أقسى أنواع العذاب على يد جلاديه\"، وقالوا \"أي حل لا يؤدي إلى تعليق مشنقته في وسط دمشق هو بالفعل عديم المعنى\".\n من ناحية ثانية، قتل عناصر من قوات النظام أول من أمس، بعد استهداف مقاتلي جيش الإسلام الخماسية ورحبة الدبابات في حي جوبر شرقي دمشق بالرشاشات الثقيلة والمتوسطة، إضافة إلى قذائف الهاون.\n وأفاد المكتب الإعلامي لجيش الإسلام بأن مقاتليه بادروا بالهجوم على تلك النقاط التي تعد نقاطا مركزية في الحي سعيا منهم لكسب عنصر المفاجأة ضد قوات النظام.  ",
    "date_extracted": "2015-07-27 18:33:03"
}