{
    "url": "http://www.alwatan.com.sa/Local/News_Detail.aspx?ArticleID=230575&CategoryID=5",
    "title": "وفاة وإصابة 9 في تصادم ببيشة",
    "author": "بيشة: سلطان آل فاهدة",
    "content": " توفي أربعة أشخاص وأصيب خمسة آخرون بإصابات، إثر حادث وقع أمس في خيبر الجنوب على طريق بيشة.\n وتمكنت فرقة الدفاع المدني بوادي ابن هشبل من استخراج المحتجزين بين أكوام الحديد وتم نقلهم إلى مستوصف خاص بخيبر الجنوب من قبل المواطنين إلى أن أتت سيارات الإسعاف وتم نقلهم إلى خميس مشيط.\n من جهته، أوضح المتحدث الرسمي لهيئة الهلال الأحمر بمنطقة عسير أحمد عسيري أن العمليات تلقت بلاغا عن وقوع حادث تصادم على طريق بيشة بخيبر الجنوب وبه عدد من الإصابات، وعلى الفور تم توجيه خمس فرق إسعافية، واتضح بعد مباشرة الموقع أن الحادث عبارة عن اصطدام سيارة من نوع \"داتسون\" مع سيارة من نوع \"يارس\". \n وأضاف أنه بعد فرز الحالات تبين وفاة أربعة أشخاص في الموقع نتيجة إصاباتهم البليغة، كما تم إسعاف ونقل ثلاث حالات إصاباتهم بليغة لمستشفى الحياه الوطني، وحالة واحدة نقلت للمستشفى المدني بخميس مشيط وإصابتها متوسطة.  ",
    "date_extracted": "2015-07-31 04:00:52"
}