{
    "url": "http://www.alwatan.com.sa/Economy/News_Detail.aspx?ArticleID=230724&CategoryID=2",
    "title": "تباطؤ مؤشر التصنيع في الصين",
    "author": "بكين: واس",
    "content": " تباطأ النشاط الصناعي الصيني في يوليو، بينما ارتفع القطاع غير الصناعي، حسبما أفادت وسائل إعلام حكومية.\n وأظهر مسح رسمي نشرت نتائجه أمس انخفاض مؤشر مديري المشتريات لشهر يوليو إلى 50 نقطة، بانخفاض عن الشهر السابق الذي سجل فيه 50.2 نقطة.\n يذكر أن قراءة المؤشر لأكثر من 50 نقطة يعني بشكل عام نظرة إيجابية لقطاع التصنيع. وأظهرت بيانات رسمية توسع مؤشر مديري المشتريات للقطاع غير التصنيعي إلى 53.9 نقطة في يوليو، مقارنة بـ53.8 نقطة في يونيو.\n   ",
    "date_extracted": "2015-08-02 22:38:44"
}