{
    "url": "http://www.alwatan.com.sa/Local/News_Detail.aspx?ArticleID=230711&CategoryID=5",
    "title": "مسابقة في إتقان التحجير بالحبلة",
    "author": "الحبلة: مسعود آل معيض",
    "content": " بهدف استقطاب عشاق التحجير في متنزه الحبلة الذي يمارسه الشباب منذ زمن، سعت اللجنة المنظمة لفعاليات الحبلة إلى أن يكون للتحجير مسابقة وجوائز.\n وقال مدير فعاليات الحبلة إبراهيم مسفر لـ\"الوطن\": \"أعددنا مجموعة من الفعاليات، من بينها ترتيب مسابقة لتعلم بناء التحجير الذي يعد هواية لدى بعض الشباب من مختلف مدن المملكة وتجاوب الشباب مع الفعالية\".\n وأضاف أنه تم وضع مسابقة بعنوان \"إتقان البناء\" وهي للجميع وشروطها تنافس البناء بشكل جمالي، ودقة زوايا البناء والمشاركة لجميع أنواع السيارات، كما تم اختيار لجنة شبابية للتحكيم وتسليم الجوائز.\n وبين مسفر أن العمل ما زال مستمرا في هذا المجال لتحفيز الشباب في رياضة التحجير، وتطويرها بشكل مميز وتحديد موقع خاص تتوافر فيه خدمات التخييم ومناشط الشباب، إضافة إلى مسابقات أخرى يومية في التصوير الفوتوجرافي والزي التراثي والأطعمة الشعبية ومسيرة ملتقى شباب الوطن لرواد الدراجات النارية.  ",
    "date_extracted": "2015-08-02 22:42:20"
}