{
    "url": "http://www.alwatan.com.sa/Local/News_Detail.aspx?ArticleID=230183&CategoryID=5",
    "title": "تكثيف الرقابة لمنع التلاعب بتأشيرات العمل الموسمية في الحج",
    "author": "الرياض: الوطن",
    "content": " عززت وزارة العمل استعداداتها لموسم حج هذا العام والعمل جنبا إلى جنب مع الجهات الرقابية الأخرى لضبط مخالفات نظام العمل، والتحقق من استخدام التأشيرات الموسمية وفقا لما صرفت من أجله، مؤكدة استمرار تنفيذ حملات التفتيش وأعمال الرقابة والتدقيق خلال موسم الحج في المنافذ البرية والجوية والبحرية وداخل المشاعر المقدسة.\n وأوضح وكيل الوزارة للتفتيش وتطوير بيئة العمل الدكتور عبدالله أبو ثنين أن الوزارة ستعمل مع الجهات المعنية الأخرى المكلفة بأعمال الحج، على التأكد من أن التأشيرات الموسمية التي تم صرفها للمؤسسات الخاصة، تستخدم في الغرض الذي صرفت من أجله، إضافة إلى التأكد من عدم وجود مخالفات لنظام العمل من المؤسسات والمنشآت العاملة في موسم الحج.\n وشدد على مواصلة أعمال التفتيش والتدقيق على التأشيرات الموسمية خصوصا على المنشآت بمختلف قطاعاتها داخل المشاعر المقدسة مع بدء يوم التروية، والتأكد من التزامها بما خصصت له هذه التأشيرات من القيام بأعمال محددة وقت الحج. ووفقا لآلية العمل المتبعة، أشار أبو ثنين إلى أن الفرق التفتيشية تتوزع في صالات القدوم بمطار الملك عبدالعزيز وميناء جدة الإسلامي في جدة وفي منطقة تبوك بمنفذي حالة عمار وميناء ضباء ومنفذ الحديثة في منطقة القريات وبمنفذ الطوال في منطقة جازان، فضلا عن فرق تفتيشية منتدبة في المشاعر المقدسة.\n وفي إطار الاستعدادات المبكرة لأعمال حج هذا العام، التقى المدير العام لفرع الوزارة بمنطقة مكة المكرمة عبدالله العليان بعدد من ممثلي الجهات الحكومية المشاركة في أعمال الحج، وناقش معهم آلية العمل والمهمات الجديدة.\n كما تم مناقشة تأشيرات العمل الموسمية ومشاركة الوزارة مع الجهات الرقابية الأخرى في مشعر منى لضبط المخالفين وتنظيم سير أعمال الحج بالتعاون مع الجهات ذات العلاقة. يذكر أن مفتشي وزارة العمل بالتعاون مع الجهات ذات العلاقة ضبطوا خلال أعمال حج العام الماضي أكثر من 5760 عاملا، قدموا بتأشيرات عمل موسمية وذلك بعد أن تبين مخالفتهم لضوابطها وعدم التزامهم بما خصصت له هذه التأشيرات.  ",
    "date_extracted": "2015-07-27 18:28:03"
}