{
    "url": "http://www.alwatan.com.sa/Sports/News_Detail.aspx?ArticleID=230125&CategoryID=6",
    "title": "فابيان يصل إلى معسكر العالمي",
    "author": "الرياض: حسن الصفيان",
    "content": " وصل أمس المحترف في صفوف الفريق الأول لكرة القدم بنادي النصر الأوروجوياني فابيان إلى مقر بعثة الفريق في النمسا، تأهبا لدخوله في التدريبات بعد أن مددت إدارة النادي التعاقد معه دون الإفصاح عن مدة العقد ومبلغ الصفقة.\n وعلى صعيد مختلف، علمت \"الوطن\" أن الأوروجوياني الأخر مورا سيلتحق بمعسكر الفريق نهاية الأسبوع الأول من شهر أغسطس المقبل، من جهه أخرى، تجهز إدارة النصر رواتب لاعبي الفريق تمهيدا لصرفها الأسبوع المقبل قبل تسليم الحوالات البنكية للجنة الاحتراف ليتسنى للاعبين الجدد المشاركة في مباراة السوبر، وكانت الرواتب المتأخرة للاعبين وصلت إلى سبعة أشهر.\n   ",
    "date_extracted": "2015-07-27 18:34:32"
}