{
    "url": "http://www.alwatan.com.sa/Sports/News_Detail.aspx?ArticleID=230122&CategoryID=6",
    "title": "هزازي: الاتحاد يهمني أكثر من رومانيا",
    "author": "جدة: يُمن لقمان",
    "content": " أبدى اللاعب السابق في الفريق الأول لكرة القدم بنادي الاتحاد إبراهيم هزازي رغبته الجادة في العودة للعب ضمن صفوف العميد، في حال سارت الأمور كما ينبغي حيث يأمل أن يلتقي مع إدارة الاتحاد لبحث تفاصيل العرض والبقاء في المملكة.\n وقال هزازي لـ\"الوطن\": \"إن هناك اتفاقية بينه وبين نادي كونكورديا كياجنا الروماني للعب في صفوفه خلال الموسم المقبل لمدة موسم واحد، لكنه يفضل البقاء في السعودية واللعب لأحد الأندية الكبيرة\"، مؤكدا أن الصورة ستتضح حيال عودته إلى ناديه السابق الاتحاد اليوم أو غدا. يذكر أن هزازي مثل قطبي جدة، حيث بدأ في النادي الأهلي، قبل أن ينتقل للاتحاد ومنه إلى الاتفاق. ",
    "date_extracted": "2015-07-27 18:34:46"
}