{
    "url": "http://www.alwatan.com.sa/Citizen_Journalist/News_Detail.aspx?ArticleID=230110&CategoryID=9",
    "title": "50 % معدل نمو مبيعات كاديلاك في السعودية",
    "author": "",
    "content": " تشير النتائج الأخيرة إلى أن كاديلاك مستمرة في نهجها المتمثل في تحقيق نتائج مبيعات قوية في كل شهر من هذا العام. حيث حققت في مايو نمواً بنسبة 50% في مبيعاتها بالسعودية، مقارنة بالفترة نفسها من العام الماضي. ويأتي هذا النمو نتيجة للخطط الاستراتيجية التي وضعتها وأرست قواعدها شركة الجميح وكيل سيارات كاديلاك في السعودية بالتعاون مع جنرال موتورز، من خلال خطة تنموية قوية ومتينة تهدف إلى دفع علامة كاديلاك التجارية بالسوق السعودي. وقال مدير المبيعات والتسويق في كاديلاك الشرق الأوسط فيليكس ويلر: \"تعتبر السعودية من أكبر الأسواق التي نصب تركيزنا عليها، وهناك كثير من الفرص والطلب على المنتجات الفاخرة. \n ونحن في كاديلاك نعزز قوة هذا السوق عبر تقديم مجموعة طرازات مذهلة وخدمات عالمية المستوى يقدّرها عملاؤنا\". ",
    "date_extracted": "2015-07-27 18:37:17"
}