{
    "url": "http://www.alwatan.com.sa/Nation/News_Detail.aspx?ArticleID=230651&CategoryID=3",
    "title": "محامية تنقض حكما نفذ بالقوة الجبرية",
    "author": "جدة: سامية العيسى",
    "content": " تحقيقا لأهداف تمكين السيدات المؤهلات من مزاولة مهنة المحاماة، نجحت المحامية بيان زهران في إيقاف حكم أصدرته المحكمة العامة بجدة يقضي بحضانة طفلة عمرها عامان لوالدها، إذ أثبتت أمام محكمة الاستئناف أن الأب تحايل وحصل على الحكم بالخداع والكذب، ما دفع القضاء إلى الحكم بإعادة الحضانة إلى الأم.\n وتعود تفاصيل القضية إلى دعوى تقدمت بها سيدة للحصول على حضانة ابنتها من طليقها الذي أوهمها بأنه سيلجأ إلى المصالحة معها وإعادتها لعش الزوجية، واكبها حضوره الجلسات وغيابها حتى صدر حكم غيابي لصالحه بحضانته للطفلة.\n وقالت المحامية بيان زهران \"وكيلة الأم\" في تصريح إلى \"الوطن\" إنها قدمت التماسا للمطالبة بإعادة النظر في الحكم الذي تم تنفيذه بالقوة الجبرية، لافتة إلى أن مسببات الحكم لم تكن تحمل مسوغات شرعية، الأمر الذي نظرته محكمة الاستئناف بعناية بعد انعقاد عدة جلسات، وقررت بالأكثرية التراجع عن الحكم الصادر وإيقافه.\n   تمكنت محامية سعودية من إيقاف حكم أصدرته المحكمة العامة بجدة يقضي بحضانة طفلة عمرها عامان لوالدها، وأعادت الحضانة للأم، بعد أن أثبتت أمام محكمة الاستئناف أن الأب تحايل وحصل على الحكم بالخداع والكذب. وتروي الأم تفاصيل الواقعة، وتقول \"طلقت من زوجي، فرفعت دعوى للحصول على حضانتها نظرا لأنها في السن التي تستوجب ذلك، وبعد فترة من تداول القضية، أوهمني طليقي بسقوط الدعوى، حتى لا أحضر الجلسات، ووعدني بردي إلى عصمته مرة أخرى، إلا أنه كان مستمرا في القضية مع غيابي عن الحضور\".\n وأضافت \"فوجئت قبل أشهر بصدور حكم غيابي من المحكمة العامة بجدة يتضمن نزع حضانة طفلتي مني، وتم تنفيذ الحكم بالقوة الجبرية بعد اكتسابه القطعية بدعوى غيابي عن الجلسات، فقامت محاميتي بتقديم التماس للمطالبة بإعادة النظر في هذا الحكم\".\n بدورها، قالت المحامية بيان زهران \"وكيلة الأم\" لـ\"الوطن\" إن \"والدة الطفلة لجأت إليّ وهي منهارة وباكية طالبة مني البحث عن حل، بعدما فوجئت بتنفيذ حكم نهائي صدر ضدها غيابيا يقضي بانتزاع حضانة طفلتها لمصلحة طليقها\".وأضافت أن \"الأب خدع مطلقته، وادعى أن القضية انتهت، وزعم أنه سيعيدها إلى عصمته حتى لا تحضر الجلسات، بينما هو مستمر في الحضور، حتى أصدر القاضي حكمه بمنح الحضانة للأب\".\n وأضافت زهران: \"بعد دراسة ملف القضية، والصك القضائي الصادر من الناحية الشرعية والقانونية، تبين لنا أن قضايا الحضانة لا يمكن أن يبنى الحكم فيها على النكول، ووجوب أن تراعى مصلحة المحضون أي الطفلة\".\n وبينت أنه \"تم إعداد لائحة لطلب إعادة الالتماس إلى محكمة الاستئناف، اعتمادا على نص المادة ٢٠٢ من نظام المرافعات الشرعية، وطالبنا بإيقاف الحكم الصادر ضد موكلتي ونقضه لأسباب قانونية عدة تتعلق بالشكل والموضوع، أهمها عدم استدعاء موكلتنا شخصيا، وعدم علمها بالجلسات بما يخالف المادة السابعة والخمسين\".\n وأكدت زهران أن \"مسببات الحكم لا تحمل مسوغات شرعية تمنع الأم من حضانة ابنتها، إضافة إلى أن وجود الطفلة مع والدها في هذا العمر المبكر قد يكون خطرا عليها، إذ إنها في أمس الحاجة لرعاية وحماية والدتها، وبعد قبول إعادة التماس النظر في القضية، وانعقاد عدة جلسات، قررت محكمة الاستئناف بالأكثرية الرجوع عن الحكم الصادر بانتزاع الطفلة من والدها وإيقافه\"، مشيرة إلى أنها كانت واثقة من عدالة القضية.\n وأوضحت زهران أن \"القضاء بالأحوال الشخصية يدرك المكائد التي تصدر من بعض الأزواج لإيذاء الأم، أو تأخير حصولها على الطلاق أو النفقة\"، مشيرة إلى أن من الخطوات المهمة التي اتخذتها حكومة خادم الحرمين الشريفين البت السريع في قضايا الأحوال الشخصية، ومنع تضرر طرف على حساب آخر.\n من ناحيته، أكد المستشار القانوني المحامي ريان مفتي صحة مجريات القضية، وقال إن \"واقعة حصول الأب على حكم واجب التنفيذ شابها تحايل وتلاعب\".\n وبين أنه \"لا يجوز الحكم غيابيا إلا بعد تغيب الزوجة \"المدعية\" عن الحضور بعد تبليغها لثلاث جلسات، وإذا تخلفت عن الحضور يحق للقاضي أن يصدر حكما غيابيا قابلا للطعن والاستئناف، بعد 30 يوما من تبليغها شخصيا\"، مشيرا إلى وجود تزوير في تبليغ الزوجة بمواعيد الجلسات.\n وأكد مفتي أنه \"في هذه الحالات يحق للزوجة الرفع للمحكمة العليا لإلغاء الحكم، وإعادة النظر فيه بدلا من رفعها قضية منفصلة، قد يتم الحكم فيها برد الدعوى لوجود قضية سابقة قد حكم فيها\". ",
    "date_extracted": "2015-08-01 08:11:36"
}