{
    "url": "http://www.alwatan.com.sa/Local/News_Detail.aspx?ArticleID=230560&CategoryID=5",
    "title": "تشكيل لجنة بالقصيم للفصل في الطعون",
    "author": "بريدة: تركي المحارب",
    "content": " أصدر وزير الشؤون البلدية والقروية المهندس عبداللطيف آل الشيخ قرارا بتشكيل لجنة الفصل في الطعون والمخالفات الانتخابية بمنطقة القصيم. وتضمن تشكيل اللجنة تعيين الدكتور سليمان بن ناصر العجاجي رئيسا، وعضوية خالد بن عبدالعزيز اليحيى، وعلي بن محمد الجمعة.\n وتختص اللجنة بالنظر في المخالفات الانتخابية والطعون التي تقدم ضد قرارات اللجان الانتخابية والتحقق منها في حدود اختصاصها المكاني والبت فيها وفقا لنظام المجالس البلدية واللوائح الصادرة تنفيذا لها.\n يأتي ذلك ضمن الاستعدادات المكثفة تمهيدا لانطلاق الدورة الثالثة للانتخابات البلدية، حيث أنهت اللجنة المحلية للانتخابات البلدية بمنطقة القصيم تجهيز 83 مركزا انتخابيا على مستوى منطقة القصيم، منها 30 مركزا للنساء.  ",
    "date_extracted": "2015-07-31 04:05:09"
}