{
    "url": "http://www.alwatan.com.sa/Local/News_Detail.aspx?ArticleID=230708&CategoryID=5",
    "title": "التسريع يختصر سنة  لستة طلاب بينبع",
    "author": "ينبع: أحمد العمري",
    "content": " نجح ستة من الطلاب والطالبات الموهوبين في محافظة ينبع في اختصار سنة دراسية، والانتقال إلى المرحلة التي تليها وفق نظام التسريع الذي قامت بإجرائه وزارة التعليم على الطلاب الموهوبين والموهوبات علمياً، ممن أبدوا تفوقاً غير عادي في عدد من المدارس التابعة للإدارة بمحافظة ينبع.\n وأصدر وزير التعليم الدكتور عزام الدخيل قرارا بتسريعهم بعد اجتيازهم اختبارات التسريع للعام الدراسي ١٤٣٥ /١٤٣٦ لصفوف أعلى بناء على النتائج النهائية لتفوقهم غير العادي.\n وأكد مدير التعليم بمحافظة ينبع محمد العقيبي، أن الطلاب الجاري تسريعهم سيتم إخضاعهم لبرنامج خاص لمدة أربعة أسابيع للتأكد من تكيفهم النفسي والاجتماعي والمعرفي مع صفوفهم الجديدة، وتقوم لجنة التوجيه والإرشاد في المدرسة بمتابعة الطلاب والطالبات الذين تم تسريعهم في المرحلة الجديدة نفسياً واجتماعيا، ثم رفع تقرير عن حالة الطالب بعد انتهاء الفترة التجريبية إلى لجنة التسريع بإدارة \"التعليم\".\n وأضاف أنه ابتداءً من هذا العام سيتم استحداث فصول خاصة للموهوبين وفق الضوابط الخاصة المعتمدة بقرار وزير التعليم.\n وبلغ عدد الطلاب الذين اجتازوا نظام التسريع على مستوى المملكة في المرحلة الابتدائية 89 طالبا وطالبة ينقلون من الصف الرابع إلى الصف السادس الابتدائي، وفي المتوسطة 87 طالبا وطالبة ينقلون من الصف الأول المتوسط إلى الصف الثالث المتوسط.  ",
    "date_extracted": "2015-08-02 22:42:40"
}