{
    "url": "http://www.alwatan.com.sa/Local/News_Detail.aspx?ArticleID=230670&CategoryID=5",
    "title": "المدينة تسهر مع أوبريت الحزم",
    "author": "أبها: الوطن",
    "content": " تضيء سماء مدينة أبها عروض الصوت والضوء والألعاب النارية يوميا من على حديقة بحيرة السد، ضمن فعاليات مهرجان أبها يجمعنا.\n وتستمر العروض التي تنفذها إحدى الشركات العالمية ٤٠ يوما، يتخللها أوبريت \"الحزم\" ومسابقات ثقافية للأطفال وعروض بهلوانية، تقوم بها إحدى أهم الفرق الصينية، وأيضاً نوافير مائية، وعروض الصور الوطنية والبيئية على امتداد ٣٠٠ متر على سد أبها.\n من جهته، أوضح المدير العام للشركة الوطنية السياحية \"سياحية\" المهندس صالح قدح أن الفعالية تحظى باهتمام الزوار للمنطقة كبارا وصغارا، ويقبل على مشاهدتها الآلاف يوميا علي مدرج بحيرة السد الذي يستوعب نحو ٢٠٠٠ شخص.\n وأضاف: \"الفعالية من الفعاليات التي تميز منطقة عسير على امتداد سنوات طويلة، وهي تحظى برعاية مجلس التنمية السياحي بالمنطقة برئاسة أمير المنطقة رئيس المجلس الأمير فيصل بن خالد\".  ",
    "date_extracted": "2015-08-01 08:15:29"
}