{
    "url": "http://www.alwatan.com.sa/Economy/News_Detail.aspx?ArticleID=230612&CategoryID=2",
    "title": "استقرار التضخم في اليورو",
    "author": "بروكسل: رويترز",
    "content": " استقر معدل التضخم في منطقة اليورو دون تغيير في يوليو مع استمرار هبوط أسعار الطاقة الذي أبطل تأثير ارتفاع أسعار السلع الصناعية والخدمات.وقال مكتب إحصاءات الاتحاد الأوروبي (يوروستات) أمس إن أسعار المستهلكين في الدول التسع عشرة الأعضاء بمنطقة اليورو ارتفعت 0.2% على أساس سنوي في يوليو، وهي النسبة نفسها التي زادت بها في يونيو.ووافقت التقديرات الأولية توقعات السوق رغم تقارير صدرت الخميس عن تضخم نسبته 0.1% فقط في ألمانيا وعودة إسبانيا إلى انكماش الأسعار في يوليو.\n   ",
    "date_extracted": "2015-08-01 08:15:42"
}