{
    "url": "http://www.alwatan.com.sa/Sports/News_Detail.aspx?ArticleID=230539&CategoryID=6",
    "title": "الهلال يكسب أخيسار التركي ويواجه العين",
    "author": "الرياض: عادل القرني",
    "content": " xفاز الفريق الأول لكرة القدم بنادي الهلال على أخيسار سبور التركي 2/ صفر في مباراته الودية الثانية ضمن معسكره الإعدادي في النمسا، سجلهما ألميدا وعبدالعزيز الدوسري. وحرص المدير الفني للفريق اليوناني دونيس على مشاركة غالبية اللاعبين في المباراة للوقوف على جاهزيتهم. وكان الهلال خسر مباراته الأولى أمام غازي عنتاب التركي صفر/1، وتبقت للفريق مباراتان، حيث سيلعب أمام العين الإماراتي بعد غد، فيما ستكون المباراة الأخيرة للفريق أمام هيلارس فيرونا الأربعاء المقبل، والتي سينهي الهلال بعدها معسكره التحضيري، وسيغادر إلى لندن من أجل التحضير لمواجهة النصر في مباراة السوبر السعودي في 12 أغسطس، وسيعود بعدها الفريق إلى الرياض استعدادا لبدء مشواره في دوري عبداللطيف جميل للمحترفين ودوري أبطال آسيا.\n وكان الهلال أجرى مرانا صباح أمس كان بمثابة التحضير للقاء فريق أخيسار سبور التركي، ركز فيه اليوناني دونيس على النواحي التكتيكية، واختتمها بتدريبات على الكرات العرضية، ولم يشارك في المران اللاعبان ياسر الشهراني وسعود كريري اللذان اكتفيا بالجري حول الملعب في حين واصل الثلاثي عبدالله عطيف، عبدالمجيد السواط، وياسر القحطاني برامجهم التأهيلية في النادي الصحي، فيما خضع سالم الدوسري إلى برنامج تأهيلي بالجري حول الملعب، وقام اللاعب نواف العابد بأداء مرانه بالجري حول الملعب على سرعات مختلفة، وأداء تدريبات بدنية، ضمن برنامجه الإعدادي الذي يسبق عودته إلى مزاولة الكرة بعد الإصابة التي لحقت به أخيرا. ",
    "date_extracted": "2015-07-31 04:01:19"
}