{
    "url": "http://www.alwatan.com.sa/Nation/News_Detail.aspx?ArticleID=230139&CategoryID=3",
    "title": "فيلم سلمان خان يتحدى الإدانة",
    "author": "بومباي: الوكالات",
    "content": " على الرغم من إصدار حكم إدانة ضد الممثل الهندي سلمان خان في جريمة قتل، إلا أن فيلمه الجديد حقق نجاحا كبيرا في السينما الهندية خلال أيام العيد الماضية. وبلغت إيرادات فيلم \"باجرانجي\" في الأسبوع الأول نحو 148 مليار روبية، متفوقا على ما حققته أفلام لعامر خان وشاه روخ خان عند عرضها. \n ولم يتوقف نجاح الفيلم عند الهند فقط، فهو يتصدر حاليا شباك تذاكر السينما الباكستانية، متوفقا على أفلام عدة، ويتوقع له في الأيام المقبلة تحقيق نجاح أكبر ومزيد من الإيرادات.\n وعلى الرغم من المشكلات التي وقع فيها سلمان خان في الفترة الماضية، على رأسها الحكم عليه بالسجن مدة خمس أعوام، في القضية المتهم فيها بقتل شخص وإصابة أربعة آخرين في حادث سير وقع في 2002، إلا أن هذا لم يؤثر في نجاح الفيلم وجماهيرية الممثل الهندي. ",
    "date_extracted": "2015-07-27 18:27:26"
}