{
    "url": "http://www.alwatan.com.sa/Citizen_Journalist/News_Detail.aspx?ArticleID=230106&CategoryID=9",
    "title": "السيرك العالمي يواصل فقراته الشيقة",
    "author": "",
    "content": " يواصل السيرك العالمي في أرض الفعاليات بأبحر الشمالية، فعالياته بنجاح لليوم العاشر، حيث استقطبت العروض المدهشة آلاف الزوار وأتاحت لهم قضاء أوقات ممتعة من المرح والتشويق، ويستمر السيرك في تقديم استعراضاته الممتعة على مدى 30 يوماً، ضمن فعاليات مهرجان جدة غير 36. ويأتي تنظيم فعالية السيرك العالمي ضمن إطار حرص محافظة جدة والغرفة التجارية، على إطلاق المبادرات الترفيهية الشيقة التي تضفي مزيجاً من الترفيه والتسلية للجمهور، ويضم السيرك نخبة من الفنانين والمحترفين من روسيا وأوكرانيا وأوزبكستان. وقال رئيس اللجنة المنظمة وليد الفي، إن إقامة السيرك فكرة خططت لها منذ فترة، وكانت فكرتي أن يكون هناك سيرك هذا العام ضمن فعاليات جدة غير 36 يستمتع به سكان وزوار جدة. ",
    "date_extracted": "2015-07-27 18:37:25"
}