{
    "url": "http://www.alwatan.com.sa/Local/News_Detail.aspx?ArticleID=230162&CategoryID=5",
    "title": "وظائف أكاديمية بمدينة الملك عبدالعزيز للعلوم",
    "author": "الرياض: الوطن",
    "content": " أعلنت مدينة الملك عبدالعزيز للعلوم والتقنية عن توافر عدد من الوظائف الأكاديمية على كادر أعضاء هيئة البحث العلمي \"باحث، باحث أ، وأستاذ بحث مساعد\" للسعوديين والسعوديات من حملة البكالوريوس والماجستير والدكتوراه في مجالات الهندسة والعلوم المختلفة.\n واشترطت المدينة ألا يقل التقدير العام للمتقدم عن جيد جدا، وأن يكون حاصلا على الشهادة من إحدى الجامعات المعتمدة، مشيرة إلى أن الفرصة ستتاح للمقبولين بالعمل في المشاريع التي تنفذها المعاهد والمراكز البحثية في المدينة، إضافة إلى الالتحاق بدورات تدريبية متخصصة، والمشاركة في المؤتمرات والندوات، والابتعاث للدراسات العليا في أفضل الجامعات العالمية طبقا لضوابط المجلس العلمي بالمدينة.\n ودعت المدينة الراغبين بالانضمام لكادر أعضاء هيئة البحث العلمي بالمدينة ممن تنطبق عليهم الشروط إلى التقديم على الوظائف المذكورة عبر الموقع الإلكتروني للمدينة http://careers.kacst.edu.sa/. ",
    "date_extracted": "2015-07-27 18:34:10"
}