{
    "url": "http://www.alwatan.com.sa/Local/News_Detail.aspx?ArticleID=230571&CategoryID=5",
    "title": "الصحة تبدأ تجهيز مواقعها  في المشاعر المقدسة",
    "author": "مكة المكرمة: حسن الناصري",
    "content": " كشف مدير إدارة الحج والعمرة بمنطقة مكة المكرمة الدكتور موفق أبو طالب عن بدء تجهيز المواقع الصحية في الحج الأمر الذي يتطلب وقتا كافيا وجهدا متواصلا في ظل الجهود الكبيرة والإمكانات التي وفرتها حكومة خادم الحرمين الشريفين الملك سلمان بن عبد العزيز.\n وأوضح أبو طالب أنه تم مباشرة جميع مديري المواقع الصحية بالمشاعر المقدسة من مطلع الشهر الجاري، للوقوف على التجهيزات التي تحتاج إلى جهد كبير حيث تم تكليف الدكتور عبدالحكيم بافرج مديرا لمستشفى عرفات العام، والدكتور وائل مطير لمستشفى جبل الرحمة، و الدكتور محمد سمبس لمستشفى نمرة، والدكتور عاهد عقيل لمستشفى شرق عرفات، والدكتور إياد مؤذن للمراكز الصحية بعرفات وخط المشاة، والدكتور أيمن يماني لمستشفى منى الطوارئ، والدكتور حاتم خوقير لمستشفى منى الجسر، والدكتور خالد الشهراني لمستشفى منى الشارع الجديد، والدكتور محمد حمزة مليباري لمستشفى منى الوادي، والدكتور أيمن ترمزي للمراكز الصحية بمنى وبمنشأة الجمرات.\n وذكر الدكتور أبوطالب أنه من مهمات مديري المواقع متابعة التجهيز وفحص الأجهزة الطبية والأنظمة غير الطبية مثل شبكة الغازات الطبية، وتشمل نظام الأكسجين والهواء الطبي وأنظمة السلامة، وتشمل شبكة إطفاء وإنذار الحريق والتمديدات الكهربائية والمولدات الكهربائية الاحتياطية والتكييف المركزي وثلاجة الموتى وشبكة المياه وأنظمة الاتصال، والتأكد من صيانة الأجهزة الطبية ومدى جهوزيتها للعمل. كما يندرج ضمن عقود الصيانة أعمال النظافة، إضافة إلى متابعة القوى العاملة والحاجات الطبية والأدوية، والتأكد من توريدات الإحلال الطبي وغير الطبي للموقع، إضافة إلى التأكد من أن جميع الاستعدادات تم الانتهاء منها قبل بدء الموسم، والحرص على أن تكون المواقع جاهزة للعمل مع مطلع ذي الحجة المقبل.  ",
    "date_extracted": "2015-07-31 04:04:58"
}