{
    "url": "http://www.alwatan.com.sa/Local/News_Detail.aspx?ArticleID=230555&CategoryID=5",
    "title": "الإطاحة بــ112 ألف مخالف بمنطقة مكة",
    "author": "جدة: محمد الزايد",
    "content": " كشف المتحدث الإعلامي لشرطة منطقة مكة المكرمة العقيد الدكتور عاطي القرشي أن الجهات الأمنية بشرطة المنطقة تمكنت خلال الأشهر الثلاثة الماضية من ضبط نحو 112 ألفا و686 مخالفا لأنظمة العمل والإقامة.\n وأكد في تصريح صحفي أمس أن ذلك تم من خلال الجهود التي تقوم بها القوات الأمنية الميدانية لضبط مخالفي نظام الإقامة والعمل، مشيرا إلى أنه تمت إحالة جميع المخالفين للجهات المختصة ﻹكمال الإجراءات اللازمة.\n وأكد العقيد القرشي أن الحملات الميدانية ما زالت مستمرة بمتابعة وإشراف مدير شرطة منطقة مكة المكرمة اللواء عبدالعزيز بن عثمان الصولي، وذلك لضبط مخالفي أنظمة الإقامة والعمل، داعيا جميع المواطنين والمقيمين إلى التعاون مع الجهات الأمنية وعدم التستر على المخالفين، مشددا على تطبيق العقوبات الصارمة بحق المخالفين والمشغلين أو المتسترين عليهم.  ",
    "date_extracted": "2015-07-31 04:05:12"
}