{
    "url": "http://www.alwatan.com.sa/Sports/News_Detail.aspx?ArticleID=230763&CategoryID=6",
    "title": "الأخضر الشاب يكسب ليفنتي",
    "author": "أبها: الوطن",
    "content": " نجح المنتخب السعودي لكرة القـدم لدرجــة الشباب في التغلب على فريق  ليفنتي الإسباني 1/صفر، في اللقاء الودي  للأخضر الشاب ضمن برنامج معسكره الإعدادي المقام حاليا في مدينة فالنسيا الإسبانية، سجله عمار النجار (ضربة جزاء)، وكان الشوط الأول انتهى بالتعادل السلبي.\n من جهته، أكد مدرب المنتخب السعودي، الوطني سعد الشهري أن فوز شباب الأخضر في أولى اللقاءات الودية خلال المعسكر الحالي يعد خطوة إيجابية تؤكد  تجانس اللاعبين وارتفاع معدلاتهم اللياقية، وحرصهم على تنفيذ ما هو مطلوب منهم داخل الملعب بدقة، مشيرا إلى أن اللاعبين لازالوا بحاجة إلى المثابرة والتوجيه الصحيح. ",
    "date_extracted": "2015-08-02 22:42:48"
}