{
    "url": "http://www.alwatan.com.sa/Politics/News_Detail.aspx?ArticleID=230629&CategoryID=1",
    "title": "سورية.. التحالف يدمر جسرين للدواعش",
    "author": "إسطنبول، دمشق، بيروت: طه عودة، الوكالات",
    "content": " فيما أعلنت وزارة الخارجية التركية أمس أن موقف الحكومة العراقية \"السلبي\" من الضربات الجوية التركية لمعسكرات حزب العمال الكردستاني في شمال العراق \"مخيب للآمال\" ويصعب قبوله، أعلن التحالف الدولي من واشنطن أن قواته، ضربت أهدافا عدة لداعش في المنطقة الحدودية الشرقية لسورية بهدف الحد من حرية تنقل داعش.\n وقال رئيس أركان الائتلاف الجنرال كيفن كيليا: سيكون لهذه الضربات أثر عميق على قدرة داعش على تنفيذ عمليات في العراق لا سيما في الرمادي، عاصمة الأنبار.\n من جانبه قال مدير المرصد السوري لحقوق الإنسان رامي عبدالرحمن، أن الائتلاف الدولي بقيادة أميركية نفذ غارات جوية على جسرين استراتيجيين في محافظة دير الزور في شرق سورية يقعان على طريقين رئيسيين يستخدمهما تنظيم داعش بين سورية والعراق، بحسب ما ذكر المرصد السوري لحقوق الإنسان.\n وقال عبدالرحمن: تهدم جزء كبير من جسرين رئيسيين في ريف دير الزور جراء استهدافهما بغارات من طائرات حربية تابعة للائتلاف بضربات عدة بعد منتصف ليل أول من أمس، مشيرا إلى أن أهميتهما تكمن في أن تنظيم داعش يستخدمهما في تحركاته بين سورية والعراق.\n وأوضح أن أحد الجسرين، يصل بين مدينة البوكمال وقرية الباجوز ويمر فوق نهر الفرات، والثاني يصل بين البوكمال وقرية السويعية على الحدود العراقية ويمر فوق نهر صغير متفرع من الفرات.\n وقال عبدالرحمن إن الضربات، لا تقطع الطريق على التنظيم نحو العراق، لكنها تجعل تحركاته أكثر صعوبة، مشيرا إلى أن أهمية الجسرين تكمن في أن \"تنظيم داعش يستخدمهما للتنقل\" بين البلدين، وتدميرهما \"سيجعل التحركات تستغرق وقتا أطول، وستكون التحركات مكشوفة أكثر.\n وسيطر داعش على مجمل محافظة دير الزور في صيف 2014 بما فيها مدينة البوكمال، ونجح في ربط المناطق التي يسيطر عليها في شرق سورية بتلك الواقعة تحت سيطرته في محافظة الأنبار غرب العراق.\n إلى ذلك أظهر فيديو نشر على موقع \"يوتيوب\" أمس استعدادات المعارضة السورية، تمهيداً للاقتحام الوشيك لقلب درعا المدينة التي تتحصن بها قوات النظام السوري.\n وقتل عنصران من الشرطة التركية بالرصاص صباح أمس في منطقة أضنة (جنوب)، في هجوم جديد نسبته السلطات إلى التمرد الكردي وسط تزايد التوترات في البلاد وإطلاق عملية عسكرية تركية ضد المتشددين في سورية والعراق.  ",
    "date_extracted": "2015-08-01 08:15:05"
}