{
    "url": "http://www.alwatan.com.sa/Local/News_Detail.aspx?ArticleID=230542&CategoryID=5",
    "title": "القتل تعزيرا لمهرب مخدرات",
    "author": "الرياض: واس",
    "content": " نفذت وزارة الداخلية أمس حكم القتل تعزيرا في مهرب مخدرات بمنطقة الرياض. وذكرت في بيان لها أنه تم القبض على المدعو قاسم محمد الهلال \"سوري الجنسية\" إثر قيامه بتهريب كمية كبيرة من حبوب الإمفيتامين المحظورة، وأسفر التحقيق معه عن اتهامه بما نسب إليه، وبإحالته إلى المحكمة العامة صدر بحقه صك شرعي يتضمن ثبوت إدانته بما نسب إليه، والحكم بقتله تعزيرا. وجرى تنفيذ حكم القتل في الجاني أمس بمحافظة حريملاء في منطقة الرياض. ",
    "date_extracted": "2015-07-31 04:00:55"
}