{
    "url": "http://www.alriyadh.com/1067238",
    "title": "اعتقال أكثر من 200 مدرس خلال تظاهرة في طهران",
    "author": "باريس - أ ف ب",
    "content": "    اعتقل أكثر من 200 مدرس إيراني الأربعاء خلال عملية قمع لمظاهرة في العاصمة الإيرانية طهران، حسب ما أعلنت المعارضة في المنفى. وحسب المجلس الوطني للمقاومة الإيرانية، فإن المظاهرة التي انطلقت صباح الأربعاء قرب مجلس الشورى ضمت حوالي ألفي مدرس للمطالبة بإطلاق سراح زملاء لهم، وأضاف في بيان أن قوات الأمن التي انتشرت بأعداد كبيرة فرقت المظاهرة بالقوة. يشار إلى المجلس الوطني للمقاومة الإيرانية ومقره في المنطقة الباريسية في فرنسا هو تحالف سياسي يضم مجموعات معارضة للنظام الإيراني ومن بينها مجاهدو خلق وهو منظمة كان الاتحاد الأوروبي يعتبرها حتى العام 2008 \"إرهابية\" والولايات المحدة حتى العام 2012. ",
    "date_extracted": "2015-07-23 19:15:44"
}