{
    "url": "http://www.alriyadh.com/1067274",
    "title": "الجوازات: تصحيح أوضاع 363 ألف يمني",
    "author": "الرياض - واس",
    "content": "    أوضحت المديرية العامة للجوازات أن عدد المصحح وضعهم من الأشقاء اليمنيين في مختلف مراكز التصحيح بمناطق المملكة حتى الساعة الواحدة من مساء اليوم الخميس, بلغ 363,378 شخصاً , مستفيدين بذلك من التوجيه السامي من خادم الحرمين الشريفين -حفظه الله- قبل أكثر من شهرين من الآن. ودعت الجوازات الأشقاء اليمنيين ممن تنطبق عليهم شروط الحصول على هوية زائر, إلى سرعة مراجعة مراكز التصحيح واستيفاء متطلبات التصحيح، وأكدت بأن من يحصل على وثيقة من سفارة بلاده فقط دون الحصول على هوية زائر, فإن الوثيقة لوحدها لا تخوله في البقاء داخل المملكة بوضع نظامي . وأشارت المديرية إلى أنه بالإمكان معرفة الشروط والاطلاع على متطلبات ومواقع التصحيح في المملكة من خلال زيارة موقع المديرية العامة للجوازات على الرابط الإلكتروني . ",
    "date_extracted": "2015-07-23 19:15:32"
}