{
    "url": "http://www.alriyadh.com/1067063",
    "title": "د. الدخيّل يجتمع بمديري التعليم ويؤكد بدء الدراسة في موعدها المحدد",
    "author": "الرياض - راشد السكران",
    "content": "    أكد وزير التعليم د. عزام بن محمد الدخيّل في اجتماعه بمديري التعليم صباح أمس بالوزارة على بدء الدراسة في موعدها المحدد، وضرورة تحقيق البداية الجادة للعام الدراسي المقبل ١٤٣٦- ١٤٣٧ه. وتطرق الاجتماع إلى ضرورة العمل على ترحيل المقررات الدراسية قبل بدء الدراسة وتوزيعها على المدارس وفق احتياج كل مدرسة، إضافة لأهمية الرصد المبكر لاحتياج المدارس وتأمينها وفق صلاحيات مديري التعليم، والطلب بشكل عاجل من الوزارة لأي دعم تحتاجه إدارات التعليم. وتضمن الاجتماع أهمية جاهزية إدارات التعليم لبدء العام الدراسي الجديد وصيانة ونظافة المدارس، والاطمئنان على تكامل وجاهزية حراس المدارس، وضرورة إعداد لجان لمتابعة انتظام الطلبة والمعلمين في مكاتب الإشراف، وتنفيذ برنامج استقبال الطلبة وتهيئتهم للدخول في جو العمل المدرسي من خلال برامج ترفيهية وتعريفية بالمدرسة ومرافقها، مع زيادة التواصل مع أولياء الأمور وربط المدرسة بالمجتمع ومؤسساته. كما تمت مناقشة تبني مبادرات نوعية على مستوى إدارة التعليم تسهم في تعزيز الشراكة المجتمعية وزيادة مشاركة القطاع الخاص في برامج التعليم. من جهتهم، أكد مديرو التعليم جاهزية المدارس لبدء العام الدراسي الجديد، فيما أشار مديرو تعليم الحد الجنوبي إلى أن هناك لجنة مشكلة برئاسة وزير التعليم لإنهاء الاستعدادات لبدء العام الدراسي في مدارس الحد الجنوبي بشكل منتظم. وكان وزير التعليم قد بدأ اجتماعه بمديري التعليم بالتركيز على ماتضمنه برنامج \"فطن\" الخاص بوقاية الطلاب والطالبات من الانحرافات الفكرية والمشكلات السلوكية، كما تم التأكيد على أهمية تنمية مهاراتهم الشخصية والاجتماعية لمساعدتهم في اكتساب المهارات الحياتية التي تجعلهم قادرين على قيادة ذواتهم بإيجابية. إلى ذلك، أكد وزير التعليم في الاجتماع الأول للجنة العليا لإدارات ومدارس الحد الجنوبي والذي عقده في مكتبه صباح أمس مع مديري إدارات التعليم في الحد الجنوبي على أهمية مراعاة سلامة الطلاب والطالبات واتخاذ الإجراءات اللازمة لذلك، مبيناً استمرار التفويض لمديري التعليم فيما يخص تعليق الدراسة. ووجه د. الدخيّل بتأمين كافة الاحتياجات للإدارات والمدارس بما يضمن استمرار التعليم والتعلم للطلاب والطالبات بالطرق الحديثة المناسبة. ",
    "date_extracted": "2015-07-23 19:14:52"
}