{
    "url": "http://www.alriyadh.com/1067049",
    "title": "روسيا: رفض إدعاءات فريمبونج بتعرضه لإساءة عنصرية",
    "author": "موسكو - رويترز",
    "content": "    قال الاتحاد الروسي لكرة القدم الأربعاء إنه رفض إدعاءات لاعب الوسط الغاني إيمانويل فريمبونج بأنه تعرض لإهانة عنصرية من جانب جماهير سبارتاك موسكو في الأسبوع الماضي. وأضاف الاتحاد أن لجنة الانضباط التابعة له لم تتوصل لأي أدلة تثبت تعرض فريمبونج لاعب فريق أوفا لأي إهانة عنصرية عن طريق ترديد أصوات القردة له خلال مباراة فريقه في الجولة الأولى من الدوري الروسي الممتاز يوم الجمعة الماضي. وطرد فريمبونج (23 عاما) بعد أن صدرت عنه إشارة غير لائقة تجاه الجماهير ردا على الإساءة العنصرية حسبما يدعي وقال الاتحاد الروسي في بيان انه عاقب اللاعب بعد ذلك بالإيقاف لمباراتين. وقال ارتور جريجوريانتس رئيس لجنة الانضباط للصحفيين \"مفتش المباراة ومراقب المباراة لم يسجلا أي انتهاكات للنظام والالتزام من جانب جماهير سبارتاك موسكو تجاه فريمبونج خلال المباراة.\" وأضاف المسؤول الروسي \"لم نجد أي أحداث عنصرية. ولا يوجد ما يدعو لاتخاذ أي إجراءات تأديبية ضد سبارتاك.. عوقب فريمبونج بالإيقاف لمباراتين بسبب الإشارة المسيئة التي وجهها للجماهير\"، وقال الكسندر ميتين مسؤول الأمن في الدوري الروسي إنه لم يثبت قيام مشجعي سبارتاك موسكو بأي إساءة عنصرية ضد فريمبونج. وقال ميتين في مقابلة مع احد المواقع الرياضية الروسية \"كاميرات المراقبة لم تلتقط أي دليل. لم توجه أي إشارات للاعب.. كما سألنا المراقبين داخل الملعب ولم يروا أي شيء من جانب المشجعين.\" ",
    "date_extracted": "2015-07-23 19:15:47"
}