{
    "url": "http://www.alriyadh.com/1067104",
    "title": "بلدية بقيق تختتم فعاليات عيد الفطر",
    "author": "بقيق - محمد الغامدي",
    "content": "    انتهت في محافظة بقيق فعاليات الاحتفال بعيد الفطر المبارك التي نظمتها بلدية المحافظة بالتعاون مع لجنة التنمية الاجتماعية ونادي الإشعاع الرياضي، وافتتحها محافظ بقيق محمد المتحمي. وأوضح مدير عام إدارة العلاقات العامة والإعلام والمتحدث الإعلامي محمد بن عبدالعزيز الصفيان أن فقرات العيد الفطر المبارك اختتمت الأحد، حيث استمر فعالياته ثلاثة أيام منذ انطلاقه في أول أيام العيد، بمتابعة مباشرة من رئيس البلدية الدكتور علي السواط؛ وأضاف الصفيان أن المهرجان تضمن فقرات عديدة من ضمنها مهرجانات للأطفال والعوائل ومسابقات وألعاب وهدايا وأمسيات شعرية وشيلات والعرضة السعودية والألعاب النارية. ",
    "date_extracted": "2015-07-23 19:16:08"
}