{
    "url": "http://www.alriyadh.com/1067178",
    "title": "ظل",
    "author": "شِعر - بكر هذال",
    "content": "    المسَعد اللي يحفظه عالم الغيب ومن صالح الأعمال يملا سجلّه ويحفظ فعاله من هل الشك والريب واجب على المسلم طريقه يدلّه تنبهوا يا ناس وأدّوا المواجيب قبل العمر يقضي ويطوى سجلّه الأيام تطوى مثل طيّ المكاتيب كل العمل محسوب دقّه وجلّه ",
    "date_extracted": "2015-07-23 19:15:23"
}