{
    "url": "http://www.alriyadh.com/1066711",
    "title": "مواطنون ومقيمون: تنوع وتجدد الفعاليات يؤكد حرص واهتمام أمانة الرياض",
    "author": "الرياض - استطلاع – علي الحضان",
    "content": "    أبدى عدد من زوار مهرجان احتفالات أمانة منطقة الرياض سعادتهم بالدور الكبير الذي تقوم به الأمانة من خلال فعالياتها المختلفة التي تجاوزت 200 فعالية في 433 موقعا موزعة على أحياء مدينة الرياض والتي شملت كبار السن والشباب والأطفال والنساء لإدخال الفرحة والسرور عليهم وأشاروا إلى تجدد الفعاليات هذا العام مؤكدين رضاهم بتلك الجهود الكبيرة التي تقدمها الأمانة لإسعاد زوار العاصمة \"الرياض\" آراء المواطنين. ففي البداية قال محمد العمري: \"إننا سعداء بما شاهدناه من تنوع وتجدد في فعاليات هذا العام ما يؤكد حرص أمانة منطقة الرياض على رضا وسعادة الزوار فلهم كل الشكر والتقدير\". ووافقه عبدالعزيز الحارثي معبراً عن سروره بما شاهده بصحبة عائلته من فعاليات وعروض للطائرات والسيارات في ديراب وشمال الرياض والإمكانات الكبيرة التي تقدمها الأمانة لزوارها سعيا في إدخال البهجة والسرور عليهم. من جانبه، قال عمر صالح، \"جميل أن نرى الفرح والسرور على محيا الزوار وذلك بفضل الله ثم بفضل أمانة منطقة الرياض التي أوجدت العدد الكبير من الفعاليات التي تناسب أفراد الأسرة كمسرح الطفل والعروض الشعبية وكذلك العروض الرياضية\"، وبيّن أنه من خلال متابعته للكثير من الفعاليات التي أقيمت خلال الأيام الثلاثة التي مضت لدليل على الجهد الكبير في تنظيم وإعداد تلك الفعاليات والإشراف عليها لتخرج بهذا الشكل اللائق. وابدى المقيم أحمد محمد من مصر سروره قائلا إن أجمل ما تتميز به احتفالات الأمانة بعيد الفطر هو انتشارها وتوزيعها في الأحياء دون عناء من رب الأسرة مما يجعل الأسرة تشعر بالسعادة لقرب الفعالية من سكنها وهذا يحسب لأمانة منطقة الرياض وبدوري اقدم لها الشكر وللقائمين على تلك الفعاليات. أما محمد الفواز فيقول: \"إن مطالباتنا كشباب في الأعوام الماضية تكللت بالنجاح من خلال زيادة فعاليات الشباب وتكثيفها من خلال عروض السيارات المعدلة وسباق حاجز الزمن ومسابقات أخرى وكذلك المسرحيات المخصصة للسباب وعروض الطائرات شمال الرياض. وطالب علي المبخوت أمانة منطقة الرياض بتمديد أيام الفعاليات خمسة أيام بدلاً من ثلاثة أيام حتى تتمكن الأسر والشباب من مشاهدة الفعاليات جميعها وزيارة مواقعها مما سيكون له الأثر الجميل على الجميع وفي اعتقادي أن زيادة يومين ليس بالصعب على أمانة منطقة الرياض التي تسعى دائما إلى إسعاد الزوار\". أما عبدالرحمن سعد السلمان يقول: \"الجميل، إن العاصمة الرياض أصبحت وجهة عدد كبير من المحيطين بها من المحافظات القريبة والمراكز الأخرى لقضاء إجازة العيد بها والاستمتاع بفعاليات الأمانة التي أصبحت علامة فارقة يشار اليها بالبنان فالشكر لأمانة منطقة الرياض على هذه الجهود الكبيرة والإمكانات المميزة التي تقدمها للزوار دون مقابل لإسعاده ولا يفوتني أن اشكرهم على ما يبذلونه لكبار السن من تهيئة أماكن واستقبال يليق بهم فلهم شكري الخاص\". وفي ذات الصلة قال سلطان السياري: \"الجميع مطالب بالمحافظة على سلامة هذه الفعاليات ومقارها لتدوم وهذا اقل ما نقوم به كزوار لهذه الفعاليات\". من جانبه، قال الدكتور حطب حطاب من سورية جميل ان نشاهد الاهتمام بتخصيص فعاليات لذوي الاحتياجات الخاصة من المعاقين والصم وزيارة المرضى المنومين في المستشفيات لرسم الابتسامة على وجوههم مما يجعل فعاليات عيد الفطر ترسم لوحة مشرقة تشع منها الفرحة والسرور وقال حمد الأحيمر: \"جميل أن نشاهد تطور مستمر وتنوع من فعالية لأخرى وهذا شيء يسعدنا ولاشك أن ذلك ساهم في إقناع الكثير من المواطنين لمتابعة تلك الفعاليات\". وأشار العم إبراهيم الرويشد إلى أن الحضور الكبير لهذه الفعاليات لدليل على نجاحها وعدول الكثير عن السفر للبلدان المجاورة لأن الفعاليات لدينا أفضل بكثير من غيرها نظرا للدخول المجاني والمشاهدة المجانية واللعب بالمجان وهذا يحسب لأمانة منطقة الرياض التي وفرت هذه الجهود في سبيل راحة المواطن والمقيم. وأشار الشاب محمد السهلي إلى أن \"العاصمة الرياض لا ينقصها شيء بفضل الله ثم بفضل جهود خادم الحرمين الشريفين الملك سلمان بن عبدالعزيز ومتابعة من صاحب السمو الملكي الأمير فيصل بن بندر أمير منطقة الرياض وإشراف مباشر من أمين منطقة الرياض المهندس إبراهيم السلطان فكبر مساحة مدينة الرياض ووجود فعاليات بهذا الحجم وهذا الترتيب جعل منها متنفسا للترفيه وقضاء أوقات ممتعة، إضافة إلى التسوق لوجود المولات والأسواق الكبرى فيها وهو ما تحققه أمانة الرياض بعيد الفطر وجميع المناسبات\". ",
    "date_extracted": "2015-07-22 09:57:27"
}