{
    "url": "http://www.alriyadh.com/1067016",
    "title": "جامعة أم القرى: بدء القبول لبرنامج الانتساب الأحد القادم",
    "author": "مكة المكرمة - واس",
    "content": "    أعلنت جامعة أم القرى بدء التقديم لبرنامج الانتساب للعام الجامعي 1436/1437هـ عبر بوابة القبول الموحد اعتباراً من يوم الأحد القادم لـ 2620 طالبا وطالبة. وأوضح عميد كلية خدمة المجتمع والتعليم المستمر الدكتور حامد بن صالح الربيعي أن القبول على درجة البكالوريوس انتساب سيكون متاحاً في 16 تخصصا بمشاركة 7 كليات بفروع الجامعة بمكة المكرمة والكلية الجامعية بالقنفذة والكلية الجامعية بالليث. وقال الدكتور الربيعي : إن الكليات المشاركة في برنامج القبول للانتساب بمقر الجامعة الرئيسي بمكة المكرمة هي كلية اللغة العربية من خلال تخصصات النحو والصرف والأدب والبلاغة ، وكلية الدعوة وأصول عبر أقسام الدعوة والثقافة الاسلامية والكتاب والسنة والعقيدة، بالإضافة إلى كلية العلوم الاقتصادية والمالية الاسلامية من خلال قسم الاقتصاد. وأشار إلى أن القبول سيكون متاحا في فرع الجامعة بالقنفذة عبر الكلية الجامعية بالقنفذة من خلال تخصصي الدراسات الاسلامية واللغة العربية، وفرع الكلية الجامعية بالليث من خلال تخصصي الدراسات الاسلامية واللغة العربية. ",
    "date_extracted": "2015-07-22 20:04:22"
}