{
    "url": "http://www.alriyadh.com/1067185",
    "title": "الأدب الشعبي بلا أندية",
    "author": "عبدالعزيز الصعب",
    "content": "    عندما ظهرت الأندية الأدبية قلنا بأن الأدب الشعبي سيكون له نصيب منها في الرعاية والاحتواء غير أننا لم نجد أي اهتمام أو احتواء لأدبنا الشعبي بل أصبحت تلك الأندية محصورة فقط على الفصحى دون غيرها. ومع معرفة الجميع بأن لدينا أدبا شعبيا قديما طالما أثرى الساحة الثقافية ومازال حتى وقتنا الحاضر إلا أنه أصبح يظهر بجهودٍ ذاتية من قبل المهتمين به والباحثين فيه ولذلك لم أكن أريد ذلك الإهمال إطلاقاً من تلك الأندية والقائمين عليها مع العلم أن الأدب الشعبي أدب قديم وكان ظهوره قديماً. منذ أن ظهر أدبنا الشعبي وهو لم يحظَ بأي اهتمام كأن يكون له مثلاً أندية خاصة به أسوة بالأندية الأدبية وفي هذا الصدد يتساءل البعض من المهتمين بالموروث الشعبي وأنواعه المتعددة لماذا لا يكون لدينا أندية للأدب الشعبي كالأندية الأدبية المنتشرة في مختلف المناطق، وهذا بالطبع سيعطي الأدب الشعبي الاتساع الأكثر والعمل الجاد والدؤوب بل وإبراز الكثير والكثير من معطيات هذا الأدب الجميل إضافة إلى إبراز العديد من المهتمين بموروثنا وآدابه علماً بأن الأدب الشعبي في مختلف المناطق يحظى بقاعدة جماهيرية كبيرة، ويتابعه الكثير من عشاق الأدب الشعبي بمختلف أنواعه وفنونه من خلال الاحتفالات والمناسبات المختلفة والمتنوعة. الشعراء والرواة الشعبيون يأملون أن يكون لهم مكان يمارسون فيه تطلعاتهم ورؤاهم المتعددة عن الموروث الشعبي ويكون لهم في ذات الوقت اجتماعاتهم وتصوراتهم عن الأدب الشعبي، إضافة إلى طباعة دواوين الشعراء والكتاب المنتمين لهذه الأندية الشعبية ومن هنا نجد أن هناك مساحة يستطيع من خلالها الشاعر الشعبي والباحث أن يمارس من خلالها إبداعاته تحت إشراف وضوابط. وقد يقول البعض بأن لدينا جمعيات للثقافة والفنون تهتم بالموروث الشعبي ولكني أقول هنا بأن تلك الأندية لم تقم بتفعيل ذلك الأدب الشعبي بالشكل المأمول والمطلوب إلا في النادر القليل ولذلك أتمنى أن يكون في تلك الجمعيات أندية خاصة بالأدب والموروث الشعبي المتعدد يتم فيها ممارسة الفعاليات المنوطة به. أخيراً: كثر المسافة والمدى قمت أناديك كثر الدموع اللي مع غربتي في الله ولا في وحدتي غير طاريك تطويني أيام الشتا ثلجها طي ",
    "date_extracted": "2015-07-23 19:16:55"
}