{
    "url": "http://www.alriyadh.com/1067061",
    "title": "ولي ولي العهد يناقش وكارتر تطوير التعاون الدفاعي بين المملكة وأميركا",
    "author": "جدة - واس",
    "content": "    عقد صاحب السمو الملكي الأمير محمد بن سلمان بن عبدالعزيز ولي ولي العهد النائب الثاني لرئيس مجلس الوزراء وزير الدفاع في مكتبه بجدة أمس اجتماعاً ثنائياً مع معالي وزير الدفاع الأميركي اشتون كارتر. وجرى خلال الاجتماع الثنائي مناقشة مجالات التعاون العسكري القائم بين البلدين. عقب ذلك عقد الأمير محمد بن سلمان ووزير الدفاع الأميركي اجتماعاً موسعاً بحثا خلاله أوجه التعاون بين البلدين خاصة في الجانب الدفاعي، والسبل الكفيلة بتطويره وتعزيزه، بالإضافة إلى بحث تطورات الأوضاع في منطقة الشرق الأوسط، والمساعي تجاهها، بما يضمن الاستقرار في المنطقة. حضر الاجتماع معالي مساعد وزير الدفاع الأستاذ محمد العايش ومعالي رئيس هيئة الأركان العامة الفريق أول ركن عبدالرحمن البنيان والملحق العسكري السعودي في واشنطن العميد طيار ركن يوسف الحربي، فيما حضره من الجانب الأميركي رئيس الأركان بمكتب وزير الدفاع إريك روزينباخ وكبير المساعدين العسكريين رونالد لويس والقائمة بأعمال مساعد وزير الدفاع لشؤون الأمن الدولي أليسا سلوتكين ونائب مساعد وزير الدفاع للشرق الأوسط اندرو اكسوم، وعدد من كبار المسؤولين في البلدين. ",
    "date_extracted": "2015-07-23 19:14:46"
}