{
    "url": "http://www.alriyadh.com/1066718",
    "title": "الهلال يرفع اسم 30 لاعباً للبطولة الآسيوية",
    "author": "الرياض - أسامة النعيمة، حمد الصويلحي",
    "content": "    رفعت إدارة نادي الهلال أمس (الاثنين) قائمة لاعبي الفريق الرسمية المكونة من 30 لاعباً، إلى الاتحاد الآسيوي لكرة القدم، الذين سيدخل بهم الأدوار النهائية لدوري ابطال آسيا للاندية بدءاً من مباريات دور الثمانية أمام لخويا القطري في ال25 من شهر أغسطس المقبل. وضمت الحراس خالد شراحيلي وعبدالله السديري وفهد الثنيان ومحمد الواكد، والمدافعين ديغاو وكواك وادواردوا والميدا وعبدالله الزوري وياسر الشهراني وعبدالله الحافظ واحمد شراحيلي ومحمد البريك وعبدالله الشامخ ومحمد جحفلي، ولاعبي الوسط سلمان الفرج وسعود كريري ونواف العابد وسالم الدوسري ومحمد الشلهوب ومحمد القرني وعبدالمجيد السواط وعبدالعزيز الدوسري وفيصل درويش وعبدالكريم القحطاني ويوسف السالم وياسر القحطاني ويونس العليوي وناصر الشمراني وخالد كعبي في الهجوم، وسيعتمد الاتحاد الآسيوي القائمة النهائية المكونة من 18 لاعباً لمباراة لخويا قبل 48 ساعة من انطلاق المواجهة، مع حرية الاختيار لهذا العدد في كل من مباراة على حدة، من قائمة اللاعبين الرسمية المعتمدة المكونة من 30 عنصراً. من جهة ثانية وصل مساء أمس المدافع الكوري الجنوبي كواك تاي هي الى معسكر الفريق التحضيري في سالزبورغ النمساوية وسينضم للتدريبات اليوم (الثلاثاء)، فيما أدى الفريق تدريباته في اول ايام المعسكر على فترتين صباحية ومسائية أدى خلالها الرباعي محمد جحفلي وياسر الشهراني وعبدالله الزوري وسلمان الفرج تدريباً لياقيًا بالجري حول الملعب في الحصة التدريبية الصباحية، قبل ان يشاركوا في الجزء الأول من التدريبات الجماعية للحصة المسائية باستثناء سلمان الفرج الذي تغيب عن التدريب المسائي لشعوره بآلام في الأسنان، وواصل عبدالله عطيف وياسر القحطاني وعبدالمجيد السواط برامجهم التأهيلية، في حين أدى نواف العابد برنامجًا إعداديًا لعضلات أسفل البطن. وسيواصل الفريق تدريباته اليوم بالمعسكر الإعدادي على فترتين تدريبيتين صباحية ومسائية. ",
    "date_extracted": "2015-07-22 09:58:16"
}