{
    "url": "http://www.alriyadh.com/1067224",
    "title": "ترتيبات «السوبر» تبدأ في السابع من أغسطس",
    "author": "الرياض - أسامة النعيمة",
    "content": "    قرر الاتحاد السعودي لكرة القدم عقد مؤتمر صحفي مشترك لمدربي الهلال والنصر يوم ١١ اغسطس المقبل في العاصمة البريطانية لندن أي قبل مواجهتهما على كأس السوبر السعودي ب٢٤ ساعة. وستوجه الدعوة لوسائل الإعلام المرئي والمقروء سواء من السعوديين أو الأجانب وتحديدا من الإعلام الانجليزي، وسيسمح للفريقين حق التدريب لمرة واحدة فقط على ملعب المباراة قبل إقامتها بيوم واحد، وسيكون هناك اجتماع فني يسبق الموقعة. ويبدأ أعضاء الاتحاد السعودي والشركة الراعية والمسوقة اعتبارا من السابع من اغسطس التوافد إلى لندن للقيام بالترتيبات الخاصة للمباراة، وتجهيز مراسم تتويج البطل. ",
    "date_extracted": "2015-07-23 19:14:51"
}