{
    "url": "http://www.alriyadh.com/1066686",
    "title": "حصة السعودية.. هدف اقتصادي",
    "author": "د. فهد محمد بن جمعة",
    "content": "    يعتقد البعض أن الاتفاق النووي بين مجموعة دول (5+1) وإيران سوف يؤدي إلى انهيار أسعار النفط العالمية في حالة رفع العقوبات عن إيران وزيادة صادراتها من 1.1 مليون برميل يومياً الى مليوني برميل يومياً على مدى عام، مما سيدفع السعودية إلى تخفيض إنتاجها للمحافظة على استقرار الأسعار. لكن هذا اعتقاد خاطئ فلن تغير السعودية سلوكها أو إستراتيجيتها السوقية حتى يتفق جميع المنتجين من الأوبك ومن خارجها على تخفيض إنتاجهم طبقاً لحجم الطاقة الإنتاجية والاحتياطي لكل منتج. إذ ان العبرة في تناقص إجمالي المعروض من النفط وليس زيادة معروض بلد بحد ذاته والذي سيقابله تناقص في معروض بلد آخر. إن زيادة صادرات إيران على المدى القصير بمقدار 500 ألف برميل يومياً وكذلك عودة ليبيا إلى إنتاجها لأكثر من 700 ألف برميل يومياً في اتجاه إنتاجها السابق عند 1.6 مليون برميل يوميا، سيدعم الأسعار على المدى المتوسط والطويل مع ارتفاع تكاليف الإنتاج في المدى القصير، مما سيقلص إنتاج بعض المنتجين وستصبح تلك التكاليف عاملا حاسما في تحديد المعروض مع نمو الطلب العالمي عند مستوى 1.1 مليون برميل يوميا. فكلما تغيرت عوامل السوق تغيرت آلية السوق تبعاً لذلك في اتجاه نقطة التوازن بين الطلب والعرض التي ستحدد أفضل الأسعار للمنتجين والمستهلكين على السواء. إن آلية الطلب والعرض غير مستقره في أسواق النفط بل تتأثر بالعوامل الاقتصادية والمضاربين والاضطرابات السياسية في المدى القصير، مما يؤدي إلى تقلبات الأسعار. لكن الأهم هي مستويات الأسعار على المدى المتوسط والطويل، حيث استمر نطاق متوسط سعر غرب تكساس الشهري بين 47-60 دولاراً وبرنت 47-64 دولاراً من يناير وحتى يونيو 2015م، أي بتراجع عن سعر غرب تكساس 95-106 دولارات وبرنت 107-112 دولاراً خلال نفس الفترة من عام 2014، أي بانخفاض نسبته 50%-43% لغرب تكساس و 55%-43% لبرنت. اذا نستطيع التعميم بأن متوسط الاسعار الحالية غير كاف لخروج بعض المنتجين ذوي التكاليف المرتفعة من الأسواق وسيبقى إجمالي الإنتاج عند حده الأعلى وبفائض يتجاوز الطلب. فان أي زيادة في صادرات الأوبك سوف ينعكس سلبيا على صادرات روسيا الى الأسواق الآسيوية وسوف تتوجه بعض تلك الزيادة الى الأسواق الأوروبية وخلق أسواق جديدة في شرق أوروبا ولكن بأسعار مخصومة الى سعر برنت. فما زالت الصناعات الثقيلة في الصين تعتمد بشكل كبير على النفط والمتوقع لها تحسن نموها مع تحسن النمو الاقتصادي الذي مازال عند 7%. كما ان قطاع السيارات في العالم مازال يعتمد بشكل رئيس على منتجات النفط وسيستمر ذلك على المدى المنظور بدون وجود بديل بتكاليف أقل. هكذا تسعى السعودية الى تعظيم حصتها السوقية بكل مرونة، حيث وصل إنتاجها حاليا إلى 10.6 ملايين برميل يوميا تماشيا مع نمو الطلب المحلي والعالمي. كما انها بدأت تنوع صادراتها وذلك بتصدير منتجات مكررة منها وقود الديزل الخفيف بكميات كبيرة (2.8 مليون برميل) لم يسبق ذلك من قبل. كما ان السعودية لها شركات في أسواق البلدان المستهلكة الرئيسة وسوف تزيدها من أجل التعمق في تلك الأسواق عند درجة عالية من المنافسة. إن إستراتجيه إنتاج النفط السعودية وتصديره لم تعد مبنية على الماضي أو الوقت الحاضر فقط بل تجاوزت ذلك الى النظرة المستقبلية البعيدة وما سوف يتخللها من معطيات جديدة سواء على مستوى الإنتاج او التكرير او حتى بدائل الطاقة المتاحة محليا وخارجيا ومدى تأثير ذلك على تعظيم عائدها الاستثماري عند معدل من المخاطرة المحسوبة. لقد نجحت استراتيجية الحصة السوقية وتساقطت أوراق التوت لحماية إيراداتنا النفطية من التغيرات السريعة التي تحدث في أسواق النفط في السنوات الأخيرة. فهنيئاً للوطن والاقتصاد على قرار الحسم نحو مستقبلٍ أفضل يعظم حصتنا النفطية لتحقيق أفضل الإيرادات الممكنة. ",
    "date_extracted": "2015-07-22 09:57:53"
}