{
    "url": "http://www.alriyadh.com/1067070",
    "title": "رائف أفندي.. الرجل العادي صاحب الحكاية المختلفة",
    "author": "«ثقافة اليوم»- طامي السميري",
    "content": "    عندما نقرأ الدفتر الأسود يتجلى لنا صوت رائف أفندي، عندها ندرك سر هذا الرجل السلبي الذي فقد كل معطيات الحميمية مع الناس ومع الحياة. لكن نلمس المفارقة في أن الرجل الذي دوّن هذا الدفتر هو رجل يكره الكتابة. فهو يعتقد أن الكتابة تفضح مكنونات الذات وتعريها. لذا لجأ إلى الرسم لكنه أيضا اكتشف أن الرسم أيضا يعري الذات فهجر الكتابة والرسم ولم يعد لهما إلا عندما رغب أن يفضي سره للدفتر الأسود فيبوح بالكتابة لذاته عن ذاته وأيضا عاد للرسم ليرسم زملاءه الموظفين في هيئة ساخرة تعوضه عن العلاقة الباهتة التي تجمعه معهم. منذ طفولة رائف افندي وتكوينه النفسي ينحاز إلى الوحدة والصمت والخيالات. هكذا وجد نفسه. لم يكن هناك قساوة في الحياة ولا عنف أسري تسببت في تشكل شخصية رائف افندي بهذه الصورة السلبية. حتى ان والدته وأباه كانا يقولان: يا إلهي! كان المفترض أن تكون أنثى ولكن حصل خطأ ما. وحتى مادونا قالت له: أنت فيك شيء من الأنوثة. وقالت له أيضا: أووه أنت خجول كفتاة صغيرة. اثار الحرب العالمية لم تكن هي السبب في وحدة رائف أفندي. فعندما كان شابا وجد ان ابطال الحرب الذين يموتون ليسوا ابطالا، لم تغره تلك الامجاد. لذا لجأ الى القراءة وصار مرتهنا لما يقرأ. كان يجد في القراءة ما لم يجده في الحياة وخلق صداقاته مع ابطال تلك الروايات. وقراءة الروايات كانت الخيار المناسب لشخصية مثل شخصية رائف أفندي. عندما سافر إلى ألمانيا لم يفرح لأنه سوف يتعلم مهنة جديدة أو حتى يكتسب معرفة في الحياة. كان فرحه أن سيجد عالما آخر ينغمس فيه بطريقته. رائف لم يكن جادا مع الحياة. وعندما عاش هناك عاش وحيدا كما كان في تركيا. كان رائف افندي سيمضي في حياته وهو على قطيعة مع كل تفاصيل الحياة. حتى ظهرت مادونا وهذه المرأة لم يجدها في الواقع ولكن وجدها فيما يشبه الخيال كرسمة في احدى اللوحات التشكيلية. وهذا ما جعله يفتتن بها. ويدمن الذهاب إلى معرض اللوحات التشكيلية. رائف كان يخاف النساء ويخاف الاقتراب منهن حتى ان يقول انه لم ينظر إلى عين امرأة حتى عين أمه. لكن مادونا التي شغف بها وهي على شكل رسمة منحته تلك المسافة التي لا تسبب له الذعر مع المرأة. فهو عندما شاهدها قال: إنها مزيج من نساء خيالاته. لكن تلك المرأة التي كانت ترى تردده على المعرض وتلحظ شغفه بتلك الرسمة. تتحدث معه وتسأله عن سر شغفه بتلك اللوحة ليجبيها رائف بكذبة الخجولين إنها تشبه أمه. وهذه الكذبة تقوده إلى حديث مطول ومتكرر مع تلك المرأة التي لم ينظر لها ولم يعرف أنها هي من رسمت تلك اللوحة ولا يتأمل ملامحها حتى ليدرك انها تشبه ملامح المرأة التي في تلك الصورة. رائف أفندي اصبح عاشقا. ولكن هذا العاشق الخجول كيف سيدير حكايته العاطفية مع تلك المرأة. وكيف سيكون الرجل الذي يستحوذ على امرأة فاتنة ومرغوبة. كان رائف افندي العاشق محظوظا بصفاته السلبية فمادونا وجدت في وحدته وخجله وتردده وحتى صمته الرجل المناسب ليس للحب ولكن للرفقة الطيبة. لم يكن رائف مجادلا ولا معترضا على شخصية مادونا ولا على طقوسها ونزقها ورؤيتها لعالم الرجل. حتى ديانتها اليهودية لم تكن حاجزا بينه وبينها ولم يكن يرى ذلك أشياء مهمة حتى يتوقف عند ذلك الأمر. كانت طاعته وتفهمه لشخصية مادونا سببا في ان تراه الرجل الجذاب. كانت وهي المرأة التي تتحدث بكل بوضوح يشابه وضوح الرجال تجد في تلك الليونة التي تسكن في قلب وطباع رائف أفندي عاملا محرضا أن تأنس برفقته. كانت تلك العلاقة ستمضي في ذلك الطريق حتى حضرت ملابسات ليلة عيد الميلاد وخروج مادونا في البرد الشديد لتصاب بالمرض ليرافقها رائف إلى منزلها ثم تحدث الحميمية الاستثنائية في تلك الليلة. وبعد ذلك يعود رائف افندي إلى موطنه في تركيا بسبب وفاة والده ولم تكن الوفاة هي سبب العودة ولكن لأنه وجد نفسه غير قادر على تكلفة الإقامة في ألمانيا. بعد عودته وجد رائف ان أخوته اقتسموا الميراث ومنحوه الحصة السيئة من الأرض ولم يعترض. وعندما وجد نفسه وحيدا اضطر إلى أن يتزوج وينجب الأطفال لكي يعتقد الآخرون انه الرجل الصالح للحياة وللزواج. مضت به الحياة وهو يشعر بأنه اكتفى منها. فتلك الشهور القليلة التي عاشها برفقة مادونا ملأت حياته وخيالاته. وعندما تصادف مع جارته التي كانت تسكن بجواره وعرف موت مادونا وعرف ايضا ان تلك الطفلة الصغيرة التي ترافقها هي ابنته لم يكن حريصا على اللحاق بابنته. فهو وصل الى حد العجز في الدفاع او الاصرار على مكتسباته وكأنه لا يريد من الدنيا الا تلك المرأة التي فتن بها في اللوحة وشغف بها في الحياة. كان يدرك انه وصل إلى حد التمازج مع نقائصه وزهده في الحياة. لذا لم يكن يتذمر ولا يعترض ولا حتى يحتج. وعندما زاد عليه المرض فكر ان تكون نهايته شبيهة بنهاية مادونا التي تعرضت للبرد وماتت بسبب ذلك المرض. فقام رائف أفندي بما يشبه الانتحار. واصبح يكذب على أهله ويدعي انه ذاهب إلى المقهى ولكنه يمشي في كل ليلة في الطقس البارد جدا. لكي يزيد ألمه ويقترب من النهاية. ويموت بطريقة مشابهة لوفاة مادونا. إن رواية مادونا صاحبة معطف الفرو من الروايات التي كتبت بإحساس دافئ من مؤلفها التركي صياح الدين علي وقدم قصة حب يتعاطف معها القارئ وينجذب لها وهي ليست مجرد قصة عاطفية فقط ولكنها فلسفة إنسان تجمل في الحياة وتصالح مع ضعفه وزهده وتعففه عن مباهج الحياة لكي ينعم برفقة امرأة منحت قلبه وذاكرته الدفء الأبدي. فمادونا في الرواية كانت بمثابة الظلال لشخصية رائف. ولم يكن السارد يريد أن يقدم لنا امرأة مختلفة بقدر ما كان يريد أن يقدم لنا كيف للإنسان الضعيف عندما يصبح عاشقا وكيف لهذه العاطفة بأن تمنحه القوة والسعادة وربما الاكتفاء عن كل شيء. ",
    "date_extracted": "2015-07-23 19:16:52"
}