{
    "url": "http://www.alriyadh.com/1066618",
    "title": "الأكزيما تحرم طفلاً من الدراسة والنوم",
    "author": "لندن - الرياض",
    "content": "    يعاني الطفل البريطاني \"مورغان بيشوب\" (خمس سنوات) من حالة أكزيما حادة أقعدته عن المشي وعن ممارسة حياته الطبيعية مثل أي طفل في سنه. وقالت والدته \"دانا بيشوب\" (36 عاماً) أن مورغان أصيب بالمرض منذ أن كان في الشهر الرابع من عمره، وقد اشتد عليه المرض وزادت معاناته في الآونة الأخيرة حتى أنه بات يتوسل إليها أن تسمح له بالموت حتى يضع نهاية لآلامه المبرحة. وشارفت عائلة مورغان على الانهيار بعد أن جربت كل أنواع العلاج المتوفر في بريطانيا بما في ذلك العلاج الكيميائي لتخفيف حالة صغيرها من دون جدوى. وقد تقرحت قدما مورغان وساقاه مما جعله عاجزاً عن المشي واضطره إلى استخدام دراجة بخارية صغيرة للحركة داخل المنزل. ولم يقتصر الأمر على ذلك بل تسببت هذه الحالة في حرمان مورغان من الحصول على كفايته من النوم مما يضطره في كثير من الأحيان من إنهاء يومه الدراسي مبكراً حيث يعود إلى المنزل في منتصف النهار. وقالت دانا التي توقفت عن عملها للتفرغ لرعاية مورغان إن معاناة صغيرها مع المرض لا تخف صيفاً أو شتاءً ففي الشتاء يتسبب نظام التدفئة والطقس البارد في تهييج الأكزيما، كما أن الصيف هو الآخر يفاقم الحالة نتيجة للحرارة وحبوب اللقاح. وفي احتفال عائلته ببلوغه سن الخامسة، أسر\"مورغان\" لوالدته بيأسه من الحياة وعدم قدرته على تحمل المزيد من الألم واستأذنها في وضع حد لحياته. وقالت \"دانا\" إن الحكة التي تصاحب حالة فلذة كبدها تشغله حتى عن الإمساك بالقلم ناهيك عن الانتباه للدرس، كما أن تقرحات الجلد على قدميه وخلف ركبتيه جعلته عاجزاً عن الحركة والمشي من دون أن يحس بالألم. ولم تتوقف معاناة\"مورغان\" على الأكزيما فهو يشكو كذلك من الربو ومن علة في الكلى تجعلها تفرز كميات كبيرة من البروتين، كما أنه يعاني من الحساسية تجاه 20 نوعاً من الأطعمة من بينها البيض والمكسرات ومنتجات الألبان والبطاطس والصويا والأرز. وأضافت\"دانا\" أن الناس لا يدركون أن الأمراض الجلدية تسبب الضعف والوهن وتستنزف طاقات المصابين بها، وأنهم يسمعون بالأكزيما ويعتقدون أنها فقط جفاف في الجلد لكن الوضع أسوأ من ذلك بكثير. وتعرف الأكزيما بأنها مرض جلدي ناتج عن التهاب الجلد. وتسبب الأكزيما، بشكل عام، تهيج الجلد واستثارته والحكة واحمراره وجفافه لدرجة ظهور تشققات وجلبات (جلبة - قشرة تتكون فوق قرحة أو جرح) على الجلد. وتظهر الأكزيما -بشكل خاص- على الوجه والأطراف، لكن من الممكن أن تظهر أيضا في مناطق أخرى من الجسم. وفي معظم حالات الأكزيما، تظهر الحكة قبل ظهور الطفح الجلدي. وتكون الأكزيما، عادة، مصحوبة ببقع على الجلد تثير الحكة وتكون جافة ويكون الجلد فيها وحولها أكثر سمكا من الطبيعي. وتظهر الأكزيما بشكل عام على اليدين والعنق والوجه والرجلين. ولدى الأطفال، قد تظهر أيضا على الجهة الداخلية من مفاصل الركبتين ومفاصل المرفقين. ",
    "date_extracted": "2015-07-22 09:58:36"
}