{
    "url": "http://www.alriyadh.com/1067241",
    "title": "«الخضري» تعلن اكتمال توقيع عقد مع أمانة الطائف",
    "author": "متابعة - الرياض الإلكتروني",
    "content": "    أعلنت شركة أبناء عبدالله عبدالمحسن الخضري في بيان إلحاقي، عن إكتمال توقيع العقد مع وزارة الشؤون البلدية والقروية (أمانة محافظة الطائف) لتنفيذ مشروع جمع ونقل والتخلص من النفايات بمنطقتي الهدا والشفا والقرى التابعة وما بينهما وذلك لمدة 1825 يوم من تاريخ إستلام موقع العمل بقيمة 99,506,775 ريال، وقالت الشركة في بيانها، أن الأثر المالي لهذا المشروع قد بدأ خلال الربع الأول من العام المالي 2015. ",
    "date_extracted": "2015-07-23 19:15:42"
}