{
    "url": "http://www.alriyadh.com/1066546",
    "title": "رئيس الوزراء الباكستاني يغادر جدة",
    "author": "جدة - واس",
    "content": "    غادر جدة أول من أمس دولة رئيس وزراء باكستان السيد محمد نواز شريف بعد زيارته لأداء مناسك العمرة. وكان في وداعه بمطار الملك عبدالعزيز الدولي صاحب السمو الملكي الأمير مشعل بن ماجد بن عبدالعزيز محافظ جدة، ومعالي وزير الدولة عضو الوزراء الدكتور مساعد بن محمد العيبان، وأمين محافظة جدة الدكتور هاني أبو راس، ومدير مطار الملك عبدالعزيز الدولي عبدالحميد أبا العري، ومدير شرطة محافظة جدة اللواء مسعود العدواني، ومندوب عن المراسم الملكية، وسفير جمهورية باكستان لدى المملكة منظور الحق. ",
    "date_extracted": "2015-07-22 09:57:00"
}