{
    "url": "http://www.alriyadh.com/1066588",
    "title": "الشباب يوقع عقد إعارة الدعيع ويمنح الهلال مليون ريال",
    "author": "الرياض - عماد الصائغ",
    "content": "    وقعت إدارة الشباب في مقر النادي عقد إعارة مدافع الهلال سلطان الدعيع في ساعة متأخرة من مساء أول من أمس (الأحد) ومثل الجانب الشبابي رئيس النادي المكلف عبدالله القريني ومدير الاحتراف ماجد المروزقي. وكانت إدارتا الشباب والهلال اتفقتا ليلة عيد الفطر على إعارة الدعيع لصالح الأول مع أحقيته في شراء العقد عند انتهاء الإعارة وكشفت مصادر \"دنيا الرياضة\" أن الإدارة الزرقاء حصلت على مليون ريال من الصفقة بخلاف حصة اللاعب التي اتفق عليها مع إدارة الشباب، ومن المنتظر أن يغادر الدعيع غداً إلى هولندا مع بعثة الفريق لإقامة المعسكر الإعدادي الخارجي هناك. ",
    "date_extracted": "2015-07-22 09:58:13"
}