{
    "url": "http://www.alriyadh.com/1066731",
    "title": "البرازيلي فيليبي يعود الى اتلتيكو",
    "author": "لندن - أ ف ب",
    "content": "    يتحضر الظهير البرازيلي فيليبي لويس لترك تشلسي بطل انكلترا والعودة الى فريقه السابق اتلتيكو مدريد الاسباني بعد عام واحد في \"ستامفورد بريدج\"، بحسب ما ذكرته عدة وسائل اعلام بريطانية واسبانية أمس (الاثنين). وكان لويس (29 عاما) ترك اتلتيكو مدريد قبل عام من اجل الالتحاق بتشلسي مقابل 8ر15 مليون جنيه استرليني، لكنه لم يتمكن من فرض نفسه من الركائز الاساسية في تشكيلة النادي اللندني اذ شارك معه في 26 مباراة ضمن جميع المسابقات بينها تسع فقط كأساسي في الدوري الممتاز، لأن المدرب البرتغالي جوزيه مورينيو اعتمد بشكل اساسي على الاسباني سيزار اسبيلكويتا في مركز الظهير الايسر. ",
    "date_extracted": "2015-07-22 09:58:25"
}