{
    "url": "http://www.alriyadh.com/1066684",
    "title": "المشغل الأربعون يهبط في مطار الرياض.. اليوم",
    "author": "الرياض - أحمد غاوي",
    "content": "    يستعد مطار الملك خالد الدولي فجر اليوم الثلاثاء استقبال الناقل الجوي الأربعين الذي يبدأ تشغيل رحلاته المنتظمة بين مطاري الرياض وأثينا باليونان. وسيبدأ الناقل الجوي الجديد \"ايجيان\" اليوناني \"Aegaen\" تشغيل أربع رحلات اسبوعية بين الرياض وأثينا، وبذلك يرتفع عدد الوجهات الدولية من وإلى مطار الملك خالد الدولي إلى ٨٨ وجهة. وتعد \"ايجيان\" إحدى الناقلات العضو في تحالف \"Star Alliance\" وحصلت على جائزة أفضل ناقل جوي إقليمي في أوروبا خمس مرات وفق تقييم \"SKYTRAX\" وتمتلك \"ايجيان\" اسطولاً مكوناً من ٥٠ طائرة، وتقوم بتشغيل رحلات دولية منتظمة من مطار أثينا إلى ٤٧ وجهة دولية، الأمر الذي يتيح خيارات متعددة لركابها في رحلات المواصلة عبر مطار أثينا. ",
    "date_extracted": "2015-07-22 09:57:52"
}