{
    "url": "http://www.alriyadh.com/1066610",
    "title": "ديمي مور حزينة لغرق شاب في حوض سباحة بمنزلها",
    "author": "لوس أنجلوس - د ب أ",
    "content": "    أعربت الممثلة الأميركية ديمي مور الأحد عن صدمتها وحزنها بسبب وفاة شاب عمره 21 عاماً في حوض سباحة داخل منزل تملكه في لوس انجلوس، حسبما ذكرت تقارير إعلامية. وكانت السلطات الأميركية قد عثرت مساء السبت على جثة الشاب، إيدينيلسون ستيفن فالي، في حوض السباحة. وقالت الشرطة لموقع \"تي ام زد\" المعني بأخبار المشاهير إن الشاب لم يكن على الأرجح يعرف كيفية السباحة ويبدو انه انزلق وسقط في الحوض. واستبعدت الشرطة وجود عمل إجرامي. وأصدرت مور (52 عاما) بياناً في وقت لاحق يوم الأحد قالت فيه \"أشعر بصدمة تامة.. كنت مسافرة خارج البلاد للقاء بناتي من أجل الاحتفال بعيد ميلاد عندما تلقيت الأخبار المروعة\". وقالت مور إن الوفاة، التي وقعت خلال حفل كان يقام في غيابها، كانت \"مأساوية ولا يمكن تخيلها، وأتقدم بأصدق التعازي القلبية إلى عائلة هذا الشاب وإلى أصدقائه\". ",
    "date_extracted": "2015-07-22 09:58:32"
}