{
    "url": "http://www.alriyadh.com/1067175",
    "title": "الجامعة السعودية الإلكترونية تطلق نظام «دعم» لمنسوبيها",
    "author": "",
    "content": "    دشن مدير الجامعة السعودية الإلكترونية الأستاذ الدكتور عبدالله بن عبدالعزيز الموسى الموقع الرسمي للجامعة خلال معايدة عيد الفطر، الأربعاء وذلك بهو الجامعة الرئيسي، كما دشن النظام الإلكتروني \"دعم\" والذي يقدم منظومة متكاملة من الخدمات الإلكترونية لدعم المستفيدين، وذلك بحضور وكلاء الجامعة وعمداء العمادات والكليات وجميع منسوبي الجامعة. وأكد الموسى أن نظام \"دعم\" صمم بمعايير عالية الجودة والكفاءة والذي يستوعب الكم الهائل من الخدمات التقنية المميزة بهدف تسير العمل بالشكل المطلوب بدون أي عوائق أو صعوبات تواجه الكادر الأكاديمي والإداري بالجامعة، وبين أن هذا النظام سيساهم وبشكل ملحوظ في إنجاز طلبات الدعم الفني بكفاءة عالية وخصوصية تامة، وأكد أننا بوسطة هذا النظام سنقضى على كافة التعاملات الورقية قدر الإمكان. وفي الجانب الآخر أوضح وكيل الجامعة الدكتور عبدالله بن عمر النجار أن نظام \"دعم\" يمتلك أكثر من 23 خدمة إلكترونية تقدمها عمادة تقنية المعلومات للمستفيدين من أعضاء هيئة التدريس وطلاب وطالبات وموظفي وموظفات الجامعة، كما يتميز النظام الإلكتروني بالتخزين والأرشفة الكاملة لتفاصيل جميع الطلبات المقدمة، مبيناَ أن النظام شمل جميع أعمال الدعم الفني بما يتلامس من احتياجات دائمة لجميع الكوادر الأكاديمية والإدارية في الجامعة. الجدير بالذكر أن الجامعة السعودية الإلكترونية أصدرت في وقت سابق، العديد من الأنظمة والبرامج الإلكترونية كبرنامج الخدمات الذاتية \"وافي\" وبرنامج الاتصالات الإدارية الإلكتروني وبرنامج الحضور والانصراف\"حاضر\"، والتي تساعد منسوبي الجامعة على إنجاز أعمالهم وإدارتها بالشكل المطلوب، وتعمل الجامعة جاهدة على تفعيل رؤية حكومة المملكة بالاتجاه إلى التعاملات الإلكترونية الحكومية؛ وذلك لما تقدمه مفاهيم التعاملات الإلكترونية الحكومية من فوائد كبيرة للاقتصاد الوطني. ",
    "date_extracted": "2015-07-23 19:16:31"
}