{
    "url": "http://www.alriyadh.com/1067191",
    "title": "منسوبو «الصوامع»",
    "author": "الرياض - صالح الحميدي",
    "content": "    حضر م. أحمد بن عبدالعزيز الفارس مدير عام المؤسسة العامة لصوامع الغلال ومطاحن الدقيق صباح أمس حفل المعايدة الذي نظمته المؤسسة لمنسوبيها بمقر الإدارة العامة للمؤسسة بالرياض بحضور نائب المدير العام للمؤسسة ومديري الإدارات ومنسوبيها. وجاءت المناسبة تأكيداً لتنمية العلاقات وبث روح العمل والنشاط مع بداية العمل بعد الإجازة. ",
    "date_extracted": "2015-07-23 19:16:37"
}