{
    "url": "http://www.alriyadh.com/1066622",
    "title": "القنصل السديري: لا إصابات   بين المواطنين في حرائق لوس أنجلوس",
    "author": "لوس أنجلوس - واس",
    "content": "    أكد القنصل العام للمملكة العربية السعودية في لوس أنجلوس بالولايات المتحدة الأميركية السفير د. فيصل السديري أن الحرائق التي اندلعت أمس الأول شرق مدينة لوس أنجلوس بولاية كاليفورنيا كانت في منطقة نائية، ولم يتعرض أي من المواطنين لأي أذى. وقال السديري في بيان صحفي أمس: \"إن الموضوع محل اهتمام القنصلية وجرى تفعيل خطة الطوارئ المرسومة من قبل وزارة الخارجية في مثل هذه الحالات\". ",
    "date_extracted": "2015-07-22 09:58:39"
}