{
    "url": "http://www.alriyadh.com/1067146",
    "title": "السيسي: تطورات المنطقة العربية تلزمنا اليقظة وتأمين مصر",
    "author": "القاهرة - أحمد إبراهيم ، سباعي إبراهيم",
    "content": "    قال الرئيس المصري عبدالفتاح السيسي «نحن نعلم ما يحدث في المنطقة العربية والإقليمية من تحديات وأحداث متلاحقة»، مضيفا «يستلزم ذلك اليقظة التامة وإعداد الكوادر من ضباط المستقبل القادرين على العمل بكفاءة واقتدار لتأمين مسرح العمليات البحري والجوي لوطننا العزيز على جميع الاتجاهات الإستراتيجية ليظل دوما كما عهدناه واحة للأمن والأمان والاستقرار». وقال السيسي خلال كلمته في حفل تخرج لدفعة 66 من الكلية البحرية والدفعة 43 من كلية الدفاع الجوى أمس الأربعاء «شعب مصر العظيم رجال القوات المسلحة الباسلة نحتفل معا بتخريج دفعتي بحرية ودفاع جوي لنشكل بذلك جيلا جديدا ينضم إلى كتائب العزة والكرامة ويسجلوا في مستقبل مصر الغالية أمجادا وبطولات وليساهموا في الذود عن الوطن بعد أن تم إعدادهم عمليا وعسكريا وفقا لأحدث المناهج وأكثر الأساليب تطورا وانضباطا لإكسابهم مهارة فن القتال». وأضاف أن العمل الخيري لا يكون بالعبادات فقط، والدفاع عن الوطن عبادة كبيرة». ووجه السيسي التحية لأرواح شهداء مصر من رجال القوات المسلحة والشرطة، ومن المواطنين الأبرياء الذين ضحوا بأرواحهم، إعلاء لمصلحة هذا الوطن. وزير الدفاع: قواتنا تدعم الأمن والاستقرار في المنطقة من جانب آخر، أكد وزير الدفاع والإنتاج الحربي المصري الفريق أول صدقي صبحي أن القوات المسلحة المصرية تقوم بدور وطني داخل مصر لمكافحه قوى التطرف والإرهاب وتأمين الحدود على كافة الاتجاهات الإستراتيجية، ودعم جهود الأمن والاستقرار في منطقة الشرق الأوسط. وأعرب الفريق أول صدقي صبحي، خلال مراسم الاحتفال بوصول وانضمام أول ثلاث طائرات من صفقة «رافال» الفرنسية للقوات الجوية المصرية، عن اعتزازه بنمو العلاقات العسكرية بين مصر وفرنسا في العديد من المجالات وتطلعه إلى مزيد من التعاون لبناء وتطوير القدرة القتالية للقوات المسلحة وهنأ مصر والقوات المسلحة بامتلاكها أحدث طائرات على مستوى العالم التي تؤدي كل المهام بكفاءة عالية. واستمع إلى شرح من الطيارين عن الحقائق التفصيلية لكفاءة الطائرة «الرافال» وقدراتها القتالية وأسلوب التعامل مع الأهداف المعادية والتي تعد إضافة جديدة في منظومة التسليح والاستعداد القتالي للقوات الجوية. وأكد على اعتزازه بالجهد الذي قام به رجال القوات الجوية في التدريب على مهام قيادة وصيانة المقاتلات الجديدة في زمن قياسي، مشيداً بالدور الذي يقوم به رجال القوات الجوية في حماية سماء مصر وتأمين مجالها الجوي. ويأتي انضمام أول ثلاث طائرات من طراز « رافال « الفرنسية إلى القوات الجوية المصرية في إطار الدفعة الأولى ضمن الصفقة التي أبرمتها مصر مع فرنسا في فبراير الماضي والتي تقضي بتسليم 24 طائرة «رافال» والفرقاطة متعددة المهام من طراز «فريم». ",
    "date_extracted": "2015-07-23 19:14:58"
}