{
    "url": "http://www.alriyadh.com/1067035",
    "title": "363 مليار ريال.. حجم السحوبات عبر الشبكة السعودية العام الماضي",
    "author": "الرياض - واس",
    "content": "    حققت الشبكة السعودية للمدفوعات (SPAN) نمواً إيجابياً في جميع عملياتها وارتفع عدد أجهزة الصرف الآلي العامة في المملكة بنسبة 11.8% في العام الماضي 2014 لتبلغ 15516 جهازا مقارنة بزيادة بنسبة 9.8% في العام 2013. وكشف التقرير الـ51 الصادر حديثًا عن مؤسسة النقد العربي السعودي، ارتفاع عدد بطاقات الصرف الآلي المصدر من النظام المصرفي السعودي بنسبة 15.4% لتبلغ نحو 20.6 مليون بطاقة مقارنة بارتفاع بنسبة 8.3% في العام 2013. وأكد التقرير ارتفاع عدد العمليات التي نفذت عبر الشبكة السعودية للمدفوعات في العام الماضي بنسبة 12.4% لتبلغ 627.3 مليون عملية مقارنة بزيادة بنسبة 4.7% في العام 2013، الأمر الذي رفع قيمة السحوبات التي نفذت عبر الشبكة بنسبة 12% لتبلغ 363.7 مليار ريال مقارنة بنسبة زيادة 7,7% في العام 2013. وأحصى التقرير عدد العمليات التي جرت عبر المصارف إذ زادت بنسبة 16.3% لتبلغ 904.3 ملايين عملية مقارنة بتراجع بنسبة 3.8% في العام 2013، مؤكدًا ارتفاع قيمة السحوبات النقدية التي تمت عبر شبكة المصارف بنسبة 7,4% لتبلغ 358.4 مليار ريال مقارنة بارتفاع بنسبة 2.9% في العام 2013، وبالتالي أسهم في ارتفاع إجمالي عدد العمليات التي نفذتها أجهزة الصرف الآلي بنسبة 14.7% ليبلغ 1531.6 مليون عملية، وزاد إجمالي السحب النقدي بنسبة 9.7% ليبلغ 722 مليار ريال. ورصد تقرير مؤسسة النقد كذلك ارتفاعاً في عدد أجهزة نقاط البيع في العام الماضي 2014 بنسبة 28.8% لتبلغ 138.780 ألف جهاز مقارنة بارتفاع بنسبة 16.5% في العام الذي سبقه، مبينا أنه بسبب ذلك فقد ارتفع عدد عمليات البيع المنفذة عبر هذه الأجهزة بنسبة 23.3% لتبلغ 362.2 مليون عملية مقارنة بزيادة بنسبة 23.6% في 2013. ونبه التقرير إلى أن ارتفاع قيمة المبيعات المنفذة أجهزة نقاط البيع بنسبة 17.7% لتبلغ 169.9 مليار ريال مقارنة بنحو 18.1% في العام 2013، لافتا إلى أن معدلات النمو في بطاقات الصرف الآلي والعمليات المنفذة على أجهزة الصرف الآلي وأجهزة نقاط البيع إلى زيادة اعتماد العملاء على خدمات الشبكة السعودية للمدفوعات وتعزيز الثقة باستخدام التقنية المصرفية في الحديثة في المملكة ،وتأكيدًا على الاستمرارية في الإنجازات التي حققتها الشبكة. وأبرز تقرير\"ساما\" جهود المؤسسة الرامية لتطوير الشبكة السعودية للمدفوعات ومن بينها مشروع ترقية أنظمة الشبكة لضمان إستمرارية النظام دون إنقطاع بوجود نظام مساند حال حدوث أي خلل فني للنظام الرئيسي، والانتهاء من إعادة هيكلة التسعيرات الخاصة بالعمليات التي تتم عبر الشبكة لكي تكون بيئة خدمات جاذبة للمصارف والعملاء وبالتالي تقليل الاعتماد على التعامل النقدي في المجتمع. ولفت أن من بين الجهود كذلك تطوير إتفاقية مستوى الخدمة لنقاط البيع لرفع كفاءة تشغيلها والصيانة المقدمة للعملاء بجودة عالية، إضافة إلى تطوير وثيقة معايير أجهزة نقاط البيع بمسمى \"مدى\" ومشاركتها مع جميع البنوك للتوافق مع أفضل الممارسات العالمية الهادفة إلى سرعة إنجاز عمليات الشراء وتعزيز السرية والخصوصية لحامل البطاقة. ",
    "date_extracted": "2015-07-22 22:41:46"
}