{
    "url": "http://www.alriyadh.com/1066974",
    "title": "تركيا تكشف هوية منفذ الهجوم الانتحاري في سروج",
    "author": "أنقرة - أ ف ب",
    "content": "    أعلنت السلطات التركية أن شاباً في العشرين هو منفذ الهجوم الانتحاري الذي وقع يوم الاثنين وتبناه تنظيم «داعش»، وأوقع 32 قتيلاً على الأقل في سروج على الحدود مع سوريا، حسبما أفاد مصدر رسمي الأربعاء. وصرح مسؤول تركي رفض الكشف عن هويته \"نؤكد بالاستناد إلى تحاليل جينية أن منفذ الهجوم رجل في العشرين من اديامان (جنوب شرق تركيا)\". ",
    "date_extracted": "2015-07-22 13:48:24"
}