{
    "url": "http://www.alriyadh.com/1066589",
    "title": "العرضة السعودية تزين احتفالات ضرماء بالعيد",
    "author": "ضرماء - سعود العجاجي",
    "content": "    أقام أهالي محافظة ضرماء حفل معايدة بحضور محافظ ضرماء المكلف عبدالله القريني ومديري الإدارات الحكومية وأعيان وأهالي محافظة ضرماء. وألقى د. عبدالرحمن العجاجي كلمة أهالي المحافظة حيث قدم خلالها التهاني والتبريكات بمناسبة عيد الفطر المبارك للقيادة الرشيدة، وتطرق في ثنايا كلمته لمكانة ضرماء التاريخية، ثم ألقى الشاعر محمد حباب القحطاني قصيدة بهذه المناسبة. بعد ذلك قام محافظ ضرماء المكلف ونائب رئيس لجنة التنمية الاجتماعية الشيخ عبدالله بن رسام بتكريم الداعمين والرعاة لهذا الاحتفال، ثم بدأت العرضة السعودية. ",
    "date_extracted": "2015-07-22 09:57:26"
}