{
    "url": "http://www.alriyadh.com/1066065",
    "title": "«السوبر» للنصر ومافعله جحفلي لن يتكرر",
    "author": "محمد العوفي",
    "content": "    كم هي جميلة الخطوات التي تنتهجها إدارة النصر، متلمسة احتياجات الفريق بكل هدوء، وهذا مؤشر على ان العمل الاداري والفني سيسير بوتيرة واحدة نحو المزيد من الاتقان وتحقيق الكثير من طموحات الجماهير التي تنتظر لإدارة الأمير فيصل بن تركي بعين الثقة والاحترام والقدرة على ترجمة هذه الطموحات الى نتائج مميزة وبطولات، لاتقتصر على الحفاظ على بطولة الدوري التي فاز بها الفريق الموسم الماضي والذي قبله، انما الفوز بالبطولات الأخرى التي سيكون أولها كأس السوبر في لندن، وبرأيي الشخصي أن النصر مؤهل لها أفضل من الهلال بمراحل، والسبب أن جميع الصفقات المحلية والخارجية التي ابرمتها ادارة النصر تتفوق على صفقات الهلال بقيادة المهاجم الخطير نايف هزازي والفلتة الاورغوياني رودريقو واسماء أخرى تحظى باحترام عشاق الشعار الأصفر والأزرق، ومن هذا المنطلق نقول لون \"السوبر\" يميل إلى الأصفر وما حدث من تفوق هلالي في كأس الملك بهدف المدافع محمد جحفلي ومعادلة الكفة بعدما كان النصر يسير باتجاه المنصة الا ثواني معدودة لن يتكرر مرة أخرى، فالنصر بعناصره الموجودة يتفوق على جميع الأندية الخليجية وليس السعودية فحسب، ولدي ثقة كمحب للكيان النصراوي أن السوبر واخواتها من البطولات المحلية على مقربة كبيرة من \"العالمي\" بقيادة المقاتل حسين عبدالغني وبقية كوكبة النجوم الكبار الذين انتقاهم الرئيس النصراوي بعناية فائقة ودفع من أجلهم الملايين لأنه يرى فيهم حمل الفريق إلى المزيد من البطولات المحلية والخارجية واسعاد الجماهير الكبيرة التي حملت الم المعاناة وهم الغياب عن البطولات لأكثر من 19 عاما. ",
    "date_extracted": "2015-07-22 09:56:12"
}