{
    "url": "http://www.alriyadh.com/1067250",
    "title": "وزير الدفاع الأمريكي يقوم بزيارة مفاجئة للعراق",
    "author": "بغداد - أ ف ب",
    "content": "    وصل وزير الدفاع الأميركي آشتون كارتر اليوم الخميس في زيارة غير معلنة إلى بغداد، حيث يلتقي مسؤولين عراقيين لبحث مواجهة تنظيم داعش. ومن المقرر أن يلتقي كارتر الذي يقوم بجولة في المنطقة، رئيس الوزراء حيدر العبادي ونظيره العراقي خالد العبيدي، ووفداً عشائريا من محافظة الأنبار (غرب)، والتي يسيطر التنظيم على مساحات واسعة منها. ",
    "date_extracted": "2015-07-23 19:15:38"
}