{
    "url": "http://www.alriyadh.com/1067141",
    "title": "السلطات المصرية تفرج عن نجل مرسي",
    "author": "القاهرة - سباعي إبراهيم",
    "content": "    أخلت قوات الأمن بالقليوبية سبيل عبدالله مرسي نجل الرئيس المصري المعزول محمد مرسي بعد قضائه عقوبة السجن المقررة عليه لمدة عام بتهمة تعاطي المخدرات مع أحد زملائه داخل سيارة بمدينة العبور. وقال مصدر أمني مصري في تصريح صحفي أمس إنه تم الإفراج عن المتهم من محكمة بنها بقسم الترحيلات بعد قضاء العقوبة في سجن طره، كما تم عمل صحة إفراج للتأكد من عدم اتهامه في أي قضايا أخرى. وكانت محكمة جنايات بنها قد قضت في يوليو من العام الماضي بحبس المذكور سالف الذكر وصديقه محمد عماد عبدالمنعم وغرامة 10 آلاف جنيه لكل منهما في قضية تعاطي المخدرات بعد ضبطهما من قبل الخدمات الأمنية أثناء استقلالهما سيارة خاصة فى محيط المحافظة. ",
    "date_extracted": "2015-07-23 19:16:21"
}