{
    "url": "http://www.alriyadh.com/1067059",
    "title": "نائب رئيس الوزراء الكويتي يهنئ   ولي العهد بالإنجازات الأمنية الأخيرة",
    "author": "الكويت - أحمد العويد",
    "content": "    تلقى صاحب السمو الملكي الأمير محمد بن نايف ولي العهد نائب رئيس مجلس الوزراء وزير الداخلية برقية من الشيخ محمد خالد الحمد الصباح نائب رئيس مجلس الوزراء وزير الداخلية في دولة الكويت الشقيقة تضمنت التهنئة بالإنجازات الأمنية الأخيرة في المملكة، مؤكداً وحدة المصير بين البلدين الشقيقين. وأشاد الشيخ محمد الخالد في البرقية بهذه الإنجازات المميزة والخطوات الاستباقية التي حققها رجال أجهزة الأمن في كشف وضبط خلايا إرهابية من الفئة الضالة كانت تريد النيل من أمن واستقرار المملكة الشقيقة. وأكد أهمية تضافر الجهود والطاقات في مواجهة المخاطر والتحديات التي تستهدف أمن واستقرار وسيادة دولنا وشعوبنا، مشدداً على وحدة الإيمان الراسخ والهدف والمصير بين البلدين الشقيقين. وأعرب عن الفخر والاعتزاز للكشف عن مخططات هذه الفئة الضالة قبل تنفيذ مآربها الإجرامية الإرهابية بكفاءة عالية وسرعة التعامل في ملاحقة وضبط هؤلاء الخارجين على القانون. ",
    "date_extracted": "2015-07-23 19:15:59"
}