{
    "url": "http://www.alriyadh.com/1067003",
    "title": "خادم الحرمين الشريفين يستقبل وزير الدفاع الأمريكي",
    "author": "جدة - واس",
    "content": "    استقبل خادم الحرمين الشريفين الملك سلمان بن عبدالعزيز آل سعود في قصر السلام اليوم معالي وزير الدفاع الأمريكي اشتون كارتر والوفد المرافق له . ونقل كارتر لخادم الحرمين الشريفين تحيات فخامة الرئيس باراك أوباما رئيس الولايات المتحدة الأمريكية، فيما حمله -رعاه الله - تحياته له . وجرى خلال الاستقبال استعراض العلاقات بين المملكة وأمريكا، وخاصة في المجالات العسكرية ، إلى جانب بحث مستجدات الأوضاع في المنطقة والجهود المبذولة تجاهها، مؤكدا وزير الدفاع الأمريكي حرص الولايات المتحدة الأمريكية على تعزيز السلام والاستقرار في المنطقة. حضر الاستقبال صاحب السمو الملكي الأمير محمد بن نايف بن عبدالعزيز ولي العهد نائب رئيس مجلس الوزراء وزير الداخلية وصاحب السمو الملكي الأمير محمد بن سلمان بن عبدالعزيز ولي ولي العهد النائب الثاني لرئيس مجلس الوزراء وزير الدفاع ومعالي وزير الدولة عضو مجلس الوزراء الدكتور مساعد بن محمد العيبان، ومعالي وزير الثقافة والإعلام الدكتور عادل بن زيد الطريفي، ومعالي وزير الخارجية الأستاذ عادل بن أحمد الجبير . فيما حضر من الجانب الأمريكي رئيس الأركان بمكتب وزير الدفاع إريك روزينباخ وكبير المساعدين العسكريين رونالد لويس والقائمة بأعمال مساعد وزير الدفاع لشؤون الأمن الدولي أليسا سلوتكين ونائب مساعد وزير الدفاع للشرق الأوسط اندرو اكسوم . ",
    "date_extracted": "2015-07-22 20:04:28"
}