{
    "url": "http://www.alriyadh.com/1067154",
    "title": "مندوبون في أوبك: المنظمة لا تفكر  في خفض الإنتاج رغم هبوط الأسعار",
    "author": "لندن، دبي - رويترز",
    "content": "    قال مندوبان خليجيان في أوبك ومندوبون من دول أخرى إن من المرجح أن يكون انخفاض أسعار النفط هذا الشهر قصير الأجل ولن يصرف المنظمة عن سياستها المتمثلة في إبقاء الإنتاج مرتفعاً لحماية حصتها في السوق. وقال مندوب خليجي في أوبك \"لا أظن ذلك (تغيير السياسة). فلم يحن وقت التغيير بالنسبة لأوبك\". وأضاف \"سيزيد الطلب عما كان عليه في النصف الأول (من العام) رغم أن هناك بعض الشكوك المحيطة بالاقتصاد. ستبقى الأسعار قرب 60 دولاراً\". من جهة أخرى انخفضت أسعار النفط امس بعد زيادة غير متوقعة في مخزونات الخام الأميركية الاسبوع الماضي مما يزيد الصورة قتامة لسوق تعاني بالفعل من تخمة في المعروض العالمي أثرت سلباً على الأسعار العام الماضي. وأظهرت بيانات معهد البترول الأميركي يوم الثلاثاء زيادة قدرها 2.3 مليون برميل في مخزونات الخام في الولايات المتحدة الاسبوع الماضي في حين توقع محللون انخفاضاً بنفس القدر. وقال تاماس فارجا المحلل في بي.في.ام أويل في لندن \"تأثرت الأسعار بما أعلنه معهد البترول الأمريكي الليلة الماضية عن زيادة مخزون الخام الأميركي. ",
    "date_extracted": "2015-07-23 19:14:56"
}