{
    "url": "http://www.alriyadh.com/1067239",
    "title": "ارتفاع قتلى غرق مركب في النيل إلى 21 على الأقل",
    "author": "القاهرة - أ ف ب",
    "content": "    لقى 21 شخصاً على الأقل بينهم نساء وأطفال مصرعهم مساء الأربعاء بعد ما اصطدم مركب رحلات كانوا يستقلونه بصندل نهري في النيل بشمال القاهرة، في حصيلة جديدة أعلنتها مصادر أمنية وطبية صباح الخميس. وكانت وزارة الداخلية أعلنت في بيان في وقت متاخر من مساء الأربعاء أن 15 شخصا قتلوا في الحادث الذي وقع إثر \"إصطدام أحد الصنادل النيلية بمركب يستقله عدد من المواطنين بمجرى نهر النيل بمنطقة الوراق\". وأفادت مصادر أمنية وطبية في وقت مبكر من صباح اليوم أنه جرى انتشال جثث 21 شخصا بينهم نساء وأطفال، وأوضحت المصادر أنه تم إنقاذ خمسة أشخاص والبحث جار عن ستة آخرين على الأقل من مستقلي المركب الذي تحطم واستقر في قاع النيل. وأوضحت الشرطة أنها ضبطت \"قائد الصندل المتسبب في الحادث ومساعده\" مشيرة إلى استمرار جهود البحث والإنقاذ. والضحايا كانوا يحتفلون بخطوبة على ظهر المركب كما هو معتاد خاصة في أوساط الأحياء الشعبية، بحسب مصادر أمنية وشهود عيان. ",
    "date_extracted": "2015-07-23 19:15:44"
}