{
    "url": "http://www.alriyadh.com/1066652",
    "title": "بيوت خالية في العيد!",
    "author": "أبها، تحقيق - مريم الجابر",
    "content": "    بالرغم من الرفاهية التي نعيشها اليوم إلاّ أننا في الوقت الحالي نسعى لمناسبة تجمع شتات العوائل والأسر، فالعائلة الواحدة نجد أنها قد توزعت على مناطق المملكة سعيا لطلب الرزق والوظائف، وبما أن الأعياد فرصة لأن تجتمع العائلة فقد دأبت بعض الأسر على هجر منازلها بالعيد والسفر للمناطق التي تحضن الوالدين أو الاخوة. ويأتي العيد دائماً في الموعد المحدد ليزرع في القلوب المتوجعة وربما اليائسة أحياناً سنابل حب وفرح نستمد منها الإحساس بقيمة الأشياء من حولنا ورغبتنا في استعادة كل التفاصيل الجميلة المرتبطة بتلك اللحظات الخاصة التي وإن تكررت إلا أنها ستفقد شيئا من بساطتها وخصوصيتها، حاجتنا المستمرة لملامسة الفرح والتحرر من تبعات الألم المتجذر في أعماقنا تجعلنا نبحث جديا عن براءتنا وعفويتنا في تلك اللحظات المؤقتة العابرة التي قد تمضي سريعا لكنها حتما ستترك في دواخلنا مشاعر حقيقية دافئة لديها القدرة الكاملة على تبديد كل ما تحدثه القسوة من حقد وجحود وسوء نية تجاه قلوب لا تحمل سوى الطيبة والحب لكل من حولها سامحين لأنفسنا بأن نشك في ذلك كله حتى لا ننخدع بالمظاهر وننسى أن هناك حقائق نجهلها دائما علينا أن نتنبه لها لكي لا نعاود الانكسار مرة أخرى. عيد الديرة ذكرت أم علي العسيري أنّ أيام العيد تكمن أهميتها بالاجتماع والتواصل، مبيّنةً أنّ لها خمسة أبناء متفرقين في مناطق المملكة، ويبدؤون بالتوافد عليها من يوم (28) من رمضان، تاركين منازلهم، ليعيدوا معها، حيث انّ \"عيد الديرة\" مختلف له نكهة خاصة، ويتميز بالألفة والصخب، والتواصل والمحبة. وبيّن \"سراج القطامي\" أنّه يفضل دائماً أن يقضي العيد عند أهله بمحافظة \"خيبر\"، حيث يكون للعيد عند الأهل طعم آخر، مستذكراً العيد الماضي، حيث حرم من فرحة العيد والاجتماع بأهله بسبب مرابطته بالعمل. وأكّدت \"شريفة عابد\" أنّها لم تعيد في منزلها بالرياض سوى مرة واحدة خلال العشر سنوات الماضية؛ بسبب قدوم أحد أطفالها، أما بقية الأعياد فإنّها دائماً ما تسافر لأهلها بالطائف، وتقضي ما يقارب الأسبوع هناك، تحتفل معهم بالعيد، وأيضا يرافق الاحتفال بعض المناسبات الاجتماعية كالزواج والخطوبة. طعم الفقد وترحمت أم عبدالملك على جارتها التي توفاها الله في منتصف رمضان بمكة المكرمة، قائلةً: \"سأفتقدها كثيراً، كانت كل عام تأتي إلى الباحة وتقضي أيام العيد في منزلها، وهذا العام سيبقى منزلها خاليا من رائحة العيد ورائحتها\". وأوضح خالد القحطاني أنّه يحن للعيد بمنزلهم بجازان، ولكن لأسباب استشهاد والده وانتقال أسرته للعيش مع أجدادهم بأبها، تركوا كل ذكرياتهم بالعيد هناك، مبيّناً أنّ اجتماع أجداده وأعمامه وأخواله أنساه الحنين للمنزل الذي ترك خالياً هذا العيد. ظروف الحياة ورأى محسن التويمي أنّ العيد هذا العام جاءه والبيوت خالية من سكانها، فهناك من ترك منزله منذ شهر رمضان لأداء العمرة ومكث في مكة، ومنهم من خرج من الحي للسكن بمنزل جديد، ومنهم من سافر لقضاء إجازته خارج المملكة، موضحاً أنّ الأحياء بالمدن أصبحت كئيبة وخالية من التواصل؛ لذلك قرر ترك منزله والذهاب لقريته وقضاء أيام العيد هناك. قطع التواصل وقال عبدالقادر القحطاني: \"في أعيادنا لم تعد الزيارات كما في السابق تظل تنتظر أقرب الناس ليعايدك فلا تجد منه زيارة وحتى الجيران لم تعد لديهم الألفة والحرص على معايدة بعضهم، كذلك الأطفال كانوا أكثر فرحًا بالعيدية التي يجمعونها في الصباح الباكر من بيوت الجيران المفتوحة طوال أيام العيد، والتجول في الطرقات والأحياء القريبة، وفي هذه الأيام يستحون من طرق باب أحد للمعايدة لعدة أسباب، منها: عدم معرفة الجيران لبعضهم أو لأنّ الغالبية مسافرون، وأيضاً لأنّ النوم يأخذ صباح العيد الجميل\"، لافتاً إلى أن مظاهر العيد في الوقت الحالي تخلو من الفرح وأواصر القرب من الأهل والأحبة لانشغال الناس بأمور تافهة جلها يقطع التواصل. ووافقته منيرة عواض، مستشهدةً بعيد القرية، حيث الاجتماعات والأبواب المفتوحة ورائحة العود والبخور، مضيفةً: \"أشتاق للأيام الماضية عندما كان يخرج أطفالي مع أطفال الجيران ويعايدون الجيران في الحارات ويعودون للبيت جيوبهم مملوءة بالحلويات والنقود ولكن أحفادي اليوم محرومون من هذه المعايدة إلا من الخال والعم، وبقية الجيران لا يستقبلون أحدًا وعندما شجعتهم على زيارة الجيران ومعايدتهم قامت أول جارة بطردهم وقالت لهم: نحن نائمون لا تزعجونا. السفر للترفيه وأوضح خالد الأدريسي أن العيد أصبح يأتي مع إجازة المدارس وهي فرصة كي تسافر الأسرة وتغير نمط الحياة المتبع طوال العام، مؤكّداً أنّه جهز نفسه للسفر ليلة العيد لاحدى الدول العربية التي تعرف بالفعاليات والمهرجانات الترفيهية، فالعيد مع الترفية يكون له طعم آخر. فيما كشف أحمد الوايلي أنّه يحاول أن يقضي أول يومين من العيد بمنزله حتى يستعيد توازنه بعد شهر رمضان، وفي اليوم الثالث يبدأ يفكر بالخروج من المنزل والسفر إلى الأهل أو الاجتماع مع الأصدقاء، وتأدية الواجبات الاجتماعية. بيوت مسكونة ونوّه صالح العبدالكريم بأنّ البيوت لم تعد وحدها الخالية، بل القلوب أيضا، فكم من منزل يضم بين جدرانه العديد من الأبناء والبنات، وليس بينهم أي تواصل، وهناك جيران لا يعرفون جيرانهم، وأهل تقطعت بهم السبل وفرقتهم المسافات، موضحاً أنّ هناك بيوت مسكونة، ولكن احدى غرف البيت صاحبها غائب، اما للدراسة أو المرض، أو السفر، أو الموت، فكأن المنزل بكامله خالي، فالأرواح الساكنة بالبيت هي من تنبض بطعم الفرح والإحساس بالعيد. فيما ذكر فيصل العسيري أنّه اضطر هذا العيد لترك منزله وقضاء العيد في الرياض، وذلك لمرافقة أحد أقاربه والذي يرقد على السرير الأبيض، سائلا الله أن يشفي جميع مرضى المسلمين، مضيفاً: \"في كل عام لنا شأن فبقدر فرحتنا بالعيد ولكن الظروف هي من تتحكم بمصائرنا وأين سيكون تجمعنا وفراقنا\". أما تهاني العقيل، فرأت أنّ الخروج من النمط المعتاد لاستقبال العيد بمكان مختلف يعطي روح التجديد للاحتفال، فالتقليدية أصبحت مملة خاصة لو كان هناك أطفال بالمنزل، فهم يحتاجون لتغير الأجواء، والبحث عن وسائل الترفيه من خلال المناطق التي يوجد بها مهرجانات وفعاليات. ",
    "date_extracted": "2015-07-22 09:58:28"
}