{
    "url": "http://www.alriyadh.com/1067193",
    "title": "مطار الملك خالد",
    "author": "الرياض - أحمد غاوي",
    "content": "    نظم مطار الملك خالد الدولي بالرياض أمس حفل استقبال لمعايدة جميع العاملين بالمطار بحضور نائب رئيس الهيئة العامة للطيران المدني د. فيصل بن حمد الصقير، ومدير المطار يوسف العبدان. وحضر الحفل عددٌ كبيرٌ من منسوبي الجهات الحكومية، والناقلات الجوية، ومقدمي الخدمات المختلفة، وعدد من كبار مسؤولي الهيئة، ومنسوبي إدارة المطار. وقدم مدير مطار الملك خالد الدولي شكره الجزيل لجميع الجهات العاملة في المطار لجهودهم في نجاح خطة صيف هذا العام حتى الآن، متمنياً استمرار النجاح حتى آخر الموسم. يُذكر أن مطار الرياض احتفل أول أيام عيد الفطر المبارك بمسافريه بفعاليات \"عيدنا فله\" حيث قام بتوزيع الورد والشكولاتة على الركاب القادمين والمغادرين على الرحلات الداخلية والدولية في صالات المطار. ",
    "date_extracted": "2015-07-23 19:16:38"
}