{
    "url": "http://www.alriyadh.com/1067164",
    "title": "انخفاض في صافي أرباح المجموعة السعودية بنهاية النصف الأول",
    "author": "الرياض - واس",
    "content": "    سجل صافي أرباح شركة المجموعة السعودية للاستثمار الصناعي تراجعاً بنسبة 1.27% في النصف الأول من العام الحالي مقارنة بالفترة المماثلة من العام السابق وبلغت 465 مليون ريال. وأوضحت الشركة في إعلان لها أمس على موقع \"تداول\" أنها حققت صافي ربح خلال الربع الثاني بلغ 339 مليون ريال بارتفاع بنسبة 61.43% مقارنة بالربع المماثل من العام السابق، وبارتفاع 169% عن الربع السابق، لتبلغ بذلك ربحية السهم 1.03 ريال. وأرجعت الشركة نتائجها إلى انخفاض أسعار منتجات المشروعات المدارة بصورة مشتركة، فيما عزت سبب الارتفاع إلى ارتفاع حصة المجموعة في نتائج شركة (بتروكيم) وارتفاع هامش الربح في الشركات التابعة لبتروكيم بسبب انخفاض أسعار اللقيم. ",
    "date_extracted": "2015-07-23 19:16:25"
}