{
    "url": "http://www.alriyadh.com/1066602",
    "title": "الحجوزات تغيب سنغالي الباطن",
    "author": "حفر الباطن - رمضان المتعب",
    "content": "    لم يشارك مدافع الباطن السنغالي بابا ديوب في تدريبات أول من أمس (الأحد) على ملعبه الجديد لأول مرة بعد أن تم استلامه مبدئياً من المقاول وذلك بسبب حجوزات الطيران، وسيلتحق بالبعثة في معسكر القاهرة استعداداً للموسم الجديد. ",
    "date_extracted": "2015-07-22 09:58:23"
}