{
    "url": "http://www.alriyadh.com/1066679",
    "title": "ديانا حداد بين دبي وأغادير",
    "author": "الرياض - ثقافة اليوم",
    "content": "    تستعد الفنانة ديانا حداد لإحياء حفلين غنائيين بين مدينة دبي بالإمارات ومدينة أغادير المغربية، تبدأها يوم 23 يوليو الجاري بحفل ضمن مهرجان صيف دبي، بمشاركة الفنانين الكويتيين عبدالله الرويشد ونوال، وتتوجه بعده ديانا برفقة فرقتها الموسيقية إلى المملكة المغربية لإحياء حفل ختام مهرجان \"تيميتار\" في دورته ال \"12\" بمدينة أغادير، وستقدم فيه مجموعة من أهم أغنياتها من بينها أغنيات ألبومها الجديد \"يا بشر\". ",
    "date_extracted": "2015-07-22 09:58:07"
}