{
    "url": "http://www.alriyadh.com/1066593",
    "title": "قرار وزاري ينقل قمة مصر إلى ملعب برج العرب",
    "author": "القاهرة - أ ف ب",
    "content": "    نقلت الموقعة المرتقبة بين الغريمين التقليديين الأهلي والزمالك المقررة اليوم (الثلاثاء) والمؤجلة من المرحلة ال37 للدوري المصري في كرة القدم، من ملعب الجونة في البحر الأحمر الى ملعب برج العرب في الاسكندرية بقرار من رئيس الوزراء إبراهيم محلب. وشهدت الساعات الماضية جدلاً بين مسؤولي النادي الاهلي من ناحية واتحاد الكرة ونادي الزمالك من ناحية اخرى. وقرر مجلس إدارة النادي الأهلي في اجتماعه الذي عقد أول من أمس (الاحد) عدم خوض مباراة القمة المقبلة في حال إصرار اتحاد الكرة على إقامتها في الجونة. وتمسك الاهلي بحقه في نقل المباراة الى ملعب اخر نظراً لسوء ارضية ملعب الجونة وارتفاع درجة الحرارة بالغردقة في فترة بعد الظهر، الى جانب ان المباراة محتسبة على ارضه ومن حقه اختيار الملعب الذي يخوض مبارياته عليه. وسبق لاتحاد كرة القدم برئاسة جمال علام ان اعلن موافقة الامن على اقامة المباراة في ملعب الجونة، نظرا لرفض مسؤولي الامن فى محافظات القاهرة والاسكندرية والسويس وجنوب سيناء استضافة المباراة على ملاعب استاد القاهرة وبرج العرب واستاد السويس الجديد وملعب المدينة الشبابية بشرم الشيخ. فى رد فعل على بيان الاهلي، احال مجلس ادارة اتحاد الكرة ملف الازمة بالكامل الى وزير الشباب والرياضة خالد عبدالعزيز والذي بدوره احال الامر الى رئاسة مجلس الوزراء لاتخاذ القرار النهائي، فقرر محلب ان تقام على ملعب برج العرب بالاسكندرية في الساعة السابعة والربع مساء. وكانت مباراة الفريقين في الذهاب اقيمت ليلا على استاد الدفاع الجوي. ويسعى المدير الفني للاهلي صاحب ال74 نقطة فتحي مبروك الى تحفيز لاعبيه لتحقيق الفوز خصوصا وهو يخوض المباراة بصفوف شبه مكتملة باستثناء اصابة الظهير الايسر صبرى رحيل باجهاد في عضلة السمانة. في المقابل، حرص البرتغالي جوسفالدوا فيريرا المدير الفني للزمالك صاحب ال83 نقطة على الابتعاد بلاعبيه عن اجواء الازمة بشأن ملعب المباراة في ظل سعيه لحسم بطولة الدوري في هذه المباراة وقيادة الفريق الى اللقب الغائب عنه منذ 11 عاما. ",
    "date_extracted": "2015-07-22 09:58:15"
}