{
    "url": "http://www.alriyadh.com/1065554",
    "title": "كسر في عنق الرئيس الأمريكي الأسبق بوش الأب",
    "author": "واشنطن - رويترز",
    "content": "    قال جيم ماكجراث المتحدث باسم الرئيس الأمريكي الأسبق جورج بوش الأب إن بوش تعرض لكسر في العنق خلال سقوطه في منزله في ولاية مين أمس الأربعاء، وأضاف ماكجراث في تعليق على تويتر \"حالته مستقرة..إنه بخير لكن ستوضع له دعامة عنق.\" ",
    "date_extracted": "2015-07-22 09:56:50"
}