{
    "url": "http://www.alriyadh.com/1066458",
    "title": "الفيصلي يغادر إلى تركيا بطائرة خاصة",
    "author": "المجمعة - عبدالعزيز الصالح",
    "content": "    تغادر صباح اليوم (الاثنين) بعثة الفيصلي إلى مدينة أيفون التركية على متن طائرة خاصة برفقة اندية الرائد والحزم ونجران والجيل تكفّلت بها إدارة النادي لإقامة معسكر تحضيري حتى السادس من اغسطس المقبل استعداداً للموسم الرياضي المقبل. واختار مدير الجهاز الفني ليفيو كيوبوتاريو 29 لاعباً لدخول المعسكر الخارجي يتقدمهم الثلاثي الأجنبي. ",
    "date_extracted": "2015-07-22 09:55:55"
}