{
    "url": "http://www.alriyadh.com/1066390",
    "title": "«طيبة الطيبة» تعيش تظاهرة اجتماعية واحتفالية فرح",
    "author": "المدينة المنورة - سالم الأحمدي",
    "content": "    تعيش المدينة المنورة تظاهرة اجتماعية واحتفالية أفراح ابتهاجاً بقدوم عيد الفطر المبارك، ضمن احتفالات أمانة منطقة المدينة المنورة ب\"عيد طيبة 36\"، حيث أقيمت العديد من الفعاليات التي شهدتها أحياء المنطقة في أكثر من موقع، بمشاركة أهالي طيبة الطيبة، وبالتنسيق والتعاون مع بعض الجهات الحكومية ذات العلاقة والقطاع الخاص، ليكتمل عقد منظومة العمل بجهود أعضاء اللجان المتخصصة والتي شُكلت من قبل الأمانة لهذه المناسبة، والتي تحظى بمتابعة وإشراف مباشر من د. خالد طاهر أمين منطقة المدينة المنورة رئيس اللجنة العليا لاحتفالات العيد. ونظمت الأمانة خلال أيام العيد احتفالات الأهالي ضمن فعاليات البلديات الفرعية في كل من (أحد، العيون، البيداء، العقيق، العوالي، قباء)، والتي ترجمت فعالياتها معاني البهجة والفرح بمشاركة الأهالي، وقد انطلقت منذ أول أيام العيد واستمرت حتى ثالث يوم، إدراكاً من الأمانة بأهمية تعزيز الترابط الاجتماعي لأهالي تلك النطاقات وجسدت تلك الفعاليات المشوقة فرحة الأهالي بالعيد، وتضمنت فعاليات متنوعة، منها معايدة الأهالي والألوان الفلكلورية الشعبية، والمسابقات بمشاركة كبار السن، إضافة إلى الأناشيد والألعاب الشعبية والترفيهية وألعاب الأطفال وعروض مسرحية، وقدم خلالها العديد من الجوائز والهدايا للمشاركين بالمسابقات فضلاً عن السحوبات اليومية التي قدمت للحضور من جميع الفئات العمرية. ",
    "date_extracted": "2015-07-22 09:56:43"
}