{
    "url": "http://www.alriyadh.com/1067052",
    "title": "الحملة السعودية توزع الخبز على تسعة آلاف عائلة سورية في لبنان وشمال سورية يومياً",
    "author": "عرعر - جاسر الصقري",
    "content": "    وصلت الحملة الوطنية السعودية لنصرة الأشقاء في سورية للمحطة السادسة من البرنامج الغذائي \"شقيقي قوتك هنيئاً\"، والذي تهدف الحملة من خلاله تأمين مادة الخبز بشكل يومي على آلاف العائلات السورية في مخيمات الداخل السوري المقامة قرب الشريط الحدودي مع تركيا، كما تستفيد العائلات السورية اللاجئة في لبنان من هذا المشروع بتوزيع 83 ألف رغيف خبز يوماً. وأوضح وليد الجلال مدير مكتب الحملة في لبنان بأن الحملة وفي كل مرحلة من مراحل برنامجها الغذائي \"شقيقي قوتك هنيئاً\" تستهدف حوالي 5050 عائلة سورية في مناطق دده الكورة، المنية، زغرتا، البقاع الأوسط، صيدا، العيرونية، سير الضنية، طرابلس، وبعلبك، بحيث يكون بإمكان هذه العائلات الحصول على الكميات المخصصة لهم من الخبز يومياً، وذلك في استخدام كوبونات صرف تم إصدارها لهذه الغاية، وأضاف بلغت التكلفة الإجمالية لهذا المشروع في لبنان 250 ألف دولار أميركي. من جانبه، أكد خالد السلامة مدير مكتب الحملة في تركيا بأن الأفران التي تكفلت الحملة بتصنيعها وتشغيلها مستمرة في إنتاج مادة الخبز بمعدل يتجاوز 60 ألف رغيف بشكل يومي، بحيث توزع إنتاجها من الخبز على أكثر من 3900 عائلة سورية في مخيمات باب السلامة، ومخيم شهداء سجو، ومخيم أيتام سجو في منطقة اعزاز بمحافظة حلب، إلى جانب مخيمات منطقة حارم في ريف حلب. وأضاف بلغت تكلفة تصنيع هذه الأفران 350 ألف دولار أميركي، في حين تبلغ تكلفتها التشغيلية 45 ألف دولار شهرياً بتبرع سخي من تبرعات الشعب السعودي الكريم. ",
    "date_extracted": "2015-07-23 19:16:02"
}