{
    "url": "http://www.alriyadh.com/1067171",
    "title": "القبض على رئيس شركة «بترو فيتنام»   المفصول للاشتباه باحتيال مصرفي",
    "author": "هانوي - د ب أ",
    "content": "    ذكرت الشرطة الفيتنامية امس أنه تم إلقاء القبض على نجوين شوان سون رئيس شركة النفط والغاز «بترو فيتنام» المملوكة للدولة الذي تم فصله مؤخرا للاشتباه في قيامه باحتيال مصرفي عندما كان رئيسا تنفيذيا لبنك تجاري. وألقي القبض على سون (53 عاما) الثلاثاء بسبب «تعمد العمل ضد لوائح الدولة للإدارة الاقتصادية والتسبب في تداعيات خطيرة» عندما ترأس «أوشان كوميرشال بنك»، بحسب الشرطة. كان رئيس الوزراء نجوين تان دونج قد أقال سون من رئاسة الشركة يوم الأحد بعد عام من تعيينه. وجاء القبض على سون بعد ثمانية أشهر من إلقاء الشرطة القبض على مؤسس ورئيس أوشان جروب، ها فان ثام، للاشتباه في ارتكابه مخالفات مالية، وكان سون رئيسا تنفيذيا للبنك خلال الفترة من ديسمبر 2008 حتى نوفمبر 2010. وكان سون مسؤولا كذلك عن خسارة «بترو فيتنام» 36.3 مليون دولار في «أوشان بنك»، بحسب ما ذكرته صحيفة «لاو دونج». ",
    "date_extracted": "2015-07-23 19:16:29"
}