{
    "url": "http://www.alriyadh.com/1067079",
    "title": "مهرجان «خلونا نتغير» يواصل فعالياته تحت شعار «وحدة وطن».. بالدمام",
    "author": "الدمام - محمد الغامدي",
    "content": "    تتواصل فعاليات مهرجان \"خلونا نتغير\" التي انطلقت أول أيام عيد الفطر السعيد تحت شعار \"وحدة وطن بالدار\"، برعاية مكتب البرامج والأنشطة بدار الملاحظة الاجتماعية بالدمام، وبالتعاون مع مؤسسة دان التطوعية تحت مظلة المركز الصيفي لعام 1436ه. وعايد نزلاء الدار بعضهم البعض ومنسوبيه ومشرفي المهرجان بمسجد الدار، وهنأ بندر الدوسري مدير البرامج والعلاقات العامة بالدار النزلاء بالعيد، فيما تحدث عبدالرحمن العنزي المشرف على المهرجان وأحد منسوبي مؤسسة دان، للنزلاء عن برنامج المهرجان الذي يمتد لعشرة أيام. ",
    "date_extracted": "2015-07-23 19:16:05"
}