{
    "url": "http://www.alriyadh.com/1067169",
    "title": "مؤشر «أرقام للبتروكيماويات» ينخفض   إلى 229.8 نقطة مع تراجع المواد الأساسية",
    "author": "",
    "content": "    سجل مؤشر «أرقام»، الذي يقيس حركة أسعار سلة من منتجات البتروكيماويات، التي يتم إنتاجها في منطقة الخليج، انخفاضا بنقطة واحدة، لينهي الأسبوع عند مستوى 229.8 نقطة، مقارنة ب230.8 نقطة الأسبوع الماضي. وتراجعت أسعار لقيم النافتا هذا الأسبوع إلى مستوى 495 دولارا للطن بانخفاض قدره 10 دولارات عن مستوى الأسبوع السابق. أسعار البروبان وسوائل الغاز الأخرى مثل البيوتان يتم تحديدها للشركات السعودية على أساس خصم يبلغ 28% تقريبا عن أسعار النافتا باليابان مخصوم منها قيمة الشحن. ",
    "date_extracted": "2015-07-23 19:16:27"
}