{
    "url": "http://www.alriyadh.com/1066343",
    "title": "الفيصلي يرمم مبناه القديم",
    "author": "المجمعة - عبدالعزيز الصالح",
    "content": "    افتتح رئيس مركز حرمة سعود الماضي مقر النادي القديم بحرمة بحضور أمين هيئة أعضاء الشرف عبدالكريم العبدالكريم وأعضاء الشرف عبدالله الماضي ومحمد العقيل وعبدالله العقيل وعدد كبير من أعضاء الشرف ورؤساء النادي السابقين وأعضاء مجلس الإدارة ومحبي النادي بعدما تم ترميم المقر على نفقة عضو شرف النادي عبدالسلام العقيل. ",
    "date_extracted": "2015-07-22 09:56:07"
}