{
    "url": "http://www.alriyadh.com/1066730",
    "title": "النصر يقص شريط الإعداد.. وهزازي يتقدم التدريبات",
    "author": "الرياض- بندر العتيبي",
    "content": "    قاد المهاجم المنتقل حديثا للنصر نايف هزازي تدريبات فريقه أمس (الاثنين) وسط تواجد المدافع أحمد عكاش قادما من الاتفاق والمدافع علي الخيبري ولاعب الوسط ايمن فتيني بعد انتهاء اعارتهما من السيلية القطري والخليج والمهاجم ربيع سفياني عائدا من الفتح، وشهدت التدريبات غياب المدافعين البحريني محمد حسين وعمر هوساوي ولاعبي خط الوسط البولندي ادريان ويحيى الشهري والظهير الايمن عبدالرحمن الشمري، ولاعب الوسط عوض خميس الذي احتفل مساء أمس بزواجه، واستدعى المدرب الاوروغوياني خورخي داسيلفا حارس الفريق اللاولمبي وليد العنزي والمهاجم طارق العواد للمشاركة في تدريبات الفريق، وينتظر أن يغادر الحارس وليد العنزي مع الفريق للمعسكر الخارجي في النمسا لغياب الحارس الاساسي عبدالله العنزي عن الفريق حتى الشهر المقبل. ",
    "date_extracted": "2015-07-22 09:58:24"
}