{
    "url": "http://www.alriyadh.com/1065172",
    "title": "شرط العيد.. كرنفال شعبي متجدّد",
    "author": "شقراء، تحقيق- علي العطاس",
    "content": "    أقبل العيد وهلت لياليه المباركة وأيامه السعيدة بالبشر والإيمان، ومعه يستشعر المجتمع بكافة شرائحه فرحة استقبال عيد الفطر المبارك بسعادة غامرة من قبل العديد من الأسر، خصوصاً فلذات الأكباد الصغار، الذين يعيشون أجواء العيد السعيد قبل حلوله بأيام معدودة، وفي السنوات الماضية عاشت مدن وقرى الوشم عامة ومحافظة شقراء بشكل خاص أجواء سعيدة تخللتها إقامة مهرجان شرط العيد، الذي شمل شقراء وأشيقر وغسلة والوقف بالقرائن والقصب والمشاش والجريفة والفرعة والداهنة والحريق والصوح. ويتسابق الأهالي في هذه البلدات على إحياء فرحة العيد، حيث تتزين البيوت بعقود الزينة والإضاءة من أجل استقبال شرط العيد، أو ما يُعرف بيوم التحلوي، أو ما يُسمى بالقرقيعان في بعض المناطق الأخرى من المملكة، لكنه في مدن الوشم يبقى معروفا بمسماه المُتعارف عليه \"شرط العيد\"، وها هو اليوم يتم تنفيذه في عدد من مدن وقرى المحافظة في مسيرات ومهرجانات و\"كرنفالات\" فرائحية على مستوى واسع. موروث شعبي وقال إبراهيم بن عبدالله الثنيان -رئيس لجنة التنمية الأهلية الاجتماعية بمحافظة شقراء-: \"تمَّ في السنوات الأخيرة إعادة هذا الموروث الشعبي على مستوى المحافظة، وأصبح يقام في الحارات والأحياء السكنية، وبعد أن عمَّت هذه الظاهرة الأحياء السكنية، بدأت لجنة التنمية الأهلية الاجتماعية بشقراء بتنظيم هذا المهرجان والإشراف عليه، وأصبحت تنظمه في كل عام، وعملنا في هذا العام على تنظيم مهرجان التشرط من مساء يوم (27) ليلة (28) من بعد صلاة التراويح بمقر حديقة الملك فهد العامة\". وأوضح أنَّه تمَّ تخصيص محال خاصة لكل أسرة، حيث سيتم توزيعها على الأسر التي ستقدم هداياها للصغار، مُضيفاً أنَّ المهرجان سيكون مخصصاً للنساء فقط، مُبيِّناً أنَّ المهرجان يُعدُّ صورة من الصور الجميلة التي بدأت الأجيال الحالية تحرص عليها فرحة بقدوم عيد الفطر المبارك، كما أنَّه أصبح صورة من الصور الجميلة والرائعة التي أعادها جيل هذا العصر، مُشيراً إلى أنَّها صورة تحمل معها عبق التراث الشعبي للبيئة القديمة، بل إنَّها لون من ألوان التواصل الاجتماعي. وأشار إلى انَّ هذا المهرجان أصبح موروثا شعبيا يتوارثه الأبناء عن الآباء، حيث أصبحت هذه المهرجانات السنوية تنتشر في كافة مدن الوشم عامة، وأصبح يقام لها مهرجان سنوي في مثل هذه الليالي الأخيرة من رمضان، مُضيفاً أنَّ الجميع حريص على إقامته والمشاركة فيه، حيث تجتمع الأسر والزوار من أجل هذا الكرنفال المُميَّز. مبالغ نقدية وبيَّن عبدالله بن عبدالرحمن الحمداني -(94)عاماً- أنَّه بعد أن اندثرت عادة تشرط العيد، عادت في السنوات الأخيرة نتيجة تمسُّك الأحفاد بها والحرص على إقامتها بمظهر يختلف عمَّا كان الأجداد عليه في السابق، مُضيفاً أنَّهم كانوا يمرون على البيوت مُردِّدين عبارة: \"عطونا عيدي عادة عليكم\" وعبارة: \"عطوني عيدي ولا شقيت جديدي\"، مُشيراً إلى أنَّ شرط العيد كان عبارة عن \"تمر\"، وكان هناك رجال أعمال أو ممَّن أغناهم الله يُقدِّمون لهم في ذلك الوقت مبالغ نقدية. وأضاف أنَّ تلك المبالغ كانت عبارة عن أربع بيزات أو ما يعادل ربع ريال، وعن الملابس التي يرتدونها في العيد، أوضح أنَّه لم يكن يلبسها إلاَّ من كان من ذوي الدخل الجيد، موضحاً أنَّ الأمهات كنَّ يخطن هذه الملابس في ذلك الوقت بأيديهنَّ. ذكريات الزمن الجميل ولفت عبدالله بن محمد الحمداني -إمام جامع الجبل- إلى أنَّه ما يزال يتذكر جيداً ذلك الزمن الجميل قبل أيام العيد، مُضيفاً: \"عشنا بين جيلين ماض للأجداد، والآن مع الأبناء، وقد كنَّا في القديم نتعيد في حاراتنا الدويخل والقطعة وحليوة، وكنَّا نتقاسم العيد فيما بيننا في سعادة وصفاء للقلوب\". مهرجان التحلوي وتُنظِّم لجنة التنمية الاجتماعية بأشيقر مهرجان \"التحلوي\"، ليلة العيد، بمشاركة أصحاب البيوت داخل الأحياء السكنية، كما تُقام فعاليات أخرى مشابهة في مركزيّ غسلة والوقف بالقرائن، حيث يُقام عصر يوم (29) من هذا الشهر من كل عام \"كرنفال\" كبير ومتميز يُعدُّ الأهم لاستقبال العيد السعيد في المحافظة، كما أنَّه يُعدُّ من أكبر وأهم وأقدم حفلات التشرط، التي تُقام في المحافظة، حيث يشترك فيه الجميع، ويُقام في العديد من منازل بلدتيّ غسلة والوقف بالقرائن. كما أنَّ هناك أحياء متعددة أخرى في أحياء شقراء تحتفل مساء يوم (28) ليلة (29) من هذا الشهر بهذه المناسبة أيضاً، حيث تتفق العديد من الأسر من أجل تنظيم هذا المهرجان داخل الأحياء، وقد أصبح هذا الموروث السنويّ \"شرط العيد\" مشروع تراثي يكبر عاماً بعد عام، حيث يتمُّ فيه تزيين المنازل في عدد من مدن الوشم وتُجمَّل الحارات بعقود الزينة. هدايا خاصة ويأتي تنظيم هذا الحدث وسط اهتمام العديد من الأهالي في المنطقة، حيث يجهزون الهدايا الخاصة في علب فاخرة وفريدة من نوعها، لتتناسب مع هذا الحدث السنوي الذي يهدف لإدخال الفرحة على قلوب الأطفال، حيث تكون العديد من الأسر قد استعدت لهذه المناسبة منذ وقت مبكر، ويتمّ حينها شراء مستلزمات هذه التظاهرة وتغليف الهدايا بشكلٍ يتناسب مع هذه المناسبة التي ينتظرها أطفال مدن محافظة شقراء كل عام. هدايا مختلفة وقال عبدالكريم بن إبراهيم الشيحه –(95) عاماً، مؤذن مسجد مركز غسلة بالقرائن-: \"إنَّ ما أشاهده في كل عام يختلف تماماً عن الماضي، فاليوم الصغار يحتفلون في كل مكان، والجميع يصرف من أجل أن يرى أبناءه سعداء في مثل هذه المناسبة السعيدة\"، مُضيفاً أنَّ الهدايا اختلفت عمَّا كانت عليه في الماضي، كما أنَّها تتطور وتتغير في كل عام، مُضيفاً: \"نحمد الله أنَّنا في هذا الوطن بخير وعافية، ولا يزال لدينا أبناء بررة يحافظون على العادات والتقاليد والموروث الشعبي\". ",
    "date_extracted": "2015-07-22 09:56:29"
}