{
    "url": "http://www.alriyadh.com/1065830",
    "title": "اليونان تحصل على قرض عاجل بقيمة 7.1 مليار يورو",
    "author": "بروكسل - د ب أ",
    "content": "    قال نائب رئيس المفوضية الأوروبية فالديس دومبروفسكيس اليوم الجمعة إن اليونان ستحصل على قرض عاجل بقيمة 7.16 مليار يورو (7.7 مليار دولار) في التوقيت المناسب يوم الاثنين المقبل وهو موعد سداد أقساط قروض مستحقة عليها للبنك المركزي الأوروبي بقيمة 3.5 مليار يورو. وبحسب بيان للدول الأعضاء في الاتحاد الأوروبي فإنه سيتم صرف القرض على دفعتين بما يتيح لليونان سداد قروض متأخرة مستحقة لصندوق النقد الدولي أيضا. وقال دومبروفسكيس إن الاتفاق النهائي على برنامج الإنقاذ المالي الثالث لليونان قد يستغرق عدة أسابيع، ومن الأفضل أن يتم ذلك قبل حلول موعد سداد القسط الجديد من قروض البنك المركزي الأوروبي يوم 20 أغسطس. وأضاف أن تخفيف أعباء ديون اليونان \"بالتأكيد\" سيكون جزء من مفاوضات برنامج الإنقاذ الجديد. كان وزراء مالية منطقة اليورو قد وافقوا أمس الخميس على تقديم قرض عاجل لليونان بقيمة 7 مليارات يورو (7.6 مليار دولار) لضمان وفائها بالتزاماتها المالية حتى يتم التوصل إلى اتفاق نهائي بشأن برنامج الإنقاذ المالي الجديد. ",
    "date_extracted": "2015-07-22 09:56:45"
}