{
    "url": "http://www.alriyadh.com/1067021",
    "title": "ديفيد كاميرون يطلب تفويضا لقصف سوريا",
    "author": "لندن - رويترز",
    "content": "    ربما يكون رئيس الوزراء البريطاني ديفيد كاميرون قد حقق نصرا انتخابيا حاسما على غير المتوقع في مايو الماضي لكنه لم يقنع حلفاء بريطانيا حتى الآن بأنه طرف له دور نشط على المستوى العالمي في السياسة الخارجية. ومما أزعج واشنطن ما شهدته من اتجاه كاميرون لتقليص الدور العسكري والدبلوماسي لبلاده خلال فترته الأولى وهو الاتجاه الذي بلغ ذروته قبل عامين بهزيمته في تصويت برلماني مهم على إصدار تفويض لشن ضربات جوية على سوريا، وقال دبلوماسي أمريكي كبير في الآونة الأخيرة \"ما يقلقنا هو بريطانيا العظمى المتقلصة\". ويعول كاميرون الآن على إمكانية اقناع البرلمان البريطاني بالتصويت من أجل المشاركة في الضربات الجوية التي تقودها الولايات المتحدة على متشددي تنظيم داعش في سوريا. ويقدر كاميرون أن مثل هذه الخطوة -التي لا يتوقع اتخاذها إلا بعد الصيف - ستعيد له مسوغات اعتماده كأحد كبار رجالات الدول على المستوى العالمي، وبعد خوض حملة انتخابية محدودة على غير المعتاد بدأ حديث كاميرون يتزايد عن طموحاته في السياسة الخارجية وأعلن في قمة للقوى العالمية في ألمانيا الشهر الماضي أن بريطانيا \"عادت\". ثم تعهد بالحفاظ على الانفاق الدفاعي عن المستوى المستهدف لحلف شمال الأطلسي البالغ اثنان في المئة من الناتج المحلي الاجمالي رغم أنه قاوم في البداية الالتزام بهذه السياسة بسبب رغبته في خفض العجز الكبير في الميزانية البريطانية. ومازالت الذكرى حية لهزيمته البرلمانية عام 2013 في تصويت على التحرك عسكريا ضد قوات الحكومة السورية وهي الهزيمة التي اعتبرت على المستوى العالمي علامة على أن بريطانيا تتراجع عن القيام بدور عالمي. ",
    "date_extracted": "2015-07-23 19:15:55"
}