{
    "url": "http://www.alriyadh.com/1066956",
    "title": "الموافقة على اندماج «AT&T» مع «DirecTv»",
    "author": "واشنطن - رويترز",
    "content": "    قالت وزارة العدل الأمريكية يوم الثلاثاء أن هيئة مكافحة الاحتكار في الولايات المتحدة وافقت على عرض إيه تي&تي لشراء دايركت تي.في مقابل 48.5 مليار دولار وهو إستحواذ سيؤدي إلى اندماج ثاني أكبر شركة للاتصالات اللاسلكية في البلاد مع أكبر شركة للبث التلفزيوني الفضائي. وقال بيل باير مساعد وزير العدل لقسم مكافحة الاحتكار في بيان \"بعد تحقيق موسع خلصنا إلى لآن اندماج نشاط إيه تي&تي للانترنت والفيديو اللآرضي مع نشاط الفيديو الفضائي لدايركت تي.في لا يشكل عامل خطراً مهماً على المنافسة.\" ",
    "date_extracted": "2015-07-22 10:08:18"
}