{
    "url": "http://www.alriyadh.com/1066706",
    "title": "مبتعثو بريطانيا.. مرشدون سياحيون لجمهور «السوبر السعودي»",
    "author": "إضاءة - نايف الحمري",
    "content": "    تحول مبتعثون سعوديون في بريطانياً إلى مرشدين سياحيين لمن أراد الدراسة أو زيارة مدينة الضباب، مستخدمين مواقع التواصل الاجتماعي من خلال تغريدات يطلقونها باستمرار، وتتزامن مع مواعيد الفعاليات والاوقات التي تسبق قدوم الزوار إلى بريطانياً، إضافة إلى تقديمهم الاستشارات المجانية لأفضل الاماكن السياحية. دور المبتعثين لم يقتصر على ذلك فقط، بل تعدى إلى متابعة كافة ما يتعلق بالمملكة عبر المواقع البريطانية، لعّل من آخرها الإعلان عن طرح تذاكر كأس السوبر السعودي الذي سيقام في لندن على ملعب كوينز بارك، وذكر كافة تفاصيل أسعارها وكيفية الحصول عليها، سواء عبر موقع النادي وحتى بوابات التذاكر أمام النادي. وقدم المبتعثون عدة نصائح عبر حاسباتهم المتوافرة على « تويتر» موضحين أفضل الاماكن التي تُناسب السعوديين القادمين لمتابعة نهائي السوبر السعودي، ما بين الهلال والنصر في الثاني عشر من اغسطس، خصوصاً لمن لم يسبق له زيارة « لندن» وعن كيفية الاجراءات المتبعة في المطارات وأسعار الحافلات والمطاعم العربية. في الجانب التعليمي، عدّة حسابات على مواقع التواصل تُساهم في مساعدة الطلاب الجدد القادمين من المملكة للدراسة، توضح أبرز وأفضل الجامعات إلى جانب التخصصات المطروحة وتتناسب مع احتياجات السوق السعودي لها، إضافة إلى المعاهد المتميزة مع وضع أسعارها بالعملة المحلية، وعن طُرق التواصل مع العائلات البريطانية للسكن معهم. تلك الحسابات تحولت إلى وسائل نافعة في التواصل ما بين المبتعثين في الاعلان عن مواعيد الاجازات والعطل الرسمية في بريطانيا، إضافة إلى أماكن الاحتفالات والمهرجانات التي تقام هناك، إلى جانب مواعيد وطرق التواصل مع السفارة السعودية، وأماكن الاحتفال بمواسم عيدي الفطر والاضحى، ومواقع المساجد التي تقام فيها الصلوات. أدت تلك الحسابات النشطة في نقل كافة الاحداث اليومية للمبتعثين، إلى تفاعل العديد من المتابعين لهم على مواقع التواصل الاجتماعي، وبينت لهم كيفية الحياة والمعيشة في بلاد الغربة، مما أسهم في تحفيزهم على الابتعاث للدراسة هناك، إضافة إلى زيادة الرغبة في زيارة عدة أماكن سياحية جديدة بعد عرض كافة المعلومات عنها سواء في الصور وحتى أسعار الاقامة فيها ومقارنتها بدول اخرى سياحية. المبتعثون السعوديون ومن خلال مواقع التواصل الاجتماعي، باتوا في تواصل دائم مع بعضهم بعضاً بالرغم من بعد المسافات ما بين المدن البريطانية، الإ أن غريزة المساعدة النابعة من قلوبهم جعلتهم نموذجا يحتذى به من بين كافة مبتعثي دول العالم، الأمر الذي مكنهم من نيل أفضل الجوائز سواء في الاعمال الخيرية وحتى الشهادات العلمية. ",
    "date_extracted": "2015-07-22 09:57:57"
}