{
    "url": "http://www.alriyadh.com/1066671",
    "title": "محمد عبده يُحيي عيد أبوظبي بحفل جماهيري",
    "author": "تغطية- عبدالإله المالكي",
    "content": "    أحيا فنان العرب محمد عبده ليلة أول أمس حفلاً ساهراً شهد حضوراً جماهيرياً كبيراً بلغ أكثر من ألفي متفرج امتلأت بهم قاعة \"دو\" في جزيرة ياس بالعاصمة الإماراتية أبوظبي وذلك ضمن فعاليات \"موسم صيف أبوظبي\" وبتنظيم من \"هيئة أبوظبي للسياحة والثقافة\". وقدم محمد عبده في الحفل باقة من أجمل أغاني الطرب الأصيل وسط أجواء من التفاعل والانسجام من الجمهور الغفير الذين قدم عدد كبير منهم من المملكة. وأطل محمد عبده على الحضور في تمام التاسعة مساء مستقبلاً بكل الحب والتقدير من الجمهور، وبادلهم التحية بإحدى روائعه \"شبيه الريح\" مفتتحاً بها الحفل ليقدم بعدها عدداً من الأغاني التي شكلت محطات بارزة في مسيرته الفنية، حيث غنّى على التوالي \"على البال\" و\"اختلفنا\" و\"مجموعة إنسان\" قبل أن يقدم رائعة الأمير بدر بن عبدالمحسن \"الفجر البعيد\" ثم واصل فنان العرب وصلته وغنى\"أيوه\" و\"ما عاد بدري\" و\"المعازيم\" ليختتم الحفل الذي استمر لأكثر من ساعتين بأغنية \"يا مستجيب للداعي\" التي أشعل بها الأجواء في القاعة وغادر بعدها المسرح وسط هتاف وتصفيق الحضور. ويواصل محمد عبده حفلاته الفنية في موسم الصيف حيث يطير إلى العاصمة البريطانية لندن لإحياء حفل في القاعة الكبرى بفندق \"غروفنر هاوس\" في الرابع عشر من أغسطس المقبل. كما وافق على إحياء حفل جماهيري في العاصمة الفرنسية باريس وسوف يتحدد موعد الحفل خلال الأيام القليلة المقبلة. ",
    "date_extracted": "2015-07-22 09:58:06"
}