{
    "url": "http://www.alriyadh.com/1067137",
    "title": "سورية: 12 قتيلاً في قصف على ريف حلب.. والبنتاغون يؤكد مقتل المتطرف «الفضلي» بغارة جوية",
    "author": "دمشق، واشنطن - الوكالات",
    "content": "    اعلنت وزارة الدفاع الاميركية الثلاثاء ان غارة جوية لقوات الائتلاف الدولي فوق سورية ادت في مطلع يوليو الى مقتل زعيم مجموعة خراسان المتطرفة الموالية لتنظيم القاعدة في سورية. وقال جيف ديفيس احد المتحدثين باسم البنتاغون في بيان ان محسن الفضلي قتل في 8 يوليو خلال تنقله بسيارة بالقرب من سرمدا بشمال غرب سورية. ولم يوضح ديفيس ما اذا كانت الغارة تمت بطائرة بدون طيار او نفذتها مقاتلة جوية. والفضلي كان على ما يبدو زعيم مجموعة خراسان التي تضم مقاتلين سابقين في تنظيم القاعدة انتقلوا من اسيا الوسطى ومناطق اخرى الى سورية للتخطيط لاعتداءات ضد الولايات المتحدة. وبحسب الاستخبارات الاميركية فان الفضلي الكويتي الاصل كان من المقاتلين القلائل في تنظيم القاعدة الذين تم ابلاغهم مسبقا باعتداءات 11 سبتمبر 2001. وقال ديفيس ان \"مقتله سيضعف ويزعزع العمليات الخارجية للقاعدة ضد الولايات المتحدة وحلفائها\". وتابع ديفيس الذي يشرف على المكتب الاعلامي لوزارة الدفاع ان الفضلي كان متورطا في اعتداءات اكتوبر 2002 ضد قوات مشاة البحرية الاميركية \"المارينز\" في جزيرة فيلكا بالكويت وضد ناقلة النفط الفرنسية ليبمبورغ. وكانت غارة جوية اميركية استهدفت الفضلي في سبتمبر الا ان المسؤولين الاميركيين لم يؤكدوا وفاته انذاك. ومجموعة خراسان هي مجموعة لم تكن معروفة الى حين رصدتها اجهزة الاستخبارات الاميركية في سبتمبر. واكد المسؤولون الاميركيون انها تضم اعضاء من تنظيم القاعدة في افغانستان وباكستان ذهبوا الى سورية. من جانب اخر أفاد المرصد السوري لحقوق الإنسان بمقتل 12 سوريا في قصف الطيران المروحي بالبراميل المتفجرة صباح الأربعاء مناطق في قرية قصر البريج في ريف حلب الشمالي الشرقي. وقال المرصد في بيان إن القصف استهدف قرية يسيطر عليها تنظيم \"داعش\" ما أدى أيضا إلى سقوط عشرات الجرحى. وأشار المرصد إلى أن عدد القتلى مرشح للارتفاع بسبب وجود بعض الجرحى في حالات خطرة. من جهته عبر مبعوث الامم المتحدة الى سورية ستيفان دي ميستورا عن قلقه البالغ على المدنيين في مدينة الزبداني محور الهجوم الذي يشنه الجيش السوري وحزب الله اللبناني لانتزاع السيطرة على المنطقة من قوات المعارضة. وقال دي ميستورا نقلا عن مصادر محلية في بيان صدر الليلة قبل الماضية ان الجيش السوري ألقى عددا كبيرا من البراميل المتفجرة على الزبداني مما \"أوقع مستويات غير مسبوقة من التدمير وعددا كبيرا من القتلى بين السكان المدنيين.\" وتعتبر السيطرة على المدينة الواقعة على بعد نحو 45 كيلومترا شمال غربي العاصمة دمشق ضروريا لتعزيز سيطرة الرئيس السوري بشار الاسد على المنطقة الحدودية بين سورية ولبنان. وقال دي ميستورا إن سلاح الجو السوري قصف مناطق في الزبداني وحولها وان مقاتلي المعارضة ردوا باطلاق الصواريخ وقذائف المورتر الثقيلة على قريتين قرب مدينة إدلب في الشمال. وأضاف أن تحالفا لقوات المعارضة يعرف باسم (جيش الفتح) استهدف قريتي الفوعة وكفريا الشماليتين حيث حوصر عدد كبير من المدنيين. وتابع قائلا \"في كلتا الحالتين حوصر المدنيون بشكل مأساوي وسط المعارك.\" والفوعة وكفريا هما قريتان يقطنهما الشيعة. ",
    "date_extracted": "2015-07-23 19:14:50"
}