{
    "url": "http://www.alriyadh.com/1067183",
    "title": "شركات «العثيم»",
    "author": "",
    "content": "    أقامت شركات العثيم حفل معايدة لمنسوبيها بمناسبة عيد الفطر المبارك بمقرها بالرياض، وذلك صباح أمس الأربعاء السادس من شوال بحضور رؤساء شركات العثيم ونواب الرئيس ومديري الإدارات ورؤساء الأقسام والعاملين في شركة العثيم القابضة والشركات التابعة لها، وتبادل الجميع التهاني والتبريكات بهذه المناسبة السعيدة وسط أجواء من الفرح والبهجة والسرور. ومن جانبه قدم عبدالله بن صالح العثيم رئيس مجلس الإدارة التهنئة للموظفين بالعيد السعيد وشكرهم على جهودهم المخلصة في العمل متمنيا للجميع التوفيق والنجاح. يذكر أن شركات العثيم درجت على إقامة هذا الحفل سنويا، وذلك لأهمية المعايدة في تعزيز التواصل وتقوية أواصر المحبة والأخوة والترابط بين منسوبيها انطلاقا من قناعتها الراسخة بأهمية توفير بيئة العمل المثالية لكل الموظفين. ",
    "date_extracted": "2015-07-23 19:16:33"
}