{
    "url": "http://www.alriyadh.com/1066542",
    "title": "قبائل يافع تثمن الموقف الحازم لخادم الحرمين لدعم الشرعية اليمنية",
    "author": "جدة  محسن سالم",
    "content": "    علت صور خادم الحرمين الشريفين الملك سلمان بن عبدالعزيز في قاعة الاحتفال التي اقامت فيها قبائل يافع الحميرية حفل المعايدة السنوي في جدة، والذي اختلف هذا العام عن الأعوام السابقة لانه تزامن مع تحرير عدن والتي طغى الحديث عنها وعن الانتصارات التي تحققت للمقاومة الجنوبية. وألقى الشيخ أحمد عبدالرب النقيب شيخ مشايخ يافع كلمة أشاد فيها بدور المملكة في الوقوف بجانب اشقائهم في اليمن ومساندتها للشعب اليمني للخلاص من احتلال الحوثيين والمخلوع صالح، وهنأ اليمنيين بما تحقق لهم من انتصارات على ارض الواقع، مشيرا الى تقدم المقاومة في الكثير من المحافظات بسواعد شبابها. بعد ذلك القى الشيخ سالم السعدي شيخ مشايخ الساحل كلمة ثمن فيها مواقف خادم الحرمين الشريفين الملك سلمان بن عبدالعزيز البطولية تجاه اليمن وشعبه، مؤكدا أن قبائل يافع كان لهم دور فاعل في الحافظ على الامن في وادي حضرموت، وانهم موالون للحكومة الشرعية. وعلى نفس السياق، اكد كل من الشيخ احمد قاسم بن نقيب والشيخ محمد صالح عبدالقوي بن علي الحاج، والشيخ علي الحدادي على دور دول التحالف بقيادة المملكة في استعادة اليمن لليمنيين ودحر الغزاة الحوثيين ومن معهم. وفي ختام حفل المعايدة تم تكريم الطلبة المتوفين من أبناء قبائل يافع الوادي في جدة. ",
    "date_extracted": "2015-07-22 09:57:01"
}