{
    "url": "http://www.alriyadh.com/1066330",
    "title": "مرسي: التعاقدات مع أجانب الوحدة مسألة وقت",
    "author": "مكة المكرمة - تركي الغامدي",
    "content": "    أكد رئيس الوحدة هشام مرسي بأن إدارته قطعت شوطاً كبيراً في مفاوضاتها مع أربعة لاعبين أجانب لتدعيم صفوف الفريق في الموسم المقبل، وأوضح بأن انضمامهم للمعسكر الإعدادي الخارجي مسألة وقت لا أكثر، وقال: \"العمل في الإدارة جارٍ بشكل كبير لتهيئة وتوفير كل الإمكانيات التي تساعد الفريق على النجاح، ويأتي المعسكر الخارجي في مصر من أجل تحضير اللاعبين ل(دوري عبداللطيف جميل) حتى يظهروا بشكل يليق باسم الوحدة ومكانته، ملف المحترفين الأجانب هو من أهم أولويات إدارتنا في هذه الأيام ونحن على وشك الانتهاء منه، وانضمام المحترفين الأجانب للمعسكر مسألة وقت فقط. وكان من المقرر أن يغادر الفريق الأحمر إلى مصر عبر مطار الطائف مساء أمس (الأحد) لإقامة معسكر إعدادي يتخلله عدد من المباريات الودية حتى يقف المدرب على جاهزية اللاعبين وإمكانياتهم، وأكد مدير إدارة الكرة عبدالهادي ايشان بأن الجهاز الفني بقيادة المدرب الأوروغوياني رودريجيز سيركز خلال المعسكر على الإعداد البدني والفني بتدريبات على فترتين صباحية ومسائية. وقد اعتمد الجهازان الفني والإداري قائمة اللاعبين الذين سيتواجدون في المعسكر وهم ٢٦ لاعباً يتقدمهم الحارسان عساف القرني وأحمد الفهمي ولاعبا الوسط ماجد الهزاني وعبدالخالق برناوي والمدافع عبدالعزيز المنصور. ",
    "date_extracted": "2015-07-22 09:56:02"
}