{
    "url": "http://www.alriyadh.com/1067197",
    "title": "مكة المكرمة.. تحفزٌ في مشروعات التطوير العقاري وانتعاشة في نسب إشغال الفنادق",
    "author": "مكة المكرمة - جمعان الكناني",
    "content": "    فيما تميل مشروعات القطاع العقاري في مكة المكرمة إلى الهدوء النسبي خلال شهر رمضان، يتوقع أن يشهد الشهر ذاته إقبالاً كبيراً على مراكز الإيواء، التي استعدت بشكل جيد لموسمي رمضان والحج المقبلين، عبر حزمة من المشروعات الفندقية التي شيدت في المنطقة المركزية إلى جانب المناطق المجاورة لها. وتشير التوقعات إلى أن قرب انتهاء التوسعة في الحرم المكي، سيضاعف أعداد المعتمرين والحجاج الحاليين في الفترة المقبلة، بعد توجه المملكة خلال السنوات الماضية إلى خفض هذه الأعداد إلى ما يقرب النصف، بداعي عمليات التوسعة داخل الحرم، وتشير معلومات رسمية صادرة من الغرفة التجارية الصناعية في مكة المكرمة، إلى وجود انخفاض في النشاط العقاري في سوق العاصمة المقدسة، في نوعية السكني بنسبة 4.60 في المئة، والتجاري بنسبة 6.86 في المئة، وتقول هذه المعلومات إن إجمالي عدد الصفقات في عام 1435ه بلغ 17351صفقة، مقارنة ب18262صفقة في العام الذي قبله. الأغلى في العام ويصف عقاريون سوق العقار في مكة المكرمة داخل المنطقة المركزية والمناطق القريبة منها، بأنه استثناءٌ في كل شيء، سواء من حيث نشاط السوق وعملياته، أو نوع المشروعات التي تتركز في مشروعات الإيواء، أو أسعاره المرتفعة والتي قد تعد الأغلى في العام، مؤكدين أن أي هدوء في سوق العقار في المنطقة، لا يستمر فترة طويلة على حاله، إذ سرعان ما يعود إلى النشاط من جديدة، نظراً لطبيعة المنطقة وخصوصيتها. واستحوذت منتجات الأراضي على نصيب الأسد من إجمالي التعاملات العقارية في مكة المكرمة، سواء كانت تجارية أو سكنية بما نسبته 82 في المئة من إجمالي التعاملات العقارية في المنطقة، وهي نسبة تعد كبيرة جداً، وتدل على مدى الاحتياج إلى الأراضي في سوق مكة العقاري، وتأتي في المرتبة الثانية منتجات الشقق السكنية بنسبة 6.87 في المئة من إجمالي التعاملات العقارية، ثم منتجات الأراضي الزراعية بنسبة 4.18، والفلل بنسبة 3.08 في المئة، ثم تأتي بنسب ضئيلة جدا منتجات المعارض والمحلات والبيوت والعمائر السكنية. وساهمت عمليات نزع الملكيات في مكة المكرمة، لصالح المشروعات الحكومية، في إنعاش قطاع العقار في الشهور الماضية، وتحديداً سوق المساكن الجديدة حيث أقبل أصحاب العقارات المنزوعة على شراء المساكن البدلية، لمساكنهم وعقاراتهم، ونمت صفقات شراء الشقق الجاهزة، بالتزامن مع العمليات التي شهدت مكة المكرمة بعدها الشروع في تنفيذ مشاريع تطويرية جديدة، بالإضافة إلى المساحات التي نزعت لصالح توسعة المسجد الحرام. الإيواء السياحي ويتوقع عاملون في قطاع الإيواء السياحي في المنطقة ارتفاع نسبة الإشغال في الفنادق خلال موسم العمرة في شهر رمضان المقبل وإجازة نهاية العام الدراسي، لتصل إلى 90 في المئة في المنطقة المركزية والأحياء القريبة من الحرم الشريف، حيث يفضل العديد من الزوار قضاء أيام من الشهر الفضيل بالقرب من الحرم المكي، وذلك لأداء مناسك العمرة، وتتواصل حركة الانتعاش في قطاع الإيواء إلى موسم الحج المقبل الذي يحل بعد ثلاثة أشهر من الآن، إذ يتوقع أن يشهد هذا العام توافد أعداد أكبر من الحجاج والمعتمرين، يفوق الأعداد التي شهدتها المواسم الماضية. حجم الصفقات وتساعد الخصوصية الدينية لمكة المكرمة، على إنعاش قطاع العقار فيما يخص مشاريع الإيواء السكني، متمثلاً في بناء عدد ضخم من الفنادق والشقق المفروشة في أحياء مكة، وبحسب دراسة قامت بها غرفة مكة المكرمة أخيراً، فقد وصل إجمالي القيمة السوقية للعقار في مكة المكرمة خلال شهر رمضان الماضي الى أدنى مستوياته على الاطلاق مقارنة بالأشهر الاخرى، وبلغ اجمالي قيمة التعاملات العقارية في الشهر الفضيل الماضي نحو 2.5 مليار ريال، بانخفاض 7 بالمئة عن عام 1434، وذلك في حال تم استثناء شهر صفر من عام 1435 الذي بلغ فيه حجم الصفقات نحو 2.3 مليار، وهو الرقم الذي يعد أقل قيمة تشهدها السوق خلال فترة الدراسة، وقدر تقرير غرفة مكة متوسط سعر المتر في مدينة مكة المكرمة سواء في المنطقة المركزية «قريبة من الحرم» أو البعيدة ب1922 ريالاً، مع ملاحظة أن هناك تفاوتا كبيرا بين أسعار الاراضي القريبة من الحرم المكي أو البعيدة. حيث يقدر متوسط سعر المتر في منطقة الشبيكة «القريبة من الحرم» بحوالي 101 ألف ريال، ومنطقة أجياد نحو 50 ألف ريال، وفي المقابل سعر متوسط المتر في منطقة الشوقية 1200 ريال والعوالي 3250 ريالا للمتر الواحد، ويتم استثمار هذه الأراضي في بناء مشروعات الإيواء السكني، إذ انها الوحيدة التي تضمن أرباحاً تعادل قيمتها المرتفعة. انخفاض النشاط وتقول الدراسة التي أعدها مركز المعلومات في الغرفة التجارية الصناعية في مكة المكرمة، إنها اعتمدت في نتائجها على قراءة المؤشرات العقارية والسكنية الصادرة من جهات حكومية ورسمية، موضحة أنه بالرغم من انخفاض النشاط، إلا أن هناك ارتفاعا في قيمة السيولة، حيث أثبتت المؤشرات وجود ذلك الارتفاع في قيمة المتوسط السنوي لسعر الصفقة العقارية الواحدة. ووفقا لدراسة مركز معلومات غرفة مكة المكرمة التجارية والصناعية، فإن العقار سجل ارتفاعا نسبيا لعام 1435ه على المستوى السكني والتجاري، إذ إن المؤشرات العقارية الصادرة عن وزارة العدل السعودية، تشير إلى ارتفاع في قيمة إجمالي التعاملات العقارية، حيث قفز العقار السكني بنسبة 2.88 في المئة، والتجاري بنسبة 7.35 في المئة عن العام 1434ه، وذلك من حيث إجمالي قيمة السيولة المادية. ",
    "date_extracted": "2015-07-23 19:15:21"
}