{
    "url": "http://www.alriyadh.com/1067177",
    "title": "«جولدمان ساكس» يبقي على توقعاته المتشائمة لأسعار النفط",
    "author": "",
    "content": "    أكد بنك جولدمان ساكس أمس توقعاته المتشائمة لأسعار النفط الخام وقال إن التطورات في اليونان قد تزيد من تقلب الأسعار في الأمد القصير. وأبقى البنك على توقعاته بأن يسجل سعر الخام الأمريكي 45 دولار للبرميل بحلول أكتوبر. كما أبقى بنك الاستثمار الحكومي توقعاته لسعر مزيج برنت الخام في ثلاثة وستة أشهر دون تغيير عند 56 و55 دولارا للبرميل على الترتيب وأكد أيضا توقعاته للفارق بين برنت والخام الأمريكي عند ستة دولارات للبرميل في ثلاثة وستة أشهر وعند خمسة دولارات للبرميل في 12 شهرا. وقال جولدمان ساكس في مذكرة للعملاء إن عملية استعادة سوق النفط توازنها ما زالت في مراحلها المبكرة إذ تعرقلها تدفقات السيولة الحالية ومزيج التمويل. ",
    "date_extracted": "2015-07-23 19:16:31"
}