{
    "url": "http://www.alriyadh.com/1066621",
    "title": "300 طفل ناخب ومرشح للانتخابات البلدية في العيد",
    "author": "الرياض - أسمهان الغامدي",
    "content": "    استثمرت أمانة منطقة الرياض فعاليات عيد الفطر المبارك لحملتها التوعوية بالانتخابات البلدية، فاستهدفت الأطفال خلال الفعاليات بستة أركان في عدد من الأماكن المختلفة، حيث تم تخصيص ركن الناخب والمرشح الصغير يشرح للأطفال كيفية الانتخابات بطريقة تعليمية ترفيهية. وحول آلية التوعية في الركن، تقوم مسؤولة من الأمانة بضم عدد من الأطفال على طاولة واحدة ويتم اختيار أكبر طفلين في المجموعة وكل واحد منهما يعرف عن نفسه ويشرح للأطفال ما سيقدمه لهم في المنطقة، ليتم فيما بعد الترشيح والاقتراع عقب المنافسة، ومن ثم فرز الأصوات وتعيين المرشح الفائز. وتأتي هذه الخطوة لتعريف الطفل بأهمية المجالس البلدية وآلية الترشيح والانتخاب بطريقة تعليمية ترفيهية، استفاد منها أكثر من 300 طفل فوق سن العشرة أعوام في مركز الملك فهد الثقافي طيلة أيام العيد. ",
    "date_extracted": "2015-07-22 09:58:38"
}