{
    "url": "http://www.alriyadh.com/1067276",
    "title": "الزياني: المالكي يسعى لتخريب علاقات العراق بأشقائه العرب",
    "author": "الرياض - واس",
    "content": "    استنكر الأمين العام لمجلس التعاون لدول الخليج العربية عبداللطيف الزياني, بشدة تصريحات نائب رئيس الجمهورية العراقي نوري المالكي تجاه المملكة العربية السعودية التي أدلى بها إلى إحدى محطات التلفزيون العراقية، واصفا تلك التصريحات بأنها لا مسؤولة واتهامات باطلة ومشينة لا تساعد على تعزيز العلاقات الخليجية العراقية. وعَـدٌ الزياني هذه التصريحات الاستفزازية غير الواقعية, بأنها تندرج ضمن مساعي المالكي المعروفة والمكشوفة للجميع لتخريب علاقات العراق بأشقائه العرب، وفصله عن محيطه العربي الطبيعي، خدمة لمصالح أجنبية لا تمت بصلة للمصالح الوطنية العراقية، منوهاً بالتوضيحات الصادرة من رئاسة الجمهورية والحكومة العراقية عن مواقفها في هذا الصدد. وأكد الأمين العام أن المواقف والجهود الصادقة للمملكة ودول المجلس في مكافحة الإرهاب تجعلها في مقدمة دول العالم في هذا الشأن، ومن هذه الجهود مشاركة المملكة ودول المجلس بفاعلية في التحالف الدولي لمحاربة تنظيم داعش الإرهابي في العراق وسوريا، بما يساعد على تعزيز القدرات الدفاعية العراقية، حفظاً لوحدة العراق وأمنه واستقراره، وحماية لشعبه العربي العزيز، مشددا على حرص دول المجلس على تعزيز علاقاتها مع العراق الشقيق بعد سنوات من التوتر الناتجة عن السياسات التي تبناها المالك . ",
    "date_extracted": "2015-07-23 19:14:37"
}