{
    "url": "http://www.alriyadh.com/1067180",
    "title": "شركات وجهات حكومية تحتفي بموظفيها بمناسبة العيد",
    "author": "",
    "content": "    خصصت عدد من الشركات والجهات والمؤسسات الحكومية جزءا من وقتها صباح أمس لمعايدات الموظفين بمناسبة عيد الفطر المبارك، في أول يوم دوام عقب انتهاء إلاجازة، سائلين الله العلي القدير أن يعيده أعواما مديدة والوطن ينعم بالأمن والأمان وأن يحفظ لنا قيادتنا ويمدهم بعونه وتأييده. وهدفت هذه اللقاءات الى تعزيز التواصل وتقوية أواصر المحبة والأخوة والترابط بين الموظفين. ",
    "date_extracted": "2015-07-23 19:16:32"
}