{
    "url": "http://www.alriyadh.com/1066587",
    "title": "ليلة وفاء لجنودنا على الحدود   في احتفالية الرس بالعيد",
    "author": "الرس - سليمان اللزام",
    "content": "    على شرف محافظ الرس محمد بن عبدالله العساف وبحضور جمع غفير من أعيان وأهالي المحافظة ومسؤوليها احتفلت المحافظة بعيد الفطر المبارك في حديقة الشباب في أجواء فرائحية جميلة كان عنوانها البارز \"عيدنا مع أهلنا وقلوبنا مع جنودنا\". وقد بدأ الاحتفال بتلاوة مباركة من الذكر الحكيم بصوت الشيخ سليمان الدهامي -رحمه الله- ثم ألقى الدكتور عبدالله بن عقيل العقيل كلمة رحب فيها بالجميع وقدم خالص التهاني والتبريكات بهذه المناسبة السعيدة للقيادة الرشيدة وكافة أبناء الوطن ولجنودنا المرابطين على الحدود، داعياً المولى العلي القدير أن يحفظ هذه البلاد المباركة من كيد الكائدين وحسد الحاسدين وأن يديم عليها نعمة الأمن والأمان وأن تكون كل أيامها أعياداً وأفراحاً. وقد سطر المحافظ على بعض البالونات التي أطلقت في الفضاء بألوان الوطن سطر كلمات دعاء وتهنئة لجنودنا المرابطين على الحدود. بعد ذلك ألقى الشاعر فهد الفوزان قصيدة شعرية جميلة نالت استحسان الحاضرين ثم ألقى الشاعر إبراهيم العواجي قصيدة أخرى، ثم قدمت فرقة الليماس أوبريتاً إنشادياً وطنياً نال تقدير المتابعين، بعد ذلك أقيمت العرضة السعودية احتفالاً بهذه المناسبة الجميلة شارك فيها المحافظ والمسؤولون وعدد من الأهالي معبرين عن بهجتهم الكبيرة، وفي ختام الاحتفال تفضل محافظ الرس بتكريم الرعاة والداعمين حيث قدم لهم الدروع التذكارية والشهادات التقديرية، وقد تخلل الاحتفال عروض الألعاب النارية التي زينت المكان، ثم تناول الجميع طعام العشاء الذي تم إعداده بهذه المناسبة. 2- تكريم الرعاة خلال الحفل ",
    "date_extracted": "2015-07-22 09:57:25"
}