{
    "url": "http://www.alriyadh.com/1066454",
    "title": "النصر يستأنف التدريبات بعد توقف طويل",
    "author": "الرياض - بندر العتيبي",
    "content": "    يعاود لاعبو النصر تدريباته مساء اليوم (الاثنين) بعد تمتع اللاعبين بإجازة سبعة ايام، ومن المقرر أن يكون المدرب الاوروغوياني خورخي داسيلفا ومساعدوه قد وصلوا الى الرياض فجر اليوم قادمين من بلادهم، فيما يغادر نائب المشرف العام على كرة القدم بالنصر طلال النجار اليوم الى النمسا للوقوف على جاهزية المعسكر في مدينة تيرول. ",
    "date_extracted": "2015-07-22 09:55:45"
}