{
    "url": "http://www.alriyadh.com/1066598",
    "title": "أُحد يرفع أوراق البرازيلي باولو إلى «الاحتراف»",
    "author": "المدينة المنورة- صالح الحبيشي",
    "content": "    رفعت إدارة أُحد عقد المهاجم البرازيلي باولو ماتيوس (28عاما) إلى لجنة الاحتراف وأوضاع اللاعبين بالاتحاد السعودي لتوثيقه واعتماد مشاركته مع الفريق لاعبا أجنبيا في دوري الأولى بعد اجتيازه الفترة التجريبية، في الوقت الذي وقعت مع المدرب البرازيلي برونو موري لتدريب فريق الشباب، ومواطنه كلاوديو فييرا لقيادة الناشئين. وأبرم هذه التعاقدات من الجانب الأُحدي المشرف على كرة القدم محمد العلوي بحضور مدير الاحتراف فيصل الصاعدي. وأكد رئيس الأحدي سعود الحربي أن الإدارة عملت باكرا على تجهيز الإمكانيات لتوفير البيئة المناسبة والإمكانيات التي تساهم في تحقيق تطلعات جماهير نادي أُحد ومحبيه. وذكر المشرف على كرة القدم العلوي بأن الاتجاه للمدرسة البرازيلية يأتي تماشياً مع إمكانات اللاعبين الذين يتميزون بالمهارة واللعب السريع. من جهته عبر مدرب الفريق الوطني عبد الوهاب الحربي عن سعادته بالتعاقد مع المهاجم باولو ماتيوس، وأكد أنه تابع اللاعب منذ الموسم الماضي وقال: \" لدينا قناعة تامة بمستواه\". ",
    "date_extracted": "2015-07-22 09:58:20"
}