{
    "url": "http://www.alriyadh.com/1067085",
    "title": "فعاليات متنوعة في مهرجان بلدة الخبراء التراثية",
    "author": "الخبراء - محمد المسلم",
    "content": "    انطلق مؤخراً مهرجان بلدة الخبراء التراثية، والذي تنظمه لجنة التنمية الاجتماعية وبالتعاون مع بلدية الخبراء والمجلس البلدي. واستقبل زوار المهرجان الذين توافدوا عليه من جميع منطقة القصيم وخارجها بفعاليات متنوّعة لكافة شرائح المجتمع خلال أيام العيد السعيد التي تمزج تراث القرية بحضارة الزمان وتربط الماضي بالحاضر بحيث تتنوّع الفعاليات من سوق الأسر المنتجة والتي تتيح للأسر المشاركة من خلال بيع المنتجات المختلفة من ملابس وأكسسوارات بطراز قديم، وكذلك الأكلات الشعبية المتنوّعة وأدوات التجميل الشعبية من نقش الحناء والعطور الشعبية، ومسرح الطفل والديوانية. ",
    "date_extracted": "2015-07-23 19:16:06"
}