{
    "url": "http://www.alriyadh.com/1067225",
    "title": "بولوني يصل ميلانو ويبدأ مهمته مع الاتحاد",
    "author": "جدة - عبدالرحمن العمري",
    "content": "    وصل مدرب الاتحاد الروماني بولوني مساء أمس إلى معسكر الفريق في مدينة ميلانو الايطالية واستقبله رئيس البعثة المدير التنفيذي حامد البلوي وأعضاء الجهاز الإداري واللاعبون، واجتمع المدرب مع مساعده لازار الذي تواجد قبله مع الجهاز الفني للفريق بعد ذلك بدأ بولوني الاشراف على تدريبات الفريق في الفترة المسائية، وسيبدأ اليوم وضع البرنامج الإعدادي الخاص به تحضيراً لمنافسات الموسم الرياضي المقبل، فيما يصل المشرف العام على الفريق منصور البلوي اليوم إلى المعسكر للوقوف على سير التحضيرات. وواصل فريق الاتحاد أمس تدريباته على فترتين الصباحية والمسائية وركزت التدريبات على رفع المعدلات اللياقية لدى اللاعبين بشكل أكبر. من جهة ثانية حسمت إدارة نادي نجران انتقال مهاجم الاتحاد يحيى دغريري بنظام الإعارة لمدة موسم واحد بعد موافقة إدارة الاتحاد لعدم حاجه الفريق لخدماته الموسم المقبل وحصول اللاعب على فرصة مشاركة أكبر مع نجران وتحضيره مستقبلا، وشارك دغريري مع الاتحاد خلال الموسم الماضي في ثلاث مباريات في (دوري عبداللطيف جميل) سجل من خلالها هدفا وحيدا امام الشباب. ",
    "date_extracted": "2015-07-23 19:16:58"
}