{
    "url": "http://www.alriyadh.com/1067195",
    "title": "ماكدونالدز السعودية",
    "author": "",
    "content": "    قام فريق من شركة الرياض العالمية للأغذية الوكيل الحصري لسلسلة مطاعم ماكدونالدز السعودية في كل من مناطق الوسطى والشرقية والشمالية بزيارة المرضى المنومين في عدد من مستشفيات مدينة الرياض خلال أول أيام عيد الفطر وزرع البسمة على وجوه المرضى، وقام وضاح عمران مدير العلاقات العامة في ماكدونالدز بمرافقة فريق ماكدونالدز الذي زار مستشفى الملك سلمان ليعايد المرضى مع نائب مدير المستشفى الدكتور عبدالدايم العنزي وقدموا الهدايا لهم. هذا بالإضافة إلى مستشفى عبدالرحمن الفيصل ومستشفى الملك عبدالله لأورام الأطفال، كما زارت ماكدونالدز مستشفيات أخرى في الشرقية والخفجي. يذكر أن ماكدونالدز السعودية دأبت على تفعيل الدور الاجتماعي من خلال إقامة ورعاية العديد من الأنشطة الاجتماعية ودعم أفراد المجتمع. ",
    "date_extracted": "2015-07-23 19:16:39"
}