{
    "url": "http://www.alriyadh.com/1067013",
    "title": "مجموعة شباب يلقون حجارة على مقر إقامة لاجئين في ألمانيا",
    "author": "زانجرهاوزن - د. ب. أ",
    "content": "    ألقت مجموعة من الشباب في ألمانيا الأربعاء الحجارة على مقر إقامة لاجئين في مدينة زانجرهاوزن الألمانية بولاية ساكسونيا-أنهالت. وذكرت الشرطة أن أحد سكان المقر استطاع إزاحة الأحجار في البداية من النافذة ، ولكن بعد وقت قصير عادت مجموعة الشباب ورددوا شعارات معادية للأجانب. ويقول شهود عيان أن شابا من المشاركين فى الحادث رفع تحية هتلر. ووفقا لبيانات الشرطة شارك شاب آخر وشابتان في ذلك. ",
    "date_extracted": "2015-07-23 19:15:50"
}