{
    "url": "http://www.alriyadh.com/1066067",
    "title": "قرار تعيين الجعيثن يكشف الفوضى الإعلامية!",
    "author": "راشد الدوسري",
    "content": "    لايزال حب المركزية يتغلل في عمل الكثير من الجهات ومنها الاتحاد السعودي لكرة القدم الذي عليه الابتعاد عن التقليدية والدخول مباشرة في الاحترافية والاختصار والمباشرة في أي موضوع وبأقل الكلمات التي تخدم الهدف وتوصل الفكرة، وحتى لا يقال لنا كيف لكم أن تتحدثوا من دون دليل؟ عودوا إلى خبر تعيين بندر الجعيثن مدربا للمنتخب السعودي الأولمبي وهذا نصه مقدمته (اعتمد رئيس مجلس إدارة الاتحاد السعودي لكرة القدم أحمد بن عيد الحربي الجهاز الفني للمنتخب السعودي الأولمبي بقيادة المدرب الوطني بندر الجعيثن، جاء ذلك بعد التقرير الذي قدمه عضو مجلس إدارة الاتحاد السعودي لكرة القدم المشرف العام على المنتخب السعودي الأولمبي صالح أبو نخاع، والذي أوصى بضرورة الإبقاء على الجهاز الفني بقيادة المدرب الوطني بندر الجعيثن). ثم يأتي بعد ذلك تصريح أبو نخاع الذي عبر من خلاله عن شكره وتقديره لرئيس الاتحاد السعودي ولأعضاء مجلس إدارة الاتحاد ولعضو مجلس إدارة الاتحاد رئيس اللجنة المالية عدنان المعيبد، ولعضو مجلس إدارة الاتحاد السعودي لكرة القدم المشرف العام على المنتخبات السنية خالد الزيد، وللأمين العام للاتحاد السعودي لكرة القدم أحمد الخميس. أنها قمة التخبط الإعلامي لدى الاتحاد ولدى الأعضاء ولدى أبو نخاع ولدى اللجنة الإعلامية بالاتحاد وهذا ذكرنا بقرارات التعيين في الجهات الحكومية التي تأتي كلماتها طويلة ولكنها تدور حول هدف واحد وواضح، ومن المفترض تبسيط المسألة وأن لا تأخذ كل هذه التحويلات، والإشارات وتقيم الجهاز الإداري الذي كان عليه مادام أن لديه هذه الرؤية الفنية التي من خلالها قيّم عمل الجعيثن أن يدرب المنتخب وبلاش عقود وميزانيات للجهاز الفني. مع الأسف أن حب المبالغة في الكثير من الأمور لايزال مسيطرا على الكثير من الجهات حتى الإعلامية منها، وهذا خطأ مهني كبير، بل إنه يعكس غياب الرؤية الإعلامية لدى الاتحاد، وأن كل ما يكتب ماهو إلا (حشو كلام) بعيدا عن المهنية التي من الممكن أن تختصر قرار التعيين في بضع كلمات مركزة ومفيدة وبلا مبالغات. ",
    "date_extracted": "2015-07-22 09:56:14"
}