{
    "url": "http://www.alyaum.com/article/4082011",
    "title": "المحافظة تدشّن حملة القلوب البيضاء «سامحني»",
    "author": "محمد العويس - الأحساء",
    "content": " دشن وكيل محافظة الأحساء خالد البراك، في مكتبه، حملة : القلوب البيضاء ( سامحني ) والتي يقيمها مركز التنمية الأسرية التابع لجمعية البر بالأحساء، برعاية كريمة من سمو محافظ الأحساء الأمير بدر بن محمد بن جلوي آل سعود.\nواطلع البراك على البرامج التي ستنفذ خلال الحملة، وتنطلق مع أول برامجها، وهي : المسابقة الورقية على كتاب الإصلاح بين الناس، آدابه وطرائقه ، لفضيلة الشيخ الدكتور عبدالرحيم السيد الهاشم، أستاذ الفقه المشارك بجامعة الإمام محمد بن سعود الإسلامية، وتبلغ جوائز المسابقة (40،000) ريال .\nوصرح مدير مركز التنمية الأسرية الدكتور خالد الحليبي، أن الهدف من إقامة الحملة، توعية المجتمع بأهمية التسامح وفضيلة العفو بين أوساط المجتمع، وإكساب الأفراد مهارة المبادرة إلى إصلاح ذات البين والتسامح بينهم، والوقاية للمجتمع من تخفيف المشكلات الأسرية من خلال نشر ثقافة إصلاح ذات البين، ومساعدة الأسر للتعامل الأفضل من أجل استقرار الأسرة وحياتها السعيدة .\nوتقام الحملة في الفترة من الإثنين 11/9 إلى الأحد 15/11/1436هـ ، في العثيم مول، والأحساء مول وقاعة الهاشل بالعيون، وقاعة أماسي بالطرف ومنتزه الملك عبدالله البيئي .\nوتشمل الحملة العديد من البرامج الهادفة، ومنها : المسابقة الورقية، ومسابقة الأطفال، والبرامج التدريبية، والبطولة الرياضية، والمحاضرات التربوية ،وأركان الأطفال (مهاراتي تميزني )، والبرامج المسرحية، والأفلام القصيرة، والمعارض التوعوية، وغيرها الكثير من البرامج والأنشطة الأسرية الهادفة، والتي يشارك في تنفيذها ثلة من العلماء والمفكرين والمبدعين على مستوى المملكة والخليج .\nوأوضح الحليبي ان فعاليات الحملة المسرحية والمنبرية تنطلق، يوم الإثنين، التاسع من شهر ذي القعدة المقبل، بتشريف من نائب رئيس جمعية البر بالأحساء عبدالمحسن الجبر، على مسرح العثيم مول الأحساء . ",
    "date_extracted": "2015-08-06 01:38:45"
}