{
    "url": "http://www.alyaum.com/article/4082057",
    "title": "جامعة الدمام تطرح 130 وظيفة شاغرة عن طريق المسابقة العامة",
    "author": "واس - الخبر",
    "content": " أعلنت جامعة الدمام عن طرح 130 وظيفة إدارية وهندسية وحاسوبية شاغرة ترغب الجامعة في شغلها عن طريق المسابقة الوظيفية العامة للرجال والنساء السعوديين فقط .\nودعت الجامعة للراغبين في شغل هذه الوظائف التقدم عليها من خلال موقع الجامعة الإلكتروني : www.uod.edu.sa خلال أسبوع اعتباراً من يوم الأحد المقبل 24 شوال 1436هـ . ",
    "date_extracted": "2015-08-06 01:37:44"
}