{
    "url": "http://www.alyaum.com/article/4081937",
    "title": "الواعدات وعلم العروض ​في «أدبي الأحساء»​",
    "author": "فاطمة عبدالرحمن - الأحساء",
    "content": " أشادت عضو مجلس إدارة نادي الاحساء الادبي تهاني الصبيح بكتاب الرصد التوثيقي الذي تمت طباعته مؤخراً بإشراف رئيس النادي الدكتور ظافر الشهري والذي يحكي عن إنجازات النادي خلال العام المنصرم والأنشطة المقامة فيه كمعلم ثقافي يعنى بالشؤون الأدبية والفكرية وذلك خلال لقاء الأديبات الواعدات في مقر النادي الذي اقيم مساء أمس الاول. وناقش الجميع فكرة التدريب على علم العروض في مدارس التعليم العام وإكساب المعلمة بعضاً من هذا العلم الثري الذي يمكنها من ترنيم أناشيد تلميذاتها كي يسهل عليهن حفظها بعد سبر غور معانيها وتيسير فهمهن لها.\nوأشارت الصبيح في حديثها إلى أن نادي الأحساء الأدبي أقام دورة متكاملة في علم العروض لقيت اهتمام وإقبال الكثيرات ولديه كافة التجهيزات والاستعدادات لإقامة دورة أخرى للواعدات في هذا الفنّ، لتختتم الجلسة بالحديث المفصل للحاضرات عن مراحل كتابة النص والحالة الشعورية للكاتب الذي يثري نصه بالقيم النبيلة. ",
    "date_extracted": "2015-08-06 01:39:07"
}