{
    "url": "http://www.alyaum.com/article/4082015",
    "title": "زوار عسير يشكلون أكبر لوحة فنية تحمل رسائل وطنية",
    "author": "واس ـ أبها",
    "content": " تشكلت أكبر لوحة فنية من أعلى قمة بمنطقة عسير على مساحة خمسة آلاف متر مربع، وتحديدا في فعالية \"المرسم المفتوح\" بمتنزه السودة في نسخته الثانية، ضمن فعاليات مهرجان أبها يجمعنا 36هـ.\nهذه اللوحة رسمتها أنامل زوار عسير، وسط الطبيعة الخضراء التي يحيطها الضباب.\nولم يقف المرسم على تشكيل تلك اللوحة، بل كان مساحة كبيرة للتعبير عن مشاعر الزوار التي يعلوها عشق الوطن وقيادته، فاحتضن كل الفنون، وكل المشاعر، قدمتها فئات عمرية مختلفة، وكان متنفساً هو الأول من نوعه للذائقة الفنية.\nيقول منظم الفعالية الفنان الشاب عوض زارب: \"إن المرسم وبكل مساحته يهدف إلى مشاركة الجمهور في رسم أكبر لوحة فنية لأفكارهم وحكاياتهم ورسائلهم الإبداعية على مساحة كبيرة\"، متطلعًا لتسجيل المرسم كأكبر مرسم مفتوح في العالم.\n\nزائرات عسير يشاركن في رسم اللوحة\n\nطفل مشارك\n\nمتنزه السودة تحول إلى خلية نحل\n\nزائر وابنته في المرسم ",
    "date_extracted": "2015-08-06 01:37:34"
}