{
    "url": "http://www.alyaum.com/article/4081786",
    "title": "أسر «جود» الخيرية تشارك في فعاليات صيف الشرقية",
    "author": "حسن القحطاني - الدمام",
    "content": " تشارك لجنة الأسر المنتجة بفعاليات صيف الشرقية للعام الحالي، والتي تقام في الواجهة البحرية بكورنيش الدمام في ثلاث خيام، الخيمة الأولى مسرح الطفل، ووضع بها أسرتان منتجتان (أسرة ترسم على الوجه للأطفال، والأسرة الأخرى تنقش الحنا لهم)، والخيمة الثانية تحت مسمى القرية التراثية تميزت أركانها بالطابع التراثي الشعبي، والخيمة الثالثة تحت مسمى الأسر المنتجة، حيث شاركت أربع عشرة أسرة منتجة من الاسر التي ترعاها الجمعية، حيث تنوع إنتاجها بين الطبخ الشعبي والخياطة والاعمال اليدوية ونقش الحنا والرسم على الوجه للأطفال وعمل العطورات والخمريات\nوالزيوت العطرية وعمل البهارات والقهوة والأعمال اليدوية الشعبية، حيث ابتدأ المهرجان من يوم 10/10/1436هـ وسيستمر لمدة 13 يوما تقريبا، ووقت حضور الفعاليات من الساعة الرابعة عصرا الى الساعة العاشرة والنصف مساء.\nوالجدير بالذكر أن جمعية «جود» تحرص على تواجد اسرها المنتجة في أغلب الفعاليات والمهرجانات المقامة بالمنطقة بالدمام او الخبر او الجبيل او خارج المنطقة كمهرجان الجنادرية بمدينة الرياض على مدى العام سواء كانت مهرجانات الاعياد او الربيع او المهرجانات التراثية. ",
    "date_extracted": "2015-08-04 18:22:56"
}