{
    "url": "http://www.alyaum.com/article/4081769",
    "title": "الخميس آخر موعد لقبول المستجدين بجامعة الدمام",
    "author": "محمد السليمان - الدمام",
    "content": " ذكر رئيس لجنة علاقات القبول المركزية بجامعة الدمام الدكتور عبدالعزيز الفهيد ان موسم القبول بالجامعة ينهي اعماله الخميس المقبل، حيث استقبلت الجامعة خلال الفترة الماضية المتقدمين والمتقدمات من خلال مكاتب علاقات القبول المنتشرة في كليات الجامعة وفروعها من رمضان الماضي وحتى الخميس المقبل، والجامعة تفتح ابوابها للجميع طوال العام وترحب بهم في أي وقت من اجل خدمة الطلاب والطالبات وتذليل كافة الصعاب والتغلب على مشاكلهم وتوفير التسهيلات اللازمة.\nواضاف: الجامعة تعمل الآن على انهاء كافة الامور المتعلقة بالقبول والمشاكل العالقة في هذا الشأن، حيث تم التعامل مع كافة الطلبات إلكترونياً وبالنسب المحددة للقبول في كليات الجامعة، حيث تم نشر النتائج على موقع الجامعة اولا بأول والتواصل مع المتقدمين عن طريق الجوال والبريد الالكتروني، إضافة الى توجيه المقبولين في الجامعة لاختبار تحديد المستوى في تخصصي الرياضيات واللغة الإنجليزية واللذين سوف يعقدان في الاول من ذي القعدة المقبل وحتى الخامس من الشهر نفسه مؤكدا ان الاختبارات إلزامية للجميع.\nواوضح الفهيد أننا في لجنة علاقات القبول لمسنا هذا العام ارتفاع نسبة ثقافة المجتمع المحلي في التعامل مع قضايا القبول وهذا بفضل الخطة التي نفذت منذ 3 سنوات بالتدرج.\nواشار الى ان عمادة القبول والتسجيل استعانت هذا العام بعدد من طلاب الجامعة للمساهمة بأعمال القبول ليستفيدوا من مهارات التواصل مع المستفيدين والتعرف على المجتمع عن قرب.\nوفي الاطار نفسه التقينا بالطالب محمد الشماسي أحد الطلاب المتقدمين لجامعة الدمام وولي امره اللذين أكدا سهولة اجراءات التقديم، وان ذلك استغرق 5 دقائق لإنهاء اجراءات التقديم وذلك لسهولة ووضوح الاجراءات الالكترونية على بوابة القبول.\nيذكر ان الجامعة استقبلت منذ بدء فترة القبول على بوابة القبول الالكترونية 38 الف طلب تقديم منها 22 الف طالبة و16 الف طالب متقدم للدخول في المنافسات للقبول في مسارات وبرامج الجامعة. ",
    "date_extracted": "2015-08-04 18:23:40"
}