{
    "url": "http://www.alyaum.com/article/4081869",
    "title": "بدء الدراسة في موعدها بالمناطق الحدودية.. وخطط بديلة لاستكمال اليوم الدراسي",
    "author": "علي ضباح – جازان",
    "content": " كشف وزير التعليم الدكتور عزام الدخيل عبر حسابه بتوتير إلى أنه التقى مديري التعليم بالحد الجنوبي واعتمدوا بداية العام الدراسي بموعده المحدد وباستخدام البدائل التعليمية، بما يحقق سلامة منسوبي التعليم.\nيأتي هذا بعد التقاء وزير التعليم يوم أمس بمنطقة نجران بخمسة مدراء تعليم في المناطق الجنوبية المحاذية لدولة اليمن الشقيقة وهي الإدارة العامة للتعليم بمنطقة جازان وإدارة التعليم بمحافظة صبيا والإدارة العامة للتعليم بمنطقة عسير وإدارة تعليم محافظة سراة عبيدة والإدارة العامة للتعليم بمنطقة نجران.\nوكشف مصدر إلى أن إدارة التعليم في الخمسة المناطق الحدودية سبق وقاموا بدراسة الأوضاع بالمدارس على الشريط الحدودية ووضعها الأمني بما يكفل حماية منسوبيها من الطلاب والطالبات والمعلمين والمعلمات في ظل الأوضاع الراهنة، كما قاموا برفع توصيات لوزارة التعليم بما يحفظ سلامة منسوبي المدارس بالشريط الحدودي.\nوأضاف إلى أن من ضمن التوصيات التي رفعت لوزارة التعليم توصية بعد الانتهاء من دراستها وتشمل تقليص أيام الدراسة في مدارس المناطق والمحافظات الحدودية بالجنوب بجميع إدارة التعليم الخمسة وهي \"منطقة جازان، ومحافظة صبيا، ومنطقة عسير، ومحافظة سراة عبيدة، ومنطقة نجران\" إلى 3 أيام أسبوعيا واختصار وقت الحصة إلى 30 دقيقة فقط كما يتم الاستغناء عن الطابور الصباحي والأنشطة اللاصفية والصفية\n.\nومبينا إلى أن هناك تعليق للدارسة بجميع المدارس التي تقع بالقرب من الشريط الحدودي ونقل منسوبيها من الطلاب والطالبات والمعلمين والمعلمات إلى مدارس أخرى.\nومشيرا إلى أن المدارس التي سوف يتم تعليق الدارسة بها التابعة للإدارة العامة للتعليم بمنطقة جازان شملت حتى الآن 134 مدرسة وذلك وفقا لما تقتضية المصلحة العامة، كما بلغ عدد المدارس التي سيتم تعليق الدراسة بها في المدارس التابعة لإدارة التعليم في محافظة صبيا بلغت 49 مدرسة.\nوبين إلى أنه من المرجح تعليق الدراسة في 156 مدرسة منها مدارس ظهران الجنوب التابعة لإدارة تعليم سراة عبيدة وكذلك المدارس في مدينة نجران حتى إشعار آخر. ",
    "date_extracted": "2015-08-04 18:23:06"
}