{
    "url": "http://www.alyaum.com/article/4081997",
    "title": "«تعليم» حفرالباطن يتفقد مدارس في المحافظة",
    "author": "منيس الشيحي - حفرالباطن",
    "content": " أجرى مدير التعليم بمحافظة حفرالباطن عايض الرحيلي جولات تفقد خلالها عدداً من المنشآت والمشاريع للوقوف على جاهزية وسير العمل فيها، وتأتي الزيارة ضمن خطة الإدارة للاطمئنان على الاستعدادات لبدء العام الدراسي.\nوزار الرحيلي مدرسة الرشاد للاطلاع على عمليات الترميم والتأهيل، كما تفقد عملية ترميم لتأهيل قسم نشاط الطلاب الملحق بمبنى الإدارة، كما زار مدارس الزبير بن العوام وأبي حنيفة وأحمد بن حنبل وثانوية الخوارزمي، وتفقد كذلك المشروع الجديد لمبنى متوسطة وابتدائية المطرقة بنات. ورافق مدير التعليم بالزيارة مساعد مدير إدارة المباني بالإدارة المهندس حباب الشمري. ",
    "date_extracted": "2015-08-06 01:38:40"
}