{
    "url": "http://www.alyaum.com/article/4082037",
    "title": "أقارب ضحايا الطائرة المفقودة MH370 يطالبون بدعم أكبر من ماليزيا ايرلاينز",
    "author": "د ب أ - بكين",
    "content": " قال محتجون صينيون اليوم الأربعاء إنه ينبغي على الخطوط الجوية الماليزية (ماليزيا ايرلاينز) تقديم مزيد من الدعم للصينيين الذين فقدوا أقارب لهم في حادث اختفاء الطائرة إم.اتش 370 .\nوقالت جيانج هوي 41/ عاما/ ، وهي محتجة من بين عشرة أشخاص تقريبا احتشدوا أمام مكتب الشركة في بكين \" ليس كافيا أنهم يعرضون فقط الاجتماع معنا مرتين في الشهر \" .\nوذكرت جيانج ،التي كانت والدتها ضمن ركاب الطائرة المفقودة، إن الشركة أغلقت مكتب الاتصال المعني بالتعامل مع أسر الضحايا في نيسان/أبريل.\nوطالبت بإطلاع أسر المفقودين على مقاطع الفيديو التي التقطتها كاميرات المراقبة في مطار كوالالمبور قبل إقلاع الطائرة منه في 8 آذار/مارس 2014 لمعرفة من استقل الطائرة بالفعل.\nوذكرت أن \"هذه المادة محجوبة عنا حتى الآن\".\nوقالت جيانج لوكالة الانباء الالمانية (د.ب.أ) إن الشرطة سمحت بدخول المجموعة إلى مكتب الشركة بحلول ظهر اليوم \"لكن لم يتم الرد على جميع تساؤلاتنا\".\nوتم إعطاء المجموعة خطابا بتاريخ الثامن من تموز/يوليو يشير إلى أن الدفعات المقدمة التي يتم تقديمها إلى أقرباء الركاب من قبل بكين قبل التوصل إلى قرار تسوية سيتم وقفها في الثامن من أيلول/سبتمبر المقبل.\nوقالت جيانج \"لم يشرحوا الخطة. بدلا من ذلك تسلمنا ورقة أثناء مغادرتنا\".\nكما قالت لوكالة الأنباء الألمانية (د.ب.أ) إنه فيما يتعلق بقطعة الحطام التي عثر عليها في جزيرة ريونيون الفرنسية الأسبوع الماضي ،\"لا يعنيني ما إذا كانت تعود للطائرة المفقودة أم لا \".\nوأضافت :\"أريد فقط أن أعرف ما إذا كان الحادث قد وقع بشكل متعمد\".\nواختفت الطائرة بوينج 777 بعد قليل من إقلاعها متجهة إلى بكين وعلى متنها 239 شخصا بينهم 153 صينيا .\nوتم العثور على الحطام التي يبدو أنها من طائرة بوينج 777 في جزيرة ريونيون الفرنسية قبالة سواحل شرق إفريقيا الاسبوع الماضي وتم نقلها إلى فرنسا لتحليلها لتحديد ما إذا كانت جزء من الطائرة المفقودة أم لا. ",
    "date_extracted": "2015-08-06 01:38:33"
}