{
    "url": "http://www.alyaum.com/article/4081820",
    "title": "واشنطن تتعهد بالتعاون مع الخليج وتعترف بـ«التاريخ الإرهابي» لايران",
    "author": "الوكالات - الدوحة",
    "content": " أعلن وزير الخارجية الأمريكي جون كيري أن الولايات المتحدة \"ستسرع\" بيع الاسلحة لدول الخليج، وقال في مؤتمر صحفي عقب اجتماع مشترك مع وزراء خارجية دول مجلس التعاون الخليجي في الدوحة أمس: \"توافقنا على تسريع بيع بعض الاسلحة الضرورية التي استغرقت وقتا طويلا في الماضي\". \nوقال كيري: إن لقاء الدوحة بحث أيضا الدفاع الصاروخي ونقل السلاح، وأشار إلى أن هناك المزيد من التعاون الأمريكي مع دول الخليج يشمل تبادل معلومات المخابرات وتدريب القوات الخاصة.\nوأضاف كيري \"توافقنا على البدء بعمليات تدريب محددة جدا (...) بهدف تبادل وتقاسم معلومات استخباراتية\".\nويزور كيري الخليج لطمأنة نظرائه في دول الخليج العربية حول ميزات الاتفاق الدولي حول النووي الايراني وانعكاسه على الأمن في المنطقة.\nوتحدث كيري ايضا عن استمرار المشاورات بين واشنطن وحلفائها الخليجيين التي بدأت في كامب ديفيد في مايو الماضي حول \"كيفية دمج الانظمة الدفاعية الاقليمية من الصواريخ البالستية\" فضلا عن \"زيادة عدد التدريبات (العسكرية) التي نقوم بها معا\". \nوتابع كيري في حضور وزير الخارجية القطري خالد العطية \"إنها بعض الامثلة عن رؤيتنا لكيفية تعزيز امن المنطقة وتحسين التعاون\".\nوقال الوزير الأمريكي: إن \"سلوك\" ايران قد يتحسن على المستوى الدولي في أعقاب الاتفاق النووي، لكنه سلم بصحة مخاوف دول الخليج من أن الاتفاق قد يعجل بانفراجة بين طهران وواشنطن ويشجع النظام الحاكم في طهران على دعم الميليشيات المسلحة المتحالفة. مشدداً على أن \"هدفنا هو تطبيق الاتفاق بالكامل ونأمل أن يتحسن سلوك ايران\" رغم اعترافه بالسلوكية الإيرانية المثيرة للاضطرابات في المنطقة.\nمضيفاً \"بالطبع نعلم جميعا بالدعم لحزب الله وللميليشيات الشيعية في العراق وبالدعم للحوثيين (في اليمن) وتدخلات أخرى بالمنطقة والدعم للإرهاب تاريخيا\".\nوأضاف \"الآن يمكن أن يأمل الجميع في أنه ربما تطوى الصفحة، لكننا نستعد لاحتمال أن هذا قد لا يحدث\".\nومضى يقول: \"لذا... سنعمل مع أصدقائنا وحلفائنا بالمنطقة حتى نتأكد من أننا نبذل أقصى ما هو ممكن لمنع أي نوع من التحركات الخارجية أو غير القانونية أو غير الملائمة داخل بلد من زعزعة استقرار أصدقائنا وحلفائنا\".\nمن جهته، قال العطية الذي ترأس بلاده مجلس التعاون لدول الخليج العربية في دورته الحالية: إن الاتفاق مع ايران \"كان افضل خيار بين خيارات اخرى للتوصل الى حل لقضية البرنامج النووي الايراني عبر الحوار\".\nوأعرب كثير من دول الخليج عن مخاوف حيال طموحات ايران الاقليمية في اعقاب الاتفاق في الرابع عشر من يوليو مع الدول العظمى في مجموعة 5+1 التي تضم الولايات المتحدة وفرنسا وبريطانيا وروسيا والصين والمانيا.\nومدة الاتفاق النووي الايراني عشر سنوات ويفترض ان يضمن عدم تمكين ايران من صنع سلاح نووي مقابل رفع تدريجي للعقوبات الاقتصادية القاسية المفروضة عليها.\nولا تثق دول الخليج العربية في أن إيران تلتزم بأي تعهدات التي توقع عليها، بالنظر إلى السلوكية العدوانية التي ينتهجها نظام طهران ضد دول الخليج. \nوبعد توقيع الاتفاق نددت الدول الخليجية بالتصريحات العدائية التي أطلقها مرشد إيران ضد الدول الخليجية، وبالأخص البحرين.\nالجبير يلتقي كيري\nبدأ كيري نهاره بلقاء نظيره السعودي عادل الجبير وأمير قطر، قبل الاجتماع المشترك بين وزراء خارجية دول مجلس التعاون الخليجي ونظيرهم الأمريكي، وترأس وفد المملكة وزير الخارجية عادل بن أحمد الجبير. \nوقال خالد العطية وزير الخارجية القطري، في كلمته التي افتتح بها أعمال الاجتماع: إنه \"يأتي في إطار تنفيذ الأهداف والغايات التي تحقق مصالحنا المشتركة التي رسمها لنا قادة دول مجلس التعاون لدول الخليج العربية مع الولايات المتحدة الأمريكية\". \nوأضاف \"إن اجتماعنا هذا يعقد في ظل ظروف إقليمية ودولية استثنائية وتحديات غير مسبوقة يواجهها العديد من مناطق العالم، وبخاصة منطقة الشرق الأوسط، تستدعي منا والولايات المتحدة الأمريكية بذل المزيد من الجهود لمواجهة كافة التحديات التي تعترض مجتمعاتنا من أجل احلال السلم والأمن والاستقرار العالمي\". \nوصرح مسؤول في الخارجية الامريكية بأن زيارة كيري للدوحة هي \"فرصة فعلية كي يعمق وزير الخارجية النقاش مع نظرائه في مجلس التعاون الخليجي، للرد على أي سؤال متبق ولطمأنتهم وضمان دعمهم لجهودنا في المضي قدما\". \nويأتي هذا الاجتماع كمؤشر لأهمية القضايا السياسية والأمنية المطروحة على طاولة البحث، وكذلك على الثقل الذي باتت تشكله منظومة دول مجلس التعاون الخليجي في العالم، باعتبارها من أكثر المنظومات الإقليمية تماسكاً، فضلاً عن تفاعلها وتأثيرها في السياسة الإقليمية والدولية. \nاجتماع ثلاثي لبحث الأزمة السورية\nوحسب الخارجية الأمريكية، تشمل زيارة كيري للدوحة، لقاء ثلاثيا بينه ونظيريه السعودي عادل الجبير، والروسي سيرغي لافروف. \nوأفاد مسؤول في الخارجية بأن \"إحدى نقاط النقاش الرئيسة ستكون الأزمة الجارية في سوريا\". \nوبدأ كيري نهاره بلقاء الجبير وأمير قطر تميم بن حمد آل ثاني، قبل التوجه الى اللقاء المقرر مع وزراء مجلس التعاون الخليجي. \nووصل كيري الى الدوحة مساء الأحد وافدا من القاهرة بعد زيارة مصر، وقائلا للصحفيين في المحطة الأولى لجولته : \"لا شك على الاطلاق في انه اذا تم تطبيق اتفاق فيينا بالكامل، فإنه سيجعل مصر وجميع دول المنطقة أكثر أمانا من قبل\". \nويقول مسؤولون أمريكيون: إن مساعي كيري الدبلوماسية في الدوحة هي استكمال لقمة مع قادة دول الخليج استضافها الرئيس الأمريكي باراك أوباما في منتجع كامب ديفيد في مايو. \nوخلال هذه القمة رد أوباما على مخاوف دول الخليج من الاتفاق النووي مع إيران وتعهد بدعمها ضد أي \"خطر خارجي\" واستقبل أمير قطر تميم بن حمد آل ثاني أمس وزراء خارجية دول مجلس التعاون الخليجي، واستعرضوا آفاق العمل الخليجي المشترك نحو عدد من القضايا الإقليمية والدولية.\nإضافةً إلى مناقشة آخر تطورات الأوضاع في المنطقة، بحسب وكالة الأنباء القطرية. وتمنى أمير دولة قطر الخروج بنتائج تعزز استقرار المنطقة وأمنها. \nوفي وقت سابق، استقبل أمير قطر الوزير كيري الذي أطلعه على تفاصيل الاتفاق الذي تم التوصل إليه بين دول مجموعة ( 1+5 ) وإيران بشأن البرنامج النووي الإيراني. \nوأعرب أمير قطر - خلال اللقاء - عن أمله في أن تكون منطقة الشرق الأوسط منطقة خالية من أسلحة الدمار الشامل، إضافة إلى تجنب سباق التسلح فيها. ",
    "date_extracted": "2015-08-04 18:22:40"
}