{
    "url": "http://www.alyaum.com/article/4082050",
    "title": "الأسهم السعودية تسجل ارتفاعاً بـ 21 نقطة إلى 8790 نقطة",
    "author": "واس - الرياض",
    "content": " سجل مؤشر سوق الأسهم السعودية اليوم ارتفاعاً بـ 21.29 نقطة بنسبة 0.24 % ليغلق عند مستوى 8790.77 نقطة , وبتداولات تجاوزت 3 مليارات ريال. \nوشهدت تداولات اليوم ارتفاع أسهم 82 شركة في قيمتها، فيما تراجعت أسهم 57 شركة، إذ بلغ عدد الأسهم المتداولة اليوم أكثر من 108 مليون سهم توزعت على أكثر من 69 ألف صفقة . \nوكانت أسهم شركات, العالمية ,والانماء طوكيو ,وساب تكافل ,وايس ,ورعاية ,وسوليدرتي تكافل الأكثر ارتفاعا اليوم، فيما جاءت أسهم شركات الكابلات ,وبوبا العربية ,والاهلي ,وبتروكيم , اسمنت الجوف ,والخليج للتدريب على رأس الشركات الأكثر انخفاضا، وقد تراوحت الانخفاضات والارتفاعات في تداولات اليوم ما بين 9.61 % إلى 1.39 %. \nكما جاءت أسهم شركات سابك ,والإنماء ,واعمار ,وميدغلف للتأمين ,والراجحي ,و موبايلي الأكثر نشاطا بالقيمة، فيما جاءت أسهم شركات الانماء ,واعمار , وزين السعودية ,ودار الأركان, وكيان السعودية, وسابك على قائمة أكثر الأسهم نشاطا بالكمية . ",
    "date_extracted": "2015-08-06 01:37:49"
}