{
    "url": "http://www.alyaum.com/article/4081928",
    "title": "تدني معدل اقتصاد وقود المركبات يرفع نسبة الاستهلاك",
    "author": "اليوم ـ الرياض",
    "content": " حدد البرنامج الوطني لكفاءة الطاقة، المنبثق من المركز السعودي لكفاءة الطاقة، بالتعاون مع كافة الجهات المعنية في المملكة أسباب تدني مستوى كفاءة استهلاك الطاقة في قطاع النقل البري، وتوصّل إلى أنّ تدني معدل اقتصاد وقود المركبات هو السبب الرئيس لذلك، حيث يقارب معدل اقتصاد وقود المركبات في المملكة نحو 12 كيلو متراً لكل لتر وقود، مقارنةً بنحو 13 كيلو متراً لكل لتر وقود في الولايات المتحدة الأمريكية، و15 كيلو متراً لكل لتر وقود في الصين، و18 كيلو متراً لكل لتر وقود في أوروبا.\nوقام الفريق المختص في البرنامج، بالعمل مع جهات استشارية دولية، حكومية وغير حكومية، لإعداد برامج فرعية لتحسين اقتصاد الوقود في المركبات القائمة والمستوردة، سواءً الخفيفة منها أو الثقيلة.\nوشملت البرامج الفرعية التي تم تنفيذها لتحسين اقتصاد الوقود في المركبات الخفيفة المستوردة ما يلي:\n• إصدار بطاقة اقتصاد وقود المركبات في ديسمبر 2013م، وتطبيق مرحلتها الأولى في أغسطس 2014م، ومرحلتها الثانية في يناير 2015م.\n• إصدار مواصفة قياسية لمتطلبات مقاومة الدوران، والتماسك على الأسطح الرطبة، للإطارات في أبريل 2014م، وتطبيق مرحلتها الأولى في نوفمبر 2015م، ومرحلتها الثانية في نوفمبر 2019م.\n• توقيع الهيئة السعودية للمواصفات والمقاييس والجودة مذكرات تفاهم مع شركات صناعة السيارات العالمية لإصدار «المعيار السعودي لاقتصاد الوقود في المركبات الخفيفة»، تمهيداً لإصداره واعتماده من مجلس إدارة الهيئة، وتطبيق مرحلته الأولى على جميع المركبات الخفيفة المستوردة، بدءاً من يناير 2016م بإذن الله تعالى. \nويستهدف المعيار السعودي لاقتصاد الوقود في المركبات الخفيفة تحسين معدل اقتصاد وقود المركبات في المملكة بنحو 4% سنوياً، لنقله من مستواه الحالي عند نحو 12 كيلو متراً لكل لتر وقود، إلى مستوى يتخطى 19 كيلو متراً لكل لتر وقود، بحلول عام 2025م.\nوقد روعي عند بدء العمل على إعداد المعيار في يوليو 2012م طبيعة العرض والطلب على المركبات في المملكة، والتواصل المستمر مع شركات صناعة السيارات العالمية عبر تقديم تقارير اقتصاد وقود مركباتهم، والأخذ بملاحظاتهم واقتراحاتهم، بشأن تحقق التحسين المستمر في مستوى المعيار، مع المحافظة على الحياد التقني، والمنافسة العادلة، وتنوّع خيارات المركبات المتاحة للمستهلكين.\nوأسفرت عملية إعداد المعيار عن موافقة والتزام 78 شركة تمثّل مصدر أكثر من 99,95% من مبيعات المركبات في المملكة بتطبيق المعيار السعودي لاقتصاد الوقود في المركبات الخفيفة. وللتأكد من تطبيق المعيار، فقد تم إعداد منظومة عمل من أربع جهات حكومية لتتولى مهام مراقبة تطبيق المعيار، والتزام شركات صناعة السيارات العالمية بمتطلبات المعيار، ومتابعة تحسين معدل اقتصاد وقود المركبات في المملكة. وتشمل هذه الجهات كلاً من وزارة التجارة والصناعة، والهيئة السعودية للمواصفات والمقاييس والجودة، ومصلحة الجمارك العامة، والمركز السعودي لكفاءة الطاقة.\nوتشير التقارير الرسمية الى ان النمو السكاني، وعوامل أخرى، كالطبيعة الجغرافية، وتباعد التجمعات السكانية في المملكة، اسهمت في زيادة الطلب على وسائل النقل بشكلٍ عام، والنقل البري بشكلٍ خاص، ليصل إجمالي الطرق القائمة، والجاري تنفيذها، إلى أكثر من 80 ألف كيلو متر، وحجم أسطول المركبات إلى نحو 12مليون مركبة. \nوتتمثل طرق ترشيد استهلاك الطاقة في قطاع النقل التي اطلقها المركز السعودي لكفاءة الطاقة في الحملة الخاصة بالمركبات، والتي جاءت كرسائل للمستهلكين:\n• بطاقة اقتصاد الوقود تساعدك على اختيار السيارة الأقل استهلاكاً للوقود.\n• تجنب التسارع والتباطؤ المتكرر والمفاجئ في القيادة يقلل من استهلاك الوقود.\n• استخدام مثبت السرعة في الطرق السريعة يقلل من استهلاك الوقود.\n• إحماء السيارة لمدة تتجاوز ثواني قليلة يعد هدراً للطاقة، كما يؤثر سلباً على العمر الافتراضي لها.\n• حافظ على صيانة سيارتك بانتظام فهذا يوفر من استهلاك الوقود.\n• انتبه إلى حدود السرعة, فعند زيادة السرعة من 100 كلم في الساعة إلى 140 كلم فإن استهلاك الوقود يزيد بنسبة 25- 30%.\n• تحقق من قياس ضغط الإطارات فهذا يحسن من استهلاك الوقود بنسبة تصل إلى 6%.\n• السيارات القديمة رخيصة السعر لكنها مكلفة في الصيانة واستهلاك الوقود.\n• حاول قضاء مجموعة من الحاجات في رحلة واحدة لتوفير الوقود. ",
    "date_extracted": "2015-08-06 01:37:28"
}