{
    "url": "http://www.alyaum.com/article/4081767",
    "title": "«الجهاز المركزي للمعلومات»: 238 ألفاً معدل زوّار المواقع التراثية سنوياً",
    "author": "محمد آل خاتم - المنامة",
    "content": " أظهرت إحصاءات الجهاز المركزي للمعلومات أن متوسط عدد زوار المواقع السياحية التراثية في البحرين يصل إلى 238 ألف زائر.\nوتشمل تلك الأماكن كلا من : المتحف الوطني وبيت الجسرة وبيت الشيخ عيسى بن علي آل خليفة وقلعة الشيخ سلمان بن أحمد الفاتح وقلعة عراد وقلعة البحرين ومسجد الخميس.\nوأشارت الإحصاءات إلى أن عدد زوار تلك المواقع التراثية في العام الماضي فاق الـ 263 ألف زائر، في حين كان عدد زوار نفس الأماكن في العام 2013 نحو 292 ألفاً، وفي العام 2012 نحو 185 ألف زائر وفي سنة 2011 ما يقرب من 141 ألفا و2010 ما يقارب 310 آلاف زائر، وهو العام الذي حقق أعلى معدل خلال السنوات الخمس الفائتة.\nويتجاوز متوسط عدد زوار المتحف الوطني سنوياً 121 ألف زائر، وهو الرقم الأكبر من حيث عدد السياح المستقبلين في المواقع الأثرية الموجودة في البلاد.\nفيما تأتي قلعة البحرين في المرتبة الثانية باستقبالها أكثر من 79 ألف زائر كل عام وقلعة الشيخ سلمان بن أحمد الفاتح في المرتبة الثالثة بوصول 13 ألف زائر لموقعها. \nويصل عدد زوار قلعة عراد إلى 11 ألف زائر سنوياً وبيت الجسرة إلى 4600، وبيت الشيخ عيسى بن علي إلى 6900 سائح، ومسجد الخميس إلى ألف زائر، ويعد الأخير أحد أهم الآثار الإسلامية في البحرين، حيث بني في العصر الأموي في عهد الخليفة عمر بن عبدالعزيز في 692 ميلادي، ويتميز بمنارتيه التوأمتين.\nوتجذب البحرين سنوياً أكثر من مليوني زائر، النسبة الأكبر من السياح هم من دول الخليج العربي، ويأتي في المرتبة الأولى السياح السعوديون، والكويتيون، ثم العمانيون، فالإماراتيون، والقطريون. \nفيما يأتي معظم السياح الأجانب من بريطانيا والولايات المتحدة. ",
    "date_extracted": "2015-08-04 18:24:17"
}