{
    "url": "http://www.alyaum.com/article/4081802",
    "title": "«الثانوية العامة» وعدم المحكومية شرطان لمرشح الانتخابات البلدية",
    "author": "حوار - خالد سجاف",
    "content": " منذ أن تم الإعلان عن موعد انتخابات المجالس البلدية تجري العديد من الترتيبات والتجهيزات لإجراء الانتخابات في موعدها ليقوم الناخبون بالإدلاء بأصواتهم واختيار مرشحيهم في الدورة القادمة للانتخابات، وهو الحدث الذي يعد الأبرز الذي يهم المواطنين حاليا. \n«اليوم» التقت مع مدير إدارة العلاقات العامة والإعلام المتحدث الرسمي بأمانة المنطقة الشرقية محمد بن عبدالعزيز الصفيان، الذي تطرق في الحوار الى العديد من القضايا والاستفسارات التي تشغل بال الجميع حول الانتخابات البلدية، حيث كشف الصفيان أن حصول المرشح على شهادة الثانوية العامة أو ما يعادلها أبرز متطلبات الترشيح، وأن هناك العديد من الفئات الممنوعة من الترشح للانتخابات.\n\u001a\u001a هناك العديد من الفئات التي يحظر ترشحها في الانتخابات البلدية، نريد معرفة هذه الفئات بشكل محدد؟ يحظر النظام على العديد من الفئات الترشح لعضوية المجلس البلدي، ومنها موظفو وزارة الشؤون البلدية والقروية أو أي من الجهات التابعة لها. كما يحظر النظام أيضا ترشح القضاة وكتاب العدل والمحافظين ورؤساء المراكز ومشايخ ونواب القبائل، والمعرفين والعمد وأعضاء هيئة التحقيق والادعاء العام، وكذا أعضاء مجلس الشورى وأعضاء وأمناء مجالس المناطق والمجالس المحلية وأعضاء مجالس إدارات هيئات التطوير التي تقدم خدمات بلدية وأعضاء اللجان الانتخابية، ولجان الفصل في الطعون والمخالفات الانتخابية، والمستثمر أو المتعهد أو المقاول الذي تربطه مع البلدية علاقة استثمارية أو تعاقدية وفق الضوابط التي حددتها لائحة انتخاب أعضاء المجالس البلدية. \u001a\u001a أعلنت اللجنة العامة للانتخابات البلدية شروط الترشح للدورة الثالثة للانتخابات البلدية.. فما هي هذه الشروط؟ من أبرز الشروط التي أعلنتها اللجنة العامة للانتخابات البلدية للترشح بالدورة الثالثة للمجالس البلدية في المناطق ألا يقل عمر المتقدم عن 25 سنة هجرية في موعد الاقتراع \"أي أن تاريخ ميلاده يوم 01-03-1412 هــ فما قبل\"، وألا يقل مؤهله التعليمي عن الثانوية العامة أو ما يعادلها، وأن يقيد اسمه في جداول قيد الناخبين في الدائرة الانتخابية التي يرغب الترشح عنها، ألا يكون محكوماً عليه بحد شرعي، أو بالإدانة في جريمة مخلة بالشرف أو الأمانة ما لم يكن قد رد إليه اعتباره، وألا يكون مفصولاً من الخدمة العامة لأسباب تأديبية، ما لم يكن قد مضى على هذا الفصل ثلاث سنوات، ألا يكون محكوماً عليه بالإفلاس الاحتيالي، كما تضمنت الشروط ألا تكون عضويته في المجلس البلدي مسقطة في مدة المجلس السابقة. \u001a\u001a ما هي المستندات المطلوبة للترشح؟ تشمل المستندات المطلوبة لتسجيل المرشحين أصل الهوية الوطنية وصورة منها، وصورة نموذج طلب قيد ناخب \"نموذج رقم 101\" لإثبات تسجيله في جداول قيد الناخبين إذا كان قيده حديثاً، وفي حالة فقدان الصورة أو كان قيده في الدورتين الانتخابيتين السابقتين فيقدم صورة من بيانات تسجيله من الموقع الإلكتروني لانتخاب أعضاء المجلس البلدية على الرابط \"www.intekhab.gov.sa\"، وصورة من المؤهل التعليمي على أن لا يقل عن شهادة الثانوية العامة أو ما يعادلها، والاصل للمطابقة أو صورة منها مصدقة من الجهة التعليمية الرسمية التي صدرت منها الشهادة. \u001a\u001a متى يتم إعلان الجداول الأولية لقيد الناخبين؟ أعلنت اللجنة العامة للانتخابات البلدية، عن بدء مرحلة قيد الناخبين وتحديث البيانات السابقة لانتخابات أعضاء المجالس البلدية \"الدورة الثالثة\" من السبت 7-11-1436هـ الموافق 22 اغسطس الجاري الى الاثنين 1-12-1436هـ الموافق 14 سبتمبر المقبل ولمدة 21 يوما عدا أيام الجمع بمعدل 5 ساعات يومياً. وتعلن الجداول الأولية لقيد الناخبين يوم الثلاثاء 16-12-1436هـ الموافق 29 سبتمبر المقبل، فيما يجري إعلان الجداول النهائية يوم 27/1/1437هـ الموافق 9 نوفمبر المقبل، وبعد ذلك تبدأ مرحلة تسجيل المرشحين من يوم الأحد 15-11-1436هـ الموافق 30 اغسطس الى الخميس 4-12-1436هـ الموافق 17 سبتمبر ولمدة 17 يوما، ويعقب ذلك إعلان القوائم الأولية للمرشحين يوم الأربعاء 17-12-1436هـ الموافق 30 سبتمبر المقبل، وآخر موعد لتقديم طلب انسحاب المرشحين يوم الخميس 7-2-1437هـ الموافق 19 نوفمبر المقبل لمدة 82 يوما من تاريخ تسجيل المرشحين، بينما تعلن القوائم النهائية للمرشحين يوم الأحد 17-2-1437هـ الموافق 29 نوفمبر المقبل، وتنطلق حملات الدعاية الانتخابية للمرشحين لمدة 12 يوما من الأحد 17-2-1437هـ الموافق 29 نوفمبر الى الخميس 28-2-1437هـ الموافق 10 ديسمبر وتنتهي يوم الخميس الساعة 12 ليلاً، وحددت اللجنة موعد الاقتراع يوم السبت 1-3-1437هـ الموافق 12 ديسمبر المقبل من الساعة 8 صباحاً حتى الساعة 5 عصراً، على أن تعلن النتائج بعد الفرز مباشرة. ",
    "date_extracted": "2015-08-04 18:22:43"
}