{
    "url": "http://www.alyaum.com/article/4081989",
    "title": "تدريب موظفي «كهرباء» الشرقية على الإسعافات الأولية",
    "author": "جعفر تركي - الدمام",
    "content": " نفذت ادارة التدريب بهيئة الهلال الأحمر السعودي في المنطقة الشرقية خلال اليومين الماضيين دورة تدريبية في برنامج الأمير نايف للإسعافات الأولية لعدد من منسوبي الشركة السعودية للكهرباء بمقر الشركة في الدمام. \nوأوضح المتحدث الرسمي للهيئة بالشرقية فهد الغامدي أن المتدربين يخضعون لبرنامج متكامل من قبل مدربين مختصين بمتابعة من مشرف برنامج الأمير نايف للإسعافات الأولية بالمنطقة الشرقية خالد الشمري، لتعريفهم بكيفية التعامل مع المصابين في الحوادث المرورية والإنعاش القلبي الرئوي وحوادث الغرق والحروق والنزيف والغصة والتسمم وغيرها من الحالات الإسعافية المختلفة.\nويؤهل التدريب المتدربين للمساعدة في تقديم الإسعافات الأولية لمحتاجيها حتى وصول سيارة الإسعاف لتقديم الخدمة الطبية الإسعافية للحالة ومن ثم نقلها إلى أقرب مستشفى. \nوأفاد المتحدث الرسمي بأن مجتازي الاختبار التحريري والعملي ينالون بعد الدورة بطاقة مسعف أولي تمكنه من تقديم الإسعافات الأولية للمصابين لمدة عامين، \nودعا الغامدي الجهات الحكومية والمؤسسات والشركات وأفراد المجتمع الى سرعة المبادرة للالتحاق ببرنامج الأمير نايف للإسعافات الأولية والذي تقيمه هيئة الهلال الأحمر السعودي لما له من أهمية كبرى في إنقاذ الحالات الإسعافية الطارئة الناتجة عن الحوادث بمختلف أنواعها. ",
    "date_extracted": "2015-08-06 01:38:39"
}