{
    "url": "http://www.alyaum.com/article/4081824",
    "title": "جنوب أفريقيا تحاكم زعيم المعارضة",
    "author": "د ب أ - كيب تاون",
    "content": " بدأت أمس في جنوب أفريقيا محاكمة جوليوس ماليما، أبرز معارض سياسي في جنوب أفريقيا، لاتهامه بالفساد. ويشار إلى أن ماليما الذي كان في وقت سابق من المقربين إلى الرئيس جاكوب زوما ورئيسا لرابطة الشباب في حزب \"المؤتمر الوطني الافريقي\" الحاكم، كان قد طرد من الحزب عام 2012 بسبب خطاب محرض على الكراهية ولمحاولته \"زرع الانقسام\" داخل الحزب.\nويواجه ماليما، الذي أسس في الوقت نفسه حزب \"المناضلين من أجل الحرية الاقتصادية\" المعارض، تهما بالابتزاز والاحتيال والفساد وغسيل الاموال.\nكما يتهم ماليما بتشويه صورته حتى يحصل على عقد حكومي قيمته 1ر4 مليون دولار، بينما كان يشغل منصب رئيس رابطة شباب حزب المؤتمر الوطني الافريقي.\nويزعم أن ماليما كان مساهما غير مباشر في الشركة التي كانت تقوم بمنح العقد. ",
    "date_extracted": "2015-08-04 18:24:05"
}