{
    "url": "http://www.alyaum.com/article/4081770",
    "title": "«الرجل النملة» قوة خارقة في عالم الخيال والمغامرة",
    "author": "اليوم، الوكالات - المنامة",
    "content": " تدور أحداث فيلم المغامرة والإثارة والخيال العلمي (الرجل النملة) أو (آنت مان) حول دكتور (هانك بيم) \"مايكل دوجلاس\" الذي يتم طرده من شركته بعد أن أزاحه تلميذه السابق (دارين كروس)، فيقوم (بيم) باستغلال مهارات (سكوت لانج) \"بول رود\" اللص المحترف الذي خرج لتوِّه من السجن. وعبر تدريبات (بيم)، وبواسطة رداء جديد يجعل صاحبه قادرًا على الانكماش في الحجم ويمنحه قوة خارقة والتحكم في جيش من النمل، يتحول (لانج) إلى الرجل النملة. والآن على البطل صغير الحجم أن يستخدم مهاراته الجديدة ليمنع \"كروس\" المعروف باسم (يلو جاكيت) من التعامل مع التكنولوجيا نفسها واستخدامها كسلاح لتنفيذ أغراض شريرة.\nوحافظ فيلم (الرجل النملة) على صدارة قائمة إيرادات دور السينما في أمريكا الشمالية للأسبوع الثاني على التوالي، بلغت 24.700 مليون دولار، وفقاً لتقديرات استوديوهات السينما الأولية.\nوقدم (أوين غليبرمان) رؤية نقدية معمقة عن الفيلم، مبيناً أن (بول رود) يلعب دور (سكوت لانغ) الذي يصبح من دون قصد مادة اختبار في تجربة لخلق بطل شبحي خارق بحجم حشرة.\nأحدث عمل رائع من شركة (مارفل) عن الأبطال الخارقين، كان من المفترض أن ينزل إلى مستوى الحشرات، لكنه بدلاً من هذا خرج إلينا بمشاهد هائلة ومثيرة. \n(بول رود) هو ذاك الممثل الذكي والماهر إلى درجة أنه إذا كان لأي ممثل أن يلعب دور البطل الخارق ويضيف إليه روحا جديدة غير معهودة، فإنك تعتقد أنه (بول رود). ولكن في (الرجل النملة)، وهو فيلم عملاق من أفلام الشاشة الكبيرة أنتج على عجل وبتكاليف باهظة، فإن (رود) لا يظهر صغيراً فقط، بل إنه يروَّض ويُضعَف، ويبدو أقل إرادة. من الصعب القول إن كان الفيلم يضعف شخصيته أو أن رود نجح في أداء هذا الدور بنجاح من الأساس.\nتكمن المشكلة الرئيسية في أن (الرجل النملة)، على الأقل في هذا العمل السينمائي، ليس بطلاً مرحاً جداً. عندما يلبس رود بدلته الخاصة فإن صوته، المتحرر من جسده، يبدو مفصولاً عن الشخصية. هناك القليل من العلامات التي تثير الدهشة في حركاته المشوقة وأعماله المثيرة. حتى إن بدلة الرجل النملة تفتقد الى جاذبية معينة لتشد المعجبين إليها.يبدو (الرجل العنكبوت) مثل أشباه البشر وفي شكل العنكبوت، ويظهر (الرجل الوطواط) مثل الوطواط، أما (الرجل النملة) فيبدو... مهلاً، مثل شخص يلبس نوعاً من خوذة تلبسها عندما تزيل بعضاً من النفايات الصناعية، مضافاً إليها قطعة مرقعة لحماية الصدر تبدو وكأنها قد صُممت على طراز شبكة قرنية ذبابة الفاكهة.\nوباستثناء حجمه، ليس هناك شيء خاص من مواصفات النمل يتمتع بها (الرجل النملة)، مع أنه يقود جيشاً من النمل ويتجول راكباً ظهر أحدها، وهذا ما يجعله في بعض الأحيان يبدو وكأنه أصغر راع للبقر أمريكي على وجه الأرض يقود قطيعاً من النمل سريع الحركة. لم تكن أي من هذه الأمور لتثير قضية إذا كان قد ظهر سكوت لانغ جذاباً. ولكنه ليس كذلك. إنه أشبه برجل صغير الحجم يهوى أداء المهام الخطيرة، وقد انتزع فجأة مركز الصدارة. ",
    "date_extracted": "2015-08-04 18:24:18"
}