{
    "url": "http://www.alyaum.com/article/4082046",
    "title": "هبوط اضطراري لطائرة اباتشي تابعة للقوات البرية السعودية في منفذ الطوال",
    "author": "واس - الرياض",
    "content": " أصدرت قيادة القوات المشتركة اليوم بياناً أوضحت فيه أنه في صباح اليوم الأربعاء أجرت طائرة اباتشي تابعة للقوات البرية السعودية بعد تنفيذها لعمليات على الحد الجنوبي هبوطاً اضطرارياً في منفذ الطوال السعودي ولم تتعرض الطائرة لأي أضرار ولم يصب الطيار ومساعده بأي أذى ولله الحمد. ",
    "date_extracted": "2015-08-06 01:37:55"
}