{
    "url": "http://www.alyaum.com/article/4081988",
    "title": "كاتالونيا إلى استفتاء الانفصال",
    "author": "الوكالات ـ برشلونة",
    "content": " دعا رئيس إقليم كاتالونيا ارثور ماس إلى انتخابات مبكرة في 27 سبتمبر، في استحقاق يأمل أن يمهد الطريق أمام الوصول في المدى المتوسط إلى استقلال هذه المنطقة الواقعة في شمال شرق اسبانيا. ويخضع رئيس إقليم كاتالونيا لتحقيق قضائي بسبب تنظيمه في نوفمبر، خلافا لقرار قضائي، استفتاء رمزيا على استقلال الإقليم. وأكد أن مرسوم الدعوة للانتخابات \"لا يمكن الطعن به قضائيا\" لكن \"سياسيا، ستشكل الانتخابات استفتاء على حرية كاتالونيا واستقلالها\". وترفض مدريد إعطاء الانتخابات أي صبغة \"استفتائية\"، وأكدت على لسان المتحدثة باسم الحكومة، ثريا ساينث دي سانتاماريا، أن ناخبي كاتالونيا مدعوون إلى \"انتخاب برلمانهم الإقليمي الذي سينتخب بدوره رئيسا جديدا، وليس شيئا آخر\". وكانت حكومة كاتالونيا أعلنت أن 80 % من المستفتين أيدوا الاستقلال. ",
    "date_extracted": "2015-08-06 01:38:58"
}