{
    "url": "http://www.alyaum.com/article/4082026",
    "title": "تنفيذ حكم القتل قصاصاً في أحد الجناة بجازان",
    "author": "اليوم - الوكالات",
    "content": " أصدرت وزارة الداخلية اليوم بيانا بشأن تنفيذ حكم القتل قصاصًا في أحد الجناة بمنطقة جازان ، وفيما يلي نص البيان :\nقال الله تعالى: (( يا أيها الذين آمنوا كتب عليكم القصاص في القتلى )) الآية\nوقال تعالى : (( ولكم في القصاص حياة يا أولى الألباب لعلكم تتقون )) .\nأقدم / مشعشع بن مفرح بن سلمان حريصي – سعودي الجنسية – على قتل بدر بن حسن بن فرحان الحريصي – سعودي الجنسية – وذلك بإطلاق النار عليه من مسدس طلقة واحدة أصابته في صدره مما أدى إلى وفاته إثر مشاجرة حدثت بينهما .\nوبفضل من الله تمكنت سلطات الأمن من القبض على الجاني المذكور وأسفر التحقيق معه عن توجيه الاتهام إليه بارتكاب جريمته وبإحالته إلى المحكمة العامة صدر بحقه صك شرعي يقضي بثبوت ما نسب إليه شرعًا والحكم عليه بالقتل قصاصاً ، وصدق الحكم من محكمة الاستئناف ومن المحكمة العليا ، وصدر أمر ملكي بإنفاذ ما تقرر شرعا وصدق من مرجعه بحق الجاني المذكور.\nوقد تم تنفيذ حكم القتل قصاصاً بالجاني / مشعشع بن مفرح بن سلمان حريصي – سعودي الجنسية – اليوم الأربعاء الموافق 20 / 10 / 1436هـ بمدينة جيزان في منطقة جازان .\nووزارة الداخلية إذ تعلن عن ذلك لتؤكد للجميع حرص حكومة خادم الحرمين الشريفين – حفظه الله – على استتباب الأمن وتحقيق العدل وتنفيذ أحكام الله في كل يتعدى على الآمنين ويسفك دماءهم وتحذر في الوقت ذاته كل من تسول له نفسه الإقدام على مثل ذلك بأن العقاب الشرعي سيكون مصيره .\nوالله الهادي إلى سواء السبيل . القتل تعزيرًا في مهرب مخدرات بمحافظة جدة أصدرت وزارة الداخلية اليوم بيانًا بشأن تنفيذ حكم القتل تعزيرًا في مهرب مخدرات بمحافظة جدة,وفيما يلي نص البيان :\nقال الله تعالى : ( إِنَّمَا جَزَاءُ الَّذِينَ يُحَارِبُونَ اللَّهَ وَرَسُولَهُ وَيَسْعَوْنَ فِي الْأَرْضِ فَسَادًا أَنْ يُقَتَّلُوا أَوْ يُصَلَّبُوا أَوْ تُقَطَّعَ أَيْدِيهِمْ وَأَرْجُلُهُمْ مِنْ خِلَافٍ أَوْ يُنْفَوْا مِنَ الْأَرْضِ ذَلِكَ لَهُمْ خِزْيٌ فِي الدُّنْيَا وَلَهُمْ فِي الْآَخِرَةِ عَذَابٌ عَظِيمٌ ).\nبفضل من الله تم القبض على المدعو /عصمت حياة محمد شريف - باكستاني الجنسية - عند قيامه بتهريب كمية من الهيروين المخدر داخل أحشائه إلى المملكة وأسفر التحقيق معه عن اتهامه بما نسب له , وبإحالته إلى المحكمة العامة صدر بحقه صك شرعي يقضي بثبوت ما نسب إليه شرعًا ,والحكم بقتله تعزيرًا، وصدّق الحكم من محكمة الإستئناف ومن المحكمة العليا، وصدر أمر ملكي يقضي بإنفاذ ما تقرر شرعًا .\nوقد تم تنفيذ حكم القتل في الجاني/ عصمت حياة محمد شريف - باكستاني الجنسية -, اليوم الاربعاء الموافق 20 /10 / 1436 هـ بمدينة جدة في منطقة مكة المكرمة.\nووزارة الداخلية إذ تعلن ذلك لتؤكد للعموم حرص حكومة خادم الحرمين الشريفين - حفظه الله - على محاربة المخدرات بأنواعها لما تسببه من أضرار جسيمة على الفرد والمجتمع وإيقاع أشد العقوبات على مرتكبيها مستمدة منهجها من شرع الله القويم, وهي تحذر في الوقت نفسه كل من يقدم على ذلك بأن العقاب الشرعي سيكون مصيره .\nوالله الهادي إلى سواء السبيل. ",
    "date_extracted": "2015-08-06 01:38:26"
}