{
    "url": "http://www.alyaum.com/article/4081898",
    "title": "الإصابات تطارد «لخويا» قبل لقاء الهلال",
    "author": "أ ف ب - الدوحة",
    "content": " واصل مسلسل الاصابات ضرب العناصر الاساسية لفريق لخويا القطري قبل مباراته الهامة مع الهلال السعودي في 25 الجاري بالرياض، في ذهاب ربع نهائي دوري ابطال اسيا لكرة القادم، وذلك بعد تعرض قائد الوسط كريم بوضيف للإصابة في تدريبات فريقه بالمعسكر المقام حاليا في تركيا.وأعلن لخويا رسميا أن بوضيف تعرض للإصابة بقطع جزئي في رباط الكاحل مما يستدعي تغيبه عن التدريبات لفترة لا تقل عن الاسبوعين.وشارك فلوريس في المباراة الودية الاولى امام بشتكاش (ب) لمدة ربع ساعة ولم يستطيع اكمال المباراة بسبب الإصابة التي لحقت به.وتعرض قلب الدفاع الاسباني تشيكو فلوريس للإصابة بقطع في الرباط الداخلي للركبة، والمهاجم السلوفيني فلاديمير فايس بكسر في عظم يده اليسرى. ",
    "date_extracted": "2015-08-06 01:39:02"
}