{
    "url": "http://www.alyaum.com/article/4081781",
    "title": "وزير البلديات: تضافر الأجهزة لخدمة ضيوف الرحمن",
    "author": "واس - الرياض",
    "content": " وجه وزير الشؤون البلدية والقروية المهندس عبداللطيف بن عبدالملك آل الشيخ بتضافر جهود جميع أجهزة وقطاعات الوزارة لخدمة ضيوف الرحمن خلال موسم حج هذا العام 1436هـ، وتقديم صورة مشرفة لما تبذله حكومة خادم الحرمين الشريفين الملك سلمان بن عبدالعزيز آل سعود -حفظه الله- من جهود وإمكانات ضخمة في رعاية حجاج بيت الله الحرام وتيسير أدائهم لمناسك فريضة الحج.\nوشدد -خلال جولته التفقدية لمشاريع الوزارة بالعاصمة المقدسة، والمشاعر أمس- على ضرورة جاهزية جميع المشاريع التي تشرف عليها الإدارة المركزية للمشروعات التطويرية في منطقة المشاعر ومنها قطار المشاعر، ومنشأة الجمرات، وشبكة الأنفاق، والمجازر، ودورات المياه، وكذلك الخدمات البلدية مثل النظافة، وصحة البيئة، قبل موسم الحج بوقت كاف، لتحقيق أفضل استفادة من هذه المشاريع خلال حج هذا العام.\nوأكد المهندس عبداللطيف آل الشيخ في تصريح عقب جولته التفقدية لمشاريع وزارة البلديات بالعاصمة المقدسة والمشاعر على وجود تنسيق كامل بين الوزارة وكافة الوزارات والجهات الحكومية تحت مظلة لجنة الحج العليا برئاسة سمو نائب خادم الحرمين الشريفين صاحب السمو الملكي الأمير محمد بن نايف بن عبدالعزيز، وبمتابعة صاحب السمو الملكي الأمير خالد الفيصل مستشار خادم الحرمين الشريفين أمير منطقة مكة المكرمة، رئيس اللجنة المركزية للحج، للوصول لأعلى درجات الجاهزية والاستعداد لاستقبال ضيوف الرحمن خلال موسم حج هذا العام. ",
    "date_extracted": "2015-08-04 18:23:47"
}