{
    "url": "http://www.alyaum.com/article/4081848",
    "title": "بناء انبوب عملاق للغاز بين تركمانستان والهند يبدأ نهاية العام",
    "author": "أ ف ب - اسلام اباد",
    "content": " اعلنت الحكومة الباكستانية ان وضع الحجر الاساس لمشروع بناء انبوب عملاق للغاز بين تركمانستان والهند مرورا بأفغانستان وباكستان سيتم في ديسمبر المقبل، وذلك في بيان صدر الاثنين في ختام زيارة لوفد تركماني الى اسلام اباد.\nوتخطط تركمانستان وافغانستان وباكستان والهند منذ فترة طويلة لهذا المشروع الذي يهدف الى تلبية احتياجاتها نت الطاقة. لكن مشاكل ادارية والاضطرابات في افغانستان اخرت تنفيذه.\nالا ان سلطات تركمانستان ابلغت رئيس الوزراء الباكستاني نواز شريف الاثنين ان المشروع سيبدأ تنفيذه هذه السنة.\nوقال البيان ان \"حفل افتتاح اليوم الاول من اعمال بناء مشروع انبوب غاز تابي (تركمانستان وافغانستان وباكستان والهند) سيتم في كانون ديسمبر من هذا العام\".\nوالمشروع الذي تبلغ كلفته عشرة مليارات دولار معقد سياسيا ويتطلب تعاونا بين اربع حكومات على الاقل. كما يواجه تحديات لوجستية اذ انه يفترض ان يمر في مناطق في افغانستان وباكستان تشهد اضطرابات بسبب وجود حركة طالبان او انفصاليين فيها.\nوكانت المجموعة النفطية الفرنسية العملاقة توتال تسعى الى قيادة المشروع لكن روسيا ايضا عبرت عن اهتمامها به.\nويفترض ان ينقل الانبوب العملاق الغاز التركماني الى الهند مرورا بافغانستان وبمقاطعة بلوشستان الباكستانية المضطربة.\nوكانت باكستان التي تبذل جهودا شاقة لتأمين احتياجاتها المتزايدة من الطاقة استأنفت مساعيها لوضع اللمسات الاخيرة على اعادة تشغيل انبوب للنفط من ايران بعد ابرام طهران اتفاقا مع الدول الست الكبرى في 14 تموز/يوليو.\nوكان هذا الانبوب الذي بلغت كلفته 7,5 مليارات دولار دشن في آذار/مارس 2013 لكنه توقف بسرعة بسبب العقوبات الدولية على ايران. ",
    "date_extracted": "2015-08-04 18:23:37"
}