{
    "url": "http://www.alyaum.com/article/4081823",
    "title": "1700 محاولة تسلل تحت بحر المانش",
    "author": "أ ف ب - ليل",
    "content": " جرت 1700 محاولة تسلل قام بها مهاجرون ليل الاحد الاثنين في النفق تحت بحر المانش قرب منطقة كاليه شمال فرنسا، بحسب مصدر في الشرطة. \nواوضح ان قوات الامن في محيط النفق \"صدت\" ألفا من هذه المحاولات فيما تم \"اعتراض\" 700 محاولة اخرى داخل النفق.\nواصيب عنصر في قوات الامن \"في وجهه وراسه\" حين القيت عليه حجارة وتم القاء القبض على قاذفها وهو عربي من السودان. ويشهد النفق الذي يربط بين فرنسا وبريطانيا تحت بحر المانش منذ اسابيع محاولات تسلل مكثفة من مهاجرين يسعون للوصول الى بريطانيا، فيما ينتشر نحو 400 شرطي في الموقع. ",
    "date_extracted": "2015-08-04 18:22:51"
}