{
    "url": "http://www.alyaum.com/article/4081762",
    "title": "الحكومة البريطانية تبدأ بيع حصتها في  البنك الملكي الأسكتلندي",
    "author": "رويترز - لندن",
    "content": " قالت الحكومة البريطانية إنها بدأت بيع حصتها في رويال بنك أوف سكوتلند بعد سبع سنوات من قيامها بإنقاذه متحملة خسائر مع بيع أسهم بقيمة ملياري جنيه استرليني (3.1 مليار دولار) إلى مستثمرين من المؤسسات.\nوقالت مؤسسة الاستثمارات المالية البريطانية التي تدير حصة الحكومة في أسهم رويال بنك أوف سكوتلند اليوم الإثنين إنها ستبيع نحو 600 مليون سهم تشكل 5.2 في المئة من أسهم البنك بأسعار متدنية للمستثمرين من المؤسسات.\nوتملك الحكومة البريطانية حصة قدرها 78 في المئة في البنك بعدما قامت بإنقاذه بنحو 45.8 مليار جنيه استرليني من أموال دافعي الضرائب في ذروة الأزمة المالية في 2008.\nوكان من المتوقع على نطاق واسع أن يبدأ البيع قريبا بعدما قال وزير المالية البريطاني جورج أوزبورن الشهر الماضي إنه يرغب في بيع الأسهم في أقرب وقت ممكن وإنه يهدف إلى بيع ثلاثة أرباع الحصة على الأقل في السنوات الخمس القادمة. ",
    "date_extracted": "2015-08-03 21:36:45"
}