{
    "url": "http://www.alyaum.com/article/4081884",
    "title": "اجتماع طارئ لوزراء خارجية لجنة مبادرة السلام العربية غداً بمصر",
    "author": "واس - القاهرة ",
    "content": " تعقد لجنة مبادرة السلام العربية غداً اجتماعاً طارئاً على مستوى وزراء الخارجية برئاسة وزير الخارجية المصري سامح شكري، بصفة بلاده الرئيس الحالي للقمة العربية، ومشاركة الرئيس الفلسطيني محمود عباس.\nوقال مندوب مصر الدائم لدى الجامعة العربية السفير طارق عادل في تصريح للصحفيين اليوم: \" إن اللجنة ستستمع إلى الرئيس عباس بشأن تطورات القضية الفلسطينية، والتصعيد الإسرائيلي الأخير من جانب المستوطنين تجاه الشعب الفلسطيني \".\nوأوضح أن الوزير شكري سيطلع الدول الأعضاء على الاتصالات التي قامت بها مصر، واللقاءات التي أجرتها مؤخراً مع عدد من الدول وأعضاء المجتمع الدولي بشأن القضية الفلسطينية.\nوشدد مندوب مصر الدائم لدى الجامعة العربية على دعم بلاده للجانب الفلسطيني ومساندتها لتسوية القضية الفلسطينية، وتحقيق تطلعات وآمال الشعب الفلسطيني من أجل إقامة دولته المستقلة وعاصمتها القدس الشرقية. ",
    "date_extracted": "2015-08-04 18:58:53"
}