{
    "url": "http://www.alyaum.com/article/4081777",
    "title": "حلقات الفاروق بعنك تكرم 47 حافظاً وحافظةً للقرآن",
    "author": "محمد العواد – عنك",
    "content": " اختتم جامع الفاروق بمدينة عنك المسابقة الرمضانية السنوية لحفظ القرآن الكريم بحفل تكريم للحفظة والحافظات، حيث تم تكريم 47 من الحفظة، وذلك بحضور فهد الماجد وعبدالله المليحي ووسمي الرناخ وخالد البراك وحضور خطيب الجامع الشيخ فهد المهاشير، وعدد من جماعة المسجد، وقد تم توزيع جوائز مالية على الفائزين حسب الفئة العمرية وحسب مستوى الحفظ المحدد في المسابقة من أجزاء القرآن الكريم، وكانت المسابقة قد شملت الرجال والنساء. وفي المقابل أيضا كان للنساء نصيب من هذه الجوائز والتكريم، حيث تم تكريم الفائزات بالحفظ من قبل القسم النسائي وتوزيع الجوائز المالية عليهن، وفي ختام الحفل شكر خطيب الجامع الداعمين من جماعة الجامع على مابذلوه من عطاء لتشجيع حفظة كتاب الله، والذي يتكرر دعمهم للمسابقة في كل سنة بجوائز مالية مجزية. ",
    "date_extracted": "2015-08-04 18:24:09"
}