{
    "url": "http://www.alyaum.com/article/4081840",
    "title": "فرص ابتعاث للماجستير والدكتوراه بمدينة الملك عبدالله الطبية",
    "author": "واس - مكة المكرمة ",
    "content": " أعلنت مدينة الملك عبدالله الطبية بمكة المكرمة عن فتح باب القبول لأكثر من 50 فرصة ابتعاث لدرجة الماجستير والدكتوراه في تخصص التمريض، ويستمر حتى الـ 16 / 11 / 1436 هـ .\nوأوضح المدير التنفيذي للشؤون الأكاديمية في المدينة الدكتور عبد الناصر باطوق، أن البرنامج يأتي ضمن إستراتيجية سعودة التمريض التي تنتهجها المدينة الطبية، وتشمل برامج التدريب على رأس العمل للممرضين والممرضات حديثي التخرج تحت إشراف مدربين متميزين، وكذلك برامج دبلوم عالي في تمريض القلب والأورام والعناية المركزة معتمدة من الهيئة السعودية للتخصصات الصحية، إضافة إلى توظيف الكوادر التمريضية المميزة.\nوأضاف أن المدينة الطبية تدرس حالياً اتفاقيات مع عدد من الجامعات المحلية والعالمية بهدف تفعيل برامج تجسير خريجي دبلوم التمريض إلى مرحلة البكالوريوس.\nوبين الدكتور باطوق أن البرامج تحقق استراتيجية المدينة الطبية نحو الريادة في الرعاية الصحية التخصصية والتدريب والأبحاث، مشيراً إلى أن المدينة الطبية ابتعثت خلال السنوات الماضية عدد من موظفيها في عدة برامج شملت الماجستير والدكتوراه والزمالات في مختلف التخصصات. ",
    "date_extracted": "2015-08-04 18:23:30"
}