{
    "url": "http://www.alyaum.com/article/4081950",
    "title": "عاصفة تصرع 5 أشخاص في مقدونيا",
    "author": "د ب ا- بلجراد",
    "content": " ذكرت تقارير، أمس الثلاثاء، أن خمسة أشخاص على الأقل قتلوا وأصيب 13 آخرون، بعدما اجتاحت عاصفة قوية غرب مقدونيا في وقت متأخر من أمس الأول.\nونقل موقع 24 ساتا الإخباري عن مصادر بمستشفى في تيتوفو، ثاني أكبر مدينة بمقدونيا القول، إن اثنين من الضحايا من الأطفال.\nوأدت العاصفة لوقوع فيضانات وانهيارات أرضية في منطقة جبلية. ولم يتضح على الفور عدد المفقودين، حيث يحاول رجال الإنقاذ الوصول للقرى النائية. ",
    "date_extracted": "2015-08-06 01:37:42"
}