{
    "url": "http://www.alyaum.com/article/4081814",
    "title": "القصاص في قاتل مواطن بمسدسه بالأحساء",
    "author": "واس- الأحساء",
    "content": " نفذت وزارة الداخلية، أمس، حكم القصاص في قاتل بمحافظة الأحساء في المنطقة الشرقية.\nوأوضح بيان للوزارة، أن مقرب بن سعد بن علي الثنيان \"سعودي الجنسية\"، أقدم على قتل طلال بن أحمد بن محمد الحمود \"سعودي الجنسية \" وذلك بإطلاق النار عليه من مسدس لخلاف سابق بينهما.\nوتمكنت سلطات الأمن من القبض على الجاني وأسفر التحقيق معه عن توجيه الاتهام إليه بارتكاب جريمته وبإحالته إلى المحكمة العامة صدر بحقه صك شرعي يقضي بثبوت ما نسب إليه شرعاً والحكم عليه بالقتل قصاصاً، وصدق الحكم من محكمة الاستئناف ومن المحكمة العليا وصدر أمر ملكي بإنفاذ ما تقرر شرعاً وصدق من مرجعه بحق الجاني .\nووزارة الداخلية، إذ تعلن عن ذلك لتؤكد للجميع حرص حكومة خادم الحرمين الشريفين \"حفظه الله \" على استتباب الأمن وتحقيق العدل وتنفيذ أحكام الله في كل من يتعدى على الآمنين ويسفك دماءهم، وتحذر في الوقت ذاته، كل من تسول له نفسه الإقدام على مثل ذلك بأن العقاب الشرعي سيكون مصيره. ",
    "date_extracted": "2015-08-04 18:23:42"
}