{
    "url": "http://www.alyaum.com/article/4081815",
    "title": "وظيفة معيد في «هندسة» الملك عبدالعزيز",
    "author": "اليوم- جدة",
    "content": " أعلنت كلية الهندسة بجامعة الملك عبدالعزيز توفر وظيفة معيد بقسم الهندسة المدنية تخصص \"هندسة مدنية، هندسة مساحة\" للعام الدراسي 1435/1436هــ.\nواشترطت الكلية في المتقدم أن يكون سعودي الجنسية وحاصلًا على درجة البكالوريوس في تخصص \"الهندسة المدنية\" من جامعة سعودية أو أي جامعة أخرى معترف بها، وأن لا يقل التقدير في البكالوريوس عن جيد جدًا، مع حسن السيرة والسلوك، وألا يتجاوز العمر 30 سنة، مع الحصول على الدرجة المطلوبة في التوفل أو \"STEP أو IELTS 0\".\nودعت الراغبين إلى تقديم الطلبات مصحوبة بالأوراق الثبوتية من وثيقة تخرج وكشف درجات معتمد وشهادات الدورات والدبلومات التي اجتازها إن وجدت إلى مكتب رئيس قسم الهندسة المدنية بمبنى كلية الهندسة رقم 44 غرفة رقم 44C24 أو على العنوان البريدي ص.ب 80204 جدة 21589 أو البريد الالكتروني \"eng.ce@kau.edu.sa\"، خلال الفترة من 1 إلى 30 /11/1436هـ خلال الدوام الرسمي. ",
    "date_extracted": "2015-08-04 18:23:42"
}