{
    "url": "http://www.alyaum.com/article/4082006",
    "title": "150 لوحة وتواصل مباشر مع ناخبي المدينة المنورة",
    "author": "اليوم - المدينة المنورة",
    "content": " وزعت اللجنة التنظيمية للانتخابات البلدية بأمانة منطقة المدينة المنورة أكثر من 150 لوحة تعريفية في الشوارع والميادين لتعريف المواطنين بآلية ومراحل الانتخابات البلدية، في إطار الاستعدادات لبدء المرحلة الأولى من الانتخابات البلدية، ومع بدء العد التنازلي لانطلاق الحملة الانتخابية لها خلال الأسابيع المقبلة.\nوأوضح رئيس اللجنة الإعلامية بالانتخابات البلدية بمنطقة المدينة المنورة خالد خليفة، أنه سيكون هناك مراكز للتواصل المباشر مع الجمهور في المراكز التجارية الكبرى، بالإضافة إلى تركيب لوحات إرشادية لمواقع المراكز الانتخابية، فضلًا عن اللقاءات المباشرة مع المواطنين واللقاءات التلفزيونية والإذاعية والتغطيات الصحفية الخاصة بهذه الانتخابات. ",
    "date_extracted": "2015-08-06 01:38:43"
}