{
    "url": "http://www.alyaum.com/article/4081779",
    "title": "نائب الملك يوجه بنقل جندي بالإخلاء الطبي",
    "author": "اليوم - الرياض",
    "content": " وجه صاحب السمو الملكي الأمير محمد بن نايف نائب خادم الحرمين الشريفين بنقل الجندي عبدالمحسن عاضة الحارثي من مستشفى الملك عبدالعزيز بالطائف إلى مستشفى قوى الأمن الداخلي بالرياض عن طريق طيران الإخلاء الطبي صباح امس، والذي أصيب في حادث إنقاذ أطفال من الألعاب النارية في الطائف. ",
    "date_extracted": "2015-08-04 18:23:45"
}