{
    "url": "http://www.alyaum.com/article/4081742",
    "title": "أسعار الإيجارات السكنية في أبوظبي ترتفع 3 %",
    "author": "وكالات - أبو ظبي",
    "content": " أفاد أحدث تقرير عقاري لمصرف أبوظبي الإسلامي بأن أسعار الإيجارات السكنية في أبوظبي ارتفعت بمعدل 3% خلال الربع الثاني من عام 2015، مع توقّعات بمواصلة ارتفاعها خلال العام الجاري، في ظل محدودية العروض الجديدة في السوق.\nوتستند نتائج التقرير العقاري لمصرف أبوظبي الإسلامي ومؤشره الخاص بأسعار الإيجارات، الذي يتم تحديثه بشكل فصلي، على البيانات المستمدة من عقود الإيجار الخاصة بمحفظة «إم بي إم» لإدارة العقارات.\nوشهد الربع الثاني من العام الجاري طرح 1647 وحدة جديدة في السوق ليصل إجمالي عدد الوحدات التي أُضيفت إلى المحفظة العقارية لأبوظبي إلى 2397 وحدة خلال الفترة المنقضية من العام الجاري، مع توقع إنجاز 4200 وحدة إضافية بحلول نهاية 2015. وعليه، فإن إجمالي المعروض الجديد في العاصمة خلال 2015 يمثل نمواً بمقدار 2.9% فقط، وهو الأدنى في خمس سنوات، بعد أن وصل إلى نحو 5%. وارتفعت الإيجارات بنسبة 10% على أساس سنوي مقارنة بالفترة ذاتها من العام الماضي، ليشهد بذلك صافي دخل الإيجارات تحسناً ملحوظاً دفع العديد من الملاّك إلى إجراء تحسينات في عقاراتهم. ومن جهة أخرى، تراجعت أسعار مبيعات الوحدات السكنية بنسبة 1% على أساس ربع سنوي ما يشير إلى انخفاض في الطلب. ",
    "date_extracted": "2015-08-04 18:24:02"
}