{
    "url": "http://www.alyaum.com/article/4082032",
    "title": "المركزي المصري يوافق على استحواذ البنك الأهلي الكويتي على 98.5% من بيريوس مصر",
    "author": "رويترز - الكويت",
    "content": " وافق البنك المركزي المصري على استحواذ البنك الأهلي الكويتي على 98.5 في المئة من رأسمال بنك بيريوس مصر.\nوقال البنك الأهلي الكويتي في بيان لبورصة الكويت \"ما نزال بانتظار موافقة الهيئة العامة للرقابة المالية في جمهورية مصر العربية.\" ",
    "date_extracted": "2015-08-06 01:38:28"
}