{
    "url": "http://www.alyaum.com/article/4081875",
    "title": "الأسهم السعودية تسجل تراجعاً بـ 51 نقطة إلى مستوى 8769 نقطة",
    "author": "واس - الرياض",
    "content": " سجل مؤشر سوق الأسهم السعودية اليوم تراجعاً للجلسة الثالثة على التوالي, إذ انخفض بـ 51.18 نقطة بنسبة 0.58 % ليغلق عند مستوى 8769.47 نقطة , وبتداولات\nتجاوزت 4.1 مليار ريال .\nوشهدت تداولات اليوم ارتفاع أسهم 45 شركة في قيمتها، فيما تراجعت أسهم 106 شركة، إذ بلغ عدد الأسهم المتداولة اليوم أكثر من 157 مليون سهم توزعت على أكثر من 83 ألف صفقة .\nوكانت أسهم شركات, طباعة وتغليف ,وعذيب للاتصالات ,والبلاد ,والعالمية ,وزجاج ,ومكة الأكثر ارتفاعا اليوم، فيما جاءت أسهم شركات ميدغلف للتأمين ,وموبايلي ,واسترا الصناعية ,وبوبا العربية ,والإنماء طوكيو ,ووفاء للتأمين على رأس الشركات الأكثر انخفاضا، وقد تراوحت الانخفاضات والارتفاعات في تداولات اليوم ما بين 5.41 % إلى 1.83 % .\nكما جاءت أسهم شركات سابك ,والإنماء ,وموبايلي ,وميدغلف ,والخدمات الأرضية ,ومعادن الأكثر نشاطا بالقيمة، فيما جاءت أسهم شركات الإنماء ,واعمار ,ودار الأركان, وكيان السعودية , وزين السعودية ,وعذيب للاتصالات على قائمة أكثر الأسهم نشاطا بالكمية . ",
    "date_extracted": "2015-08-04 18:23:08"
}