{
    "url": "http://www.alyaum.com/article/4081865",
    "title": "الكويت: البدء في محاكمة المتهمين بتفجير مسجد الإمام",
    "author": "اليوم - الكويت",
    "content": " بدأت دائرة الجنايات في المحكمة الكلية برئاسة وكيل المحكمة محمد الدعيج اليوم جلسة محاكمة\nالمتهمين في تفجير مسجد الإمام الصادق وعددهم 29 متهما.\nوتعرض المسجد الكائن في منطقة الصوابر بالكويت العاصمة إلى تفجير إرهابي خلال صلاة الجمعة في شهر رمضان المبارك\nفي 26 يونيو الماضي ما أدى الى استشهاد 26 شخصا واصابة 227 اخرين.\nوكانت النيابة العامة وجهت في 14 يوليو الماضي الاتهام إلى 29 شخصا في حادث التفجير الإرهابي الذي استهدف المسجد\nوأحالتهم إلى محكمة الجنايات.\nوقالت النيابة آنذاك إنها فرغت من التحقيق والتصرف في الجناية (رقم 40 لسنة 2015 حصر أمن دولة المحررة عن حادث\nالتفجير الإرهابي بمسجد الإمام الصادق) ووجهت الاتهام فيها إلى هؤلاء بينهم سبع نساء من أقارب المتهمين عدا المتهم\nالمتوفى الذي انقضت الدعوى الجزائية بالنسبة له بوفاته.\nومن بين هؤلاء المتهمين سبعة كويتيين وخمسة سعوديين وثلاثة باكستانيين و13 شخصا من المقيمين في البلاد بصورة غير\nقانونية إضافة إلى متهم هارب لم تعرف جنسيته بعد.\nوأمرت النيابة العامة بحبس 24 متهما احتياطيا على ذمة القضية كما أمرت بحبس خمسة من المتهمين الهاربين غيابيا منهما\nاثنان ضبطا في السعودية.\nوكانت الأجهزة الامنية وعقب وقوع التفجير الإرهابي في مسجد الإمام الصادق ألقت القبض على السائق الذي أوصل\nالانتحاري الذي فجر نفسه داخل المسجد وتبين أنه يقيم في الكويت بطريقة غير قانونية وكان مختبئا في منزل بمنطقة الرقة\nقبل أن تلقي القبض على مالك المركبة وبقية الشركاء والمتعاونين والمتورطين في التفجير الإرهابي. ",
    "date_extracted": "2015-08-04 18:22:39"
}