{
    "url": "http://www.alyaum.com/article/4082024",
    "title": "قمة سعودية أردنية تعزز التعاون السياسي والاقتصادي والعسكري والأمني",
    "author": "واس - عمان",
    "content": " اتفقت المملكة العربية السعودية والمملكة الأردنية الهاشمية بمناسبة زيارة صاحب السمو الملكي الأمير محمد بن سلمان بن عبدالعزيز ولي ولي العهد النائب الثاني لرئيس مجلس الوزراء وزير الدفاع على أهمية تعزيز التعاون الاستراتيجي السياسي والاقتصادي والعسكري والأمني بين البلدين. وقد صدر أمس بيان مشترك فيما يلي نصه :\nانطلاقاً من العلاقات التاريخية الوثيقة والراسخة التي تربط المملكة العربية السعودية والمملكة الأردنية الهاشمية، بقيادة خادم الحرمين الشريفين الملك سلمان بن عبدالعزيز آل سعود وأخيه جلالة الملك عبدالله الثاني، فقد قام صاحب السمو الملكي الأمير محمد بن سلمان بن عبدالعزيز آل سعود ولي ولي العهد النائب الثاني لرئيس مجلس الوزراء وزير الدفاع بزيارة إلى المملكة الأردنية الهاشمية، تلبية لدعوة كريمة من جلالة الملك عبدالله الثاني يوم الثلاثاء 19 / 10 / 1436هـ الموافق 4 / 8 / 2015م.\nوعقد جلالته اجتماعاً مع سموه، نقل فيه سموه تحيات خادم الحرمين الشريفين الملك سلمان بن عبدالعزيز آل سعود وصاحب السمو الملكي الأمير محمد بن نايف بن عبدالعزيز آل سعود ولي العهد نائب رئيس مجلس الوزراء وزير الداخلية إلى أخيهما جلالة الملك عبدالله الثاني. كما تم عقد مباحثات ثنائية وموسعة، ركزت على علاقات التعاون بين البلدين الشقيقين، والتطورات الراهنة في المنطقة، والتي كانت وجهات نظر خادم الحرمين الشريفين وأخيه جلالة الملك عبدالله الثاني متطابقة حيالها.\nوبناءً على توجيهات خادم الحرمين الشريفين الملك سلمان بن عبدالعزيز وأخيه جلالة الملك عبدالله الثاني فقد تم الاتفاق خلال المباحثات على أهمية تعزيز التعاون الاستراتيجي السياسي والاقتصادي والعسكري والأمني بين المملكة الأردنية الهاشمية والمملكة العربية السعودية.\nوأكد البلدان على أهمية العمل المشترك في مكافحة الإرهاب والتنظيمات الإرهابية، حماية لمبادئ الدين الإسلامي الحنيف، ودفاعاً عن أمن المنطقة وشعوبها.\nوأكد الجانبان على أن سلامة وأمن المملكة الأردنية الهاشمية والمملكة العربية السعودية كل لا يتجزأ.\nوجرى بحث تطورات الأوضاع المؤلمة في سوريا وسبل إيجاد حل يضمن الأمن والأمان للشعب السوري وحقوقه.\nكما تم بحث تطورات الأوضاع في اليمن، وما يقوم به التحالف بقيادة المملكة العربية السعودية من جهود كبيرة استجابة لمناشدة الحكومة الشرعية للدفاع عن الشعب اليمني الشقيق، وحماية أمنه واستقراره، والدعم الإنساني الذي يقدم لمساعدة الشعب اليمني في تجاوز أزمته.\nوقد تم التأكيد على تكثيف الدعم الدولي للأردن في جهوده المتعلقة باستقبال اللاجئين السوريين، وتحمل أعبائهم وما يبذله الأردن من جهود إنسانية في هذا المجال.\nوقد أكد الجانبان على أهمية وحدة العراق وأمنه وضرورة إشراك كافة مكونات شعبه في العملية السياسية ليكونوا يداً واحدة في الدفاع عن ترابه وبناء مؤسساته والحفاظ على استقلاله.\nكما أكد الجانبان رفضهما القاطع لمحاولات تدخل إيران في الشؤون الداخلية للدول العربية والهادفة إلى زعزعة الأمن والاستقرار فيها والمنافية لكافة المواثيق والأعراف الدولية.\nوشددا على أن مبادئ حسن الجوار تقتضي الابتعاد عن التدخل في شؤون الدول العربية ومحاولات بسط الهيمنة.\nوأكد الطرفان على أهمية التقدم في العملية السلمية على أساس المبادرة العربية للسلام وقرارات الشرعية الدولية لتحقيق تطلعات الشعب الفلسطيني في حصوله على حقوقه المشروعة في إقامة دولته المستقلة ذات السيادة الكاملة.\nوفيما يخص العلاقات الثنائية بين البلدين الشقيقين فقد أشاد جلالة الملك عبدالله الثاني بدعم المملكة العربية السعودية على مدى السنوات والعقود الماضية للاقتصاد الأردني وما ساهمت به في العملية التنموية في المملكة الأردنية الهاشمية.\nمن جانبه أكد صاحب السمو الملكي الأمير محمد بن سلمان بن عبدالعزيز آل سعود حرص خادم الحرمين الشريفين الملك سلمان بن عبدالعزيز آل سعود - حفظه الله - على تعزيز العلاقات الاقتصادية بين البلدين، والارتقاء بالعمل المشترك في كافة المجالات وتوفير فرص الاستثمار المشتركة بينهما التي من شأنها أن تعود بالنفع على البلدين والشعبين الشقيقين.\nوفي ختام اللقاء طلب جلالة الملك عبدالله الثاني نقل تحياته إلى أخيه خادم الحرمين الشريفين الملك سلمان بن عبدالعزيز ، وأخيه صاحب السمو الملكي الأمير محمد بن نايف بن عبدالعزيز آل سعود.\nوعبر صاحب السمو الملكي الأمير محمد بن سلمان بن عبدالعزيز آل سعود عن بالغ شكره وتقديره لجلالة الملك والحكومة الأردنية على ما لقيه والوفد المرافق من كرم الضيافة وحسن الاستقبال. ولي ولي العهد يشكر ملك الأردن : علاقات راسخة بين بلدينا بعث صاحب السمو الملكي الأمير محمد بن سلمان بن عبدالعزيز ولي ولي العهد النائب الثاني لرئيس مجلس الوزراء وزير الدفاع برقية شكر لجلالة الملك عبدالله الثاني ابن الحسين ملك المملكة الأردنية الهاشمية، بعد انتهاء زيارة سموه للأردن فيما يلي نصها:\nصاحب الجلالة الملك عبدالله الثاني ابن الحسين حفظه الله\nملك المملكة الأردنية الهاشمية\nالسلام عليكم ورحمة الله وبركاته :\nيسرني وأنا أغادر بلدكم الشقيق أن أعرب لجلالتكم عن امتناني وتقديري لما لقيته والوفد المرافق من كرم الضيافة وحسن الاستقبال.\nجلالة الملك : إنني إذ أشيد بالعلاقات الأخوية الراسخة بين بلدينا، لأؤكد أن المباحثات المشتركة التي عقدناها أثبتت عمق هذه العلاقات ومتانتها، والرغبة في تعزيز أواصر التعاون في كافة المجالات، وذلك وفقاً لرؤية مقام خادم الحرمين الشريفين الملك سلمان بن عبدالعزيز آل سعود - أيده الله - وجلالتكم، والتي تهدف لمصلحة بلدينا وشعبينا الشقيقين.\nسائلاً المولى - عز وجل - لجلالتكم موفور الصحة والسعادة، وأن يديم على بلدكم وشعبكم الشقيق الأمن والاستقرار والازدهار في ظل قيادتكم الحكيمة، والله يحفظكم ويرعاكم.\nوالسلام عليكم ورحمة الله وبركاته.\nمحمد بن سلمان بن عبدالعزيز آل سعود\nولي ولي العهد النائب الثاني لرئيس\nمجلس الوزراء وزير الدفاع\n\nتطابق وجهات النظر السعودية الأردنية\n\nملك الأردن يرحب بولي ولي العهد\n\nولي ولي العهد وملك الأردن يستعرضان حرس الشرف ",
    "date_extracted": "2015-08-06 01:37:20"
}