{
    "url": "http://www.alyaum.com/article/4081857",
    "title": "البنك التسليف والادخار يقدم قروض اجتماعية بـ7 مليارات ريال لدعم المشاريع الصغيرة",
    "author": "واس - الرياض",
    "content": " اعتمد البنك السعودي للتسليف والادخار خلال النصف الأول من العام الحالي قروضا لتمويل 2155 مشروعا بقيمة تجاوزت 309 ملايين ريال ،فيما بلغ إجمالي القروض الاجتماعية التي قدمها خلال الفترة (118051) قرضًا بقيمة تجاوزت 7 مليارات ريال.\nوكشف المتحدث الرسمي للبنك السعودي للتسليف والادخار عبدالعزيز الناصر، في تصريح له اليوم عن نتائج الربع الثاني من العام الحالي 2015م فيما يتعلق بدعم ورعاية قطاع المنشآت الصغيرة والناشئة ضمن برنامج \"مسارات\" ، حيث اظهرت الاحصائيات أن البنك اعتمد تمويل (1305) مشروعات بقيمة فاقت ( 174) مليون ريال في شتى مناطق ومدن المملكة وتشمل تخصصات متعددة ،مشيرًا إلى أن مجموع المشاريع التي تم اعتمادها خلال النصف الأول من العام الحالي بلغت ( 2155) مشروعًا بقيمة فاقت (309) ملايين ريال .\nوأشار إلى أن المشاريع المتناهية الصغر والأسر المنتجة بلغ مجموعها (601) مشروع بقيمة (10.100.000) ريال ، والمشاريع الناشئة (509) مشروعات بقيمة (115.200.000) ريال ، فيما بلغ تمويل سيارات الأجرة والنقل (151) سيارة بقيمة (11.700.000) ريال ، ومشاريع التميز (21) مشروعا بقيمة (27.300.000) ريال ، ومشاريع الخريجين (21) مشروعا بقيمة (7.200.000) ريال ، كما بلغت مشاريع الاختراع مشروعين بقيمة (2.700.000) ريال.\nوأضاف الناصر أن البنك وعلى صعيد دعمه للقروض الاجتماعية قدم خلال الربع الثاني من العام الحالي 2015م (58047) قرضا اجتماعيا بقيمة فاقت (3462) مليون ريال ، توزعت على قروض الزواج والأسرة وترميم المنازل ، حيث بلغت قروض الزواج (22375) قرض زواج بقيمة (1.340.700.000) ريال ، فيما بلغت قروض الأسرة (34500) قرض أسرة بقيمة (2.063.000.000) .\nكما بلغت قروض ترميم المساكن (1172) قرض ترميم بقيمة (58.500.000) ريال ليصبح مجموع ما تم اعتماده خلال الربعين الأول والثاني من العام الحالي (118051) قرض اجتماعي بقيمة (7.038.700.000) ريال .\n//انتهى// ",
    "date_extracted": "2015-08-04 18:23:09"
}