{
    "url": "http://www.alyaum.com/article/4081981",
    "title": "د. الربيعة يبحث سبل توصيل المساعدات الإغاثية لليمن",
    "author": "واس - الرياض",
    "content": " استقبل المستشار في الديوان الملكي المشرف العام على مركز الملك سلمان للإغاثة والأعمال الإنسانية الدكتور عبدالله بن عبدالعزيز الربيعة في مكتبه بالرياض امس المنسق الإقليمي للعمليات الإنسانية في اليمن عامر الداوودي.\nوجرى خلال الاستقبال استعراض السبل الكفيلة بالإسراع في إيصال المساعدات الإغاثية العاجلة استجابة للاحتياجات الإنسانية للأشقاء في اليمن، وتطوير التعاون بين الجانبين، إلى جانب الوقوف على المساعدات لتصل للمنكوبين في اليمن في إطار جهودهما ومتابعة ما تم إنجازه خلال الفترة الماضية. وجدد الربيعة دعوة مركز الملك سلمان للإغاثة والأعمال الإنسانية للأمم المتحدة ومنظماتها المختلفة ذات العلاقة إلى الإسهام في تنفيذ البرامج الرامية للتخفيف من معاناة الشعب اليمني.\nيذكر أن المركز يقوم حالياً بتنفيذ عدد من البرامج الإنسانية لإعادة تأهيل المستشفيات داخل اليمن للنهوض بالخدمات الطبية والعلاجية في المستشفيات اليمنية بالتنسيق مع منظمة الصحة العالمية، إضافة إلى برامج لإغاثة الشعب اليمني الشقيق، والعمل على برامج متنوعة لتخفيف المعاناة عنهم، انطلاقاً من حرص خادم الحرمين الشريفين الملك سلمان بن عبدالعزيز آل سعود، وسمو نائب خادم الحرمين الشريفين، وسمو ولي ولي العهد ـ حفظهم الله ـ بتقديم المساعدات العاجلة للشعب اليمني الشقيق. ",
    "date_extracted": "2015-08-06 01:38:37"
}