{
    "url": "http://www.alyaum.com/article/4082055",
    "title": "دوجلاس كوستا: أتطلع للوصول إلى المستوى الفني لفرانك ريبيري وآريين روبين",
    "author": "ميونيخ - (د ب أ)",
    "content": " أعرب المهاجم البرازيلي الجديد لنادي بايرن ميونيخ الألماني دوجلاس كوستا عن أمنيته بأن يرتقي إلى المستوى الفني لزميليه في الفريق فرانك ريبيري وآريين روبين خلال الموسم الأول له في الدوري الألماني \"بوندسليجا\".\nوقال كوستا الذي انتقل لصفوف بايرن ميونيخ في تموز/يوليو الماضي مقابل 30 مليون يورو (33 مليون دولار)، في تصريحات نقلتها عنه مجلة \"بيلد شبورت\" الألمانية: \"لن يسعدني ان اكتفي بتسجيل ستة أهداف في الموسم\".\nوتطرق كوستا إلى الحديث عن مقارنته ببعض رموز الفريق، قائلا: \"من المؤكد أنني لا أتمتع بنفس مستواهم الفني ولكنني أدرك دوافعي الداخلية .. أرغب في أن أصل مع بايرن ميونيخ لمستوى فرانك ريبيري وآريين روبين\".\nويعتبر اللاعب البرازيلي إحدى الصفقات الجديدة لبايرن ميونيخ في الموسم الجديد، بعد أن عاني من النقص العددي خلال العام الماضي بسبب موجة الإصابات التي ضربت العديد من لاعبيه البارزين. ",
    "date_extracted": "2015-08-06 01:37:51"
}