{
    "url": "http://www.alyaum.com/article/4081788",
    "title": "اختتام مشروع «حاضر» التدريبي في دار الرعاية الاجتماعية بالدمام",
    "author": "واس - الدمام",
    "content": " اختتم قسم العلاقات العامة والإعلام الاجتماعي في مكتب الإشراف الاجتماعي النسائي لفرع وزارة الشؤون الاجتماعية بالمنطقة الشرقية مؤخراً، مشروع \"حاضر\" التدريبي، الذي نفذ في دار الرعاية الاجتماعية بالدمام، واستمر لمدة شهر.\nويهدف المشروع التي قدمته رئيسة قسم الإعلام الاجتماعي النسائي بالمنطقة الشرقية الإعلامية، ليلى باهمام، إلى تدريب وتأهيل منسقات العلاقات العامة والإعلام الاجتماعي بالدار، إلى جانب تدريبهن على الفنون الصحفية كفن صياغة الأخبار والتقارير والمخاطبات الرسمية وإجراء الحوارات والتحقيقات الصحفية، مع التأكيد على تجنب الأخطاء اللغوية والإملائية واختيار الصور المناسبة لكل خبر . ",
    "date_extracted": "2015-08-04 18:24:11"
}