{
    "url": "http://www.alyaum.com/article/4081948",
    "title": "سحب كثيفة تغطي سماء الشرقية الخميس والجمعة وارتفاع في الحرارة",
    "author": "عبدالرحمن إدريـس - جدة",
    "content": " تشهد مناطق واسعة بطول الشريط الساحلي غربا استمرار هطول الامطار حتى نهاية الاسبوع بإذن الله تعالى، وتكون متوقعة كل عام في مثل هذه الفترة على المرتفعات الجنوبية، فيما اتسعت في الامتداد الى المناطق الشمالية والشمال الغربي والوسطى، مما يعد من الحالات النادرة صيفا، على رغم حدوثها سابقا خلال شهر اغسطس في سنوات متباعدة بالمملكة، الأمر الذي يوضح طبيعة غير نمطية في الامطار على مدار الفصول، وتتشكل السحب الكثيفة اليوم مغطيةً معظم المناطق وتبلغ الساحل الشرقي مساء يومي الخميس والجمعة، وقد تتهيأ ظروف تساقط الامطار الخفيفة وخاصة على اجزاء من جنوب المنطقة، حيث الاجواء الساخنة جدا وارتفاع متصاعد في نسبة الرطوبة، ويشير متابعون للأحوال الجوية الى احتمالات واردة بتشكل العواصف الغبارية بالتزامن مع تواجد السحب الركامية؛ وذلك بسبب الرياح الهابطة خاصة في المناطق الشمالية التي ترتفع بها درجات الحرارة الى اعلى من معدلاتها الموسمية.\nوبحسب خبراء الارصاد ترتفع فرصة الاجواء غير المستقرة اليوم بمنطقة الرياض؛ وذلك نتيجة تدفق كميات من الرطوبة في الطبقات الوسطى والعليا من الجو، وتزامنا مع الاجواء الحارة. السائدة حاليا، وتتشكل السحب الرعدية وتتساقط زخات الامطار المتفرقة المترافقة مع نشاط الرياح المثيرة للغبار، كما تتدفق كميات عالية من الرطوبة في الطبقات الوسطى من الجو نحو وسط المملكة، الذي يؤدي الى تطور حالة عدم الاستقرار الجوي ونشاط الرياح المثيرة للغبار، كما يستمر تهيؤ الفرصة لتشكل السحب الرعدية في مناطق واسعة غربا وشمالا، وتكون الرياح جنوبية شرقية في سواحل الخليج العربي، وشمالية الى متقلبة الاتجاهات الى شمالية شرقية في المناطق الشمالية. وفي الدمام، تبدأ درجات الحرارة في الارتفاع نسبيا اليوم، وتكون في مستوياتها المعتادة في مثل هذا الوقت من العام، ثم تعاود موجة الحر التأثير في الطقس اعتبارا من نهاية الاسبوع، تزامنا مع منزلة الصيف السادسة \"النثرة\" في نوء (الكليبين) الذي يمثل الايام الاخيرة من الموسم الملتهب، وتوقع انكسار حدة الحرارة تدريجيا في منتصف اغسطس الجاري، فيما تستغرق الفترة المقبلة نسبة مرتفعة في الرطوبة بالساحل الشرقي متواصلة الى منتصف الشهر المقبل، اضافة الى تواجد السحب غير الممطرة الكاتمة للجو. ",
    "date_extracted": "2015-08-06 01:37:40"
}