{
    "url": "http://www.alyaum.com/article/4081726",
    "title": "المؤشر يرتد مرتفعا عند 8821 نقطة و«موبايلي» يهبط 8 %",
    "author": "سعد العنزي ـ الدمام",
    "content": " قال المحلل الفني عبدالله الجبلي، إن إيقاف شركة «موبايلي» عن التداول في السابق كان صادما للسوق المالية، مبيناً أن المؤشرات الفنية كانت تبين بعد كسر مستويات سعر 90 ريالا ان هناك موجة من التصحيح على السهم، لكن بعد وصول أسعار السهم إلى مستويات 65 ريالا تبين أنها ليست موجة تصحيح وأن هناك بيعا حادا على السهم. \nوأضاف الجبلي «لا شك أن الأزمة التي حدثت داخل الشركة أدت إلى تغيرات جذرية على مستوى الادارة العليا، التي تعمل على تحسين بيئة عمل الشركة وإحداث تغييرات في إدارة المحاسبة وهيكلتها بشكل عام مما يفسر الاعلانات الأربعة التي أصدرتها مؤخرا». \nوأشار الى أنه من الناحية الفنية كان لدى سهم «موبايلي» نقطة دعم تم كسرها في تداولات الأمس، ولامس معدلاته القصوى بحجم تداول 15 مليون سهم، مبينا أن هناك تدخلا بشراء السهم رغم أنه سجل نزولا بنسبة 8% آخر الجلسة.\nوأكد أن السهم يتجه نحو مستويات 25.5 ريال، متوقعا إذا حافظ على هذا المستوى سوف نرى انتهاء لموجة الهبوط الحادة السابقة، ويجب أن يعي المتداول أن ما حدث داخل الشركة بالأمر غير الطبيعي.\nوكان مؤشر سوق الأسهم ارتد مرتفعا أمس، بنسبة طفيفة بلغت نحو 0.2% بعد أن كسب نحو 13 نقطة الى مستوى 8821 نقطة، فيما بلغت قيمة التداولات نحو 4.6 مليار ريال.\nوتراجع المؤشر عند منتصف التداولات بنسبة بلغت نحو 0.6% تعادل نحو 52 نقطة ليصل إلى مستوى 8749 نقطة، وبلغت أحجام التداولات نحو 114 مليون سهم، فيما وصلت قيم التداول إلى نحو 2.7 مليار ريال، من خلال نحو 56 ألف صفقة. \nوبلغت صفقات السوق في نهاية التداول 93,805 صفقة، بينما تمّ تداول 190,442,917 سهما، وبلغ عدد الأسهم المرتفعة للشركات 100 شركة، بينما بلغ عدد الأسهم المنخفضة 46 شركة، فيما استقرت أسهم 19 شركة، وذلك بعد أن أصبح مجمل الشركات المتداولة في السوق 170 شركة مع تعليق تداول 5 شركات.\nوكان سهم اتحاد اتصالات «موبايلي»، افتتح جلسة الأمس على تراجع بالنسبة القصوى عند 30.5 ريال، قبل أن يرتد مقلصا خسائره، وسط تداولات كثيفة بلغت نحو 9.5 مليون سهم في أول ساعة، وصلت الى نحو 12 مليون سهم قبل نحو ساعتين من الإغلاق، ليغلق متراجعا بنحو 8% عند 31.18 ريال، وسط تداولات نشطة بلغت حوالي 15 مليون سهم.\nوأعيد السهم أمس عقب إعلان الشركة عن قوائمها المعدلة للعامين 2013 و2014 والربع الأول 2015، بعد أن أوقف عن التداول لنحو شهرين.\nوأغلق سهم «سابك» على ارتفاع أكثر من 1% عند 93.80 ريال، وصعد سهم «معادن» عند 40.53 ريال بنسبة 3.3%.\nوعلى صعيد القطاعات، فقد تلوّنت 10 قطاعات باللون الأخضر تصدّرها قطاع «الطاقة والمرافق الخدمية» عند مستوى 6553 نقطة بعد أن ارتفع بنسبة 2.1% بإضافة 135 نقطة، تلاه قطاع «الاستثمار الصناعي» الذي كسب نحو 133 نقطة تعادل 1.68% عند مستوى 8271 نقطة، ثم قطاع «شركات الاستثمار المتعدد» بعد أن كسب نحو 62 نقطة ليرتفع 1.49% إلى مستوى 4215 نقطة، فيما تلوّنت 5 قطاعات باللون الأحمر تصدّرها قطاع «النقل» بنسبة بلغت 3.06% بعد أن خسر نحو 283 نقطة ليتراجع إلى مستوى 8986 نقطة، تلاه قطاع «الاتصالات وتقنية المعلومات» بنسبة 2.1% بفقدانه نحو 43 نقطة ليعود إلى مستوى 1721 نقطة، ثم قطاع «الفنادق والسياحة» الذي خسر نحو 143 نقطة بنسبة 0.64% عند مستوى 22145 نقطة. ",
    "date_extracted": "2015-08-04 18:23:58"
}