{
    "url": "http://www.alyaum.com/article/4081896",
    "title": "الجيل  يكافئ 5 واعدين",
    "author": "عثمان العلي - الأحساء",
    "content": " أقامت بعثة نادي الجيل خلال معسكرها الخارجي في مدينة أفيون التركية، حفلاً تشجيعياً لخمسة لاعبين واعدين من درجة الشباب والأولمبي والذين تم اختيارهم ضمن بعثة الفريق الأول نظير المستويات التي قدموها مؤخرا، وهم :نواف المحسن، عبدالله الحمد، عبدالعزيز المويجد، نايف الغامدي وعبدالله بسام الجنوبي .\nحيث قدم رئيس البعثة رئيس نادي الجيل أحمد الغنيم، ونائب الرئيس المشرف العام على معسكر الفريق بتركيا وليد الشويهين، مكافآت تشجيعية للاعبين الخمسة، وذلك بحضور عضو مجلس الإدارة عبدالرحمن التنم والمدير الفني عبدالله درويش وجميع أفراد البعثة .\nكما تم عمل حفلة كيك شارك فيها عدد من مرتادي المنتجع الذي يعسكر فيه الفريق، وجاء هذا التكريم نظير الانضباط في برنامج المعسكر وتقديم أداء مميز في الحصص التدريبية . ",
    "date_extracted": "2015-08-06 01:39:01"
}