{
    "url": "http://www.alyaum.com/article/4081804",
    "title": "زوار مهرجان الشرقية تجذبهم ملصقات التعريف بالانتخابات",
    "author": "خالد سجاف - الدمام",
    "content": " مع بدء العد التنازلي للدورة الثالثة للانتخابات البلدية القادمة بدأت حملات التوعية على قدم وساق، حتى يتم حث المواطنين على الترشح والتصويت في الانتخابات. \nومن بين حملات التوعية التي قررت أمانة المنطقة الشرقية تنفيذها تلك الحملة التي قامت بها في مهرجان صيف وعيد الشرقية حيث قامت الأمانة بوضع العديد من اللوحات التعريفية بالانتخابات ومراحلها المختلفة، كما تضمنت اللوحات حث االمواطنين على المشاركة بإيجابية، وقد تفاعل عدد كبير من الزائرين على اللوحات وأشادوا بدورها في تعريفهم بالعديد من المعلومات عن الانتخابات. «اليوم» التقت بالعديد من زوار المهرجان الذين أعربوا عن أهمية هذه اللوحات مطالبين بنقل الفكرة الى العديد من المواقع.\nفي البداية قال الزائر جابر العمري اللوحات التعريفية التي تم وضعها في مواقع مختلفة بمهرجان صيف وعيد الشرقية حققت الهدف التوعوي من ورائها حيث استطاع عدد كبير من الزائرين الإلمام بالعديد من المعلومات التي كانت خافية عليهم.\nويضيف مطلق البقمي إن اللوحات التعريفية قدمت شرحًا وافيًا حول المراحل المختلفة للانتخابات البلدية، وهذه اللوحات غطت هذا الجانب المهم بأسلوب مشوق وجذاب في نفس الوقت كانت اللوحات فرصة مواتية للاجابة على العديد من الاستفسارات التي تهم المواطنين.\nويشير سامي ال حمام إلى أن تخصيص أمانة الشرقية لفريق متخصص يتولى شرح مراحل الانتخابات هي فكرة رائعة خاصة أن هذا الفريق يملك قدرًا وافيًا من المعلومات التي قد يجهلها البعض، وأعتقد أنها فرصة سانحة في ظل اقامة مهرجان يتردد عليه عدد كبير من الزوار من كل مكان.\nوتقول هدى ياسين: إنها تعرفت من اللوحات التعريفية على بعض المعلومات المهمة مثل شروط الترشح في الانتخابات القادمة، كما توصلت الى معلومة مهمة وهي ان أي مواطن لم يقيد اسمه في الجدول لن يتمكن من التصويت والاقتراع، وطالبت بنقل فكرة الملصقات الى العديد من المواقع مثل المجمعات التجارية حتى يستفيد أكبر عدد من الناس من هذه المعلومات.\nوتؤكد سهام البطاش أن اللوحات التعريفية فرصة مواتية حتى يتعرف الجميع على أهمية المشاركة في الانتخابات للمساهمة في تنمية وتطوير القطاع البلدي عبر اختيار ذوي الكفاءات والمشهود لهم بالنزاهة بعيدًا عن التعصب والتحيز، وتمنت أن تشهد الدورة المقبلة من الانتخابات مشاركة إيجابية وكبيرة من المواطنين السعوديين خصوصًا من النساء. ",
    "date_extracted": "2015-08-04 18:23:48"
}