{
    "url": "http://www.alyaum.com/article/4082122",
    "title": "عسيري : البنية التحتية للجيش اليمني محط اهتمام قيادة التحالف لإعادة تأهيلها",
    "author": "واس - الدمام",
    "content": " قال المتحدث باسم قوات التحالف المستشار في مكتب وزير الدفاع العميد ركن أحمد بن حسن عسيري في تصريح لقناة \" الإخبارية\" أن البنية التحتية للجيش اليمني محط اهتمام قيادة التحالف لإعادة تأهيلها ، فيما بين عسيري أن مطار عدن سيكون جاهز بعد تأهيلة خلال الأيام أو الساعات القادمة . ",
    "date_extracted": "2015-08-06 01:37:17"
}