{
    "url": "http://www.alyaum.com/article/4081743",
    "title": "43.8 % ارتفاع في معدل السياحة السعودية لمصر",
    "author": "محمد مختار- القاهرة",
    "content": " ارتفعت أعداد السائحين العرب لمصر خلال النصف الأول من العام الحالي بنسبة 14.8% إلى 804 ألف سائح مقارنة بنحو 700 ألف خلال نفس الفترة من العام 2014، وكشف وزير السياحة المصري عن نمو الحركة الوافدة لمصر من المملكة بنحو 43.8% ،مشيرا إلى أن الإيرادات السياحية في النصف الأول من 2015 ارتفعت بنحو 3.1% إلى 3.3 مليار دولار .\nوأوضح وزير السياحة المصري، أن إجمالي عدد السائحين الوافدين لمصر ارتفع بنسبة بلغت 8.2% خلال الستة أشهر الأولى من العام الحالي إلى 5.051 مليون سائح مقارنة بنحو 4.4 مليون سائح خلال نفس الفترة من العام 2014، وارتفع عدد الليالي السياحية بنحو 13.7% إلى 49.57 مليون ليلة مقابل 43.6 مليون ليلة خلال نفس الفترة من العام الماضي، وبلغ معدل الإنفاق في الليلة إلى 73.3دولار. ، وقال رامي: إن ايرادات بلاده من السياحة ارتفعت بنحو 3.1% إلى 3.3 مليار دولار مقابل 3.2مليار دولار خلال نفس الفترة من العام الماضي، وكشف وزير السياحة عن نمو الحركة العربية الوافدة إلى المقاصد المصرية 14.8% في النصف الأول من العام الجاري، حيث ارتفع عدد الوافدين من المملكة بنسبة 43.8% ومن الإمارات العربية المتحدة بنحو 74% ولبنان بـ 37% ودولة الكويت بنسبة 36%.\nوقال الوزير المصري، إن الوزارة تستهدف نمو أعداد الوافدين لبلاده خلال العام الحالي إلى نحو 12 مليون سائح يحققون إيرادات تتراوح ما بين 9 و 10 مليارات دولار، لافتا إلى أن السياحة الأوروبية تمثل نحو 70% من الوافدين خلال الفترة الحالية، فيما تستحوذ السياحة العربية على 20%، لافتا إلى أن حملة «مصر قريبة « أسهمت في تحقيق السياحة العربية هذه المستويات. ",
    "date_extracted": "2015-08-04 18:24:02"
}