{
    "url": "http://www.alyaum.com/article/4082036",
    "title": "حادث سير يودي بحياة 16 شخصا في شرق روسيا",
    "author": "د ب أ - موسكو",
    "content": " لقي 16 شخصا على الأقل حتفهم وأصيب نحو 60 آخرين إثر تصادم حافلتين في شرق روسيا.\nوذكرت الشرطة في منطقة خاباروفسك القريبة من الحدود الصينية اليوم الأربعاء أن من بين القتلى طفل، كما يوجد ثلاثة أطفال آخرين في حالة حرجة.\nوجاء في بيان لجنة التحقيقات إن الحادث وقع على طريق سريع بين مدينتي كومسومولسك-ان -امور وخاباروفسك ، على بعد نحو 150 كيلومترا من الحدود مع الصين .\nوذكرت وكالة الأنباء الروسية \"إنترفاكس\" أن الحافلتين المكتظتين بالركاب اصطدمتا ببعضهما وجها لوجه.\nوقالت الشرطة إن أحد السائقين كان قد انحرف إلى الحارة المقابلة ليتفادى أعمالا على الطريق ، مضيفة إن السائقين لم يكونا تحت تأثير أي مخدر .\nوقال المحققون الاتحاديون أنهم سوف يقيمون قضية جنائية ضد الشركة المالكة للحافلة التي يبدو أنها كانت سبب الحادث.\nوأرسلت فرق الإنقاذ مروحيات إلى مكان الحادث. وشارك في مهمة الإنقاذ أكثر من 220 فردا من أفراد الإغاثة.\nووقعت في روسيا عدة حوادث سير كبيرة خلال الأسابيع الماضية أودت بحياة عشرات الأشخاص. ",
    "date_extracted": "2015-08-06 01:38:33"
}