{
    "url": "http://www.alyaum.com/article/4082039",
    "title": "تحقيق عن الخيانة يثير الجدل ويهز المؤسسة السياسية في ألمانيا",
    "author": "رويترز - برلين",
    "content": " تعرض وزير العدل الألماني هايكو ماس لانتقادات اليوم الأربعاء لقراره عزل المدعي العام في اطار نزاع حول تحقيق عن الخيانة كشف عن توترات بشأن حرية الصحافة وحماية أسرار الدولة.\nوكان مدعون اتحاديون يحققون فيما إذا كانت بوابة نيتسبوليتيك الإخبارية الالكترونية قد كشفت أسرارا للدولة بنشرها خططا لتعزيز مراقبة الدولة للاتصالات الالكترونية في ألمانيا التي تلتزم بشدة بحرية الصحافة والخصوصية.\nوقال ماس الأسبوع الماضي إنه يشك في ان نية الصحفيين هي إيذاء الدولة وإن من المهم الدفاع عن استقلال الصحافة مما دفع المدعي العام هارالد رانجه إلى الشكوى أمس الثلاثاء من تدخل سياسي \"غير محتمل\" في التحقيق.\nورد ماس سريعا بعزل رانجه قائلا إن اتهاماته بالتدخل كانت \"غير مفهومة\".\nوأدان سياسيون من مختلف الاتجاهات قرار ماس لكن متحدثة باسم الحكومة قالت إنه حظي \"بدعم كامل\" من المستشارة الألمانية أنجيلا ميركل.\nووصف هانز بيتر اول وهو عضو في حزب الاتحاد الاجتماعي المسيحي الشقيق لحزب الاتحاد الديمقراطي المسيحي الذي تتزعمه ميركل قرار ماس بأنه \"سلوك غريب\".\nوقال لصحيفة هاندلسبلات \"أراه مبالغا فيه وبالتالي خاطئا.\"\nوينتمي ماس إلى الحزب الديمقراطي الاشتراكي المنتمي ليسار الوسط والعضو في \"الائتلاف الكبير\" الذي تتزعمه ميركل.\nواتهم فولفجانج كوبيكي من الحزب الديمقراطي الحر المعارض ماس بمحاولة صرف انتباه الناس عن \"إخفاقاته الفاضحة\".\nوفتح مدعون التحقيق مع الموقع الالكتروني بعد شكوى جنائية قدمتها وكالة المخابرات الداخلية الألمانية التي تعرف باسم مكتب حماية الدستور بسبب مقالات عن الوكالة نشرت على مدونة نيتسبوليتيك يومي 25 فبراير شباط و15 ابريل نيسان.\nوانتقدت وسائل اعلام ألمانية التحقيق قائلة إن هذه هي المرة الأولى التي يحاكم فيها صحفيون في ألمانيا بالخيانة منذ 50 عاما.\nوأصدر رانجه قرارا الأسبوع الماضي بتعليق التحقيق انتظارا لرأي خبير مستقل عما إذا كان الموقع الالكتروني قد كشف بالفعل أسرارا للدولة. ",
    "date_extracted": "2015-08-06 01:38:32"
}