{
    "url": "http://www.alyaum.com/article/4082035",
    "title": "مصمم شعار أولمبياد طوكيو 2020 يرفض اتهامه بالاقتباس",
    "author": "د ب أ - طوكيو",
    "content": " نفى المصمم اليباني لشعار أولمبياد طوكيو 2020 اليوم الأربعاء قيامه بالاقتباس من عمل مصمم آخر من بلجيكا.\nوطالب المصمم البلجيكي أوليفيه ديبي ومحامي مسرح \"ليج\" البلجيكي ، اللجنة الأولمبية اليابانية بالتوقف في غضون مهلة مدتها ثمانية أيام عن استخدام الشعار ، وذلك في خطاب أرسل إلى اللجنة الأولمبية اليابانية واللجنة الأولمبية الدولية ، حسب ما ذكرته وكالة أنباء \"كيودو\" اليابانية.\nوقال ديبي إنه في حالة عدم حصوله على الرد ، سيسعى لاستصدار أمر قضائي بمنع استخدام شعار المصمم الياباني كنجيرو سانو ، حسب ما ذكرته الوكالة.\nوقال سانو في مؤتمر صحفي \"هنا نقاط قد تبدو متشابهة ، ولكن تصميمنا مختلف بشكل كلي. إنني كمصمم ، وضعت كل طاقتي في هذا العمل. أشعر بأنني صممت شعارا فريدا من نوعه.\"\nويتضمن شعار سانو أشكالا هندسية تحيط بالحرف الأبجدي الإنجليزي \"تي\" ، الذي قال إنه جاء ليكون الحرف الأول من الأبجدية الإنجليزية لكلمات طوكيو وفريق وغدا.\nوقال سانو أيضا إنه أراد أن يتبع خطى شعار أولمبياد طوكيو 1964 ، الذي تضمن دائرة حمراء كبيرة تشير إلى العلم الياباني.\nوأوضح الفارق بين تصميمه وتصميم البلجيكي ديبي قائلا \"الشعار البلجيكي يتضمن حرفي /تي/ و/إل/ (أول حرفين من معنى جملة مسرح ليج بالإنجليزية). أما أنا فأردت إبراز حرف /تي/ مع الاستدارة (التي تضمنها شعار أولمبياد 1964).\"\nونقلت كيودو عن مسؤول في اللجنة الأولمبية الدولية قوله إنه واللجنة المنظمة لأولمبياد طوكيو 2020 قامتا بفحص جميع العلامات المسجلة على مستوى العالم قبل إزاحة الستار عن شعار طوكيو 2020 .\nوقال يويشي ماسوزوي حاكم طوكيو إنه سيوقف استخدام الشعار بشكل مؤقت. وأضاف \"لا نستطيع أن نقول إن الشعار خالي من المتاعب بنسبة 100 بالمائة. وفي حلة لجوء المصمم البلجيكي للقضاء ، على طوكيو أن تنتظر وترى كيف ستتعامل اللجنة الأولمبية الدولية مع القضية وكيف سيتطور الوضع.\"\nوكان الشعار أحدث محاور الجدل المثار بشأن أولمبياد طوكيو 2020 ، حيث قرر رئيس لوزراء الياباني شينزو آبي في تموز/يوليو الماضي تغيير المخطط الأصلي للاستاد الرئيسي نظرا لأن التكاليف كانت ستصل إلى الضعف لتبلغ حوالي ملياري دولار ، والذي كان سيجعل منه أغلى استاد في التاريخ. ",
    "date_extracted": "2015-08-06 01:37:54"
}