{
    "url": "http://www.alyaum.com/article/4081819",
    "title": "خضيرة لاعب يوفنتوس الجديد يغيب لمدة شهرين للإصابة",
    "author": "رويترز - ميلانو",
    "content": " أعلن يوفنتوس بطل دوري الدرجة الأولى الايطالي لكرة القدم اليوم الاثنين أن لاعبه الجديد سامي خضيرة سيغيب عن أول شهرين في الموسم الجديد بسبب اصابة في الفخذ ، وأصيب لاعب الوسط الالماني في أول ظهور له مع يوفنتوس منذ انتقاله من ريال مدريد في يونيو الماضي في مباراة ودية ضد اولمبيك مرسيليا أمس الاحد.\nوساهم خضيرة في وصول منتخب المانيا لنهائي كأس العالم العام الماضي لكنه غاب عن مواجهة الارجنتين لاصابته أثناء الاحماء. ",
    "date_extracted": "2015-08-03 21:36:46"
}