{
    "url": "http://www.alyaum.com/article/4082054",
    "title": "دعوى قضائية ضد شركة امريكية بسبب تلوث نهر في ولاية واشنطن",
    "author": "سياتل - رويترز",
    "content": " قالت مدينة سبوكين الأمريكية في دعوى قضائية إن شركة مونسانتو المنتجة للبذور والكيماويات الزراعية يتعين عليها دفع تكاليف تطهير أحد أنهار ولاية واشنطن الملوثة بمادة كيماوية خطيرة كانت الشركة قد انتجتها منذ عدة عقود.\nكان مركب ثنائي الفينيل متعدد الكلور السام (بي سي بي) -الذي كان يستخدم في منتجات منها لمبات الفلورسنت والأجهزة ومركبات العزل والمبيدات الحشرية- قد تم حظره في أواخر سبعينات القرن الماضي بوصفه مادة مسببة للأورام علاوة على مخاطر صحية أخرى على الرغم ان آثاره تبقى طويلا في البيئة.\nوقال محامون بالمدينة في الشكوى المرفوعة أمام المحكمة الجزئية الامريكية الاسبوع الماضي إن شركة مونسانتو هي الوحيدة المنتجة لهذا المركب في الولايات المتحدة بين عامي 1935 و1979 وان الشركة أخفت الخواص السامة لهذا المركب.\nوقال المحامون \"على الرغم من علم مونسانتو إلا انها لم تقدم التحذيرات الملائمة بان (بي سي بي) سيكون ملوثا عالميا وسيلوث المسطحات المائية والحياة البرية مثل المجاري المائية والانهار في سبوكين\".\nوفيما تطالب سبوكين بمبلغ تعويضات لم تفصح عنه تقول القضية إن الشركة مسؤولة عن تلويث مجاريها المائية بهذه المادة السامة التي يتعين ازالتها. وتشير التقديرات الى ان تكلفة هذه المعالجة قد تصل الى أكثر من 100 مليون دولار.\nوقالت تشارلا لورد المتحدثة باسم مونسانتو إن الشركة غير ملزمة بتطهير المسطحات المائية ومصاريف القضية المتعلقة بذلك.\nوقالت \"تركز مونسانتو الآن وطوال العقد الماضي على الزراعة دون غيرها ... حظر انتاج هذه المادة في الولايات المتحدة عام 1979 على الرغم من ان شركة مونسانتو السابقة التي تأسست عام 1901 اوقفت الانتاج والبيع طواعية قبل ذلك\".\nواضافت ان هذه المادة كانت تباع وقتئذ بصورة قانونية بوصفها منتجا مفيدا كانت أطراف أخرى تستخدمه في منتجات مفيدة مثل الوقاية من الحريق في المعدات الكهربية الى جانب أغراض أخرى.\nوتقول القضية إن مياه نهر سبوكين تخالف معايير جودة المياه حاليا نظرا لوجود هذه المادة وان الوكالة الأمريكية للحماية البيئية وجدت انها قد تكون مسببة للأورام وانها ذات سمية على الاجهزة المناعية والتناسلية والعصبية للرئيسيات. ",
    "date_extracted": "2015-08-06 01:37:53"
}