{
    "url": "http://www.alyaum.com/article/4081904",
    "title": "الفايز: الوحدة لو توفر له ربع ميزانية الكبار لنافس على البطولات‏",
    "author": "خالد علي - مكة المكرمة",
    "content": " عاتب محمد الفايز المتحدث الرسمي لرابطة قدامى لاعبي نادي الوحدة، الدكتور أحمد المرزوقي الرئيس السابق للنادي الأهلي، لتقليله من شأن نادي الوحدة العريق.\nوأبان الفايز أن نادي الوحدة ليس كل همه البقاء في الممتاز بحسب ما يرى الدكتور المرزوقي، فطموحات النادي كبيرة لكن الظروف التي تكالبت على النادي الذي كان من أوائل الأندية التي حققت البطولات بالمملكة، لعبت دورها في إبعاده عن المنافسة، وأضاف الفايز لو أن ناد آخر غير الوحدة واجهته الظروف التي مر بها نادي الوحدة، والتي لا تخفى على أحد وأولهم الدكتور أحمد المرزوقي، لكان في طي النسيان ولكن الوحدة بهمة الرجال الأوفياء ظل يصارع بثبات، لافتا أن النادي لو توفرت له ربع ميزانيات الأندية صاحبة البطولات وليس النصف لكان منافسا عليها. ",
    "date_extracted": "2015-08-06 01:39:03"
}