{
    "url": "http://www.alyaum.com/article/4081734",
    "title": "«أبيات» تدعم المواهب في مجالي التصوير والخط",
    "author": "اليوم - الدمام",
    "content": " تقيم شركة أبيات معرضاً فنياً خلال الأيام القليلة القادمة للمشاركين في مسابقتي التصوير الفوتوغرافي والخط العربي والتي أطلقتها الشركة خلال شهر رمضان المبارك بفرعيها في مدينتي الدمام والرياض.\nوتأتي هذه المسابقة التي استمرت طيلة شهر كامل امتدادًا للجهود التي تبذلها الشركة في مجال المسؤولية الاجتماعية ودعم المواهب الشابة بالمملكة وتقديم الجوائز وتحفيزهم على بذل المزيد من الجهد ومساعدتهم للارتقاء بمواهبهم والوصول بها إلى أعلى المستويات.\nويستمر المعرض في فرعي الشركة بالدمام والرياض لمدة يومين الموافق (5-6) أغسطس، يتم بعدها الإعلان عن أسماء الفائزين عبر لجنة متخصصة، حيث سيحصل الفائز بالمركز الأول بمسابقة التصوير الضوئي على10,000 ريال، فيما سيحصل الفائز بالمركز الثاني على 7,500 ريال، أما صاحب المركز الثالث فسيحصل على 5,000 ريال، وسيحصل الفائز بالمركز الأول في مسابقة الخط العربي على10,000 ريال، فيما سيحصل الفائز بالمركز الثاني على 7,500 ريال، أما صاحب المركز الثالث فسيحصل على 5,000 ريال.\nوتأتي نسخة هذا العام من المسابقة تأكيدًا على الدور الرائد لشركة أبيات في إبراز صور الحياة المجتمعية والإنسانية والمعالم الحضارية في كافة المجالات، بالإضافة إلى مساعدة المصورين والفنانين في مجال الخط العربي المحترفين والهواة والموهوبين ودعمهم وإبراز أعمالهم وتعريف المجتمع بها. ",
    "date_extracted": "2015-08-04 18:24:00"
}