{
    "url": "http://www.arreyadi.com.sa/Home/Details/OTgzNg==",
    "title": "مدافع يسجل هدف رائعاً في مرمى فريقه",
    "author": "الرياضي",
    "content": "سجّل مدافع فريق إف آر آيلن الألماني، ساشا هدفاً رائعاً لكن عن طريق الخطأ في مرمى فريقه، وذلك خلال المباراة التي جمعت فريقه بنظيره ساندهاوزن لحساب الجولة الثالثة والعشرين من بطولة دوري الدرجة الثانية الألماني لكرة القدم",
    "date_extracted": "2015-07-21 10:58:52"
}