{
    "url": "http://www.arreyadi.com.sa/Home/Details/OTgxOA==",
    "title": "لاعب يراوغ الحارس والدفاع بطريقة متقنة ويسجل هدفاً",
    "author": "الرياضي",
    "content": "نجح مهاجم الفريق الكولومبي، ويلسون موريلو في استغلال خطأ دفاعي ارتكبه مدافعو الفريق التشيلي، في المباراة التي أقيمت على ملعب نيميسو كاماتشو بعدما وصلت موريلو الكرة من منتصف الملعب فتسلمها من خلف المدافعين وانفرد إثرها قبل أن يراوغ الحارس ثم الدفاعات بشكل مهين ويودعها بالشباك هدفاً.",
    "date_extracted": "2015-07-21 10:58:57"
}