{
    "url": "http://www.arreyadi.com.sa/Home/Details/ODkxNw==",
    "title": "العالمي يسجل الأولوية يطائرة",
    "author": "نايف الروقي ـ الرياض",
    "content": "في بادرة هي الأولى من نوعها في الملاعب السعودية.. حدد نادي النصر مهبط لطائرة الإسعاف الجوي ضمن منشآت النادي لخدمة الرياضيين والأحياء المحيطة به، وهبطت عصر أمس الاثنين أولى طائرات الإسعاف الجوي في ملعب الأمير عبدالرحمن بن سعود، لتصبح أول نقطة هبوط بين الأندية السعودية لاستقبال طائرة الإسعاف الجوي الذي يقدم خدماته الاسعافية منذ قرابة الخمس سنوات. وتكون طاقم الطائرة من طيار جميل الزريع وطيار كيفن كايزر والمسعفين تركي السبيعي وراني رفيرا وتواجد عند نقطة الهبوط بالملعب العميد فهد المشيقح نائب رئيس النادي وعبدالرحمن الخضيري مدير عام الإدارة العامة للطيران بالهلال الأحمر وعدد من نجوم الفريق الأول لكرة القدم. وعبر الخضيري عن خالص شكره وتقديره لإدارة نادي النصر وعلى رأسهم الأمير فيصل بن تركي الذي كان حريصاً على أن يكون النصر في طليعة الأندية المساهمة في هذه الخدمة الاجتماعية الهادفة لحماية الأرواح وسلامتهم وسرعة إسعافهم عند الحاجة. وأضاف الخضيري قائلاً: إن النصر هو أول ناد يتعاون معنا في تحديد نقطة لمهبط الطائرة وهذه النقطة ستكون نقطة إخلاء في حالة الطوارئ لتخدم جميع الأحياء المحيطة بالنادي، مبيناً انه سيتم تدريب رجال الأمن بالنادي على تأمين الموقع وكذلك تدريب منسوبي النادي على الإسعافات الأولية.",
    "date_extracted": "2015-07-21 10:57:54"
}