{
    "url": "http://www.arreyadi.com.sa/Home/Details/NDI0Mg==",
    "title": "نواف: العلاقات السعودية الكويتية تاريخية",
    "author": "الرياضي ـ الكويت",
    "content": "الرياضي ـ الكويت\nاستقبل الشيخ صباح الأحمد أمير دولة الكويت وبحضور الشيخ نواف الأحمد وليّ عهد دولة الكويت اليوم بالديوان الأميري بقصر بيان بالكويت الأمير نواف بن فيصل الرئيس العام لرعاية الشباب رئيس اللجنة الأولمبية العربية السعودية ووزراء الشباب والرياضة ورؤساء اللجان الاولمبية بدول مجلس التعاون لدول الخليج العربية. ونقل الأمير نواف بن فيصل لأمير دولة الكويت تحيات ومحبة خادم الحرمين الشريفين الملك عبدالله بن عبدالعزيز ـ أيده الله ـ والأمير سلمان بن عبدالعزيز ولي العهد، نائب رئيس مجلس الوزراء، وزير الدفاع، والأمير مقرن بن عبدالعزيز ولي ولي العهد، النائب الثاني لرئيس مجلس الوزراء وتمنياتهم له بموفور الصحة والسعادة وللشعب الكويتي الشقيق المزيد من التقدم والازدهار.. مشيراً الى أن العلاقات التي تربط بين السعودية والكويت على كافة المستويات علاقات تاريخية بحكم القرب والترابط بين الشعبين الشقيقين. ورحب أمير دولة الكويت بالأمير نواف بن فيصل في بلده الكويت وحمّله تحياته لخادم الحرمين الشريفين وولي عهده الأمين وولي ولي العهد، متمنياً لهما دوام الصحة والسعادة. وتم خلال الاستقبال تكريم عدد من القيادات الشبابية الخليجية وعدد من الشباب والمراكز الاعتبارية التي تقدم خدمات وبرامج لشباب دول الخليج حيث كرم أمير دولة الكويت من السعودية كلا من الدكتور صالح الناصر ومحمد القرناس ومركز الأمير سلمان لتنمية الشباب، والشابين همام الجريد من مركز وارف لتنمية الشباب وسلطان السليمان من مكتب رعاية الشباب بالطائف.",
    "date_extracted": "2015-07-21 10:57:20"
}