{
    "url": "http://www.arreyadi.com.sa/Home/Details/OTgzNw==",
    "title": "طفل هولندي يسجل هدفاً لا يصدق",
    "author": "الرياضي",
    "content": "نجح اللاعب البالغ من العمر 12 عاماً في افتتاح باب التسجيل لفريقه فيتيس أرنيهم بعد مرور ثوانٍ معدودة على صافرة بداية اللقاء، واحداً من أسرع الأهداف في تاريخ الكرة الهولندية إن لم يكن الأسرع على الإطلاق وذلك خلال المباراة التي جمعت الفريق بنظيره \" إف.سي.فولندام\".",
    "date_extracted": "2015-07-21 10:58:50"
}