{
    "url": "http://www.arreyadi.com.sa/Home/Details/ODUwNA==",
    "title": "انقسام حول استمرار القروني",
    "author": "ماجد هود ومحمد المرحبي ـ جدة",
    "content": "أصوات تنادي بالاستعانة بالمدرب الأولمبي\nماجد هود ومحمد المرحبي ـ جدة\n\nتباينت ردود أفعال جماهير الاتحاد حول مسؤولية واستمرارية الوطني خالد القروني بعد الخسارة الموجعة التي تلقاها الفريق أمام العين أمس ووضعته في محك الرد الصعب في مباراة الإياب الثلاثاء المقبل. ورأت فئة من مشجعي النادي على مواقع التواصل الاجتماعي منح القروني فرصة تصحيح الأخطاء على الأقل حتى مابعد مباراة الإياب مؤكدة أن التغيير سيضر بالفريق نسبة لضيق الوقت قبل مواجهةالرد، فيما رأت فئة أخرى أن إدارة النادي يتوجب عليها إصدار قرار عاجل بإعفاء القروني وإسناد المهمة مؤقتاً للمصري عمرو أنور مدرب الفريق الأولمبي الذي خاض تجربة ناجحة مع الفريق من قبل بعد الاستعانة به مؤقتاً عقب إقالة المدرب بينات، وحملت فئة ثالثة اللاعبين المسؤولية مشيرة إلى أنهم لم يقدموا المستوى المطلوب منهم، وقال أحد المشجعين (المدرب أخطأ بلا شك ولكن اللاعبون لم يقدموا شيئاً يذكر في شوطي المباراة).",
    "date_extracted": "2015-07-21 11:00:36"
}