{
    "url": "http://www.arreyadi.com.sa/Home/Details/ODkzMA==",
    "title": "AFP: الهلال في النهائي",
    "author": "رصد ـ جمال عيسى",
    "content": "رشحت وكالة الأنباء الفرنسية AFP فريق الهلال للعب المباراة النهائية لدوري أبطال آسيا بعد الفوز الكبيرالذي حققه أمس على العين الإماراتي بثلاثية نظيفة، مشيرة إلى أنه حقق فوزاً كبيراً ومستحقاً(على حد وصفها).. وجاء في خبر الوكالة:(وضع فريق الهلال السعودي قدما في المباراة النهائية لدوري أبطال آسيا بعد فوزه الكبير والمستحق على ضيفه العين الإماراتي بثلاثة أهداف نظيفة مساء أمس الثلاثاء في الرياض في ذهاب نصف النهائي.\nوجاءت الاهداف في الشوط الثاني الذي تجلى فيه الهلال وكان على الموعد مع هدير مدرجات استاد الملك فهد الدولي بالرياض وسط انهيار عيناوي وسط الموج الأزرق الذي أكمل المباراة بعشرة لاعبين بطرد الحارس خالد عيسى (65).\nوسجل للهلال ناصر الشمراني (61) (64) وتياجو نيفيز (70) الذي أهدر ركلة جزاء (66) ليدخل مباراة الإياب أكثر ارتياحا في الإمارات في 30 من الشهر الحالي.\nبدأت المباراة بحذر شديد من الفريقين وصراع منطقة الوسط المتمركز فيه نجوم من الجانبين مع نجاعة من جانب العين في صناعة اللعب والانتشار الجيد بالضغط على الهلال في ملعبه الذي عابه الاحتفاظ بالكرة والتحضير البطيء وسط محاصرة لاعبي العين لمفاتيح اللعب في الهلال نيفيز والفرج والعابد.\nفي المقابل كان ميروسلاف وكمبو عموري أكثر دينامكية في الحركة وسرعة نقل اللعب، وحاول نيفيز اختراق الدفاع العيناوي بالتسديد من خارج المنطقة، قبل أن يصنع كرة هدف في العمق لناصر الشمراني في مواجهة المرمى لكن القائم تكفل بالتصدي لكرة الهدف كانت هي آخر كرات الشوط الأول السلبي.",
    "date_extracted": "2015-07-21 10:57:43"
}