{
    "url": "http://www.arreyadi.com.sa/Home/Details/NjcyMw==",
    "title": "الكلمة هدف",
    "author": "محمد الدويش",
    "content": "سأتوقف غداً في إجازة قصيرة أعود بعدها إن شاء الله إلى الكتابة الأسبوعية التي بدأتها في صحيفة (الملاعب الرياضية) عام 1985 واستمرت في صحيفة ( الرياضي) حتى رأى (محمد البكيري) قبل سنتين ونصف أن تتحوّل الى زاوية يومية… منذ أن تولى (صالح الخليف) رئاسة تحرير الصحيفة وهو يحاول إقناعي بالعودة إلى الزاوية الأسبوعية وانضم إليه عدد من الأصدقاء والزملاء والقراء … مبررهم أن الزاوية اليومية فقدت حضورها بوجود مواقع التواصل الاجتماعي التي يستطيع الكاتب من خلالها أن يقول رأيه بالحدث فور وقوعه دون حاجة للانتظار إلى رأيه اليومي غداً… هذا واقع ولكن الوجه الآخر لهذا الواقع أننا في عصر التغريدة وليس المقالات الطويلة… هناك من يقول: إن المقالة الأسبوعية تُريح القارئ من عناء المتابعة اليومية لاسيما وهو متعب من متابعة مواقع التواصل…ألتقي بكم قريبا إن شاءالله في (الكلمة هدف)",
    "date_extracted": "2015-07-21 10:56:59"
}