{
    "url": "http://www.arreyadi.com.sa/Home/Details/ODY5OQ==",
    "title": "قصيدة السبيعي .. التي خطفت الاضواء بعد اربعين عاماً في الظلام",
    "author": "عبدالله الغامدي - جدة",
    "content": "يأتي الإنصاف متأخراً أحيان.. ويأتي أحياناً أخرى بعد فوات الأوان.. لكنه حينما يأتي يضيء كل ظلمات التجاهل والتهميش والنسيان.. من تحت الأنقاض خرجت قصيدة قالها شاعرها قبل أربعين عاماً تقريباً.. قالها فقط رداً على أصوات تلومه لكرمه وشهامته ومروءته.. قالها ولم يدرك حينها بأنها ستظل حبيسة تلك الزوايا التي لا يمر عليها الضوء إلا لحظات لا تستحق الذكر.. قالها بلا مقدمات أو تحديات.. تعامل معها كما لو كانت قدراً لا أكثر ولا أقل.. ولو لم يقل مبارك البخيت السبيعي سوى هذه القصيدة ذات الأبيات الأحد عشر لكفاه أن يوصم ويوصف ويعتبر شاعراً عظيماً لا يجود الزمان بمثله.. قصيدة قصيرة قالها رداً على أصدقاء له حاولوا بأن يلعبوا معه دور الناصحين بالكف والتوقف عن الكرم والبذل من أجل الآخرين كما هي عادات العربي الأصيل.. قصيدة تاريخية موغلة بالحكمة والمواعظ ووصف الحياة وزينتها ومشاربها وما لها وما عليها.. فيها بيت واحد تبلغ الحكمة مبلغها وتلامس أعلى نقطة تصل إليها العبقرية البشرية وتتوقف عنده طويلاً وكثيراً.. يقول السبيعي: مسكين يا اللي تحسب الواجد شوي.. العافية لو تنشري وش ثمنها.. انه تجسيد حي وشاعري لحديث سيد الخلق عليه أفضل الصلاة والسلام، حينما قال: نعمتان مغبون فيهما كثير من الناس الصحة والفراغ.. هذه الأيام بدأت قصيدة السبيعي بالتسلسل إلى ذائقة الناس.. كأن أحداً راح يفتش وينبش بين أوراق الزمن ويضعها في صدر المجلس.. هنا سعوديان يتضح فيهما التعقل وحب الشعر يرددانها بصوت واحد داخل صالة فاخرة أو مجلس في أحد القصور الفخمة.. انتشر المقطع كثيراً عبر وسائل التواصل الاجتماعي.. انتشر المقطع وستنتشر القصيدة.. لأنها وإن طال بها الأمد والعمر ستظل قصيدة خالدة حتى يرث الله الأرض ومن عليها.",
    "date_extracted": "2015-07-21 10:59:27"
}