{
    "url": "http://www.arreyadi.com.sa/Home/Details/ODk0NQ==",
    "title": "العنزي وماركينيوس يغيبان عن العروبة",
    "author": "حاتم البراهيم - الرياض",
    "content": "يستأنف الفريق الكروي الأول بنادي النصر تمارينه اليومية على ملعب النادي تحت قيادة الاسباني كانيدا بعد الاجازة الممنوحة للاعبين أمس الثلاثاء بعد فوزهم على القادسية في كأس ولي العهد.\nومن المتوقع مشاركة جميع اللاعبين باستثناء البرازيلي ماركينوس الذي يواصل علاجه الطبي بعد الإصابة التي لحقت به، ولا زالت الشكوك تحوم حول الحارس عبدالله العنزي الذي من الممكن ألا يشارك في مباراة العروبة الدورية المقبلة بسبب إصابة بالركبة.\nمن جهة أخرى، أسندت لجنة الحكام بالاتحاد السعودي لكرة القدم طاقم تحكيم سعودي بقيادة الحكم فهد العريني لقيادة مباراة النصر والعروبة الدورية الأحد المقبل.\nمن جهة ثانية، بدأ متجر النصر أمس الثلاثاء ببيع جميع أطقم الفريق الثلاثة الأصفر والأزرق والجيشي، وأصبح بمقدور الجماهير النصراوية اختيار الطقم الذي تريده.\nومن جهة أخرى تلقى رئيس نادي النصر الأمير فيصل بن تركي بن ناصر خطاب شكر وتقدير من مدير إدارة الملاحظة الاجتماعية بالرياض على مشاركة النادي ممثلاً بنائب رئيس النادي العميد فهد المشيقح وعضو هيئة أعضاء الشرف المهندس عبدالله العمراني في حفل ختام الدورة الرياضية لهم والتي أقيمت تحت شعار (رياضتنا في خدمة مجتمعنا) مشيراً للأثر الكبير والبالغ لهذه المشاركة على نفوس أبناء الدار ومؤكداً على أن هذه المشاركة الاجتماعية وهذا الحس الوطني لا يستغرب من نادي النصر ورجالاته الذي تعود الجميع منه على المبادرات الخيرة لخدمة المجتمع بجميع شرائحه.\nوكان النادي استقبل أمس أبناء دار التربية الاجتماعية بالرياض في يوم مفتوح اتيحت لهم خلاله الفرصة للاستفادة من مرافق أكاديمية النصر للفئات السنية وتم إجراء مناورة كروية لهم أمام رديف فريق كرة القدم لدرجة الناشئين، وفي نهاية اليوم المفتوح قدم مدير الفئات السنية لكرة القدم بدر الحقباني درع النادي لإدارة الدار، مؤكداً لهم أن إدارة النادي ترحب بزياراتهم وأن أبواب النصر مفتوحة لهم في أي وقت.",
    "date_extracted": "2015-07-21 10:57:34"
}