{
    "url": "http://www.arreyadi.com.sa/Home/Details/NzYwMw==",
    "title": "جديد المشيقح خطوة أشواقي",
    "author": "طلال عبد الله",
    "content": "طلال عبدالله ـ جدة \n\nطرح الشاعر المعروف تركي المشيقح قصيدته الجديدة التي حملت عنوان خطوة أشواقي وذلك عبر حنجرة المطربة أسماء لمنور وبتوقيع الملحن عصام كمال، وقام المشيقح بتوزيع عمله الجديد على زملائه في الوسطين الاعلامي والفني بمغلف فاخر حمل عنوان الأغنية.. وتقول كلمات القصيدة: \n\n\nيجي بعضك وأنا كلي يذوب من الصبر والخوف\nوأجي كلي ولكنك دريت بخطوة أشواقي\nبكيت من القهر دمع سقا ذاك الطريق طيوف\nألم كنه حلف يبقى كسير بزحمة أوراقي\nقهر سطر رواياته قصيد وكبرياء حروف\nسراب عانق الرمضى وجال بداخل اعماقي\nيجيني كنه الرؤيا وأنا في مرقدي ملهوف\nقسى وأشعل قناديل الظلام وطوق أحداقي \nنسيته وأثره الذكرى هجرته واستباح الجوف\nهربت وردني سورة نزلت وكني الراقي\nهنا بين الضلوع اسمك إذا انك تستطيع تشوف\nهنا كل البشر بسمك دعوك وهمت بآفاقي\nحبيبي وردة أحلامي غبية غرها عاصوف\nحبيبي والبشر ناموا وأنا من دونهم شاقي\nأمانة كأنها رموشك على ذاك الرصيف سيوف\nحبيبي غمض عيونك ترى ركضي كسر ساقي",
    "date_extracted": "2015-07-21 10:59:37"
}