{
    "url": "http://www.arreyadi.com.sa/Home/Details/NjEyOA==",
    "title": "فيفا يحرم الهلال من 2800 دولا يومياً",
    "author": "عبدالكريم الحمد - الرياض",
    "content": "كواك بمفرده يمثل الملاعب السعودية في المونديال\nعبدالكريم الحمد - الرياض\n\nتأكد رسمياً استبعاد لاعب منتخب الإكوادور وفريق الهلال السعودي سيغوندو كاستيلو من المشاركة في مونديال البرازيل 2014 الذي ينطلق الخميس المقبل بعد أن تم استبعاده عن التشكيلة النهائية بحسب ما أكده الاتحاد الإكوادوري لكرة القدم أمس بعد أن تعرض اللاعب لإصابة في أربطة الركبة اليمنى في المباراة الدولية الودية أمام المكسيك قبل أيام، وعبر مدرب الإكوادور الكولومبي رينالدو عن رغبته الجادة خلال الأيام الماضية في الاستعانة بخدمات كاستيلو إلا أن الفحوصات أكدت عدم تمكنه من مشاركة زملائه في المونديال ضمن المجموعة الخامسة إلى جانب فرنسا وسويسرا وهندوراس مما يعني حرمان نادي الهلال السعودي من مبلغ 2800 دولار يومياً يدفعها له الاتحاد الدولي بحسب نظام فيفا القائم على منح أندية اللاعبين المشاركين في كأس العالم المبلغ نفسه يومياً عن كل لاعب تبدأ من قبل بداية البطولة بـ 14 يوماً وتستمر حتى اليوم الذي يلي خروج منتخب اللاعب من المونديال.\nوكانت الإدارة الهلالية المستفيدة من هذه الميزة بعد اختيار محترفا الفريق الكروي الأول الكوري الجنوبي (كواك تاي هي) والإكوادوري (سيجوندو كاستيلو) للانضمام لمنتخبي بلادهما في نهائيات مونديال كأس العالم التي تنطلق الأسبوع المقبل في البرازيل، حيث كان من المقرر أن يدفع الفيفا مبلغ 5600 دولار يومياً لنادي الهلال، إلا أن الوضع أصبح مقتصراً على المحترف الكوري كواك تاي هي المشارك في معسكر منتخب حالياً.. الذي بات بمفرده يمثل الملاعب السعودية في المونديال.",
    "date_extracted": "2015-07-21 10:57:01"
}