{
    "url": "http://www.arreyadi.com.sa/Home/Details/NjEzNg==",
    "title": "الراعي الرسمي للنصر",
    "author": "محمد شنوان العنزي",
    "content": "على مر تاريخ نادي النصر جمهور الشمس هو الراعي الرسمي له.. وهو الدرع الواقي له.. وهو وزير الدفاع الرسمي ضد من يحاول التطاول على هذا الكيان أو ينال منه..جمهور الشمس ما يميزهم عن غيرهم أنهم مع الكيان لا الأشخاص.\n- لم يسلم الرمز النصراوي الأول عبدالرحمن بن سعود ( يرحمه الله) من نقدهم.. ولم يسلم الأسطورة التاريخية والنجم الكبير ماجد عبدالله من نقدهم.. ولم يسلم الرمز الثاني للنصر ورمز المرحلة الجديدة بنادي النصر الأمير فيصل بن تركي من نقدهم.. لأنهم أوفياء للكيان ولأنهم يريدون أن يشاهدوا هذا الكيان دائماً بأفضل صورة وثوب.\n- صحيح تأتي انتقاداتهم أحياناً بطريقة خطأ.. وأحياناً تأتي على طريقة قسوة محب.. وأحياناً تأتي ردة فعل لنتيجة معينة أو حدث آني .. ولكن هذا لا يقلل من دورها إطلاقاً.. ولا يلغي أنها الداعم الأول للنصر ورجالاته.\n- النصر يعود للبطولات من البوابة الكبيرة.. والنصر يعود إلى أمجاده بأرقام قياسية وبموسم استثنائي ..وهنا يجب أن تتبلور صورة الجمهور النصراوي أكثر.. ويجب أن يكون له وقفة تاريخية جديدة مع الكيان.. وذلك من خلال الدعم المادي..ليعلن الجمهور النصراوي أنه الراعي الرسمي للنادي لا الشركات.\n- فمن خلال بطاقة انتماء المطروحة بفئاتها الثلاثة والعائد ريعها لنادي النصر.. يستطيع جمهور الشمس إدخال مبلغ كبير لخزينة النادي.. ويستطيع أن يقف بجوار الرجل الذي ضحى بالكثير من المال والوقت والجهد.. ليعود النصر بطلاً قوياً منافساً وهو الأمير فيصل بن تركي.\n- فمبلغ البطاقة للفرد بمتناول اليد..والبطاقة توفر للمشجع العديد من المزايا..فهل يبخل المشجع النصراوي الوفي على ناديه وعشقه بمبلغ زهيد؟.. لا أتوقع ذلك لذلك جاءت حملة \"ابشر ياكحيلان\".. والتي أتوقع نجاحها بشكل كبير شرط عدم الاتكالية من الجمهور.. والإقبال على هذه البطاقة بسرعة كبيرة.\n- نسيت أن أخبركم، أن جمهور النصر لايحتاج إلى اختبارات لكي نقيس مدى دعمه وتفاعله مع ناديه.. ولكن أزعم أن بطاقة انتماء ستكون كلمة ذات فصل.. فهل يخذل المشجع النصراوي ناديه أم ينجح كعادته بامتياز؟ .. وسلامتكم.",
    "date_extracted": "2015-07-21 10:56:38"
}