{
    "url": "http://www.arreyadi.com.sa/Home/Details/ODk0Ng==",
    "title": "إلزام نجران بـ ٣٥٠ ألف دولار",
    "author": "ابراهيم مكرمي - نجران",
    "content": "أصدر الاتحاد الدولي فيفا قرار إلزاميا على نادي نجران السعودي بدفع مستحقات تبلغ ٣٥٠ ألف دولار ونسبة ٥٪ غرامة تعويض إضافية خلال مدة 30 يوما، بدأت قبل نحو أسبوعين، لنادي الرمثا الاردني من صفقة انتقال لاعبه الأردني مصعب اللحام وتأخرت لقرابة العشرة أشهر قبل أن يلجأ النادي الأردني بشكوى رسمية الى الاتحاد الدولي فيفا.\nوأشار برنامج دورينا الذي يبث عبر إذاعة MBC FM مع الزميل ثامر الحميد والذي انفرد بتفاصيل الشكوى أنه خلال أسبوعين من أمس الثلاثاء، ما لم يدفع نادي نجران المبالغ فسيخضع لعقوبات من اللجنة التأديبية في الفيفا قد تصل لخصم نقاط من رصيده من مباريات دوري عبداللطيف جميل السعودي.",
    "date_extracted": "2015-07-21 10:57:32"
}