{
    "url": "http://www.arreyadi.com.sa/Home/Details/ODg1NA==",
    "title": "محمد الساير يهدي النصراويين متحدي",
    "author": "طلال عبدالله ـ جدة",
    "content": "انتهى الفنان العراقي وليد الشامي من تركيب صوته على الأغنية النصراوية الجديدة التي حملت عنوان (متحدي) من كلمات الشاعر خالد العوض وألحان الموسيقار ناصر الصالح، والعمل فكرة محمد الساير عضو الشرف الفعال، حيث تكفل بكافة مصاريف العمل ليهديها إلى جمهور النصر في ظل النتائج الإيجابية التي يقدمها الفريق خلال الفترة الراهنة ليعلن التحدي لكل فرق دوري عبداللطيف جميل.\nوقال ناصر الصالح: وصلني اتصال من الصديق محمد الساير وطلب مني تقديم عمل فني يليق بجمهور نادي الشمس ليهديه لهم في ظل الحضور الجماهيري المتميز في كل مباراة وليكون دافعاً للفريق، ووضعنا الخطوط العريضة للعمل وتم تكليف الشاعر المتميز خالد العوض بصياغة الكلمات ليغنيها النجم العراقي الخلوق وليد الشامي، وهي بادرة غير مستغربة على أعضاء الشرف في النصر. \nوتقول كلمات الأغنية التي تنشر للمرة الأولى: \nمتحدي وناوي السنة\nافوز واتصدر بعد \nالعالمي هيبهةوحضور\nما يوقف بوجهه احد\nنصراوي والله واعجبك\nقدامي كل يرتبك\nفايز عليك فايز عليك\nفي ملعبي او ملعبك \nيا حب رابي من الصغر\nنموت فيك ونعشقك\nواللي يقول انه قوي\nيورينا بس ويلحقك \nنصراوي والله واعجبك\nقدامي كل يرتبك\nفايز عليك فايز عليك\nفي ملعبي او ملعبك\nقل للعواذل يحلمون\nوالكاس نصراوي اكيد\nيا نجد فارسك البطل\nراجع لعرشه من جديد\nنصراوي والله واعجبك\nقدامي كل يرتبك\nفايز عليك فايز عليك\nفي ملعبي او ملعبك",
    "date_extracted": "2015-07-21 10:59:23"
}