{
    "url": "http://www.arreyadi.com.sa/Home/Details/ODkxNQ==",
    "title": "أعرف العين جيداً وسأهزمه",
    "author": "خالد القحطاني - الرياض",
    "content": "شدد المدرب الروماني ريجيكامب مدرب نادي الهلال على أهمية وصعوبة موقعة فريقه أمام العين، وقال ريجي في المؤتمر الخاص مساء امس: أتأمل الفوز وتحقيق نتيجة إيجابية تساعدنا على الوصول إلى النهائي الآسيوي..أنا أعرف العين جيدا وسأسعى لكسبة أمام جماهيري غداً لكن لدي إشكالية في التشكيل الاساسي بسبب مرض عبدالله الزوري ولكني أتمنى أن يبدي قدرته على اللعب غداً وفي حال عدم قدرته فالبديل جاهز للتعويض مكانه، وعن انخفاض مستوى المحترف البرازيلي بصفوف الهلال تياجو نيفيز قال المدرب الروماني: نيفيز لاعب مهم لي كمدرب ولا أرى أن مستوى البرازيلي تراجع وغدا متأكد أنه سيلعب مباراة كبيرة ولا أتمنى الحديث عن هذه المواضيع في المؤتمر لأنها أمور فنية وتعتمد على تكتيكي، واختتم المدرب الهلالي حديثه بقوله: يجب أن نركز بالوسط والهجوم في المباراة دون أن نحدث تغييرا بالتكتيك الذي سيجلب لنا نتيجة إيجابية في الوقت الذي يجب علينا فيه التركيز أيضاً على الكرات الثابتة، وبدوره أكد لاعب خط وسط نادي الهلال حمد الحمد أن موقعة العين تعني لفريقه مفترق طرق في الوقت الذي سيسعى فيه جميع اللاعبين بالحصول على نتيجة إيجابية، واختتم الحمد حديثه بقوله: أنا رهن إشارة المدرب ريجيكامب وجاهز للقيام بالأدوار التي يطلبها مني وأحاول تقديم كل ما أملك في التمارين.. لكن لا يهم أن أكون أساسيا أو احتياطيا المهم ان ننتصر.",
    "date_extracted": "2015-07-21 10:57:59"
}