{
    "url": "http://www.arreyadi.com.sa/Home/Details/ODU1OQ==",
    "title": "القروني يعد العيناويين بمفاجأة",
    "author": "ناصر الطميحي - جدة",
    "content": "تعتيم على تشكيلة الاتحاد.. وياكونان أساسيا\nناصر الطميحي - جدة\nأغلق مدرب الفريق الأول لكرة القدم بنادي الاتحاد الوطني خالد القروني مساء أمس الجمعة كل الممرات المؤدية لملعب الأمير فيصل بن فهد بنادي الاتحاد أمام الجماهير ووسائل الإعلام، تحضيراً للقاء العين يوم الثلاثاء المقبل بالجوهرة، حيث عمد القروني أمس على تثبيت التشكيلة الأساسية التي سيدخل بها هذه المباراة بعيدا عن أعين الجماهير ووسائل الإعلام، والذي يتوقع أن تأتي التشكيلة مغايرة عن التشكيلة السابقة التي شاركت في لقاء الذهاب الأسبوع الماضي أمام العين في مدينة العين بعد التعديلات الجديدة التي قام بها القروني على التشكيلة والتي ستكون مفاجأة لنظيره المدرب الكرواتي زلاتكو.\nوشهدت التدريبات الاتحادية مساء أمس مشاركة جميع للاعبي الفريق في مقدمتهم المحترف العاجي ديدية ياكونان في إشارة واضحة لرغبة المدرب في الاستعانة بخدماته في لقاء العين القادم، وتحفظ الاتحاديون مساء أمس كثيرا على التشكيلة الأساسية المعتمدة للمباراة القادمة والتي قد أجرت مناورة كروية خاصة على ملعب الأمير فيصل بن فهد بمقر نادي الاتحاد نفذ من خلالها المدرب خالد القروني التكتيك الخاص المعتمد للمباراة المنتظرة حيث شهدت المناورة توقفات عديدة من قبل المدرب خالد القروني لتصحيح الأخطاء في التنفيذ من قبل اللاعبين، وتقرر أن تستمر سياسة إغلاق التدريبات من قبل الجهاز الفني إلى موعد المباراة يوم الثلاثاء المقبل.",
    "date_extracted": "2015-07-21 11:00:38"
}