{
    "url": "http://www.arreyadi.com.sa/Home/Details/NTQwNQ==",
    "title": "العرباويون في سجن عنيزة",
    "author": "خالد الفرج ـ عنيزة",
    "content": "خالد الفرج ـ عنيزة\nشارك الجيل الذهبي بنادي العربي في أسبوع الأنشطة الثقافية والرياضية التي جرت في ساحة سجن عنيزة في ألعاب تنس الطاولة وشد الحبل وكرة القدم، والذي شهد منافسة شديدة وقوية بين المتسابقين، حيث جاءت مشاركة اللاعبين القدماء من الجيل الذهبي النزلاء فرحتهم أمثال محمد السبيعي وخالد المنصور وإبراهيم الفراج وعبدالرحمن السلمان ويوسف الفرج ومحمد السواجي، والذين شاركوا إخوانهم النزﻻء في لعبة شد الحبل وكرة القدم وقدموا لمحات فنية رائعة.\nوكرم محافظ عنيزة الفائزين والمتفوقين والعنابر الفائزة بكأس كرة القدم وتنس الطاولة، وتم تكريم ﻻعبي العربي على مشاركتهم الفعالة في ختام الأنشطة، وتكريم جريدة الرياضي، وقدم الرائد فيصل السحيباني شكره لكل المشاركين.",
    "date_extracted": "2015-07-21 11:00:42"
}