{
    "url": "http://www.arreyadi.com.sa/Home/Details/NTM3MQ==",
    "title": "يخرب بيتك يا نيجيري",
    "author": "سالم الشهري",
    "content": "- كان الخبر الأكثر تداولاً في المواقع الإخبارية ووسائل التواصل الاجتماعي يوم أمس خبراً مسيئاً جداً للرياضة والرياضيين حول العالم عن قيام الأمم المتحدة بتوزيع مليوني واق ذكري لجماهير المونديال..!! وقد جاء في الخبر ما نصه:\n(أعلن برنامج الأمم المتحدة المشترك المعني بفيروس نقص المناعة (الإيدز) خلال اجتماع عقد أمس في أبوجا، أنه سيوزع 2 مليون عبوة واق ذكري على المشجعين الذين سيتواجدون بالبرازيل لمتابعة كأس العالم التي تنطلق 12 يونيو المقبل، لوقاية الجماهير من فيروس الإيدز).\n- أما رد الفعل الصادم والغريب والعجيب (والمضحك المبكي) فهو رفض (رافيو لابيدو) رئيس رابطة مشجعي نيجيريا اقتراح البرنامج بتوزيع 2 مليون واق ذكري (ليس من باب الفضيلة كما يفترض) ولكنه لأنه يطالب بتوزيع 62 مليوناً لحماية كل المشجعين الذين سيتواجدون في البرازيل، لوجود توقعات بازدهار السياحة الجنسية بها على هامش المونديال..!!\n- وقال رئيس الرابطة الجماهيرية النيجيرية: (إن 2 مليون واق سيكفون الجماهير لمدة يوم واحد فقط)..!!\n- يخرب بيتك يا (رافيو لابيدو) يا رئيس مشجعي نيجيريا..!! ده كلام يا راجل..!!\n- حتى الأمم المتحدة بدلاً من أن تحث على مكارم الأخلاق وتدعو الجماهير للحذر من هذا الداء الخطير نراها تروج للرذيلة ولكن بطريقة أخرى..!!\n- إنها كأس العالم لكرة القدم وليست لأي شيء آخر فلماذا تفسدونها بمثل هذه الأمور وتلك الأخبار التي تروج للفاحشة وتدعو للرذيلة..؟!\n- هو مونديال رياضي في المقام الأول.. للمتعة البريئة وليس للمتعة المشوهة المحرمة التي لا يقبلها دين ولا ترضاها أخلاق.\n- (يا زينا ويا حليلنا) وما أنبلنا وأفضلنا ونحن نتعامل مع كأس العالم بكل جمال وأخلاق.. هناك منا من جدد اشتراكه في القنوات الناقلة للمونديال.. وهناك من اتفق مع مجموعة من أصدقائه لاستئجار استراحة أو شقة لهذا لغرض المتابعة.. وهناك من سيخصص عطلته هذا الصيف من أجل المونديال فقط لا غير.. كلهم يريدون أن يتابعوا كرة قدم راقية ومتعة حقيقية و(بريئة) بعيداً عن أي شيء آخر.\n- أسأل الله ألا يغير علينا نعمه التي لا تعد ولا تحصى.. وأولها وأكبرها وأعظمها نعمة الإسلام.",
    "date_extracted": "2015-07-21 10:56:43"
}