{
    "url": "http://www.arreyadi.com.sa/Home/Details/Nzc0Nw==",
    "title": "احتراف.. حواري",
    "author": "خالد الفرج",
    "content": "خالد الفرج ـ عنيزة\nسجل فريق شمسان أحد أعرق فرق اأحياء والحواري بجدة نفسه كأول فريق بالخليج يتعاقد مع المحترف مازن الجهني (24 عاما) لمدة سنتين بحيث ﻻ يستطيع اللاعب اللعب أو اﻻنتقال لأي فريق إلا عن طريق الفريق الذي سيتولى تسويقه للأندية الرياضية.\nويجيد محترف الحواري اللعب في مركزي الوسط والهجوم ويعد من أبرز اللاعبين في دوريات الأحياء التي تقام في جدة، ويحاول فريق شمسان تسويقه على عدد من الأندية المحلية والخليجية من الإمارات وقطر للاستفادة من إمكانات اللاعب.",
    "date_extracted": "2015-07-21 11:00:17"
}