{
    "url": "http://www.okaz.com.sa/new/Issues/20150720/Con20150720784714.htm",
    "title": "تغريدة لـ «جنون الاستشهاد» يقسم فيها على قتل والدته",
    "author": "&nbsp;عكاظ (جدة)",
    "content": " كشفت تغريدات حساب المعرف بـ «جنون الاستشهاد» على تويتر التي تعود إلى المطلوب الأمني المنتمي إلى تنظيم «داعش» الإرهابي يوسف الغامدي الذي قتل في ١٧ رمضان الماضي بعد مداهمته من قبل قوات الأمن في الطائف عن تهديده لوالدته بالقتل إذا أبلغت عن المطلوب السابق نواف العنزي.\n وكانت وزارة الداخلية قد كشفت عن عدد من المعرفين تحت أسماء مستعارة للترويج للفكر الداعشي، ومن بينهم «جنون الاستشهاد» الذي يعود إلى المطلوب السابق يوسف الغامدي.\n وعثر على التغريدة بعد تصفح عدد من التغريدات التي تضمنتها الحسابات التي أعلنت عنها وزارة الداخلية ومنها معرف «جنون الاستشهاد» الذي بث تغريدة للغامدي تقول: «نواف شريف العنزي ألا ليته إن تاه يكون بالطايف، وأقسم بالله وعهد علي إن أحد بلغ عليه ولو كانت أمي لقضيت عليها». ",
    "date_extracted": "2015-07-21 02:27:14"
}