{
    "url": "http://www.okaz.com.sa/new/Issues/20150720/Con20150720784687.htm",
    "title": "خادم الحرمين يبحث مع جعجع أوضاع لبنان",
    "author": "&nbsp;واس (جدة)",
    "content": " استقبل خادم الحرمين الشريفين الملك سلمان بن عبدالعزيز في قصر السلام بجدة مساء أمس رئيس حزب القوات اللبنانية سمير جعجع. وجرى خلال الاستقبال بحث مستجدات الأوضاع على الساحة اللبنانية.\n وأعرب رئيس حزب القوات اللبنانية عن شكره وتقديره للمملكة بقيادة خادم الحرمين الشريفين على ما يجده لبنان وشعبه من دعم وحرص على أمنه واستقراره في مختلف الظروف.\n حضر الاستقبال صاحب السمو الملكي الأمير محمد بن سلمان بن عبدالعزيز ولي ولي العهد النائب الثاني لرئيس مجلس الوزراء وزير الدفاع، ووزير الدولة عضو مجلس الوزراء الدكتور مساعد بن محمد العيبان، ووزير الثقافة والإعلام الدكتور عادل بن زيد الطريفي، ووزير الدولة للشؤون الخارجية الدكتور نزار بن عبيد مدني، ورئيس الاستخبارات العامة الأستاذ خالد بن علي الحميدان.\n من جهة ثانية، بعث خادم الحرمين الشريفين الملك سلمان بن عبدالعزيز آل سعود برقية تهنئة لفخامة الرئيس خوان مانويل سانتوس رئيس جمهورية كولومبيا بمناسبة ذكرى استقلال بلاده.\n وأعرب الملك المفدى باسمه واسم شعب وحكومة المملكة العربية السعودية عن أصدق التهاني وأطيب التمنيات بالصحة والسعادة لفخامته، ولحكومة وشعب جمهورية كولومبيا الصديق اطراد التقدم والازدهار.\n كما بعث صاحب السمو الملكي الأمير محمد بن نايف بن عبدالعزيز آل سعود ولي العهد نائب رئيس مجلس الوزراء وزير الداخلية برقية تهنئة لفخامة الرئيس خوان مانويل سانتوس رئيس جمهورية كولومبيا بمناسبة ذكرى استقلال بلاده. وعبر سمو ولي العهد عن أبلغ التهاني وأطيب التمنيات بموفور الصحة والسعادة لفخامته، ولحكومة وشعب جمهورية كولومبيا الصديق المزيد من التقدم والازدهار. ",
    "date_extracted": "2015-07-21 02:27:12"
}