{
    "url": "http://www.okaz.com.sa/new/Issues/20150720/Con20150720784539.htm",
    "title": "أمير الباحة يشارك الأهالي فرحة العيد",
    "author": "&nbsp;واس (الباحة)",
    "content": " رعى صاحب السمو الملكي الأمير مشاري بن سعود بن عبدالعزيز أمير منطقة الباحة، أمس الأول، حفل أهالي المنطقة، بمناسبة عيد الفطر، وفعاليات مهرجان صيف الباحة لعام 1436هـ.\nولدى وصول سموه مقر الحفل في المسرح المفتوح في غابة رغدان، عزف السلام الملكي، وفي الحفل الخطابي رحب وكيل إمارة المنطقة رئيس اللجنة الإشرافية العليا لمهرجان الصيف الدكتور حامد بن مالح الشمري بسمو أمير المنطقة والحضور، مهنئا الجميع بحلول عيد الفطر، مشيرا إلى أن أهالي الباحة يتشرفون برفع التهاني للقيادة الرشيدة ــ أيدها الله ـ بمناسبة العيد السعيد.\nوقال الشمري: إن العيد الذي يعد مظهرا من مظاهر الفرح والتلاحم يطل علينا في هذا العام والوطن يلبس عباءة الفرح والشموخ في عهد ملك الحزم خادم الحرمين الشريفين الملك سلمان بن عبدالعزيز آل سعود - حفظه الله - الذي يقود برامج واستراتيجيات الأمن والتنمية والاقتصاد بكل عزم، إلى جانب حرصه - رعاه الله - على أمن وكرامة ورفاهية المواطن والدفاع عن عقيدته ومكتسباته من دسائس الحقد والعابثين بمرتكزات الوطن ومقدراته. مؤكدا أن هاجس الاعتزاز والانتماء للقيادة والوطن سكن إحساس كل مواطن ومواطنة الذين يتمنون لوطنهم المزيد من الرخاء والاستقرار.\nبعد ذلك ألقيت قصيدة شعرية بهذه المناسبة، أعقبتها كلمة الأهالي وذوي شهداء الواجب ألقاها نيابة عنهم عطية بن سعيد الزهراني، أعربوا فيها عن اعتزازهم باستشهاد أبنائهم دفاعا عن الدين والوطن والمليك، ليبقى الوطن شامخا بقيادته وبعزه وباستقراره وبأمنه، مشيرين إلى أن مواساة ووقوف ولاة الأمر - حفظهم الله - مع أسر الشهداء كان لها بالغ الأثر في تخفيف مصابهم.\nوأكد الزهراني أن الجميع في هذه البلاد وبقيادة خادم الحرمين الشريفين الملك سلمان بن عبدالعزيز، وسمو ولي عهده الأمين، وسمو ولي ولي العهد - حفظهم الله - سيكونون دائما يدا واحدة قادرين على الوقوف كصف واحد لردع من تسول له نفسه المساس بأمن واستقرار هذا الوطن المعطاء.\nبعدها ألقيت مشاركة شعرية من الجالية اليمنية، نوهوا فيها بجهود خادم الحرمين الشريفين - حفظه الله - في إعادة الأمل لليمن من أجل تحقيق استقراره وأمنه ووحدته الشرعية، ثم كرم سمو أمير المنطقة الداعمين والرعاة للحفل ومهرجان الصيف، كما كرم أبناء شهداء الواجب، وتسلم سموه هدية تذكارية من وكيل إمارة المنطقة الباحة بهذه المناسبة.\nوعقب ذلك شاهد سموه لوحة شعبية بعنوان «سلمان الحزم» تضمنت خمس لوحات عن عيد الفطر والمقومات السياحية التي تتميز بها الباحة، واللحمة الوطنية وعاصفة الحزم وبطولات جنودنا البواسل على الحد الجنوبي، فيما شارك سموه في العرضة السعودية التي قدمتها فرقة الفنون الشعبية.\nوعقب الحفل رفع سموه أسمى آيات التبريكات والتهاني لقائد هذه البلاد وباني نهضتها خادم الحرمين الشريفين الملك سلمان بن عبدالعزيز آل سعود، وإلى صاحب السمو الملكي محمد بن نايف بن عبدالعزيز ولي العهد نائب رئيس مجلس الوزراء وزير الداخلية، وإلى صاحب السمو الملكي الأمير محمد بن سلمان بن عبدالعزيز ولي ولي العهد النائب الثاني لمجلس الوزراء وزير الدفاع - حفظهم الله - وإلى جميع أبناء ومواطني هذا البلد، بمناسبة حلول العيد، سائلا الله أن يعيد هذه المناسبة أعواما مديدة وبلادنا ترفل بالأمن والرخاء والاستقرار تحت راية التوحيد لا إله إلا الله محمد رسول الله. ",
    "date_extracted": "2015-07-21 02:27:24"
}