{
    "url": "http://www.okaz.com.sa/new/Issues/20150720/Con20150720784533.htm",
    "title": "ولي ولي العهد يعايد المرابطين وينقل لهم تحيات القيادة",
    "author": "&nbsp;واس (نجران)",
    "content": " تفقد صاحب السمو الملكي الأمير محمد بن سلمان بن عبدالعزيز ولي ولي العهد النائب الثاني لرئيس مجلس الوزراء وزير الدفاع البارحة الأولى، الوحدات المتقدمة للقوات المسلحة بالمنطقة الجنوبية، وقدم التهنئة لمنسوبي القوات المسلحة بمناسبة عيد الفطر المبارك.\nونقل سمو ولي ولي العهد تحيات خادم الحرمين الشريفين الملك سلمان بن عبدالعزيز القائد الأعلى لكافة القوات العسكرية وسمو ولي عهده الأمين وتهنئتهما لأبنائهم منسوبي القوات المسلحة بعيد الفطر المبارك.\nوقد وصل سمو الأمير محمد بن سلمان موقع الثويلة على الحد الجنوبي بقطاع نجران لتفقد مركز العمليات المتقدم، حيث ترأس إيجازا عن الموقف الحالي في منطقة المسؤولية تم فيه مناقشة خطط العمليات العسكرية المنفذة، متفقدا وحدة التدخل السريع على الحد الجنوبي التي تضم طواقم بشرية وآليات عسكرية بأحدث التقنيات التي تمكنها من أداء مهامها وتمنحها التفوق نحو الاستجابة السريعة مع تطورات الموقف.\nوالتقطت صور تذكارية لسمو ولي ولي العهد ومنسوبي وحدات التدخل السريع، وهنأ سموه الجميع ضباطا وأفرادا بعيد الفطر المبارك.\nكما زار سمو ولي ولي العهد عقب ذلك وحدات المدفعية وراجمات الصواريخ، إذ جرت مناقشة العمليات العسكرية الأخيرة التي نفذتها الوحدات وفق خطط مركز العمليات.\nبعد ذلك توجه سمو ولي ولي العهد إلى قاعدة الملك خالد الجوية بخميس مشيط، لزيارة سرب الطيران الخامس والخمسين، حيث جرى استعراض العمليات الجوية خلال اليوم السابق وبرامج اليوم التالي لطائرات تحالف دعم الشرعية في اليمن، والتقى سموه طياري التحالف، مثنيا على احترافيتهم في تنفيذ المهام القتالية، مؤكدا اعتزازه بكفاءة جميع الطيارين المشاركين وقدراتهم العالية.\nعقب ذلك غادر سمو ولي ولي العهد مطار قاعدة الملك خالد الجوية بخميس مشيط. وكان في وداعه لدى مغادرته المطار رئيس هيئة الأركان العامة الفريق أول ركن عبدالرحمن البنيان وقائد المنطقة الجنوبية اللواء مطلق الأزيمع وكبار الضباط في المنطقة.\nرافق سمو ولي ولي العهد خلال الزيارة مساعد وزير الدفاع محمد العايش. ",
    "date_extracted": "2015-07-21 02:27:22"
}