{
    "url": "http://www.alweeam.com.sa/350796/كوريا_الجنوبية-تقيل-وزير-الصحة-بسبب-كو/",
    "title": "كوريا الجنوبية تقيل وزير الصحة بسبب كورونا",
    "author": "الوئام - رويترز:",
    "content": " أقالت رئيسة كوريا الجنوبية باك جون هاي اليوم الثلاثاء وزير الصحة والرعاية الاجتماعية مون هيونج بيو بعد الانتقادات التي وجهت له بسبب تعامله مع تفشي متلازمة الشرق الأوسط التنفسية (فيروس كورونا) الذي أودى بحياة 36 شخصا وانتشر من خلال مستشفيات. وتعرض مون وهو خبير اقتصاد ورعاية اجتماعية لانتقادات لرفضه الكشف عن أسماء المستشفيات التي تعاملت مع مرضى كورونا في المراحل الأولى من التفشي مما أحدث ارتباكا وبلبلة.\nووجه التفشي ضربة موجعة لاقتصاد متراجع بالفعل ودفع معدل النمو في النصف الثاني من العام إلى أدنى مستوياته منذ أكثر من ست سنوات بعد أن تسبب في اغلاق المدارس وجعل المستهلكين يمكثون في بيوتهم وأبعدهم عن المتاجر كما دفع السياح الأجانب الخائفين إلى الابتعاد عن البلاد.\nومع انتشار فيروس كورونا تدنت شعبية رئيسة البلاد إلى أدنى مستوياتها. وعينت باك جراح العظام وخبير الصحة العامة تشونج تشين يوب وزيرا للصحة. ولم يقدم المتحدث باسمها مين كيونج ووك الذي أعلن عن اسم وزير الصحة الجديد سببا لاقالة مون.\nوفي الأسبوع الماضي أعلنت كوريا الجنوبية رسميا انتهاء الخطر الفعلي لمتلازمة الشرق الأوسط التنفسية بعد أكثر من شهرين من ظهور أول حالة إصابة.\nوأرجع التفشي إلى رجل عاد من رحلة عمل إلى الشرق الأوسط في مايو أيار حيث ظهر الفيروس لأول مرة.\nوأصبح التفشي الذي واجهته كوريا الجنوبية أكبر تفش للفيروس خارج السعودية وأصاب 186 شخصا وفي أوقات الذروة وضعت السلطات نحو 17 ألف شخص في الحجر الصحي.\nولا يزال 12 شخصا في المستشفيات يخضعون للعلاج وان كان واحد فقط هو الذي تظهر الاختبارات الآن أنه حامل للفيروس. رابط الخبر بصحيفة الوئام: كوريا الجنوبية تقيل وزير الصحة بسبب كورونا ",
    "date_extracted": "2015-08-04 18:14:11"
}