{
    "url": "http://www.alweeam.com.sa/350769/سيارات-bmw-تطلق-خدمة-ترصد-حالات-إشارات-ال/",
    "title": "سيارات BMW تطلق خدمة ترصد حالات إشارات المرور قبل السائقين",
    "author": "الرياض - الوئام :",
    "content": " عقدت شركة صناعة السيارات الألمانية “بي إم دبليو” BMW شراكة مع تطبيق “إن لايتين” EnLighten لمنح سائقي سياراتها القدرة على اللحاق بإشارات المرور قبل تحولها للون الأحمر.\nوقامت BMW بدمج تطبيق EnLighten لنظام التشغيل “آي أو إس” iOS مع نظام المعلومات والترفيه الخاص بها “آي درايف” iDrive، ويُظهر التطبيق للسائقين حالة أقرب إشارة مرورية جنبا إلى جنب مع تنبؤ آني بالزمن المقدر لتغير الإشارة.\nوتعمل التقنية الجديدة بحسب البوابة العربية للأخبار التقنية عن طريق ربط السيارة بنظام إدارة حركة المرور الخاص بالمدينة وجمع تلك البيانات مع موقع السيارة بواسطة نظام تحديد المواقع العالمي GPS.\nوإلى جانب التنبؤ بزمن تغير لون إشارات المرور، يقوم التطبيق أيضا بتحليل سرعة وموضع السيارة لمساعدة السائقين على معرفة إذا كان لديهم متسع من الوقت للتوقف أو عبور التقاطع بأمان، أو متى يجب عليهم الدوس على الفرامل.\nيُذكر أن هذه الخدمة متاحة في الوقت الراهن فقط لسائقي سيارات BMW في عدد من الولايات المتحدة، هي: بورتلاند، ويوجين، وأوريغون، وسولت لايك سيتي.\nيُشار إلى أن هناك تطبيقا مستقلا من خدمة EnLighten على نظامي أندرويد وآي أو إس يتيح للسائقين من غير مستخدمي سيارات BMW الاستفادة منه، ولكن عمله يقتصر حاليا على عدد من الولايات الأميركية، ونيوزيلندا.\nرابط الخبر بصحيفة الوئام: سيارات BMW تطلق خدمة ترصد حالات إشارات المرور قبل السائقين ",
    "date_extracted": "2015-08-04 18:13:34"
}