{
    "url": "http://www.alweeam.com.sa/351028/250-ممثلاً-يجسدون-عرض-نقش-من-هوازن-بس/",
    "title": "«250» ممثلاً يجسدون عرض «نقش من هوازن» بسوق عكاظ",
    "author": "الطائف-الوئام:",
    "content": " بدأ فريق عمل عرض مسرح الشارع ” نقش من هوازن ” الذي تفتتح به فعاليات جادة سوق عكاظ في نسخته التاسعة لهذا العام،إجراء بروفات الطاولة بينما تبدأ غدًا الخميس البروفات الميدانية بجادة عكاظ .\n ويأتي العرض المسرحي بقيادة المخرج ممدوح سالم ، وبمعاونة المخرج المنفذ خلدون كريم ، ومساعد المخرج أحمد الصمان ، وبمشاركة فريق عمل مكون من 250 من الممثلين والفنيين ، بينهم نحو 200 ممثل ، و50 من الفنيين ومهندسي الصوت والإضاءة ، بمشاركة فرسان وهجانه، وأكثر من 200 قطعة من السيوف والرماح والدروع .\n وينطلق عرض ” نقش من هوازن ” في باكورة فعاليات جادة سوق عكاظ ضمن أعمال الدورة التاسعة للسوق في 27 شوال 1436هـ الموافق 12 أغسطس 2015م برعاية صاحب السمو الملكي الأمير خالد الفيصل مستشار خادم الحرمين الشريفين أمير منطقة مكة المكرمة رئيس اللجنة الإشرافية العليا، بإشراف الهيئة العامة للسياحة والتراث الوطني برئاسة صاحب السمو الملكي الأمير سلطان بن سلمان بن عبدالعزيز رئيس الهيئة .\n ويجسد عرض ” نقش من هوازن ” لمؤلفه حسين عادل شاهين ، حياة أحد أشهر الشعراء العرب في الجاهلية وصدر الإسلام ومبدع واحدة من أشهر المعلقات وهو لبيد بن ربيعة العامري، الذي وقع اختيار أمانة مهرجان سوق عكاظ عليه ليكون شخصية العام لتكون ” ثيمة ” المهرجان في دورته الحالية .\n وأوضح مؤلف العرض حسين شاهين، أنه ركز في تناوله لشخصية الشاعر لبيد بن ربيعة مراحل نشأته وما شهدته من أحداث وصولاً لمرحلة إسلامه ، مفيدًا أن العرض يظهر مدى الشجاعة والجرأة والحصافة للشاعر وفصاحة وبيان لسانه وما تمتع به لبيد كشاعر وفارس قبل وبعد الإسلام .\n وأوضح شاهين أنه استغرق في كتابة العمل وإنجازه وحبكته الدرامية نحو 20 يومًا ، إلى أن وصلنا إلى التعديلات النهائية والاستقرار على العمل الذي سيقدم خلال فترة المهرجان ، لافتًا إلى أن اختيار مسمى ” نقش من هوازن ” بعيدًا عن مسمى الشخصية ، لإعطاء دلالة رمزية على المكانة التي حفرها ” لبيد ” لنفسه في التاريخ كشخصية ناجحة في مختلف الميادين ، وهو الأمر نفسه الذي حدث في العرض المسرحي الذي قدمته الجادة في العام الماضي باختيار اسم ” فارس قومه ” عن قصة الشاعر والفارس عمرو بن كلثوم .\nرابط الخبر بصحيفة الوئام: «250» ممثلاً يجسدون عرض «نقش من هوازن» بسوق عكاظ ",
    "date_extracted": "2015-08-06 01:11:22"
}