{
    "url": "http://www.alweeam.com.sa/350747/أمير-مكة-يعتمد-معرض_الكتاب_في_جدة-في-١٢/",
    "title": "أمير مكة يعتمد إقامة معرض الكتاب بجدة في ديسبمر لخمس سنوات قادمة",
    "author": "مكة - الوئام :",
    "content": " أعتمد الأمير خالد الفيصل مستشار خادم الحرمين الشريفين أمير منطقة مكة المكرمة  إقامة معرض جدة الدولي للكتاب ، لمدة خمس سنوات كمرحلة أولى خلال الفترة من 12 ديسمبر 2015م من كل سنة ولمدة 10 أيام وبإشراف وزارة الثقافة والإعلام .\nوناقش الأمير مشعل بن ماجد بن عبد العزيز محافظ جدة رئيس اللجنة العليا لمعرض جدة الدولي للكتاب خلال اجتماعه الأول باللجنة اليوم الموضوعات المطروحة على جدول الأعمال ومن أهمها تشكيل لجان المعرض، حيث اعتمد سموه تشكيل اللجنة التنفيذية والتنظيمية والأمنية لبدء أعمالها لوضع الخطط والاستراتيجيات اللازمة لذلك من الآن وحتى تدشين المعرض.\nجدير بالذكر أن  المقام السامي الكريم وافق على أن تنظّم فعاليات معرض الكتاب القادم في محافظة جدة، وفق ما أعلن عنه صاحب السمو الملكي الأمير خالد الفيصل مستشار خادم الحرمين الشريفين وأمير منطقة مكة المكرمة.\n يأتي ذلك بعد مناشدة عدد كبير من كتاب ومثقفين في المملكة بأهمية تدوير معرض الكتاب بين محافظات المملكة الكبيرة، ولا يكون حصرًا على العاصمة الرياض؛ لتعم الفائدة المرجوة، وتتسع أهدافه الرامية لوصول أكبر شريحة من القراء للكتاب.\nرابط الخبر بصحيفة الوئام: أمير مكة يعتمد إقامة معرض الكتاب بجدة في ديسبمر لخمس سنوات قادمة ",
    "date_extracted": "2015-08-04 18:14:09"
}