{
    "url": "http://www.alweeam.com.sa/351065/صحة-حائل-تنفي-تعرض-طفلة-لحـروق-بأحد-م/",
    "title": "«صحة حائل» تنفي تعرض طفلة لحـروق بأحد مستشفياتها",
    "author": "حائل - الوئام:",
    "content": " نفت الشئون الصحية بحائل اليوم ما تردد عن تعرض طفلة لحروق بعد الولادة، مؤكدة أن كل الذي كانت تعاني منه الطفلة هو التهاب جلدي احتكاكي حسب تشخيص الأطباء الذين باشروا الحالة في حينها وحسب بيانات الملف الطبي للمولودة وكذلك الأطباء المكلفين في اللجنة المشكلة لذلك.\nوقالت في بيان لها اليوم إنه: إشارة إلى ما تناقلته بعض الصحف الورقية والإلكترونية خلال الأيام القليلة الماضية بشأن تعرض مولودة لحروق في مستشفى الولادة والأطفال بحائل.\nعليه تود المديرية العامة للشئون الصحية بمنطقة حائل أن توضح أنه تقدم يوم أمس الأول الاثنين الموافق 18/10/1436هـ أحد المواطنين بشكوى تعرض طفلته لحروق بعد الولادة وبناءً عليه تم تشكيل لجنة للتحقق بشكل عاجل عن طريق إدارة حقوق وعلاقات المرضى لبحث الشكوى بشكل مباشر مع المستشفى، وقد خلصت اللجنة إلى أن ما تعاني منه الطفلة هو التهاب جلدي احتكاكي حسب تشخيص الأطباء الذين باشروا الحالة في حينها وحسب بيانات الملف الطبي للمولودة وكذلك الأطباء المكلفين في اللجنة المشكلة لذلك.\nولكون والد المولودة لم يقتنع بالرأي الطبي فيما يخص حالة طفلته فقد أصرّ على مواصلة دعواه وبناءً عليه فقد تم إحالة الشكوى إلى إدارة المتابعة للتحقيق واستكمال الإجراءات النظامية تحقيقاً لرغبته وفق ما كفله له النظام.\nوعليه فإن صحة حائل توضح للجميع أن الخبر المتداول والذي مفاده تعرض مولوده لحروق غير صحيح حسب تقرير اللجنة، وفي ذات الوقت تؤكد حرصها التام في التعامل مع المرضى وحفظ حقوقهم، وكذلك اتخاذ كافة الإجراءات اللازمة لحفظ حقوقها القانونية والنظامية.\nرابط الخبر بصحيفة الوئام: «صحة حائل» تنفي تعرض طفلة لحـروق بأحد مستشفياتها ",
    "date_extracted": "2015-08-06 01:10:30"
}