{
    "url": "http://www.alweeam.com.sa/350779/اليمن-المقاومة_الشعبية-تقبض-على-ضابط/",
    "title": "اليمن : المقاومة الشعبية تقبض على ضابط إيراني في قاعدة العند",
    "author": "صنعاء-الوئام:",
    "content": " ألقى رجال المقاومة الشعبية القبض على ضابط إيراني، في قاعدة العند، التي سيطرت عليها أمس، بعد قتال عنيف مع المتمردين الحوثيين.\n وأكدت مصادر يمنية مطلعة، أن خبراء إيرانيين كانوا يتواجدون في قاعدة العند؛ لمساندة مليشيا الحوثي، وقوات صالح فروا أثناء الهجوم، في الوقت الذي أفاد فيه قائد عسكري ميداني، أن قرابة ثلاثة آلاف مقاتل، موالين للحكومة، شاركوا في استعادة قاعدة العند، وأنه تم العثور – كذلك – على أكثر من 43 جثة متناثرة، داخل قاعدة العند، تعود لحوثيين، أغلبهم لا يتجاوزون ستة عشر عامًا، جندهم الحوثيون، للقتال في صفوفهم بحسب المصادر.\nرابط الخبر بصحيفة الوئام: اليمن : المقاومة الشعبية تقبض على ضابط إيراني في قاعدة العند ",
    "date_extracted": "2015-08-04 18:14:13"
}