{
    "url": "http://www.alweeam.com.sa/350943/بيان-مشترك-بمناسبة-زيارة-سمو-ولي-ولي-ال/",
    "title": "بيان مشترك بمناسبة زيارة سمو ولي ولي العهد للأردن",
    "author": "واس- الوئام :",
    "content": " صدر بيان مشترك بمناسبة زيارة صاحب السمو الملكي الأمير محمد بن سلمان بن عبد العزيز ولي ولي العهد النائب الثاني لرئيس مجلس الوزراء وزير الدفاع للمملكة الأردنية الهاشمية جاء نصه:\nقام صاحب السمو الملكي الأمير محمد بن سلمان بن عبد العزيز آل سعود ولي ولي العهد النائب الثاني لرئيس مجلس الوزراء وزير الدفاع اليوم الثلاثاء بزيارة إلى المملكة الأردنية الهاشمية، تلبية لدعوة كريمة من جلالة الملك عبد الله الثاني.\nوعقد جلالة الملك عبد الله الثاني اجتماعاً مع سمو الأمير محمد بن سلمان بن عبد العزيز آل سعود، نقل فيه سموه تحيات خادم الحرمين الشريفين الملك سلمان بن عبد العزيز آل سعود وصاحب السمو الملكي الأمير محمد بن نايف بن عبد العزيز آل سعود ولي العهد نائب رئيس مجلس الوزراء وزير الداخلية إلى أخيهما جلالة الملك عبدالله الثاني، كما تم عقد مباحثات ثنائية وموسعة، ركزت على علاقات التعاون بين البلدين الشقيقين، والتطورات الراهنة في المنطقة، والتي كانت وجهات نظر خادم الحرمين الشريفين وأخيه جلالة الملك عبدالله الثاني متطابقة حيالها.\nوبناءً على توجيهات خادم الحرمين الشريفين الملك سلمان بن عبدالعزيز وأخيه جلالة الملك عبدالله الثاني فقد تم الاتفاق خلال المباحثات على أهمية تعزيز التعاون الاستراتيجي السياسي والاقتصادي والعسكري والأمني بين المملكة الأردنية الهاشمية والمملكة العربية السعودية.\nوأكد البلدان على أهمية العمل المشترك في مكافحة الإرهاب والتنظيمات الإرهابية، حماية لمبادئ الدين الإسلامي الحنيف، ودفاعاً عن أمن المنطقة وشعوبها، كما أكدا على أن سلامة وأمن المملكة الأردنية الهاشمية والمملكة العربية السعودية هو كل لا يتجزأ.\nوبحث الجانبان تطورات الأوضاع المؤلمة في سوريا وسبل إيجاد حل يضمن الأمن والأمان للشعب السوري وحقوقه كما بحثا تطورات الأوضاع في اليمن ، وما يقوم به التحالف بقيادة المملكة العربية السعودية من جهود كبيرة استجابة لمناشدة الحكومة الشرعية للدفاع عن الشعب اليمني الشقيق ، وحماية أمنه واستقراره ، والدعم الإنساني الذي يقدم لمساعدة الشعب اليمني في تجاوز أزمته.\nوأكد الجانبان على تكثيف الدعم الدولي للأردن في جهوده المتعلقة باستقبال اللاجئين السوريين، وتحمل أعبائهم وما يبذله الأردن من جهود إنسانية في هذا المجال.\nوشدد الجانبان على أهمية وحدة العراق وأمنه وضرورة إشراك كافة مكونات شعبه في العملية السياسية ليكونوا يداً واحدة في الدفاع عن ترابه وبناء مؤسساته والحفاظ على استقلاله ، كما أكد الجانبان رفضهما القاطع لمحاولات تدخل إيران في الشؤون الداخلية للدول العربية والهادفة إلى زعزعة الأمن والاستقرار فيها والمنافية لكافة المواثيق والأعراف الدولية ، مؤكدين على أن مبادئ حسن الجوار تقتضي الابتعاد عن التدخل في شؤون الدول العربية ومحاولات بسط الهيمنة.\nوأكد الطرفان على أهمية التقدم في العملية السلمية على أساس المبادرة العربية للسلام وقرارات الشرعية الدولية لتحقيق تطلعات الشعب الفلسطيني في حصوله على حقوقه المشروعة في إقامة دولته المستقلة ذات السيادة الكاملة.\nوأشاد جلالة الملك عبد الله الثاني بدعم المملكة العربية السعودية على مدى السنوات والعقود الماضية للاقتصاد الأردني وما ساهمت به في العملية التنموية في المملكة الأردنية الهاشمية.\nومن جانبه أكد صاحب السمو الملكي الأمير محمد بن سلمان بن عبد العزيز آل سعود حرص خادم الحرمين الشريفين الملك سلمان بن عبدالعزيز آل سعود ـ حفظه الله ـ على تعزيز العلاقات الاقتصادية بين البلدين، والارتقاء بالعمل المشترك في كافة المجالات وتوفير فرص الاستثمار المشتركة بينهما والتي من شأنها أن تعود بالنفع للبلدين والشعبين الشقيقين.\nوفي ختام اللقاء طلب جلالة الملك عبد الله الثاني نقل تحياته إلى أخيه خادم الحرمين الشريفين الملك سلمان بن عبد العزيز ، وأخيه صاحب السمو الملكي الأمير محمد بن نايف بن عبد العزيز آل سعود.\nوعبر صاحب السمو الملكي الأمير محمد بن سلمان بن عبد العزيز آل سعود عن بالغ شكره وتقديره لجلالة الملك والحكومة الأردنية على ما لقيه والوفد المرافق من كرم الضيافة وحسن الاستقبال.\nرابط الخبر بصحيفة الوئام: بيان مشترك بمناسبة زيارة سمو ولي ولي العهد للأردن ",
    "date_extracted": "2015-08-06 01:11:51"
}