{
    "url": "http://www.alweeam.com.sa/350388/ألغام-أرضية-زرعها-الحوثيين-تقتل-9-أشخاص/",
    "title": "ألغام أرضية زرعها الحوثيين تقتل 9 أشخاص في عدن",
    "author": "عدن - الوئام :",
    "content": " قتل 9 أشخاص بينهم 5 مدنيين، وأصيب 81 آخرين، خلال الـ 24 ساعة الماضية، إثر سلسلة انفجارات لألغام أرضية زرعها المتمردون في عدن جنوبي اليمن. وقالت مصادر طبية: إن عددًا من المصابين في حالة خطرة، مرجحة ارتفاع حصيلة القتلى خلال الساعات المقبلة. كما نقلت قناة سكاي نيوز، أن مدنيين أصيبوا نتيجة قصف مسلحي الحوثيين وقوات الرئيس السابق، علي عبد الله صالح، على جامع البخاري في منطقة وادي المدام بمدينة تعز، بعضهم في حال خطرة. ومنذ أيام، نجحت قوات المقاومة الشعبية الموالية للرئيس اليمني، عبد ربه منصور هادي، في طرد الحوثيين وقوات صالح من عدن، بعد معارك عنيفة بين الطرفين. وبعد ضمان سيطرتها على المدينة، واصلت القوات الموالية لهادي، أمس السبت، تقدمها إلى المدينة الخضراء في شمال عدن، بالإضافة إلى زنجبار عاصمة محافظة أبين شرقي المدينة، وفق ما قال مسؤولون وشهود. وتزامنًا مع ذلك، كثفت طائرات التحالف العسكري من غاراتها ليلًا وصباح أمس، ضد مواقع المتمردين في قاعدة العند الجوية، وفي الحوطة في محافظة لحج، فضلًا عن تعز (جنوب غرب)، حيث قتل 47 متمردًا و5 من القوات الموالية لهادي في معارك عنيفة، حسبما نقلت مصادر عسكرية.       رابط الخبر بصحيفة الوئام: ألغام أرضية زرعها الحوثيين تقتل 9 أشخاص في عدن ",
    "date_extracted": "2015-08-02 23:31:53"
}