{
    "url": "http://www.alweeam.com.sa/350785/قنصل-المملكة-في-لوس-أنجلوس-لم-نسجل-أي-ا/",
    "title": "قنصل المملكة في لوس أنجلوس: لم نسجل أي اتصال من المواطنين جراء حرائق شمال كاليفورنيا",
    "author": "لوس أنجلوس-الوئام:",
    "content": " أكد القنصل العام للمملكة العربية السعودية في لوس انجلوس السفير الدكتور فيصل بن عبدالعزيز السديري ، أنه لا يوجد أي مواطن سعودي قريب من الحرائق التي اندلعت في شمال ولاية كاليفورنيا ، مشيراً إلى أن القنصلية لم تسجل أي اتصال من المواطنين في كاليفورنيا ولله الحمد.\nوأوضح أن هذا الموضوع محل اهتمام القنصلية حيث تم تفعيل خطة الطوارئ المرسومة من قبل وزارة الخارجية في مثل هذه الحالات، داعيا الله أن يحفظ الجميع من كل مكروه.\nرابط الخبر بصحيفة الوئام: قنصل المملكة في لوس أنجلوس: لم نسجل أي اتصال من المواطنين جراء حرائق شمال كاليفورنيا ",
    "date_extracted": "2015-08-04 18:13:19"
}