{
    "url": "http://www.alweeam.com.sa/350594/خسائر-كبيرة-للحوثيين-في-مأرب-وتعز/",
    "title": "خسائر كبيرة للحوثيين في مأرب وتعز",
    "author": "الوئام - sky",
    "content": " قتل 13 مسلحا من ميليشات الحوثي و صالح في مواجهات اندلعت في ساعات متأخرة من ليل الأحد الاثنين، غربي محافظة مأرب، وسط اليمن، فيما استمرت الاشتباكات في محافظة تعز جنوبي البلاد.\nوقالت مصادر محلية إن اشتباكات استخدمت فيها الأسلحة الثقيلة في منطقة الجفينة غربي مأرب خلفت 13 قتيلا من المتمردين.\nوفي تعز سقط عدد من القتلى والجرحى من الطرفين في معارك عنيفة خاصة في المناطق الجنوبية الغربية في الضباب، وكذا في المناطق الشمالية. ولم يتسن تحديد عدد القتلى في صفوف الجانبين.\nوفي هذه الأثناء دمر طيران التحالف “عربة كاتيوشا” تابعة للحوثي في غارة على مواقع للحوثيين بالجفينة جنوب غرب مارب،\nوقصف في وقت سابق من اليوم موقع “أومان” العسكري في منطقة الحوبان بمدينة تعز، الذي تحاصره المقاومه الشعبية، بالإضافة إلى معسكر الإذاعة في الحوبان.\nكما شن طيران التحالف 6 غارات على تجمع لميليشيات الحوثي و صالح في وادي خبش (الخارد) بمديرية المطمة في محافظة الجوف، وقصف أهدافا أخرى في همدان بمدينة الحزم عاصمة الجوف، إضافة إلى استهدافه عربات للحوثيين في منطقة الغيل.\nرابط الخبر بصحيفة الوئام: خسائر كبيرة للحوثيين في مأرب وتعز ",
    "date_extracted": "2015-08-03 19:55:45"
}