{
    "url": "http://www.alweeam.com.sa/350906/الانضباط-ترفض-مشاركة-الموقوفين-في-م/",
    "title": "«الانضباط» ترفض مشاركة الموقوفين في مباراة السـوبر",
    "author": "الرياض-الوئام:",
    "content": " ‏رفضت لجنة الانضباط بالاتحاد السعودي لكرة القدم مشاركة اللاعبين الموقوفين في نهائي السوبرالسعودي بين النصر والهلال في العاصمة البريطانية لندن.\nرابط الخبر بصحيفة الوئام: «الانضباط» ترفض مشاركة الموقوفين في مباراة السـوبر ",
    "date_extracted": "2015-08-04 19:00:39"
}