{
    "url": "http://www.alweeam.com.sa/350704/تسجيل-إصابتين-جديدتين-بـ-كورونا-في/",
    "title": "تسجيل إصابتين جديدتين بـ «كورونا» في الرياض",
    "author": "الرياض - الوئام:",
    "content": " أعلنت وزارة الصحة اليوم الأثنين عن تسجيل حالتي إصابة جديدة بفيروس كورونا خلال الساعات الـ 24 الماضية في الرياض.\nوذكرت الوزارة في بيانها اليومي أن الحالة الأولى لمواطن يبلغ من العمر (53 عاما) ووضعه الصحي حاليا مستقر، فيما الحالة الأخرى لمواطن (75 عاما) ووضعه الحالي “حرج”.\nوبذلك يصل عدد حالات الإصابة المسجلة منذ شهر يونيو 2012 إلى 1059 حالة تماثلة للشفاء منها 583 حالة، و9 حالات معزولة لتلقيها العلاج في مستشفيات المملكة، فيما وافت المنية 467 حالة.\nرابط الخبر بصحيفة الوئام: تسجيل إصابتين جديدتين بـ «كورونا» في الرياض ",
    "date_extracted": "2015-08-03 19:53:09"
}