{
    "url": "http://www.alweeam.com.sa/350911/سفير-المملكة-لدي-مصر-صالح-دمر-اليمن-وع/",
    "title": "سفير المملكة لدي مصر: صالح دمر اليمن.. وعلى إيران ألا تختبر قوتنا",
    "author": "القاهرة - الوئام:",
    "content": " قال السفير أحمد قطان سفير خادم الحرمين الشريفين لدى مصر وعميد السلك الدبلوماسي العربي ومندوب المملكة العربية السعودية لدى الجامعة العربية إن «علي عبد الله صالح هو الذي دمر اليمن، وأهدر أموال المساعدات، وضيع على شعبه فرص الاستقرار»، مشيرا إلى أنه “إذا كان هناك من يتصور أننا سنسمح لإيران بالعبث بكل الدول العربية فلن نقبل بذلك”. \nوأكد السفير أحمد قطان في لقائه مع رؤساء تحرير الصحف المصرية ومجموعة من الكتاب المصريين أن اليمن خط أحمر “ولن نسمح لإيران بأن تعبث بأمن المنطقة إلى هذا الحد، وكل ما أطلبه من إيران ألا تختبر قوتنا لأننا عازمون على مواجهة ذلك”. \nوقال السفير أحمد قطان إن «الإيرانيين يحاولون العبث بأمن المنطقة سواء في لبنان أو سوريا أو العراق وحاولوا في البحرين». وأكد سفير خادم الحرمين الشريفين أن المملكة لم تسع في أي وقت إلى حرب شاملة وتفاعلت مع كل المبادرات السلمية واستجابت لطلبات الهدنة وكل مرة يكسر الحوثيون وعلى عبد الله صالح الهدنة وليس المملكة. وأوضح قطان أن إيران تسعى دائما للهيمنة من خلال خلق دولة داخل الدولة في كل بلد عربي، كما حدث في اليمن وكما حاولت مع الحوثيين\n.\nرابط الخبر بصحيفة الوئام: سفير المملكة لدي مصر: صالح دمر اليمن.. وعلى إيران ألا تختبر قوتنا ",
    "date_extracted": "2015-08-06 01:12:20"
}