{
    "url": "http://www.alweeam.com.sa/350573/ضبط-عدد-من-المخالفات-لقرار-منع-العمل-تح/",
    "title": "ضبط عدد من المخالفات لقرار منع العمل تحت أشعة الشمس بالجوف",
    "author": "الجوف - الوئام :",
    "content": " ضبط مكتب العمل بمنطقة الجوف مخالفات لقرار منع العمل تحت أشعة الشمس في عدد من المشروعات الإنشائية بالمنطقة.\nوبين مدير عام فرع الوزارة بالجوف عبد العزيز الرويلي،أن ذلك يأتي حرصاً من وزارة العمل على توفير بيئة عمل آمنة من مخاطر العمل، ورفع كفاءة وسائل السلامة المهنية لحماية العاملين من المخاطر والحوادث.\nوأكد أن الحملات ستتواصل لضبط المخالفين لنظام العمل، داعيًا أصحاب المنشآت والأعمال إلى اتخاذ الاحتياطات اللازمة لحماية العمال من الأخطار.\nرابط الخبر بصحيفة الوئام: ضبط عدد من المخالفات لقرار منع العمل تحت أشعة الشمس بالجوف ",
    "date_extracted": "2015-08-03 19:56:10"
}