{
    "url": "http://www.alweeam.com.sa/350540/زعيم-طالبان-الجديد-قتل-الملا-عمر-بالس/",
    "title": "جماعة: زعيم طالبان الجديد قتل “الملا عمر” بالسّم",
    "author": "الوئام - متابعات:",
    "content": " ادعت جماعة “فدائي ماهاز” التابعة لحركة طالبان أفغانستان، أن الزعيم السابق لطالبان “الملا عمر” قتل مسموما.\n  \n وقال المتحدث باسم الجماعة “قاري حمزة”، في بيان صادر عنه، نشر على موقع الجماعة الرسمي على الانترنت، إن “الملا عمر قتل على يد الزعيم الجديد لطالبان الملا أختر محمد منصور عبر تقديم أدوية مسمومة له”.\nوتابع حمزة في البيان “طالب منصور، من أقرب مرافقي الملا عمر، تقديم دواء مسموم أحضر من دبي، للأخير خلال مرضه، وقتل الملا عمر بعد ثلاثة أيام من شربه الدواء، ودفن في ولاية زابل الأفغانية، ولم يغادر الأراضي الأفغانية بعد سقوط نظام طالبان أبدا”.\nوكان المتحدث باسم حركة طالبان “ذبيح الله مجاهد”، أكد الخميس الماضي، رسمياً وفاة “الملا عمر قبل مدة من الزمن جراء المرض”، لكنه رفض الإدلاء بأي معلومات عن نوع المرض أو تاريخ الوفاة بالتحديد.\nوذكر “مجاهد” أن “الملا عمر لم يخرج من أفغانستان ولو ليوم واحد رغم الضغوطات وتعقب قوات حلف شمال الأطلسي بقيادة الولايات المتحدة الأميركية له لمدة 14 عاماً”، مشيراً إلى أنه أدار الحركة من الأراضي الأفغانية.\nوكان جهاز الاستخبارات الأفغاني، أعلن الأربعاء الماضي، وفاة “الملا عمر” قبل عامين في إحدى المستشفيات بمدينة كراتشي الباكستانية بشكل سري، فيما قال “البيت الأبيض”، أمس السبت، إن أوساط الاستخبارات الأمريكية، أكدت وفاة الزعيم السابق لحركة طالبان، الملا عمر.\nوكان ذبيح الله مجاهد، أكد اختيار “الملا أختر محمد منصور” زعيما جديدا للحركة، بعد “مشاورات مطولة في مجلس شورى الحركة”.\nوأوضح مجاهد في بيان، الجمعة الماضية، أن مجلس الشورى والعلماء بايعوا الملا أختر محمد منصور “أميرا للمؤمنين”، مشيرا أن الأخير كان شخصا مقربا جدا من الزعيم السابق للحركة، إذ تولى ملف “الشؤون التنفيذية” لطالبان.\nرابط الخبر بصحيفة الوئام: جماعة: زعيم طالبان الجديد قتل “الملا عمر” بالسّم ",
    "date_extracted": "2015-08-03 19:55:04"
}