{
    "url": "http://www.alweeam.com.sa/350969/الأردن-إحباط-محاولة-تهريب-ربع-مليون-حب/",
    "title": "الأردن: إحباط محاولة تهريب ربع مليون حبة مخدرة إلى السعودية",
    "author": "عمان - الوئام :",
    "content": " أحبط العاملون في إدارة مكافحة المخدرات الأردنية محاولة تهريب 250 ألف حبة مخدرة، عبر أحد المعابر الحدودية البرية، والتي تم ضبطها داخل مركبة تحمل لوحة أرقام سعودية، وكانت برفقة المضبوط سيدتان من أقاربه.\nوأوضح المركز الإعلامي الأمني، في مديرية الأمن العام الأردني، أن إحدى فرق مكافحة المخدرات تابعت معلومات، حول قيام أحد الأشخاص، من جنسية عربية، بالدخول إلى الأردن، بقصد لقاء آخرين لتسلّم مواد مخدرة، ومحاولة تهريبها عبر الحدود البرية للمملكة.\nوبيّن أنه تم رصد هذا الشخص، ومراقبته، من لحظة دخوله الأردن، ومتابعته عند محاولة الخروج، ليتم ضبط ربع مليون حبة مخدرة مخبأة داخل مركبته، وبرفقته سيدتان من أقاربه، وجرى ضبطهم جميعًا.\nتابع فريق التحقيق البحث عن المتورطين، وتمكن من القبض على ثلاثة مواطنين قاموا بتسليم المواد المخدرة، وجرى تسليم المتورطين إلى المدعي العام في محكمة أمن الدولة.       رابط الخبر بصحيفة الوئام: الأردن: إحباط محاولة تهريب ربع مليون حبة مخدرة إلى السعودية ",
    "date_extracted": "2015-08-06 01:11:48"
}