{
    "url": "http://www.alweeam.com.sa/350399/مطار-الرياض-يصل-١٣مليون-راكب-خلال-٧-اشه/",
    "title": "13 مليون راكب يصلون مطار الرياض في 7 أشهر",
    "author": "الرياض - الوئام :",
    "content": " سجّل مطار الملك خالد الدولي نموًا، في عدد ركاب الرحلات الداخلية والدولية، في مرحلتي القدوم والمغادرة، بنسبة (٩٪) حتى نهاية شهر يوليو من هذا العام ٢٠١٥م، مقارنة بنفس الفترة من العام الماضي ٢٠١٤م.\nووفقًا للبيانات الإحصائية الأولية الصادرة عن المطار؛ فقد بلغ عدد الركاب، حتى نهاية شهر يوليو من هذا العام، حوالى (١٣) مليون راكب، مقارنة بحوالى (١١,٩) مليون راكب، عن نفس الفترة من العام السابق.\nوارتفع متوسط عدد الركاب اليومي، خلال هذه الفترة من هذا العام، إلى حوالي (٦١,٣) ألف راكب يوميًا، مقارنة بحوالي (٥٦,٣) ألف راكب يوميًا، عن نفس الفترة من العام الماضي، بزيادة (٥) آلاف راكب يوميًا. \nرابط الخبر بصحيفة الوئام: 13 مليون راكب يصلون مطار الرياض في 7 أشهر ",
    "date_extracted": "2015-08-02 23:32:41"
}