{
    "url": "http://www.alweeam.com.sa/350766/إعلان-القبول-المبدئي-لوظائف-المديرية/",
    "title": "إعلان القبول المبدئي لوظائف المديرية العامة لمكافحة المخدرات",
    "author": "الرياض - الوئام :",
    "content": " أعلنت إدارة القبول بالمديرية العامة لمكافحة المخدرات عن أرقام المقبولين مبدئياً من الدفعة الثانية (احتياط) على الوظائف العسكرية برتبة (جندي) والتي سبق الاعلان عنها في وقت سابق.\nودعت جميع المتقدمين على هذه الرتبة الاستعلام عن قبولهم المبدئي ، وموعد مراجعة اللجنة بمقرها بمبنى التخطيط والتطوير بمكافحة المخدرات بمدينة الرياض على طريق خريص (مقابل بوابة الكلية الأمنية خلف شرطة النظيم مدخل قوة المهمات والواجبات الخاصة)، وذلك في تمام الساعة 7 صباحاً حسب اليوم المحدد في النتيجة وذلك لاستكمال مسوغات القبول والتسجيل وانطباق الشروط وإكمال الاجراءات للقبول النهائي .\n ولمشاهدة النتيجة اضغط هنا\nرابط الخبر بصحيفة الوئام: إعلان القبول المبدئي لوظائف المديرية العامة لمكافحة المخدرات ",
    "date_extracted": "2015-08-04 18:13:21"
}