{
    "url": "http://www.alweeam.com.sa/350751/ولي-ولي-العهد-يزور-الأردن-غداً-لبحث-الع/",
    "title": "ولي ولي العهد يزور الأردن غداً لبحث العلاقات بين البلدين",
    "author": "الرياض- الوئام :",
    "content": " يتوجه صاحب السمو الملكي الأمير محمد بن سلمان بن عبد العزيز آل سعود ولي ولي العهد النائب الثاني لرئيس مجلس الوزراء وزير الدفاع غدا الثلاثاء إلى المملكة الأردنية الهاشمية تلبية لدعوة من جلالة الملك عبدالله الثاني بن الحسين ملك المملكة الأردنية الهاشمية.\nويلتقي سمو الأمير محمد بن سلمان خلال الزيارة جلالة الملك وعددًا من المسؤولين في الأردن، لبحث العلاقات وأوجه التعاون بين البلدين الشقيقين.\nرابط الخبر بصحيفة الوئام: ولي ولي العهد يزور الأردن غداً لبحث العلاقات بين البلدين ",
    "date_extracted": "2015-08-04 18:14:08"
}