{
    "url": "http://www.alweeam.com.sa/350967/9-إصابات-في-حادثي-تصادم-بالرياض/",
    "title": "9 إصابات في حادثي تصادم بالرياض",
    "author": "الرياض - الوئام :",
    "content": " باشرت فرق الهلال الأحمر، بالرياض، حادثي تصادم منفصلين، بكل من طريق الدمام، والدائري الجنوبي، نتج عنهما 9 إصابات، بينها واحدة خطيرة، و8 متوسطة.\nوأوضح المتحدث الرسمي للهلال الأحمر بالمنطقة، عبدالله المريبض، أن الحادث الأول بطريق الدمام خلّف 5 إصابات، إحداها حرجة و4 متوسطة، وتمت مباشرته بـ 3 فرق إسعافية، واستجابة متقدمة، ونُقل المصابون للمستشفى.\n فيما خلّف الحادث الثاني 4 إصابات متوسطة، من عائلة واحدة، قُدّمت لهم الخدمات الطبية الطارئة عبر الفرق الإسعافية الثلاث.\nرابط الخبر بصحيفة الوئام: 9 إصابات في حادثي تصادم بالرياض ",
    "date_extracted": "2015-08-06 01:11:50"
}