{
    "url": "http://www.alweeam.com.sa/350725/مجلس-الشئون-الاقتصادية-والتنمية-يطلع/",
    "title": "مجلس الشئون الاقتصادية والتنمية يطلع على عدد من الرؤى الاستثمارية",
    "author": "جدة - الوئام - واس:",
    "content": " عقد مجلس الشؤون الاقتصادية والتنمية اجتماعاً بعد ظهر اليوم الاثنين في قصر السلام بجدة برئاسة صاحب السمو الملكي الأمير محمد بن سلمان بن عبدالعزيز ولي ولي العهد النائب الثاني لرئيس مجلس الوزراء وزير الدفاع ورئيس مجلس الشؤون الاقتصادية والتنمية.\nوقد اطلع المجلس خلال الاجتماع على عدد من الموضوعات الاقتصادية والتنموية من أبرزها توجهات ورؤى الهيئة العامة للاستثمار وتوجهات ورؤى هيئة المدن الاقتصادية، واتخذ المجلس حيالها عدداً من التوصيات اللازمة لذلك ومنها التأكيد على دعم هيئة المدن الاقتصادية لتحقيق الأهداف التي أنشئت من أجلها”.\nرابط الخبر بصحيفة الوئام: مجلس الشئون الاقتصادية والتنمية يطلع على عدد من الرؤى الاستثمارية ",
    "date_extracted": "2015-08-03 21:06:30"
}