{
    "url": "http://www.alweeam.com.sa/351032/العمل-تواصل-جولاتها-للتأكد-من-تطبيق/",
    "title": "«العمل» تواصل جولاتها للتأكد من تطبيق قرار منع العمل تحت أشعة الشمس بحائل",
    "author": "حائل-الوئام:",
    "content": " تواصل فروع مكاتب وزارة العمل في منطقة حائل جولات المسح الميداني من خلال توجيه المفتشين الميدانين للتأكد من تطبيق قرار منع العمل تحت أشعة الشمس مع دخول شهر أغسطس وتزايد درجات الحرارة .\nوأوضح مدير عام فرع الوزارة بحائل صالح الأحمري, أن الجولات الميدانية لمفتشين العمل تشمل قطاعات البناء والتشييد، والمقاولات العامة والصيانة والتشغيل بالتعاون مع الجهات الحكومية الشريكة كوزارة الشؤون البلدية والقروية والنقل والإسكان .\nودعا أصحاب المنشآت لضرورة التقيد بنظام منع العمل تحت أشعة الشمس وتوفير بيئة عمل آمنة من المخاطر ورفع مستوى وسائل السلامة والصحة المهنية.\nرابط الخبر بصحيفة الوئام: «العمل» تواصل جولاتها للتأكد من تطبيق قرار منع العمل تحت أشعة الشمس بحائل ",
    "date_extracted": "2015-08-06 01:12:33"
}