{
    "url": "http://www.alweeam.com.sa/350583/هيئة-الطيران-المدني-تحقق-في-ملابسات-مق/",
    "title": "هيئة الطيران المدني تحقق في ملابسات مقطع «سيدات مطار ينبع»",
    "author": "الرياض - الوئام :",
    "content": " وجّه رئيس الهيئة العامة للطيران المدني، سليمان الحمدان، بفتح تحقيق في فيديو متداول؛ يُظهر سيدات في مطار ينبع ينتظرن السفر إلى جدة، ورفضت إحدى الأجهزة العاملة في المطار دخولهن للجلوس على المقاعد بدلاً من الجلوس في الأرض.\nوأكدت الهيئة العامة للطيران المدني، لجمهور المسافرين، أن كل القطاعات العاملة في جميع مطارات المملكة، بالإضافة للشركات الوطنية، تتعاون للخروج بأفضل الخدمات للمسافرين، وهو أمر من أولوياتها، ويحرص جميع مسؤولو الهيئة عليه”. وأعربت الهيئة العامة للطيران المدني عن أسفها، للمقطع المتداول، والذي يُظهر بعض العائلات والأطفال في مطار ينبع بعد تأخر رحلتهم، وعدم السماح لهم بالجلوس في صالات الانتظار الدولية؛ لوصول رحلة دولية.     رابط الخبر بصحيفة الوئام: هيئة الطيران المدني تحقق في ملابسات مقطع «سيدات مطار ينبع» ",
    "date_extracted": "2015-08-03 19:53:16"
}