{
    "url": "http://www.alweeam.com.sa/350961/التحالف-يقصف-مواقع-للحوثيين-في-تعز-وال/",
    "title": "التحالف يقصف مواقع للحوثيين في تعز.. والمقاومة تقتل 5 في اشتباكات",
    "author": "عدن - الوئام :",
    "content": " شن طيران التحالف العربي صباح الأربعاء، عدة غارات على مواقع للمتمردين الحوثيين في تعز جنوبي اليمن ، واستهدفت الغارات مناطق متفرقة أبرزها موقع العروس في أعلى قمة جبل العروس، وكذلك مقر الحوثين في حي العسكري، وموقع عسكري بالقرب من القصر الجمهوري.\nتأتي هذه الغارات بعد أن تمكن الجيش الوطني اليمني والمقاومة الشعبية من استعادة السيطرة على محافظة لحج لتصبح المحافظة الثالثة المحررة بعد الضالع وعدن.\nونفذ مقاتلو المقاومة والجيش الوطني عمليات تمشيط لنقاط التفتيش التابعة للحوثيين وقوات صالح في مناطق عدة، قبل فرض السيطرة على الحوطة.\nمن جهة أخرى، قتل 5 وأصيب 11 آخرين من الحوثيين وقوات صالح في كمين للمقاومة استهدف 3 عربات قرب أحد المصانع بمحافظة تعز.\nوأفادت مصادر بحسب سكاي نيوز بانضمام المئات من أبناء المدينة ولجان المقاومة الشعبية إلى قيادة المجلس العسكري في منطقة الضباب، للانخراط في حملة التمشيط المتوقعة ضد الحوثيين وقوات صالح، في وقت شهدت فيه تعز اشتباكات متقطعة في عدد من أحياء المدينة.\nرابط الخبر بصحيفة الوئام: التحالف يقصف مواقع للحوثيين في تعز.. والمقاومة تقتل 5 في اشتباكات ",
    "date_extracted": "2015-08-06 01:12:10"
}