{
    "url": "http://www.alweeam.com.sa/350705/بـ700-حالة-إعدام-وسجن-الرؤساء-السابقين-إ/",
    "title": "بـ700 حالة إعدام وسجن الرؤساء السابقين.. إيران لم تتغير مع روحاني",
    "author": "الوئام - BBC",
    "content": " نشرت صحيفة ديلي تلغراف تقريرا من طهران بعنوان “الرؤساء السابقين لإيران محاصرون، والصحفيون قابعون خلف القضبان، كما أن 694 شخصاً أعدموا بين شهري يناير ويوليو”.\nوأضاف التقرير أن “الحرس الثوري الإيراني ووزارة الاستخبارات والأمن الإيرانية ما زالتا تضطهدان أعداء النظام، رغم تولي حكومة الرئيس الإيراني المعتدل حسن روحاني السلطة”.\nوأوضح أن الإصلاحيين في إيران يأملون أن تكون “أسوأ مرحلة من انتهاكات حقوق الإنسان” قد انتهت، وذلك بعد توقيع الاتفاق بشأن برنامجها النووي.\nوأشار بلير إلى أن الإصلاحيين في إيران ما زالوا تحت الضغط، إلا أن المواطنين العاديين يحظون بمزيد من الحرية، مضيفاً أن “الأجواء تحسنت للجميع ما عدا خصوم النظام القدماء”.\nوأردف أن هؤلاء الخصوم هم: رئيس الوزراء السابق المير حسين موسوي، والناطق السابق باسم البرلمان مهدي كروبي الذي يعيش قيد الإقامة الجبرية.\nوقال إن “وسائل الإعلام الإيرانية ممنوعة من ذكر اسم الرئيس محمد خاتمي، الذي حكم البلاد لولاتين متتاليتين، والممنوع من مغادرة البلاد أو المشاركة في أي فعالية”.\nوختم بالقول إنه “بعد توقيع الاتفاق حول البرنامج النووي الإيراني، فإن الإصلاحيين يأملون أن يتمكن روحاني من التخفيف من قسوة النظام الإيراني”.\nرابط الخبر بصحيفة الوئام: بـ700 حالة إعدام وسجن الرؤساء السابقين.. إيران لم تتغير مع روحاني ",
    "date_extracted": "2015-08-03 19:53:08"
}