{
    "url": "http://www.alweeam.com.sa/351094/جامعة-الدمام-تطرح-130-وظيفة-شاغرة-عن-طر/",
    "title": "جامعة الدمام تطرح «130» وظيفة شاغرة عن طريق المسابقة العامة",
    "author": "الخبر-الوئام:",
    "content": " أعلنت جامعة الدمام عن طرح 130 وظيفة إدارية وهندسية وحاسوبية شاغرة ترغب الجامعة في شغلها عن طريق المسابقة الوظيفية العامة للرجال والنساء السعوديين فقط .ودعت الجامعة للراغبين في شغل هذه الوظائف التقدم عليها من خلال موقع الجامعة الإلكتروني : www.uod.edu.sa خلال أسبوع اعتباراً من يوم الأحد المقبل 24 شوال 1436هـ .\nرابط الخبر بصحيفة الوئام: جامعة الدمام تطرح «130» وظيفة شاغرة عن طريق المسابقة العامة ",
    "date_extracted": "2015-08-06 01:11:18"
}