{
    "url": "http://www.alweeam.com.sa/350414/الإمارات-إحالة-41-متهماً-بالانتماء-إلى/",
    "title": "الإمارات: إحالة 41 متهماً بالانتماء إلى «تنظيم إرهابي» للمحكمة العليا",
    "author": "الوئام - وام :",
    "content": " أحالت النيابة العامة في الإمارات العربية المتحدة اليوم (الأحد)، 41 متهماً من جنسيات عدة بينهم إماراتيين، إلى المحكمة الاتحادية العليا في قضية انتمائهم إلى «تنظيم إرهابي».\nوصرح النائب العام للدولة سالم كبيش بأنه تمت إحالة المتهمين إلى المحكمة الاتحادية العليا بعدما أسفرت التحقيقات التي أجرتها النيابة العامة عن قيامهم بإنشاء وتأسيس وإدارة جماعة إرهابية داخل الدولة بمسمى «مجموعة شباب المنارة» تعتنق الفكر التكفيري الإرهابي المتطرف بغية «القيام بأعمال إرهابية داخل أراضيها وتعريض أمنها وسلامتها وحياة الأفراد فيها للخطر، بما في ذلك قيادتها ورموزها وإلحاق الضرر بالمرافق العامة والخاصة بهدف الانقضاض على السلطة في الدولة لإقامة دولة خلافة مزعومة على نحو يتفق وأفكارهم ومعتقداتهم التكفيرية المتطرفة».\nوأوضح كبيش أنه «لتنفيذ أهدافهم وأعمالهم الإرهابية، أعد المتهمون الأسلحة النارية والذخائر والمواد التفجيرية اللازمة بأموال جمعوها لهذا الغرض، وتواصلوا مع منظمات وجماعات إرهابية خارجية وأمدوها باللازم من الأموال والأشخاص للاستعانة بهم في تحقيق أهدافهم وأغراضهم داخل الدولة».\nوأضاف أنهم شكلوا فيما بينهم هيكلاً إدارياً تضمن لجاناً وخلايا محددة المهام، وعينوا أحدهم رئيساً «للإشراف العام على أعمال الجماعة وإصدار الأوامر والتعليمات وتحديد الواجبات والأدوار لكل لجنة ووضع السياسة العامة والأهداف للجماعة ووسائل تحقيقها وطرق التواصل مع جبهات القتال الخارجية وتقديم الدعم المادي لها ووضع التوجيهات والخطط. وحددوا أيضاً نائبا للرئيس اختصوه بالإشراف على الإدارات ومتابعة تنفيذ المقترحات».\nوذكر كبيش أن المتهمين «حددوا مهام اللجان التي شكلوها في استقطاب الشباب من أبناء الدولة وضمهم للجماعة وبث المعتقدات والأفكار التكفيرية المتطرفة في نفوسهم من خلال نشاط ظاهره ديني دعوي، ثم تدريبهم على الأعمال الإرهابية القتالية وتصنيع المتفجرات واستعمالها من خلال أنشطة مخيمات أقاموها لتلك الأغراض وتدبير سبل الإعاشة ولوازم التدريب في المخيمات وتوفير وسائل انتقال الأعضاء إليها وإلى أماكن التدريب على الرماية والأعمال القتالية وأماكن تجمعات أعضاء الخلايا»، بالإضافة إلى «إعداد وتسجيل ونسخ مواد إعلامية مسموعة ومرئية ومقروءة تروج لأفكارهم وتحض على القتال بزعم أنه جهاد، وتوزيعها على الأعضاء وعامة الناس وبثها على شبكة الإنترنت». رابط الخبر بصحيفة الوئام: الإمارات: إحالة 41 متهماً بالانتماء إلى «تنظيم إرهابي» للمحكمة العليا ",
    "date_extracted": "2015-08-02 23:31:49"
}