{
    "url": "http://www.alweeam.com.sa/350832/جمرك-سلوى-يحبط-تهريب-17-طناً-من-ثمار-القو/",
    "title": "جمرك سلوى يحبط تهريب 17 طناً من ثمار القورو",
    "author": "الرياض - الوئام :",
    "content": " تمكّن رجال الجمارك بمنفذ سلوى من إحباط محاولة تهريب كمية من ثمار القورو بلغ وزنها 17 ألفاً و 800 كجم مخبأة داخل 445 كيساً.   وقال مدير عام جمرك سلوى علي العطوي: “بعد إخضاع إحدى الحافلات القادمة للمملكة للإجراءات الجمركية المعتادة وتفتيشها بمعرفة المراقب الجمركي؛ تم العثور على كمية من ثمار القورو مخبأة داخل أكياس ولم يفصح عنها، وتم اتخاذ الإجراءات اللازمة”.   وأثنى “العطوي” على الجهود الكبيرة التي يبذلها رجال الجمارك السعودية في سبيل منع دخول أي من الممنوعات إلى المملكة.   رابط الخبر بصحيفة الوئام: جمرك سلوى يحبط تهريب 17 طناً من ثمار القورو ",
    "date_extracted": "2015-08-04 18:13:13"
}