{
    "url": "http://www.alweeam.com.sa/350783/هيئة-الاتصالات-تطلق-تطبيقًا-لتقديم-ال/",
    "title": "هيئة الاتصالات تطلق تطبيقًا لتقديم الشكاوى ضد مقدمي الخدمة ومتابعتها",
    "author": "الرياض-الوئام:",
    "content": " أطلقت هيئة الاتصالات وتقنية المعلومات السعودية، اليوم، تطبيقًا يمكن جميع المستخدمين من تقديم الشكاوى، ضد مقدمي خدمات الاتصالات بالمملكة ومتابعتها.\nوقالت، في تغريدات لها، بموقع تويتر، اليوم: إنه يمكن من خلال تطبيق (هيئة_الاتصالات_وتقنية_المعلومات) تقديم شكوى، ضد مقدم الخدمة ومتابعتها. كما يمكن، لجميع المواطنين، من خلال ذات التطبيق الإطلاع على كل عروض مقدمي الخدمة المعتمدة، والمقارنة بينها.\nرابط الخبر بصحيفة الوئام: هيئة الاتصالات تطلق تطبيقًا لتقديم الشكاوى ضد مقدمي الخدمة ومتابعتها ",
    "date_extracted": "2015-08-04 18:14:22"
}