{
    "url": "http://www.alweeam.com.sa/350679/مؤشر-السوق-المالية-السعودية-يغلق-على-ا/",
    "title": "مؤشر السوق المالية السعودية يغلق على ارتفاع طفيف",
    "author": "الرياض-الوئام:",
    "content": " أغلق مؤشر سوق الأسهم السعودية اليوم على ارتفاع طفيف ب 13.41 نقطة بنسبة 0.15% عند مستوى 8820.65 نقطة بتداولات تجاوزت 4.6 مليارات ريال.\n وشهدت تداولات اليوم ارتفاع أسهم 100 شركة في قيمتها وتراجعت أسهم 46 شركة,وظلت أسهم 20 شركة أخرى بدون تغير،في الوقت الذي بلغ فيه عدد الأسهم المتداولة اليوم أكثر من 190.4 مليون سهم توزعت على أكثر من 93.8 ألف صفقة.\n وتصدرت شركة الكابلات قائمة الأسهم المرتفعة بإغلاقها على النسبة القصوى تلتها أسهم الخليج للتدريب والعالمية للتأمين و وفاء للتأمين ، و وفرة وجاكو ،في حين تصدر سهم شركة ميدغلف للتأمين الأسهم الأكثر تراجعا بالنسبة الدنيا تلاه أسهم موبايلي التي أعيد التداول عليها اليوم بنسبة 7.69% ثم البابطين والبحري ،والانماء طوكيو وإعمار ،وتراوحت الارتفاعات اليوم ما بين النسبة القصوى إلى 3.36% والتراجعات مابين النسبة الدنيا إلى 3.31%.\n وجاءت أسهم شركات موبايلي ,والإنماء وإعمار ، وسابك وملاذ للتأمين, ومعادن الأكثر نشاطاً بالقيمة ،فيما جاءت أسهم شركات إعمار والإنماء وموبايلي ،دار الأركان ,وكيان السعودية ,وملاذ على قائمة أكثر الأسهم نشاطا بالكمية .\n كما تصدر قطاعات السوق المرتفعة اليوم قطاع الطاقة والمرافق بنسبة 2.10% ثم قطاع والاستثمار الصناعي بنسبة 1.68% و قطاع شركات الاستثمار المتعدد بنسبة 1.48%، في الوقت الذي تصدر فيه قطاع النقل قطاعات السوق المتراجعة بنسبة 3.06% تلاه قطاع الاتصالات بنسبة 2.41%، فيما كان أقل القطاعات ارتفاعا قطاع التجزئة بنسبة 0.18% وقطاع الأسمنت الذي جاء كأقل قطاعات السوق المتراجعة بنسبة 0.05%.\nرابط الخبر بصحيفة الوئام: مؤشر السوق المالية السعودية يغلق على ارتفاع طفيف ",
    "date_extracted": "2015-08-03 19:54:30"
}