{
    "url": "http://www.alweeam.com.sa/350681/اليمن-قاعدة_العند-بالكامل-تحت-سيطرة-ا/",
    "title": "اليمن : «قاعدة العنـد» بالكامل تحت سيطرة المقاومة الشعبيــة",
    "author": "صنعاء-الوئام:",
    "content": " سيطرت المقاومة الشعبية اليوم على قاعدة العند الاستراتيجية في اليمن بعد معارك عنيفة مع الحوثيين. وكانت المقاومة الشعبية وقوات الجيش بدعم من طيران التحالف، قد بدأت اليوم باقتحام قاعدة العند العسكرية الاستراتيجية في لحج من الجهة الغربية بعد فرار العشرات من ميليشيات الحوثي وصالح من القاعدة تحت وقع الهجوم.\nوكانت مصادر عسكرية في عدن قد أفادت، في وقت سابق، أن لواء عسكرياً معززاً بالدبابات والمدرعات تحرك نحو قاعدة العند لفتح جبهة جديدة من جهة الغرب، كما أكدت قوات اللواء الأول حزم، بقيادة العميد فضل حسن، ورجال المقاومة الشعبية من قبائل الصبيحة، وصلت إلى منطقة سيلة المخراج على مشارف القاعدة من جهة الغرب، فيما تحاصر القاعدة من جهة الشمال منذ أيام عدة قوات أخرى للمقاومة تقدمت من ردفان إلى منطقة المثلث.\n رابط الخبر بصحيفة الوئام: اليمن : «قاعدة العنـد» بالكامل تحت سيطرة المقاومة الشعبيــة ",
    "date_extracted": "2015-08-03 19:53:51"
}