{
    "url": "http://www.alweeam.com.sa/350486/درجات-الحرارة-في-إيران-تصل-إلى-72/",
    "title": "درجات الحرارة في إيران تصل إلى 72",
    "author": "ايران - الوئام:",
    "content": " كأن ايران لا يكفيها نيران الحروب والاضطرابات التي تشعلها بالمنطقة، حتى نفخت فيها وأججت الطبيعة بلهيب شمسها الحارقة.\nفقد ارتفعت درجات الحرارة إلى حد كبير ووصلت في إيران إلى قرابة 72 درجة مئوية، بينما أعلنت العراق عن عطلة رسمية لمدة أربعة أيام للعاملين بالدولة بعد أن بلغت الحرارة حدا يصعب معها العمل.\nونقلت صحيفة ديلي تلغراف البريطانية عن أنطوني ساغليا، خبير الأرصاد الجوية بشركة أكيو ويذر الأميركية، القول إن موجة الحر التي تجتاح الشرق الأوسط حاليا ‘بلغت مستوى لا يُصدق، وهو من بين الأعلى التي رُصدت والتي لم أر مثيلاً لها من قبل’.\nوذكرت الصحيفة أن معدلات الحرارة التي سُجلت مؤخرا بمنطقة الشرق الأوسط أقل قليلا من أعلى درجة على الإطلاق، وهي التي رُصدت في يوليو/تموز 2003 حيث وصلت آنذاك 81 درجة مئوية.\nوفي دولة مثل العراق، حثت الحكومة الأهالي على شرب كميات كبيرة من المياه والبقاء في أماكن ظليلة بعيدا عن هجير الصيف اللاهب وسط مخاوف من ضربات الشمس.\nوتوفي 52 طفلا من النازحين العراقيين خلال الأسابيع الماضية بسبب ارتفاع درجات الحرارة إلى معدلات خطرة.\nودعت لجنة المهجرين والنازحين بالبرلمان، الحكومة، إلى استنفار كافة إمكاناتها لإغاثة النازحين بعد هذه الوفيات.\nوفي العراق نفسه، خرج مئات المتظاهرين إلى ساحة التحرير في بغداد للاحتجاج على انقطاع التيار الكهربائي مطالبين بمحاكمة من سموهم ‘الفاسدين’.\nرابط الخبر بصحيفة الوئام: درجات الحرارة في إيران تصل إلى 72 ",
    "date_extracted": "2015-08-02 23:31:06"
}