{
    "url": "http://www.alweeam.com.sa/351102/إدارة-تعليم-الجوف-تطبق-الزي-الجديد-لل/",
    "title": "إدارة “تعليم الجوف” تطبق الزي الجديد للطالبات",
    "author": " سكاكا -الوئام - عبد الله النعيم:",
    "content": " أعلنت اﻹدارة العامة للتعليم بمنطقة الجوف عن البدء في تطبيق الزي المدرسي الجديد لطالبات المدارس الحكومية في المراحل التعليمية الثلاث، مع مطلع العام الدراسي الجديد.\n وأوضحت مساعدة المدير العام للتعليم بمنطقة الجوف للشؤون التعليمية الدكتورة جميلة بنت كساب الشايع أن وزارة التعليم حددت العام الدراسي 1437/1436 بدايةً لتطبيق الزي المدرسي الجديد.\nوقالت إن الزي واللون المخصص للمرحلة الابتدائية هو المريول الزهري “زي أساسي بدون أكمام والبلوزة بيضاء”، والمرحلة المتوسطة اللون اﻷخضر الزيتي “تنورة والبلوزة بيضاء”، والمرحلة الثانوية اللون الكحلي “تنورة والبلوزة بيضاء”.\nرابط الخبر بصحيفة الوئام: إدارة “تعليم الجوف” تطبق الزي الجديد للطالبات ",
    "date_extracted": "2015-08-06 01:11:13"
}