{
    "url": "http://www.alweeam.com.sa/350995/طائرات-الأباتشي-السعودية-تستهدف-تجمع/",
    "title": "طائرات الأباتشي السعودية تستهدف تجمعات لمليشيات الحوثي وصالح",
    "author": "جازان - الوئام :",
    "content": " استهدفت طائرات الأباتشي السعودية، اليوم، تجمعات لمليشيات الحوثي، والمخلوع علي عبد الله صالح، بقصف مكثف، نتج عنه تدمير 4 آليات عسكرية، وعدة نقاط تجمع، قرب المنطقة المحظورة قبالة حدود جازان، فيما سقطت عدة قذائف، أطلقت من الجانب اليمني في مناطق غير مأهولة بمنطقة نجران.\nكما ساند طيران قوات التحالف ضرب – محاولة المتمردين تشكيل مراكز متعددة لشن هجمات -، بقصف دمر منصات إطلاق صواريخ مضادة للطائرات نصبها المتمردون قبالة محافظة الطوال بمنطقة جازان.\nوذكرت قناة “العربية” أن ميليشيات الحوثي، وصالح سعت للتسلل إلى السعودية، في مجموعات صغيرة، عبر منفذ حرض اليمني الحدودي، وقامت القوات السعودية – بعد تلقيها معلومات دقيقة حول تحرك مجاميع المتمردين، من خلال مدفعية الدبابات، والراجمات، ووحدات المشاة – بتدمير وقتل المهاجمين وتم تدمير أسلحة وقذائف كاتيوشا.\nرابط الخبر بصحيفة الوئام: طائرات الأباتشي السعودية تستهدف تجمعات لمليشيات الحوثي وصالح ",
    "date_extracted": "2015-08-06 01:10:23"
}