{
    "url": "http://www.alweeam.com.sa/350771/السعودية-للتموين-توصي-بتوزيع-أرباح-ن/",
    "title": "“السعودية للتموين” توصي بتوزيع أرباح نقدية بنسبة 17.5 % عن الربع الثاني 2015م",
    "author": "الرياض - الوئام :",
    "content": " أوصى مجلس إدارة شركة الخطوط السعودية للتموين بتوزيع أرباح نقدية على مساهمي الشركة عن الربع الثاني 2015م بإجمالي 143.5 مليون ريال بواقع 1.75 للسهم الواحد .\nوأوضحت الشركة في إعلان لها اليوم على موقع تداول أن نسبة التوزيع من القيمة الأسمية للسهم تمثل 17.5% ,وأن أحقية الأرباح لمساهمي الشركة المسجلين لدى مركز إيداع الأوراق المالية (تداول) بنهاية تداول يوم 13 /08 /2015م ,مشيرة إلى أن التوزيع سيتم بالتحويل المباشر للحسابات البنكية المربوطة بالمحافظ الاستثمارية للمساهمين .\nرابط الخبر بصحيفة الوئام: “السعودية للتموين” توصي بتوزيع أرباح نقدية بنسبة 17.5 % عن الربع الثاني 2015م ",
    "date_extracted": "2015-08-04 18:14:26"
}