{
    "url": "http://www.alweeam.com.sa/350427/هل-ستختفي-واشنطن-في-المستقبل؟/",
    "title": "هل ستختفي واشنطن في المستقبل؟",
    "author": "",
    "content": " تتوقع هيئة المسح الجيولوجي الاميركية، أن تغرق العاصمة واشنطن لعمق 15 سنتميتر خلال المئة عام المقبلة. ولوحظ ان ارتفاع مستوى سطح البحر في خليج تشيسابيك أسرع من أي مكان آخر على ساحل المحيط الأطلسي، حيث يبلغ ارتفاعه ضعف المعدل العالمي.\n ويرجع الأمر جزئيا الى أن المنطقة تمر بتحول جيولوجي، بارتفاع ميل تشكلت صفيحة الجليد في المنطقة خلال العصر الجليدي، ودفع الجليد الأرض للأعلى حتى أن بدأ بالذوبان منذ 20 ألف عام.\n وهذا حدث طبيعي، كان من الممكن أن يحدث بدون التأثير البشري، ولكن ارتفاع درجات الحرارة بسبب تغير المناخ ربما تسرع في العملية.\n من جهتهم، العلماء شجعوا السكان على أخذ التدابير في حال تأثر منطقتهم بالتحول، فيما قال الباحثون أن واشنطن ستستمر بالغرق على مدى آلاف السنين القادمة. رابط الخبر بصحيفة الوئام: هل ستختفي واشنطن في المستقبل؟ ",
    "date_extracted": "2015-08-02 23:31:13"
}