{
    "url": "http://www.alweeam.com.sa/351018/أمن-طرق-مكة-يضبط-مواطن-بحوزته-600-حبة-كبتا/",
    "title": "أمن طرق مكة : يضبط مواطن بحوزته 600 حبة كبتاجون بطريق الساحل",
    "author": "مكة - الوئام - محمد السويهري:",
    "content": " تمكن رجال القوة الخاصة لامن الطرق بمنطقة مكة المكرمة علي طريق الساحل وبمركز الضبط الامني بالغاله من استيقاف سياره جيب  تويوتا لاند كروزر موديل 2013 بعد الاشتباه فيها وتبين ان سائقها  مواطن سعودي  وبتفتيشه والسياره عثر بداخلها وفي فتحة السقف علي كيس بلاستيكي يحتوي علي عدد 600 حبه من مادة الكبتاجون المحظوره وتم اعداد محضر بالحاله وتسليم السائق والمضبوطات لجهة الاختصاص  \nرابط الخبر بصحيفة الوئام: أمن طرق مكة : يضبط مواطن بحوزته 600 حبة كبتاجون بطريق الساحل ",
    "date_extracted": "2015-08-06 01:12:34"
}