{
    "url": "http://www.alweeam.com.sa/350742/البيان-المشترك-لاجتماع-وزراء-خارجية-م/",
    "title": "البيان المشترك لاجتماع وزراء خارجية مجلس التعاون مع كيري",
    "author": "الدوحة - الوئام :",
    "content": " اجتمع وزراء خارجية دول مجلس التعاون لدول الخليج العربية والأمين العام لمجلس التعاون مع وزير خارجية الولايات المتحدة الأمريكية جون كيري, اليوم الاثنين في مدينة الدوحة بدولة قطر, لبحث التقدم المحرز ورسم الخطوات القادمة بشأن الشراكة الاستراتيجية بين مجلس التعاون والولايات المتحدة، ومجالات التعاون بين الجانبين التي أعلن عنها في كامب ديفيد في 14 مايو 2015.\nواستعرض الوزراء خطة العمل المشترك الشاملة بين مجموعة دول (5+1) وإيران، والصراع في اليمن والحاجة للوصول إلى حل سياسي فيها يستند إلى المبادرة  الخليجية ومخرجات الحوار الوطني، كما بحثوا التحديات الإقليمية المشار إليها في هذا البيان, كما استعرض الوزراء جدول أعمال الاجتماع الوزاري الخامس لمنتدى التعاون الاستراتيجي  بين الجانبين المقرر عقده في نيويورك في أواخر سبتمبر 2015.\nوناقش الوزراء خطة العمل بمزيد من التفصيل بما في ذلك ما ورد فيها من القيود، والشفافية، والإجراءات الوقائية، وحرية الوصول إلى أي منشأة نووية معلنة أو غير معلنة، كما ناقشوا آليات تنفيذها وآثارها الإقليمية, مؤكدين على الموقف الذي تم التعبير عنه في قمة كامب ديفيد بـ ” أن اتفاقاً شاملاً وقابلاً للتحقق منه، ويعالج بصفة كاملة الهواجس الإقليمية والدولية بشأن برنامج إيران النووي هو من مصلحة أمن دول مجلس التعاون وكذلك الولايات المتحدة والمجتمع الدولي”.\nواتفق الوزراء على أن خطة العمل المشترك الشاملة عندما يتم تنفيذها بصفة كاملة, ستسهم في أمن المنطقة على المدى البعيد، بما فيها منع إيران من تطوير أو الحصول على قدرات نووية عسكرية, داعين إيران إلى أن تفي بالتزاماتها على نحو تام بموجب هذه الخطة وكذلك مسؤولياتها بموجب (معاهدة منع الانتشار النووي)  وقرارات مجلس الأمن ذات الصلة.\nوأعاد الوزراء تأكيد الالتزامات التي تم التوافق عليها في قمة كامب ديفيد بأن الولايات المتحدة ودول مجلس التعاون تشترك في مصالح تاريخية وعميقة في أمن المنطقة، بما في ذلك الاستقلال السياسي وسلامة أراضي دول مجلس التعاون من أي عدوان خارجي, كما أعادت الولايات المتحدة تأكيد التزامها بالعمل مع دول مجلس التعاون لمنع وردع أي تهديدات أو عدوان خارجي.\nوعبّر الوزراء عن قلقهم من التصريحات الصادرة مؤخراً من بعض المسؤولين الإيرانيين، وأعادوا التأكيد على رفضهم لدعم إيران للإرهاب وأنشطتها المزعزعة للاستقرار في المنطقة، والتزامهم بالعمل معا للتصدي لتدخلاتها، خاصة محاولاتها لتقويض الأمن والتدخل في الشؤون الداخلية لدول مجلس التعاون، كما حدث مؤخراً في مملكة البحرين، مؤكدين على حاجة جميع دول المنطقة للتعامل وفق مبادئ حسن الجوار وعدم التدخل واحترام سلامة الأراضي.\nورحّب الوزراء بعودة وزراء وممثلي الحكومة الشرعية في اليمن إلى عدن, داعين إلى الوقف الفوري للعنف من قبل الحوثيين وقوات علي عبد الله صالح، واستئناف الحوار السياسي السلمي، الشامل، بقيادة يمنية، المستند إلى قرارات مجلس الأمن الدولي بما فيها القرار 2216، في إطار المبادرة الخليجية ومخرجات مؤتمر الحوار الوطني.\nوعبّر الوزراء عن التضامن مع الشعب العراقي في تصديه لمنظمة داعش الإرهابية, مؤكدين على تكثيف الدعم والتعاون مع الحكومة العراقية في سعيها لتلبية احتياجات أطياف الشعب العراقي كافة, كما عبر الوزراء عن الأهمية القصوى لوجود حكومة عراقية فاعلة وشاملة، مشددين على أهمية تنفيذ الإصلاحات المتفق عليها الصيف الماضي، وكذلك الحاجة إلى قوات أمن قادرة على محاربة داعش، مطالبين باتخاذ الخطوات اللازمة للحفاظ على الأمن والاستقرار في العراق, مؤكدين على أهمية دعم البرامج الانسانية لمساعدة المتضررين من الصراع.\nودعا الوزراء مجدداً لعملية الانتقال السياسي للسلطة في سوريا، مؤكدين على أن نظام الأسد فقد شرعيته بالكامل, والحاجة لوجود حكومة سورية جديدة تلبي تطلعات الشعب السوري وتعزز الوحدة الوطنية والتعددية وحقوق الإنسان لجميع المواطنين السوريين, حيث أن النظام لم يبد الرغبة ولا القدرة على التصدي للإرهاب الذي يجد له ملاذا آمنا في سوريا.\nوأكدت الولايات المتحدة ودول مجلس التعاون بقوة على ضرورة حل الصراع الفلسطيني الإسرائيلي على أساس اتفاق سلام عادل ودائم وشامل يؤدي إلى إقامة دولة فلسطينية مستقلة متماسكة تعيش جنبا إلى جنب بأمن وسلام مع إسرائيل, ولهذا الغرض أكدت كل من الولايات المتحدة ودول مجلس التعاون على أهمية مبادرة السلام العربية لعام 2002 والحاجة العاجلة لأن يبدي الطرفان – من خلال السياسات والأفعال- تقدما حقيقيا لحل الدولتين، وقرروا مواصلة العمل المشترك عن قرب للمضي قدماً في هذا الاتجاه, ومواصلة الوفاء بالتزاماتهم لأعمار غزة بحيث تتضمن التعهدات التي التزموا بها في مؤتمر القاهرة 2014.\nورحّب الوزراء بالبدء في إعداد مسودة الاتفاقية السياسية الليبية بتاريخ 11 يوليو في الصخيرات بالمملكة المغربية، واصفين مسودة الاتفاقية بخارطة طريق حقيقية لتحقيق حكومة الوحدة الوطنية في ليبيا، حاثين الأطراف كافة بمواصلة العمل معا بشكل بنّاء للتوصل إلى تسوية من خلال المفاوضات برعاية الأمم المتحدة من خلال المبعوث الخاص للأمين العام برناردينو ليون.\nوأشاد الوزراء بالأهمية التاريخية لقمة كامب ديفيد، متعهدين بالاستمرار في العمل معاً لضمان الأمن والاستقرار في المنطقة، مشيدين بالتقدم الذي تم في التنفيذ السريع لمجموعة كبيرة من المواضيع التي نص عليها ملحق البيان المشترك لقمة كامب ديفيد، بما فيها الدفاع ضد الصواريخ الباليستية، والأمن البحري، وأمن الفضاء الإليكتروني، ومبيعات الأسلحة، والجاهزية العسكرية، ومكافحة الإرهاب, وحماية البنى التحتية الحساسة.\nوعبّر الوزراء عن تطلعهم إلى مراجعة التقدم المحرز في هذا الشأن خلال الدورة الخامسة لمنتدى التعاون الاستراتيجي بين الولايات المتحدة ودول مجلس التعاون التي ستعقد في سبتمبر 2015، واستخدام آلية (منتدى التعاون الاستراتيجي) لتكون بمثابة مرجعية لجميع مجالات التعاون بين الجانبين.\nرابط الخبر بصحيفة الوئام: البيان المشترك لاجتماع وزراء خارجية مجلس التعاون مع كيري ",
    "date_extracted": "2015-08-04 18:14:19"
}