{
    "url": "http://www.alweeam.com.sa/350447/كيري-اتفاق-إيران-النووي-سيجعل-مصر-والم/",
    "title": "كيري: اتفاق إيران النووي سيجعل مصر والمنطقة أكثر أمناً",
    "author": "الوئام - رويترز:",
    "content": " قال وزير الخارجية الأمريكي جون كيري إن الاتفاق النووي الذي ابرم بين إيران والقوى الدولية الشهر الماضي سيجعل مصر والمنطقة أكثر أمنا. وقال خلال مؤتمر صحفي اليوم الأحد “لا يوجد شك على الإطلاق في أنه إذا طبقت خطة فيينا فإنها ستجعل مصر وكل دول المنطقة أكثر أمنا.”\nوأضاف أنه اتفق مع وزير الخارجية المصري سامح شكري على أهمية أن تكون الانتخابات البرلمانية المقبلة “حرة ونزيهة وشفافة” وأن شكري أبلغه بأن الانتخابات ستجرى في أوائل الخريف.\nوجاء المؤتمر الصحفي في أعقاب أول حوار استراتيجي بين مصر والولايات المتحدة منذ 2009. رابط الخبر بصحيفة الوئام: كيري: اتفاق إيران النووي سيجعل مصر والمنطقة أكثر أمناً ",
    "date_extracted": "2015-08-02 23:31:41"
}