{
    "url": "http://www.alweeam.com.sa/350374/متجر-النادي-الأهلي-يشهد-إقبالًا-كبيرً/",
    "title": "متجر النادي الأهلي يشهد إقبالًا كبيرًا في أول أيام بيع الأطقم الجديدة",
    "author": "جدة - الوئام :",
    "content": " شهد مقر متجر النادي الأهلي، مساء اليوم السبت، إقبالًا جماهيريًا كبيرًا، مع أول يوم لبيع الأطقم الجديدة الخاصة بفريق كرة القدم الأول لموسم 2015-2016.\n وأشادت جماهير النادي بأسلوب العرض داخل المتجر، وبالتنظيم، وأبدت سعادتها بالأطقم الجديدة، وجودتها، وطريقة تصميمها، التي تحاكي أطقم كبار الأندية العالمية.\n وساهم توافر الأطقم بكميات كبيرة، وبجميع المقاسات، في زيادة الإقبال على اقتناء الأطقم بألوانها، وتصاميماتها الثلاثة، من كافة الفئات العمرية.\n وحرص رواد متجر النادي على اقتناء بقية منتجات المتجر، كما سيتواصل البيع في متجر النادي خلال الأيام المقبلة.\n جدير بالذكر، أن عبدالله بترجي، عضو فريق عمل الاستثمار والتسويق، كان متواجدًا منذ وقت مبكر في مقر المتجر، وتابع سير العمل، والتنظيم الخاص ببيع المنتجات.\nرابط الخبر بصحيفة الوئام: متجر النادي الأهلي يشهد إقبالًا كبيرًا في أول أيام بيع الأطقم الجديدة ",
    "date_extracted": "2015-08-02 23:32:18"
}