{
    "url": "http://www.alweeam.com.sa/350948/صور-مُسربة-جديدة-لهاتف-سامسونج-galaxy-note-5/",
    "title": "صور مُسربة جديدة لهاتف سامسونج Galaxy Note 5",
    "author": "سول-الوئام:",
    "content": " نشر موقع Droid Life صور مُسربة جديدة لهاتف سامسونج القادم Galaxy Note 5، وأشار الموقع إلى أنه حصل على الصور عبر أحد مُتابعيه، وتُظهر الصور شكل هاتف Galaxy Note 5 بشكل واضح من مُختلف الجوانب، وأن تصميم الهاتف مُشابه لتصميم هاتف Galaxy S6.\nويأتي الهاتف بإطار معدني، وجهة خلفية مصنوعة من الزُجاج وتحمل إنحنائه بسيطة على الجوانب مما يُساعد على سهولة حمل الهاتف باليد.\nوتُبين الصور وجود قائمة جديدة لميزة Air Command، ويوجد بها تطبيق Instagram، ويبدو أن سامسونج ستُتيح للمُستخدم إضافة تطبيقات لميزة Air Command.\nكما توضح الصور الجهة السُفلية من الهاتف حيث نجد قلم S Pen، ومنفذ USB عادي وليس من نوعية USB Type C، وسماعة واحدة، كما أشار المصدر أن الهاتف يملك 4 غيغابايت من الذاكرة العشوائية، و32/64/128 غيغابايت مساحة تخزين داخلية، وبطارية غير قابلة للإزالة سعة 3.000 ميلي أمبير، كما يُشير المصدر إلى أن الهاتف لن يدعم تركيب بطاقات MicroSD.وفقا للبوابة العربية للاخبار التقنية.يذُكر أن الإعلان عن الهاتف بشكل رسمي سيتم بتاريخ 13 آب/أغسطس الجاري.\n\nرابط الخبر بصحيفة الوئام: صور مُسربة جديدة لهاتف سامسونج Galaxy Note 5 ",
    "date_extracted": "2015-08-06 01:11:07"
}