{
    "url": "http://www.alweeam.com.sa/351091/انقلاب-قارب-يقل-مئات-المهاجرين-قبالة-س/",
    "title": "انقلاب قارب يقل 700 مهاجر قبالة ساحل ليبيا",
    "author": "الوئام - رويترز:",
    "content": " قالت قوات خفر السواحل الإيطالية إن قاربا يقل مهاجرين من أفريقيا انقلب في البحر المتوسط اليوم الأربعاء. وقالت قناة تلفزيون سكاي نيوز 24 إن حوالي 700 شخص كانوا على القارب. وتكافح سفن تابعة لقوات البحرية الإيطالية والأيرلندية لإنقاذ الناجين.\nوأكد متحدث باسم خفر السواحل انقلاب القارب المكتظ بالركاب قبالة ساحل ليبيا لدى اقتراب السفن لإنقاذه. لكن لم يكن لدى المتحدث أي تفاصيل بشأن عدد الأشخاص الذين تم إنقاذهم مشيرا إلى أن العملية مستمرة.\nويصنف البحر المتوسط كأكثر بحار العالم الذي يشهد وفيات من المهاجرين الذين يتدفقون نحو الشمال.\nوطبقا لتقديرات المنظمة الدولية للهجرة لقي أكثر من ألفي مهاجر ولاجيء حتفهم حتى الآن هذا العام أثناء محاولتهم الوصول إلى أوروبا باستخدام القوارب مقابل 3279 حالة وفاة خلال العام الماضي بكامله. رابط الخبر بصحيفة الوئام: انقلاب قارب يقل 700 مهاجر قبالة ساحل ليبيا ",
    "date_extracted": "2015-08-06 01:10:45"
}