{
    "url": "http://www.alweeam.com.sa/350708/قمصان-سيدات-مانشستر-يونايتد-تثير-ضجة-ف/",
    "title": "قمصان سيدات مانشستر يونايتد تثير ضجة في بريطانيا",
    "author": "لندن-الوئام:",
    "content": " تسبب التصميم الجديد لقميص فريق مانشستر يونايتد للسيدات، الذي كُشف النقاب عنه السبت، في موجة من الجدل ببريطانيا، إذ تم وصفه بالقميص “الذكوري” والتمييزي.\nوظهرت رقبة القميص الجديد المصمم من قبل شركة أديداس الألمانية على شكل حرف (V) واسعة وأكبر من رقبة قميص الفريق الإنجليزي للرجال، ومن تصميم الموسم الماضي الذي أعدته شركة نايك الأمريكية.\nوانهالت التعليقات المنددة بالتصميم الجديد على مواقع التواصل الاجتماعي، وقالت إحدى مستخدمي توتير: “حقاً، أديداس؟ لماذا رقبة القميص (V) أكبر اتساعاً ومنخفضة عند الصدر عن قمصان الرجال؟ لا نحب أن نظهر نهودنا”.\nوجاءت التعليقات منددة بالقميص، ووصفته بأنه “تمييزي”.وفقا لوكالة افي.\nوبالرغم من ذلك، رحب البعض بالتصميم الجديد الذي سيظهر اللاعبات بشكل أكثر أنوثة، مقارنة بما كن يرتدينه من قمصان ذكورية.\nرابط الخبر بصحيفة الوئام: قمصان سيدات مانشستر يونايتد تثير ضجة في بريطانيا ",
    "date_extracted": "2015-08-03 19:53:06"
}