{
    "url": "http://www.alweeam.com.sa/350791/صفقة-بيع-ذهب-وهمية-في-دبي-تنتهي-بجريمة-س/",
    "title": "صفقة بيع ذهب وهمية في دبي تنتهي بجريمة سرقة زائر كندي",
    "author": "دبي-الوئام:",
    "content": " كشفت النيابة العامة في دبي اليوم الثلاثاء، تفاصيل جريمة سرقة نفذها 3 أفارقة أمام أحد الفنادق في منطقة نايف، واستهدفت زائراً كندياً يبلغ من العمر 69 عاماً.\nأكدت النيابة العامة في دبي أن “المتهمين ادعوا للزائر حيازتهم لسبائك ذهبية فيما أبدى الأخير رغبته في شرائها شريطة توافر وثائق تثبت قانونيتها”، مبينة أن “المتهمين التقوا الزائر في الفندق لكنه أيقن خلال الحديث معهم أنهم سينصبون عليه بعد ادعائهم عدم توفر وثائق تثبت قانونية السبائك، ما أدى إلى إنهاء اللقاء”.\nوأشارت النيابة العامة إلى أن “المتهمين خرجوا من الفندق بعد إنتهاء اللقاء، لكن بعد 5 أيام فوجئ الزائر بهم يقومون بمهاجمته أثناء عودته إلى الفندق وسرقة حقيبته التي كانت تحتوي على 35 ألف دولار أمريكي وهاتفه النقال وجهاز لابتوب”.\nوأضافت النيابة العامة أن “الزائر لجأ إلى شرطة دبي على الفور وقدم بلاغاً بالواقعة حيث تحركت الشرطة واستطاعت إلقاء القبض على المتهمين اللذين ادعوا في التحقيقات أن سبب سرقتهم للحقيبة يعود إلى أن الزائر مدين لهم بـ 3 آلاف درهم”.بحسب موقع 24 الاماراتي.\nوطالبت النيابة العامة في جلسة محكمة الجنايات صباح اليوم بمعاقبة الأفارقة بالسجن والابعاد عن الدولة بعد قضاء فترة العقوبة، حيث وجهت لهم تهمة السرقة بالإكراه.\nرابط الخبر بصحيفة الوئام: صفقة بيع ذهب وهمية في دبي تنتهي بجريمة سرقة زائر كندي ",
    "date_extracted": "2015-08-04 18:14:06"
}