{
    "url": "http://www.alweeam.com.sa/350800/بحاح-لن-نسمح-بأي-تدخل-إيراني-باليمن/",
    "title": "بحاح: لن نسمح بأي تدخل إيراني باليمن",
    "author": "الرياض - الوئام :",
    "content": " أكد نائب الرئيس اليمني ورئيس الوزراء، خالد بحاح، الثلاثاء، أن محافظة عدن محررة بالكامل، فيما يتم التركيز حاليا على محافظة لحج، مشيرا إلى أن حكومته لن تسمح بأي تدخل إيراني في بلاده.\nوقال خالد بحاح إن الانتصارات التي حققتها المقاومة الشعبية في الأيام الأخيرة تبعث لليمنيين بمزيد من التفاؤل والعزم ، ووصف رئيس الحكومة اليمني العمل الجماعي للتحالف العربي، بقيادة السعودية، بـ”الأساسي” لتحرير عدن.\nوأضاف أن الحكومة المركزية ستكون عبئا على عدن، لذلك يتم التركيز على دعم السلطات المحلية أولا في المحافظة الجنوبية.\nوأوضح بحاح أن دمج المقاومة الشعبية بالجيش الوطني هدفه إيجاد توازن بالقوات المسلحة، متوقعا عودة نصف مليون نازح خلال الأسابيع الثلاثة المقبلة.\nوتابع “من يقود العملية السياسية في اليمن اليوم جيل جديد يحب الحياة. الحكومة الحالية كانت حكومة تنموية، لكنها وجدت نفسها أمام تحديات جديدة، وسنعمل على استكمال المسار السياسي. الحكومة الحالية تمثل الجمهورية اليمنية”.\nوشدد رئيس الوزراء اليمني  بحسب سكاي نيوز على أن العودة إلى الحوار يعني الالتزام بمخرجات الحوار الوطني وتطبيقها، قائلا إن مهمة المبعوث الدولي إلى اليمن هي العمل على تطبيق القرار الأممي 2216.\nوعن الدور الإيراني بالأزمة اليمنية، قال: “لن نسمح بأي تدخل إيراني في اليمن، وطهران كان دورها سلبيا في الأزمة اليمنية”. رابط الخبر بصحيفة الوئام: بحاح: لن نسمح بأي تدخل إيراني باليمن ",
    "date_extracted": "2015-08-04 18:14:10"
}