{
    "url": "http://www.alweeam.com.sa/350806/سيارة-مسرعة-تدهس-مقيم-بعفيف/",
    "title": "سيارة مسرعة تدهس مقيمًا بعفيف",
    "author": "عفيف - الوئام - عبد الله العازمي :",
    "content": " تعرض عامل، من جنسية باكستانية، بعفيف، لحادثة دهس على الشارع العام، مقابل مبنى الدفاع المدني، من سيارة مسرعة؛ مما نتج عنه إصابته بإصابات، وصفت بالخطيرة، وتم نقله إلى مستشفى عفيف العام، عبر سيارة الهلال الأحمر، لتلقي العلاج اللازم، فيما باشرت الأجهزة الأمنية الحادثة.         رابط الخبر بصحيفة الوئام: سيارة مسرعة تدهس مقيمًا بعفيف ",
    "date_extracted": "2015-08-04 18:13:40"
}