{
    "url": "http://www.alweeam.com.sa/351057/قيادة-القوات-المشتركة-هبوط-اضطراري-لط/",
    "title": "قيادة القوات المشتركة : هبوط اضطراري لطائرة اباتشي تابعة للقوات البرية السعودية بمنفذ الطوال",
    "author": "الرياض-الوئام:",
    "content": " أصدرت قيادة القوات المشتركة اليوم بياناً أوضحت فيه أنه في صباح اليوم الأربعاء أجرت طائرة اباتشي تابعة للقوات البرية السعودية بعد تنفيذها لعمليات على الحد الجنوبي هبوطاً اضطرارياً في منفذ الطوال السعودي ولم تتعرض الطائرة لأي أضرار ولم يصب الطيار ومساعده بأي أذى ولله الحمد.\nرابط الخبر بصحيفة الوئام: قيادة القوات المشتركة : هبوط اضطراري لطائرة اباتشي تابعة للقوات البرية السعودية بمنفذ الطوال ",
    "date_extracted": "2015-08-06 01:10:32"
}