{
    "url": "http://www.alweeam.com.sa/350686/تعليم-ينبع-يبدأ-إجراء-المقابلات-الشخص/",
    "title": "تعليم ينبع يبدأ إجراء المقابلات الشخصية للمعلمين المعينين حديثاً",
    "author": "ينبع -الوئام:",
    "content": " بدأت إدارة التعليم بمحافظة ينبع إجراء المقابلات الشخصية للمعلمين المعينين حديثاً، والمرشحين للتدريس بالمحافظة، في مختلف التخصصات، وذلك بمقر قاعات التدريب التربوي.\nوأوضح مدير التعليم بالمحافظة محمد بن عبدالله العقيبي أن آلية المقابلات الشخصية للمرشح تجري من خلال لجان التدقيق والمطابقة والتسجيل، وصولاً إلى لجنة المقابلة واللجنة الطبية.\nرابط الخبر بصحيفة الوئام: تعليم ينبع يبدأ إجراء المقابلات الشخصية للمعلمين المعينين حديثاً ",
    "date_extracted": "2015-08-03 19:54:42"
}