{
    "url": "http://www.alyaum.com/article/4079489",
    "title": "اليوم .. إطلاق الألعاب النارية بالخبر والأطفال يتسابقون على خيمة الطفل",
    "author": "خالد سجاف - الدمام",
    "content": " تواصل الفعاليات المصاحبة لحفل الاهالي بعيد الفطر السعيد ومهرجان صيف الشرقية فعالياتها اليوم في خامس أيام العيد، حيث سيكون اهالي وزوار محافظة الخبر على موعد مع اطلاق الالعاب النارية الساعة 9.30، والاستمتاع بعروض مسرح الطفل والمسابقات التعليمية المشوقة بالواجهة البحرية بالخبر، اضافة الى فعاليات المجمعات التجارية من الساعة الرابعة وحتى العاشرة مساء في مجمعات (الراشد التجاري، والقطيف سيتي مول، ودارين مول). وانطلقت ثالث ايام العيد الالعاب النارية في منطقة شاطئ نصف القمر (الهاف مون) الذي يحظى بزيارات مختلفة من جميع مناطق المملكة، بفقرات مشوقة وحديثة لاقت تفاعلا واستحسانا كبيرا خصوصا وانها تضيء على شاطئ البحر وتعكس ألوانها على مياهه، ويتميز شاطئ نصف القمر بطول ساحله حيث تقضي فيه العوائل في الاماكن المخصصة لهم والشباب ايضا اوقاتا ممتعة تمتد الى الساعات الاولى من الصباح، وسط انشطة متنوعة ما بين ممارسة الالعاب الشعبية وكرة القدم والاستمتاع بفنون الطبخ والشواء في الهواء الطلق. وشهدت خيمة الطفل المقامة على الواجهة البحرية بالخبر مشاركة مميزة من الاطفال الذين حرص ابناؤهم على استفادتهم من العلوم المتنوعة، من خلال انخراطهم في برامج عملية متنوعة تقدم المعلومات بطريقة مشوقة حتى يستفيد منها الاطفال وتكسبهم المعرفة اللازمة في العديد من المجالات ومنها صناعة الاشكال من الورق بالاضافة الى التطبيق العملي لعدد من المهن. وفي القطيف استمتع زوار المنطقة بمشاهدة عروض الالعاب النارية التي انطلقت عند الساعة التاسعة والنصف مساء، حيث قدمت فاصلا جماليا رسم على اجواء المحافظة خطوطا من الجمال ولونها بألوان العيد التي ابهرت الحضور الذين احتشدوا لمشاهدتها، وتعاود اليوم اطلاق الالعاب النارية بالخبر في التوقيت نفسه. وكانت المجمعات التجارية (الراشد التجاري، والقطيف سيتي مول، ودارين مول) قد بدأت فعالياتها منذ ثاني أيام العيد وتستمر لمدة 14 يوما بفعاليات متنوعة جاذبة للاسر والأطفال، وقدمت العديد من الفقرات التي لاقت استحسان الحضور من مسابقات ثقافية للأطفال والعوائل، ورسم على الوجه ونقش الحنا إضافة الى إقامة دوري البلاي ستشين ومسارح للدمى للأطفال. وتحظى فعاليات عيد وصيف الشرقية بحالة امنية عالية واستعدادات كبيرة، حيث يشارك فيها عدد من حراس الأمن من خلال تواجدهم الدائم في الفعاليات وكان لهم الدور الكبير في حالة الامن المستقرة، وتقديم الخدمات والحفاظ على سير العمل وسلاسة التنظيم في دخول وخروج الزوار. أطفال مشاركون في احدى الفقرات فقرة في إحدى الفعاليات بأحد المجمعات استمتاع الأطفال بإحدى الفقرات ",
    "date_extracted": "2015-07-21 10:36:47"
}