{
    "url": "http://www.alyaum.com/article/4079515",
    "title": "أرامكو ترسم البسمة على مرضاها المنومين",
    "author": "اليوم - جدة",
    "content": " نظمت الشؤون الحكومية بشركة أرامكو السعودية أمس بالتعاون مع العلاقات الطبية في مركز جونز هوبكنز أرامكو الطبي بالمنطقة الغربية، برنامجاً لزيارة مرضاها المنومين في المستشفيات المتعاقد معها بجدة خلال فترة عيد الفطر المبارك. ورسمت أرامكو السعودية الابتسامة على وجوه المنومين من خلال توزيع الهدايا عليهم وتهنئتهم بعيد الفطر المبارك في لمسة وفاء حانية تجسد حجم المسؤولية الاجتماعية التي تطبقها الشركة مع منسوبيها، وهي عادة سنوية دأبت الشركة على تكرارها كل عام. وعبر المرضى عن سعادتهم باللفتة الإنسانية للشركة، مؤكدين دور أرامكو السعودية في دعم منسوبيها وأفراد أسرهم المستمر في مختلف المجالات، وتجسد اهتمامها بتعزيز التواصل معهم والاطمئنان على صحتهم. ",
    "date_extracted": "2015-07-21 10:38:16"
}