{
    "url": "http://www.alyaum.com/article/4079418",
    "title": "مسرحية أم خماس وعروض طيور الجنة تشعل الجمهور في الصالة الخضراء",
    "author": "اليوم - الدمام",
    "content": " اختتمت أمس -ثالث أيام عيد الفطر السعيد- الفعاليات المقامة على مسرح الصالة الرياضية الخضراء بحي الراكة بالدمام ضمن الفعاليات المصاحبة لحفل الأهالي ومهرجان صيف الشرقية، حيث امتلأت مدرجات الصالة بعدد كبير من الجمهور الذي جاء متشوقا للعديد من الفنون والفعاليات التي قدمت مساء أمس في قالب من المتعة والتشويق والابهار. وتتواصل اليوم - رابع أيام العيد- الفعاليات، حيث تنطلق عند الساعة الرابعة والنصف فعاليات المجمعات في مجمع الراشد التجاري، والقطيف سيتي مول، ودارين مول، كما ستنطلق عند الساعة التاسعة والنصف الألعاب النارية في الواجهة البحرية بالدمام، اضافة إلى عروض وفعاليات قرية مسرح الطفل بالواجهة البحرية بالخبر. وكان الجمهور على موعد مع فرقة طيور الجنة التي تتجدد عروضها بشكل مستمر، حيث قدمت عروضها لثلاثة أيام على مسرح الصالة الخضراء، استطاعت من خلالها تحقيق هدف التسلية والفائدة عند الاطفال الذين رددوا مع الفرقة عددا من الأناشيد التي صدحت بها الفرقة ومن أبرزها «السعودية في قلوبنا» اضفت حماسة كبيرة بالاضافة الى اناشيد العيد ومجموعة قدمت لاول مرة. وأكد مدير فرقة طيور الجنة أن الجمهور السعودي جمهور جميل يتمتع بذوق رفيع ويبدو ذلك في تفاعله مع الأناشيد التي تقدمها الفرقة، واضاف ان ١٠ اطفال ورجال هم أعضاء الفرقة يعملون على المسرح وينتسبون لجنسيات متعددة من الأردن والمغرب واليمن وسوريا، كما تم اكتشاف مواهب الأطفال من برنامج «كنز» للبحث عن المواهب العربية، وأشار الى أن الموهوبة جنا خالد مقداد احدى مواهب الفرقة سعيدة بمشاركة جميع الأطفال في المملكة اعيادها. وما ان بدأت عروض المسرحيات حتى امتلأت مدرجات جمهور الصالة الخضراء، حيث حققت المسرحية الكوميدية الهادفة ام خماس تفاعلا كبيرا من الحضور الكبير الذي احتشد للاستمتاع بفعاليات العيد والفقرات المتنوعة التي جاءت ضمن الجدول، وقدمت الشخصية الكرتونية الشهيرة ام خماس عرضاً شهد تفاعلاً جماهيرياً كبيراً من جانب الأطفال الذين استمتعوا بمجموعة من عروض الشخصيات الترفيهية الجميلة التي تركت علامات مميزة لديهم. ولم يغب اوبريت «مجدك يا سلمان» الذي قدم ضمن فقرات حفل الاهالي عن مسرح الصالة، حيث طالب كثير من الحضور باعادته ضمن فعاليات ثاني العيد، وتغنى الجمهور بالصالة الخضراء بحماس شديد مع كلمات الاوبريت الحماسية، حيث ردد الجمهور بعضا من كلمات الأوبريت التي تقول (دام عزك يا وطن ودام مجدك يا وطن ودام خيرك يا وطن حماك الله يا وطن شر الفتن وغدر الزمن، والبسك الله يا خادم الحرمين الشريفين ثوب الصحة على طول الزمن، نعم تعيش ياوطن ويموت اعداك قهر وحسرة وندم، نعم تعيش يا وطن وكل شعبك متماسكين بالايدي على طول الزمن). أما مسرحية السنافر الهادفة فقد التقى جمهور الصالة الخضراء مع العرض وتفاعل معه، حيث قدمت القصة -المأخوذة من مسلسل السنافر الكارتوني- وسط قالب كوميدي ضاحك اسعدت قلوب الحضور خصوصا الاطفال الذين أبدوا إعجابهم بالقصة التي تركزت حول الصراع الأبدي ما بين الشر والخير، وقدمها شخصيات المسرحية الشهيرين مثل شرشبيل الشرير الذي نفذ عملية اختطاف لطلاب المدرسة بهدف المطالبة بفدية من ذويهم، إلا أن شرشبيل يفشل في الحصول على الفدية ولكنه واصل اعماله متمسكا بشعار لا يأس من الحياة ولا حياة مع اليأس، وقد اثنى الحضور على طريقة العرض واستغلال المسرح بما يخدم ويساند الممثلين في تقديم ادوارهم. كما أضاءت الألعاب النارية سماء المنطقة التي احتشد لمشاهدتها كثيرون، حيث انطلقت عند الساعة 9.30 مساء في محافظتا القطيف (الكورنيش) والخفجي (الكورنيش) الألعاب النارية بالإضافة إلى شاطئ نصف القمر عند التوقيت نفسه. أوبريت مجدك ياوطن أنشودة في عروض طيور الجنة عرض طيور الجنة الجمهور استمتع بالفعاليات أحد العروض المحببة لدى الأطفال أطفال في أحد أركان المهرجان إقبال على فعاليات المجمعات التجارية ",
    "date_extracted": "2015-07-22 10:39:32"
}