{
    "url": "http://www.alyaum.com/article/4079509",
    "title": "بلدية الخبر تعايد منومي مستشفى الملك فهد الجامعي",
    "author": "اليوم - الخبر",
    "content": " قامت بلدية محافظة الخبر أمس الأول بتنظيم زيارة لمستشفى الخبر الجامعي لمعايدة المرضى المنومين وتأتي هذه الزيارة ضمن إطار مسئوليتها الاجتماعية. وقد نظمت البلدية برنامجاً احتفالياً لزيارة ومعايدة المرضى بمستشفى الملك فهد الجامعي لأكثر من ٦٠ مريضا تم زيارتهم وتقديم التهاني والهدايا بمناسبة عيد الفطر المبارك متمنين لهم الشفاء العاجل. وأوضح مدير عام العلاقات العامة والاعلام والمتحدث الإعلامي بأمانة المنطقة الشرقية محمد الصفيان: إن رئيس بلدية محافظة الخبر المهندس عصام الملا قام وعدد من موظفي البلدية بزيارة مستشفى الملك فهد الجامعي بالخبر لمعايدة المنومين، وتقديم الهدايا والتهاني بمناسبة حلول عيد الفطر المبارك وتأتي هذه المبادرة ضمن المسؤولية الاجتماعية التي تقوم بها أمانة المنطقة الشرقية. وبين الصفيان أن هذه المبادرة ليست مستغربة على منسوبي الأمانة والبلديات في تقديم المسؤولية الاجتماعية، وتأتي هذه المبادرات من توجيه وحرص من أمين المنطقة الشرقية المهندس فهد الجبير بتعميمها على كافة البلديات بالمنطقة بتفعيل المسؤولية الاجتماعية، والتي كانت آخرها مبادرة تكريم رجال النظافة من خلال اطلاق حملة \"عيدنا مع رجال النظافة\" بالتعاون مع فريق «يداً بيد التطوعي» بالمنطقة الشرقية، تم من خلالها تكريم اكثر من 4000 رجل نظافة في الواجهة البحرية بالدمام، كما استمرت الحملة في غرب الدمام، حيث قامت بلدية غرب الدمام بتكريم عدد من رجال النظافة وذلك عملا بتوجيه امين المنطقة الشرقية في استمرار الحملة في كافة بلديات المنطقة. وأشار الصفيان إلى أن عدد المنومين الذين تم زيارتهم بلغ 60 مريضاً تم تقديم الهدايا والتهاني والدعاء لهم بالشفاء العاجل متمنين دوام الصحة والعافية للجميع. ",
    "date_extracted": "2015-07-21 10:38:14"
}