{
    "url": "http://www.alyaum.com/article/4079427",
    "title": "البراك يعايد الأيتام في دار الإيواء",
    "author": "عبداللطيف المحيسن ـ الاحساء",
    "content": " قام وكيل محافظة الاحساء خالد بن عبدالعزيز البراك بزيارة لدار الإيواء التابع لجمعية فتاة الأحساء الخيرية النسائية بمناسبة عيد الفطرالمبارك وذلك انفاذا لتوجيهات صاحب السمو الملكي الامير سعود بن نايف امير المنطقة الشرقية وبحضور المديرة المناوبة ريم الملحم والمساعدة الفنية لينا محمد وسلوى العباد والمرشدة الاجتماعية رقية الواو. وقد التقى البراك بعدد من الايتام وقدم لهم هدايا بمناسبة عيد الفطر المبارك واستمع الى شرح عن الدار من ريم الملحم وبينت ان الدار تم بناؤها بعطاء من السيدة عائشة الراشد وفق أحدث مواصفات البناء الحديث وتوفر أفضل بيئة متكاملة لمعيشة الفتيات، وتقدم الدار عديداً من الخدمات التي تتضمن تقديم الرعاية الاجتماعية من إعاشة وسكن من خلال تجهيز سكن الطالبات والمبنى الاجتماعي، وتقديم الرعاية التدريبية من خلال توفير مبنى اجتماعي متكامل يحتوي على قاعات تدريب متعددة مهنية وحرفية وكذلك الفنون التشكيلية والأعمال اليدوية بإشراف اختصاصيات في هذا المجال. واضافت الملحم أن المبنى يتكون من اقسام رعاية الأيتام والإرشاد النفسي، والجمعيات الخيرية، ووحدة الإعلام الاجتماعي في مرافق الدار بقسميها السكني والثقافي. مشيرة الى أنه تم تجهيز الدار بأثاث وأدوات كهربائية وتجهيزات مكتبية ومطابخ، إضافة إلى الملعب والساحة الخارجية وقاعات التدريب والقاعة الكبرى التي تتسع لأكثر من 250 فتاة. فيما تضمن المبنى قاعات للتدريب والتعليم الأكاديمي والمهني، وبينت أن المبنى أيضا يحتوي على قاعة رياضية، مشيرة إلى أن المبنى السكني مكون من ثلاثة أدوار تضم 12 شقة، خصصت منها شقتان للضيافة والحالات الطارئة من فتيات الدور والأسر المحتاجة في الأحساء. وفي نهاية الزيارة نقل الوكيل تحيات سمو امير الشرقية وسمو محافظ الاحساء كما تبادل اطراف الحديث مع الايتام مشيدا بفكرة تشييد الدور الاجتماعية ضارباً المثال بدار عائشة الراشد، موضحاً أن العمل الخيري الاجتماعي أصبح مطلباً مُلِحاً في ظل تسارع نمط الحياة اليومية. ",
    "date_extracted": "2015-07-21 02:45:51"
}