{
    "url": "http://www.alyaum.com/article/4079455",
    "title": "مبنى «طيران خاص» بمطار الدمام بعد عامين",
    "author": "خالد سجاف - الدمام",
    "content": " توقع إدارة مطار الملك فهد الدولي بالدمام يوم 7 شوال الجاري، عقد إنشاء وتشغيل مبنى الطيران الخاص مع شركة \"إكس جت\" الأمريكية، التي تُعَدّ إحدى أقوى وأكبر الشركات المتخصصة والمصنفة عالمياً في مجال بناء وتشغيل مباني الطيران الخاص، وفق أحدث السبل والتقنيات المتطورة والحديثة وسيحتوي المبنى الذي تقرر إنشاؤه شمال الصالة الملكية بالمطار على ساحة تستوعب عشرات المواقف للطائرات بمختلف الأحجام، وتستغرق مدة تنفيذه حوالي 24 شهراً. ويأتي توقيع العقد في مقر المطار بالدمام بحضور نخبة من رجال الأعمال والإعلام المتخصصين مُلّاك الطائرات الخاصة والمهتمين بهذا المجال، في اطار ضرورة إيجاد مبنى متخصص يخدم مالكي الطائرات الخاصة من خلال مطار الملك فهد الدولي. ",
    "date_extracted": "2015-07-21 02:46:18"
}