{
    "url": "http://www.alyaum.com/article/4079588",
    "title": "العثور على حية كوبرا نافقة يرجح أنها قتلت صاحبها",
    "author": "رويترز - تكساس",
    "content": " قالت السلطات إن حية كوبرا ربما تكون قد عضت صاحبها وقتلته في أوستن بولاية تكساس عثر عليها نافقة بأحد شوارع المدينة. وقالت الشرطة: إنه لم تستكمل بعد نتائج تشريح جثة صاحب حية الكوبرا الذي عثر عليه فاقد الوعي في سيارته يوم الثلاثاء الماضي وفي صحبته حية غير سامة موضوعة في قفص الى جانب ستة من العناكب وضفدع أمريكي كبير. وتوفي الرجل في وقت لاحق بأحد مستشفيات منطقة أوستن. وأعيدت حية الكوبرا وهي من نوع (مونوكليد) الى منزل الرجل لكنها اختفت منذ هذا الوقت. وقالت الشرطة: إنها تلقت ما يفيد بالعثور عى حية نافقة في شارع ويبدو ان مركبة قد دهستها. وتطابق وصف الحية النافقة مع الكوبرا المختفية وتسلمتها ادارة أوستن للرفق بالحيوان. ولا تعتبر ولاية تكساس موطنا طبيعيا لحيات الكوبرا من نوع (مونوكليد). وتترقب الشرطة نتيجة تشريح جثة صاحب الحية وتقارير السمية. ",
    "date_extracted": "2015-07-21 10:39:08"
}