{
    "url": "http://www.alyaum.com/article/4079557",
    "title": "الهولندي «فلار» يغيب أربعة أشهر",
    "author": "رويترز - أمستردام",
    "content": " نقلت وسائل إعلام هولندية عن المدافع الهولندي الدولي رون فلار قوله إنه سيغيب عن ملاعب كرة القدم مدة أربعة أشهر، وهي فترة أطول مما توقع في البداية بعد خضوعه لعملية جراحية في الركبة. وخضع فلار (30 عامًا) للعملية في الشهر الماضي، وكان يتوقع أن يعود إلى اللعب من جديد بعد شهر واحد لكنه قال إنه تعرّض لانتكاسة ما يعني أن عملية إعادة التأهيل قد تستغرق مدة ربما تصل لأربعة أشهر. ولا يرتبط فلار بأي فريق بعد انتهاء عقده مع أستون فيلا الانجليزي الذي استمر معه ثلاثة مواسم وكان يضع شارة قيادته. وكان فلار يأمل في التعاقد مع احد الأندية خلال الأسابيع المقبلة في حين تحدثت بعض التقارير الإعلامية عن احتمال انتقاله إلى ساوثامبتون الانجليزي أو إلى لاتسيو الايطالي. ",
    "date_extracted": "2015-07-21 10:39:02"
}