{
    "url": "http://www.alyaum.com/article/4079565",
    "title": "«فنون أبها» تقيم حفلاً شعبياً بمناسبة عيد الفطر المبارك",
    "author": "اليوم- ابها",
    "content": " ‎تقيم الجمعية العربية السعودية للثقافة والفنون في أبها حفلا شعبياً بمناسبة عيد الفطر المبارك، وذلك عند التاسعة من مساء اليوم الثلاثاء في مقر الجمعية بقرية المفتاحة بأبها. وأوضح مدير فنون أبها أحمد السروي أن الجمعية تقيم هذا الاحتفال ضمن أنشطتها التي تواكب الاحتفالات بعيد الفطر المبارك، داعيا الجميع للحضور لمشاهدة ما سيقدم في هذه المناسبة من فعاليات وبرامج. ",
    "date_extracted": "2015-07-21 10:39:11"
}