{
    "url": "http://www.alyaum.com/article/4079545",
    "title": "الخليج يحط رحاله في إسبانيا استعداداً لجميل",
    "author": "حسام النصر ـ سيهات",
    "content": " وصلت بعثة فريق الخليج الاول لكرة القدم الى مقاطعة بلد الوليد باسبانيا في وقت مبكر من يوم امس الاثنين وذلك لاقامة المعسكر الخارجي والذي سيستمر لمدة 21 يوماً استعداداً لدوري عبداللطيف جميل. وضمت البعثة الجهاز الاداري وهم حسين الصادق مدير الفريق الاول وعلي السبع ووهبي المرزوق اما الجهاز الفني التونسي بقيادة المدرب جلال قادري ومساعده رمزي جلمود ومدرب اللياقة انيس الحيدري والمساعد خليل ومدرب الحراس الوطني تيسير آل نتيف وأخصائي العلاج الطبيعي جعفر عبد رب الرسول وجعفر الزاكي. و24 لاعباً وهم: مسلم آل فريج، علي الاحسائي، محمد الطويل، مهدي الشويخات، حسام الجدعاني، حسن الطريدي، محمد شفيق، أحمد مشقي، عباس الشنقيطي، عيسى العباس، سلمان هزازي، حسين الشيخ، علاء ريشاني، هادي عباس، هتان باهبري، طلال مجرشي، عبدالله السالم، حسين تركي، محمد الراشد، ثامر المشيقح، فهد السويلم، كما ضم المدرب ثلاثة من لاعبي الفريق الاولمبي وهم قاسم وعلي اللاجامي وعلاء حجّي، فيما سيواصل الاردني ابراهيم الزواهرة والغيني سيلا تدريباتهما في نادي الخليج بسيهات تحت اشراف التونسي مدرب اللياقة الثاني شكري الزعلاني الى حين الانتهاء من الأوراق الرسمية التي تسمح لهما بالانضمام الى معسكر اسبانيا في حين ينتظر وصول الكاميروني أمينو بوبا والعراقي مروان حسين الى مدينة سيهات عقب فترة إجازة عيد الفطر والتي حالت دون انضمامهما الى الفريق وسيخضع الرباعي الاجنبي الى برنامج لياقي خاص تحت اشراف المدرب زعلاني. وتقرر ان يخوض فريق الخليج بمعسكر اسبانيا 4 مباريات ودية مع فرق إسبانية بشكل تدريجي وهي مع فريق كريستو أتليتكو وفريق اس دي بيسرال وفريق اس دي بلنسيا وسيختتم الدانة مبارياته الودية بمواجهة قوية مع فريق بلد الوليد. ",
    "date_extracted": "2015-07-21 10:38:57"
}