{
    "url": "http://www.alyaum.com/article/4079560",
    "title": "الزمالك يحتاج إلى نقطة من الأهلي لإحراز الدوري",
    "author": "حسام أبو العلا - القاهرة",
    "content": " يلتقي حامل اللقب الأهلي مع المتصدر الزمالك اليوم الثلاثاء في لقاء القمة المؤجل من المرحلة الـ 37 من الدوري المصري لكرة القدم، ويحتاج الزمالك إلى نقطة للتتويج رسميا باللقب الغائب عن خزائنه منذ 11 عاما. ويعتلى الفريق (الأبيض) قمة جدول المسابقة برصيد 83 نقطة مقابل 74 نقطة للأهلي الذي يهيمن على لقب الدوري منذ 2005. وأكد ثروت سويلم، المدير التنفيذي للاتحاد المصري، أنه تم نقل مباراة الدربي إلى ملعب برج العرب بالاسكندرية بعد تدخل رئيس الوزراء إبراهيم محلب. وكان الأهلي قد اعترض على إقامة المباراة في الجونة عصرا وهدد بعدم خوضها. وأعلن عصام عبدالفتاح، رئيس لجنة الحكام، اختيار طاقم تحكيم صربي بقيادة ميلوراد مازيتش لإدارة مباراة القمة. وأدار مازيتش مباراتي المانيا والبرتغال، والأرجنتين وإيران في نهائيات كأس العالم 2014 بالبرازيل. واستقر الجهاز الفني للزمالك بقيادة البرتغالي جيسوالدوا فيريرا على القائمة التى ستخوض مواجهة الأهلي اليوم وتضم كلا من أحمد الشناوى ومحمد أبوجبل وعلي جبر ومحمد كوفي وحمادة طلبة وإسلام جمال وأحمد سمير ومعروف يوسف وحازم إمام وعمر جابر وإبراهيم صلاح وأحمد توفيق وطارق حامد ومحمد شعبان وخالد قمر وأيمن حفني وباسم مرسي ومصطفى فتحي وعبدالله سيسيه ويوسف أوباما وأحمد عيد عبدالملك. من جهته أكد فتحي مبروك، المدير الفني للأهلي، جاهزية جميع اللاعبين من الناحية الفنية والبدنية لخوض لقاء القمة على ملعب برج العرب، مشيراً الى أن التدريبات شهدت منافسة شديدة بين اللاعبين من أجل حجز مقعد اساسي في تشكيلة اللقاء. واوضح أن اللاعبين تعاهدوا على الفوز بالثلاث نقاط؛ لاستكمال سلسلة الانتصارات في المسابقة المحلية خاصة ان اللقاء خير استعداد لمواجهة النجم الساحلي في بطولة الكونفدرالية. فيما اشار الموقع الرسمي للأهلي ان جماهير الأهلي حرصت على الحضور إلى مقر النادى بالجزيرة لمتابعة التدريب الأخير ومؤازرة الفريق وتقديم الدعم للاعبين وملأت الجماهير مدرجات ملعب مختار التتش. وكان مجلس الأهلي برئاسة المهندس محمود طاهر قرر فتح ابواب النادي أمام الجماهير قبل مباراة القمة. ",
    "date_extracted": "2015-07-21 10:39:05"
}