{
    "url": "http://www.alyaum.com/article/4079470",
    "title": "مقابلات المعينين الجدد بتعليم القصيم 10 شوال",
    "author": "اليوم - بريدة",
    "content": " حددت الإدارة العامة للتعليم بمنطقة القصيم الأحد المقبل العاشر من شهر شوال الجاري موعدا لإجراء المقابلات الشخصية للمرشحين للوظائف التعليمية. وأوضح مدير إدارة شؤون المعلمين عبدالرحمن المجحدي أن هذا الإجراء يعد استكمالا لإجراءات التعيين للمتقدمين لشغل الوظائف التعليمية بنين. مبينًا أنه على المرشح الدخول على برنامج المقابلات الشخصية عبر الموقع الالكتروني وتحديد موعد المقابلة الشخصية وفق المواعيد المحددة. مشيرًا إلى ضرورة إحضار المرشح المستندات الرسمية، وهي : بطاقة الهوية الوطنية مع صورة، وصورة من الشهادة الجامعية مصدقة، السجل الأكاديمي. وأفاد بأن المرشحين يمكنهم إجراء المقابلة الشخصية في أقرب إدارة تعليم لسكنهم عبر البرنامج نفسه. مؤكدا أنه على المرشحين سرعة التسجيل وإنهاء إجراءات المقابلة الشخصية حتى لا يتعرض أحد المرشحين للتأخر في التعيين. وبين المجحدي أن المقابلات النسائية ستحدد في حينها بعد ظهور أسماء المرشحات. ",
    "date_extracted": "2015-07-21 02:45:43"
}