{
    "url": "http://www.alyaum.com/article/4079125",
    "title": "الجبير : دول المنطقة تريد أن ترى حلاً سلميًا للبرنامج النووي الإيراني",
    "author": "واشنطن - واس",
    "content": " قال معالي وزير الخارجية الأستاذ عادل بن أحمد الجبير اليوم \" إن على إيران أن تستخدم الاتفاق النووي الذي تم التوصل إليه هذا الأسبوع مع القوى العالمية الست لتحسين اقتصادها وليس لمواصلة المغامرات في المنطقة \". وأضاف معاليه للصحفيين عقب لقائه معالي وزير الخارجية الأمريكية جون كيري إنه \"إذا حاولت إيران أن تسبب مشاكل في المنطقة، فنحن سوف نواجهها بحزم\". وأبان معاليه أن كل دول المنطقة تريد أن ترى حلاً سلميًا للبرنامج النووي الايراني, مرحبًا بالاتفاقية \" التي تقوم على نظام تفتيش قوي ومستمر للتأكد من أن إيران لا تنتهك بنود الاتفاقية\"، مشيرًا إلى أنه أيضا يجب أن يكون هناك \" آلية فعالة وسريعة تسمح بعودة فرض العقوبات بسرعة في حالة انتهاك طهران للاتفاقية\". ",
    "date_extracted": "2015-07-21 02:45:42"
}