{
    "url": "http://www.alyaum.com/article/4079528",
    "title": "مناورات عسكرية غربية أوكرانية واسعة",
    "author": "ا ف ب - يافوريف",
    "content": " بدأت الولايات المتحدة وأوكرانيا امس الاثنين مناورات واسعة في الغرب الاوكراني القومي بمشاركة حوالى 16 بلدًا آخر، يفترض ان تظهر الدعم الدولي للعملية العسكرية التي تقوم بها كييف في الشرق الانفصالي المولي لروسيا. وعلى وقع النشيد الوطني الامريكي رفع جنديان امريكيان علم الولايات المتحدة في ستاد منطقة يافوريف العسكرية الشاسعة القريبة من الحدود البولندية. وبعد ذلك رفع جنديان اوكرانيان العلم الاوكراني في مراسم اطلاق المناورات التي تحمل اسم رابيد ترايدنت وتستمر حتى 31 تموز/ يوليو. واستعرضت القيادتان الامريكية والاوكرانية للمناورات حوالى الفي عسكري قاموا بتحيتهم بلغتهم. وتشارك في المناورات دبابات ومروحيات امريكية ستحلق فوق المنطقة ما يهدد بإثارة غضب روسيا. وقال الكولونيل اولكسندر سيفاك: «للمرة الاولى توحد المناورات 18 بلدًا وهذا يدل على الدعم الكبير الذي تتمتع به اوكرانيا في كفاحها من اجل الحرية والسيادة». ",
    "date_extracted": "2015-07-21 10:38:43"
}