{
    "url": "http://www.alyaum.com/article/4079451",
    "title": "70 % من مرضى القلب يتناولون الأسبرين",
    "author": "اليوم - واشنطن",
    "content": " كشف تقرير حديث أن حوالى سبعة من كل 10 أمريكيين من الذين يعانون من أمراض القلب أو السكتة الدماغية يتناولون الأسبرين بانتظام. وأوضح الباحثون أنه يتم الترويج لتناول جرعة منخفضة من الأسبرين كوسيلة غير مكلفة وفعالة للوقاية من الأمراض القلبية الوعائية. وأشار باحثون من المراكز الأمريكية لمكافحة الأمراض والوقاية “CDC”، إلى أن 70.8٪ من الكبار الذين يعانون من مرض من أمراض القلب والأوعية الدموية يستخدمون الأسبرين بشكل منتظم كل يوم أو كل يومين. وهناك نحو 94 فى المائة يتناولون جرعة منخفضة من الاسبرين المستخدم عن طريق البلع أو أسبرين الأطفال للأشخاص الذين لديهم تاريخ من مشاكل القلب، وذلك لمنع حدوث نوبة قلبية أخرى. وأضاف الخبراء: إن الجرعة المنخفضة من الأسبرين هى 81 ملليجراما، ويوصى بتناولها يومياً لمرضى القلب، وذلك بعد تناول وجبة الغداء الرئيسية. وقد نشرت نتائج التقرير عبر الموقع الطبى الأمريكي “Health Day News”، وذلك في الثامن عشر من شهر يوليو الجاري. ",
    "date_extracted": "2015-07-21 02:46:18"
}