{
    "url": "http://www.alyaum.com/article/4079584",
    "title": "عروض فلكلورية لنزلاء« التأهيل الشامل» بالمدينة المنورة",
    "author": "اليوم - المدينة المنورة",
    "content": " شاركت أمانة منطقة المدينة المنورة ضمن فعاليات \"عيد طيبة 36\" أمس الاول نزلاء مركز التأهيل الشامل بالمدينة المنورة في الحفل الرئيس وبرامج الحي التراثي بحضور أمين المنطقة الدكتور خالد بن عبدالقادر طاهر. وتضمن الحفل - الذي أقيم بحديقة الملك فهد بالمدينة المنورة وبمشاركة أهالي المنطقة وزائريها - عددا من العروض الشعبية الفلكلورية والبرامج والمسابقات المتنوعة وألعاب الأطفال. ",
    "date_extracted": "2015-07-21 10:39:07"
}