{
    "url": "http://www.alyaum.com/article/4079540",
    "title": "الذهب يقلص خسائره لكن المخاطر لا تزال قائمة",
    "author": "وكالات - مانيلا",
    "content": " قلص الذهب خسائره بعدما هبط بنحو 4% مسجلا أدنى مستوياته في ما يزيد على خمس سنوات أمس الإثنين مع عمليات بيع في الصين أكبر مستهلك للمعدن الأصفر النفيس في العالم في ظل تنامي التوقعات برفع أسعار الفائدة في الولايات المتحدة وهو ما شكل ضربة جديدة لوضع الذهب كملاذ آمن للاستثمار. وكان الهبوط مفاجئا في أسعار الذهب والبلاتين التي كسرت مستويات دعم حرجة منذ يوم الجمعة، مع ارتفاع الدولار وسط تنامي التوقعات بأن مجلس الاحتياطي الاتحادي (البنك المركزي الأمريكي) سيخفض أسعار الفائدة هذا العام. وهبط الذهب إلى 1088.05 دولار للأوقية (الأونصة) مسجلا أضعف مستوياته منذ مارس أذار 2010 بعدما فتحت بورصة شنغهاي للذهب بوقت قصير حيث ارتفعت أحجام التداول إلى مستوى قياسي. وتراجع الذهب في السوق الفورية 1.5 % إلى 1116.43 دولار للأوقية ليعاود الصعود فوق مستوى الدعم عند 1100 دولار. وانخفضت العقود الآجلة للذهب في الولايات المتحدة تسليم أغسطس 1.5 % إلى 1114.50 دولار للأوقية بعدما هبطت إلى 1080 دولارا أثناء الجلسة، كما أن الأسواق اليابانية مغلقة في عطلة عامة. وهبط البلاتين بنحو 5% إلى 942.49 دولار للأوقية متأثرا بتراجع الذهب ومسجلا أقل مستوياته منذ فبراير 2009 قبل أن يتعافى ليتم تداوله عند 974.24% منخفضا 1.8%. وتراجع البلاديوم 3.4% إلى 593 دولارا للأوقية مسجلا أدنى مستوياته منذ أكتوبر تشرين الأول 2012 قبل أن يقلص خسائره ويصل إلى 606 دولارات متراجعا 1.3%. وكانت الفضة الأقل تضررا بين المعادن النفسية اليوم حيث هبطت 0.5% إلى 14.79 دولار للأوقية. ",
    "date_extracted": "2015-07-21 10:37:02"
}