{
    "url": "http://www.alyaum.com/article/4079502",
    "title": "7 آلاف زائر في انطلاقة مهرجان الترفيه برأس تنورة",
    "author": "أحمد العمري - الدمام",
    "content": " قدرت اللجنة المنظمة على مهرجان التراث والترفيه براس تنورة عدد الزائرين الذين تواجدوا خلال افتتاح فعاليات المهرجان في يومه الأول بنحو 7 آلاف زائر وذلك من داخل وخارج المحافظة حيث غصت بهم جميع الأركان بجانب الأماكن التي تم تخصيصها للزائرين لمشاهدة العروض المقدمة من الفرق المشاركة، هذا وقد شهدت فعاليات المهرجان في يومه الثاني من مساء يوم أمس العديد من الفقرات المتنوعة ومنها المسرح والتفاعل مع الجمهور ثم عرض لمسرح العرائس ومسابقات الجمهور ومهارات الاستعراض بكرة القدم وخفة اليد وكرنفال الأطفال، وشخصيات الكتاتيب والشايب، بالإضافة الى كرنفال الشخصيات الكرتونية والمهرج وعرض فرقة إكليل تلتها فقرة مقلد الأصوات «أحمد الناجم» وعرض الألعاب الخطرة للكابتن أحمد الشمري بالإضافة الى السحب على الهدايا وجائزة المهرجان المقدمة من الرعاة واختتم الحفل بالعرضة السعودية بجانب التواجد داخل قرية الليوان التراثية للاطلاع على الحرف اليدوية والمقهى الشعبي بحيث تم تقديم اشكال مميزة تضيف البهجة والسرور على محيي الزائرين للمهرجان. ",
    "date_extracted": "2015-07-21 10:38:08"
}