{
    "url": "http://www.alyaum.com/article/4079488",
    "title": "العروض الفنيّة تزيّن احتفال العيد بمركز نشاط الخزنة في أبوعريش",
    "author": "واس - أبو عريش",
    "content": " احتفى مركز النشاط الاجتماعي في الخزنة التابع للجنة التنمية الاجتماعية الأهلية بمحافظة أبوعريش في منطقة جازان أمس الأول بعيد الفطر المبارك، من خلال الحفل الشعبي الذي احتضنته قرية الخزنة، بحضور عدد من الأهالي. واشتمل الحفل على عدد من كلمات التهاني والتبريكات والقصائد الشعرية، إلى جانب فقرات إنشادية شبابية، فيما قدمت فرقة الصورامة الفنية عروضا مسرحية وفنية متنوعة بمشاركة فرقة شباب مسرح الخزنة لاقت إعجاب الحضور. ورفع الأهالي تهنئتهم بمناسبة عيد الفطر المبارك إلى القيادة الرشيدة، سائلين المولى القدير أن يُعيد هذه المناسبة السعيدة باليمن والخير والمسرّات على الجميع. ",
    "date_extracted": "2015-07-21 10:37:51"
}