{
    "url": "http://www.alyaum.com/article/4079475",
    "title": "البحرين: تصريحات «خامنئي» تدخل فج ومرفوض في الشأن الداخلي",
    "author": "واس - المنامة",
    "content": " استدعت وزارة خارجية مملكة البحرين مساء أمس القائم بأعمال السفارة الإيرانية لدى مملكة البحرين بالإنابة مرتضى صنوبري؛ وسلمته مذكرة احتجاج رسمية إثر التصريحات التي صدرت مؤخرًا عن علي خامنئي. وأكد وكيل وزارة الخارجية البحرينية السفير عبدالله عبداللطيف عبدالله، أن هذه التصريحات تعد تدخلاً فجًا ومرفوضًا في الشأن الداخلي، وتعديًا واضحًا على سيادة واستقلال مملكة البحرين. وتمثل خرقاً لمبادئ الأمم المتحدة ومنظمة التعاون الإسلامي، فضلاً عن أنها تحمل توصيفات خاطئة ومغلوطة عن الوضع في مملكة البحرين. وشدد السفير عبدالله عبداللطيف عبدالله - وفقاً لما نقلته وكالة الأنباء البحرينية - على ضرورة الكف فورًا عن مثل هذه التصريحات والتركيز بدلاً من ذلك على تحسين أوضاع الشعب الإيراني، والالتزام بمبادئ حسن الجوار وعدم التدخل في الشؤون الداخلية للمملكة، واحترام سيادتها واستقلالها، والتقيد التام بقواعد التعامل الدولي بين الدول ذات السيادة. مؤكدًا أن مملكة البحرين ستتخذ كل ما من شأنه حماية مصالحها، والمحافظة على أمنها واستقرارها، وضمان سلامة شعبها. ",
    "date_extracted": "2015-07-21 02:45:33"
}