{
    "url": "http://www.alriyadh.com/1069175",
    "title": "الأمم المتحدة: الهند الأكثر سكاناً في العالم عام 2022",
    "author": "نيودلهي - رويترز",
    "content": "    قالت الأمم المتحدة إن الهند ستتخطى الصين وتصبح أكبر دولة في العالم من حيث عدد السكان في أقل من عشر سنوات وهو ما يقل عن توقعات سابقة بست سنوات. \nوتوقعت المنظمة الدولية أن تتخطى نيجيريا الولايات المتحدة بحلول عام 2050 لتصبح ثالث أكبر دولة في العالم من حيث عدد السكان. ومن المتوقع أن يرتفع التعداد الحالي للسكان في العالم وهو 7.3 مليارات نسمة إلى 9.7 مليارات نسمة بحلول 2050 ثم إلى 11.2 مليار نسمة في 2100. \nوذكر تقرير التوقعات السكانية العالمية أن معظم الزيادة ستكون في المناطق النامية خاصة افريقيا. ويتجاوز عدد السكان في كل من الصين والهند مليار نسمة ومن المرجح أن تتبادلا المراكز بحلول عام 2022. ",
    "date_extracted": "2015-07-31 03:49:07"
}