{
    "url": "http://www.alriyadh.com/1069590",
    "title": "أفراح العبدالمحسن والقطان",
    "author": "الأحساء - سليم القطان",
    "content": "    احتفلت أسرتا العبدالمحسن والقطان بزواج الشاب مجتبى بن عبدالله العبدالمحسن من كريمة عبدالله حبيب القطان، وقد أقيم الحفل في قصر الأحساء للمناسبات بالأحساء، حضر حفل الزواج عدد من المسؤولين ووجهاء المجتمع والأقارب والأصدقاء من السعودية ودولة الكويت والبحرين، تهانينا للعروسين. \n \n \n \n \n \n \n \n \n \n \n \n \n \n \n ",
    "date_extracted": "2015-08-01 15:37:55"
}