{
    "url": "http://www.alriyadh.com/1069334",
    "title": "STC توفر لعملائها المتجولين ببريطانيا تذاكر مباراة  كأس السوبر",
    "author": "",
    "content": "    تتيح الاتصالات السعودية STC لعملائها المتجولين في بريطانيا مجاناً تذاكر مباراة السوبر السعودي بين فريقي النصر والهلال على ملعب نادي كوينز بارك رينجرز الإنجليزي في 12 أغسطس 2015م. \nويتطلب من عملاء STC المتجولين في المملكة المتحدة؛ التسجيل في الموقع الإلكتروني http://bit.do/DP-SSuperCup للدخول في السحب على تذاكر المباراة من فئة الدرجة البلاتينية أو الذهبية، حيث سيتم التواصل مع العملاء الفائزين في السحب لاحقاً لتسليمهم تذاكر اللقاء المرتقب، كما أتاحت STC لعملائها شراء تذاكر الفئة العادية من شباك التذاكر في الملعب مباشرة والحصول على خصم 50%. ",
    "date_extracted": "2015-07-31 03:52:40"
}