{
    "url": "http://www.alriyadh.com/1069452",
    "title": "فرتٍ حمر ودريول الفرت فني",
    "author": "",
    "content": "    يابدير عان أبيوتهم طويني \nودريول الموتر وصلهم يهديه \nومرحانهم فيها القماري توني \nتلعب عواصيف الهبايب بذاريه \nعاينتهم لين الضعون أبعدني \nتنطحوا مطلع سهيل ومباديه \nعلى الفروت الحمر يوم اسرحني \nهافات نافاتٍ على البعد تدنيه \nوظليت أمد الشوف مع دربهني \nمقفٍ غباره والنسيم متقفيه \nفرتٍ حمر ودريول الفرت فني \nيامال هجران النيا وين يمديه \nياصاحبي عني إخطاه انتحني \nماني براجٍ انه يجيني ولا أجيه \n \nشعر - عبدالمعين بن ثعلي ",
    "date_extracted": "2015-08-01 15:23:48"
}