{
    "url": "http://www.alriyadh.com/1068253",
    "title": "انتشال غريقين في مياه راكدة بوادي لجب بجازان",
    "author": "جازان - عادل الزائري",
    "content": "    انتشلت فرقة الدفاع المدني بمحافظة الريث اليوم جثة غريقين من مياه راكدة في وادي لجب بمحافظة الريث. \nوأوضح الرائد محمد آل صمغان نائب المتحدث الرسمي لمديرية الدفاع المدني بمنطقة جازان، أن غرفة القيادة والتوجيه تبلغت عن الغرق في تمام الساعة الحادية عشرة وتم الانتقال للموقع وانتشال الجثتين ونقلها الى مستشفى الريث. \nكما حذر آل صمغان من خطورة الأدوية والمياه الراكدة خاصة في المناطق الجبلية مطالبا بضرورة الابتعاد عن مجاري السيول ومياه والأدوية خلال التنزة وعدم المغامرة بأرواحهم. ",
    "date_extracted": "2015-07-27 18:10:17"
}