{
    "url": "http://www.alriyadh.com/1069525",
    "title": "جماعة الخط العربي بالباحة تقيم فعالياتها بمهرجان بلجرشي",
    "author": "الباحة - عبدالرحمن الغامدي",
    "content": "    اقامت جمعية الثقافة والفنون بالباحة فعالية فنون الخط العربي التي أقيمت بمهرجان بلجرشي للتسوق ضمن فعاليات صيف المحافظة لعام 1436ه. \nواوضح مشرف جماعة الخط العربي بالباحة علي محمد حندودة أن الهدف من إقامة هذه الفعالية هو ترسيخ أصول فن الخط العربي، مشيراً إلى أن هذه المشاركة امتداد لأنشطة ومشاركات خطاطي الباحة في كثير من أنشطة الصيف لهذا العام، مفيداً أن هذه الفعالية حظيت بأعجاب جميع الزوار. ",
    "date_extracted": "2015-08-01 15:32:31"
}