{
    "url": "http://www.alriyadh.com/1069521",
    "title": "88 طالباً وطالبة من «سفراء الحزم» يزورون الرياض.. اليوم",
    "author": "الرياض - منصور الحسين",
    "content": "    تستضيف الإدارة العامة للتعليم بمنطقة الرياض 88 طالباً وطالبة من \"سفراء الحزم\" ابناء المناطق الحدودية الجنوبية الذين عايشوا الحرب من ابناء جنودنا البواسل المرابطين على الحدود وابناء الشهداء والمصابين في الاحداث المؤسفة التي تعرضت لها المناطق الجنوبية من المملكة ويرافقهم 13 مشرفاً و13 مشرفة. \nوأوضح المدير العام للتعليم بمنطقة الرياض محمد المرشد ان الادارة شكلت عدة لجان برئاسته وعضوية مدير التوجيه والارشاد زيد العسكر، ومدير التوجيه والارشاد هيا الناصر، ورئيس النشاط الاجتماعي شاكر ابو عباة، ومدير العلاقات العامة خالد البشر، ومشرف الاعلام منصور الحسين، ومشرفي النشاط عبدالعزيز الحسيني وعبدالسلام الثميري وعبدالرحمن الجويد ومحمد القرون، ومسؤول الخدمات العامة حسن الشهري، والمشرفات ايمان الفريدي وبدرية المطيري وشيخة العنيز ووفاء العوهلي. واضاف المرشد ان الادارة اعدت برنامجاً يشتمل على المشاركة اليومية في احد الاندية الطلابية التابعة لادارة التعليم، حيث سيتم تقسيم السفراء الى اربعة اندية وهي ناديان للبنين وناديان للبنات، ليشاركوا زملاءهم الطلاب والطالبات في الانشطة والفعاليات، الى جانب زيارة متحف صقر الجزيرة ومركز الملك عبدالعزيز التاريخي بما في ذلك المتحف الوطني ودارة الملك عبدالعزيز ومكتبة الملك عبدالعزيز، ومعرض مشكاة، والدرعية القديمة والبجيري وغيرها من المواقع العلمية والسياحية بالرياض، وستبدأ الزيارات من اليوم السبت وتستمر لمدة اسبوع بفعاليات صباحية ومسائية. ",
    "date_extracted": "2015-08-01 15:32:24"
}