{
    "url": "http://www.alriyadh.com/1069653",
    "title": "طلاء المنازل وتلوينها لمكافحة العنف في المكسيك",
    "author": "متابعة - أحمد مهران",
    "content": "    ابتكر فناني الرسم على الجدران طريقة مميزه لمكافحة العنف في المكسيك، وذلك من خلال طلاء وتلوين جدران المنازل بألوان قوس قزح، في خطوة تهدف للقضاء على العنف وتوحيد المجتمع . \n \nوقد توجه الفريق المعروف باسم \" جيرمين كرو\" إلى مدينة بالميتاس المكسيكية ، حيث قاموا بطلاء 209 منازل، بالإضافة إلى كل جدران المنطقة، في لوحة جدارية شبيهة بقوس قزح وألوانه. \n \n \n \n \n \n ",
    "date_extracted": "2015-08-01 15:16:47"
}