{
    "url": "http://www.alriyadh.com/1069180",
    "title": "الهلال يكسب ودية أخيسار سبور بهدفي ألميدا والدوسري",
    "author": "متابعة - الرياض الإلكتروني",
    "content": "    كسب الهلال ثاني مبارياته الودية أمام أخيسار سبور التركي بهدفين مقابل لاشيء خلال معسكره المقام حاليا في النمسا . \nسجل هدفي الهلال مهاجمه البرازيلي الجديد ألميدا في الدقيقة (29) من الشوط الأول، وأضاف عبدالعزيز الدوسري الهدف الثاني في الدقيقة (74) من زمن مجريات الشوط الثاني. \nوسيخوض الهلال اللقاء الودي الثالث أمام العين الإماراتي الأربعاء المقبل قبل أن يختتم لقاءاته الودية بمواجهة فيرونا الإيطالي مساء يوم الأربعاء الخامس من شهر أغسطس. \n \n \n \n \n \n \n \n \n ",
    "date_extracted": "2015-07-31 03:50:26"
}