{
    "url": "http://www.alriyadh.com/1069136",
    "title": "أمير مكة يناقش تدابير منع المتسللين في الحج‎",
    "author": "جدة - صالح الرويس",
    "content": "    رأس مستشار خادم الحرمين الشريفين، أمير منطقة مكة المكرمة، صاحب السمو الملكي الأمير خالد الفيصل في مكتبه بجدة الاجتماع الشهري للقيادات الأمنية بالمنطقة. \nوخلال الاجتماع قدم الأمير خالد الفيصل شكره وتقديره لكافة القطاعات الأمنية نظير الجهود المبذولة خلال الفترة الماضية، والهادفة لتحقيق أعلى درجات الأمن للمواطن والمقيم في المنطقة. \nوناقش أمير منطقة مكة المكرمة الخطط المستقبلية التي تعمل عليها الجهات الأمنية، والتي تتزامن مع قرب موسم الحج ، كذلك الآليات المقترحة لمنع المتسليين من الدخول إلى المشاعر المقدسة عبر المنافذ البرية المؤدية إليها. \nمن جهتهم قدم مديرو القطاعات الأمنية، تقارير عن المنجزات خلال الفترة الماضية على الأصعدة كافة، وما يجري تنفيذه ميدانياً خلال الفترة الحالية. ",
    "date_extracted": "2015-07-31 03:51:06"
}