{
    "url": "http://www.alriyadh.com/1069528",
    "title": "الراية السعودية تتقدم أعلام  دول العالم   وشبابنا ينشرون اللغة العربية في اليابان",
    "author": "ياماجوتشي - راشد السكران",
    "content": "    تقدم علم المملكة العربية السعودية أعلام 144 علماً وطنياً للدول المشاركة في المخيم الكشفي العالمي ال 23 الذي تستضيفه اليابان بمشاركة أكثر من 33 ألف كشافًا، حيث جاء في مقدمة السواري التي تضمنت بالإضافة الى أعلام الدول المشاركة علم المنظمة الكشفية العالمية، وعلم المخيم، وأعلام المكاتب الاقليمية. \n وجاء تقديم علم المملكة تنفيذاً لتقاليد العلم الوطني التي منها أن يتقدم الأعلام الوطنية احتراماً وإجلالاً لكلمة التوحيد. \nوقد اهتم الوفد السعودي بتواجد العلم الوطني في أكثر من مكان بالمخيم حيث رفع فريق الخدمة السعودي الدولي ist العلم في مقر تخييمهم على ارتفاع يصل الى عشرة أمتار، كما رفع على سارية بارتفاع سبعة أمتار بجوار بيت الشعر العربي الذي أقامته الجمعية ضمن مناشطها ويتوسطه علم وطني كبير آخر، كما تزينت بوابة فريق الكشافة 14 \n– 17 سنة بعلم آخر، وعلم في قرية التنمية gdv، وشهد حفل الافتتاح رفع العلم الوطني بين الجماهير الغفيرة كذلك في طابور العرض. \n من جهة أخرى خصصت جمعية الكشافة العربية السعودية جناحاً لتعليم حروف اللغة العربية في قرية التنمية (gdv) ضمن مشاركتها في المخيم الكشفي العالمي ال 23 والمقام حالياً في مدينة ياماجوتشي اليابانية تحت شعار \"الوحدة الكشفية \". \n وجندت الجمعية للتعليم في الجناح عدداً من القيادات الكشفية المتخصصين في اللغة العربية. \nولقي الجناح منذ بداية افتتاحه امس إقبالاً من المشاركين خاصة من الدول الأوروبية والشرق آسيوية الذين يحرصون على اتقانها قبل انتهاء المخيم مطلع الأسبوع القادم، وحصولهم على نقاط مشاركة تخولهم للحصول على وسام المخيم. ",
    "date_extracted": "2015-08-01 15:22:53"
}