{
    "url": "http://www.alriyadh.com/1069294",
    "title": "صوت الصورة",
    "author": "إعداد - بكر هذال",
    "content": "    يا ماحلا الذكرى في عصر الاجداد \nعلى المحبة والتصافي يسيرون \nفي دورة العيشة ياما بها اجهاد \nياما بها الاتعاب وأنتم تعرفون \nفيها التكاتف دايمٍ بين الاجواد \nهذي طبايعهم على الخير يمشون \nوحب التواصل بينهم دوم يزداد \nفيهم طهارة قلب للوصل يسعون \nمحمد عبدالعزيز الخنيفر - أشيقر \n \nوجودي على الفرت المصندق حلال القوم \nمديله توقف وأصبح الفرت معدومي \nزمان الفروت اللي مضت كم ماجت اليوم \nعسى مالعوض في ددسنٍ تندته تومي \nيوم إن العرب في القارس ولا عليهم لوم \nوكلٍ يقضي حاجته وفق السلومي \nزمانٍ تغيّر وأصبح العلم كنه حلوم \nوكل السياير أكتروني ومنجومي \nمبارك محمد بن طرجم - الرياض \n \nشوفي زمانٍ فات يا عين شوفي \nمع البساطة تاجد البال مرتاح \nفرتٍ حمر كان الفيافي يحومي \nراعيه يجهم قبل ينشق الصباح \nوعن التكاسي كرّوْ والله لطوفي \nوبيوت طينٍ قاومت وقت.. ورياح \nسعود عائش الحربي - جدة \n \nيا سايق الحنتور أرفق معك ناس \nناسٍ وغير الناس كان أنت مطفوق \nمعك البنات وقدرها صلعة الراس \nتستاهل التقدير كان أنت ملحوق \nمتجملاتٍ والشعر خوف ينحاس \nوأحذر تطيح وتدمره ريغة السوق \nعبدالكريم النغيمشي - لوذة \n \nيا مصور السج للقافي \nبوقتٍ مضى وجدد اخباره \nفرتٍ على وقفته طافي \nراع الجحش شال مشواره \nياما بدا كل مشرافي \nمع سايقه يلفلف الطاره \nبعدٍ على البعد ينشافي \nلاروّح عصير وغباره \nشجعان المقاطي - الرياض \n \nصورة قديمه شفتها بالجريده \nفرتٍ مضى له ممكن أربع وستين \nفوقه حنايا والحنايا جديده \nمقطورةٍ جنبه وتسحب بحبلين \nتقضي لزوم الناس بأول قديمه \nكم واحدٍ يذكر زمانه وهالحين \nالهاف صار اليوم ذكرى نعيده \nمنظر تراثي باقينٍ مدة سنين \nعبدالمحسن محمد المحيسن - رياض الخبراء \n \nصورة قديمة له على القلب تذكار \nتوضّح الماضي وتبين ظروفه \nفي شوفها تجعل الكل يحتار \nموتر وقاري يعجب اللي يشوفه \nويطيب لي في شوفها قول الأشعار \nوقت الشقاء في ما مضى والكلوفه \nوأجدادنا عانوا التعب وقت مشوار \nوفي شوفة الأحباب دايم شغوفة \nريان محمد الخنيفر - الرياض \n \nالفرت الاحمر واقف جنب عطلان \nراح الزمان اللي يواصل مسيره \nصوره قديمه والزمن فيه عنوان \nمبطي على وجه الأمور العسيره \nوالقاري اللي ماسكٍ خط ميدان \nومحمّل الرّكاب من كل ديره \nأحلام مرّت واكبت طول الازمان \nسادت وبادت وانتهت من أثيره \nحمد عبدالله الوايلي - حوطة سدير \n \nيا زين وقتٍ فات وقت البساطه \nفي حياة الأمس ذكرى قديمه \nالناس عاشوا في فرح وانبساطه \nوقلوبهم دايم قلوبٍ رحيمه \nوالصبح كلٍ قام يجدد نشاطه \nالرجل وعياله ومعهم حريمه \nسلطان أحمد العضيدان - الغاط \n \nنرحب بمشاركاتكم الشعرية وما تلتقطه عدساتكم من الصور الهادفة والطريفة على إيميل الخزامى: \nrb-khozama@alriyadh.com \nأو الفاكس رقم: 0114871070 \nويا هلا.. \n \n \n ",
    "date_extracted": "2015-07-31 03:49:58"
}