{
    "url": "http://www.alriyadh.com/1069374",
    "title": "الرائد يترقب مصير البريك ويرصد الكعبي",
    "author": "بريدة - سلطان السيف",
    "content": "    تترقب إدارة الرائد مصير ظهير الهلال الأيمن محمد البريك مع فريقه قبل أن تتقدم مرة ثانية بطلب استعارته الموسم المقبل، بعدما اعتذرت الإدارة الزرقاء عن قبول طلب نظيرتها في الرائد قبل شهر؛ بسبب انضمام البريك لمعسكر الفريق في مدينة سالزبورغ النمساوية. \nولعب البريك للرائد معاراً منذ فترة الانتقالات الشتوية الماضية وقدم مستويات لافتة، دفعت مسؤولي الرائد إلى مخاطبة الإدارة الهلالية أملاً بالحصول على خدماته. من جهة ثانية عرض أحد الوسطاء على إدارة الرائد خدمات الظهير الأيسر يحيى الكعبي الذي مثل الشعلة في الموسم الماضي، وسبق أن لعب للهلال والوطني، وتدرس الإدارة خيار التعاقد معه بالتفاهم مع مدرب الفريق الجزائري عبدالقادر عمراني. \nوعلى صعيد مختلف، تتواصل تدريبات الفريق الرائدي في معسكره المقام في مدينة بولو التركية على فترتين صباحية ومسائية، وتقرر أن يخوض الفريق مواجهته التجريبية الثالثة أمام هجر الذي يقيم معسكره الإعدادي في تركيا عصر غد (السبت). \nفيما وصل المدافع حسين الشويش إلى مراحل متقدمة من برنامجه التأهيلي، في وقت ينتظر المهاجم العراقي أمجد راضي نتيجة الكشف الطبي غدا (السبت) قبل العودة إلى التدريبات، والتحق المدافع المنضم حديثاً أحمد الحبيب إلى البعثة بعد وصوله صباح أمس (الخميس) إلى مقر المعسكر برفقة نائب رئيس النادي منصور الرسيني. ",
    "date_extracted": "2015-07-31 03:53:19"
}