{
    "url": "http://www.alriyadh.com/1069517",
    "title": "الأحساء: برنامج موهبة الصيفي يحتفل بيوم التهيئة للطالبات",
    "author": "الأحساء – سليم القطان",
    "content": "    نظّم فريق برنامج موهبة الصيفي المحلي لعام 2015م بجامعة الملك فيصل وبالتعاون مع مؤسسة الملك عبدالعزيز ورجاله للموهبة والإبداع \"احتفالية يوم التهيئة\" للطالبات المشاركات في البرنامج السبت الماضي بمسرح كلية الطب بأقسام الطالبات. \nواُستفتح البرنامج من قبل مشرفة الأنشطة إيمان القاضي بكلمة ترحيبية مُشجّعة الطالبات الموهوبات على انضمامهنّ للبرنامج، تلاها كلمة النائبة العلمية بالبرنامج سمر الحمد، حيث قامت بتعريف الطالبات على مسارات البرنامج وفريق العمل المشارك فيه إضافة إلى بادرة العمل التطوعي التي طرحتها موهبة لخدمة طالبات المرحلة الجامعية، تلتها كلمة مشرفة التوجيه والإرشاد ابتسام الدريويش موضحة للطالبات أهم القواعد المختصة بالسلوك والانضباط، ثم تلاها كلمة عن الإبداع والموهبة تطرقت فيها مشرفة الأنشطة إلى تعريف الابداع وأنواعه مؤكدة لأولياء الأمور حرص البرنامج على تنمية تلك الجوانب جميعاً. \n بعد ذلك تمّ تقديم فقرة (فرحة إنجاز) التي تمّ تخصيصها لمشاركة الطالبات بأهم إنجازاتهنّ في حياتهنّ حيث تنوعت الإنجازات بين حفظ القرآن الكريم، والحصول على المركز الرابع في مسابقة التفوق العلمي على مستوى المملكة، إضافة إلى قصص الإصرار والطموح وتعثّر بعض الطالبات دراسياً، وإلى انضمامهن حالياً في برنامج الموهوبات، ثم عرض إنجازات موهبة للعام الماضي 2014م تحفيزًا للطالبات لبذل المزيد في عالم الإنجاز والإبداع. \nوفي ختام الحفل تمّ توزيع الطالبات على القاعات المخصصة للمسارات، وتسليمهنّ الملفات والبطاقات والزي المخصص لهنّ، سائلين المولى أن ينفع بموهبتهنّ وطنهنّ ودينهنّ. \nوفي هذا الإطار أوضحت رئيسة برنامج موهبة الصيفي بجامعة الملك فيصل د. عواطف بنت عبدالعزيز الظفر، أن البرنامج استهدف الطالبات المشاركات، وتهيئتهن للتعلم في بيئة ذات جودة عالية واحترافية، واستخدام أحدث ما توصل إليه التعليم، وذلك لتطوير قدراتهن ومهاراتهن العلمية والمعرفية، مؤكدة أهمية مواصلة بذل أقصى الجهود من أجل رفع مستوى التحصيل. \nيُذكر أن برنامج \"موهبة\" لهذا العام تميز ببرامج وأنشطة إثرائية متقدمة للارتقاء بقدرات الطالبات من خلال أربعة برامج؛ وهي كالتالي: برنامج الفيزياء، وبرنامج العلوم الطبية الحيوية، وبرنامج التشفير، وبرنامج الكيمياء في المجتمع. وقد استقطب البرنامج 88 طالبة لهذا العام 2015م من المرحلتين المتوسطة والثانوية. ",
    "date_extracted": "2015-08-01 15:32:21"
}