{
    "url": "http://www.alriyadh.com/1069530",
    "title": "مبتعث يصمم فلتراً لجماليات عسير اعتمدته «سناب شات»",
    "author": "أبها- سلطان اﻷحمري",
    "content": "    أسهم أحد شباب منطقة عسير المبتعثين، باعتماد شركة سناب شات لفلتر خاص بصور منطقة عسير، يحكي جمالياتها ومقوماتها التراثية والسياحية والأثرية. ويقول المبتعث محمد الراوي والذي يكمل تعليمه الجامعي في أميركا بأحد التخصصات التقنية: \"إنني استثمرت سماح شركة سناب شات للأشخاص بإضافة فلاتر مخصصة للمناطق، حتى نصل بمقومات وطننا السياحية والترثية والأثرية إلى العالمية، لاسيما وأن السناب شات يشهد نموا متزايدا\". وأضاف: \"بعد الموافقة على الفلتر من قبل البرنامج، وجدت تفاعلا كبيرا وتشجيعا من السعوديين الذين لم يتوقعوا وجود فلتر خاص بمنطقة عسير. وتابع: \"قمت من خلال البرنامج بتقديم عدة شروحات لكيفية إضافة وتصميم الفلاتر، كما أنني استغللت البرنامج في نقل كل ما يخص التقنية وجديدها. ودعا الراوي المبدعين من شباب الوطن بتقديم تصميمات مميزة لشعارات داعمة للسياحة في المنطقة، خصوصا وأنه تم اختيار مدينة أبها كعاصمة للسياحة العربية ٢٠١٧ من قبل لجنة الخبراء بالمنظمة العربية للسياحة في جامعة الدول العربية. ",
    "date_extracted": "2015-08-01 15:22:56"
}