{
    "url": "http://www.alriyadh.com/1068934",
    "title": "«الآسيوي» يعتمد مرشحي السعودية لثماني لجان",
    "author": "الرياض - اسامة النعيمة",
    "content": "    رشح الاتحاد السعودي لكرة القدم أعضاءه في لجان الاتحاد الآسيوي في التشكيلات الجديدة لدورة الاعوام الأربعة المقبلة وسيكون أحمد عيد، والدكتور حافظ المدلج، في لجنة تنظيم كأس آسيا ٢٠١٩م بالامارات، وأحمد عيد للجنة المسؤولية الاجتماعية، وأحمد الخميس للجنة المسابقات، وعلي الطريفي للجنة الحكام، وفهد السليم للجنة الاتصال والاعلام، وعمر باخشوين للجنة الفنية، وياسر المسحل للجنة الانضباط، وأحمد العصيمي للجنة القانونية، والدكتور صالح الحارثي للجنة الطبية. \nوبذلك تكون السعودية في ثماني لجان آسيوية، وهو العدد ذاته في الدورة الماضية على الرغم من أن عدد اللجان الآسيوية يبلغ ١١ لجنة. ",
    "date_extracted": "2015-07-31 03:51:33"
}