{
    "url": "http://www.alriyadh.com/1068198",
    "title": "رصاصة تخترق رأس طفلة سعودية في عُمان",
    "author": "القطيف - منير النمر",
    "content": "    أصيبت طفلة سعودية برصاصة في رأسها يوم السبت في عُمان، وأفادت التحقيقات الأولية بأن الرصاصة أطلقها مجهول جار البحث عنه من قبل السلطات العمانية. \nوكانت الطفلة زينب محمد اللباد البالغة من العمر أربعة أعوام، في رحلة سياحية مع أسرتها لقضاء إجازة عيد الفطر، وفجأة أصابتها الرصاصة في رأسها. \nوقال محمد أبو الرحي جد الطفلة إن حفيدته أصيبت بالرصاصة في رأسها بمدينة مسندم، مضيفاً أنها نقلت للمستشفى في العاصمة مسقط لتلقي العلاج واستخراج الرصاصة، وذكر أن العائلة تواصلت مع سفارة المملكة في مسقط، وتم مباشرة الحادثة وتقديم كافة الخدمات، موضحاً أنه تواصل مع والد الطفلة ووالدتها، إذ أشارا إلى أن حالتها الصحية مستقرة. ",
    "date_extracted": "2015-07-27 18:09:47"
}