{
    "url": "http://www.alriyadh.com/1069536",
    "title": "مديرو المواقع الصحية يباشرون عملهم في المشاعر المقدسة",
    "author": "مكة المكرمة - تركي السويهري",
    "content": "    كشف د. موفق محمد أبو طالب مدير ادارة الحج والعمرة بمنطقة مكة المكرمة أن التجهيز للمواقع الصحية يتطلب وقتا كافيا وجهدا في ظل الجهود الكبيرة والإمكانات التي وفرتها حكومة خادم الحرمين الشريفين والتوجيهات الكريمة من مستشار خادم الحرمين الشريفين صاحب السمو الملكي الأمير خالد الفيصل أمير منطقة مكة المكرمة والمتابعة المستمرة من وزير الصحة ومتابعة مستمرة وحثيثة شبه يومية من مدير عام الشؤون الصحية بمنطقة مكة المكرمة الدكتور مصطفى جميل بلجون لجميع مستشفيات المشاعر المقدسة لتقديم الخدمات الصحية المتكاملة للحجاج على مدار الساعة لتتيح لهم أداء نسكهم براحه وطمأنينة فالمحافظة على صحة الحاج تعتبر من أولى الأولويات لأداء مناسك الحج في يسر وسهولة . \nواوضح د. أبو طالب بأنه تم مباشرة جميع مديري المواقع الصحية بالمشاعر منذ مطلع الشهر الجاري للوقوف على التجهيزات التي تحتاج إلى جهد كبير حيث تم تكليف د. عبدالحكيم با فرج مدير لمستشفى عرفات العام، و د. وائل مطير لمستشفى جبل الرحمة و د. محمد سمبس لمستشفى نمرة، و د. عاهد عقيل لمستشفى شرق عرفات، و د. إياد مؤذن للمراكز الصحية بعرفات وخط المشاة، و د. أيمن يماني لمستشفى منى الطوارئ، و د. حاتم خوقير لمستشفى منى الجسر، و د. خالد الشهراني لمستشفى منى الشارع الجديد، و د. محمد حمزة مليباري لمستشفى منى الوادي، و د. أيمن ترمزي للمراكز الصحية بمنى و بمنشاة الجمرات. ",
    "date_extracted": "2015-08-01 15:33:07"
}