{
    "url": "http://www.alriyadh.com/1069357",
    "title": "الذهب يتراجع قرب أقل مستوى في خمس سنوات ونصف مع ارتفاع الدولار",
    "author": "مانيلا - رويترز",
    "content": "    نزلت أسعار الذهب أكثر من واحد بالمئة أمس لتقترب من أقل مستوياتها منذ بداية 2010، في الوقت الذي صعد فيه الدولار قبل بيانات اقتصادية أميركية من المرجح أن تعزز التوقعات برفع أسعار الفائدة الأميركية في سبتمبر. \nوبعد اجتماع استمر يومين عبر صناع السياسة المالية في الولايات المتحدة عن اعتقادهم بأن الاقتصاد تغلب على التباطؤ في الربع الأول \"وينمو باعتدال\". وأظهر مسح لرويترز أن الاقتصاد الأميركي تعافى في الربع الثاني. وعزز هذا العملة الأميركية الأمر الذي يجعل الذهب المقوم بالدولار أكثر كلفة لحائزي العملات الأخرى. \nوفي الساعة 0659 بتوقيت جرينتش انخفض السعر الفوري للذهب واحدا بالمئة إلى 1084.46 دولارا للأوقية (الأونصة) بعد أن نزل إلى 1081.85 دولارا. \nوهوى المعدن النفيس إلى 1077 دولارا الأسبوع الماضي وهو أقل سعر له منذ فبراير 2010 بعد موجة بيع في نيويورك وشنغهاي ويكافح منذ ذلك الحين ليتخطى مستوى 1100 دولار. \nونزلت عقود الذهب الأميركية الآجلة تسليم أغسطس 0.8 بالمئة إلى 1084 دولارا للأوقية. \nورجح اقتصاديون في استطلاع أجرته رويترز أن يتسارع نمو الاقتصاد الأميركي بمعدل سنوي 2.6 بالمئة في الفترة من أبريل نيسان إلى يونيو بعد أن تقلص في الربع الأول. \nوبين المعادن النفيسة الأخرى نزلت الفضة في المعاملات الفورية 0.7 بالمئة بينما استقر البلاتين والبلاديوم. ",
    "date_extracted": "2015-07-31 03:53:03"
}