{
    "url": "http://www.alriyadh.com/1069135",
    "title": "إزالة 65 طن من النفايات بمعابدة مكة",
    "author": "مكة المكرمة - تركي السويهري",
    "content": "    واصلت بلدية المعابده الفرعية حملتها في النظافة ورفع المخلفات من الشوارع والاحياء السكنية، وقد كثفت البلدية أعمالها وجهودها المتعلقة بالنظافة والإصحاح البيئي خلال الايام الماضية، في مختلف المواقع والاحياء السكنية مستخدمة احدث الأجهزة كمكانس الشفط الكهربائية وصناديق النفايات والقلابات والشيولات والبوبكات بالإضافة الى عدد كبير من العمال الذين تم تقسيمهم الى عدد من الفرق الميدانية وتوزيعهم على كافة المواقع خاصة في المناطق ذات الطبيعة الجبلية والتي يصعب فيها حركة السيارات، هذا بالإضافة إلى فرق النظافة الأخرى العاملة داخل الأحياء والشوارع الفرعية. \n \nوذكر احمد البركاتي مدير ادارة الخدمات ببلدية المعابده الفرعية ان الحملة شملت العديد من المواقع في نطاق البلدية مثل منطقة شارع الحج وحي وادي جليل والغسالة وجبل النور وغيرها، وقد تم خلال الحملة القيام بعمليات الكنس اليدوي والكنس الآلي وجرولة وتنظيف ورفع الأتربة من جوار الأرصفة وغسيل حاويات النظافة للتخلص من الكداوي ومسببات تكاثر الذباب والكنس الآلي واليدوي للشوارع العامة والاحياء الداخلية وغسيل الأرصفة ورفع المخلفات الصلبة وتنظيف اوراق الاشجار، وقد تم رفع أكثر من (65) طن من المخلفات الصلبة والعضوية خلال يوم امس فقط. ",
    "date_extracted": "2015-07-31 03:51:07"
}