{
    "url": "http://www.alriyadh.com/1069532",
    "title": "استكمال التجهيزات التقنية وورشة لسكرتارية المراكز الانتخابية.. بالأحساء",
    "author": "الأحساء – سليم القطان",
    "content": "    اقامت اللجنة المحلية للانتخابات البلدية بالأحساء ورشة عمل تدريبية تتعلق بمهام \"سكرتارية المراكز الانتخابية\" والبلديات التابعة للامانة، حيث تم من خلال الورشة استعراض الآليات والمراحل الانتخابية وتفاصيل كل مرحلة واهم النماذج المستخدمة لعمليات تسجيل الناخبين والمرشحين. \nوأوضح أمين الأحساء رئيس اللجنة المحلية للانتخابات م. عادل الملحم ان الجهود تسير بخطى متسارعة لاستكمال وانهاء تجهيز كافة المراكز الانتخابية \"الرجالية والنسائية\"، اذ تُواصل فرق العمل بلجان التجهيز والتنظيم اعمالها لتأمين المستلزمات والتجهيزات بالتنسيق مع مشرفي ورؤساء المراكز الانتخابية. \nوقدم م. الملحم شكره وتقديره لسمو محافظ الأحساء صاحب السمو الأمير بدر بن محمد بن جلوي على دعمه ومساندته للجنة المحلية وماتقوم به من مهام وطنية، معرباً عن شكره لوزير الشؤون البلدية والقروية م. عبداللطيف آل الشيخ لمتابعته سير الاعمال والتجهيزات لاطلاق الدورة الثالثة من الانتخابات البلدية، مؤكداً على أهمية وضرورة مشاركة المواطن والمواطنة بصوته وتطلعاته انطلاقاً من روح الانتماء والوطنية التي يزخر بها ابناء بلادنا الغالية. \nمن ناحيته، أشار المنسق العام للانتخابات البلدية بالأحساء م. حمدان العرادي الى انه تم تشكيل كافة اللجان والفرق واستلام التجهيزات والنماذج الخاصة بالأعمال الانتخابية، كما تم استكمال التجهيزات التقنية الخاصة بوحدة المعلومات البلدية وتجربة الربط الإلكتروني فعلياً مع وزارة الشؤون البلدية والقروية للتأكد من الجاهزية، مبيناً ان اللجنة المحلية حرصت على مخاطبة القطاعات الحكومية والخاصة والاعلام الالكتروني لحث منسوبيها على المشاركة في هذه المسؤولية الوطنية. ",
    "date_extracted": "2015-08-01 15:32:55"
}