{
    "url": "http://www.alriyadh.com/1069266",
    "title": "أمين جازان: ضبط الأسعار غير ممكن والتدخل الحكومي يفرض أسعاراً معينة",
    "author": "",
    "content": "    سعادة رئيس تحرير صحيفة «الرياض» \nالسلام عليكم ورحمة الله وبركاته \nإشارة إلى ما نشر في صحيفتكم الغراء العدد ١٧١٦٧ بتاريخ ٨/٩/١٤٣٦ه بعنوان: (سيطروا على سمك جازان). \nعليه نفيدكم بأنه تمت مخاطبة الجهة المختصة لدينا ووردتنا الاجابة كالآتي: \nبأن هناك تعليمات تضبط الأسعار وذلك حسب تعميم وكيل الوزارة للشؤون البلدية المكلف رقم ٤٢٦٥١ وتاريخ ١٣/٨/١٤٣٦ه المبني على تعميم سعادة وكيل وزارة التجارة والصناعة لشؤون المستهلك رقم ٦٤٦١/٤/٩/٢٧٦ وتاريخ ٢٨/٧/١٤٣٦ه المتضمن أن ضبط الأسعار غير ممكن والتدخل الحكومي بفرض أسعار معينة قد يكون له نتائج عكسية وذلك لأن المملكة تنتهج سياسة تعتمد على الاقتصاد الحر والذي تعتبر فيه قوى العرض والطلب هي المحرك الرئيسي للنشاط التجاري بشكل عام مع ضرورة ان تكون المنافسة متاحة وعادلة للجميع ومنع أي شكل من أشكال الاحتكار أو الاتفاقيات السعرية بين التجار أو التخزين بهدف رفع الأسعار. \nوهذا ما أحبننا توضيحه لسعادتكم لذا نأمل إيضاح وجهة نظر الأمانة عبر الصحيفة شاكرين لكم حسن تعاونكم سلفاً. \nولكم خالص تحياتي \nأمين منطقة جازان \nمحمد بن حمود الشايع ",
    "date_extracted": "2015-07-31 03:50:02"
}