{
    "url": "http://www.alriyadh.com/1069130",
    "title": "«جمال سائبة» تصرع خمسة أشخاص بطريق الرين",
    "author": "رنية - سليمان السبيعي",
    "content": "    «جمال سائبة» تعترض ثلاث مركبات وتصرع خمسة بينهما شقيقين بطريق الرين الجنوب \nتسبب قطيع من الجمال السائبة في حادث مأساوي على طريق الرين الجديد الذي يربط الرياض بالمنطقة الجنوبية، راح ضحيته خمسة أشخاص. \n وأوضحت التفاصيل التي ذكرها عدد من شهود العيان أن عدد من الجمال السائبة ومع عبورها الطريق ليلا بالقرب من مركز الرين، ارتطمت بثلاث سيارات كانت تمر في نفس اللحظة مما أدى إلى التحام بين المركبات الثلاث التي تمزقت إلى أشلاء بمن فيها. \n ونتج عن الحادث المؤلم وفاة خمسة أشخاص كانوا بتلك المركبات الثلاث بينهما شقيقان من أهالي رنية، كان أحدهما قد تخرج من الثانوية، وأصيب شقيقهم الثالث بإصابات خطيرة نوم على إثرها بالعناية المركزة. \n وأوضح عبدالله المريبض الناطق الإعلامي لهيئة الهلال الأحمر السعودي بمنطقة الرياض، أن الحادث المأساوي الذي وقع بمركز الرين التابع لمحافظة القويعية بين ثلاث مركبات اصطدمت بعدد من الجمال السائبة، نتج عنه وفاة خمسة أشخاص، وباشرته أربع فرق إسعافية تابعة للهيئة وكان الحادث المأساوي قد باشرته الجهات ذات العلاقة. \n \n \n \n \n ",
    "date_extracted": "2015-07-31 03:51:12"
}