{
    "url": "http://www.alriyadh.com/1069489",
    "title": "إمام المسجد الحرام: ترك الشباب دون حصانة فاعلة جريمة بحقهم وحق المجتمع",
    "author": "مكة المكرمة - خالد الجمعي",
    "content": "    أوصى إمام وخطيب المسجد الحرام الشيخ د. عبدالرحمن السديس بالشباب الذين هم للأمة كنزها الثمين وركن حضارتها المكين، فحضارات الأمم لا تقوم إلا بسواعد أبنائها فالشباب هم الأمل المشرق، ومرحلة الشباب هي مرحلة الفتوة والعنفوان والقوة والحماسة، فإذا لم تضبط هذه الحماسة انقلبت إلى غوغائية وفوضاوية وجرت على صاحبها الآهات والحسرات وعلى الأمة الفتن والموبقات والبلايا المهلكات، لذا أولى الإسلام الشباب كامل العناية والاهتمام والرعاية لأنهم قلب الأمة النابض وشريانها المتدفق عطاء ونماء. \n \nما نراه من بعض الخوارج شوه صورة الدين الإسلامي فانحرفوا بأفعالهم عن سماحته ووسطيته \n \n \nوأضاف د. السديس في خطبة الجمعة يوم أمس من المسجد الحرام قائلاً: إذا كانت قضية الشباب ورعايتهم وتحصينهم وحمايتهم مهمة لكل زمان ومكان فإنها تزداد أهمية وتأكيداً في هذه الأعصار المتأخرة، حيث غلب الانفتاح والتساهل وتتابع الغزو الفكري وتعددت قنواته وتنوعت وسائله وآلياته، وكم أسهم الإعلام المفتوح لا سيما الفضائي منه في إذكاء الخلل الفكري منه في جذب الآراء والتأثير على الرأي العام مما جعل الأمن الفكري عرضة للاهتزاز، فلقد أوضحت هذة الفضائيات وشبكات المعلومات للناظرين وكأن هذه الدنيا أصبحت هدفاً للفوضى الفكرية والأخلاقية ومسرحاً للضياع في متاهات قنوات الإغراءات والإباحيات مما لا يحكمه دين ولا قيم ولا يضبطه خلق ولا نظم. \nوبين الشيخ السديس أن الخلل في الأمن الفكري طريق إلى الخلل في الجانب السلوكي والاجتماعي، وما سلكت فئات في الأمة مسالك العنف والإرهاب والقتل والتدمير والتفجير إلا لما تشبعت أفكارها وغسلت أدمغتها فيما تسول نفسها تنفيذ قناعاتها، مشيراً إلى أنه أي مسلم عاقل ينتهج تفجير الخلق فيكفر المعين بالشبهة والظن فلا يلج هذا الباب إلا صاحب خلل فكري وسلوكي واجتماعي، والفكر التكفيري يسري بقوة في صفوف فئة من شباب هذا الزمان، وما نراه في زماننا من بعض الخوارج ممن شوهوا صورة الإسلام في نقائه وصفائه وإنسانيته وانحرفوا بأفعالهم عن سماحته ووسطيته إلا صوراً منسوخة ممن ولج الباب وأولج الولوج وأرخصت لديها الأعمار، فقامت بسفك الدماء وقتل الأبرياء وجلب الدمار لإلحاق العار والشنار. \nوأكد إمام وخطيب المسجد الحرام أن وجود الشباب دون حصانة فاعلة هو جريمة بحقهم وحق المجتمع وجناية على الأمة بأسرها، لذلك كان حقاً على أهل الإسلام أن يقوموا بمسؤولياتهم لتحقيق هذا الأمر بكل ما أوتوا من إمكانات، وأن يبرزوا في نفوس شباب الأمة التوحيد الخالص لله والعقيدة الصحيحة والاعتصام بالكتاب والسنة، كما أن على الآباء والمربين أن يسهموا في تحصين الشباب وترغيبهم في طلب العلم الشرعي من أهله الموثوقين، ويحثوهم على الالتفات حول علماء الأمة الراسخين ويحذرونهم من الفتاوى الشاذة المحرضة على العنف وسفك الدماء المعصومة. \nوأشار الشيخ السديس إلى أنه يجب توعية الشباب بالتحديات التي تواجههم في عصر رفع الصهاينة المعتدون عقيرتهم بانتهاك حرمة المسجد الأقصى واستفزاز مشاعر المسلمين، وفي زمن طغت فيه الشهوات من الفضائيات والإلكترونيات وشبكات المعلومات ومواقع التواصلات والتي جرت الفتن إلى الأسر والبيوت والمجتمعات، فقوضت أركانها وصدعت شامخة بنيانها وفتن الشبهات، التي غزت كثيراً من شباب هذه الأمة لتتركهم ليكونوا مسوخاً لأعداء الدين وأبواقاً تنشر دعوات المرجفين، مع انتشار التنظيمات الإرهابية الخطيرة التي تزعزع الأمن وتروع الآمنين وتبعث الخلل والفوضى. \nودعا د. السديس الشباب أن ينتقلوا من الآزمات إلى وعي الآزمات ويحذروا التحديات المحيطة بهم، وقال: يا شباب الأمة تمسكوا بقيم الدين وخلقه الرصين ولا تغرنكم الثقافات المستوردة الهجينة والأفكار الدخيلة والمناهج الهزيلة ولا تنشغلوا بالأسماء عن المسميات وتحروا تحرير المصطلحات على منهج السلف الأفذاذ، فالإسلام الحق هو صانع الحضارة وموئل القيم والفضائل. ",
    "date_extracted": "2015-08-01 15:20:27"
}