{
    "url": "http://www.alriyadh.com/1068933",
    "title": "مصر: قناة السويس الجديدة آمنة ملاحياً",
    "author": "الإسماعيلية - أ ف ب",
    "content": "    أكدت مصر الأربعاء أن الفرع الجديد لقناة السويس يوفر ملاحة \"آمنة\" لجميع أنواع السفن، وذلك قبل أيام من موعد الإفتتاح الرسمي للقناة الجديدة في السادس من أغسطس المقبل. \nوقال رئيس القناة الفريق مهاب مميش في مؤتمر صحافي في الإسماعيلية، حيث مقر القناة \"نعلن أن قناة السويس الجديدة آمنة ملاحيا لإبحار جميع أنواع السفن وتحت مسؤولية هيئة قناة السويس\". \nوهدف الفرع الجديد للقناة البالغ طوله 72 كلم هو زيادة حجم الملاحة في القناة التي تعتبر ممرا رئيسيا مهما يربط البحرين الأحمر والمتوسط وذلك عبر إتاحة الإبحار في الاتجاهين. واختتمت مصر السبت أولى تجارب تشغيل القناة الجديدة مع مرور ست سفن في قافلتين. ويأمل المسؤولون المصريون أن يؤدي الفرع الجديد عند تضاعف طاقة الملاحة اليومية في القناة الى زيادة إيراداتها السنوية من 5.3 مليارات دولار في المتوسط حاليا إلى نحو 13.2 مليار دولار بحلول العام 2023. ",
    "date_extracted": "2015-07-31 03:51:36"
}