{
    "url": "http://www.alriyadh.com/1069209",
    "title": "تسليم مشروعات مدرسية بصبيا بأكثر من 16 مليون ريال",
    "author": "جازان - أنور خواجي",
    "content": "    تسلمت إدارة التعليم بمحافظة صبيا مشروعين مدرسيين، والذي سينطلق مع بدء الدراسة بهما خلال العام الدراسي الحالي، وهما مجمع مدارس الجانبة بجبال الحشر (بنات)، ومدرسة ابتدائية ومتوسطة الطمحة، اوضح ذلك مدير قسم الشؤون الهندسية والمشروعات بتعليم صبيا م. ماجد حداد. \nوقال م. حداد بانه تم تنفيذ المشروعين بأكثر من 16 مليون ريال، حيث كان تكلفة مشروع مجمع الجانبة بجبال الحشر سبعة ملايين و199 ألف و820 ريال، وتكلفة مشروع مدرسة ابتدائية ومتوسطة الطمحة تسعة ملايين و140 ألف و139 ريال، مضيفاً أن الطلاب سيبدؤون العام الدراسي بإذن الله تعالى في المبنى الجديد لهم. ",
    "date_extracted": "2015-07-31 03:52:02"
}