{
    "url": "http://www.alriyadh.com/1069356",
    "title": "نمو حركة المسافرين عبر مطار أبوظبي 17.2%",
    "author": "دبي - رويترز",
    "content": "    قالت الشركة المشغلة لمطار أبوظبي إن حركة نقل الركاب عبر المطار ارتفعت بنسبة 17.2 بالمئة خلال الأشهر الستة الأولى من العام وذلك بفضل زيادة الرحلات وإضافة شركات الطيران لوجهات سفر جديدة. \nوقالت الشركة في بيان إن عدد المسافرين ارتفع إلى 11.11 مليونا مقارنة مع 9.48 ملايين قبل عام. \nوزادت حركة الطائرات بنسبة 15 بالمئة لتصل إلى 84 ألفا و938 رحلة فيما ارتفعت أحجام البضائع بنسبة 9.6 بالمئة ليصل إلى 414 ألفا و203 أطنان. \nوارتفع عدد المسافرين في يونيو حزيران بنسبة 10.8 بالمئة ليصل إلى 1.85 مليون. \nوأضافت شركات طيران تعمل بمطار أبوظبي وجهات سفر جديدة من بينها مدريد وبوني في الهند وادنبره والبندقية وعنتيبي. كما رفعت الشركات الناقلة من عدد الرحلات للمسارات القائمة. \nوظلت الهند الوجهة الأكثر نشاطا بحجم حركة من وإلى شبه القارة قفز بنسبة 57.8 بالمئة خلال تلك الفترة. \nوقالت الشركة إن المملكة وألمانيا وباكستان والمملكة المتحدة جاءت تباعا كأكبر الأسواق للمسافرين من وإلى أبوظبي. \nوعززت شركة الاتحاد للطيران السريعة النمو دخولها للسوق الأوروبية من خلال شراء حصص في عدة شركات طيران وهو ما يساهم الآن في تعزيز النشاط بمطار أبوظبي الدولي. \nوتجري عمليات تطوير وتوسع بعدة مليارات للمطار تهدف إلى زيادة قدرته الاستيعابية لأكثر من 45 مليون مسافر سنويا. \nوتم الانتهاء من تشييد ممر طائرات ثان وصالة ركاب ثالثة. ",
    "date_extracted": "2015-07-31 03:53:02"
}