{
    "url": "http://www.alriyadh.com/1069482",
    "title": "رئيس الوحدة: اتفقنا مع الذوادي.. واقتربنا من إغلاق الشكاوى",
    "author": "مكة المكرمة - تركي الغامدي",
    "content": "    صادق رئيس الوحدة هشام مرسي على صحة الأخبار التي انفردت بها \"دنيا الرياضة\" الأسبوع الماضي حول اتفاق الإدارة مع لاعب الوسط التونسي زهير الذوادي لارتداء شعار الفريق الموسم المقبل إلى جانب المدافع السوري جهاد الباعور وصرف النظر عن مهاجم فرنسي من أصول سنغالية، واقتراب إدارته من إغلاق ملف الشكاوى المسجلة ضد النادي في لجنة الاحتراف بالاتحاد السعودي لكرة القدم. \nوقال: \"الباعور والذوادي وصلا إلى مصر من أجل التوقيع للوحدة، والإدارة تدرس ملفات ثلاثة لاعبين من البرازيل والأوروغواي وكولمبيا، وسيقع الاختيار على اثنين منهما في الأيام القليلة المقبلة. \nوأضاف: \"منذ استلامنا النادي بدأنا بحل مشاكل النادي المتراكمة من الإدارات السابقة وانتهينا من معظمها، شرفيو الوحدة محبون لناديهم ولن يقصروا معه في المرحلة المقبلة، ونعتقد بأن ابتعادهم في الفترة السابقة حدث لأنهم يريدون مشاهدة خطة واضحة للنادي وأهداف محددة له، إضافة إلى معرفة الخطط الموضوعة لتطويره، وفي القريب العاجل ستشاهدون التفافة منهم حول الوحدة، تواصلنا معهم قبل المعسكر الخارجي في مصر وكان هناك تجاوب كبير منهم، وسنعقد اجتماعاً موسعاً بعد انتهاء إعدادنا الخارجي\". \nوحول المعسكر الإعدادي في القاهرة قال: \"خططنا مع الجهاز الإداري على أن يكون معسكر الفريق في تونس، وقطعنا شوطاً كبيراً نحو ذلك فعلاً، لكن حدثت في تونسي ظروف جعلتنا نغير مسارنا إلى القاهرة، وللأمانة لم أتوقع أن ينجح المعسكر بهذا الشكل، اللاعبون روحهم المعنوية عالية وحالتهم الصحية على أكمل وجه\". \n \nأجانبنا من أميركا الجنوبية.. ومعسكرنا في مصر ناجح \nوعن ملفات اللاعبين الأجانب والمحليين قال: \"انتهينا من التعاقد مع المدافع السوري جهاد الباعور ولاعب الوسط التونسي زهير الذوادي، لدينا ثلاثة لاعبين نفاضل بينهم، برازيلي وأوروغوياني وكولمبي، اختياراتنا لا تعتمد على الميزانية فقط، هنالك لجنة شكلت لدراسة ملفات اللاعبين الأجانب واحتياجات الفريق في المرحلة المقبلة، وهناك معايير وضعناها من أجل ذلك، اللاعبون الذين تعاقدنا معهم سواءً الأجانب أو المحليين يعتبرون إضافة كبيرة للفريق وسيساعدون بقية زملائهم، ويبقى التوفيق من الله لأنك ربما تحضر لاعب كبير بقيمة ضخمة لكن لا يحالفه التوفيق، تقرير المدرب الأوروغوياني رودريجيز الأول أوضح خلاله بأنه لا يحتاج إلى لاعبين محليين، لكن بعد أن وضحت له الرؤية غير كلامه وطلب التعاقد مع أكثر من اسم، هناك مابين ثلاثة إلى أربعة لاعبين محليين سنجلبهم وسيشكلون إضافة للفريق\". \nواستطرد قائلا: \"استلمنا النادي في يوم ٢٠ من شهر رمضان، لم نكمل بعد شهر، مع ذلك هنالك أعمال كثيرة أنجزناها خلال هذه الفترة القصيرة وتجاوزنا عدد من العقبات، بالنسبة للشكاوى المسجلة علينا في لجنة الإحتراف فالحمد لله خطينا خطوات كبيرة مع اللجنة ومع اللاعبين، وخلال هذين اليومين سيتم الإعلان عن حل جميع الشكاوى\". وتطرق إلى موضوع الحارس عساف القرني قائلاً: \"لا أحد ينكر بأن عساف هو قائد الفريق وأحد نجومه وخدمه أعواما طويلة، لكن إدارتنا لم تبع عقده، وكل مافي الأمر أنه دخل الفترة الحرة والفريق في دوري الدرجة الأولى، قدمنا له عروض عدة لكنه رأى بأن الأفضل له أن يرحل من الوحدة، ونحن في زمن الاحتراف اللاعب يلعب لك اليوم وفي الغد قد تشاهده مع ناد آخر\". \nواختتم حديثه بقوله: \"نتمنى أن نحقق نتائج مميزة، فالوحداويين كانوا ولا يزالوا يتمنون ذلك، لكن حتى نكون واقعين فنحن في الإدارة وضعنا المركزين السادس او السابع هدفاً لنا، خصوصاً في العام الأول حتى تستقر نفسيات اللاعبين وبعد ذلك يكون هنالك تخطيط أكبر\". \nمن جهة ثانية خسر الوحدة من الإسماعيلي المصري ١-٢ في أول مباراة ودية خلال معسكره الإعدادي في مصر على ملعب الإسماعيلية وسط حضور جماهيري كثيف، ودخل المدرب الأوروغوياني رودريجيز المباراة بتشكيلتين مختلفتين خلال شوطي المباراة رغبة منه في منح الفرصة لجميع اللاعبين للإطلاع على مستوياتهم، وتقدم الوحدة أولاً عن طريق مدافع عبدالرحمن السعيد (٤)، بيد أن الإسماعيلي نجح في تعديل النتيجة عن طريق عمرو السولية (٢٤) وقلب أحمد سمير فرج النتيجة بتسجيله الهدف الثاني (٤٥)، بعدما أهدر ركلة جزاء في الشوط الأول تصدى لها الحارس أحمد الفهمي.من جهته أثنى مدرب الوحدة على مستوى فريقه في أول ظهور له إستعداداً للموسم الجديد، وأكد بأن الوحدة قدم مباراة أكثر من رائعة على الرغم من الخسارة إذ سيطر على المباراة، وقال: \"الفريق سيزداد قوة بعد تدعيمه بأربعة لاعبين أجانب في الفترة المقبلة. \nمن جهة ثانية أنهت الفئات السنية بالنادي استقبال اللاعبين المستجدين الأسبوع الحالي وسط توافد كبير من المستجدين، وركز المدربين في اختبارات اللاعبين على الجوانب التكتيكية والفنية، وأشاد المسؤول عن الفئات السنية فوزي كرني على بمستويات بعض اللاعبين، وقال: \"من يمتلك مهارات فنية جيدة بحاجة إلى لمسات فنية من مدربين أكفاء لصقلهم وتجهيزهم لخدمة النادي بشكل كبير في جميع فئاته مستقبلاً، وسيتم استئناف التدريبات غداً (الأحد) لاختيار الصفوة من اللاعبين المميزين من جميع النواحي التي من شأنها أن تفيد فرق النادي بشكل جيد وهو ماسينعكس على النادي المكي\". \n \n \n ",
    "date_extracted": "2015-08-01 15:22:18"
}