{
    "url": "http://www.alriyadh.com/1068921",
    "title": "الهلال الأحمر ينفي سوء تعامل منسوبيه في مباشرتهم لحريق منزل مواطن",
    "author": "الرياض – مناحي الشيباني",
    "content": "    نفى المتحدث الرسمي لهيئة الهلال الأحمر السعودي بمنطقة الرياض عبدالله المريبض ماتم تداوله في بعض الصحف الالكترونية ومواقع التواصل الاجتماعي تجاه تغريدة غرد بها أحد المواطنين عن طريقة تعامل منسوبي الهلال الأحمر خلال مباشرتهم حريق في منزله. \n وقال المريبض عن تفاصيل الحادثة أنه في تمام الساعة 1:39 ورد البلاغ لغرفة العمليات وتم توجيه فرقتين إسعافيه وفرقة استجابة متقدمة وكان وصولهم للموقع في زمن استجابة 8 دقائق تمام الساعة 1:47 ووجد حالة في الموقع ذكر 36 عاما من أفراد عائلة المواطن لديه ضيق في التنفس وتم تقديم الخدمة الطبية الإسعافية للحالة ورفض النقل للمنشأة الصحية وأفاد أنه الحالة الوحيدة ولا يوجد في المنزل أي حالات حيث تم نقلهم للمنزل الآخر وهم بصحة جيدة ووقع على ذلك في محضر الفرقة الإسعافية وبقيت فرق الإسعاف متمركزة في الموقع حتى انتهاء الحدث تماما وأخذ توقيع الضابط المسئول للدفاع المدني بخلو الموقع من الإصابات وعدم الحاجة لهم. \n وقال المريبض في تصريح له عن ملابسات الحادثة أن هيئة الهلال الأحمر السعودي بمنطقة الرياض تهيب جميع الصحف تحري الدقة والمصداقية قبل نشر أي خبر ، إضافة بأننا نسعى ونتشرف بتقديم الخدمة الطبية الإسعافية لمحتاجيها. ",
    "date_extracted": "2015-07-31 03:51:40"
}