{
    "url": "http://www.alriyadh.com/1069429",
    "title": "أوباميانج يمدد تعاقده مع دورتموند لخمسة أعوام",
    "author": "برلين  - د.ب.أ",
    "content": "    مدد المهاجم بيير ايمريك أوباميانج عقده مع فريقه بوروسيا دورتموند لعامين مقبلين ليبقى مع الفريق حتى عام 2020 بحسب ما أعلن النادي الذي ينافس في الدوري الألماني لكرة القدم. \nوقال مهاجم المنتخب الجابوني في بيان له :\" أصبح دورتموند بمثابة منزلي الثاني .. أنا هنا بكامل إرادتي ولا أريد الرحيل\"، وأصبح أوباميانج عنصرا أساسيا مع الفريق منذ انضمامه اليه قادما من سانت إيتيان عام .2013 \nوسجل أوباميانج 25 هدفا خلال الموسم الماضي، وخلاف ذلك يبحث نادي دورتموند المكافح عن بديل لليفاندوفسكي، بعد انتقاله لبايرن ميونخ. \nوأبدى مايكل زورك المدير الرياضي لبوروسيا دورتموند سعادته بإتمام الاتفاق وسط تقارير إعلامية بوجود اهتمام باللاعب من أندية أوروبية كبيرة، وقال :\" تطور أوباميانج بصورة جيدة للغاية .. سعداء بأننا تمكنا من الاحتفاظ بارتباطه بنا على المدى الطويل\". ",
    "date_extracted": "2015-08-01 15:27:44"
}