{
    "url": "http://www.alriyadh.com/1069151",
    "title": "إصابة امرأتين باختناق في حريق عمارة سكنية بجدة",
    "author": "جدة - ياسر الجاروشة",
    "content": "    أخلت إدارة الدفاع المدني بمحافظة جدة اليوم الخميس 15 شخصاً عن طريق السلام المتحركة وسيارة السلالم، فيما أصيبت امرأتين باختناق تم علاجهم من قبل الهلال الأحمر بالموقع، فيما خرج باقي السكان وهم بصحة جيدة إثر اندلاع حريق في عمارة سكنية بحي النسيم بجدة. \nوأكد المقدم محمد القرني نائب المتحدث الرسمي للدفاع المدني بمنطقة مكة المكرمة، أنه ورد بلاغ إلى مركز التحكم والتوجيه بالإدارة العامة للدفاع المدني بمحافظة جدة ظهر الخميس يفيد بوقوع حريق داخل عمارة سكنية بحي النسيم، وعلى الفور جرى انتقال عدد من فرق الإطفاء والإنقاذ وسيارة السلالم بالإضافة إلى المعدات المساندة، وعند وصول الفرق تبين وجود حريق بشقة بالدور الأرضي نتج عنهكثافة دخان عالية. \nوجاءت عمليه إخلاء السكان من العمارة احترازيا وتمكنت فرق الإطفاء من إخماد الحريق تماما، واتضح أن الحريق شب في مطبخ بشقة بالدور الأرضي فيما تضررت باقي الشقة بالاسوداد الكربوني. \nوباشر فريق التحقيق إجراءاته في الموقع لمعرفة سبب الحادث، وحث الدفاع المدني الجميع على ضرورة اتباع إرشادات السلامة الخاصة بالمباني السكنية واستخدام كاشف الدخان ومطفئة الحريق اليدوية والحذر من التمديداتالكهربائية العشوائية. \n \n \n \n \n \n \n ",
    "date_extracted": "2015-07-31 03:50:58"
}