{
    "url": "http://www.alriyadh.com/1069450",
    "title": "صل من يجب وصله قرابه وجيران   ترى القطيعه من كبار المعاصي",
    "author": "إعداد - عادي الشمري",
    "content": "    كتبه الأسبوع الماضي الشاعر علي الزولاني الفيفي من بيشه حول أهمية الوصل وعدم المقاطعة للأهل والجيران والأصدقاء ويقول : \nصل من يجب وصله قرابه وجيران \nترى القطيعه من كبار المعاصي \n \nوقد كان صدى البيت من الشعراء: \n \nهذا كلام الله في لفظ قرآن \nكلٍ قرا هالأمر داني وقاصي \nخلك بوصل ارحامك بكل ميدان \nكلٍ على قدره لزوم اختصاصي \nواللي تجاهل أمر الأقراب غلطان \nأقرب كلام نقول هذاك عاصي \nأقرب سبب للرزق مع زود الاحسان \nوصل الرحم ما اظن عنّه مناصي \nعلي رشيد الرشيد - رياض الخبراء \n \nوصل الرحم واجب وخير وإحسان \nمافيه شكٍ يعرفه كل قاصي \nواللي وصل رحمه يجازيه بجنان \nويمد في عمره بزود اختصاصي \nيا سعد من يدرك ولو كان ماكان \nويرد نفسه عن جميع المعاصي \nاكسب زمانك لا تماهنت ثم حان \nيومٍ عبوسٍ مايفيد التواصي \nحمد عبدالله الوايلي - حوطة سدير \n \nهذى نصيحه من هل الخير يا فلان \nترى الوصل ياصل قريبٍ وقاصي \nلا تقول هو غلطان والا أنت غلطان \nيصير جوّك به ضباب ورصاصي \n لا يصر هو زعلان ولا انت زعلان \nمافيه داعي للحكي والتقاصي \n ناسٍ تقول الهرج من شان من شان \nوليا نشد عن ما ذكر بس حاصي \nسعد صنهات السهلي - الدرعية \n \nبيت الأسبوع \nيكتبه الشاعر عبدالكريم بن خزيّم من البكيرية حول التساهل في شراء واستخدام الأدوات الكهربائية الرديئة ويقول: \n \nإحذر تجيب لمنزلك شي مضروب \nبالكهرباء حذارك لا تستهيني \n \nنستقبل صدى هذا البيت بأربعة أبيات ويفضل الإرسال عبر الإيميل: \nrb-khozama@alriyadh.com \nأو على الفاكس 4871070/ 011 \nكما يسرنا مشاركة القراء بموضوع البيت ونرحب بطرح بيت الأسبوع من الشعراء حول أي موضوع. ",
    "date_extracted": "2015-08-01 15:23:37"
}