{
    "url": "http://www.alriyadh.com/1069324",
    "title": "كشافة المملكة تصل اليابان للمشاركة في الجامبوري العالمي",
    "author": "الرياض - راشد السكران",
    "content": "    وصلت فرقة كشافة المملكة المشاركة في الجامبوري الكشفي العالمي الثالث والعشرين الى مطار فوكوكا -شمال شرق جزيرة كيوشو- ليلتحق أعضاؤها البالغ عددهم 120 كشافاً ب32 ألف كشاف يمثلون 144 جمعية كشفية وطنية بالمخيم المقام في مدينة ياماغوتشي اليابانية. \nوأوضح قائد الفرقة الكشفية عبدالله المنصور أن برنامج الفرقة يتضمن المشاركة بالبرامج المُعدة من لجنة التنظيم بالدولة المستضيفة والمنظمة الكشفية العالمية مثل قرية التنمية العالمية، والثقافة والحضارة، وبرامج المجتمع، وبرامج الطبيعة، والبرامج المائية، واليوم العالمي، والسلام، حيث سيقوم الكشافة بزيارة لهيروشيما يتعرفون من خلالها على العواقب المميتة للحروب، ويتم خلال الزيارة تشجيع الكشافين على السعي لنشر السلام حول العالم والقيام بمبادرات ومشاريع رسل السلام. \nوأبان المنصور أن الوفد السعودي سيقدم خمس ورش للمشاركين تتضمن الخيمة العربية، واللغة العربية، ولوحة السلام، والحوار، والحرمين الشريفين، مؤكداً أن المشاركة في هذه التظاهرة العالمية تسعى الجمعية من خلالها الى التعريف بالمملكة، والتعريف بالكشافة السعودية ودورها في خدمة وتنمية المجتمع، والتعريف بمشروع رسل السلام، وتوثيق أواصر الصداقة بين الكشافة السعودية وكشافي العالم، وتأصيل مبادئ الحوار الهادف مع الآخر، بالإضافة الى تبادل الخبرات بين الكشافين والقادة وتنمية روح التعاون، والتعرف على المعالم الحضارية والتاريخية في اليابان. ",
    "date_extracted": "2015-07-31 03:53:52"
}