{
    "url": "http://www.alriyadh.com/1069204",
    "title": "السيسي: مواقف المملكة المشرّفة تجاه مصر وشعبها ممتدة",
    "author": "القاهرة- سباعي إبراهيم  - واس",
    "content": "    بحضور فخامة الرئيس عبدالفتاح السيسي رئيس جمهورية مصر العربية، شهد صاحب السمو الملكي الأمير محمد بن سلمان بن عبدالعزيز ولي ولي العهد النائب الثاني لرئيس مجلس الوزراء وزير الدفاع صباح امس حفل تخريج الكليات والمعاهد العسكرية بالكلية الحربية المصرية، وذلك بمقرها في القاهرة. \nوقدمت الكلية الحربية المصرية استعراضاً عسكرياً متنوعاً، شمل فقرة رياضية وعرضاً للأجنحة المتخصصة وعرض خريجي الكلية الفنية العسكرية والمعهد الفني وعرض الشرطة العسكرية والقوات الخاصة المصرية. \nكما شاهد الرئيس المصري وسمو ولي ولي العهد والرئيس المصري السابق المستشار عدلي منصور ورئيس المجلس العسكري الأسبق ووزير الدفاع الأسبق المشير محمد حسين طنطاوي، ورئيس الوزراء المصري إبراهيم محلب ومعالي القائد العام للقوات المسلحة وزير الدفاع والإنتاج الفريق أول صدقي صبحي وعدد من الوفود الرسمية، مراسم التخريج بالكلية الحربية. \n \nزيارة الأمير محمد بن سلمان رسالة للشعبين الشقيقين ودول الخليج بأن الجميع معنا \nوفي ختام الحفل تسلم الرئيس المصري والأمير محمد بن سلمان هديتي الكلية الحربية من مدير الكلية الحربية المصرية اللواء عصمت مراد بهذه المناسبة. \nورحب الرئيس المصري عبدالفتاح السيسي في كلمته خلال الحفل بضيف مصر صاحب السمو الملكي الأمير محمد بن سلمان بن عبدالعزيز ولي ولي العهد النائب الثاني لرئيس مجلس الوزراء وزير الدفاع الذي تأتي مشاركته اليوم امتداداً لمواقف المملكة العربية السعودية المشرفة إزاء مصر وشعبها واستكمالاً لمسيرة خادم الحرمين الشريفين الملك سلمان بن عبدالعزيز آل سعود الذي تطوع للدفاع عن مصر عام 1956م، كما دعم المجهود الحربي في حرب أكتوبر 1973م وتدليلاً على عزم أكيد وإرادة مشتركة لاستمرار العلاقات الأخوية بين البلدين والشعبين الشقيقين، والارتقاء بها لآفاق أرحب ومستوى أكثر تميزاً. \nوأكد الرئيس المصري أهمية زيارة سمو ولي ولي العهد لمصر مشيراً إلى أنها رسالة مهمة للشعبين الشقيقين السعودي والمصري ورسالة للدول الخليجية الشقيقة ولكل العرب أن الجميع دائماً معاً، مجدداً الشكر والترحيب لسمو ولي ولي العهد على زيارته لجمهورية مصر العربية. \nالبيان المشترك: تطوير التعاون العسكري والعمل على إنشاء القوة العربية المشتركة \nالبيان المشترك \nالى ذلك صدر امس بيان مشترك (إعلان القاهرة) بمناسبة زيارة صاحب السمو الملكي الأمير محمد بن سلمان بن عبدالعزيز ولي ولي العهد النائب الثاني لرئيس مجلس الوزراء وزير الدفاع فيما يلي نصه: \nانطلاقاً من العلاقات الوثيقة والراسخة التي تربط جمهورية مصر العربية والمملكة العربية السعودية بقيادة خادم الحرمين الشريفين الملك سلمان بن عبدالعزيز آل سعود وأخيه فخامة الرئيس عبدالفتاح السيسي، فقد قام صاحب السمو الملكي الأمير محمد بن سلمان بن عبدالعزيز آل سعود بزيارة إلى جمهورية مصر العربية تلبية لدعوة كريمة من فخامة السيد الرئيس عبدالفتاح السيسي يوم الخميس 14 / 10 / 1436ه الموافق 30 / 7 / 2015م. \nوعقد فخامته اجتماعاً مع سموه، حيث نقل سموه تحيات خادم الحرمين الشريفين الملك سلمان بن عبدالعزيز آل سعود وصاحب السمو الملكي الأمير محمد بن نايف ولي العهد نائب رئيس مجلس الوزراء وزير الداخلية إلى أخيهما فخامة الرئيس عبدالفتاح السيسي، وجرى بحث مجمل العلاقات الثنائية بين البلدين الشقيقين وسبل تعزيزها وتطويرها في كافة المجالات. \n تحقيق التكامل الاقتصادي تكثيف التعاون السياسي والثقافي والإعلامي تعيين الحدود البحرية \nكما تم بحث المستجدات في المنطقة وآخر التطورات على الصعيد الإقليمي، حيث أكد الجانبان حرصهما على بذل كافة الجهود لتعزيز الأمن والاستقرار في المنطقة والعمل سوياً على حماية الأمن القومي العربي، ورفض محاولات التدخل في الشؤون الداخلية للدول العربية. \nوبناء على توجيه خادم الحرمين الشريفين وأخيه فخامة الرئيس عبدالفتاح السيسي فقد اتفق الجانبان على وضع حزمة من الآليات التنفيذية في المجالات التالية: \n1-تطوير التعاون العسكري والعمل على إنشاء القوة العربية المشتركة. \n2- تعزيز التعاون المشترك والاستثمارات في مجالات الطاقة والربط الكهربائي والنقل. \n3 - تحقيق التكامل الاقتصادي بين البلدين والعمل على جعلهما محوراً رئيسياً في حركة التجارة العالمية. \n4 - تكثيف الاستثمارات المتبادلة السعودية والمصرية بهدف تدشين مشروعات مشتركة. \n5 - تكثيف التعاون السياسي والثقافي والإعلامي بين البلدين لتحقيق الأهداف المرجوة في ضوء المصلحة المشتركة للبلدين والشعبين الشقيقين، ومواجهة التحديات والأخطار التي تفرضها المرحلة الراهنة. \n6 - تعيين الحدود البحرية بين البلدين. \nويتطلع الجانبان إلى التنفيذ الكامل لما تقدم في إطار من التواصل المستمر والتنسيق على أعلى المستويات بين البلدين، اللذين يمثلان جناحي الأمة العربية والإسلامية، ويعملان معاً من أجل ضمان تحقيق الأمن القومي العربي والإسلامي واستمرار ازدهارهما. \nوفي ختام اللقاء، طلب السيد الرئيس عبدالفتاح السيسي نقل تحياته إلى أخيه خادم الحرمين الشريفين الملك سلمان بن عبدالعزيز وأخيه صاحب السمو الملكي الأمير محمد بن نايف بن عبدالعزيز. \nوعبر صاحب السمو الملكي الأمير محمد بن سلمان بن عبدالعزيز عن بالغ شكره وتقديره لفخامة السيد الرئيس والحكومة المصرية على ما لقيه والوفد المرافق من حسن الاستقبال والوفادة. \n \n \n \n \n \n \n \n \n \n \n \n \n \n \n ",
    "date_extracted": "2015-07-31 03:51:49"
}