{
    "url": "http://www.alriyadh.com/1069371",
    "title": "موهوبو الرياض يواصلون  تجربة «حياة المخترعين»",
    "author": "الرياض - منصور الحسين",
    "content": "    يتدرب 140 طالبا موهوبا على الاختراع وعلى حياة المخترعين العلمية والعملية من خلال برنامج مؤسسة الملك عبدالعزيز للموهبة والذي تقيمه في مدارس الرياض ويستمر لمدة ثلاثة اسابيع. \nواوضح عبدالرحمن الغفيلي المشرف العام على البرنامج ان الموهوبين في هذه الوحدة يتعرفون على الاختراعات القديمة والحديثة، بعد ذلك يتم تعريفهم بطريقة العلماء في البحث، بعد ذلك يتدرب الموهوبون على طريقة سكامبر، ثم صناعة الشوكة، وعلى اداة الاسترداد، ثم التعرف على لوحة الالعاب ومكونات الالعاب واستخلاص المعلومات، وتحدي سكامبر، والآلات البسيطة والمركبة والرافعات والمجنيق والبراغي و الاسافين والتروس. \nواضاف الغفيلي انه سيتم خلال الاسبوع القادم تعريف الموهوبين بحالة المخترع وتركيب الاداة، واداة روب غالدنبرج، والكتابة الاجرائية، والرسوم المتحركة لغالدنبرج، وخصائص الجسر وبنائه، تحدي برج المكرونة، ولوحات العرض الثلاثية، والعلامات التجارية، ومهارات العرض، وتفكيك جهاز، والاختراع الوهمي، وتحديث الحالة، ومقدمة القوى، والسيارة التي تعمل بالشريط المطاطي، والسيارة الشمسية. \nواشار رئيس البرنامج احمد العمود ان الموهوبين تم تدريبهم في هذا الاسبوع الاول من البرنامج على الابتكارات البسيطة والسهلة من اجل ان تفتح افاقهم على ان الابتكار ليس بصعب ويمكن تحقيق من خلال المحاولة والتجربة واستثمار الامكانات الموجودة حولنا، فتم استثمار قوارير المياه الفارغة في عملية صنع كشاف انارة. ",
    "date_extracted": "2015-07-31 03:53:15"
}