{
    "url": "http://www.alriyadh.com/1069161",
    "title": "طالبان تؤكد مقتل الملا عمر بسبب المرض",
    "author": "كابول - أ. ف. ب",
    "content": "    أكدت حركة طالبان أفغانستان الخميس وفاة زعيمها الملا محمد عمر \"بسبب المرض\" غداة صدور إعلان بهذا الصدد عن الحكومة الأفغانية، من غير أن تحدد تاريخ وفاته ولا اسم خلفه. \nواوضح المتمردون الاسلاميون في بيان تلقته وكالة فرانس برس أن \"قيادة الامارة الاسلامية (الاسم الذي تطلقه الحركة على نفسها) وعائلة الملا عمر تعلنان وفاة مؤسس وزعيم (طالبان) نتيجة المرض\". ",
    "date_extracted": "2015-07-31 03:50:50"
}