{
    "url": "http://www.alriyadh.com/1069369",
    "title": "«عمل الشمالية» تضبط 34 عاملاً مخالفاً يعملون تحت أشعة الشمس",
    "author": "عرعر -  جاسر الصقري",
    "content": "    تمكنت فرق مكتب وزارة العمل بالحدود الشمالية وبرفقة رجال الأمن بشرطة المنطقة من ضبط 34 عاملاً مخالفاً تابعين لمؤسسة يعملون تحت أشعة الشمس في أحدى المشاريع الكبرى في عرعر. \nوأوضح أمس الخميس حامد العازمي مدير مكتب العمل بالحدود الشمالية بأن فرق التفتيش وبرفقة رجال الأمن تواصل حملاتها التفتيشية لضبط المخالفين للمادة 122 من نظام العمل، والتي تنص على اتخاذ الاحتياطات اللازمة لحماية العمال من الأخطار، وتطبيقاً للقرار رقم 1/1559 والقاضي بمنع العمل تحت أشعة الشمس، واتخاذ أقصى العقوبة بحق مرتكبي هذه المخالفة. ",
    "date_extracted": "2015-07-31 03:53:13"
}