{
    "url": "http://www.alriyadh.com/1069132",
    "title": "ارتفاع عدد المرشحين الجمهوريين في البيت الابيض إلى 17",
    "author": "واشنطن - أ. ف. ب",
    "content": "    قدم الحاكم السابق لولاية فرجينيا جيم غيلمور رسميا الاربعاء ترشحه للانتخابات التمهيدية للحزب الجمهوري إلى البيت الابيض ليرتفع بذلك عدد المتنافسين على بطاقة الترشيح الجمهورية للسباق الرئاسي الى 17 مرشحا. \n \nوسجل غيلمور (65 عاما) بعد ظهر الاربعاء ترشحه للانتخابات الرئاسية لدى لجنة الانتخابات الفدرالية. \n \nوعلى الرغم من انه شبه مجهول على المستوى الوطني، فإن هذا لم يثن غيلمور من خوض غمار الانتخابات التمهيدية على غرار ما فعل العديد من المرشحين الآخرين الذين لا تزيد فرص الواحد منهم في الفوز على 1% بحسب استطلاعات الرأي. \n \nوكان غيلمور اعلن لصحيفة \"ريتشموند تايمز-ديسباتش\" الفرجينية، مطلع يوليو الجاري انه سيترشح في الاسبوع الاول اغسطس. ",
    "date_extracted": "2015-07-31 03:51:11"
}