{
    "url": "http://www.alriyadh.com/1069302",
    "title": "الرئيس المصري يؤكد أن أمن الخليج العربي «خط أحمر» لمصر",
    "author": "القاهرة - سباعي إبراهيم",
    "content": "    صرح الناطق الرسمي باسم الرئاسة المصرية السفير علاء يوسف بأن الرئيس السيسي طلب نقل تحياته وتقديره إلى أخيه خادم الحرمين الشريفين الملك سلمان بن عبدالعزيز، وأخيه صاحب السمو الملكي الأمير محمد بن نايف بن عبدالعزيز، مؤكداً أن مصر كانت وستظل دوماً عوناً لأشقائها ومدافعاً عن الحقوق العربية، وأن أمن منطقة الخليج العربي خط أحمر بالنسبة لمصر وجزء لا يتجزأ من أمنها القومي. \nوأضاف السفير يوسف أن الرئيس السيسي سلم الأمير محمد بن سلمان بن عبدالعزيز رسالة لخادم الحرمين دعاه فيها للقيام بزيارة رسمية إلى مصر، مؤكداً أن الترحيب به سيكون رسمياً وشعبياً، ويأتي تعبيراً عن امتنان وتقدير الشعب المصري لما قدمته المملكة من دعم ومساندة لمصر في مرحلة دقيقة من تاريخها، كما تُعد تلك الزيارة فرصة مميزة للتأكيد على متانة العلاقات بين البلدين ولإرساء قواعد انطلاقة كبرى بين البلدين للعمل المشترك في مواجهة التحديات الإقليمية. \n \n \n ",
    "date_extracted": "2015-07-31 03:51:50"
}