{
    "url": "http://www.alriyadh.com/1069186",
    "title": "الاتحاد الإيطالي يدعم ترشح بلاتيني لرئاسة الفيفا",
    "author": "روما - رويترز",
    "content": "    قال كارلو تافيكيو رئيس الاتحاد الايطالي لكرة القدم الخميس إن الاتحاد يدعم ميشيل بلاتيني في مساعيه لتولي رئاسة الاتحاد الدولي (الفيفا). \nوأضاف تافيكيو في بيان نشره الاتحاد الايطالي للعبة \"انه مسؤول تنفيذي يملك الخبرة والمعرفة كما انه الشخص المناسب لتنفيذ الإصلاحات الضرورية في الفيفا.\" \nوتابع \"كما قلت خلال الأسابيع القليلة الماضية فان ايطاليا ستظل تدعمه دوما لرئاسة الفيفا.\" \nواستطرد \"عمله وانجازاته في الاتحاد الأوروبي للعبة تؤكد على قدراته وتظهر أن بوسعه مساعدة الفيفا على استعادة المصداقية والمكانة في ظل هذه اللحظة الصعبة من تاريخه.\" \nوأعيد انتخاب بلاتر كرئيس للفيفا لفترة ولاية خامسة في 29 مايو الماضي إلا أنه أعلن بعدها بأربعة أيام أنه سيتخلى عن التفويض الذي منح له وسيترك منصبه وسط أسوا أزمة يتعرض لها الفيفا على مدار تاريخه. \nوقال الكوري الجنوبي تشونج مونج جون النائب السابق لرئيس الفيفا - وواحد من أكثر الشخصيات تأثيرا في كرة القدم الآسيوية - اليوم الخميس انه سيدخل سباق المنافسة، وأعاد زيكو اللاعب السابق لمنتخب البرازيل وموسى بيليتي رئيس الاتحاد الليبيري لكرة القدم التأكيد هذا الأسبوع على نيتهما الترشح في الانتخابات. ",
    "date_extracted": "2015-07-31 03:49:08"
}