{
    "url": "http://www.alriyadh.com/1069281",
    "title": "الرعاية الأبوية المبالغ فيها..",
    "author": "د. أنوار عبد الله أبو خالد",
    "content": "    يحرص الآباء على توفير كل ما يحتاجه الطفل من متطلبات واحتياجات على أكمل وجه، مع زيادة في المبالغة والتزمت في تطبيق أعلى المعايير، بحجة أنهم يبحثون عن الأفضل والأكمل تربية ورعاية، فتجد نسبة التنظيف عالية جداً لدرجة الوسواس، حتى يتعرض أحياناً الطفل إلى بعض الالتهابات والحساسية الجلدية أو حتى قد يتعرض إلى ضعف المناعة من المكروبات المحيطة به في البيت والمدرسة. \nوهناك مبالغات قد تجني على الطفل مثل توفير الجو الهادئ والغرفة الخاصة لكي ينام الطفل دون إزعاج له، وقد يتبادر إلى الذهن أن هذا هو المفترض والأفضل للطفل لأهمية النوم وكونه حاجة أساسية لنمو الطفل، ولكن التجربة أثبتت العكس، حيث اتضح أن إيجاد هذه الترتيبات الخاصة لنوم الطفل تضره أكثر مما تنفعه، لأن الطفل سوف ينشأ عنده ارتباط شرطي بين النوم والهدوء، حتى يتعلق بهذا الشرط ولا يستطيع أن ينام إلا مع توفر الهدوء والاستقلالية وهو شرط صعب التحقيق دائماً كما هو معروف، وسوف يصبح نوم الطفل خفيفاً لدرجة استيقاظه من أي صوت ولو كان خفيفاً، بل ربما أصبح يجفل وينفزع لأي حركة، بل ربما تطور الأمر حتى تصبح الأصوات التي يفترض من المخ أن يجعلها في اللاشعور من عقولنا فتصبح هذه الأصوات محسوسة ومزعجة جداً، كأصوات الهواء والمراوح والمكيفات وأصوات السيارات في الخارج وزقزقة العصافير وهديل الحمام وأصوات الموذنين، فيظل الطفل يبكي لأنه يحس بأن الهدوء الذي تعوّد عليه وألفه لم يتوفر له فيبكي لحاجته للنوم وهروب النوم من عينيه لاهتزاز الأمن والهدوء في نفسه. \nقد تعجبون من هذا الأمر، ولكن هذا ليس مقصوراً على الأطفال وحسب حتى الكبار الذين تعودوا على الهدوء والبعد عن ضجيج الأطفال والذين يتمتعون بنوافذ عازلة جداً للصوت، فإنهم يتعبون كثيراً عندما يسافرون عن بيوتهم ويضطرون لمشاركة الآخرين نفس الفندق مع فواصل جدارية ربما كانت من الخشب، أو حتى عندما يجتمعون مع الأقرباء والأصدقاء الذين تعج بيوتهم بأصوات الأطفال والتلفاز والجوالات. \nولذلك كان من وصايا الآباء والأجداد أن ينام الطفل نومته الليلية الأساسية في غرفته الخاصة مع توفير هدوء نسبي وإضاءة خفيفة في ركن منزو، أما بقية النومات الصباحية وما بعد الظهر وغيرها فتحرص الأم على أن تكون في مكان آخر قريباً من الصالة ومن الأصوات العائلية وأجوائها الصاخبة ليتعود الطفل ويتعايش مع ظروف الحياة المتغيرة، وهذا يمنع عن الطفل في المستقبل من الإصابة بالصداع التوتري والقلق من تغير البيئة المكانية والصوتية، وقد نلاحظ أن الأطفال في الفترة الأخيرة لا يستطيعون التكيف مع السفر أو المبيت عند الأقرباء أو في البر لهذا السبب، فيستنكر الفراش ويفتقد الخصوصية ويفتقد الهدوء المشروط لنومه كما تعوّد من صغره، فيتوتر نومه وينعكس هذا على نفسيته، وعلى دروب الخير نلتقي. ",
    "date_extracted": "2015-07-31 12:18:58"
}