{
    "url": "http://www.alriyadh.com/1068938",
    "title": "الإتحاد يكتسح أورنافاسيس الإيطالي بتسعة أهداف",
    "author": "متابعة - الرياض الإلكتروني",
    "content": "    اكتسح الإتحاد فريق أورنافاسيس الإيطالي بتسعة أهداف نظيفة في ثاني مبارياته الوديه خلال معسكره المقام حاليا في إيطاليا. \nودخل مدرب الإتحاد الروماني لازلو بولوني المباراة بتشكيلة مكونة من فواز الخيبري، راشدالرهيب، زوكالا، أحمد عسيري، ماجد الخيبري، باجندوح، ابو سبعان، سان مارتن، عبدالفتاح عسيري، يوهاندري،ريفاس . \nوتمكن المهاجم الفنزولي ريفاس من تسجيل أربعة أهداف \"سوبر هاتريك\" في ظهوره الثاني مع الفريق، فيما تناوب مختار فلاته وأحمد عسيري ورياض الإبراهيم ومحمد قاسم تسجيل باقي الأهداف. \n \n \n \n \n \n ",
    "date_extracted": "2015-07-31 03:51:31"
}