{
    "url": "http://www.alriyadh.com/1069387",
    "title": "المملكة وناميبيا توقعان على بروتوكول إقامة علاقات دبلوماسية",
    "author": "نيويورك - واس",
    "content": "    وقعت المملكة العربية السعودية في نيويورك الثلاثاء الماضي مع جمهورية ناميبيا على بروتوكول إقامة علاقات دبلوماسية بينهما. \nووقع معالي المندوب الدائم للمملكة العربية السعودية لدى الأمم المتحدة السفير عبدالله بن يحيى المعلمي على اتفاقية إقامة العلاقات الدبلوماسية، فيما وقعها من جانب ناميبيا مندوبها الدائم لدى الأمم المتحدة معالي السفير ويلفريد إيمفولا. \nوأكد مندوبا المملكة وجمهورية ناميبيا حرص البلدين على تعزيز العلاقات وتوسيع آفاق التعاون بينهما في شتى المجالات. \nوقد قرر البلدان إقامة العلاقات الدبلوماسية وفقًا لأحكام اتفاقية العلاقات والحصانات الدبلوماسية الموقعة في فيينا 1961م ورغبة من البلدين في أن تؤدي هذه الخطوة إلى تطوير العلاقات الاقتصادية والسياسية. ",
    "date_extracted": "2015-07-31 03:52:36"
}