{
    "url": "http://www.alriyadh.com/1069488",
    "title": "حمدان هجر سليم.. والصربي توبيتش يواصل الغياب",
    "author": "الأحساء - عماد السلمان",
    "content": "    واصل مدافع هجر الصربي توبيتش غيابه عن تدريبات فريقه بعد تعرضه لكدمة في الفخذ ومن المتوقع عودته غدا (الأحد) فيما عاد لاعب الوسط مراد الرشيدي إلى التدريبات بعد تعافيه من الإصابة وأثبتت الكشوفات الطبية سلامة المهاجم جاسم الحمدان من الإصابة في الركبة وحاجته للراحة السلبية فقط لمدة عشرة أيام بعد إجراء الفحوصات الطبية كذلك الحال للحارس خالد راضي الذي تعرض لكدمة قوية في الصدر ومن المتوقع مشاركة اللاعبين في المرحلة الثالثة والأخيرة من الاستعدادات. \nمن جهة ثانية يخوض هجر اليوم (السبت) مباراته الودية الثالثة أمام الرائد في تركيا تحضيرا لانطلاقة (دوري عبداللطيف جميل) للموسم الجديد بعدما اعتذر عن اللعب أمام القادسية. ",
    "date_extracted": "2015-08-01 15:22:49"
}