{
    "url": "http://www.alriyadh.com/1069200",
    "title": "جائزة جازان تفتح باب المنافسة   والترشح على فروعها المختلفة",
    "author": "جازان - رؤى مصطفى",
    "content": "    أعلنت جائزة جازان للتفوق والإبداع عن فتح باب المنافسة والترشيح في دورتها العاشرة وذلك في ثمانية فروع شملت حفظ القرآن والسنة والشخصية الثقافية والعلمية والأداء المميز والتفوق الدراسي بالإضافة إلى الإبداع الأدبي والفني والابتكارات وريادة الأعمال، كما شملت البحث العلمي وحماية البيئة. \nوأوضح أمين عام الجائزة د. حسن بن حجاب الحازمي بأن الجائزة تحرص دائما وبتوجيهات من صاحب السمو الملكي الأمير محمد بن ناصر بن عبدالعزيز أمير منطقة جازان رئيس مجلس أمناء الجائزة على تطوير الجائزة ودعمها الدائم بما يخدم جميع المجالات ويزيد من المنافسة بين المتقدمين. \nوبين أن الجائزة في دورتها هذا العام شهدت تعديلات نوعية في مسميات الفروع وتقليص عددها بما يضمن تحقيق أعلى قدر من التنافس والتأثير. \nودعا د. الحازمي جميع المستهدفين إلى سرعة الاطلاع على شروط ومعايير الترشح للجائزة والتعرف على المزيد من المعلومات عبر موقع الجائزة الإلكتروني: \nwww.pmnaward.com \nيذكر أن أمير منطقة جازان وجه العام الماضي على تعديل مسمى \"جائزة الأمير محمد بن ناصر للتفوق والإبداع\" إلى \"جائزة جازان للتفوق والإبداع\" حرصا منه على حمل الجائزة اسم المنطقة الغالي على قلوب الجميع. ",
    "date_extracted": "2015-07-31 03:51:58"
}