{
    "url": "http://www.alriyadh.com/1069323",
    "title": "القتل تعزيراً لمهرب مخدرات سوري في الرياض",
    "author": "الرياض - واس",
    "content": "    أصدرت وزارة الداخلية أمس بيانًا بشأن تنفيذ حكم القتل تعزيراً في مهرب مخدرات بمنطقة الرياض، وفيما يلي نصه: \nقال الله تعالى: ((إنما جزاء الذين يحاربون الله ورسوله ويسعون في الأرض فساداً أن يقتلوا أو يصلبوا أو تقطع أيديهم وأرجلهم من خلاف أو ينفوا من الأرض ذلك لهم خزي في الدنيا ولهم في الآخرة عذاب عظيم)). \nبفضل من الله تم القبض على المدعو: قاسم محمد الهلال -سوري الجنسية- إثر قيامه بتهريب كمية كبيرة من حبوب الإمفيتامين المحظورة، وأسفر التحقيق معه عن اتهامه بما نسب إليه، وبإحالته إلى المحكمة العامة صدر بحقه صك شرعي يتضمن ثبوت إدانته بما نسب إليه، والحكم بقتله تعزيراً، وصدق الحكم من محكمة الاستئناف، ومن المحكمة العليا، وصدر أمر ملكي يقضي بإنفاذ ما تقرر شرعاً بحقه. \nوقد تم تنفيذ حكم القتل في الجاني: قاسم محمد الهلال -سوري الجنسية- أمس الخميس الموافق 14 / 10 / 1436ه في منطقة الرياض، بمحافظة حريملاء. \nووزارة الداخلية إذ تعلن ذلك لتؤكد للعموم حرص حكومة خادم الحرمين الشريفين -حفظه الله- على محاربة المخدرات بأنواعها، لما تسببه من أضرار جسيمة على الفرد والمجتمع، وإيقاع أشد العقوبات على مرتكبيها، مستمدة منهجها من شرع الله القويم، وهي تحذر في الوقت نفسه كل من يقدم على ذلك بأن العقاب الشرعي سيكون مصيره. \nوالله الهادي إلى سواء السبيل. ",
    "date_extracted": "2015-07-31 03:53:51"
}