{
    "url": "http://www.alriyadh.com/1068264",
    "title": "ارتفاع صافي أرباح «بترورابغ» 21% في 6 أشهر",
    "author": "الرياض- واس",
    "content": "    سجل صافي أرباح شركة رابغ للتكرير والبتروكيماويات ارتفاعاً بنسبة 21% في النصف الأول من العام الحالي مقارنة بالفترة المماثلة من العام السابق حيث بلغت 710 ملايين ريال. \n \nوأوضحت الشركة في بيان لها أنها حققت صافي ربح خلال الربع الثاني بلغ 504 ملايين ريال بارتفاع نسبته 193% عن الربع المماثل من العام السابق، وبارتفاع نسبته 145% عن الربع السابق، لتبلغ بذلك ربحية السهم 0.8 ريال مقابل 0.67 ريال. \n \nوأرجعت الشركة نتائجها إلى التحسن الايجابي في هوامش التكرير على الرغم من التأثير الجزئي لانخفاض هوامش ربح المنتجات البتروكيماوية الذي أدى لانخفاض الأسعار بسبب ضعف السوق وانخفاض اسعار الزيت الخام. ",
    "date_extracted": "2015-07-27 18:10:34"
}