{
    "url": "http://www.alriyadh.com/1068885",
    "title": "مايكروسوفت تطلق نظام التشغيل الجديد ويندز 10",
    "author": "الرياض - رويتز",
    "content": "    أطلقت شركة مايكروسوفت اليوم نظام التشغيل الجديد ويندوز 10 وقالت الشركة إن ويندوز 10 الذي يأتي بعد نحو ثلاث سنوات من إطلاق نظام التشغيل السابق للشركة سيتاح كتحديث مجاني في 190 دولة لمستخدمي أنظمة تشغيل ويندوز 7 وويندوز 8.1 وويندوز فون 8.1 . \n \nوصمم نظام التشغيل الجديد للاستخدام في أجهزة الكمبيوتر المحمول والكمبيوتر المكتبي والهواتف الذكية وهو جزء من جهود ساتيا ناديلا الرئيس التنفيذي لاستعادة مكانة الشركة بأسواق الأجهزة اللوحية والهواتف المحمولة. \n \nوفي الاسبوع الماضي ذكرت ايمي هوود رئيسة القطاع المالي إن الشركة تتطلع لجني عائدات من خلال بناء قدرات بحثية وترفيهية داخل ويندوز 10 . ",
    "date_extracted": "2015-07-31 03:53:55"
}