{
    "url": "http://www.alriyadh.com/1069338",
    "title": "«سياحة الأحساء» تضبط «موتيلات» تعمل بدون ترخيص",
    "author": "الأحساء - صالح المحيسن",
    "content": "    ضبط مفتشو الإيواء السياحي التابعين للهيئة العامة للسياحة والتراث الوطني في الأحساء مؤخراً مخالفات في عدد من فنادق الطرق \"موتيلات\" بمركزي حرض وخريص. \nوأوضح وليد بن عبدالله الحسين مدير الهيئة العامة للسياحة والتراث الوطني في الأحساء بأن فريقي تفتيش من إدارة التراخيص بالفرع قاما بزيارتين إلى حرض وخريص خلال هذا الأسبوع، للوقوف على مرافق الإيواء في المركزين، وتم ضبط واستدعاء أصحاب فنادق الطرق \"الموتيلات\" المخالفة بخصوص مزاولة النشاط بدون الحصول على التراخيص. \nوكشف الحسين أن فرع الهيئة العامة للسياحة والتراث الوطني في الأحساء رخص حتى رمضان الماضي في المحافظة ل6 فنادق و66 وحدة سكنية مفروشة، و5 فنادق طرق \"موتيلات\"، و4 شقق فندقية، و2 نزل سياحي، و17 منظمَ رحلات سياحية، و48 وكالة سفر وسياحة، و42 مرشدا سياحيا. ",
    "date_extracted": "2015-07-31 03:52:43"
}