{
    "url": "http://www.alriyadh.com/1069144",
    "title": "الأرصاد تحذر من التعرض للشمس فترة الظهيرة",
    "author": "جدة - سعد بن عبدالله",
    "content": "    حذرت الرئاسة العامة للأرصاد وحماية البيئة بعدم التعرض المباشر لأشعة الشمس، خاصة خلال فترة الظهيرة، ودعت في تقرير لها إلى أخذ الحيطة والحذر. \n ويأتي تحذير الأرصاد لتأثر معظم مناطق المملكة عدا المصايف بارتفاع شديد في درجات الحرارة، وكانت توقعات سابقة للرئاسة أشارت إلى أن السمة الغالبة لحالة الطقس على أغلب مناطق المملكة مناطق المملكة أن تكون شديدة الحرارة خلال الظهيرة وأن تلامس درجات الحرارة 50 درجة مئوية و ازدياد درجات الحرارة بمقدار درجة واحدة أو أقل عن المعتاد. ",
    "date_extracted": "2015-07-31 03:51:00"
}