{
    "url": "http://www.alriyadh.com/1069155",
    "title": "تكليف الهيئة الملكية بإدارة وتشغيل مدينة جازان الاقتصادية",
    "author": "الجبيل الصناعية - إبراهيم الغامدي",
    "content": "    أتى صدور الأمر الكريم القاضي بتكليف الهيئة الملكية للجبيل وينبع بإدارة وتشغيل مدينة جازان الاقتصادية، ونجحت الهيئة الملكية بتولي أمور كافة مشاريع البنية التحتية في رأس الخير وتطوير البنية التحتية المشتركة للمشاريع وتشتمل الميناء وخدماته وتطوير الموقع والمرافق وبناء القرية السكنية التي تضم جميع الخدمات الاجتماعية والاقتصادية والتجارية والتعليمية والترفيهية لأكثر من 3000 موظف ومد الطرق ونقل الطاقة ومياه التبريد وحماية البيئة حيث بادرت الهيئة الملكية أولا وشرعت في فتح أبوابها على مصراعيها لتقديم كل العون والمساندة لهذه القلعة التعدينية الجديدة في مختلف احتياجاتها ومتطلباتها الخدمية . \n \nوبتولي أيضاً الأمور اللوجستية والتي اشتملت على مرافق الجبيل الصناعية وبنيتها التحتية لخدمة هذا الكيان الصناعي الجديد برأس الخير وذلك بمد جسور الاستقرار النفسي لعامليها وأسرهم من خلال توفير مشاريع الإسكان الراقية المتكاملة الخدمات بالجبيل الصناعية والطرق السريعة الجديدة التي تشيد حالياً لتربط بين المدينتين مباشرة بشكل خاص. \n \nويركز المرحلة الأولى من هذا المشروع، التي سيكتمل في عام 2017، على بناء بنية تحتية ذكية توفر لمجموعة كبيرة من الصناعات احتياجاتها في مجالات الطاقة والمنافع والنقل. ومن المقرر أن توازي هذه الاستثمارات في البنية التحتية مجموعة متعددة من المشاريع الوطنية الضخمة، منها مطار جديد في جازان وسكة حديد ساحلية تربط بين جازان وجدة بطول 660 كيلومترًا. \n \n وصممت البنية التحتية للمدينة بحيث تمكن المستثمرين من إطلاق أعمالهم في أسرع وقت ممكن. ويـُتوقع لهذا المشروع أن يزيد بصورة كبيرة من الناتج الاقتصادي لهذه المنطقة، بينما سيوفر15 ألف فرصة عمل خلال سنواته الخمس الأولى. ومن المتوقع، خلال عملية نموه أن يوفر أكثر من 70 ألف فرصة عمل جديدة على مدى 15 عامًا. وستتمتع هذه المدينة ﺑﻤستوى معيشة مرتفع يعمل على جذب قوة عمل بشرية تتسم بالنشاط والحيوية والمحافظة عليها، إلى جانب جذبه لشركات قادرة على المنافسة. وستحدد الشراكة بين القطاعين العام والخاص، في هذا المشروع، المعيار للتنمية الاقتصادية المحلية، كما أنها ستمثل نموذجا لإقامة المدن الاقتصادية في المملكة. ",
    "date_extracted": "2015-07-31 03:50:53"
}