{
    "url": "http://www.alriyadh.com/1069193",
    "title": "نائب خادم الحرمين يعزي في وفاة الأميرة مشاعل بنت عبدالمحسن",
    "author": "حائل - خالد العميم",
    "content": "    قام نائب خادم الحرمين الشريفين صاحب السمو الملكي الأمير محمد بن نايف بن عبدالعزيز آل سعود بزيارة عزاء في وفاة صاحبة السمو الملكي الأميرة مشاعل بنت عبدالمحسن بن عبدالعزيز -رحمها الله-. \nوكان في استقبال سموه لدى وصوله منزل العزاء بالرياض صاحب السمو الملكي الأمير سعود بن عبدالمحسن بن عبدالعزيز أمير منطقة حائل وصاحب السمو الملكي الأمير بدر بن عبدالمحسن بن عبدالعزيز وصاحب السمو الملكي الأمير وليد بن عبدالمحسن بن عبدالعزيز وصاحب السمو الملكي الأمير فيصل بن سعد بن عبدالعزيز وصاحب السمو الملكي الأمير عبدالعزيز بن سعد بن عبدالعزيز نائب أمير منطقة حائل.  \nوقد قدم نائب خادم الحرمين الشريفين صادق تعازيه ومواساته في وفاة الأميرة مشاعل بنت عبدالمحسن -رحمها الله-، سائلاً الله بأن يتغمدها بواسع رحمته ويدخلها فسيح جناته ويلهم الجميع الصبر والسلوان. \nوأعرب صاحب السمو الملكي الأمير سعود بن عبدالمحسن بن عبدالعزيز أمير منطقة حائل عن شكره لنائب خادم الحرمين الشريفين -حفظه الله-، معرباً عن شكره لكل من واسى في المصاب الأليم بوفاة الفقيدة. \nوأعرب سموه عن تقديره لمشاعر المواساة والعزاء من داخل الوطن ومن خارجه ومختلف مناطق المملكة ومن أهالي منطقة حائل، داعياً الله أن يحفظ الجميع من كل مكروه وأن يبقى هذه البلاد كما عهدناها عنواناً للألفة واللحمة القوية بين الجميع قيادة وشعباً. ",
    "date_extracted": "2015-07-31 03:51:53"
}