{
    "url": "http://www.alriyadh.com/1069511",
    "title": "أدلاء المدينة يكملون استعداداتهم لاستقبال ضيوف الرحمن",
    "author": "المدينة المنورة – خالد الزايدي",
    "content": "    عقدت المؤسسة الأهلية للأدلاء بالمدينة المنورة اجتماعاً لتنسيق الجهود بين المؤسسة ومكتب إرشاد الحافلات استعداداً لاستقبال ضيوف الرحمن . وناقش الاجتماع مستجدات الخطة التشغيلية للمؤسسة ومكتب الإرشاد والخطط المشتركة لاستيعاب أيام ذروة قدوم الحافلات لدى المؤسسة في مركز استقبال الهجرة من منتصف شهر ذي القعدة القادم إلى أواخره، ومرافقة حافلات الحجاج القادمين براً  للمدينة المنورة وإيصالهم إلى سكنهم، إضافة لاستلام الحافلات من مقار الشركات بالهجرة ومرافقتها إلى مواقع سكن الحجاج المغادرين خاصة أيام ذروة المغادرة. وأوضح عضو مجلس الإدارة المشرف على العلاقات العامة والاعلام كمال بن أحمد خليفة أن الاجتماع يأتي ضمن عدة اجتماعات تنسيقية تعقدها المؤسسة مع عدد من الجهات ذات العلاقة بهدف تطوير الخدمات من خلال العمل المشترك بين مقدمي الخدمة لضيوف الرحمن. ",
    "date_extracted": "2015-08-01 15:32:18"
}