{
    "url": "http://www.alriyadh.com/1069188",
    "title": "نايف هزازي يتعرض لكدمة في مفصل القدم",
    "author": "الرياض- بندر العتيبي",
    "content": "    اجتاحت الإصابات لاعبي النصر اليوم الخميس بعد أن تعرض لاعب خط الوسط عوض خميس لخلع في الكتف نجح الجهاز الطبي في إعادته بسرعة فائقة وفي نفس موقع إصابته، وازدادت معاناة النصراويين بعد أن تعرض المهاجم نايف هزازي في المناورة لكدمة قوية في مفصل القدم الأيسر. \n \nوأكد الجهاز الطبي للجهاز الفني قدرة اللاعبين نايف هزازي وعوض خميس في المشاركة في مباراة السوبر أمام الهلال، وكانت الإدارة النصراوية قد تلقت أولى الأخبار السيئة فجر اليوم بعد أن تعرض المهاجم الأوروغوياني مورا للإصابة في العضلة الخلفية أثناء المشاركة في نهائي كأس الليبرتادوريس مع فريقه ريفربليت الارجنتيني أمام تغريز المكسيكي وتم استبداله بين شوطي اللقاء، وطالبت إدارة النصر وكيل أعماله بتسليمهم تقرير مفصل عن إصابته. \n \n \n \n \n ",
    "date_extracted": "2015-07-31 03:49:05"
}