{
    "url": "http://www.alriyadh.com/1069575",
    "title": "كاميرون ينفي تجنيده لصالح (كي.جي.بي)",
    "author": "لندن - تركي الناصر",
    "content": "    نفى رئيس الحكومة البريطانية ديفيد كاميرون أنه قد تم تجنيده لصالح المخابرات الروسية \"كي.جي.بي\" وذلك عندما كان يبلغ من العمر ١٨ عاماً. \nوقال كاميرون بحسب صحيفة التلغراف إنه التقى اثنين من الباعة الروس في إحدى المدن الروسية على أحد الشواطئ المخصصة وقتها للسياح الأجانب فقط. حيث قام الروسيان بأخذ كاميرون وصديقه لتناول العشاء وتم استجوابهم بطريقة ودية عن الحياة في إنجلترا وعن آرائهم السياسية. وأكد كاميرون ان شكوكه حول الشخصين المجهولين قد أكدها أستاذ له عند عودته لإنجلترا بأنها محاولة لتجنيده. \nوفي رد على كاميرون قال المحلل الأمني الروسي غينيادي سوكولو إن رئيس الحكومة كان شخصاً مجهولاً وقتها وانه لم يجد في محفوظات ال كي.جي.بي ما يثبت صحة اتهام كاميرون. وطمأن كاميرون انه لم ينضم في يوم من الأيام لجهاز المخابرات الروسي. ",
    "date_extracted": "2015-08-01 15:21:44"
}