{
    "url": "http://www.alriyadh.com/1069636",
    "title": "إجلاء جوي عماني لتسعة جثامين و27 مصاباً جراء حادثة خريص",
    "author": "الأحساء  -  صالح المحيسن",
    "content": "    أجلت طائرتان عسكريتان عمانيتان مساء أمس (الجمعة)، عبر مطار الأحساء الإقليمي جثامين تسعة متوفين، و27 مصاباً، جراء اصطدام الحافلة التي كانت تقلهم بشاحنة نقل، في طريق عودتهم من مكة المكرمة على طريق الاحساء - خريص. \nوأوضحت الشؤون الصحية بمحافظة الاحساء في بيان لها، أن عملية الإجلاء التي بدأت الساعة الثالثة عصراً حتى الساعة السابعة والنصف مساء، بعد تلقي المصابين العناية الصحية اللازمة في مستشفيات المحافظة، فيما تبقى سبعة مصابين لم تسمح حالهم الصحية بالمغادرة حالياً. \nوشاركت في تنفيذ عملية الإجلاء، قيادات وفرق العمل في كل من مستشفى الملك فهد بالهفوف ومستشفى الأمير سعود بن جلوي ومستشفى العيون ومستشفى الولادة والأطفال وإدارة الأزمات والطوارئ بصحة الأحساء. \n \n ",
    "date_extracted": "2015-08-01 15:37:11"
}