{
    "url": "http://www.alriyadh.com/1069179",
    "title": "1,2 مليار دولار مساعدة عاجلة إلى العراق لمواجهة «داعش»",
    "author": "واشنطن - أ. ف. ب",
    "content": "    قدم صندوق النقد الدولي مساعدة عاجلة الى العراق بقيمة 1,2 مليار دولار لمواجهة التداعيات الاقتصادية الناتجة من هجوم تنظيم داعش المتطرف وتدهور أسعار النفط. \nوقال الصندوق في بيان أن هذا القرض الذي سيسدد فورا من شانه مساعدة العراق في مواجهة هذه \"الصدمة المزدوجة\" التي تعرضت لها موازنة الدولة العراقية وتسببت بخفض احتياطها النقدي. ",
    "date_extracted": "2015-07-31 03:50:37"
}