{
    "url": "http://www.alriyadh.com/1069404",
    "title": "الاتحاد الأوروبي يطالب بعدم التهاون مع المستوطنين الإسرائيليين",
    "author": "بروكسل - أ ف ب",
    "content": "    طالب الاتحاد الأوروبي بعدم التهاون مع أعمال العنف التي يرتكبها المستوطنون الإسرائيليون إثر هجوم اليوم الجمعة في الضفة الغربية المحتلة أدى إلى مقتل طفل فلسطيني حرقاً داخل منزل ذويه. \nوقالت متحدثة باسم الاتحاد في بيان \"ندعو إلى (تحمل) المسؤولية الكاملة والتطبيق الفاعل للقانون وعدم التهاون مع أعمال عنف المستوطنين\". ",
    "date_extracted": "2015-07-31 14:57:09"
}