{
    "url": "http://www.alriyadh.com/1069339",
    "title": "«هيئة الطيران المدني» تتابع استكمال   فك احتكار خدمات مطارات الداخل",
    "author": "",
    "content": "    نفذ المهندس طارق العبدالجبار مساعد نائب رئيس الهيئة العامة للطيران المدني للمطارات الداخلية ومديرو عموم وإدارات قطاع المطارات الداخلية، زيارة ميدانية شملت أربعة مطارات داخلية هي مطار الأمير عبدالمحسن بن عبدالعزيز بينبع، ومطار الملك سلمان بالدوادمي ومطارا وادي الدواسر وشرورة. \nويأتي برنامج الزيارة استكمالا للخطة التي وضعتها الهيئة العامة للطيران المدني للقيام بزيارات ميدانية للمطارات بشكل دوري انطلاقاً من حرصها على متابعة المشروعات التطويرية بهدف رفع مستوى الخدمات في مختلف المطارات من خلال تنفيذ أعمال التطوير الجذري لها وفك احتكار الخدمات وطرح خدمات جديدة تساهم في رفع مستوى وكفاءة الخدمات المقدمة للمسافرين من مواطنين ومقيمين وزائرين. \nومن المقرر استمرار خطة الهيئة لمتابعة تطوير المطارات دون توقف الى ان يتم الاطمئنان على سير العمل في المشروعات على النحو المطلوب ووفق الجداول الزمنية الموضوعة لاكتمال الأعمال في كل مطار.\" \nوبدأت الجولة بمطار ينبع حيث استمع أعضاء وفد الهيئة لشرح موجز من مدير عام المطار بالنيابة، ثم تفقدوا صالات السفر واطلعوا على آلية عمل الرحلات، كما التقوا بعدد من المسافرين في رحلات دولية واستمعوا لملاحظاتهم ووعدوا بإيجاد حلول عاجلة لها، وتوجه الوفد بعد ذلك إلى مطار الملك سلمان بالدوادمي، حيث قاموا كذلك بالتجول في صالات السفر، وعقدوا اجتماعا موسعا مع مدير المطار ورؤساء الأقسام. \nوزار الوفد مطار شرورة، حيث كان في استقبالهم مدير المطار الذي قدم شرحا لآلية التشغيل واهم الخدمات التي يقدمها المطار والمراحل التطويرية التي تم انجازها لتسهيل الخدمات للمسافرين، واستمعوا لملاحظات فريق العمل الذي تجول في كافة مرافق المطار والتقى الموظفين والركاب للتعرف على آرائهم ومقترحاتهم. \nكما قام اعضاء الوفد بزيارة إلى مطار وادي الدواسر، وتفقدوا صالات السفر واطلعوا على آلية العمل، واستمعوا الى شرح مفصل من مدير وموظفي المطار عن المواقع التي بحاجة الى تطوير وتحسين بما ينعكس ايجابيا على طبيعة الخدمات التي يقدمها المطار. \nكما زار الوفد مطار الملك سلمان بالدوادمي واطلع على آلية العمل بالمطار والخدمات المقدمة للمسافرين. \nيذكر أن مساعد النائب للمطارات الداخلية المهندس طارق العبدالجبار بدأ سلسلة زيارات تفقدية مكثفة ل ٢٣ مطاراً داخلياً وإقليمياً، وذلك بتوجيه رئيس الهيئة العامة للطيران المدني سليمان الحمدان، بهدف الوقوف ميدانياً على إجراءات التشغيل والعمليات والاستثمار في المطارات والتعرف على كافة التحديات التي تواجه المطارات الداخلية والاقليمية، وتقديم حلول عاجلة تسهم في دفع وتطوير عجلة النقل الجوي في المملكة. ",
    "date_extracted": "2015-07-31 03:52:44"
}