{
    "url": "http://www.alriyadh.com/1069490",
    "title": "وزير الشؤون الاجتماعية يعيد هيكلة قطاع تقنية المعلومات",
    "author": "الرياض - صالح الحميدي",
    "content": "    أصدر الدكتور ماجد القصبي وزير الشؤون الاجتماعية قراراً يقضي بإعادة هيكلة الإدارات التقنية بوزارة الشؤون الاجتماعية ودمجها في إدارة واحدة تحقق التطوير وإحداث نقله نوعية في أعمالها، وتضمن القرار تغييرات في القياديين التقنيين شاملا متخصصين تم استقطابهم لتسريع وتيرة التحول التقني في كافة الأنشطة، وتم إسناد الإشراف العام على تقنية المعلومات للمهندس ماجد العصيمي، وعين المهندس علي بن هادي راجحي مديراً لتقنية المعلومات والمهندس تركي الدهمش مديراً لمركز المعلومات والمهندس هشام اللحيدان مديراً لإدارة التطوير. وجاءت تلك الخطوة ضمن إستراتيجية الوزارة الهادفة لمواكبة التكنولوجيا الحديثة وتطويعها من أجل خدمة كافة المستفيدين على مدار الساعة في إطار التحول نحو خدمات إلكترونية مميزة. ",
    "date_extracted": "2015-08-01 15:31:37"
}