{
    "url": "http://www.alriyadh.com/1068937",
    "title": "إخراج ثلاثة أشخاص احتجزوا في عقبة الأبناء ببلجرشي",
    "author": "الباحة - عبدالرحمن الغامدي",
    "content": "    أخرج رجال الدفاع المدني بمحافظة بلجرشي ثلاثة أشخاص احتجزوا في عقبة الأبناء عصر اليوم الأربعاء، إذ أوضح المتحدث الرسمي للهلال الأحمر بالباحة عماد الزهراني، أن غرفة العمليات بهيئة الهلال الأحمر تلقت بلاغا عند الساعة الثالثة والنصف من عصر اليوم الأربعاء عن وجود ثلاثة أشخاص محتجزين بعقبة الأبناء بمحافظة بلجرشي. \nمشيرا إلى أنه فور تلقي البلاغ باشرت الفرق الإسعافية عملها في إسعاف مصاب واحد من الثلاثة يبلغ من العمر قرابة ثلاثين عام، نتيجة تعرضه لإصابة في الرجل اليمنى، وذلك بعد رفع الحالة وإخراجها من موقع الاحتجاز من قبل أفراد الدفاع المدني الذين تمكنوا من إنقاذ المحتجزين الثلاثة، فيما رفض الاثنين الآخرين النقل لعدم حاجتهم لذلك، وعلى الفور تم نقل الحالة الوحيدة لمستشفى بلجرشي العام. \n \n \n \n \n ",
    "date_extracted": "2015-07-31 03:51:32"
}