{
    "url": "http://www.alriyadh.com/1069368",
    "title": "«العملة البلاستيكية» الحل الأمثل لمشاكل التزوير",
    "author": "لندن - تركي الناصر",
    "content": "    بدأ ٢٠ بنكا مركزيا حول العام بإصدار الأوراق النقدية المصنوعة من مادة البوليمر البلاستيكية، وذلك للحفاظ عليها لأطول فترة ممكنة، فقد بدأت بعض الدول في تطبيق ذلك بفئة واحدة بشكل واسع مع بداية العام، وكانت أستراليا البلد الأول في العالم الذي طبق ذلك على جميع فئاته النقدية وذلك في العام ١٩٩٦، وحذت حذوها بعض الدول لتصل الآن إلى أكثر من ٢٠ دولة تتبنى هذه الطريقة. \nمن جانبها سعت إنجلترا للتخلص تدريجيا من الأوراق النقدية المستخدمة، وذلك لانتشار التزوير بشكل مقلق الأمر الذي دفع بنك إنجلترا للإعلان عن بدء استخدام الأوراق الجديدة في ٢٠١٦ في فئة الخمسة جنيهات، وتبنى بنك أسكتلندا ذلك في العام الحالي؛ حيث أصدر أول فئة للجنية الإسترليني لفئة الخمسة نقود، وعانت بريطانيا في السنوات الماضية من خسائر كبيرة جراء تزوير عملتها. وقد كشف استطلاع للرأي نشر مؤخرا أن ٨٧ من البريطانيين يؤيدون هذه الفكرة للحد من الآثار السلبية المترتبة على الاستمرار في طباعة الأوراق الحالية، وتتميز الأوراق المالية الجديدة بأنها ضد الماء مع قابليتها للغسل أكثر من مرة، كما أنها تقاوم الأوساخ والتمزق. ",
    "date_extracted": "2015-07-31 03:53:13"
}