{
    "url": "http://www.alriyadh.com/1069400",
    "title": "القتل تعزيراً لمهرب هيروين بثادق",
    "author": "الرياض - واس",
    "content": "    نفذت وزارة الداخلية اليوم حكم القتل تعزيرًا بمنطقة الرياض في المدعو / شاه فيصل عظيم شاه - باكستاني الجنسية - عند قيامه بتهريب كمية كبيرة من الهيروين المخدر داخل أحشائه إلى المملكة. \n وأسفر التحقيق معه عن توجيه الإتهام إليه بما نسب له, وبإحالته إلى المحكمة العامة صدر بحقه صك شرعي يقضي بثبوت ما نسب إليه شرعًا والحكم بقتله تعزيرًا ،وصدّق الحكم من محكمة الإستئناف ومن المحكمة العليا ، وصدر أمر ملكي يقضي بإنفاذ ما تقرر شرعًا، ونفذ حكم القتل في الجاني اليوم الجمعة في محافظة ثادق بمنطقة الرياض. ",
    "date_extracted": "2015-07-31 14:57:16"
}