{
    "url": "http://www.alriyadh.com/1069317",
    "title": "هندية تتصدى لنمر جائع لإنقاذ رضيعتها",
    "author": "اودايبور (الهند) - الرياض",
    "content": "    نجحت الأم الهندية الشابة \"سادان\" من دحر نمر من الحجم المتوسط باغتها حين كانت ترضع صغيرتها \"بايل\" في باحة منزلها الخلفية وحاول انتزاعها منها بعد معركة غير متكافئة استمرت لنحو عشر دقائق. \nوتصف \"سادان\" البالغة من العمر 25 عاماً كيف تفاجأت بهجوم النمر عليها بعد أن قفز من الغابة المجاورة لباحة المنزل أثناء إرضاعها لصغيرتها لتدخل معه -بعد أن وارت الرضيعة خلفها- في مواجهة سلاحها فيها يديها فقط لبعض الوقت قبل أن تسارع عائلتها وبعض جيرانها لنجدتها حين سمعوا استغاثتها. \nوهب أيضاً بعض سكان قرية \"داغالفالا\" الصغيرة الواقعة بولاية \"اودايبور\" غربي الهند إلى مساعدة العائلة والجيران في طرد النمر ليتمكنوا من ذلك بعد حوالي نصف ساعة من ابعاده عن قريتهم. \nوتعرضت \"سادان\" التي تم نقلها للمستشفى مع صهرها وأحد الجيران لبعض الجروح البليغة في ساقيها من هجوم النمر عليها ولم تتعرض رضيعتها التي لم يتجاوز عمرها الشهرين لحسن الحظ لأي إصابات أو أذى. \nوتولت السلطات المحلية بعد ذلك متابعة النمر في الغابة وتمكن بعض المختصين من القبض عليه بعد شل حركته ومن ثم نقله لحديقة الحيوانات القريبة لمعالجته بعض أن لحقت به بعض الإصابات من ضرب السكان له بالأحجار والهراوات ولحمايته من القتل حيث من المعتاد في مثل هذه الحالات أن ينظم السكان لاحقاً حملة للبحث عنه وقتله للتخلص من شره. \n \n ",
    "date_extracted": "2015-07-31 03:53:45"
}