{
    "url": "http://www.alriyadh.com/1069234",
    "title": "إزالة 65 طناً من النفايات بمعابدة مكة المكرمة",
    "author": "مكة المكرمة - تركي السويهري",
    "content": "    واصلت بلدية المعابده الفرعية حملتها في النظافة العامة ورفع المخلفات من الشوارع والأحياء السكنية. \nوقد كثفت البلدية أعمالها وجهودها المتعلقة بالنظافة والإصحاح البيئي خلال الأيام الماضية، في مختلف المواقع والأحياء السكنية مستخدمةً أحدث الأجهزة والمعدات، مدعمة بعدد من العمال الذين تم تقسيمهم إلى عدد من الفرق الميدانية، وتوزيعهم على مختلف المواقع خاصة في المناطق ذات الطبيعة الجبلية التي يصعب فيها حركة السيارات، إلى جانب فرق النظافة الأخرى العاملة داخل الأحياء والشوارع الفرعية. \nوأوضح مدير إدارة الخدمات ببلدية المعابده الفرعية م. أحمد البركاتي أن الحملة شملت العديد من المواقع في نطاق البلدية مثل منطقة شارع الحج، وحي وادي جليل، والغسالة، وجبل النور وغيرها؛ حيث تم رفع أكثر من 65 طناً من المخلفات الصلبة والعضوية خلال يوم أمس فقط. ",
    "date_extracted": "2015-07-31 03:52:21"
}