{
    "url": "http://www.alriyadh.com/1069370",
    "title": "أوساط اقتصادية ألمانية تنصح بالالتحاق بالتأهيل المهني",
    "author": "برلين - د ب أ",
    "content": "    دعت أوساط اقتصادية في المانيا المدارس والجامعات والآباء لحث خريجي الثانوية العامة في المانيا على الالتحاق مباشرة بسوق العمل بدون دراسة أكاديمية في الجامعة من خلال التأهيل المهني المزدوج. \nوقال رئيس غرفة التجارة والصناعة الألمانية، إريك شفايتسر: \"للأسف لا يزال يعتبر الكثير من الشباب وآبائهم أن المؤهل الأكاديمي هو الطريق الوحيد للنجاح\". \nوأشار شفايتسر أن معدلات التسرب من الجامعات أظهرت أنه سيكون من الأفضل أن تتم توصية الكثير من الشباب بالالتحاق بالتأهيل المهني المزدوج، الذي يجمع بين التدريب العملي في شركة أو مصنع وبين التعليم المدرسي في معهد مهني. \nيشار إلى أن نحو مئة ألف شاب يقطعون دراستهم سنويا في المانيا. \nمن جانبه دعا شفايتسر للتخلص من الأحكام المسبقة وسد الثغرات المعلوماتية، مشددا على ضرورة تطوير التوجه نحو التدريب في المدارس، لاسيما المدارس الثانوية. \nوأوصى أيضا بضرورة أن تشير الكليات والمعاهد خلال تقديمها المشورة للطلاب إلى إمكانية الالتحاق بالتأهيل المهني المزدوج وما يعقبه من مواصلة التعليم. ",
    "date_extracted": "2015-07-31 03:53:14"
}