{
    "url": "http://www.aleqt.com/2015/07/26/article_976198.html",
    "title": "كبير جراحين بريطاني يمسح أرضية غرفة عمليات أحد المستشفيات",
    "author": "\"الاقتصادية\" من الرياض",
    "content": " نشر ستيوارت جولد استشاري الجراحة البريطاني، صورة على صفحته الشخصية بشبكة التواصل الاجتماعي \"فيس بوك\" تظهر قيامه بمسح أرضية غرفة العمليات بنفسه، على الرغم من أنه يعد المسؤول الأول عن غرفة العمليات ويعمل تحت إشرافه عشرات المتدربين والأطباء. وحققت الصورة التى نشرها ستيوارت، الذي يعمل كاستشاري جراحة في أحد مستشفيات هيئة الخدمات الصحية البريطانية NHS في شمال غرب لندن، تفاعلاً كبيراً للغاية، حيث حازت ما يقرب من 100 ألف إعجاب، و88 ألف مشاركة، بالإضافة إلى مئات التعليقات المرحبة بهذا السلوك الرائع. \n وقصد الاستشاري البريطاني من هذه الصورة تشجيع الأطباء والمتدربين لديه على بذل كل في ما في وسعهم من أجل صحة المرضى والقيام بأعمال إضافية خارج ساعات العمل الرسمية، وأن يلبوا نداء الواجب في أي وقت. \nوكتب ستيوارت على الصورة التي نشرها يوم الأربعاء الماضي: \"الساعة الآن العاشرة مساء وعلى الرغم من أني أعتبر خارج ساعات العمل الرسمية إلا أننى عاودت المجيء للمستشفى مرة أخرى لأن المرضى يحتاجون إلى مهاراتى الخاصة، وأقوم حالياً بتنظيف أرضية غرفة العمليات، حتى نستطيع بدء العملية القادمة فى أقرب وقت ممكن\". \n ويأتى هذا السلوك الرائع فى الوقت الذى يتم فيه توجيه اتهامات إلى بعض مسؤولي وزارة الصحة البريطانية، الذين اقترحوا حصول الاستشاريين على إجازة يومي السبت والأحد كباقي قطاعات العمل المختلفة، وهو ما قد يؤدي إلى وفاة كثير من المرضى على حد قول التقرير. ونشرت هذه النتائج على الموقع الإلكترونى لصحيفة \"ديلي ميل\" البريطانية في الـ24 من تموز (يوليو) الجارى. ",
    "date_extracted": "2015-07-26 17:15:11"
}