{
    "url": "http://www.aleqt.com/2015/07/24/article_975779.html",
    "title": "100 طالب يشاركون في «برنامج موهبة» التدريبي في جامعة أم القرى .. الأحد المقبل",
    "author": "«الاقتصادية» من الرياض",
    "content": " تنظم مؤسسة الملك عبدالعزيز ورجاله للموهبة والإبداع \"موهبة\" الأحد المقبل برنامج موهبة التدريبي الإثرائي الصيفي 2015 لـ 100 طالب موهوب يقدمون من مختلف مدن المملكة, ويستمر لمدة ثلاثة أسابيع وتقام فعالياته في جامعة أم القرى. وأوضح رائد بن عبدالرحمن شالوالة، مدير البرنامج أن البرنامج يهدف إلى تنمية قدرات الطلاب المتميزين، وإشباع رغباتهم العلمية وتوجيه هذه القدرات نحو احتياجات المجتمع، وتهيئة الطلاب للعمل ضمن برامج موهبة، وإتاحة الفرصة لهم لاكتشاف قدرات علمية تميزوا فيها وتنمية مهارات التفكير الإبداعي والنقدي والمهارات الشخصية والاجتماعية لهم، وتنمية روح العمل الجماعي والمبادرة والإنجاز لديهم. وأشار إلى أن\" موهبة\" اختارت جامعة أم القرى لإقامة هذا البرنامج نظرا لخبرتها المتميزة والمتراكمة في هذا المجال حيث تضم الكوادر البشرية المتميزة لتنفيذ البرنامج إلى جانب البنية التحتية للمدارس من قاعات دراسية مجهزة تقنيًا وصالة رياضية ومسبح وملاعب رياضية ومركز مهارات الحياة باللغة الإنجليزية وقاعة الروبوت وقاعة دعم مشاريع الطلبة ومنجزاتهم العلمية كلها لخدمة أبنائنا الموهوبين. وبين أن الخطة التنفيذية للبرنامج موزعة على خمس وحدات هي: الاختراعات، الإحساس والإدراك، العلوم والهندسة، الأرقام، وحدة الروبوت، وبرامج الأنشطة الترفيهية والرياضية، إلى جانب توفير المواصلات والتغذية الصحية وكل ما يحتاج إليه الطالب خلال فترة البرنامج اليومي من 8 صباحًا وحتى 3 مساء. مما يذكر أن البرامج المحلية هي برامج إثرائية للطلبة المتميزين تُعقد في الإجازة الصيفية لمدة ثلاثة أسابيع يتلقى الطلبة خلالها نشاطات علمية متخصصة ومهارات نوعية متقدمة لتنمية الجوانب العلمية والشخصية لديهم. ويُعِد الالتحاق ببرامج موهبة الإثرائية المحلية الطلبة ويهيؤهم للازدهار والتقدم في ميادين الإبداع المختلفة، وغالباً ما تكون مشاركة الطلبة في البرامج الإثرائية المحلية الخطوة الأولى للانطلاقة والمشاركة بتميز وتحقيق الإنجازات في الفعاليات الأخرى التي ترعاها وتقدمها مؤسسة الملك عبدالعزيز ورجاله للموهبة والإبداع \"موهبة\" داخل وخارج المملكة، كالبرامج الإثرائية الدولية، والأولمبياد الوطني والدولي وكذلك المشاركة في المعارض الدولية والمسابقات إضافة إلى زيادة فرص الحصول على منح دراسية ضمن برنامج الابتعاث الخارجي للموهوبين الذي ترعاه جامعة الملك عبدالله للعلوم والتقنية \"كاوست\" ويُرشح له سنوياً عدد من طلبة البرامج الإثرائية المتميزين. تستهدف برامج موهبة الإثرائية جميع الطلاب المتميزين والطالبات المتميزات من مختلف مدن المملكة في المراحل الدراسية من الصف الثالث ابتدائي إلى الصف الثاني ثانوي. وتنقسم برامج موهبة المحلية إلى قسمين: البرامج التفرغية: هي برامج للطلاب من الصف الثالث متوسط إلى الصف الثاني ثانوي تقام بنظام الإقامة الكاملة طوال فترة البرنامج داخل بعض الجامعات ومراكز الأبحاث والشركات الرائدة في عددٍ من مدن المملكة ويقدم الطلاب للمشاركة فيها من جميع مدن المملكة، البرامج غير التفرغية منها برامج للطلاب والطالبات من جميع المراحل، تقام داخل المدينة التي يقيم فيها الطالب في الجامعات والكليات ومراكز الأبحاث والشركات الرائدة والمدارس المميزة، وتستغرق ما بين ثمان لعشر ساعات يومياً عدا الجمعة والسبت. أما محتوى البرامج فيرتكز على المجالات العلمية والتقنية ذات الأهمية الحيوية التي تدعم تحول المملكة إلى مجتمع المعرفة وتحقيق التنمية المستدامة، وتتسق أهم مجالات البرامج مع التقنيات الرئيسة التي أُقرت ضمن الخطة الوطنية للعلوم والتقنية إضافة إلى تركيز المحتوى على تنمية شخصية الطالب ومهاراته من جميع الجوانب. ويتكون محتوى برامج موهبة الإثرائية من ثلاثة محاور رئيسة هي المحور المعرفي ويقصد به مجموعة المعلومات والخبرات المعرفية ذات العلاقة بموضوع البرنامج. المحور المهارى الذي يقصد به مجموعة أدوات التعلم المتنوعة التي تساعد الطلبة على بناء الخبرات العلمية والشخصية وتجريبها. المحور الاجتماعي والشخصي ويقصد به مجموعة الخبرات التي تساعد الطلبة على فهم أنفسهم واحتياجاتهم النفسية والشخصية والاجتماعية والتواصل مع الآخرين بشكل فعال. ",
    "date_extracted": "2015-07-24 07:34:31"
}