{
    "url": "http://www.aleqt.com/2015/07/26/article_976329.html",
    "title": "الداخلية المصرية : ضبط 44 عنصرا من القيادات الوسطى للإخوان والمتطرفين",
    "author": "القاهرة - د ب أ",
    "content": " أعلنت وزارة الداخلية المصرية عن ضبط 44 عنصرا من تنظيم الاخوان والمتطرفين في إطار المتابعات الأمنية المكثفة وتوجيه الضربات الأمنية الاستباقية المُقننة التي تستهدف القيادات الوسطى لتنظيم الإخوان الإرهابى والموالين لهم على مستوى محافظات الجمهورية . \n \nوقال بيان صادر عن وزارة الداخلية على موقع التواصل الاجتماعي (فيس بوك) اليوم الإحد إنه \"في إطار المتابعات الأمنية المكثفة وتوجيه الضربات الأمنية الاستباقية المُقننة التي تستهدف القيادات الوسطى لتنظيم الإخوان الإرهابى والموالين لهم المتهمين في قضايا التعدى على المنشآت العامة والخاصة والمشاركين فى الأعمال العدائية والتحريض عليها على مستوى محافظات الجمهورية فقد أسفرت جهود الأجهزة الأمنية بتاريخ أمس السبت عن ضبط 24 من تلك العناصر\" . \n \nوحسب البيان ، أسفرت نتائج الجهود الأمنية لإجهاض مخططات وتحركات أعضاء لجان العمليات النوعية بتنظيم الإخوان الإرهابى والتى تستهدف قوات الجيش والشرطة والمنشآت الهامة والحيوية عن ضبط ستة من أعضاء تلك اللجان بمحافظات (المنوفية ، كفرالشيخ ، دمياط ، البحيرة). \n \nولفت إلى أن الأجهزة الأمنية تمكنت أيضا من خلال تنفيذ حملات مُكثفة على مستوى بعض المحافظات من ضبط 14 من العناصر المتطرفة المطلوب ضبطهم على ذمة قضايا. \nوأشار إلى أنه تم اتخاذ الإجراءات القانونية حيال جميع العناصر الإرهابية والعرض على النيابات المختصة. ",
    "date_extracted": "2015-07-26 17:14:42"
}