{
    "url": "http://www.aleqt.com/2015/07/25/article_976019.html",
    "title": "إيطاليا وفرنسا.. عقبة ألمانيا",
    "author": "سان بطرسبورج ـ الفرنسية،",
    "content": " أعلن الاتحاد الدولي لكرة القدم (فيفا) تحديد رؤوس المجموعات الأوروبية في قرعة نهائيات مونديال 2018 في روسيا التي تسحب اليوم في سان بطرسبورج، وقد جاء منتخبا إيطاليا وفرنسا في المستوى الثاني. \nوكشف الفيفا أن المنتخبات المصنفة في المستوى الأول في التصفيات الأوروبية هي، ألمانيا وبلجيكا وهولندا والبرتغال ورومانيا وإنجلترا وويلز وإسبانيا وكرواتيا. \nومن الممكن بالتالي أن توقع القرعة منتخب إيطاليا أو فرنسا في مجموعة واحدة مع ألمانيا بطلة العالم في النسخة الماضية. \nوهنا توزيع المنتخبات على المستويات الستة: \n- المستوى الأول، ألمانيا وبلجيكا وهولندا والبرتغال ورومانيا وإنجلترا وويلز وإسبانيا وكرواتيا. \n- المستوى الثاني، سلوفاكيا والنمسا وإيطاليا وسويسرا وتشيكيا وفرنسا وايسلندا والدنمارك والبوسنة. \n- المستوى الثالث، أوكرانيا واسكتلندا وبولندا والمجر والسويد وألبانيا وإيرلندا وصربيا واليونان. \n- المستوى الرابع، تركيا وسلوفينيا وإسرائيل وإيرلندا الشمالية والنروج وبلغاريا وجزر الفارو ومونتينيغرو وأستونيا. \n- المستوى الخامس، قبرص ولاتفيا وأرمينيا وفنلندا وبيلاروسيا ومقدونيا وأذربيجان ومولدافيا وليتوانيا. \n- المستوى السادس، كازاخستان ولوكسمبورج وليشتنشتاين وجورجيا ومالطا وسان مارينو واندورا. \nتنطلق التصفيات الأوروبية المؤهلة إلى مونديال روسيا في الرابع من أيلول (سبتمبر) 2016 وتستمر حتى العاشر من تشرين الأول (أكتوبر) 2017. \nتوزع المنتخبات إلى سبع مجموعات تضم كل منها ستة فرق باستثناء مجموعتين تضم كل منهما خمسة فرق. يتأهل الفائزون بالمركز الأول في المجموعات التسع إلى مونديال روسيا 2018، بينما تخوض أفضل ثمانية منتخبات صاحبة المركز الثاني ملحقا عبر مواجهات ثنائية فيما بينها ليتأهل الفائزون الأربعة للنهائيات. وتتمثل أوروبا في مونديال روسيا بـ 14 منتخبا، 13 تتأهل من التصفيات فضلا عن المنتخب الروسي المضيف. ",
    "date_extracted": "2015-07-25 10:04:01"
}