{
    "url": "http://www.aleqt.com/2015/07/26/article_976171.html",
    "title": "سماء غائمة جزئيا على مناطق المملكة ..   وطقس معتدل على المصايف",
    "author": "«الاقتصادية»من الرياض",
    "content": " توقعت الرئاسة العامة للأرصاد وحماية البيئة في تقريرها عن حالة الطقس لهذا اليوم ـ بمشيئة الله تعالى ـ سماء غائمة جزئيا وطقس معتدل على المصايف، شديد الحرارة على شرق ووسط المملكة وأجزاء من شمال وغرب المملكة، مع استمرار تدني الرؤية الأفقية بسبب الأتربة المثارة والعوالق الترابية على شمال وشرق ووسط المملكة، وكذلك على مناطق (مكة المكرمة، وجازان، وعسير، والباحة) تمتد حتى نجران، والسواحل الجنوبية للبحر الأحمر. \nوأورد التقرير أن حركة الرياح السطحية على البحر الأحمر ستكون ـ بمشيئة الله تعالى ـ جنوبية غربية إلى غربية تتحول إلى شمالية غربية بسرعة 15-35 كم/ساعة تصل إلى 40كم/ساعة على الجزء الجنوبي، وارتفاع الموج من نصف متر إلى متر ونصف يصل إلى مترين على الجزء الجنوبي، وحالة البحر متوسط الموج إلى مايج، بينما تكون حركة الرياح السطحية على الخليج العربي شرقية إلى شمالية شرقية بسرعة عشرة - 30 كم/ساعة، وارتفاع الموج من نصف متر إلى متر ونصف، وحالة البحر خفيف إلى متوسط الموج. ",
    "date_extracted": "2015-07-26 17:14:16"
}