{
    "url": "http://www.aleqt.com/2015/07/25/article_975953.html",
    "title": "الدولار الأسترالي يتراجع إلى أدنى مستوياته في 6 سنوات",
    "author": "«الاقتصادية» من الرياض",
    "content": " تراجع الدولار الأسترالي إلى أدنى مستوياته في ست سنوات وتعرضت عملات أخرى مرتبطة بأسعار السلع الأولية العالمية لضغوط، أمس، بعدما سجل مؤشر مديري المشتريات في قطاع الصناعات التحويلية الصيني أدنى قراءة له في أكثر من عام. \nومع تحرك اليورو والين والدولار في نطاقات ضيقة تركزت الأنظار أيضا على اليوان الذي طالما خضع لرقابة مشددة، ونزلت العملة الصينية بعدما قالت بكين إنها ستوسع نطاق تداول عملتها أمام الدولار، حسبما نقلت \"رويترز\".. \nوانخفض الدولار الأسترالي إلى 0.7269 دولار أمريكي في بداية التعاملات الأوروبية بعدما أذكى مسح مديري المشتريات الصيني لشهر تموز (يوليو) المخاوف على سلامة ثاني أكبر اقتصاد في العالم. \nويعني تباطؤ النمو الصيني انخفاض الطلب على سلع أولية مثل الحديد الخام إحدى السلع الرئيسة التي تصدرها أستراليا، وأثر انخفاض مجموعة واسعة من السلع الأولية ومن بينها النفط في الآونة الأخيرة تأثيرا سلبيا على عملات مثل الدولار الكندي ونظيره الأسترالي. \nوتأثر اليورو بتراجع طفيف لمؤشر مديري المشتريات بألمانيا وانخفضت العملة الموحدة 0.3 في المائة أمام الدولار، بعدما نزلت عن مستوى 1.10 دولار للمرة الأولى في أكثر من أسبوع، أمس الأول. \nوتراجع اليورو إلى 1.952 دولار بعد صدور البيانات الألمانية ليظل أعلى بكثير عن أدنى مستوياته في ثلاثة أسابيع البالغ 1.0808 دولار الذي سجله الأسبوع الماضي. \nواستقر الدولار أمام العملة اليابانية عند 123.92 ين لكنه ارتفع 0.3 في المائة أمام سلة من العملات بدعم من حركة اليورو. \nوانخفض الجنيه الاسترليني أمام الدولار أمس، متجها لتسجيل أضعف أداء أسبوعي في ثلاثة أسابيع بعد صدور بيانات مخيبة للآمال عن مبيعات التجزئة البريطانية أمس الأول، ونزول أسعار النفط بما أثار بعض الشكوك بشأن توقيت إقبال بنك إنجلترا المركزي على رفع أسعار الفائدة. \nونزل الاسترليني 0.3 في المائة إلى 1.5469 دولار مسجلا أدنى مستوياته في عشرة أيام، فيما تراجعت العملة البريطانية من مستوى 1.5673 دولار الذي سجلته يوم الجمعة الماضي، حين وجدت دعما في مؤشرات على أن بنك إنجلترا يتجه نحو رفع أسعار الفائدة في الشهور المقبلة. \nوانخفض اليورو 0.15 في المائة أمام الجنيه الاسترليني إلى 70.67 بنس مع تأثر العملة الموحدة سلبا ببيانات نشرت أمس، وتظهر نشاطا أضعف من المتوقع لشركات منطقة اليورو في تموز (يوليو). ",
    "date_extracted": "2015-07-25 10:03:34"
}