{
    "url": "http://www.aleqt.com/2015/07/23/article_975622.html",
    "title": "الذهب يستعيد بريقه بعد هبوط لأقل مستوى في خمس سنوات",
    "author": "مانيلا : رويترز",
    "content": " تعافى الذهب من أقل مستوى في خمس سنوات اليوم الخميس مع تراجع الدولار لكن المكاسب المتواضعة تشير إلى أن المستثمرين الذين يراهنون على النزول ما زالوا يحومون في السوق بعد تراجع الأسعار في بداية الأسبوع الذي كبد المعدن النفيس أكبر خسارة في عامين تقريبا. وانخفضت حيازات صندوق اس.بي.دي.ار جولد شيرز أكبر صندوق مؤشرات مدعوم بالذهب في العالم لليوم الخامس أمس الأربعاء لتسجل أقل مستوى منذ 2008. وصعد سعر الذهب في السوق الفورية 0.4 بالمئة إلى 1097.54 دولار للأوقية (الأونصة) الساعة 0608 بتوقيت جرينتش بعدما هبط أكثر من واحد بالمئة إلى 1086.89 دولار أمس مسجلا أقل مستوى منذ مارس اذار 2010. ونزل الذهب نحو أربعة في المئة يوم الاثنين بعد موجة بيع تفاقمت بفعل أحجام تداول ضخمة في بورصة شنغهاي للذهب. ومن بين المعادن النفيسة الأخرى صعد البلاديوم في السوق الفورية 1.7 بالمئة إلى 634.60 دولار للأوقية وزاد البلاتين 0.5 بالمئة 984 دولارا. واستقرت الفضة عند 14.79 دولار للأوقية. ",
    "date_extracted": "2015-07-23 19:25:25"
}