{
    "url": "http://www.aleqt.com/2015/07/24/article_975774.html",
    "title": "الهلال الأحمر في المدينة المنورة يباشر 18 ألف بلاغ خلال 9 أشهر",
    "author": "عبد العزيز العلوي من المدينة المنورة",
    "content": " أوضح خالد مساعد السهلي المتحدث الرسمي لهيئة الهلال الأحمر السعودي في منطقة المدينة المنورة أن الهيئة تقدم خدماتها الإسعافية الطارئة في المنطقة من خلال 30 مركزا إسعافيا تعمل على مدار الساعة، إضافة إلى فرق «الاستجابة المتقدمة» والعناية المتقدمة وطائرتي إسعاف جوي داخل المدينة والطرق المؤدية لها حسب الحاجة. وبين السهلي أن الفرق الإسعافية في المنطقة باشرت خلال الأشهر التسعة الماضية 17966 بلاغا لإصابات ناتجة عن حوادث مختلفة الأسباب تنوعت الحالات فيها من متوسطة إلى خطيرة، بزيادة بلغت عشرة في المائة مقارنة بالأشهر التسعة من العام الماضي، مشيرا إلى أن عدد الحالات المرضية التي باشرتها الفرق الإسعافية بلغت 35928 حالة تنوعت ما بين حالات تنفسية أو قلبية ومختلف الأمراض الأخرى، بزيادة بلغت 6 في المائة مقارنة بالأشهر التسعة من العام الماضي \"وباشر الإسعاف الجوي السعودي عدد 384 بلاغا من بداية هذا العام حيث باشر خلال شهر رمضان فقط 69 بلاغا. وقد ارتفعت البلاغات في شهر رمضان المبارك لتصل إلى ٩٠٢٢ بلاغا بزيادة بلغت 8 في المائة عن الشهر الفضيل في العام الماضي. وأفاد السهلي أن البلاغات للربع الثالث لهذا العام بلغت ما مقداره 20023، وزادت البلاغات للأشهر التسعة في هذا العام عن الفترة نفسها من العام الماضي ما مقداره 8 في المائة، حيث بلغت البلاغات في الأشهر التسعة الأولى من عام 1435هـ 46083 بلاغا وهذا العام وصلت 53894 بلاغا. من جهة أخرى، أوضحت الإدارة العامة لهيئة الهلال الأحمر السعودي في منطقة الحدود الشمالية أنها باشرت ثماني حالات وفاة و133 إصابة و184 حالة مرضية في المنطقة خلال شهر رمضان المنصرم. وأفاد مساعد بن غالي العنزي المتحدث الرسمي للهيئة، أنه تم التعامل مع 132 حالة بين المعالجة في أماكن تواجدها أو رفضها للنقل أو أسباب أخرى, وبذلك يصبح إجمالي الحالات التي باشرتها الهيئة 457 حالة إسعافية. ",
    "date_extracted": "2015-07-24 07:23:34"
}