{
    "url": "http://www.aleqt.com/2015/07/25/article_976060.html",
    "title": "طائرة بورمية تخرج عن المدرج بعد هبوطها في مطار رانغون",
    "author": "رانغون - أ. ف. ب.",
    "content": " خرجت طائرة تابعة لشركة الطيران البورمية اير باغان عن المدرج عند هبوطها في مطار رانغون الدولي (جنوب) بسبب الامطار الغزيرة مما تسبب في اصابة شخص بجروح طفيفة، كما اعلنت الشركة. وقالت الشركة في بيان نشر على صفحتها على فيسبوك ان الطائرة وهي من نوع ايه تي آر 72 كانت تقل 49 راكبا من مدينة مندلاي \"انحرفت قليلا عن المدرج بسبب الطقس السىء والامطار الغزيرة\" عند هبوطها مساء الجمعة. واضافت ان \"كل الركاب غادروا الطائرة سالمين\" لكن شخصا واحدا هو كاهن بوذي اصيب بجرح طفيف في يده. ",
    "date_extracted": "2015-07-25 15:48:24"
}