{
    "url": "http://www.aleqt.com/2015/07/24/article_975868.html",
    "title": "قصة مصورة: ثورة بركان جبل راونج فى إندونيسيا",
    "author": "",
    "content": " فى أعقاب ثورة بركان جبل راونج بإقليم جاوة الشرقية، يقبع بعض الفلاحين دون حراك جوار البركان الناشط، مستسلمين لقدرهم ويمارس أغلبهم أنشطته بشكل تقليدي ",
    "date_extracted": "2015-07-24 16:26:53"
}