{
    "url": "http://www.aleqt.com/2015/07/24/article_975863.html",
    "title": "روبوت \"جيدي\" للكشف عن أسرار الهرم الأكبر في الجيزة - فيديو",
    "author": "الاقتصادية الإلكترونية من الرياض",
    "content": " الممرات المسدودة عند نهايتها في هرم الجيزة الأكبر، لازالت لغزا يحير العلماء المصريين منذ عقود ولا أحد يعرف لماذا بنيت وما هو الهدف منها. روبوت صغير اسمه جيدي \"Djedi\" صممه باحثون في جامعة \"ليدز\" البريطانية، سيحاولون الكشف عن أحد أهم أسرار بناء الإهرامات. ",
    "date_extracted": "2015-07-24 16:27:02"
}