{
    "url": "http://www.aleqt.com/2015/07/26/article_976216.html",
    "title": "الفيفا يضع مشاكله جانبا خلال قرعة كأس العالم",
    "author": "سان بطرسبرج; رويترز",
    "content": " وضع الاتحاد الدولي لكرة القدم (الفيفا) مشاكله جانبا وبدأ العد التنازلي لنهائيات كأس العالم 2018 السبت عندما أعاد الرئيس الروسي فلاديمير بوتين وسيب بلاتر رئيس الفيفا التأكيد على أن البطولة ستقام كما هو مخطط لها. \nوتم بث مراسم سحب قرعة التصفيات مباشرة في 170 دولة حول العالم ووجه رسالة قوية بأن البطولة ستقام في روسيا رغم ما أثير من شكوك بشأن تجاوزت مزعومة تمت خلال التصويت لاختيار البلد المضيف قبل خمس سنوات. \nوأكد بلاتر استضافة روسيا للبطولة قائلا إن اللجنة التنفيذية للفيفا لديها \"ثقة وإيمان كاملين\". وأبلغ بوتين الحضور بأن \"روسيا ستكون مضيفة رائعة\". \nكما تعهد الرئيس الروسي - الذي تعاني بلاده من تفشي العنصرية في مباريات كرة القدم - باستضافة كأس عالم يشعر فيها اللاعبون المحليون والأجانب والمشجعون بأنهم في ديارهم \"وسط مهرجان رياضي دولي\". \nورغم استبعاد 22 منتخبا من 209 أعضاء في الفيفا يحق لهم المشاركة في التصفيات المؤهلة لكأس العالم إلا أنه ستقام 851 مباراة على مدار 32 شهرا ليتأهل 31 فريقا إضافة إلى روسيا التي تستضيف البطولة في يونيو حزيران 2018. \nوحظي منتخب المانيا بطل العالم بقرعة سهلة وسيلعب في المجموعة نفسها بجانب جمهورية التشيك وايرلندا الشمالية والنرويج واذربيجان وسان مارينو. \nوضحك اوليفر بيرهوف مدير المنتخب الالماني عندما تم سحب اسم بلاده من الوعاء. \nوقال بيرهوف \"أنا سعيد بتجنب مواجهة اسبانيا أو ايطاليا لكني واثق أن كل المنتخبات الكبرى ستتأهل.\" \nوستلعب ايطاليا واسبانيا اللتان سبق لهما الفوز بكأس العالم في مجموعة واحدة بينما جاءت هولندا مع فرنسا أيضا في المجموعة نفسها. \nوأحد أسباب ذلك هو قرار الاتحاد الاوروبي لكرة القدم - الساعي لزيادة الدخل من البث التلفزيوني - بوضع أعلى ستة فرق تصنيفا في مجموعات من ستة فرق بدلا من خمسة من أجل خوض المزيد من المباريات. \nولكي يحدث ذلك أجرى الاتحاد الاوروبي لكرة القدم تغييرا طفيفا في إجراءات القرعة لكن حتى في ظل زيادة صعوبة التصفيات بشكل أكبر من المعتاد إلا أن الكبار من المفترض أن يتأهلوا إذ ستخوض أفضل ثمانية فرق تحتل المركز الثاني جولة فاصلة أخرى. \nوأحد المواجهات الاوروبية المثيرة التي أسفرت عنها القرعة ستكون بين انجلترا واسكتلندا غريمتها القديمة التي خاضت أول مباراة دولية في تاريخها عام 1872. \nوسيتعين على الكاميرون وهي أول دولة افريقية تترك بصمة قوية في كأس العالم حين تأهلت لدور الثمانية عام 1990 خوض مواجهة محفوفة بالمخاطر من مباراتي ذهاب وعودة ضد الصومال أو النيجر في بداية مشوارها بالتصفيات. \nوسيلعب منتخب جنوب السودان الذي انضم للفيفا في 2012 ضد موريتانيا في أول مباراة في تاريخه بتصفيات كأس العالم وسيلتقي الفائز مع تونس في الدور الثاني. \nوسيواجه منتخب ساحل العاج بطل افريقيا ليبيريا أو غينيا بيساو وذلك في طريقه نحو التأهل لكأس العالم للمرة الرابعة على التوالي. \nوستلتقي انجولا مع جنوب افريقيا في ما تعد أقوى مواجهات الدور الثاني. \nوستنتهي التصفيات - التي بدأت بالفعل في آسيا ومنطقة امريكا الشمالية والوسطى والكاريبي (الكونكاكاف) - حول العالم في نوفمبر تشرين الثاني 2017. ",
    "date_extracted": "2015-07-26 17:14:25"
}