{
    "url": "http://www.aleqt.com/2015/07/24/article_975742.html",
    "title": "الأجانب يرفعون مشترياتهم في سوق دبي إلى 950 مليون درهم",
    "author": "«الاقتصادية» من الرياض",
    "content": " بلغت قيمة مشتريات الأجانب من الأسهم في سوق دبي المالية خلال الأسبوع الحالي 949.7 مليون درهم، فيما بلغت قيمة مبيعاتهم 891.8 مليون درهم، ليصل بذلك صافي الاستثمار الأجنبي إلى نحو 58 مليون درهم كمحصلة شراء. ووفقا لـ \"وام\" أفاد بيان صحافي صدر عن سوق دبي المالية أمس بأن نسبة قيمة مشتريات الأجانب من الأسهم في الأيام الأربعة الأخيرة بلغت 48.4 في المائة من إجمالي قيمة مشتريات السوق فيما وصلت نسبة قيمة مبيعاتهم إلى 45.5 في المائة من إجمالي قيمة المبيعات. وذكر أن قيمة الأسهم المشتراة من المستثمرين المؤسساتيين خلال الأسبوع بلغت نحو 581 مليون درهم بنسبة 29.6 في المائة من إجمالي قيمة التداول، في المقابل بلغت قيمة الأسهم المبيعة من قبلهم 559 مليون درهم بنسبة 28.5 في المائة، ليصل بذلك صافي الاستثمار المؤسسي خلال الفترة إلى نحو 22 مليون درهم كمحصلة شراء. ",
    "date_extracted": "2015-07-24 07:32:49"
}