{
    "url": "http://www.aleqt.com/2015/07/25/article_975991.html",
    "title": ".. وهبوط أول طائرة إغاثية إماراتية في عدن منذ تحريرها",
    "author": "«الاقتصادية» من الرياض",
    "content": " هبطت أول طائرة إماراتية إغاثية في مطار عدن، جنوبي اليمن، منذ تحرير المدينة من الحوثيين والقوات الموالية للرئيس المخلوع علي صالح، وفق ما أفادت مصادر محلية يمنية أمس. \nوقالت المصادر لوكالة الأنباء الألمانية، إن وصول الطائرة الإماراتية إلى عدن يأتي في إطار الجسر الجوي لدعم اليمنيين بالأغذية والمستلزمات الطبية. \nوكان عدد من دول قوات التحالف الذي تقوده السعودية قد أعلنت عن إسهامها في عملية \"إعادة الأمل\" لبناء عدن، وتسيير جسرين جوي وبحري لنقل المواد الغذائية والمستلزمات الطبية إليها. ",
    "date_extracted": "2015-07-25 10:03:53"
}