{
    "url": "http://www.aleqt.com/2015/07/23/article_975566.html",
    "title": "طائرة من دون طيار تصور جمال تشكيلات الصخور الطبيعية في ياقوتيا الروسية - فيديو",
    "author": "الاقتصادية الإلكترونية من الرياض",
    "content": " التقطت طائرة من دون طيار جمال تشكيلات الصخور الطبيعية العملاقة \"Sinsky Pillars\" بجمهورية ياقوتيا الروسية يوم الإثنين 20 يوليو/تموز. ",
    "date_extracted": "2015-07-23 19:25:17"
}