{
    "url": "http://www.aleqt.com/2015/07/24/article_975824.html",
    "title": "كوريا الجنوبية تناشد جارتها الشمالية عدم التدخل في شؤونها الداخلية",
    "author": "سول :د ب ا",
    "content": " ناشدت كوريا الجنوبية اليوم الجمعة جارتها الشمالية بعدم التدخل في شؤونها الداخلية بسبب دعوة بيونجيانج الى حل جهاز الاستخبارات في سول على خلفية استخدامه المزعوم لبرنامج قرصنة لجمع معلومات استخباراتية عن الشمال. كانت كوريا الشمالية قد وبخت جهاز الاستخبارات الوطني زاعمة انه استخدم برنامج القرصنة في الاغلب في عملياته ضد الشمال. كما ان الجهاز في نزاع بشان ما اذا كان قد استخدم برنامج القرصنة في مراقبة مواطني كوريا الجنوبية، بحسب وكالة يونهاب للانباء الكورية الجنوبية. وقالت لجنة اعادة التوحيد السلمي لكوريا ان هذا استفزاز اخر لا يغتفر ضد كوريا الشمالية . واتهمت اللجنة رئيس كوريا الجنوبية بارك كون هيه بانها وراء فضيحة القرصنة التي تواجهها وكالة الاستخبارات ، مضيفة انه يتعين حل الوكالة على الفور. من جانبها ، اعربت وزارة اعادة التوحيد الكورية الجنوبية عن اسفها ازاء زعم الشمال ، داعية بيونجيانج إلى عدم التدخل في الشؤون الداخلية لسول والتوقف عن الاهانات التي توجهها للرئيسة بارك. وقال المتحدث باسم الوزارة جيونج جون هي \" لايتعين على كوريا الشمالية ان تقوض استعداد سول لإجراء حوار مع الشمال\"، مضيفا\" يتعين على بيونجيانج العودة الى طاولة الحوار. يذكر ان العلاقات بين الكوريتين يسودها التوتر بسبب التجارب النووية والصاروخية من جانب كوريا الشمالية. ",
    "date_extracted": "2015-07-24 12:59:56"
}