{
    "url": "http://www.aleqt.com/2015/07/25/article_976094.html",
    "title": "تغيير المسؤولين على رأس 3 أجهزة أمنية في الجزائر",
    "author": "الجزائر : (أ ف ب)",
    "content": " قرر الرئيس عبد العزيز بوتفليقة اجراء تغييرات على رأس ثلاثة اجهزة تابعة للجيش الجزائري تتعلق بالامن الداخلي وامن رئيس الدولة، وفق ما افادت وسائل الاعلام السبت. وشمل التغيير قائد مديرية الامن الداخلي (جهاز مكافحة التجسس) ومسؤول مديرية الامن الرئاسي وقائد الحرس الجمهوري وكلهم برتبة عميد. ولم توضح وسائل الاعلام اسباب هذه التعديلات. ",
    "date_extracted": "2015-07-25 23:31:35"
}