{
    "url": "http://www.aleqt.com/2015/07/23/article_975555.html",
    "title": "أوباما وأردوغان يبحثان الأمن وتنظيم داعش",
    "author": "واشنطن: أ. ف. ب",
    "content": " بحث الرئيس الاميركي باراك اوباما ونظيره التركي رجب طيب اردوغان خلال اتصال هاتفي الحرب في سوريا والعراق والمعركة ضد تنظيم داعش ، حسب ما اعلن البيت الابيض. وجاء في بيان ان الامن في المنطقة يبقى اولوية واعدا بالعمل الوثيق مع تركيا حول عدة قضايا. واضاف البيان ان الرئيسين بحثا \"تعاونا مستمرا ويتكثف في المعركة ضد تنظيم الدولة الاسلامية وجهودهما المشتركة من اجل فرض الامن والاستقرار في العراق وكذلك ايجاد حل سياسي للنزاع في سوريا\". وقدم اوباما هكذا تعازيه لتركيا التي شهدت عدة هجمات دموية من بينها الهجوم الذي نسب الى تنظيم داعش واوقع الثلاثاء 32 قتيلا ومئة جريح في سوروتش (جنوب) بالقرب من الحدود مع سوريا. واكد بيان البيت الابيض ان الولايات المتحدة وتركيا \"ستبقيان موحدتين في المعركة ضد الارهاب\". ",
    "date_extracted": "2015-07-23 19:24:58"
}