{
    "url": "http://www.aleqt.com/2015/07/24/article_975766.html",
    "title": "وصول ثاني طائرة إغاثة سعودية إلى مطار عدن الدولي",
    "author": "«الاقتصادية» من الرياض",
    "content": " إنفاذا لتوجيهات خادم الحرمين الشريفين الملك سلمان بن عبدالعزيز لتقديم المساعدات العاجلة للشعب اليمني الشقيق، وأمر الأمير محمد بن سلمان بن عبدالعزيز ولي ولي العهد النائب الثاني لرئيس مجلس الوزراء وزير الدفاع بتأمين طائرات شحن تابعة لقيادة القوات الجوية الملكية السعودية، لتسيير جسر جوي لنقل المساعدات من مستودعات مركز الملك سلمان للإغاثة والأعمال الإنسانية في محافظة شرورة إلى محافظة عدن في اليمن، وصلت أمس ثاني طائرة إلى مطار عدن الدولي بعد تحريره من ميليشيات الحوثيين والنظام المخلوع، تحمل على متنها أكثر من 10 أطنان من المواد الغذائية. وأوضح رأفت الصباغ المتحدث الرسمي باسم المركز أن الدكتور صلاح المزروع مدير الإمداد والتموين في المركز سيرأس الفريق الإغاثي، مفيدًا أن هذه الرحلة تأتي بإشراف مباشر من الدكتور عبدالله الربيعة المستشار في الديوان الملكي المشرف العام على المركز، مؤكدا استمرار المركز في تنفيذ برنامج خصص لهذا الغرض وفق رحلات متتالية بفريق عمل متكامل متخصص لضمان سير العملية الإغاثية على أكمل وجه لتصل إلى مستحقيها. وأبان أن وصول الطائرة يأتي ضمن برنامج خصصه المركز لتقديم مواد إغاثية وغذائية ودوائية متنوعة عبر البحر والبر والجو، لافتًا الانتباه إلى أن هناك طائرات ستصل وفق برنامج زمني محدد بإشراف من المركز وتنسيق مع الحكومة الشرعية اليمنية وخلية الإجلاء والعمليات الإنسانية في وزارة الدفاع. من جهته رفع الدكتور عبدالله الربيعة المشرف العام على مركز الملك سلمان للإغاثة والأعمال الإنسانية الشكر للقيادة الرشيدة التي لا تألو جهداً في مساعدة الأشقاء في اليمن، سائلا الله أن يجعلها في ميزان حسناتهم. ",
    "date_extracted": "2015-07-24 07:34:55"
}