{
    "url": "http://www.aleqt.com/2015/07/24/article_975838.html",
    "title": "ميتسوبيشي موتورز تعتزم وقف إنتاجها في الولايات المتحدة",
    "author": "طوكيو :د ب أ",
    "content": " ذكر تقرير إعلامي اليوم الجمعة أن شركة تصنيع السيارات اليابانية ميتسوبيشي موتورز تعتزم إنهاء خط إنتاجها في الولايات المتحدة. وستركز الشركة بدلا من ذلك على تعزيز أسواقها في آسيا، بحسب ما نقلته صحيفة \"نيكي\" عن مصادر مطلعة. ومن المقرر أن يتم بيع مصنع ميتسوبيشي في ولاية إلينوي الذي ينتج نحو ستين آلف سيارة دفع رباعي سنويا. وأنهت ميتسوبيشي إنتاجها في أوروبا عام 2012 رغم أنها ما زالت تنتج سيارات دفع رباعي في روسيا. ",
    "date_extracted": "2015-07-24 13:00:24"
}