{
    "url": "http://www.aleqt.com/2015/07/24/article_975803.html",
    "title": "استعراض للدبابات البحرية في «مهرجان أملج»",
    "author": "",
    "content": " شهد «مهرجان أملج التراثي البحري الثاني» أمس استعراضاً للدبابات البحرية، بحضور زياد بن عبدالمحسن البازعي محافظ أملج وعدد كبير من أهالي وزوار المحافظة. وأوضح محمد حامد السناني الناطق الإعلامي للمهرجان، أن الاستعراض الذي أقيم على مرفأ الصيادين، شارك فيه أبطال رياضة الاستعراض بالدبابات بالبحرية، وذلك بإشراف وتنظيم من الاتحاد السعودي للرياضات البحرية. «واس» ",
    "date_extracted": "2015-07-24 07:39:39"
}