{
    "url": "http://www.aleqt.com/2015/07/23/article_975569.html",
    "title": "دواء جديد يساعد على الحدّ من أعراض الخرف عند الكبار - فيديو",
    "author": "الاقتصادية الإلكترونية من الرياض",
    "content": " طور الباحثون دواء جديداً يحدّ من أعراض مرض الخرف بنسبة الثلث. الدواء مازال في طور الاختبار والنتائج النهائية ستخرج في العام المقبل.حتى اليوم، يشكل التلف الذي يلحقه مرض ألزهايمر بخلايا الدماغ أحد المعضلات بالنسبة للعلماء. غير أن الشركة التي طورت دواء solanezumab تقول إنه يساعد على إبقاء خلايا الدماغ حية. ",
    "date_extracted": "2015-07-23 19:25:19"
}