{
    "url": "http://www.aleqt.com/2015/07/25/article_976002.html",
    "title": "إعفاء مدير مستشفى الملك فيصل في مكة المكرمة وعدد من مديري الأقسام",
    "author": "«الاقتصادية» من الرياض",
    "content": " أصدرت المديرية العامة للشؤون الصحية في منطقة مكة المكرمة قرارا بإعفاء مدير مستشفى الملك فيصل، ومدير الخدمات الطبية، ومدير الخدمات المساندة ومدير قسم الطوارئ، في المستشفى، وذلك على أثر وفاة طفلة، والإهمال في اتخاذ التدابير اللازمة مع الواقعة. \nوأكدت المديرية في بيان لها إحالة جميع الممارسين الصحيين الذين ثبت تقصيرهم في الرقابة والإشراف إلى لجنة النظر في مخالفات نظام مزاولة المهن الصحية ولائحته التنفيذية الصادرة بالمرسوم الملكي الكريم رقم م/ 59 في 4 / 11 / 1426هـ، لإصدار العقوبات اللازمة بحقهم في المسؤولية المدنية والجزائية والتأديبية والمنصوص عليها وفقاً للنظام. \nوأبانت أنه سيتم معاقبة كل من ثبتت مسؤوليته ممن لا يخضع لنظام مزاولة المهن الصحية وفقاً للجزاءات المقررة نظاماً، مؤكدة أنه تم إنهاء جميع الإجراءات النظامية مع الجهات المعنية المتعلقة بجثمان المتوفاة وتم دفنها. \nوكانت المديرية العامة للشؤون الصحية في منطقة مكة المكرمة قد أوضحت ملابسات وفاة طفلة في مستشفى الملك فيصل في مكة المكرمة، وقالت إن الطفلة المتوفاة كانت قد أحضرت إلى قسم الطوارئ في مستشفى الملك فيصل في مكة المكرمة بتاريخ 26 /9 /1436هـ الساعة 7:39 مساء بواسطة سيارة خاصة، وبعد الكشف عليها تبين أنها توفيت قبل حضورها إلى المستشفى بنصف ساعة تقريبا؛ وقد أكدت ذلك والدتها وأفادت بأن توقف التنفس حدث قبل نصف ساعة في منزلها وقبل إحضارها إلى المستشفى، كما أبان الكشف على الطفلة المتوفاة وجود عيوب خلقية ولا توجد أي إصابات ظاهرة وأن الوفاة كانت طبيعية. \nوأشارت إلى أنه تم إبلاغ ذوي الطفلة المتوفاة بضرورة استكمال الإجراءات النظامية المتمثلة في إحضار استمارة الكشف وصورة من الهوية كون الطفلة في العقد الأول من العمر وحتى يتم استكمال الإجراءات اللازمة من قبل المستشفى لنقلها إلى مستشفى الولادة والأطفال في مكة المكرمة، إلا أن ذوي الطفلة لم يقوموا باستكمال الإجراءات النظامية، وعلى أثر ذلك تم تكفين الطفلة المتوفاة ونقلها إلى الغرفة المخصصة للكشف على الوفيات والمجاورة لقسم الطوارئ لحين عودة ذوي الطفلة. \nولاحظ المدير المناوب أثناء مروره يوم الجمعة 1 / 10 / 1436 هـ وجود رائحة منبعثة من الغرفة التي توجد بها الطفلة المتوفاة وتم إبلاغ إدارة المستشفى، التي باشرت فورا نقل جثة الطفلة إلى ثلاجة المعيصم، وفور ذلك وجه الدكتور مصطفى بلجون مدير عام الشؤون الصحية في منطقة مكة المكرمة بتشكيل لجنة عاجلة مكونة من إدارة المستشفيات في المنطقة والطوارئ والأزمات والطب الشرعي والجودة والرقابة الداخلية والشؤون القانونية والمتابعة الفنية للتحقيق في الواقعة وتحديد مسؤولية كل من له علاقة بالواقعة لمساءلته ومحاسبة المقصرين، وتم إبلاغ الجهات المعنية بذلك. \nوأفادت المديرية العامة للشؤون الصحية في منطقة مكة المكرمة بأنه قد تم اتخاذ كل الإجراءات والتدابير التي تضمن عدم تكرار ما حدث من خطأ مستقبلاً مع تأكيد حرصها والتزامها بتطبيق الأنظمة واللوائح كافة التي تحقق أمن وسلامة المريض ولن تتهاون في اتخاذ أي إجراء يحفظ حقوق وكرامة المريض الشخصية والرقي بالخدمات المقدمة من جميع منسوبي مرافقها الصحية. ",
    "date_extracted": "2015-07-25 10:03:06"
}