{
    "url": "http://www.aleqt.com/2015/07/23/article_975582.html",
    "title": "الشرطة في كاليفورنيا تنقذ إمرأة احتجزت عاما داخل غرفة صغيرة",
    "author": "سان فرانسيسكو:رويترز",
    "content": " قالت الشرطة في منطقة ريتشموند بولاية كاليفورنيا الامريكية إنها انقذت إمرأة من نيكاراجوا احتجزت لمدة عام تقريبا داخل غرفة صغيرة حيث تعرضت يوميا لاعتداء جسدي وجنسي وألقت القبض شخصين مشتبه بهما. وقالت إدارة شرطة ريتشموند في بيان إن وزارة الامن الداخلي ومنظمة محلية أبلغتا السلطات المحلية باحتجاز المرأة. وبحسب البيان اغرى رجل عمره 35 عاما المرأة على السفر من نيكاراجوا إلى الولايات المتحدة بأن أبلغها عبر موقع التواصل الاجتماعي فيسبوك بانه سيكون بمقدورها تأمين حياة افضل والحصول على فرصة عمل. وتمكن محققون من الوصول إلى الهاتف المحمول للضحية وتحديد مكان احتجازها الذي يقع على مسافة 32 كيلومترا شمال شرقي سان فرانسيسكو. والقت الشرطة القبض على المشتبه به وقريب له اقام معه في المنزل. ولم يعرف على الفور متى القي القبض عليهما. وقال الشرطة في البيان \"أكدت الادلة في مكان الاقامة كافة المعلومات التي جمعها المحققون.\" ولم تفصح الشرطة عن هوية اي من المشتبه بهما. ولم تصدر اي معلومات عن حالة المرأة. ",
    "date_extracted": "2015-07-23 19:25:19"
}