{
    "url": "http://www.aleqt.com/2015/07/23/article_975554.html",
    "title": "البرلمان اليوناني يوافق على المجموعة الثانية من الإصلاحات التقشفية",
    "author": "أثينا :د ب أ",
    "content": " وافق أغلبية نواب البرلمان اليوناني على المجموعة الثانية من إصلاحات تقشفية في غضون أسبوع، ما يمهد الطريق لبدء مفاوضات بشأن حزمة الإنقاذ. ",
    "date_extracted": "2015-07-23 19:25:12"
}