{
    "url": "http://www.aleqt.com/2015/07/23/article_975690.html",
    "title": "طائرة إغاثة سعودية ثانية تهبط في مطار عدن",
    "author": "عدن: واس",
    "content": " إنفاذًا لتوجيهات خادم الحرمين الشريفين الملك سلمان بن عبدالعزيز آل سعود -حفظه الله - لتقديم المساعدات العاجلة للشعب اليمني الشقيق , وأمر صاحب السمو الملكي الأمير محمد بن سلمان بن عبدالعزيز ولي ولي العهد النائب الثاني لرئيس مجلس الوزراء وزير الدفاع بتأمين طائرات شحن تابعة لقيادة القوات الجوية الملكية السعودية لتسيير جسر جوي لنقل المساعدات من مستودعات مركز الملك سلمان للإغاثة والأعمال الإنسانية بمحافظة شرورة إلى محافظة عدن في اليمن , وصلت -بحفظ الله ـ اليوم ثاني طائرة إلى مطار عدن الدولي بعد تحريره من مليشيات الحوثيين والنظام المخلوع , تحمل على متنها أكثر من 10 أطنان من المواد الغذائية. وأوضح المتحدث الرسمي باسم المركز رأفت الصباغ أن مدير الإمداد والتموين بالمركز الدكتور صلاح المزروع سيرأس الفريق الإغاثي , مفيدًا أن هذه الرحلة تأتي بإشراف مباشر من معالي المستشار بالديوان الملكي المشرف العام على المركز الدكتور عبدالله الربيعة ،مؤكدا استمرار المركز في تنفيذ برنامج خصص لهذا الغرض وفق رحلات متتالية بفريق عمل متكامل متخصص لضمان سير العملية الإغاثية على أكمل وجه لتصل إلى مستحقيها. وأبان أن وصول الطائرة يأتي ضمن برنامج خصصه المركز بتقديم مواد إغاثية وغذائية ودوائية متنوعة عبر البحر والبر والجو , لافتًا الانتباه إلى أن هنالك طائرات ستصل وفق برنامج زمني محدد بإشراف من المركز وتنسيق مع الحكومة الشرعية اليمنية وخلية الإجلاء والعمليات الإنسانية بوزارة الدفاع. من جهته رفع معالي المشرف العام على مركز الملك سلمان للإغاثة والأعمل الإنسانية الدكتور عبدالله الربيعة الشكر للقيادة الرشيدة التي لا تألو جهداً في مساعدة الأشقاء في اليمن , سائلا الله أن يجعلها في ميزان حسناتهم. ",
    "date_extracted": "2015-07-23 19:25:36"
}