{
    "url": "http://www.aleqt.com/2015/07/25/article_975946.html",
    "title": "قوات الاحتلال الإسرائيلي تقتحم مخيم الدهيشة الفلسطيني وتطلق الرصاص عشوائيا",
    "author": "«الاقتصادية» من الرياض",
    "content": " اقتحمت قوات الاحتلال الإسرائيلية أمس، مخيم الدهيشة جنوب مدينة بيت لحم، ما أسفر عن إصابة شابين فلسطينيين بالرصاص الحي. وقالت مصادر أمنية في المدينة: \"إن قوة من جيش الاحتلال اقتحمت المخيم وسط تعزيزات عسكرية، لتندلع مواجهات بينها وبين الشبان الذين رشقوها بالحجارة، بينما أطلق الجنود الرصاص بصورة عشوائية، ما أدى لإصابة شابين أحدهما أصيب في رأسه وقدمه، والآخر في يده\". \nوأضافت المصادر أن جنود الاحتلال دهموا منازل المواطنين الفلسطينيين، لكن دون أن يبلغ عن اعتقالات في صفوفهم. \nمن جهة أخرى، قامت قوات الاحتلال الإسرائيلي أمس بقمع مسيرة قرية بلعين السلمية الأسبوعية المناهضة للاستيطان وجدار الفصل العنصري، وأصابت عشرات المواطنين الفلسطينيين والمتضامنين الأجانب المشاركين في المسيرة بالاختناق. \nوأفادت مصادر محلية في القرية، بأن جنود الاحتلال أطلقوا الرصاص المعدني المغلف بالمطاط، والغاز المسيل للدموع وقنابل الصوت تجاه المشاركين عند اقترابهم من جدار الفصل العنصري، ولاحقوا المتظاهرين بين أشجار الزيتون، ما أدى إلى إصابة عشرات المواطنين ونشطاء السلام الإسرائيليين والأجانب بالاختناق. \nوأشارت المصادر إلى أن مساحات واسعة مزروعة بأشجار الزيتون احترقت، نظرًا لكثافة قنابل الغاز، وارتفاع درجات الحرارة. ",
    "date_extracted": "2015-07-25 10:03:51"
}