{
    "url": "http://www.aleqt.com/2015/07/25/article_976067.html",
    "title": "الملك يغادر إلى خارج المملكة في إجازة خاصة .. وينيب ولي العهد لإدارة الدولة",
    "author": "جدة - واس",
    "content": " صدر اليوم أمر ملكي يقضي بإنابة ولي العهد الأمير محمد بن نايف بن عبدالعزيز إدارة شؤون الدولة خلال فترة غياب خادم الحرمين الشريفين الملك سلمان بن عبدالعزيز عن المملكة . \n \nوغادر بحفظ الله ورعايته خادم الحرمين الشريفين الملك سلمان بن عبدالعزيز آل سعود جدة بعد ظهر اليوم متوجهاً إلى خارج المملكة في إجازة خاصة. \n \nوكان في وداع الملك لدى مغادرته مطار الملك عبدالعزيز الدولي الأمير فيصل بن تركي بن عبدالله، والأمير فيصل بن تركي بن عبدالعزيز بن تركي، والأمير بندر بن خالد بن عبدالعزيز، والأمير عبدالله بن خالد بن عبدالعزيز، والأمير فيصل بن بندر بن عبدالعزيز أمير منطقة الرياض، والأمير متعب بن عبدالله بن عبدالعزيز وزير الحرس الوطني، والأمير محمد بن فهد بن محمد، والأمير تركي بن عبدالله بن محمد مستشار خادم الحرمين الشريفين، والأمير فيصل بن سعود بن محمد، والأمير تركي العبدالله الفيصل، والأمير سعود بن سعد بن تركي، والأمير سعود بن سعد بن محمد، والأمير الدكتور بندر بن سلمان بن محمد، والأمير عبدالعزيز بن سطام بن عبدالعزيز مستشار خادم الحرمين الشريفين، والأمير سلطان بن فهد بن عبدالله، والأمير سلمان بن سلطان بن عبدالعزيز، والامير نايف بن سلطان بن عبدالعزيز المستشار بمكتب وزير الدفاع، والأمير تركي بن محمد بن فهد بن عبدالعزيز ، وعبدالعزيز بن سعود بن نايف بن عبدالعزيز، وعدد من الأمراء والوزراء وكبار المسؤولين من مدنيين وعسكريين. \n \nكما كان في وداع خادم الحرمين الشريفين عند باب الطائرة الأمير خالد الفيصل بن عبدالعزيز مستشار خادم الحرمين الشريفين أمير منطقة مكة المكرمة، والأمير مشعل بن ماجد بن عبدالعزيز محافظ جدة، والأمير محمد بن نايف بن عبدالعزيز ولي العهد نائب رئيس مجلس الوزراء وزير الداخلية، والأمير محمد بن سلمان بن عبدالعزيز ولي ولي العهد النائب الثاني لرئيس مجلس الوزراء وزير الدفاع، والأمير سعود بن سلمان بن عبدالعزيز . \n \n \nوقد غادر في معية خادم الحرمين الشريفين كل من : الأمير خالد بن فهد بن خالد، والملكي الأمير منصور بن سعود بن عبدالعزيز، والأمير فهد بن عبدالله بن عبدالعزيز بن مساعد، والملكي الأمير الدكتور حسام بن سعود بن عبدالعزيز، والأمير محمد بن عبدالرحمن بن عبدالعزيز، والأمير خالد بن سلمان بن عبدالعزيز، والأمير نايف بن سلمان بن عبدالعزيز، والأمير راكان بن سلمان بن عبدالعزيز، ووزير المالية الدكتور إبراهيم بن عبدالعزيز العساف، ووزير الثقافة والإعلام الدكتور عادل بن زيد الطريفي، ورئيس الشئون الخاصة لخادم الحرمين الشريفين حازم بن مصطفى زقزوق ، ورئيس المراسم الملكية الأستاذ خالد بن صالح العباد، ونائب السكرتير الخاص لخادم الحرمين الشريفين مساعد رئيس الديوان الملكي للشؤون التنفيذية فهد بن عبدالله العسكر، ونائب رئيس الديوان الملكي المكلف عقلا بن علي العقلا، ورئيس الحرس الملكي المكلف الفريق أول حمد بن محمد العوهلي، ومساعد السكرتير الخاص لخادم الحرمين الشريفين تميم بن عبدالعزيز السالم. \n \n \n \nوفيما يلي نص الأمر الملكي بإنابة ولي العهد لإدارة شؤون الدولة : \n \nبسم الله الرحمن الرحيم \nالرقم : أ / 267 \nالتاريخ : 9 / 10 / 1436هـ \nبعون الله تعالى \nنحن سلمان بن عبدالعزيز آل سعود \nملك المملكة العربية السعودية \nبناءً على المادة السادسة والستين من النظام الأساسي للحكم ، الصادر بالأمر الملكي رقم ( أ / 90 ) بتاريخ 27 / 8 /1412 هـ . \nونظراً لعزمنا ـ بمشيئة الله ـ على السفر خارج المملكة هذا اليوم السبت التاسع من شهر شوال عام 1436 هـ حسب تقويم أم القرى ، الموافق 25 من شهر يوليه عام 2015 م ، فقد أنبنا بموجب أمرنا هذا صاحب السمو الملكي الأمير محمد بن نايف بن عبدالعزيز ولي العهد في إدارة شؤون الدولة ، ورعاية مصالح الشعب خلال فترة غيابنا عن المملكة . \nوالله ولي التوفيق ... \nسلمان بن عبدالعزيز آل سعود ",
    "date_extracted": "2015-07-25 15:48:35"
}