{
    "url": "http://www.aleqt.com/2015/07/25/article_975959.html",
    "title": "ارتفاع أرباح المصارف الكويتية إلى 371 مليون دينار في النصف الأول",
    "author": "«الاقتصادية» من الرياض",
    "content": " ارتفعت الأرباح الصافية للمصارف الكويتية خلال النصف الأول من العام الجاري مقارنة بالفترة المماثلة من العام الماضي 2014، بدعم من تحسن البيئة التشغيلية في البلاد، نتيجة تزايد عدد مشاريع التنمية قيد التنفيذ. \nووفقا لوكالة الأنباء الكويتية \"كونا\"، فقد حققت المصارف كافة أرباحا صافية بلغت 371 مليون دينار في النصف الأول مقارنة بـ 327.6 مليون دينار في النصف الأول من عام 2014 بزيادة قدرها 13.2 في المائة. \nوحقق بنك الكويت الدولي أرباحا صافية بلغت 10.4 مليون دينار في النصف الأول من السنة الحالية بزيادة قدرها 17 في المائة عن الفترة المماثلة من 2014 حينما بلغت الأرباح 8.9 مليون دينار، فيما بلغت أصول البنك 1.69 مليار دينار. \nوبلغت أرباح البنك الأهلي الكويتي الصافية في النصف الأول 20.44 مليون دينار مقارنة بـ 19.07 مليون دينار في الفترة المماثلة من 2014 بزيادة نسبتها 7.2 في المائة، بينما بلغ إجمالي أصول البنك في الفترة المذكورة نحو 3.707 مليار دينار. \nونجح البنك الأهلي الكويتي في النصف الأول من السنة الحالية في إبرام اتفاقية مع بنك (بيريوس - اليونان) للاستحواذ على نسبة 98.5 في المائة من شركته التابعة وهي بنك (بيريوس - مصر)، وينتظر البنك موافقة الجهات الرقابية المصرية ليصبح بنك (بيريوس - مصر) جزءا من البنك الأهلي على أن تتم إعادة تسميته مع فروعه كافة وعددها 39 فرعا باسم (البنك الأهلي الكويتي - مصر) بنهاية السنة الحالية. \nأما مجموعة بنك برقان، فقد تمكنت من تحقيق أرباح صافية بلغت 37.4 مليون دينار في النصف الأول من السنة الحالية بنسبة نمو 12.3 في المائة مقارنة بالفترة نفسها من السنة الماضية، حيث أشار البنك إلى أن العمليات الخارجية للبنك ساهمت بنحو 55.5 في المائة من إجمالي إيرادات المجموعة. \nوتشمل عمليات المجموعة نتائج بنك برقان في الكويت إضافة إلى حصتها من عمليات المصارف التابعة لها والتي تشمل البنك الأردني الكويتي وبنك الخليج الجزائر، علاوة على بنك برقان تركيا ومصرف بغداد وبنك تونس العالمي التي يمتلك بنك برقان الحصة الكبرى فيها. \nوبلغت الأرباح الصافية للبنك التجاري الكويتي 16.7 مليون دينار في النصف الأول من السنة الحالية بارتفاع قدره 26 في المائة مقارنة بالنصف الأول من السنة الماضية حين بلغت أرباحه 13.2 مليون دينار. \nأما بيت التمويل الكويتي، فقد حقق أرباحا صافية بلغت 62.3 مليون دينار في النصف الأول من السنة الحالية بنسبة نمو بلغت 14.1 في المائة عن الفترة المماثلة من السنة الماضية عندما حقق أرباحا صافية قدرها 54.6 مليون دينار. \nوبالنسبة لبنك الكويت الوطني، فقد أعلن تحقيقه أرباحا صافية بلغت 163.4 مليون دينار كويتي في النصف الأول من السنة الحالية، حيث تضمنت الأرباح الصافية التي حققها البنك من بيع حصته في بنك قطر الدولي السنة الماضية والبالغة 22.5 مليون دينار لتكون أرباح بنك الكويت الوطني قد ارتفعت بنسبة 12.8 في المائة عن الفترة المماثلة من السنة الماضية حين بلغت أرباحه آنذاك 144.8 مليون دينار. \nوعزا بنك الكويت الوطني التحسن في أرباحه إلى تواصل تحسن البيئة التشغيلية مع تسارع وتيرة تنفيذ المشاريع التنموية الكبرى، خصوصا انه لعب دورا رياديا في التنمية عبر إدارة وتمويل عديد من المشاريع التنموية المليارية. \nوكان البنك الوطني قد أتم إصدار أوراق مالية دائمة بقيمة 700 مليون دولار أمريكي في النصف الأول من السنة الحالية بفائدة بلغت 5.75 في المائة فقط، التي تعتبر من أدنى المعدلات عالميا لمؤسسة من القطاع الخاص في الأوضاع الراهنة. \nولم يختلف أداء بنك الخليج عن باقي المصارف، حيث حقق أرباحا صافية بلغت 18.7 مليون دينار في النصف الأول من السنة الحالية بارتفاع نسبته 20 في المائة مقابل 15.6 مليون دينار في الفترة المماثلة من سنة 2014. \nأما بنك وربة، فقد قفزت أرباحه الصافية بنسبة 633 في المائة في النصف الأول من السنة الحالية ليحقق 43 ألف دينار مقارنة بالفترة المماثلة من السنة السابقة. \nوتمكن بنك وربة في النصف الأول من السنة الحالية من القيام بعدة صفقات تمويل لمؤسسات محلية وإقليمية منها إصدار صكوك لشركة الطيران الإندونيسية (جارودا إندونيسيا) البالغة قيمتها 500 مليون دولار، فضلا عن المساهمة في صفقة استئجار طائرات لمصلحة الخطوط الجوية الكويتية إضافة إلى استحواذه على محفظة تمويل من شركة الملا العالمية للتمويل عبر صفقة بلغت قيمتها الإجمالية 20 مليون دينار. \nيذكر أن بنك وربة تم تسجيله رسميا في سجل المصارف الإسلامية لدى بنك الكويت المركزي في نيسان (أبريل) 2010، وتمتلك الكويت ممثلة في الهيئة العامة للاستثمار نسبة 24 في المائة من إجمالي الأسهم أما نسبة الـ 76 في المائة فقد قامت الحكومة بالاكتتاب فيها وتوزيعها على جميع المواطنين الكويتيين بالتساوي. \nفيما بلغت أرباح البنك الأهلي المتحد نحو 25.5 مليون دينار في النصف الأول من السنة الحالية بارتفاع نسبته 0.3 في المائة مقارنة بالفترة المماثلة من سنة 2014 عندما حقق البنك أرباحا بلغت 4ر25 مليون دينار. \nأما بنك بوبيان، فقد بلغت أرباحه الصافية 16 مليون دينار في النصف الأول من السنة الحالة مقارنة بـ12.6 مليون دينار في 2014 بزيادة بلغت 28 في المائة. ",
    "date_extracted": "2015-07-25 10:03:36"
}