{
    "url": "http://www.aleqt.com/2015/07/25/article_976065.html",
    "title": "\"البلديات\" توافق على نزع 151 عقارا للنفع العام بإجمالي تعويضات 375 مليون",
    "author": "الرياض - واس",
    "content": " وافق وزير الشؤون البلدية والقروية المهندس عبد اللطيف بن عبدالملك آل الشيخ، على نزع ملكية (151) عقاراً لتنفيذ مشروعات بلدية جديدة في عدد من مناطق المملكة، بقيمة تعويضية لملاك العقارات بلغت (375,526,840) رياًلًا ،والبدء في إجراءات نزع ملكية (130) عقارًا بمناطق مختلفة من المملكة . \n \n1 - أمانة العاصمة المقدسة: الموافقة على نزع ملكية (3 عقارات) لتنفيذ مشروع ربط العزيزية بالدور الثاني لمنشأة الجمرات وشارع عرض 100متر الواقع بين طريق الطائف والسيل وشارع المهندس عمر قاضي بمكة المكرمة بإجمالي تعويض قدره (29,176,352 ) ريالًا. \n \n2 - أمانة منطقة المدينة المنورة: الموافقة على بدء إجراءات نزع ملكية (3 عقارات) لأعمال بلدية بحي السلام وحي البركة بالمدينة المنورة وشارع بمحافظة ينبع، إضافة إلى الموافقة على نزع ملكية وصرف تعويض (8 عقارات) لأعمال بالحرة الغربية ومخطط الزهرة وأحياء الشهداء وعروة والبركة بالمدينة المنورة وكذلك تنظيم مخطط (د/6) بمحافظة ينبع ومخطط (ج) بمحافظة بدر بإجمالي تعويض وقدره (3,324,641 ) ريالاً . \n \n3 - أمانة منطقة الرياض: الموافقة على بدء إجراءات نزع ملكية (عقار واحد) لتنفيذ شارع أسماء بنت أبي بكرب محافظة الزلفي، إضافة إلى الموافقة على نزع ملكية وصرف تعويض (54 عقاراً ) لتنفيذ طريق الملك فهد بمحافظة الزلفي، وكذلك (3 عقارات) لتنفيذ شارع بمحافظة الخرج بإجمالي تعويض وقدره (164,781,745 ) ريالاً. \n \n4 - أمانة محافظة جدة : الموافقة على بدء إجراءات نزع ملكية (عقار واحد) لتنفيذ قناة السيول بوادي الكراع بمحافظة جدة، إضافة إلى الموافقة على نزع ملكية وصرف تعويض (عقارواحد) لمشروع شارع خالد بن الوليد وشارع عبدالله بن خميس بحي الروضة بمدينة جدة بمبلغ تعويض قدره (2,804,130 ) ريالًا. \n \n5 - أمانة محافظة الطائف : الموافقة على بدء إجراءات نزع ملكية (5 عقارات) لتنفيذ طريق الملك عبدالله وتنظيم حي القلت بمحافظة الطائف، والموافقة على نزع ملكية وصرف تعويض (4عقارات) لمشروع طريق الملك عبدالله والتقاء طريقي الشفاء والردف والشارع الرابطبين شارع الجيش وجسر تقاطع الشفا بمحافظة الطائف بإجمالي تعويض وقدره(18,839,519 ) ريالاً. \n \n6 - أمانة منطقة عسير: الموافقة على بدء إجراءات نزع ملكية (8 عقارات) لأعمال بلدية بمدينة أبها ومحافظات خميس مشيط والنماص وأحد رفيدة. \n \n7 - أمانة منطقة القصيم: الموافقة على بدء إجراءات نزع ملكية (87 عقاراً) لتنفيذ طريق الملك عبد الله ببريدة، وطريق عمر بن الخطاب بعنيزة، والموافقة على نزع ملكية وصرف تعويض (61عقاراً) لأعمال مشروع طريق الملك عبدالله وشارع الصباغ وامتداد طريق الإمارة ببريدة وطريق الملك عبدالله بمحافظة المذنب والتنظيم بمحافظة رياض الخبراء بتعويض قدره (122,334,463 ) ريالًا. \n \n8 - أمانة منطقة الجوف: الموافقة على بدء إجراءات نزع ملكية (11 عقاراً) لتنفيذ الطريق الرابط بين بني هديب وقرية هدبان والشارع المتفرع من شارع الهذال بمدينة سكاكا بمنطقة الجوف. \n \n9 - أمانة منطقة الباحة: الموافقة على بدء إجراءات نزع ملكية (عقار واحد) لأعمال طريق الأمير فيصل بن محمد بالعقيق، والموافقة على نزع ملكية (10 عقارات) لصالح تنظيم المنطقة المركزية وامتداد شارع الأمير محمد بن سعود وتوسعة امتداد طريق الملك سعود والطريق المؤدي لمخطط الملك فهد بإجمالي تعويض وقدره (16,875,374 ) ريالاً. \n \n10 - أمانة منطقة جازان: الموافقة على بدء إجراءات نزع ملكية (5 عقارات) لمشروع شارع السداد بمدينة جازان وأعمال بلدية بمحافظة صامطة وأبي عريش، والموافقة على نزع ملكية وصرف تعويض (عقارين) بمحافظة صامطة وأبي عريش بمنطقة جازان لتنظيم شارع عرض30متر بمحافظة صامطة بمبلغ تعويض قدره (3,118,500 ) ريال . \n \n11 - أمانة منطقة حائل: الموافقة على بدء إجراءات نزع ملكية (عقار واحد) لأعمال الشارع الرابط بين حدري البلاد والطريق الدائري بمدينة حائل، والموافقة على نزع ملكية وصرف تعويض (4عقارات) لتنفيذ شارع عرض 30متر بمخطط الياسمين، وطريق الملك عبدالعزيز وطريق وادي الأديرع بمدينة حائل بمبلغ وقدره (13,299,024 ) ريالاً. \n \n12 - أمانة منطقة تبوك : الموافقة على بدء إجراءات نزع ملكية (7 عقارات) لمنطقة الكورنيش بمحافظة الوجه، والموافقة على نزع ملكية (عقار واحد) لأعمال بلدية بمخطط الشفاء بمحافظة أملج بمبلغ وقدره (973,092 ) ريالًا. \n \nوأهاب مدير عام إدارة نزع الملكيات بالوزارة شار الشهري ، بملاك العقارات التي تقرر نزع ملكيتها بمراجعة الجهات المختصة لاستكمال إجراءات تعويضهم وفق مقتضى النظام المعمول به في نزع الملكيات للمصلحة العامة، كما سيتم دعوة ملاك جميع العقارات التي تقرر بدء إجراءات نزع ملكيتها لتقديم مستندات تملكهم للعقارات لأمانات المناطق والمحافظات وتشكيل لجان للوقوف عليها وتقدير التعويضات وفق ماتقضي به أنظمة نزع الملكية للمنفعة العامة. ",
    "date_extracted": "2015-07-25 15:48:33"
}