{
    "url": "http://www.aleqt.com/2015/07/23/article_975550.html",
    "title": "مصرع 15 مصريًا في حادث غرق أحد القوارب بنهر النيل",
    "author": "القاهرة: واس",
    "content": " لقي 15 مصريًا مصرعهم في حادث غرق أحد القوارب في نهر النيل المخصصة لنقل الركاب إثر اصطدامه اليوم بقارب مخصص لنقل البضائع بمنطقة الوراق بمحافظة الجيزة المصرية. وأوضحت وزارة الداخلية المصرية في بيان لها أن أحد قوارب نقل البضائع اصطدم بمركب يستقله عدد من الأشخاص بمجرى نهر النيل بمنطقة الوراق بالجيزة، مما أسفر عن تحطم المركب وغرق مستقليه. وأشار البيان إلى أنه تم إنقاذ 6 أشخاص وانتشال 15 جثة، فيما تم ضبط قائد قارب البضائع المتسبب في الحادث ومساعده. ",
    "date_extracted": "2015-07-23 19:25:00"
}