{
    "url": "http://www.aleqt.com/2015/07/26/article_976211.html",
    "title": "الاستفتاء على بقاء بريطانيا في الاتحاد الاوروبي قد يجري في منتصف 2016",
    "author": "لندن : أ. ف. ب",
    "content": " ذكرت صحيفة \"ذي اندبندنت اون صنداي\" الاحد ان رئيس الوزراء البريطاني ديفيد كاميرون يعتزم اجراء استفتاء على بقاء المملكة المتحدة في الاتحاد الاوروبي في منتصف 2016. \nوقالت الصحيفة نقلا عن مصدر لم تسمه ان \"ذي اندبندنت اون صنداي علمت ان كاميرون قرر اجراء الاستفتاء في حزيران/يونيو من العام المقبل\". \nورفض متحدث باسم مكتب رئاسة الوزراء التعليق على هذه المعلومات، مشيرا الى ان كاميرون سيعلن عن موعد الاستفتاء في تشرين الاول/اكتوبر خلال المؤتمر السنوي لحزب المحافظين الذي يتزعمه. \nوتعذر الحصول في الحال على تعليق من حزب المحافظين. \nوكان كاميرون وعد باعادة التفاوض على شروط عضوية بريطانيا في الاتحاد الاوروبي قبل اجراء استفتاء بحلول نهاية 2017. \nولكن الازمة الاخيرة التي عصفت باليونان وكاد معها هذا البلدان يخرج من الاتحاد الاوروبي عززت فرص اجراء الاستفتاء في بريطانيا في وقت ابكر كي لا يعود هذا الاستفتاء موضوعا يستغل في الانتخابات التي ستجري في 2017 في كل من فرنسا والمانيا، بحسب الصحيفة. \nوكان كاميرون وعد بدعوة الناخبين للتصويت لصالح بقاء بريطانيا في الاتحاد الاوروبي، ولكنه يحاول تحسين شروط بقاء المملكة المتحدة في الاتحاد ولا سيما لجهة حقوق مواطني دول الاتحاد في الاستفادة من التقديمات الاجتماعية في بلاده ومنح لندن مزيدا من السلطات والاستقلالية ازاء بروكسل. \nوكان مجلس العموم اقر الشهر الماضي مشروع قانون يمهد الطريق امام اجراء هذا الاستفتاء ويتعين الآن على مجلس اللوردات ان يحذو حذوه في اقرار المشروع. ",
    "date_extracted": "2015-07-26 17:14:21"
}