{
    "url": "http://www.aleqt.com/2015/07/24/article_975864.html",
    "title": "يوغا الضحك لعلاج ذوي الإعاقة - فيديو",
    "author": "الاقتصادية الإلكترونية من الرياض",
    "content": " تنتشر يوغا الضحك في القارة الآسيوية، منذ أن ابتكرها الطبيب الهندي مادان كاتاريا في عام 1995. وفي الفلبين يوفر هذا النوع من اليوغا لذوي الحاجات الخاصة فرصة للعلاج والتخلص من الكآبة والتوتر. ",
    "date_extracted": "2015-07-24 16:27:03"
}