{
    "url": "http://www.aleqt.com/2015/07/23/article_975502.html",
    "title": "المقاومة تقطع طرق إمداد الحوثيين  بين لحج وتعز",
    "author": "«الاقتصادية» من الرياض",
    "content": " أفاد مصدر من المقاومة الشعبية اليمنية، أمس الأربعاء بأن المقاومة سيطرت على وادي عقان في مدينة لحج جنوبي البلاد وقطعت طرق الإمداد على قاعدة العند الجوية بين تعز ولحج. وقال المصدر لوكالة الأنباء الألمانية إن المقاومة قطعت طرق إمداد الحوثيين والقوات الموالية للرئيس السابق علي صالح بعد سيطرتها على الطريق الرابط بين مدينة تعز ومنطقة العند التي تقع فيها قاعدة العند الجوية. وأكد المصدر أن المقاومة الشعبية ستستمر في عملية \"تحرير\" المدينة من الحوثيين وقوات صالح، بتنسيق مع قوات التحالف الذي تقوده السعودية. وأشار إلى أن قوات التحالف شنت أمس عدة غارات جوية على مواقع الحوثيين والقوات الموالية لصالح في مدينة لحج ودمرت آليات تابعة لهم. ويرسل الحوثيون وقوات صالح إمداداتهم العسكرية نحو مقاتليهم في مدينة تعز وعدن عن طريق قاعدة العند. من جهة أخرى، أحبطت المقاومة الشعبية اليمنية أمس الأربعاء هجوماً شنه مسلحون حوثيون وقوات موالية للرئيس اليمني السابق علي صالح في مدينة مأرب شرقي البلاد. وقالت مصادر صحفية من مأرب لوكالة الأنباء الألمانية إن الحوثيين وقوات صالح شنواً هجوماً مسلحاً على مواقع المقاومة في جبهة الجفينة جنوب مأرب، واندلعت بعد تلك الهجمات مواجهات عنيفة بين الطرفين خلفت قتلى وجرحى لم يتسن معرفة أعدادهم بعد. وأكدت المصادر أن المقاومة صدت هذا الهجوم، مشيرة إلى أن الحوثيين وقوات صالح تراجعوا من تلك المنطقة. وتشهد مدينة مأرب مواجهات مسلحة منذ زحف الحوثيين وقوات صالح إلى المدينة في محاولة منهم للسيطرة عليها منذ شهر أبريل الماضي. ",
    "date_extracted": "2015-07-23 19:26:35"
}