{
    "url": "http://www.aleqt.com/2015/07/25/article_975976.html",
    "title": "الاقتصاد في صور",
    "author": "",
    "content": " عاملتان داخل مركز \"أمازون\" في بوزنان غربي بولندا. وحققت الشركة العملاقة للتجارة الإلكترونية عائدات إجمالية 23.19 مليار دولار، منها 92 مليون دولار أرباح في الربع الثاني من العام الحالي. \"إ ب أ\" سياح صينيون في السوق المركزية وسط فالنسيا. وأعلنت إسبانيا أن 29.2 مليون سائح زاروا البلاد في النصف الأول من العام بزيادة 4.2 في المائة عن الفترة ذاتها من 2014. «رويترز» موظف في مكتب للصرافة وسط سيئول. وانخفضت قيمة الوون العملة الكورية الجنوبية لأدنى مستوى في ثلاثة أعوام مقابل الدولار الأمريكي. «إ ب أ» عمالة في مصنع للسردين بالقرب من بورتو. وتطبق البرتغال نظاماً صارماً في قطاع صيد الأسماك وهي واحدة من البلدان التي تمتلك أعلى معدل استهلاك أسماك للفرد في العالم. «الفرنسية» ",
    "date_extracted": "2015-07-25 10:03:47"
}