{
    "url": "http://www.aleqt.com/2015/07/26/article_976210.html",
    "title": "مصر تبدأ أولى تجارب التشغيل التجريبي لعبور السفن بقناة السويس الجديدة",
    "author": "القاهرة:واس",
    "content": " بدأت أولى تجارب التشغيل التجريبي لعبور السفن بقناة السويس الجديدة ، بهدف الاطمئنان على حركة العبور بالقناة الجديدة من خلال سفن مختلفة الأحجام والغواطس. \nوأكد رئيس هيئة قناة السويس الفريق مهاب مميش في تصريح صحفي : أن التشغيل التجريبي شمل اليوم عبور ثلاث سفن حاويات عالمية بالمجرى الملاحي الجديد، الذي يخدم السفن المتجة من الجنوب نحو الشمال، مشيراً إلى أن عبور السفن قناة السويس الجديدة يبعث برسالة إلى العالم وللتوكيلات الملاحية بأن القناة جاهزة لاستقبال السفن العملاقة والمستقبلية. ",
    "date_extracted": "2015-07-26 17:14:20"
}