{
    "url": "http://www.aleqt.com/2015/07/23/article_975478.html",
    "title": "«المصارف» ترفع مؤشر أبوظبي لأعلى مستوى في 8 أشهر",
    "author": "«الاقتصادية» من الرياض",
    "content": " ارتفعت معظم أسواق الأسهم الرئيسية في الشرق الأوسط أمس بدعم نتائج أعمال إيجابية لشركات عن الربع الثاني من العام وأنباء بأن الإمارات ستحرر أسعار الوقود المحلية. وصعد مؤشر سوق دبي 0.5 في المائة بعدما قالت وزارة الطاقة الإماراتية إنها ستتحول من نظام الأسعار الثابتة للبنزين ووقود الديزل في السوق المحلية إلى نظام آخر يعتمد على الأسعار العالمية ويتم تعديله شهريا. ولم تذكر الوزارة أرقاما محددة. وعلى الأجل الطويل فربما يدفع هذا الإصلاح أسعار البنزين ووقود الديزل للصعود بشكل كبير لكن تأثيره المبدئي يبدو محدودا في ظل المستوى الحالي لخام القياس العالمي مزيج برنت عند نحو 56 دولارا للبرميل. وقال مسؤول في وزارة الطاقة لوكالة رويترز إن أسعار البنزين ربما ترتفع قليلا من الشهر القادم لكن من المتوقع أن تنخفض أسعار الديزل وهو ما يساعد الاقتصاد من خلال كبح جماح التضخم وخفض تكلفة النقل. وستؤثر التغييرات في أسعار الوقود بشكل مباشر في صافي أرباح الشركات التي تعتمد بكثافة على الشاحنات والسيارات مثل أرامكس للخدمات اللوجستية التي صعد سهمها 4.7 في المائة أمس. وارتفع المؤشر العام لسوق أبوظبي 1 في المائة إلى 4902 نقطة مسجلا أعلى مستوياته في ثمانية أشهر، وصعد سهم بنك أبوظبي التجاري 4 في المائة بعدما سجل المصرف زيادة 21 في المائة في صافي ربح الربع الثاني متجاوزا بقليل توقعات المحللين بفضل انخفاض مخصصات تغطية القروض المتعثرة. وزاد سهما مصرفين آخرين مدرجين في أبوظبي حيث ارتفع سهم بنك الخليج 1.6 في المائة وسهم بنك أبوظبي الوطني 0.9 في المائة. ولم يعلن المصرفان بعد نتائج أعمالهما الفصلية. وهبط مؤشر بورصة قطر 0.8 في المائة مسجلا أداء أقل من المنطقة في ظل غياب نتائج أعمال كبيرة متوقعة هذا الأسبوع أو الأسبوع القادم. ",
    "date_extracted": "2015-07-23 19:26:24"
}