{
    "url": "http://www.aleqt.com/2015/07/24/article_975827.html",
    "title": "هبوط أول طائرة إغاثية إمارتية في عدن منذ تحريرها من قبل المقاومة الشعبية",
    "author": "عدن\"د ب ا",
    "content": " أفادت مصادر يمنية، اليوم ، بهبوط أول طائرة إماراتية إغاثية في مطار عدن جنوبي اليمن، منذ تحرير المدينة من الحوثيين والقوات الموالية للرئيس السابق علي صالح. وقالت المصادر إن وصول الطائرة الإماراتية إلى عدن يأتي في إطار الجسر الجوي لدعم اليمنيين بالأغذية والمستلزمات الطبية. وكانت عدد من دول قوات التحالف أعلنت عن مساهمتها في عملية \"إعادة الأمل\" لبناء عدن، وتسيير جسر جوي وبحري لنقل المواد الغذائية والمستلزمات الطبية إليها. وفي ذات السياق قالت المصادر، إن المقاومة الشعبية الموالية للرئيس عبدربه منصور هادي ما تزال مستمرة في عملية تمشيط المناطق التي تم تحريرها والمنازل الواقعة بداخلها، للتأكد من عدم وجود أي خلايا أو أفراد تابعين للحوثيين وقوات صالح بداخلها. ",
    "date_extracted": "2015-07-24 13:00:02"
}