{
    "url": "http://www.aleqt.com/2015/07/26/article_976280.html",
    "title": "الأسد : جيشي ناقص وسنترك بعض المواقع",
    "author": "رويترز : بيروت",
    "content": " أكد بشار الأسد في تصريحات له اليوم بأن جيشه يواجه نقصا في الطاقة البشرية وقد يضطر للتخلي عن مواقع, مؤكدا الدعم الإيراني لنظامه, ومشاركة تنظيم حزب الله الإرهابي في القتال ضد الشعب السوري ",
    "date_extracted": "2015-07-26 17:14:02"
}