{
    "url": "http://www.aleqt.com/2015/07/24/article_975732.html",
    "title": "المعتمرون الأوروبيون والأفارقة ينعشون «الصرافة» ويرفعون المبيعات 4 ملايين دولار",
    "author": "منال الأحمدي من جدة",
    "content": " تصدر الدولار العملات التي تم تبديلها خلال أيام العيد من حيث الطلب في سوق الصرافة في مكة وحتى الأمس وتراوحت جملة التعامل به ما بين 200 ألف دولار و500 ألف دولار في اليوم الواحد، وأعقبه اليورو والدرهم المغربي والجنيه المصري والرينجت الماليزي والليرة التركية. وقال ل \"الاقتصادية\" متعاملون في صرف النقد إن الريال السعودي نفذ من محال الصرافة خلال أيام العيد بفعل ارتفاع الطلب على الريالات والخمسات والعشرات الجديدة بشكل كبير في محال الصرافة وقد تجاوز الطلب عما كان عليه في العام الماضي ما خلف أزمة لدى الصرافين. وقال لـ \"الاقتصادية\" الصراف عبدالله الصيرفي ارتفعت قيمة المشتريات والمبيعات اليومية بنسبة 80 في المائة موضحا أن هذا الارتفاع بدأ من العشرة الأواخر من رمضان وقد تحسنت السوق في مكة كثيرا وأصبحت تباع العملات في المحل نفسه ولم تعد تصدر إلى جدة و بلغت قيمة المشتريات ما بين 3.500 مليون ريال و4 ملايين ريال في اليوم وأما المبيعات تجاوزت المليون دولار. وأفاد بأن اليورو وحده ارتفع تبديله اليومي من مليون إلى مليوني يورو في اليوم موضحا أن المعتمرين الأوربيين هم من حركوا سوق الصرافة ورفعوا الأرباح وقد أحضروا معهم الجنيه الإسترليني والدولار واليورو يليهم معتمرو إفريقيا وتحديدا جنوب إفريقيا والسنغال وكثير من الدول الإفريقية وارتفع الطلب على عملة السيفا الإفريقية بعد أن كان الطلب عليها متوقفا لفترة طويلة وهو ما حرك السوق بشكل عام منوها إلى أنه لا يوجد أي عملة متوقفة حاليا. وذكر أن كميات تبديل الدرهم الإماراتي من 800 إلى مليون درهم يوميا في اليوم في بداية شهر رمضان إلا أنه تراجع في العشرة الأواخر إلى مابين 200 و400 ألف درهم في اليوم وذلك بعكس الريال القطري الذي ارتفع التعامل به من 400 إلى 500 ألف ريال قطري في اليوم بعد أن كان لا يتجاوز 100 ألف ولا يقل عن 80 ألفا، منوها بأن الليرة التركية كان تبديلها ما بين 40 و50 ألفا في بداية رمضان. وبين أن الانخفاض المستمر لليورو رفع الطلب عليه فقد وصل بالأمس تبديله إلى 408 ريالات مقابل 100 يورو وقد كان في رمضان ما بين 420 و422 ريالا وأضاف أن الجنيه الإسترليني ارتفع عليه الطلب وقد تحسن سعره عما كان عليه فقد وصل تبديله إلى 585 ريالا مقابل 100 جنيه إسترليني وتحسن بعد العيد مشيرا إلى أن الطلب على الليرة التركية تفوق على الدرهم الإماراتي خاصة أن سعر تبديلها متراجع فحاليا تباع 100 ليرة تركية بـ 139 ريالا بينما كانت بـ 142 ريالا أما في أيام العيد فقد كانت تباع بـ 145 ريالا وأكد لـ \"الاقتصادية\" الصراف رائد عبدالسلام أن اليورو من العملات المتذبذبة بل هو أهمها ورغم تراجعها المستمر إلا أنها قد تعاود الارتفاع في ظل أي خبر إيجابي يتعلق بمنطقة اليورو مؤكدا علی الصيارفة توخي الحذر في التعامل به ومع ضرورة الحرص علی سرعة تبديله تفاديا للخسائر غير المتوقعة بين فرق سعر الشراء والبيع. وقال إن الصيارفة يتحفظون أثناء التعامل مع اليورو. ولفت إلى أن تنوع العملات يتحكم فيه جنسيات المعتمرين إضافة إلى العملات التي يحملونها فمثلا معتمرو شمال إفريقيا يأتون بعملاتهم إضافة إلى اليورو ومعتمرو أوروبا يأتون باليورو أما معتمرو الخليج فيأتون بعملات بلادهم ومعتمرو شرق آسيا من إندونيسيا وماليزيا وكذلك معتمرو باكستان والهند وباقي الدول فيحرصون علی جلب اليورو إضافة إلى عملات بلادهم. من جهته قال الصراف خالد العمودي إن موسم العمرة خيب آمال الصيارفة فقدت كان التبديل في الأشهر التي اعتاد الصيارفة علی الربح فيها محبطا ومغايرا لكل التوقعات بدأ من شهر شعبان ليلحق به غالبية شهر رمضان الذي كان يرتفع فيه عدد المعتمرين وتتنوع وتكثر معهم العملات، موضحا أن الصيارفة لا يجدون سببا للخسائر التي تكبدوها في الموسم لكنهم وضعوا كل تفاؤلهم علی نهاية الموسم. وأبان أن متوسط التعاملات اليومية كان سبعة ملايين ريال بينما كان هذا الرقم في العام الماضي الحد الأدنی للتعاملات، مبينا أن تبديل الدولار يومي أما اليورو فيتحكم فيه سعر تبديله وبقية العملات يرتفع وينخفض الطلب عليها حسب جنسية المعتمرين. ",
    "date_extracted": "2015-07-24 07:21:09"
}