{
    "url": "http://www.aleqt.com/2015/07/23/article_975643.html",
    "title": "32 مليون ريال لتحسين مداخل مكة المكرمة",
    "author": "مكة المكرمة : واس",
    "content": " أبرمت أمانة العاصمة المقدسة عقد مشروع تحسين وتجميل المداخل بمكة المكرمة, في إطار خطتها للارتقاء بالخدمات وتطوير المرافق العامة . وأكد معالي أمين العاصمة المقدسة الدكتور أسامة بن فضل البار, أن الأمانة حريصة على تطوير الخدمات المختلفة وتحقيق أكبر قدر من الفائدة للأهالي والسكان، وإعطاء الجوانب الجمالية والهندسية في المشاريع أهمية كبرى لضمان انجازها وفق أعلى المعايير التي تضمن الاستفادة منها بالشكل المطلوب, مبيناً أن المشروع سيتم إنجازه خلال سنتين ونصف إن شاء الله, بقيمة إجمالية (32.190.385) ريالاً . يذكر أن المشروع يأتي ضمن العديد من المشروعات التي أبرمتها أمانة العاصمة المقدسة مؤخراً, وشملت مختلف المجالات الخدمية كالعناية بالشوارع العامة وتحسينها وتجميلها والتعبيد والرصف والإنارة وإنشاء الحدائق العامة وغيرها, سعياً من الأمانة لتحقيق أفضل الخدمات لأهالي وسكان وزوار العاصمة المقدسة . ",
    "date_extracted": "2015-07-23 19:24:41"
}