{
    "url": "http://www.aleqt.com/2015/07/26/article_976231.html",
    "title": "لقطات مقربة لكوكب بلوتو - فيديو",
    "author": "الاقتصادية الإلكترونية من الرياض",
    "content": " نشرت وكالة ناسا صور جديدة لكوكب بلوتو الجمعة 25 يوليو /تموز. وتؤكد الصور وجود غلاف جوي ونظام مناخي في بلوتو. وأكد الدكتور جيم غرين مدير قسم دراسة الكواكب لدى ناسا أن العلماء جمعوا خمسة بالمئة فقط من المعلومات التي أرسلها مسبار \"نيو هورايزونس\" إلى الأرض. واستغرقت رحلة المسبار 10 سنوات من أجل الوصول إلى بلوتو الكوكب التاسع في المجموعة الشمسية. ",
    "date_extracted": "2015-07-26 17:13:59"
}