{
    "url": "http://www.aleqt.com/2015/07/26/article_976170.html",
    "title": "203 إجمالي مصابي «كورونا» من الرجال..   و79 حالة للنساء منذ مطلع العام",
    "author": "محمد الأكلبي من جدة",
    "content": " بلغت حالات الإصابة بفيروس \"كورونا\" هذا العام 282 حالة من إجمالي الحالات التي سجلتها وزارة الصحة منذ مطلع العام الهجري الحالي، حيث وصل عدد الرجال المصابين بالفيروس من الإجمالي نحو 203 رجال. \nوأوضحت إحصائيات وزارة الصحة أن عدد السيدات المصابات بالفيروس بلغ نحو 79 حالة، وكانت نسبة الوفيات هذا العام بين الإصابات المؤكدة بالفيروس التي تم تسجيلها في المستشفيات السعودية هذا العام 135 حالة وفاة. \nوبلغ عدد الحالات التي تماثلت للشفاء قرابة 149 حالة، فيما لا تزال ثماني حالات مصابة بالفيروس تتلقى العلاج في المستشفيات. \nوكانت قد أعلنت وزارة الصحة البارحة الأولى، في بيانها اليومي أنه تم تسجيل حالة إصابة مؤكدة بفيرس كورونا في الرياض، لوافد يبلغ من العمر 28 عاماً، مؤكدة أن وضعه الصحي مستقر وأنه ليس ممارسا صحيا وليس لديه أعراض مرضية أخرى، مشيرة إلى أنه مخالط لحالات مؤكدة أو شبه مؤكدة لمصابين بالفيروس. \nوارتفع عدد المصابين بالفيروس في المملكة إلى 1054 حالة منذ تفشيه حتى الآن، وبلغت نسبة الوفيات بين الحالات المؤكدة منذ تسجيل أول حالة في المستشفيات السعودية حتى الآن أكثر 44 في المائة، وبعدد يصل إلى 465 حالة وفاة، فيما حققت الحالات التي تماثلت للشفاء النسبة الأعلى، والتي وصلت إلى أكثر من 55 في المائة، وبعدد يصل إلى 581 حالة متماثلة للشفاء. ",
    "date_extracted": "2015-07-26 17:14:15"
}