{
    "url": "http://www.aleqt.com/2015/07/26/article_976218.html",
    "title": "عاصفة قوية تضرب شمال ألمانيا والشمال الأوروبي",
    "author": "أوفنباخ/برلين/أمستردام :د ب أ",
    "content": " يتعرض سكان الشمال الألماني لعاصفة قوية تتضمن هبات أعاصير تضرب أساسا ولايتي سكسونيا السفلى وشليزفيج هولشتاين. وقال عالم الأرصاد الجوية ينس هوفمان من هيئة الأرصاد الجوية الألمانية في مدينة أوفنباخ مساء السبت إن مركز العاصفة سيتسع خلال الليل عبر شمال شرق ألمانيا. وحذر هوفمان من آثار إعصارية شديدة أحيانا لهذه العاصفة. \nوكانت العاصفة التي نجمت عن المنخفض الجوي \"زيليكو\" جاءت أصلا من جهة الغرب وعبرت هولندا ممتدة إلى ولاية شمال الراين ويستفاليا الألمانية، وأسفرت عن مقتل شخص هولندي. \nوكانت خبيرة للأرصاد بهيئة الأرصاد الجوية بولاية شمال الراين ويستفاليا قالت إن \" أعلى مراحل الخطر للعاصفة قد زالت\". \nأما في ولاية شليزفيج هولشتاين شمال ألمانيا فيتأهب المتطوعون والسكان لاستقبال العاصفة، ويقول قائد فريق مواجهة آثار العاصفة هناك: \"نحن نستعد للعاصفة كما نتأهب لإعصار خريفي\"، وقالت خدمة الأرصاد الجوية في أوفنباخ في ذات الولاية، إن مستوى العاصفة \"قوي على غير العادة\" بالنسبة لعاصفة صيفية. ",
    "date_extracted": "2015-07-26 17:14:27"
}