{
    "url": "http://www.aleqt.com/2015/07/23/article_975636.html",
    "title": "إنشاء \"مدن حاويات\" في ألمانيا لتوفير إقامة لآلاف اللاجئين",
    "author": "هامبورج : د ب أ",
    "content": " تعتزم السلطات في ولاية هامبورج الألمانية إنشاء سبع مدن حاويات\" خلال الأسابيع القادمة لتوفير إقامة لنحو 20 ألف لاجئ. وقال وزير الداخلية المحلي للولاية، ميشائل نويمان، اليوم الخميس في تصريحات لإذاعة شمال ألمانيا، إنه من المخطط أن يكون هناك موقع في كل مقاطعة بالولاية يكفي لعدد من اللاجئين يصل إلى ثلاثة آلاف لاجئ. وتابع: \"الهدف هو أن نبني حاويات خلال الأسابيع القادمة، كي يتم الانتهاء من بنائها تماما بحلول فصل الخريف\". وأشار إلى أن السلطات في ولايته أمرت بشراء حاويات بنحو أربعة ملايين يورو. ",
    "date_extracted": "2015-07-23 19:24:43"
}