{
    "url": "http://www.aleqt.com/2015/07/23/article_975470.html",
    "title": "ارتفاع مبيعات المساكن القائمة بأمريكا في 8 سنوات ونصف",
    "author": "«الاقتصادية» من الرياض",
    "content": " ارتفعت مبيعات المساكن القائمة في الولايات المتحدة لأعلى مستوى لها في نحو ثماني سنوات ونصف السنة في حزيران (يونيو) في علامة على الطلب الكامن الذي يتوقع أن يدعم تعافي سوق الإسكان والاقتصاد بوجه عام. ووفقا لـ \"رويترز\" قالت الرابطة الوطنية للوسطاء العقاريين الأربعاء إن مبيعات المساكن القائمة زادت 3.2 في المائة إلى معدل سنوي قدره 5.49 مليون وحدة لتسجل أعلى مستوى منذ شباط (فبراير) 2007. وأضافت الرابطة أن مبيعات هذا العام في سبيلها لتسجيل أكبر زيادة في ثماني سنوات. وعدلت الرابطة قراءة أيار (مايو ) بانخفاض طفيف إلى 5.32 مليون وحدة من 5.35 مليون في القراءة السابقة. وكان خبراء اقتصاديون قد توقعوا في استطلاع أن ترتفع المبيعات الشهر الماضي إلى معدل سنوي 5.4 مليون وحدة. وزادت المبيعات 9.6 في المائة مقارنة بها قبل عام. ",
    "date_extracted": "2015-07-23 19:26:18"
}