{
    "url": "http://www.aleqt.com/2015/07/24/article_975726.html",
    "title": "ولي العهد يبحث مع وزير الخارجية المصري آفاق التعاون بين البلدين",
    "author": "«الاقتصادية» من الرياض",
    "content": " استقبل الأمير محمد بن نايف بن عبدالعزيز ولي العهد نائب رئيس مجلس الوزراء وزير الداخلية في قصره في جدة أمس الأول سامح شكري وزير الخارجية المصري. وجرى خلال الاستقبال بحث آفاق التعاون بين البلدين الشقيقين وسبل دعمها وتعزيزها في المجالات كافة، إلى جانب استعراض مجمل الأحداث التي تشهدها الساحات العربية والإسلامية والدولية. حضر الاستقبال الأمير محمد بن سلمان بن عبدالعزيز ولي ولي العهد النائب الثاني لرئيس مجلس الوزراء وزير الدفاع. كما حضر الاستقبال الدكتور مساعد بن محمد العيبان وزير الدولة عضو مجلس الوزراء، وعادل بن أحمد الجبير وزير الخارجية، وخالد بن علي الحميدان رئيس الاستخبارات العامة، وأحمد بن عبدالعزيز قطان سفير خادم الحرمين الشريفين لدى جمهورية مصر العربية مندوب المملكة الدائم لدى جامعة الدول العربية، وعفيفي عبدالوهاب سفير جمهورية مصر العربية لدى المملكة. ",
    "date_extracted": "2015-07-24 07:34:37"
}