{
    "url": "http://www.aleqt.com/2015/07/26/article_976162.html",
    "title": "بعد 8 قرون من الحضارة الإسلامية .. لماذا كل هذا الإرهاب؟",
    "author": "عزمي عاشور *    ",
    "content": " لماذا نحن المسلمين دون بقية الأديان نفرز هذا الشكل من الإرهاب والإجرام الذي يتناقض مع جوهر وقيم دين جاء مبشرا بالسلام والأمان لكل البشر دون إجبار أحد أن ينتمي إليه؟ فلا تمر ساعة إلا وخنجر الإرهاب يطعن باسمه في ظهر إنسانيتنا لا تمييز ما بين أطفال وشيوخ ولا نساء ورجال ولا مجتمع إسلامي ولا غير إسلامي، فالكل أصبح هدفا لقنابله ورصاصه .. وتدهش في الوقت نفسه من هذا الزخم من التدين الطقوسي الذي يخرج من بينه كل هذه الشرور الإرهابية من عقول فئة لا تخجل من أن تتباهى بذبح أو بتفجير بطون الأبرياء الآمنين في الشوارع. فما هذا الخلل الذي لحق بالخطاب الديني الآن بعد أن كانت للإسلام إسهامات في الحضارة الإنسانية استمرت لعقود؟ ولماذا يتم معاداتها بهذا الشكل المفجع؟ \nنعم أصبحنا كلنا متهمين ومساهمين في هذه التدهور الذي لحق بهذا الدين ليفرز لنا هذا الشكل القبيح من الإرهاب .. فالقضية لم تعد النفي وأن من يقومون بهذا ليسوا مسلمين، فبالنظر إلى خريطة وعولمة ظاهرة الإرهاب الإسلامي نجده لا يختلف في جرائمه سواء حدث ذلك في قلب شوارع القاهرة أو في قرى نيجيريا على يد \"بوكو حرام\" أو حتى في سورية أو العراق على يد \"داعش\" أو على يد متطرفي مسلمي الغرب مثلما شهدنا أخيرا في فرنسا .. فالجريمة واحدة والدوافع واحدة وإن أخذت أشكالا مختلفة. \n يضعنا كل هذا الإجرام باسم الدين جميعا في وجه المدفع لنبحث عن الأسباب التي تقف وراء الخلل، نعم قد يكون منها ما هو متعلق بالصدمة الحضارية والفكرية التي وجد فيها هذا الشباب نفسه بعدما تم تحنيط العقلية الإسلامية ووضعها في قوالب باسم التدين الشكلي، التي أسهمت فيها عوامل كثيرة أبرزها التراجع والتدهور الذي لحق بالمؤسسات التقليدية الدينية على حساب ظهور المؤسسات الموازية من الجماعات والتنظيمات الأخرى تحت مسميات مختلفة، الأمر الذي أسهم أكثر في تجميد وتحنيط هذا الخطاب الديني، فأصبح بدلا من أن توجد أطروحات نقدية وتنويرية داخل المؤسسات التقليدية ظهر خطاب التطرف الموازى الذي لا يكتفي بأخذه بالقشور بتفسيره للواقع وللدين وإنما بأسره بالرجوع إلى ماضي الأيام في رؤيته للحاضر .. فوجدنا خطابا يحرم كل ما هو موجود، وكل ما جاءت به الحضارة الإنسانية، ويصدر خطاب هذا الماضي البعيد ليعيش به شباب اليوم. فكان من الطبيعي لقطاع منهم الذي يواجه مشاكل أخرى اجتماعية واقتصادية أن تقع في فخ هذه الازدواجية ما بين الحداثة وهذا الخطاب الماضوي، وأن يكون هناك خلل فكرى في تفسير هذا الواقع وفق الرؤية والتكوين المبنى على خطاب اختصر الحضارة الإنسانية على فترة وجيزة من التاريخ الإسلامي. والخلل الثاني في الخطاب الديني الذي يفرز الإرهاب أن التطور الإنساني في التكنولوجيا من اتصالات وإنترنت وغيرهما على قدر ما أنه عولم الفوائد أيضا عولم السلبيات، فإذا كانت فوائده جمة فإن أضراره أيضا بالنسبة لنشر الأفكار التطرفية كبيرة، فأصبح العالم الافتراضي للإرهاب يتوازى مع عوالم افتراضية أخرى، وتحول التخلف والإرهاب إلى فضاء إلكتروني ينتقل بتفاعلاته ما بين بيئات ومجتمعات وعقليات مختلفة بالشكل الأصولي التطرفي نفسه، فعقلية \"بوكو حرام\" هي عقلية \"داعش\" نفسها هي نفس عقلية من يفجر ويقتل في أقصى الشمال في فرنسا أو في أقصى الجنوب في أستراليا باسم هذا الدين. والسبب أن هذا الخطاب يتم التعمد بأخذه بشكل أصولي تطرفي دون مواجهته بالنقد في كثير من الممارسات .. فالتكنولوجيا بدلا من أن تساعد على تغيير العقلية عملت على تجميدها وزيادة رقعة التطرف في مفارقة غريبة لا تحدث إلا في مجتمعات تعيش ازدواجية تحديثية في ماض تريد العيش فيه بأدوات الحداثة. \nوعلى ما يبدو أن هذه نتيجة طبيعية، فهذا الذي نستحقه من الحضارة الإنسانية الحديثة. فما الذي صنعناه وأسهمنا فيه سواء بالأفكار أو الجهد. فلو كان هناك إسهام جاد لنا فيها، لكانت هذه العقول نفسها لن يكون هذا حالها. وهو ما يفسر أننا واجهة استهلاكية لكل منتجاتها، وحتى عندما حاولنا أن نستفيد منها استفدنا منها في نشر التخلف والإرهاب وقتل الأبرياء باسم الدين والدفاع عن الرسول. \nوهنا يجب أن نمتلك الجرأة ونواجه أنفسنا بخطايا هذا النوع الفاشستي من الخطاب الديني ونبحث بمنهجية مختلفة عن جوهر الدين وقيمه التي لا يمكن أن تختزل في هذا الشكل من التطرف في السلوك والتدين الذي يقود في النهاية إلى كل هذه التوحش المختلف من الإرهاب … فثمانية قرون من الحضارة الإنسانية تمددت من شبه القارة الهندية وشرق آسيا مرورا بالجزيرة العربية والشام وشمال إفريقيا والى بلاد الأندلس في أوروبا.فمع هذا التنوع في الثقافات والمجتمعات استطاع الدين الإسلامي أن يصنع حضارة وأن يحول قبائل ثقافتها هي القتال والنهب مثل المغول لتكون صانعة للحضارة في آسيا وشبه القارة الهندية .. بالمثل استطاع أن يكون له خطاب إنساني في شتى العلوم الإنسانية الطبيعية والاجتماعية وعلى رأسها الفلسفة التي يحرمونها الآن وكانت محطة مهمة عند معظم علماء الحضارة الإسلامية. \nفلماذا يظهر الآن بهذا الشكل الهمجي الفظيع في عصر تتجلى فيه كل السبل التحديثية والتكنولوجية لإظهار قيم الدين التي أظهرتها الحضارة الإسلامية ونشرتها رغم فقر الإمكانات التواصلية مقارنة بما هو حادث الآن. كل ما يحدث على الأرض يبرهن على وجود هذا الخلل في التفسيرات المتطرفة للدين. فكيف يتحول دين جاء لزرع السلام والمحبة والتراحم بين البشر إلى دين متهم بالهمجية والإرهاب؟ \n* كاتب من مصر ",
    "date_extracted": "2015-07-26 17:14:48"
}