{
    "url": "http://www.aleqt.com/2015/07/24/article_975777.html",
    "title": "أمير مكة المكرمة يرعى حفل افتتاح متنزه الردف العام بالطائف الإثنين المقبل",
    "author": "«الاقتصادية» من الرياض",
    "content": " يرعى الأمير خالد الفيصل مستشار خادم الحرمين الشريفين أمير منطقة مكة المكرمة مساء الإثنين المقبل، حفل افتتاح متنزه الردف العام في الطائف، الذي يعد أحد أكبر المشروعات السياحية والترفيهية في المملكة، حيث ينبسط المتنزه على مساحة 565 ألف متر مربع، ويضم عديدا من المرافق السياحية والاجتماعية والترويحية والتثقيفية. وثمن المهندس محمد بن عبدالرحمن المخرج، أمين الطائف رئيس المجلس البلدي، دعم واهتمام الأمير خالد الفيصل بكل المشاريع البلدية، ورعايته حفل افتتاح هذا المتنزه الذي يعد أحد المعالم السياحية في المملكة، مشيراً إلى أن هذا المنجز يعكس ما تقدمه الحكومة الرشيدة للمواطن من عطاءات تنموية وتطويرية هدفها راحته والتسهيل عليه. وقدر المهندس محمد المخرج الاهتمام والدعم من الأمير الدكتور منصور بن متعب بن عبدالعزيز وزير الدولة عضو مجلس الوزراء المستشار الخاص لخادم الحرمين الشريفين، حينما كان وزيراً للشؤون البلدية والقروية، ووقوفه المستمر على سير العمل في المشروع، مما كان لذلك الأثر الواضح في الحفاظ على هذا المتنزه وتطويره بشكل كامل وفق تصميم عالمي يجمع كل مقومات الترفيه لجميع شرائح المجتمع. ينبسط المتنزه على مساحة 565 ألف متر مربع ويضم مرافق سياحية واجتماعية .«واس» وأكد أن المهندس عبداللطيف بن عبد الملك آل الشيخ، أولى هذا المشروع جل العناية، نظراً لما يمثله من قيمة كبيرة في ذاكرات الأهالي والزوار. وأبان أن متنزه الردف يضم مركزاً للبيئة والإنسان يقوم بتثقيف المرتادين للمحافظة على الطبيعة المحلية، وسبل الاستفادة المثلى منها في إنتاج الطاقة الصديقة للبيئة. وفي جانب آخر من المتنزه يقع مركز الحديقة والمجتمع، الذي يهتم بتعريف المجتمع بكيفية الاهتمام بالشجرة، وسبل تصميم الحدائق المنزلية والعناية بها، وتتوسط المتنزه بحيرة مائية ضخمة تبلغ مساحتها 13 ألف متر مربع، مدعومة بنوافير مائية تضم 750 نزلا مائيا، وشاشة عرض مائية، وتتشابك مع النوافير المائية نزل اللهب التي تنطلق بتناغم فريد لتحيل البحيرة إلى لوحة فنية بديعة، ويخدم المشروع عديد من المطاعم والمحال التجارية، ومسرح ومدرجات للجلوس ومشاهدة عروض النافورة المائية. ودعماً من الأمانة للرياضة وعشاقها فقد تم عمل مسار لممارسة رياضة المشي، ومسار آخر لمحبي رياضة الجري، ووضعت على جانبي المسار الرياضي أجهزة وألعاب رياضية داعمة، ويحيط بالمتنزه من الخارج مضمار للمشي بعرض 10 أمتار وبطول 3850 مترا. وفي المحور التجاري ممر تجاري على جانبيه أماكن للجلوس ونوافير أرضية. كما اهتمت الأمانة بالمسطحات الخضراء والنجيلة الطبيعية بمساحة 150 ألف متر مربع، وزراعة الأشجار بمقدار 70 ألف شجرة، وزراعة 300 ألف مغطيات للتربة، وزراعة 30 ألف شجيرة على جوانب الممرات، ووزعت 39 مظلة PVC لتوفير أماكن مظللة للعائلات الزائرة، وخصصت الأمانة منطقة وادي الألعاب في الجزء الشمالي من المتنزه بمساحة 18 ألف متر مربع، وزودت بألعاب الأطفال والبرجولات الخشبية لجلسات العائلات ونافورة جمالية، ويضم متنزه الردف سبع بوابات وأربعة مجمعات مواقف سيارات بمساحة 29200 متر مربع. ",
    "date_extracted": "2015-07-24 07:34:18"
}