{
    "url": "http://aawsat.com/home/article/411061/هالك-الهتافات-العنصرية-أصبحت-جزءًا-من-كرة-القدم-الروسية",
    "title": "هالك: الهتافات العنصرية أصبحت جزءًا من كرة القدم الروسية",
    "author": "سان بطرسبرغ (روسيا):  «الشرق الأوسط»",
    "content": "أكد المهاجم البرازيلي هالك أن الهتافات العنصرية أصبحت جزءا من الحياة اليومية في كرة القدم الروسية، هذا البلد الذي يستضيف فعاليات كأس العالم القادمة عام 2018.\nوقال هالك نجم فريق زينيت سان بطرسبرغ الروسي أمس: «هذا ما يحدث في كل مباراة بالدوري الروسي.. اعتد على الشعور بالإحباط. واليوم، أوجه القبلات إلى المشجعين». ولا تنشر هذه الأمثلة للعنصرية في كرة القدم الروسية خارج البلاد ولكن المرجح أن يتغير هذا خلال كأس العالم.\nوأوضح هالك، إلى الصحافيين في ملعب التدريبات الخاص بفريقي زينيت «إذا حدث هذا خلال المونديال سيكون مثيرا للغثيان وقبيحا».\nوكان هالك نفسه هدفا لهتافات عنصرية من مشجعي فريق توربيدو موسكو في مارس (آذار) الماضي كما عانى الغاني إيمانويل فريمبونغ نجم فريق أوفا من إهانات مشجعي سبارتاك موسكو في افتتاح فعاليات الموسم الحالي يوم الجمعة الماضي.\nورد فريمبونغ، 23 عاما، بإشارة بيده إلى الجماهير فلم يتردد الحكم في طرده من المباراة مما دفع وزير الرياضة الروسي إلى إلقاء اللوم عليه بشكل غير مباشر. وتجرى قرعة التصفيات المؤهلة لمونديال 2018 يوم السبت المقبل في مدينة سان بطرسبرغ الروسي.",
    "date_extracted": "2015-07-21 02:58:21"
}