{
    "url": "http://aawsat.com/home/article/398236/تركي-المشيقح-أنا-خارج-المنافسة-وجديدي-القادم-مع-عبد-المجيد-عبد-الله-ورابح-صقر",
    "title": "تركي المشيقح: أنا خارج المنافسة وجديدي القادم مع عبد المجيد عبد الله ورابح صقر",
    "author": "الرياض: «الشرق الأوسط»",
    "content": "قال الشاعر السعودي تركي المشيقح إن للأمسيات الشعرية فضلا كبيرا عليه لأنها أدخلته المجال الإعلامي وعندها ترك الشعر نوعًا ما واهتم بالتنظيم، لافتًا إلى أنه بعد ذلك عمل في قناة «روتانا خليجية» بعد أن أصبحت قناة منوعات ثم عرض عليه الرئيس التنفيذي للقناة، الأستاذ تركي الشبانة أن يكون المدير الإقليمي للقناة في أبوظبي حينما كان يصور برنامج «يا هلا» هناك آنذاك. وكشف المشيقح عن علاقته بالشاعر ياسر التويجري قائلا: إنهما كانا يدرسان سويًا في المرحلة الابتدائية ثم انفصلا بعد ذلك ليتقابلا مجددًا في المرحلة الثانوية، مشيرًا إلى أنه يعتز بصداقة التويجري، وأن الأخوة والصدق يجمعانهما أكثر من الشعر، واعتبر أن التويجري سبقه في الشعر وكان خير داعم له بعدها، وقد آمن بقدراته قبل أن يشكلا «ديو» وأن كل ذكرياته مع صديقه هي موضع اعتزاز له.\nوعن اتهاماته بالإساءة إلى المرأة، ردّ تركي المشيقح أنه لم يسئ للمرأة بل إنه مؤمن تمامًا بأنها نصف المجتمع وأوضح أنه عندما قال: «أي رجل تقوده امرأة هذا مو برجال» كان وقتها يقصد رجلا معينًا لم يرد ذكره، ولم يفصح عمن كان يقصد للعلياني. كما نفى الشاعر خلال حواره مع العلياني أن يكون قد قال: إن الشعراء «شحاذون» مشددًا أنه لا يرضى أبدا أن يوصف أحد من الشعراء بأنه «شحاذ».\nوعن مقارنته بالشعراء الآخرين، قال تركي المشيقح إنه خارج المنافسة مع الشعراء تمامًا وإنه لا يجب أن يُطرح اسمه بينهم ولا يحبّ المنافسة في الشعر، وأضاف أن الملحن وليد الشامي هو بمثابة أخ عزيز له، وأنه لحَّن له عملين في السابق وسيجمعهما عملان قريبًا، وأن سعد علوش نجم كبير سبقهم بمراحل وله سكة مختلفة وطَرحٌ مغاير، وعن فيصل اليامي قال: إنه شريك نجاح ومن أوائل من كسر حاجز الساحة الشعبية، واعتبر أن الشاعر عبد اللطيف آل شيخ أخ وصديق ومن أهم الأسماء الموجودة حاليا والمحركة لعالم الأغنية، وشدّد على أن ما يحدث مع الشاعر محمد بن الذيب لا يرضي أحدًا، سائلاً الله أن يفكّ أسره واضعًا أمله في أمير دولة قطر حتى يعود بن الذيب قريبًا بين أهله وأبنائه.\nوحول التعاونات الفنية، كشف تركي المشيقح عن أعماله التي ستعرض قريبًا قائلا بأنه سيكون له عمل مع الفنانة المغربية أسماء لمنور، وأيضًا مع الفنانة السورية أصالة، كما سيكون له ثلاث أغانٍ مع الفنان السعودي رابح صقر، وأغنية مع الفنان السعودي عبد المجيد عبد الله من ألحان عصام كامل. كما أشار إلى أن لديه أصدقاء من الفنانين تجمعه بهم علاقة منذ سنوات كثيرة وتربطه بهم أخوة، مضيفًا إلى أن صداقته ببعض الفنانين تتخطى الفن مثل علاقته براشد الماجد ورابح صقر ووليد الشامي وأصيل بو بكر وعلي بن محمد وتركي وجابر وطلال سلامة، بالإضافة إلى ملحنين كثيرين، لافتًا إلى أنه كله شرف أن يغني له الفنان طلال سلامة «أناديلك» ويحمد الله أنها نجحت. وأضاف في حديثه أنه من محبي الفنانة المغربية أسماء لمنور ومعجب كبير بصوتها وأنه فخور جدًا بالتعامل معها.",
    "date_extracted": "2015-07-21 10:49:05"
}