{
    "url": "http://aawsat.com/home/article/410606/القوات-الهندية-والباكستانية-تتبادل-إطلاق-النار-لا-الحلوى-في-كشمير",
    "title": "القوات الهندية والباكستانية تتبادل إطلاق النار لا الحلوى في كشمير",
    "author": "نيودلهي: «الشرق الأوسط»",
    "content": "تبادلت القوات الهندية والباكستانية إطلاق النار على الحدود المتنازع عليها بين البلدين، مما أسفر عن إصابة عدة مدنيين وزاد من التوتر على الرغم من اتفاق في الآونة الأخيرة يهدف إلى تحسين العلاقات.\nواتهمت باكستان الهند بانتهاك آخر لوقف إطلاق النار في إقليم كشمير حيث ذكرت أن أربعة مدنيين قتلوا في قصف للمناطق الباكستانية من الإقليم المضطرب. وجاء في بيان لوزارة الخارجية الباكستانية أن القوات الهندية فتحت النار السبت على قاطع بونش على خط المراقبة الفاصل بين شطري الإقليم وهو الخط الحدودي، باستخدام الأسلحة الخفيفة والصواريخ وقذائف الهاون ونيران الرشاشات. وقال البيان في وقت متأخر من السبت بعد أيام من استدعاء إسلام آباد للسفير الهندي على اثر إعلانها إن قواتها أسقطت طائرة تجسس هندية في كشمير. وأضاف: «من المؤسف للغاية أن تنتهك القوات الهندية مرة أخرى وقف إطلاق النار أثناء عيد الفطر، كما حدث العام الماضي عندما استشهد مدنيون أبرياء». وذكر مسؤولون باكستانيون في وقت سابق أن أربعة مدنيين قتلوا بنيران هندية الأربعاء والخميس، واحد في كشمير نفسها وثلاثة بالقرب من بلدة سيالكوت القريبة من الحدود.\nوقال البيان إن «باكستان تتقدم باحتجاج على هذا العمل الاستفزازي المخالف للتفاهم الذي تم التوصل إليه في أوفا (في روسيا)، وتأمل في أن تراعي الحكومة الهندية التفاهم الذي توصل إليه الجانبان في 2003».\nوإقليم كشمير مقسم بين الهند وباكستان منذ حصول البلدين على استقلالهما من بريطانيا في 1947. وبعد أشهر من الخلافات التقى رئيسا الوزراء الهندي ناريندرا مودي والباكستاني نواز شريف لمدة ساعة أثناء زيارتهما روسيا. وانتهى اللقاء بموافقة مودي على المشاركة في قمة إقليمية في إسلام آباد العام المقبل.\nكما اتفقت الجارتان اللتان تملكان أسلحة نووية على الإسراع بمحاكمة المتهمين فيما يتصل بهجوم على مدينة مومباي الهندية عام 2008 ألقت الهند باللوم فيه على متشددين يتخذون من باكستان قاعدة لهم. كما قبل مودي دعوة من شريف لزيارة باكستان. لكن الاشتباكات على الحدود الشمالية بين البلدين في الأيام الأخيرة أثارت شكوكا في احتمال أن يطرأ تحسن حقيقي على العلاقات. وكان عيد الفطر فيما مضى مناسبة يتبادل فيها الجانبان الحلوى في منطقة كشمير ذات الأغلبية المسلمة. وقال المتحدث باسم وزارة الدفاع الهندية اللفتنانت كولونيل مانيش ميهتا: «بدأ الجيش الباكستاني القصف وإطلاق النار على قرى أمامية في قطاع بونتش حين كان الناس مشغولين بالاحتفال بالعيد.. فاستهدفوا مواقع عسكرية ومناطق مدنية مما أثار الذعر بين السكان المدنيين». وقال مسؤولون إن خمسة مدنيين من الجانب الهندي أصيبوا بينما لحقت أضرار بعدة منازل. وقالت باكستان إن القوات الهندية استخدمت أسلحة صغيرة وصواريخ وقذائف مورتر ومدافع آلية ثقيلة عبر الحدود.",
    "date_extracted": "2015-07-21 02:55:36"
}