{
    "url": "http://aawsat.com/home/article/410276/وزارة-الثقافة-المصرية-تطلق-مشروع-«مكتبتك»-لنشر-100-عنوان-من-التراث",
    "title": "وزارة الثقافة المصرية تطلق مشروع «مكتبتك» لنشر 100 عنوان من التراث",
    "author": "القاهرة: «الشرق الأوسط»",
    "content": "على غرار مشروع «مكتبة الأسرة» أعلن الدكتور عبد الواحد النبوي وزير الثقافة المصري إطلاق مشروع جديد بعنوان «مكتبتك»، يعنى بنشر أمهات الكتب التي تهتم بقيم الانتماء ونشر الأخلاق واحترام الآخر، في شتى دروب المعرفة الإنسانية.\nوقال الوزير في بيان لوزارة الثقافة، تلقت «الشرق الأوسط» نسخة منه، إن هذا المشروع سيقوم بتنفيذه المجلس الأعلى للثقافة، ويهدف إلى نشر مائة عنوان كتاب من تراثنا العربي لرواد النهضة وكبار الكتاب والمفكرين المصريين والعرب، ليكون نواة لمكتبة في كل بيت، ولتصبح هذه الكتب في أيدي النشء والشباب بهدف التثقيف ونشر الفكر في ربوع مصر، مشيرا إلى أن كل المواطنين في هذه المرحلة الصعبة بحاجة شديدة إلى من يساعدهم على حب المعرفة وتصحيح الأفكار المغلوطة والتوجيه نحو القيم التي تعزز روح التعاون والتسامح وقبول الآخر لنبني مجتمعا قويا يقوم على الأخلاق ويتبنى القيم الحميدة الإيجابية.\nوأضاف الدكتور محمد أبو الفضل بدران أمين عام المجلس الأعلى للثقافة أن «أهمية هذا المشروع تأتي لكونه يحارب التطرف والأفكار الهدامة بطريقة نشر المعرفة وطبع الكتب التي تهتم بالأخلاق والقيم الإيجابية في المجتمع، لذلك فإن وزير الثقافة وجه بضرورة البدء في نشر أول إصدار من هذا المشروع وهو كتاب (الأخلاق) لأحمد أمين».\nوتابع بدران أن «قائمة عناوين الكتب التي تم اختيارها تشمل كتب (أدب الدنيا والدين) للماوردي، و(شعراء الوطنية في مصر) لعبد الرحمن الرافعي، و(إسلام بلا مذاهب) للدكتور مصطفى الشكعة، و(الأمثال العامية) لأحمد تيمور باشا، و(فضائل مصر وأخبارها) لابن زولاق، و(عظماء في طفولتهم) للدكتور محمد منسي قنديل، و(حقوق الإنسان في الإسلام) للدكتور عبد الواحد وافي، و(فقه العلم والحضارة) لأحمد فؤاد باشا، و(جنة الحيوان) للدكتور طه حسين، و(في الطريق إلى ثقافتنا) لمحمود محمد شاكر، و(قيم من التراث)، و(ثقافتنا في مواجهة العصر)، و(تجديد الفكر العربي) للدكتور زكي نجيب محمود، و(حضارة العرب) لجوستاف لوبون، و(التفكير فريضة إسلامية) لعباس محمود العقاد. وغيرها من الكتب الأساسية في شتى مناحي الفكر والمعرفة الإنسانية».",
    "date_extracted": "2015-07-21 02:57:06"
}