{
    "url": "http://aawsat.com/home/article/409751/دعوة-مؤسسات-المجتمع-المدني-في-السعودية-للقيام-بأدوارها-في-التوعية-بمخاطر-الإرهاب",
    "title": "دعوة مؤسسات المجتمع المدني في السعودية للقيام بأدوارها في التوعية بمخاطر الإرهاب",
    "author": "الرياض: نايف الرشيد",
    "content": "ليس جديدًا لجوء الخلايا المرتبطة بتنظيم داعش المتطرف إلى تجنيد مقاتليها عبر مواقع التواصل الاجتماعي، وسط دعوات أطلقها خبراء ومتخصصون في الجوانب التقنية وقضايا الإرهاب بضرورة ملاحقة تلك العناصر الإجرامية، والقيام بأدوار التوعية المطلوبة في المرافق التعليمية والأنشطة الأخرى.\nفي مقابل ذلك، كشف عضو في مجلس الشورى السعودي، أمس، لـ«الشرق الأوسط» عن نظر خادم الحرمين الشريفين الملك سلمان بن عبد العزيز في تعديلات أجراها مجلس الشورى، وجرت مناقشتها داخل المؤسسة البرلمانية، على نظام التعاملات الإلكترونية، ونظام جرائم المعلومات، وذلك بعد إدخال أربعة أعضاء بعض التعديلات عليه، تتركز على ملاحقة المنابر الإرهابية في مواقع التواصل الاجتماعي، وفرض عقوبات رادعه بحقهم.\nفي غضون ذلك، قال الدكتور نواف الفغم، عضو لجنة الشؤون الأمنية في مجلس الشورى السعودي، إن «تنظيم داعش المتشدد، عمد إلى تكوين خلايا تستهدف إشعال الفتنة الطائفية، وعدم إقامة الصلوات في المساجد، فضلاً عن سعيه لنزع الثقة في مؤسسات الدولة»، موضحًا أن ذلك لم يتحقق بفضل ثقة المواطن في تلك الأجهزة.\nوأشار الفغم في تصريحاته لـ«الشرق الأوسط» إلى أن التنظيم المتطرف سعى إلى صنع وجود له داخل السعودية، لكن ذلك قوبل بتكاتف جميع أطياف المجتمع مع الأجهزة الأمنية، مما أسهم في وأد محاولات هذا التنظيم، وإحباط مزيد من المخططات التي كانت التنظيمات الإرهابية تنوي القيام بها. ولفت الفغم النظر إلى أن الأجهزة الأمنية تمتلك كل الإمكانات المتعلقة بملاحقة الخلايا المتورطة، ورصد المتعاونين معها.\nوأشار عضو لجنة الشؤون الأمنية، إلى أن تنظيم داعش سن استراتيجية حديثة، ترتكز على سرعة تنفيذ عملياته بعد استقطابه للمنفذين قبل تمكن الأجهزة الأمنية من اعتقالهم، إضافة إلى تنفيذ الجرائم التي حددت لهم سلفا، والتي عادت ما تنحصر في ضرب أهداف سهلة، من بينها المساجد.\nوأوضح الفغم أن الخلية العنقودية التي اعتقلتها الأجهزة الأمنية أمس تبين استهداف التنظيم لصغار السن، وأن على أجهزة الدولة الأخرى، ومنها وزارة التعليم، ووزارة الشؤون الإسلامية والأوقاف والدعوة والإرشاد، القيام بدورها في التوعية بمخاطر الفكر المنحرف، داعيا إلى ضرورة تكاثف جهود أجهزة الدولة لمواجهة مخاطر الإرهاب، مع التركيز على توعية صغار السن.\nوتطرق عضو لجنة الشؤون الأمنية بمجلس الشورى إلى مواقع التواصل الاجتماعي، وعلى رأسها «تويتر» التي اتخذتها التنظيمات المتطرفة كمنصة للترويج للفكر المنحرف، وتنفيذ الأعمال الإجرامية، وقال بهذا الخصوص «تويتر» يعد المدخل الرئيسي للوصول للشباب، عبر معارف وهمية، كما أن بعض الدول فرضت قيودا على تلك المواقع. وتابع موضحا أن «التنظيمات المتطرفة تقوم بمحاورة صغار السن من قبل أشخاص يكبرونهم سنا، يعتنقون الفكر الإرهابي المتطرف، ويقومون بتحريف النصوص الشرعية، وبالتالي يتمكنون من السيطرة على المجند الجديد بسرعة عالية.\nمن جهته، كشف الدكتور عوض الأسمري، عضو لجنة النقل والاتصالات وتقنية المعلومات في مجلس الشورى السعودي، عن رفع المجلس مشروعا لتحديث نظام مكافحة جرائم المعلومات، ونظام التعاملات الإلكترونية. ولفت الأسمري خلال حديثه لـ«الشرق الأوسط» أن تلك التقنيات يجري استخدامها لأغراض غير التي صنعت من أجلها، لافتًا إلى ضرورة تدريس القوانين والأنظمة التي تتعلق بالجرائم الإرهابية.\nوأشار الأسمري إلى أن هناك نظاما ظهر قبل ثماني سنوات وهو معمول به، إلا أنه جرى إدخال بعض التحديثات على هذا التشريع حديثًا بما يتوافق مع مستجدات الواقع، وتمت مناقشته تحت قبة مجلس الشورى السعودي أخيرًا، ورفع إلى خادم الحرمين الشريفين من أجل إقراره، وأضاف الأسمري أن «من بين الأمور التي حرص الأعضاء على إدخالها في التشريع ملاحقة العناصر المروجة للفكر الإرهابي داخل مواقع التواصل الاجتماعي، والأفكار الإرهابية الهدامة، وجرائم التحريض».\nمن جانبه، أشار الدكتور محمد المشوح، المستشار والمحامي السعودي، خلال تصريحاته لـ«الشرق الأوسط» إلى أن وزارة الداخلية السعودية أرسلت رسائل تطمينية، مفادها أن الأجهزة الأمنية لا تزال محافظة ومسيطرة على الموقف، كما أن أعينها مفتوحة على الفئات الضالة، ومن ذلك إحباط الكثير من المحاولات الإرهابية، واعتقال الخلية العنقودية وغيرها.\nوأوضح المشوح أن الاستغلال السيئ لمواقع التواصل الاجتماعي لا يمكن لأجهزة معينة أن تكافحه لوحدها، محملاً أجهزة المجتمع المدني القيام بأدوارها وقال بهذا الخصوص: «الوطن أحوج لتلك المؤسسات في الوقت الراهن، وعلى الأجهزة الدينية والتربوية أن تستنفر كافة طاقاتها لمكافحة الفكر المنحرف».\nوأضاف المشوح «لا شك أن المملكة مستهدفة من قبل تنظيمات دولية تسعى خلفها أجهزة مخابرات دولية، وأن بلادنا مستهدفة عبر تجنيد أبنائها لقتال أبناء بلدهم.. نحن أمام تحد كبير، وإذا كانت المملكة قد تجاوزت أحداثا عظاما، مثل تنظيم القاعدة، فنحن اليوم نواجه تنظيم داعش، وهو أخطر لأنه يحمل أجندات مختلفة، وتمارس جرائم القتل التي لا يتبناها دين سماوي، ولا بشر سوي، كما أنه يحمل في الجانب الآخر استهداف معاني الفطرة السامية، وهي قتلهم للأسر والأقارب».",
    "date_extracted": "2015-07-21 10:45:21"
}