{
    "url": "http://aawsat.com/home/article/406991/واشنطن-تحذر-رعاياها-من-السفر-إلى-كينيا-قبل-زيارة-أوباما",
    "title": "واشنطن تحذر رعاياها من السفر إلى كينيا قبل زيارة أوباما",
    "author": "نيروبي - لندن: «الشرق الأوسط»",
    "content": "وجهت الولايات المتحدة تحذيرا إلى رعاياها أمس بعدم السفر إلى كينيا بسبب مخاطر شن هجمات إرهابية، وذلك قبل زيارة مقررة للرئيس الأميركي باراك أوباما.\nومن المقرر أن يلقي أوباما، وهو من أصول كينية، كلمة أمام القمة الدولية لرواد الأعمال في نيروبي التي تفتتح أعمالها في 24 يوليو (تموز) الحالي.\nوأعلنت وزارة الخارجية الأميركية في بيان: «كما يحصل في كل حدث كبير، فإن العناصر الإجرامية يمكن أن تستهدف مشاركين وزائرين»، وتابع البيان: «يمكن أن يستغل الإرهابيون حدثا على هذا المستوى، وعلى المواطنين الأميركيين أن يكونوا على درجة عالية من الوعي بسلامتهم».\nوكانت السفارة الأميركية في نيروبي أعلنت في تحذير سابق أصدرته في مايو (أيار) الماضي أن «رعاياها يجب أن يكونوا على علم بالتهديدات المتزايدة مؤخرا من قبل إرهابيين، ومستويات الجريمة المرتفعة في بعض المناطق».\nوزيارة أوباما في وقت لاحق هذا الشهر ستكون الرابعة له إلى أفريقيا منذ توليه مهامه الرئاسية، والأولى له إلى كينيا منذ انتخابه في 2009.\nوتعرضت كينيا لسلسلة من الهجمات نفذتها «حركة الشباب» المتشددة خلال الأشهر الماضية، آخرها أمس. وأعلنت أمس الشرطة الكينية أن مقاتلين يشتبه بأنهم ينتمون إلى حركة الشباب قتلوا خمسة أشخاص في هجوم على آلية للشرطة شمال الساحل الكيني.\nووقع الهجوم في منطقة لامو الساحلية بالقرب من الحدود مع الصومال؛ المنطقة التي سبق أن شهدت عدة اعتداءات نفذها الناشطون «الشباب» المرتبطون بتنظيم «القاعدة».\nوقالت الشرطة ومنظمة الصليب الأحمر إن «الآلية انفجرت بعد مرورها فوق لغم قبل أن تستهدف بقنابل يدوية».\nوصرح قائد شرطة لامو، كريسبوس موتالي، لوكالة الصحافة الفرنسية أن «خمسة أشخاص قتلوا في هذا الهجوم بما في ذلك امرأة وطفل»، مشيرا إلى خمسة جرحى أيضا.\nوكان مسؤول في الإدارة المحلية ذكر أن «الهجوم لم يسفر عن ضحايا»، وأكد المصدر نفسه أن «جميع الضحايا مدنيون كانوا على متن الآلية الرسمية وليس بين القتلى أو الجرحى أي شرطي».\nوأفاد الشيخ عبد العزيز أبو مصعب، المتحدث باسم العمليات العسكرية لحركة الشباب، لوكالة «رويترز»: «استهدفنا قافلة عربات للشرطة قرب لامو. دمرت القنبلة التي جرى تفجيرها عن بعد سيارة شرطة وأدت لوقوع خسائر في الأرواح وأضرار».\nوقد استهدف المقاتلون في الحركة خصوصا منطقة لامو، وهاجموا الشهر الماضي حافلات ركاب وقاعدة عسكرية. ويشتبه بأن مقاتلين من الحركة يختبئون في غابة بوني المجاورة؛ ففي أبريل (نيسان) الماضي قتل ناشطو الحركة التابعة لتنظيم القاعدة، 148 شخصا في جامعة غاريسا غالبيتهم من الطلاب. وفي عام 2013 قتل أربعة مسلحين من حركة الشباب 67 شخصا على الأقل في هجوم على مركز «ويست غيت» في العاصمة نيروبي.\nوكثفت حركة الشباب الهجمات الدامية في كينيا ردا على تدخل الجيش الكيني في الصومال منذ 2011. ويخدم حاليا 3500 جندي كيني في الصومال في إطار قوة الاتحاد الأفريقي «أميصوم» وعددها 22 ألف جندي، أغلبهم من بوروندي وأوغندا.\nوأضرت الهجمات بقطاع السياحة، ووصفت هيئة السياحة في كينيا عام 2014 بأنه أسوأ عام على الإطلاق بالنسبة لقطاع السياحة.",
    "date_extracted": "2015-07-21 02:56:08"
}