{
    "url": "http://aawsat.com/home/article/408161/بيروت-ودبي-والبحرين-وجهات-ماجد-المهندس-خلال-أيام-العيد",
    "title": "بيروت ودبي والبحرين وجهات ماجد المهندس خلال أيام العيد",
    "author": "جدة: «الشرق الأوسط»",
    "content": "تحت إدارة وتنسيق شركة «روتانا»، الشركة المنتجة لأعماله يشارك الفنان ماجد المهندس خلال أيام عيد الفطر المبارك بثلاث حفلات متتالية تنطلق من بيروت وتحديدا بتاريخ 19 / 07 / 2015 في أول أيام العيد، حيث يلتقي الفنان ماجد المهندس الجمهور اللبناني وزواره العرب في حفل كبير في فندق «رويال ضبية» على مسرح مفتوح يتسع لأكثر من ألفي شخص تشاركه الحفل فنانة الإحساس إليسا يتوجه بعدها إلى دبي لإحياء الحفل الكبير بقاعة راشد في برج التجارة العالمي بتاريخ 20 / 07 / 2015 الذي يجمعه بالملكة أحلام ضمن فعاليات مهرجان دبي ويغادر بعدها مباشرة إلى البحرين ليلتقي جمهوره التجار 1 / 07 / 2015 على المسرح الوطني الذي يعتبر من أهم المسارح في البحرين والشرق الأوسط، حيث تقوم هيئة البحرين للثقافة والفنون بتنظيم هذا الحفل ضمن نشاطاتها خلال أيام عيد الفطر، وقد جهز الفنان ماجد المهندس برنامجًا كبيرًا ومنوعًا لهذه الحفلات الثلاث، ومن المقرر أن ينتقل بطائرة خاصة لضمان وصوله لجميع الحفلات بالوقت المحدد ويعود بعدها لإكمال تسجيل أغاني ألبومه القادم في القاهرة قبل بداية حفلات الصيف في شهر أغسطس في القاهرة ولندن.",
    "date_extracted": "2015-07-21 10:49:01"
}