{
    "url": "http://aawsat.com/home/article/411026/ريال-مدريد-يمنح-حارسه-نافاس-القميص-رقم-1",
    "title": "ريال مدريد يمنح حارسه نافاس القميص رقم 1",
    "author": "مدريد: «الشرق الأوسط»",
    "content": "يبدو أن المفاوضات بين ريال مدريد الإسباني ومانشستر يونايتد الإنجليزي من أجل تخلي الأخير عن حارسه الإسباني ديفيد دي خيا وصلت إلى حائط مسدود، وذلك بعد أن قرر النادي الملكي منح الكوستاريكي كيلور نافاس القميص رقم 1.\n\n وسعى ريال جاهدًا لضم دي خيا؛ مما دفع بقائده أيكر كاسياس إلى الانضمام لبورتو البرتغالي والرحيل عن النادي الملكي الذي التحق به عام 1990 وهو في سن التاسعة من العمر فقط، وتدرج في فرقه العمرية حتى طرق باب الفريق الأول عام 1999، لكن يبدو أنه وصل إلى طريق مسدود؛ مما فتح الباب أمام نافاس الذي التحق بريال عام 2012 قادمًا من ليفانتي، للحصول على القميص رقم 1 بعد أن كان يرتدي الرقم 13.\n\n وسيكون الرقم 13 من نصيب فرانسيسكو «كيكو» كاسيا الذي انتقل قبل أيام معدودة إلى ريال مدريد من إسبانيول مقابل 6 ملايين يورو.\n\n وسبق لكاسيا، 28 عامًا، أن لعب في فرق الناشئين لريال مدريد من 2004 حتى 2007 قبل الانتقال إلى كاتالونيا من أجل الدفاع عن مرمى إسبانيول الذي أعاره بين 2008 و2011 إلى قادش وكارتاخينا.\n\n وكان ريال يملك 50 في المائة من حقوق عقد كاسيا ما سهل عملية عودته إلى النادي الملكي. وشارك كاسيا، أمس، في أول تدريب له مع النادي الملكي الذي خاض تاسع جلسة مران على الأراضي الأسترالية قبيل ثاني مباراة ودية يخوضها استعدادًا للموسم الجديد الجمعة المقبل أمام مانشستر سيتي في مدينة ملبورن.\n\n لكن رغم استعادة الريال لكاسيا، لا يزال الجدل دائرًا بشأن محاولات النادي الملكي التعاقد مع حارس مرمى مرموق لتعويض غياب كاسياس ولتدعيم هذا المركز بشكل قوي قبل الموسم المقبل.\n\n وسيكون على نافاس بذل مزيد من الجهد لإقناع مديره الفني رافاييل بينيتيز بجدارته وأحقيته في أن يكون الحارس الأول للفريق في الموسم الجديد.\n\n وتغلب نافاس على الإصابة التي حرمته من المشاركة مع منتخب بلاده في بطولة الكأس الذهبية لأمم اتحاد كونكاكاف (أميركا الشمالية والوسطى والكاريبي) وسافر مع الريال إلى أستراليا ضمن جولة الفريق الخارجية استعدادًا للموسم الجديد.\n\n وشارك نافاس في مباراة الفريق السبت أمام روما الإيطالي في الكأس الدولية الودية للأبطال التي انتهت بالتعادل السلبي، إلا أنه لم يستطع أن يصد أيًّا من ركلات الترجيح السبعة لروما ليحقق الأخير الفوز عبر 7 - 6.\n\n ويدرك نافاس، 28 عامًا، أنه ورغم حصوله على القميص رقم 1 إلا أن مصيره مع الريال معلقًا وغامضًا وهو ما أشار إليه بنفسه بعد نهاية الموسم الماضي، قائلاً: «الله وحده يعلم ما إذا كنت سأستمر مع الفريق»، حيث اقتصرت مشاركاته على دقائق قليلة في الموسم الماضي في ظل وجود كاسياس قبل أن يرحل الأخير إلى بورتو قبل أيام.\n\n وأوضح نافاس أنه يتمنى المشاركة في المباريات أساسيًا ليواصل الكفاح من أجل تحقيق حلمه الذي بدأ بالانضمام إلى الريال.\n\n وقال إن الأمور لم تكن كما تمنى بعد انضمامه للريال، ولكن هذه المواقف تجعله أكثر قوة.\n\n ورغم وجود نافاس وتعاقد الريال مع كاسيا، فإن الجدل ما زال دائرًا بشأن محاولات النادي الملكي لضم دي خيا من مانشستر يونايتد أو الأرجنتيني الدولي سيرخيو روميرو.\n\n وقام المدرب بينيتيز بخطوة لتدعيم فرص نافاس في مقابلة أجرتها معه إذاعة «كادينا سير» الإسبانية مؤخرًا حين قال: «كيلور حارس مرمى جيد» وذلك في رده على سؤال بشأن رأيه في كاسياس ودي خيا.\n\n لكن على نافاس أن يثبت جدارته بمزيد من التألق في المباريات الودية التي يخوضها الفريق هذا الصيف ليقنع بينيتيز بمستواه وقدرته على تحمل مسؤولية حراسة مرمى الريال في الموسم الجديد.",
    "date_extracted": "2015-07-21 02:58:05"
}