{
    "url": "http://aawsat.com/home/article/381666/وجوه-الشاشة-تبحث-في-السياسة-والمشاكل-المقلقة",
    "title": "وجوه الشاشة تبحث في السياسة والمشاكل المقلقة",
    "author": "محمد رُضا: بالم سبرينغز  (ولاية كاليفورنيا):",
    "content": "استقبل الممثل إد نورتون إعلان مهرجان لوكارنو السويسري بقرار منحه جائزة شرف عن مجمل أعماله بسعادة غامرة. كان المهرجان بعث إليه بالقرار قبل الإعلان عنه وقام نورتون بالموافقة في رسالة شكر فيها الإدارة على هذه المبادرة.\nلكن نورتون سيضطر بذلك لإيقاف العمل على فيلم بدأ بالتحضير له منذ سنوات كثيرة ولم ير النور بعد. ففي عام 1999 اشترى حقوق رواية بعنوان «بروكلين يتيمة الأم» (Motherless Brooklyn) للكاتب جوناثان لَثم على أساس من رغبته كتابة السيناريو لها وإخراجها. ومنذ ذلك الحين وهو يقترب ويبتعد عن تحقيق هذه الرغبة. الآن فقط، استطاع جمع ميزانية تحويل الرواية (التي تقع أحداثها في الخمسينات) إلى فيلم والعمل جار على استكمال العناصر وتحديد موعد البدء بالتصوير.\n\n* حب وتعصب\nنورتون لا يقف وحده بين الممثلين الموهوبين المتحوّلين إلى الإخراج.\nفي دورة مهرجان «كان» الأخيرة برهنت الممثلة نتالي بورتمن (أميركية - إسرائيلية) عن قدرتها في التصدّي لرواية أخرى شكلت لديها هاجسًا دفعها إلى بذل كل ما لديها من اتصالات لتأمين تحويلها إلى فيلم.\nالفيلم هو «حكاية حب وظلام» وكاتبها هو أموس أوز الذي حوّلت السينما الإسرائيلية له ثلاث قصص حتى الآن هي «مايكل شيلي» (1975) و«الصندوق الأسود» (1994) و«الخائن الصغير» (2007). بورتمن اختارت روايته «حكاية حب وظلام» لأنها، حسب قولها، تعكس رغبة العيش المشترك وحل الدولتين كأساس.\nبورتمن ولدت في القدس، سنة 1981. لكن عائلتها غادرت إسرائيل إلى الولايات المتحدة منذ أن كانت في الثالثة من عمرها. وهناك قدر كبير من الجرأة الفنية وتلك السياسية في قرارها تصوير فيلم عن رواية أوز الصادرة سنة 2002. فنيًا لأن الرواية تشكّل تحديّا دراميًا وفنيًا بالنسبة لممثلة ما زالت في مطلع تجاربها على الشاشة، وسياسيا، لأن الرواية تتناول حياة المؤلف ذاته الذي داعبه الحلم بدولة يهودية وشارك في بعض الحروب العربية - الإسرائيلية من قبل أن يهدأ سياسيا ويبدأ بمراجعة مواقفه. هذا ولو أن الفيلم يظهر أن حل الدولتين كان ماثلاً أمام أوز (والفيلم يروي فصوله بصوت مؤلّفه) وذلك في مشهد يقول فيه عم الكاتب لفتاة عربية صغيرة: «هناك متسع لشعبين على هذه الأرض».\nلكن هذا لا يعفي الفيلم من قدر من التعصّب. العبارة ذاتها قد تُفسّر بعكس ما يُراد منها وليس لدى المخرجة الجديدة من الخبرة ما يجعلها تتحرر من نطاق النص الأدبي وتحميل الفيلم مزايا فنية بعيدًا عن أصوله الأدبية.\nهذه المشكلة لم تقع مع الممثلة (الأكثر شهرة) أنجلينا جولي عندما قررت، سنة 2011، الإقدام على تجربة إخراجها الرئيسية الأولى (قبل ذلك كان لديها تجربة محدودة غير مثمرة) وذلك عبر فيلم كتبته بنفسها مستخلصة أحداثه مما عايشته وتابعته إعلاميًا وهو «أرض الدم والعسل» الذي تقع أحداثه خلال الحرب البوسنية في التسعينات وكيف قام الجيش الصربي باغتصاب النساء وعن فشل أحد الجنود الصرب في حماية المرأة البوسنية التي أحب وتحوّلت معاملته لها لتماثل معاملة الآخرين لها.\nلكن بورتمن، مثل جولي قبلها، أرادت لفيلمها الأول أن يكون ذا شأن سياسي. وبذلك قررتا خوض المعترك الجديد من نقطة سياسية وما فوق. وهنا ما يستوقفنا على نحو ملحوظ إذ إن السياسة كثيرًا ما اندمجت في ركاب التحوّل لممثلين قرروا ذات لحظة مضيئة (غالبًا) في حياتهم المهنية التحول إلى الإخراج وذلك عبر سنوات السينما البعيدة.\nأدب وسياسة\nلا يفوتنا، مثلاً، فيلم راسل كراو الأول «معمّد الماء» The Water Diviner هذا العام الذي اختار فيه التعامل مع العلاقة الإسلامية - المسيحية في إطار أحداث الحرب العالمية الأولى فأنجز عملاً مثيرًا جدًّا للاهتمام كمعبّر عن رغبة تلاق بين الحضارات والأديان. بعودته إلى مطلع القرن الماضي يسمح لفيلمه بالدلو في الواقع الحاضر من دون جهد. إنه يريد قول شيء إيجابي مهم عما يحضرنا الآن، لكن من خلال العودة إلى أحداث وقعت سابقًا خيالية كانت أم واقعية أو (كما هو الحال هنا) مزجًا بين الاثنين.\nإذا لم يجد الممثل موضوعًا مستمدًا من أحداث تاريخية أو سياسية محددة، نراه يقدم على فيلم يعالج موضوعًا اجتماعيًا من وجهة نظر نقدية (وهذا أيضًا سياسة) كما فعل، سنة 1969 دنيس هوبر في «إيزي رايدر» وكما سبق لمارلون براندو أن فعل متحدثين عن المؤسسة والسلطة. فيلم براندو «جاك ذو العين الواحدة» (1961) دار حول لص مصارف يكتشف أن شريكه الذي سرقه بدوره، أصبح شريف بلدة فيقصده لمنازلته. الشريف هو السُلطة والسُلطة فاسدة كما الحال في فيلمين من إخراج كلينت إيستوود هما «غير المسامَح» (1992) و«سُلطة مطلقة» (1997) كلاهما من تمثيله وجين هاكمان الذي يؤدي دور شريف بلدة في الأول ورئيس جمهورية في الثاني وكلاهما يرتكب جريمة قتل.\nالوسترن أيضًا كان اختيار الممثل كفن كوستنر عندما قرر التحوّل إلى الإخراج فقدم سنة 1990 قالبًا (وإن لم يكن المخرج الأول في هذا الشأن) الصورة النمطية التي قامت مئات أفلام الغرب الأميركي بتقديمها عن تاريخ الصراع على الأرض بين المواطنين الأصليين والمستوطنين البيض.\nتيم روبنز، الذي وقف مع زوجته سوزان ساراندون، ضد حرب العراق آنذاك، انتقل في فيلمه الأول «مسيرة رجل ميّت» (1995) لمعالجة مسألة الإعدام من وجهة نظر مناوئة وفي يقينه أن القانون عليه أن يتغيّر لأنه يعالج الجريمة بمثلها.\nشون بن عالج موضوع الحرية المكبوتة في أكثر من فيلم أخرجه أولها «الراكض الهندي» سنة 1991 المأخوذ عن أغنية (للمغني المتمرد) بروس سيرينغستين.\nطبعًا ليس كل ممثل أقدم على الإخراج حقق نجاحًا كبيرًا، وبعض من وردت أسماؤهم أعلاه، مثل شون بن وكفن كوستنر ومارلون براندو اكتفى بما سجّله عبر أفلامه القليلة في هذا المجال بمن فيهم، ورغم اسمه الكبير، جاك نيكولسون الذي أتيح له تحقيق ثلاثة أفلام كمخرج أولها «قد، قال: «Drive‪، ‬ He Said سنة 1971.\nلكن هناك آخرون كثر نجحوا في شق الطريق ذاته وحافظوا على نجاحهم على نحو مطرد، وهم إذا لم يكترثوا للسياسة في أعمالهم الأولى (كما فعل أورسون ولز في «المواطن كين») اكترثوا لها لاحقًا كما الحال مع وورن بيتي وروبرت ردفورد وكلينت إيستوود ومل غيبسون وجون كازافيتيس وجورج كلوني. أكثرهم تأكيدًا على دور السياسة في أفلامه هما وورن بيتي روبرت ردفورد وكلاهما كان امتلأ أفلامًا ذات مضامين سياسية (محلية وعالمية) قبل إقدامه على الإخراج. جورج كلوني بدأ في هذا الدرب بفيلمه «حظ حسن وتصبحون على خير» (2005) وأنجحهم كلينت إيستوود الذي حقق فيلمه الأول «اعزف لي ميستي» (1971) كدراما عاطفية ثم تداول السياسة في الكثير من أفلامه بعد ذلك وصولاً إلى عمله الأخير «قناص أميركي».",
    "date_extracted": "2015-07-21 03:07:45"
}