{
    "url": "http://aawsat.com/home/article/410266/مؤسسة-بدرخان-ترفد-المكتبات-الكردية-بـ200-كتاب-سنويًا",
    "title": "مؤسسة بدرخان ترفد المكتبات الكردية بـ200 كتاب سنويًا",
    "author": "أربيل: دلشاد عبد الله",
    "content": "ترفد مؤسسة بدرخان للثقافة والفنون المكتبة الكردية بـ200 كتاب في كل المجالات، المؤسسة التي تأسست في عام 2000 تواصل عملها في مجال التنمية الثقافية والفنية في إقليم كردستان. واختارت منذ تأسيسها اسم بدرخان نسبة إلى العائلة البدرخانية الكردية في القاهرة الذين أصدروا أول صحيفة كردية في التاريخ، حين أصدر مقداد مدحت بدرخان وشقيقه عبد الرحمن مدحت بدرخان أول صحيفة كردية باسم كردستان في أبريل (نيسان) عام 1898. وتم إصدارها في مؤسسة دار الهلال العربية المصرية التي أسسها الصحافي والمؤرخ اللبناني جرجي زيدان في القاهرة عام 1892، إذ كانت تربطه علاقة صداقة وثيقة مع مقداد بدرخان.\nوأصدرت مؤسسة بدرخان للثقافة والفنون جريدة باسم جريدة بدرخان التي كانت في بادئ الأمر أسبوعية ومن ثم أصبحت شهرية بسبب الأزمة المالية التي يشهدها الإقليم وهي مستمرة حتى الآن. وبدأت المؤسسة بتنظيم مهرجان سنوي منذ عام 2004، ونظمت مهرجانها الأول والثاني في إقليم كردستان، أما المهرجان الثالث فنظمته في مدينة القاهرة عاصمة جمهورية مصر احتفاء بها لأنها المدينة التي احتضنت الصحيفة الكردية الأولى. ونظم المهرجان بالتنسيق والتعاون مع الصحافية المصرية روز اليوسف ومحمد المدبولي صاحب مكتبة المدبولي في مصر، وأصدرت المؤسسة خلال المهرجان في القاهرة، كتاب الكرد في الصحافة العربية. وينظم المهرجان كل في دولة من دول العالم فقد نظم في ألمانيا واليونان والولايات المتحدة الأميركية وفرنسا، وجورجيا، وأوكرانيا، وآيرلندا. واحتضنت مدينة بولزانو الإيطالية مهرجان بدرخان، المهرجان قدم خلال السنوات الماضي في كل الدول التي أقيم فيها مجموعة من النشاطات الثقافية التي عرفت العالم بالثقافة والفن والتاريخ الكردي، عن طريق مجموعة من الندوات والمسرحيات بالإضافة إلى عروض موسيقية كردية ومناقشة أبحاث عن كتاب كرد ومقارنتهم بكتاب من تلك الدول، إلى جانب تنظيم معارض فنية ومعارض للكتب.\nحميد بدرخان، رئيس مؤسسة بدرخان للثقافة والفنون قال في حديث لنا: «تمكنا خلال المدة الماضية من كتابة تاريخ مدينة أربيل في كتاب يتألف من 4500 صفحة بعنوان إنسكلوبيديا أربيل، واستغرق العمل في هذا المشروع سبع سنوات وتم طبع الكتاب ونشره في لبنان، إضافة إلى أننا أنتجنا حتى الآن نحو 25 فيلما وثائقيا، شاركنا بها في عدد من المهرجانات العالمية».\nوبين بدرخان إن المؤسسة تطبع سنويا نحو 20 كتابا في مجالات متعددة للمؤلفين والكتاب مجانا في الإقليم، وحاليا تعمل على جمع المخطوطات الكردية القديمة التي تتحدث عن مراحل الحياة في كردستان، وهناك مخطوطات تعود تاريخ كتابتها إلى 800 عام وأكثر من الآن، موضحا بالقول: «لدينا الكثير من المشاريع في مجال الطباعة والنشر، حاليا نحن منشغلون بإعادة طباعة مقررات بلدية أربيل في الأعوام 1926 و1927 وحتى عام 1957، وستطبع في القريب العاجل في لبنان على جزئين، ومن ثم نبدأ العمل على هذه المخطوطات، فبداية هي بحاجة إلى حمايتها من التلف ومن ثم تصويرها، وتحويلها إلى خطنا المتداول حاليا وطبعها فيما بعد، ما جمعناه لحد الآن يبلغ نحو 30 مخطوطة، كتبت غالبية من قبل الرحالة الأوروبيين الذين جاءوا إلى كردستان وكتبوا مذكراتهم ودراساتهم وما شاهدوه في كردستان». وكشف حميد بدرخان، عن أن مهرجان مؤسسة بدرخان القادم سينظم في البرازيل الصيف القادم.",
    "date_extracted": "2015-07-21 02:57:02"
}