{
    "url": "http://aawsat.com/home/article/382151/«روتانا-خليجية»-تخطف-أحمد-السقا-وعاصي-الحلاني-حصريًا-في-رمضان",
    "title": "«روتانا خليجية» تخطف أحمد السقا وعاصي الحلاني حصريًا في رمضان",
    "author": "جدة: «الشرق الأوسط»",
    "content": "تقدم «روتانا خليجية» مجموعة من الإنتاجات العربية والمصرية هذا العام حصريًا لمشاهديها في السعودية والخليج، تحمل نخبة من أهم نجوم الوطن العربي.\n\n البداية مع بطل الأكشن العربي، أحمد السقا الذي سيطل عبر القناة في مسلسله الجديد «ذهاب وعودة» الذي يصوّر حاليًا على أن يتم الانتهاء من كل المشاهد في الأسبوع الأول من الشهر الفضيل. المسلسل الذي يعد التعاون الثاني بين المخرج أحمد شفيق وأحمد السقا بعد أن سبق وتعاونا في مسلسل «خطوط حمراء» الذي تم عرضه في رمضان قبل الماضي، تدور أحداثه حول رجل أعمال يدعى «خالد» يجسد دوره أحمد السقا، يعيش حياة عائلية هادئة مع زوجته، إلى أن تتصاعد الأحداث ليواجه مافيا تجارة الأعضاء البشرية الذين قاموا باختطاف ابنه من أحد المولات التجارية. «ذهاب وعودة» بطولة أحمد السقا، وإنجي المقدم، ومجدى كامل، وياسر جلال، وأحمد راتب، ولقاء سويدان، ووليد فواز، وفريال يوسف، وبيومى فؤاد، والعمل تأليف عصام يوسف.\n\n ويطل فارس الغناء العربي، عاصي الحلاني عبر «خليجية» في أول دور تلفزيوني درامي له مقتبس عن رائعة الكاتب ماريو بوزو «العراب»؛ الرواية الشهيرة التي تحولت إلى أهم ثلاثية أفلام هوليوودية عبر التاريخ، فقد أعاد المؤلف حازم سليمان كتابة هذه القصة التي تعد من الكلاسيكيات الخالدة، ليقدم لنا عملاً دراميًا منتظرًا خلال الشهر الفضيل من إخراج المثنى صبح وبطولة عدد من نجوم الوطن العربي منهم رفيق علي أحمد، وسلوم حداد، وسلافة معمار، ونسرين طافش، وعبد المنعم عمايري، وصفاء سلطان، وكندة حنا.\n\n أما الفنان المصري أمير كرارة الذي حجز لنفسه مراتب متقدمة جدًا في الأدوار الدرامية خلال المواسم الرمضانية السابقة، فيطل أيضا عبر القناة الروتانية من خلال «حواري بوخارست»، وهي قصة مشوّقة إخراج محمد بكير وتأليف هشام هلال، وتروي قصة لاعب ملاكمة تدفعه الظروف إلى خوض طريق خطر.\n\n هذا، ويتم حاليًا وضع اللمسات الأخيرة على مسلسلي «الذاهبة» المقتبس عن عن قصيدة الشاعر ناصر القحطاني، و«مبتعثات» العمل السعودي الأول صاحب البطولة النسائية السعودية المطلقة مع كل من سناء بكر يونس، ومريم الغامدي، والممثلات الجميلات: مرام عبد العزيز، ونور البدر، وزارا البلوشي، ونورا عصر، الذي كتبته وأخرجته أيضا سعوديات هن نورة وهيفاء المنصور. كما يستكمل أسعد الزهراني تصوير المشاهد الأخيرة من «سوبر محصّل» في إمارة دبي تحت إدارة مخرج وكاتب العمل ثامر الصيخان، فيما انتهى معظم النجوم السعوديين والعرب من تأدية مشاهدهم في العمل الدرامي الضخم «سبعة» المأخوذ عن رواية الراحل الدكتور غازي عبد الرحمن القصيبي.",
    "date_extracted": "2015-07-21 10:49:20"
}