{
    "url": "http://aawsat.com/home/article/400106/خبير-تربوي-عالمي-يتحدث-عن-«محفزات»-القراءة-لدى-الأطفال",
    "title": "خبير تربوي عالمي يتحدث عن «محفزات» القراءة لدى الأطفال",
    "author": "واشنطن: فاليري شتراوس",
    "content": "استنادا إلى كتابه الأخير بعنوان «تربية الأطفال على القراءة: دور الآباء والمعلمين»، لأستاذ العلوم المعرفية، البروفسور دانيال ويلينغام، كتب ويلينغام خمسة مقالات كلها تدور حول القراءة، استند في المقال الأول وأجاب عن تساؤل ما إذا كانت المعايير الأساسية والمشتركة للحالة يمكنها تعزيز القراءة والفهم. وطرح المقال الثاني وأجاب أيضا على إمكانية تدريس موضوع القراءة لأجل الفهم. أما المقال الثالث فكان يدور حول السبب وراء فقدان الأطفال للاهتمام في القراءة لأجل الاستمتاع مع تقدمهم في العمر. وطرح المقال الرابع وأجاب عن سؤال ما إذا كان ينبغي على الطلاب في المدارس القراءة لأجل الاستمتاع.\nوالبروفسور دانيال ويلينغام هو أستاذ علم النفس في جامعة فيرجينيا، ومؤلف عدد من الكتب، ومن بينها: «لماذا يكره الطلاب المدرسة؟»، وأيضا كتاب: «متى يمكننا الثقة في الخبراء؟ التفرقة بين العلوم الجيدة والسيئة في التعليم». وقد نشر هذا المقال على مدونة العلوم والتعليم الخاصة بالبروفسور.\nبدأ السيد ويلينغام التدريس بجامعة فيرجينيا عام 1992، حينما كانت أبحاثه تتمحور حول الأساس الدماغي للتعلم والذاكرة. ولكن بعد عام 2000 تمركزت أبحاثه حول تطبيقات علم النفس المعرفي على مرحلة «K-16» من التعليم. وقد كتب خلال السنوات الأخيرة عددا من المقالات المعروفة في مدونته الخاصة، ومن بينها: «نظرية الدماغ الأيمن - الأيسر.. نظرية فارغة»، وأيضا «المهارات التي يفتقر إليها طلاب القرن الحادي والعشرين».\nويقول البروفسور ويلينغام في مقاله: «لاحظت في وقت سابق من هذا الأسبوع انخفاض التوجهات حيال القراءة مع تقدم الطلاب في العمر، حيث تكون التوجهات القرائية في أوجها حينما يكون الأطفال في أولى مراحل تعلمهم للقراءة. والأسوأ من ذلك فإن التوجهات الإيجابية ليست كافية، حيث إنني لدي توجه إيجابي أكيد حيال التمرين. وأعتقد أنه يجلب أيضا فوائد صحية مهمة، كما أعرف أنني أشعر بحالة أفضل حينما أمارس التمرينات. ومع ذلك فإنني لا أمارسها فعلا. تلك هي الحقيقة، وجزء منها يرجع إلى أنني لا أرى نفسي كإنسان يمارس التمرينات. فالصورة الذاتية مهمة. لا يتعين على الأطفال أن يمتلكوا التوجهات الإيجابية نحو القراءة فحسب، بل عليهم أن يروا أنفسهم كذلك النوع من الأطفال المحبين للقراءة».\nمن أين تنبع صورتنا الذاتية؟ إن جزءا كبيرا من مقياس الصورة الذاتية ينبع من المقارنة. فإنك لا ترى نفسك كقارئ لأنك تمارس القراءة بصورة متكررة فحسب، ولكن لأنك تلاحظ أنك تمارسها بوتيرة أكثر من أقرانك. بعد كل شيء، فأنت تتناول الغداء يوميا، ولكن «متناول الغداء» ليس جزءا أصيلا من صورتك عن ذاتك. لكنك إذا لاحظت (كما يلاحظ أقرانك) أنك تطلب السلاطة في كل مرة تذهبون جميعكم لتناول الغداء، فإن ذلك التوجه يصير جزءا من صورتك الذاتية. فأنت «متناول السلاطة» بين مجموعة الأصدقاء.\nيبدو وكأننا صرنا أسرى لمتلازمة التناقض. فإذا أردنا من طفلة ما أن تقرأ، فعليها أن ترى نفسها أولا كقارئة. ولكن حتى يتسنى لها أن تفكر في نفسها كقارئة فعليها أولا ملاحظة أنها تقرأ أكثر مما يقرأ باقي الأطفال.\nلحسن الطالع، فإن صورة الطفل الذاتية تخضع كذلك لتأثيرات العائلة. يدرك الطفل أن لعائلته قيمها، كما يدرك أن تلك القيم تتباين مع قيم العائلات الأخرى، ومن واقع عضويته في تلك العائلة فإن ذلك يمنحه (تلقائيا) إحساسا بملكيته لتلك القيم.\nبطبيعة الحال، لا يؤثر المعلمون على القيم العائلية بصورة مباشرة، ولكن من المهم بقاء تلك الآلية عالقة في الأذهان، حتى يتسنى لهم تحفيزها بمجرد إتيان الفرصة لذلك. ولكن ما الذي يعنيه أن تكون العائلة قارئة؟\nإن القراءة بصوت عال للأطفال إلى جانب وجود الكثير من الكتب في المنزل هي من بين المحفزات الواضحة. ولكن ما هي المساهمات الأخرى في ذلك؟ يمكننا توسيع طرحنا في ذلك عبر التركيز ليس على أن نكون عائلة قارئة فحسب، ولكن بأن نكون عائلة متعلمة أيضا، تلك التي تسعى للاستفادة من الفرص السانحة لتعلم الأشياء الجديدة. والقراءة من المكونات المهمة في ذلك، غير أنها ليست السبيل الوحيد في التعبير عن تلك القيمة داخل العائلة.\nكيف تنقل للطفل أن قيمة التعلم هي من بين قيم عائلته؟ يصف عالم النفي الاجتماعي غيرت هوفستيد السمات التي تعزز من الثقافات المؤسسية، واعتقد أن تلك السمات توفر سبيلا مفيدا في التفكير حول غرس القيم العائلية.\nما هي تقاليد عائلتك؟ حيث تكشف التقاليد للأطفال كيف أننا نثمن قيمنا من خلال الإعادة والتكرار. إن تقليدا عائليا مثل «أن تكون الكتب هي هدايا أعياد الميلاد لمختلف أفراد العائلة» يبعث برسالة حول قيمة القراءة وأهميتها.\nمن هو البطل في نظر العائلة؟ ومن الذي نتحدث عنه بمنتهى التبجيل والاحترام؟ أهو ممثل، أو مفكر معروف، أو لعله مدرس؟\nما هي القصص التي تدور بين أفراد العائلة؟ لكل عائلة أساطيرها، وبكونها أسطورة فهي تخبر الطفل الناشئ بأن هناك معنى معينا في تلك القصة يستلزم تكرارها. أهي تستحق التكرار لأن شخصا ما بدا سعيد الحظ، أو صار غنيا، أو سعى لتعلم شيء معين؟\nما هي الرموز التي تحيط بنا؟ هناك الكثير من الفراغ على جدران منازلنا وطاولات غرفنا لتحتلها الأعمال الفنية، أو التذكارات الأسرية، أو ما شابه ذلك. يمكن ترجمة تلك الأعمال كرموز لما يعد مهمًا من قبل العائلة. هل يشاهد الطفل الناشئ مختلف أنواع الكتب في المنزل.. أم أن التلفاز هو بؤرة اهتمام الجميع في غرفة المعيشة؟ ما المعاني التي تحملها الأعمال الفنية أو الصور المعلقة على الجدران؟\nعلى الرغم من الأهمية الكامنة في كل عامل من العوامل سالفة الذكر فإنني لا أعتقد بوجود عصا سحرية بأيدي الآباء يوصلون من خلالها لأطفالهم أهمية القراءة والتعلم في حياتهم. بدلا من ذلك فإنني أرى أنها ملايين الأشياء الصغيرة التي تشتبك مع تفاصيل حياتنا اليومية تلك التي تشكل الفارق. وهي أشبه بزيارة أحد المطاعم التي تقدم أكلات غير مألوفة، فقط لأنه جديد. وهي ليست ملاحظة إحدى الحشرات الساعية على الطريق، ولكن التقاط صورة لها والبحث لاحقا عن معلومات بشأنها. وهي الاحتفاظ دائما بأحد القواميس في مكان قريب بالمنزل حتى يسهل البحث عن الكلمات الجديدة حال معرفتها لأول مرة.\nبعبارة أخرى، إن التعلم ليس من الأنشطة المجزأة، وهو ليس من الأنشطة التي تستغرق الوقت والحياة، بل إنه زيارة بسيطة إلى متحف العلوم. وهو ذلك الشيء الذي نفعله من خلال كل أنشطتنا اليومية، ولأنه يعبر عن كينونتنا.\n* خدمة «واشنطن بوست»\nخاص بـ«الشرق الأوسط»",
    "date_extracted": "2015-07-21 03:01:30"
}