{
    "url": "http://aawsat.com/home/article/361251/طائرات-نقل-الركاب-هل-يمكن-أن-تتعرض-للقرصنة-الإلكترونية؟",
    "title": "طائرات نقل الركاب.. هل يمكن أن تتعرض للقرصنة الإلكترونية؟",
    "author": "واشنطن: أندريا بيترسون",
    "content": "يعرف كريس روبرتس الكثير عن قرصنة الطائرات، ليس بالطبع لأنه يحاول إسقاطها من السماء، ولكن في واقع الأمر لأن وظيفته كباحث أمني تتطلب منه معرفة كيف يقوم الأشرار بالقرصنة على نظم الكومبيوترات، حتى تتمكن الشركات من إصلاحها.\nلكن تغريدة مازحة كتبها روبرتس حول «التلاعب» بنظم الاتصالات المدمجة في الطائرة، أثناء سفره على متن إحدى طائرات شركة «يونايتد إيرلاينز» منتصف شهر أبريل (نيسان) الماضي، سببت له إزعاجات شديدة، إذ خضع لساعات من الاستجواب على أيدي محققي مكتب التحقيقات الفيدرالي بعد هبوط الطائرة، كما صودر كومبيوتره المحمول والأقراص الصلبة الملحقة. بعد ذلك، وفي عطلة نهاية الأسبوع، مُنع من استقلال أي طائرة أخرى من الشركة ذاتها حينما كان في طريقه للحديث أمام مؤتمر حول القضايا الأمنية.\n\nقرصنة الطائرات\n\nكان روبرتس قادرا على حجز مكان له على متن أي طائرة أخرى في اللحظات الأخيرة. لكن أبحاثه أثارت تساؤلا أكبر: ما مدى تعرض الطائرات التي يعتمد عليها ملايين الركاب حول العالم، للقرصنة؟ أما الإجابة، كما تبين، فإنها لا تزال قيد المناقشة.\nتتنوع تصاميم الطائرات لتمنح المسافرين حرية الوصول أكثر إلى الأنظمة الرقمية، وأغلبها للأغراض الترفيهية من خلال شبكة «واي فاي» أثناء الطيران. غير أن ذلك الربط التقني قد يكون له جانب مظلم، ففي منتصف الشهر الماضي أصدر مكتب المساءلة الحكومي الأميركي تقريرا يفيد بأن الباحثين الأمنيين يحذرون من أن ذلك التوجه يقلل من الأمن الذي تتمتع به الطائرات، من خلال توفير «اتصال مباشر» بين الطائرة والعالم الخارجي والذي قد يستفيد منه القراصنة.\nويعتبر الاحتفاظ بنظم الطيران والنظم الترفيهية منفصلة عن بعضها بعضا إحدى الوسائل للحد من وصول القراصنة إلى نظم الطائرة، ولكن لا يبدو أن كل الطائرات يجري تصميمها مع وضع ذلك في الاعتبار. ففي عام 2008، أعربت إدارة الطيران الفيدرالية أن طائرة «بوينغ 787 دريم لاينر» تضم بعضا من البنية التحتية الرقمية، وقالت إن التصميم «قد يؤدي إلى بعض الثغرات الأمنية».\nتستخدم الطائرات الحديثة دفاعات رقمية تعرف بالجدران النارية لحماية قمرة القيادة ضد التسللات من أحد الأشخاص المتصلين من خلال أجزاء أخرى من الطائرة، مثل أنظمة الترفيه داخل الطائرة، كما يقول التقرير. لكن بعض خبراء الأمن الإلكتروني يشعرون بالقلق بأن ذلك ليس كافيا، مدعين أنه «نظرا لأن جدران الحماية هي من مكونات البرمجيات، فيمكن تعرضها هي الأخرى للقرصنة مثلا بأي برمجيات أخرى والتحايل عليها»، وفقا للتقرير ذاته. ولكن بعض نقاد التقرير يقولون إنه ربما يبالغ في المخاطر.\n\nمشاكل أمنية\n\nدافعت شركة «بوينغ» ومنافستها «إيرباص» عن النظم الأمنية لديهما في بيانات خرجت على شبكة «سي إن إن» الإخبارية ردا على تقرير مكتب المساءلة الحكومي، حيث صرحت «بوينغ» بالقول «تساعد التدابير الأمنية المتعددة والإجراءات التشغيلية على متن الطائرة في ضمان أمن وسلامة عمليات الطائرة».\nولكن عبر السنين، حذر الكثير من الباحثين من المشاكل المحتملة - ومن بينهم روبرتس، مؤسس مختبرات «وان وورلد»، والذي تحدث في مناسبات عديدة حول الأمن الإلكتروني للطائرات.\nويقول براد «ريندرمان» هاينز، وهو من الباحثين الذي حققوا في نقاط الضعف المحتملة في نظم تتبع الطائرات، إن الوصول المقيد لنظم الطيران يجعل من الصعوبة خضوعها للتدقيق الشامل. وأضاف «لدينا الكثير من الأبحاث، ولا يمكننا التقدم لأكثر من ذلك لأننا لا نريد إثارة المشاكل - ولكن كل الأدلة تشير إلى وجود مسائل ما زالت من دون تسوية».\nويضيف هاينز أنه يود لو أثبت خطأه، لكن شركات الطيران وشركات صناعة الطائرات تبدو غير راضية عن الباحثين المستقلين الذي يعملون على مراجعة نظمها. ويتابع قائلا «نحاول أن نكون جزءا من الحل، ولا نزال نعاني التجاهل جراء ذلك».\nمن جهته، يقول روبرتس، في مقابلة مع شبكة «سي إن إن» جاءت عقب اعتقاله بواسطة المباحث الفيدرالية، إنه اختبر بنفسه النظريات حول مدى وضوح رؤيته لأنظمة الطيران من مقصورة الركاب بالطائرة - فقد أخرج كومبيوتره المحمول وأوصله بصندوق أسفل مقعده 15 إلى 20 مرة في رحلات طيران فعلية - ولقد تمكن من مشاهدة بيانات حساسة من نظم الطيران. ويبدو أن تلك التصريحات، مقترنة مع التغريدة المشار إليها، دقت جرس الإنذار في شركة «يونايتد إيرلاينز».\n\nمطاردة الباحثين\n\nوقد صرح راهسان جونسون، المتحدث الرسمي باسم «يونايتد إيرلاينز»، إلى صحيفة «واشنطن بوست»: «بالنظر إلى مزاعم السيد روبرتس في ما يتعلق بالتلاعب بأنظمة الطائرة، قررنا أنه من مصلحة عملائنا وأفراد الطاقم ألا يُسمح له بالسفر على متن طائرتنا مجددا. ومع ذلك، فإننا واثقون من عدم إمكانية الوصول إلى نظم التحكم بالطيران لدينا من خلال الأساليب التي تحدث عنها».\nولم تستجب المباحث الفيدرالية الأميركية على الفور لطلب التعليق حول موقف روبرتس، ولكن في مقابلة أجريت مع موقع «سيكيورتي ليدجر»، المعني بالأمور الأمنية، قال الباحثون إن مكتب المباحث الفيدرالية بمدينة دنفر طلب منه إيقاف أبحاثه حول الطيران في الشهور الأخيرة. أما مؤسسة «إلكترونيك فرونتير»، الممثلة لروبرتس، فوصفت قرار شركة «يونايتد إيرلاينز» بحظر الأبحاث بأنه «مخيب للآمال ومربك على حد سواء».\nوقال نيت كاردوزو، محامي الموظفين في مؤسسة «إلكترونيك فرونتير»: «إن الباحثين الأمنيين هم من الحلفاء وليسوا من المعارضين، وأعمالهم تجعلنا جميعا أكثر أمنا، وليس أقل أمنا. وإننا نخشى أن تصرفات شركة (يونايتد إيرلاينز) سوف تتسبب في رد فعل مربك للغاية، وإنه من غير المرجح مساعدة الباحثين للشركة في تحسين قدراتها الأمنية في المستقبل بناء على رد فعلها المبالغ فيه ضد تصريحات السيد روبرتس». وأضاف أن روبرتس كان مستعدا ولا يزال للعمل مع شركة «يونايتد إيرلاينز» ومع باقي شركات صناعة الطيران لتحسين قدراتها الأمنية.\nأما الباحث الأمني هاينز فيقول إنه يشعر، على الأقل، بالارتباك، لكنه يتوقع الاستمرار في أبحاثه. وبعد كل شيء، لديه مصلحة مؤكدة في جعل الطائرات أكثر أمنا.\n* خدمة «واشنطن بوست».\nخاص بـ{الشرق الأوسط}",
    "date_extracted": "2015-07-21 10:47:48"
}