{
    "url": "http://aawsat.com/home/article/410281/كوينز-بارك-يخطف-الهولندي-شيري-من-الأهلي-في-يوم-التوقيع",
    "title": "كوينز بارك يخطف الهولندي شيري من الأهلي في يوم التوقيع",
    "author": "جدة: محمد باسنيد",
    "content": "فشلت مفاوضات النادي الأهلي للمرة الثانية خلال الشهر الأخير في استقطاب اللاعب الهولندي تجانون شيري محترف فريق جرونجن الهولندي، رغم وجود مروان دفتردار مدير كرة القدم في هولندا لحسم التوقيع مع اللاعب وناديه، وبناء على طلب اللاعب الذي أبدى موافقة مبدئية على الانتقال وطالب بالمفاوضات المباشرة لحسم الأمور إلا أنه تراجع في آخر لحظة بعد حصوله على عرض من نادٍ إنجليزي (كوينز بارك رينجرز).\nوتحولت بوصلة المفاوضات الأهلاوية إلى عدد من الأسماء البديلة التي تم طرحها من قبل المدرب، حيث ينتظر أن يلتحق المحترف الأجنبي الرابع القادم بصفوف الأهلي من خلال معسكره الخارجي الحالي والذي انطلق أمس (الأحد) في سويسرا.\nوأوضح مروان دفتردار مدير الكرة بفريق الأهلي والمنتدب من قبل إدارة النادي لحسم هذا الملف جميع الخطوات التي تمت في الأيام الأخيرة من المفاوضات من خلال سلسلة من التغريدات عبر حسابه الشخصي بموقع التواصل الاجتماعي لإيضاح الصورة كاملة أمام جماهير الأهلي الغاضبة لتأخر في حسم التعاقد مع أجنبي رابع وعززها بصورة لرسالة «واتس» بينه وبين اللاعب تجانون شيري تأكد موقفة في طلب اللاعب الحضور للمفاوضات بشكل مباشر وصحة التحركات الأخيرة والمكثفة من قبل الأهلاويين لتعاقد مع اللاعب.\nوقال دفتردار: «نظرا لكثرة الأسئلة كان لا بد من التوضيح بشأن المفاوضات التي أخذت المسار الجدي منتصف الأسبوع الماضي باتصال بيني شخصيًا واللاعب طلب فيه حضوري للتفاوض المباشر وبدأت اجتماعاتي باللاعب ووكيله وفي خلال اجتماعين فقط اتفقنا على صيغة نهائية وبدأنا في تجهيز العقود على أن يتم التوقيع آخر هذا الأسبوع إلا أن رغبة اللاعب تغيرت في آخر لحظة على الرغم من أن العرض الأهلاوي أكبر وأفضل ورغم مطالبة وكيله وأسرته بأن يكون خياره جدة فإنني تفاجأت برسالة من اللاعب يعتذر لي فيها في يوم التوقيع!! وتظل الرغبة والقناعة أمر لا يشتريه المال، وكل مفاوضات أندية العالم تحمل نفس الطابع خصوصا مع اللاعب المميز والذي تتنافس عليه عدة أندية وبالنهاية ما زلنا مصرين على إحضار اسم يفيد الأهلي ويليق به ويرضي طموح محبيه وبإذن الله سينضم لمعسكر الفريق في أوروبا هذا التوضيح ونسأل الله التوفيق».\nمن جهة أخرى، استبعد الجهاز الفني لفريق الأهلي الكروي بقيادة كريستيان غروس المدرب السويسري عددا من العناصر التي التحقت بتدريبات فريق الأهلي منذ انطلاقتها في الخامس من شهر يوليو (تموز) الحالي وتقدم الأسماء المستبعدة الثنائي الشاب أحمد العوفي وسامر سالم المعار لفريق الرائد الموسم الماضي ومحمد مجرشي المعار العام الماضي إلى نجران بالإضافة للاعب العائد من الإصابة ياسر الفهمي وماجد عسيري والذي تعاقدت معه إدارة الأهلي قبل انطلاقة الموسم الماضي.\nوتتجه النية لإعارة الأسماء المستبعدة خلال الأيام القادمة والتي وصلتها عروض احترافية رسمية من أندية محلية مختلفة تسعى للاستفادة من خدماتهم.\nوخلت القائمة الأهلاوية أيضا من المبتعد عن التدريبات منذ انطلاقتها الحارس عبد الله المعيوف والثلاثي معتز الموسى ومحسن العيسى وعبد الله المحمد الذين يطالبون بفسخ عقودهم الاحترافية من خلال تقديم شكوى الشهر الماضي للجنة فض المنازعات بالاتحاد السعودي لكرة القدم.\nواكتفى مدرب الأهلي بقائمة تضم 28 لاعبا فقط للمغادرة إلى المعسكر الإعدادي الخارجي للموسم المقبل في سويسرا والتي ترأسها مدير الكرة بالفريق الأول باسم أبو داود.\nوضمت القائمة ياسر المسيليم، وأحمد الرحيلي، وكامل الموسى، وأسامة هوساوي، وعقيل بلغيث، ومحمد أمان، ومحمد آل فتيل، ومعتز هوساوي، وتيسر الجاسم، ووليد باخشوين، وزكريا سامي، ومصطفى بصاص، وعبد الله المطيري، وحسين المقهوي، وعمر السومة، وسلمان المؤشر، وصالح العمري، وأمير كردي، ومحمد عبد الشافي، ومهند عسيري، ورائد الغامدي، ونبيل بهوي، وباسم العطا الله، وفهد حمد، وإسلام سراج، وريان الموسى، ومنصور الحربي، وعبد الإله بخاري.\nوكانت بعثة فريق الأهلي وصلت ظهر أمس (الأحد) إلى ميلان الإيطالية على متن طائرة خاصة، وذلك استعدادًا لانطلاق المرحلة الثانية من البرنامج الإعدادي للموسم الرياضي المقبل، حيث توجهت البعثة مباشرة برًا إلى مدينة سان موريتز الواقعة في شرق سويسرا لبدء الفترة الأولى من معسكره والذي سيستمر لمدة عشرة أيام قد يتخللها مباراة ودية واحدة يجري التنسيق لها في الوقت الراهن من خلال المدير الفني كريستيان غروس.\nوسيستكمل الفريق الفترة الثانية من المعسكر الخارجي التحضيري في مدينة لوزان والتي تنتهي بتاريخ 8 أغسطس (آب)، حيث سيخوض هناك من ثلاث إلى أربع مباريات ودية فيما تقرر إنهاء المرحلة الثالثة والأخيرة من البرنامج الإعدادي في جدة بعد العودة من المعسكر الخارجي.\nمن جهة ثانية، اتفقت إدارة النادي مع مؤسسة البريد السعودي على تشغيل الموقع الرسمي الخاص ببيع منتجات النادي إلكترونيا، حيث تقرر أن يبدأ تشغيله رسميا الأسبوع المقبل وقد مثل النادي في توقيع الاتفاقية مسؤول الاستثمار عبد الله بترجي والمدير التنفيذي لشركة «سبورتس ون وي» نايف جنبي، وعن البريد السعودي مدير موقع مكاني بدر الشمري، وتأتي هذه الخطوة في ظل الخطوات الاستثمارية والاحترافية التي تقوم بها الإدارة الأهلاوية لتعزيز وتنوع مداخيل النادي المالية والتواصل مع جماهيره داخل جميع مناطق ومدن السعودية بالإضافة للوصول بمنتجات المتجر إلى جميع أنحاء العالم.",
    "date_extracted": "2015-07-21 02:58:22"
}