{
    "url": "http://aawsat.com/home/article/401071/أجهزة-كومبيوتر-محمول-وهجين-من-«إتش-بي»-بألوان-جديدة",
    "title": "أجهزة كومبيوتر محمول وهجين من «إتش بي» بألوان جديدة",
    "author": "لندن: «الشرق الأوسط»",
    "content": "تركز أجهزة الكومبيوتر المحمول الجديدة، والأجهزة الهجين من شركة «إتش بي»، على المرونة، وتقدم مجموعة متنوعة من الخيارات فيما يتعلق بالمكونات، والخصائص، بل وحتى الألوان. كافة المنتجات تقريبا التي تم الإعلان عنها في نهاية أبريل (نيسان) متوفرة بمعالجات «إنتل» أو «إيه إم دي»، وشاشة عالية الجودة 1366 × 768 أو 1920 × 1080، وهناك نسخة بشاشة تعمل باللمس وأخرى لا تعمل باللمس. ويبدأ سعر الكثير من تلك الأجهزة بـ500 دولار. وهو ما يناسب الطلبة الذين يستعدون للعودة إلى المدارس.\n\n* أجهزة هجين ملونة\nتم تحديث خط إنتاج «بافيليون» ×360 Pavilion x360 من الأجهزة الهجين، التي يمكن تعديل وضعها، بإضافة طرز جديدة بحجمي 11 بوصة، و13 بوصة. ويعد الطراز ذو الـ11 بوصة هو الأكثر إثارة للاهتمام بين أجهزة الكومبيوتر المحمول والأجهزة الهجين، فهو يصل إلى مستوى معالج «كور إم» الجديد من «إنتل»، والشريحة، التي كانت مثار الأحاديث، المستخدمة في «ماك بوك» 12 بوصة من «آبل».\nولا يحتوي تصميم «بافيليون» 11 بوصة × 360 HP Envy x360على مروحة، وهي من الخصائص الأساسية في أنظمة «كور إم»، وهو متوفر بألوان متعددة منها الفضي، والأحمر، والأرجواني، والأخضر. تعمل الشاشة باللمس وجودتها ليست مرتفعة 1366 × 768، ويمكن أن تزداد سعة الذاكرة بإضافة ذاكرة وصول عشوائي 8 غيغابايت، ووحدة الحالة الثابتة «إس إس دي» 128 غيغابايت. ومثل الأجهزة الهجين الأخرى، لا يتم فصل الشاشة، لكن يمكن تعديل وضعها نحو الوراء بزاوية 360 درجة بحيث تصبح مثل جهاز لوحي، لكن دون أن يتم التخلي عن الشكل الأساسي الذي يمثل وحدة متكاملة غير منفصلة. المعالجات المستخدمة في الجهاز «بافيليون» ×360 13 بوصة الأكبر حجما هي «كور آي 3» و«آي 5» من «إنتل»، وبها شاشة جودتها 1920 × 1، 080، ويمكنها دعم حتى ذاكرة وصول عشوائي حتى 16 غيغابايت، لكن تلك التصميمات غير متوفرة إلا باللونين الأحمر والفضي.\nوهناك جهاز هجين آخر متطور هو نسخة 2015 من «إنفي إتش بي» × 360. بفضل شاشة أكبر حجمها 15.6 بوصة، يمكن تعديل وضعها بزاوية 360 درجة، لكن التي ستكون متوفرة فقط هي «اي بي إس» بجودة عالية أو عالية جدا. لذا تبدو جيدة حتى إذا نظرت إليها بزاوية شديدة الامتداد. للأسف، لا يتوفر سوى اللون الفضي المصقول، ولا يوجد أي ألوان أخرى مبهجة. ويدعم «إنفي» × 360 الجيل الخامس من معالجات «آي 5» و«آي 7» من «إنتل»، وحتى الغرافيك متوسط المدى من «نفيديا». ويمكن أن تصل مساحة التخزين به إلى 1 تيرابايت على وحدة تخزين ثانوية، أو وحدة حالة ثابتة 256 غيغابايت.\n\n* مزايا بصرية وصوتية\nأول ما يميز نسخة 2015 من أجهزة الكومبيوتر المحمول «بافيليون» من «إتش بي» هي أن الموديلات الثلاثة سواء الـ14. أو الـ15. أو الـ17 بوصة، تتضمن خاصية بات من الصعب العثور عليها وهي وحدة تخزين ضوئية مدمجة. وتقدم تلك الأجهزة، والتي مكوناتها الأساسية من البلاستيك، مجموعة مبهرة من خيارات التركيب. ويمكن طلب شاشة حجمها إما 1366 × 768 أو 1920 × 1080 بيكسل تعمل أو لا تعمل باللمس. وتتوافر مجموعة متنوعة من وحدات المعالجة المركزية من بينها سلسلة «إيه إم دي - إيه» الجديدة، وشرائح الجيل الخامس من «إنتل كور آي 3» و«آي 5» و«آي 7». كذلك ستتوافر خيارات غرافيك منفصلة، رغم أنه لم يتم تحديد وحدات معالجة الغرافيك المتوفرة.\nوتحتوي كافة أجهزة الكومبيوتر المحمول، والأجهزة الهجين الجديدة من «إتش بي»، على برنامج «بانغ آند أولفسين بلاي» الصوتي، الذي يعدل الصوت الصادر من أجهزة الكومبيوتر المحمول من أجل التمتع بتجربة استماع أفضل. يستمع «بي آند أو» إلى المحتوى الصوتي في كل خط إنتاج، وكل حجم جهاز في تلك الخطوط، ويدخل تغييرات على معدل وإعدادات الصوت في كل موديل. والمقطع الموسيقي أفضل مع برنامج «بي آند أو بلاي»، لكن يجدر بك إدراك أن الشركة لا تقدم سوى برنامج يعمل مع سماعات «إتش بي» الخارجية، مثلما فعلت تقنية «بيتس أوديو» خلال السنوات الماضية، ولم تصمم سماعات خارجية حقيقية.\nوقد طرح «إتش بي بافيليون» ×360 متوفرا في مايو (أيار) في الولايات المتحدة، وسيكون الموديل المتوفر هو «كور إم» 11 بوصة الذي يبدأ سعره من 499 دولارا، و«كور أي 3» 13 بوصة، الذي يبدأ سعره من 529 دولارا. وطرح «إنفي» × 360 من «إتش بي» في يونيو (حزيران).",
    "date_extracted": "2015-07-21 03:04:53"
}