{
    "url": "http://aawsat.com/home/article/355771/تطوير-نظام-إدراكي-يمكِّن-الروبوت-من-التفاعل-مع-البشر",
    "title": "تطوير نظام إدراكي يمكِّن الروبوت من التفاعل مع البشر",
    "author": "القاهرة: داليا عاصم",
    "content": "كيف يمكن للروبوت فهم مشاعر وشخصية ونوايا الإنسان وتوليد سلوك متلائم معه، كما يحدث بين البشر وبعضهم؟ كانت هذه المعضلة العلمية الشغل الشاغل للباحث المصري أمير علي، الذي حصل أخيرا على درجة الدكتوراه مع مرتبة الشرف العليا وتقدير لجنة التحكيم من المدرسة القومية العليا للعلوم المتقدمة بباريس. والذي قدمت دراسته نتائج هامة حول تطوير «الإنسان الروبوتي» المحاكي للبشر.\n\n \n\n * تفاعل المشاعر\n\n تتعمق الدراسة في تفاعل الإنسان والروبوت وليس تفاعل الإنسان والكومبيوتر، ويؤكد د. علي لـ«الشرق الأوسط» أن «تفاعل البشر مع الروبوت يحتوي على درجة من التعقيد مختلفة عن الكومبيوتر، حيث إن تمثيل السلوك الحركي المتولد على جسم الروبوت (أي باستخدام الذراعين والأرجل والوجه) ينطوي على صعوبات ميكانيكية كبيرة لجعله قابلا للتصديق من قبل الإنسان». ويشير إلى أن العلوم الإدراكية بفروعها المختلفة تعمل على تيسير هذا التفاعل الإنساني الروبوتي، وهي تشمل: علم تفاعل الإنسان مع الروبوت أو الكومبيوتر، وعلم الخلايا العصبية، وعلم النفس، وعلم اللغة، بالإضافة إلى علم النفس اللغوي، الذي يجمع بين علوم النفس واللغة، مثلا، وكما هو متعارف عليه، فإن الإنسان الانطوائي يختلف عن الإنسان الاجتماعي سلوكيا، وهو ما يشمل خصائص السلوك اللغوي (فالانطوائي لا يتحدث أو يتحرك كثيرا) فيعمل علم النفس اللغوي على قياس هذا الفرق، ما يجعل الروبوت قادرا على فهم إذا ما كان الإنسان انطوائيا أو اجتماعيا عن طريق تحليل كلامه، ومن ثم التصرف حركيا ولفظيا، ما يؤدي إلى زيادة درجة الألفة والقبول الاجتماعي بينهما.\n\n توصل الباحث المصري في دراسته إلى عدة نتائج يراها «تشكل خطوة بسيطة على طريق بحثي طويل يهدف لصنع الروبوت الآلي ذي الخصائص الإدراكية والشكلية البشرية والتي ستمكنه من استبدال الإنسان بشكل واسع في مجالات عدة مستقبلا».\n\n \n\n * تعلُّم العواطف البشرية\n\n وتتركز نتائج الدراسة في إمكانية قياس أبعاد الشخصية الخمسة من السلوك اللفظي للإنسان، وهي: (الأولى، الانفتاح - الفضول - التحفظ، ثم التنظيم - عدم الاهتمام، ثم الاجتماعية - الانطوائية، ثم الودية - التعاونية، وأخيرا العصبية - الثقة)، وتخليق سلوك مركب جسدي لفظي متزامن وملائم لشخصية الإنسان المتفاعل وسياق التفاعل.\n\n كما توصلت الدراسة إلى «إمكانية بناء نظام لتعلم وتحديد العواطف البشرية بشكل يحاكي البشر، وذلك لتوليد سلوك حركي عام للروبوت معتمدا على الخصائص الصوتية للإنسان ما يساعد الروبوت على تحديد حالة العاطفة المرصودة، سواء كانت معروفة لديه من قبل ما يسهل توليد سلوك (لفظي - حركي - وجهي) ملائم بناء على ذاكرة التفاعل الخاصة بالمواقف السابقة، أو جديدة بحيث يكون محتواها العاطفي غير واضح في بداية الأمر، وهو ما يتطلب من الروبوت إصدار رد فعل متعادل (بلا عاطفة) لكي يتجنب إصدار رد فعل غير متوافق مع سياق التفاعل، إلى أن يستطيع نظامه الإدراكي فهم محتوى العاطفة الجديدة، ثم تخليق سلوك مركب ملائم. إذ تتسع الخبرات التعليمية المستمرة للروبوت من المواقف التفاعلية للبشر المحيطين».\n\n وأكدت الدراسة «إمكانية بناء نظام عام يدمج بين نظام يمنح سلوك الروبوت اللفظي المتولد حسا عاطفيا، مع نظام لتخليق تعبيرات وجه عاطفية تلائم سياق التفاعل، مع نظام آخر لتوليد سلوك جسدي للروبوت؛ بغرض رصد التأثيرات المتبادلة بين هذه الأنظمة على المصداقية العامة للسلوك المتولد بالإضافة للتأثير الإيجابي على التفاعل بشكل عام».\n\n وحول إمكانية أن يحل الروبوت محل الإنسان في كل شيء، يقول د. علي: «ما زال الطريق طويلا ومعقدا ويحتاج لعقود من البحث المتواصل المشترك بين فروع العلوم الإدراكية، ولكن يبقى الهدف دائما، جعل الروبوت قادرا على الإدراك والتفاعل مثل البشر على نطاق عام، كما هو الحال الآن. ولكي نصل إلى تلك المرحلة نحتاج لمزيد من التطور في علوم الخلايا العصبية الصناعية لكي تصبح قادرة على محاكاة التكوين العصبي العقلي البشري الذي يستطيع معالجة المعلومات الحسية بسرعات وكميات خرافية، إذ يحتوي على ما يقرب من مائة مليار خلية عصبية». إن تطوير آليات تفاعل الروبوت اللفظية والجسدية مع الإنسان، وهو ما يتعلق بأبحاثي، يشكل الخطوة المباشرة نحو علاقة اجتماعية فعالة بينهم.\n\n ويلفت الباحث المصري إلى أنه «إذا كنا نتحدث عن إحلال الروبوت محل الإنسان؛ يجب التفكير في الصورة الشكلية التي سيكون عليها الروبوت، هل هي الصورة النمطية للروبوت المصنوع من مواد معدنية أو بلاستيكية؟ أم الصورة غير النمطية للروبوت والتي يأخذ فيها شكلا بشريا خالصا؟» ويضيف «لكل منهم هدف صنع من أجله، فالنوع النمطي الأكثر شيوعا والأرخص نسبيا، يستخدم في أبحاث تفاعل الإنسان والروبوت بشكل عام في العالم أجمع، وهو يختلف من حيث إمكانياته الفنية وأحجامه وكلفته. أما النوع الآخر (جيمينويد Geminoid) وهو باهظ التكلفة ويتطابق شكلا مع الإنسان وصنع بهدف خلق هوية روبوتية للإنسان تماما مثل بطاقة الهوية الشخصية».\n\n \n\n * الروبوت - الإنسان\n\n ويوضح د. علي أن «ما يراه أو يسمعه هذا الروبوت يراه ويسمعه الإنسان الذي يمثله الروبوت في نفس الوقت عبر أي مسافات بوسائل الاتصال الحديثة، وعند توليد الإنسان لسلوك لفظي، تنتقل إحداثيات حركة الفك والشفتين مع المحتوى الكلامي للإنسان للروبوت بشكل فوري (نفس الشيء يحدث مع أي سلوك حركي يولده الإنسان)، فيبدو الروبوت كبديل حقيقي للإنسان. بالتالي يمكن تصور إمكانية أن يرسل الإنسان مستقبلا هذا الروبوت بديلا عنه في مهمات في دول بعيدة في حين أنه لم يغادر منزله مطلقا! ويمكن إذن تخيل تطور هذا الجيل من الروبوتات، حين يتم تصنيعها ليس بغرض استنساخ الإنسان وإنما بغرض خلق (إنسان روبوتي) جديد مع إضافة كل آليات الإدراك والتفاعل قيد التطوير بحيث يكون قادرا على التفاعل بشكل مستقل عن الإنسان».\n\n وحول زرع شرائح إلكترونية في جسد الإنسان، قال: «أعتقد أن البشر يعبرون تدريجيا الحد الفاصل بين البشرية والآلية الروبوتية، فبرغم أن زرع الشريحة قد يحد من نسبة الجرائم، ويساعد الأطباء في إنقاذ المرضى بإلقاء نظرة على تاريخه المرضي المسجل على الشريحة المزروعة، فإن هناك حاجزا نفسيا عند أي إنسان للقبول بهذا الزرع. ولا أتوقع أن تجبر السلطات في دولة ما مواطنيها على زرع الشرائح».\n\n نالت أبحاث د. علي في مجال تطوير الروبوت تقديرا على المستوى العالم، ففي عام 2014. أشارت إليه موسوعة Who's Who وموسوعة «2000 من المثقفين البارزين في القرن 21» 2000 Outstanding Intellectuals of the 21st Century التابعة لجامعة كمبردج، باعتباره أحد شباب الباحثين الواعدين على مستوى العالم في مجال أبحاث الإنسان الآلي التفاعلي. وعن طموحاته المستقبلية، قال «أتمنى دائما أن أصل لمدى بحثي أعمق وأن أجعل الروبوت جزءا من حياة العامة خصوصا في المجتمعات الفقيرة».",
    "date_extracted": "2015-07-21 10:48:06"
}