{
    "url": "http://aawsat.com/home/article/409346/مبنى-«إمباير-ستايت»-يتزين-باللون-الأخضر-احتفالاً-بالعيد",
    "title": "مبنى «إمباير ستايت» يتزين باللون الأخضر احتفالاً بالعيد",
    "author": "لندن: «الشرق الأوسط أونلاين»",
    "content": "أضيء مبنى إمباير ستايت في نيويورك أمس (الجمعة) باللون الأخضر احتفالا بعيد الفطر في تقليد بدأ العمل به منذ سنوات عدة، كما أفاد متحدث باسم ناطحة السحاب.\n\n وقال المتحدث باسم الصرح المعماري إن الإنارة باللون الأخضر ستستمر لغاية الساعة الثانية فجرا، موعد إغلاق المبنى أمام الزوار والساعة التي تطفأ فيها أنواره يوميا.\n\n وأضاف أن مبنى إمباير ستايت يحتفل بعيد الفطر «منذ سنوات عدة، هذه إنارة سنوية».\n\n ويحتفل المبنى سنويا بالطريقة نفسها بعيدي الفصح والميلاد المسيحيين وعيد الأنوار اليهودي، ولكن بألوان مختلفة، إذ إنه يضاء في عيد الفصح بالأصفر والأبيض وفي الميلاد بالأحمر والأخضر، في حين أنه يضاء في عيد الأنوار (حاكونا) بالأبيض والأزرق.\n\n كما أن المبنى يضاء بألوان أخرى في مناسبات أخرى غير دينية، كما جرى مثلا في 10 يوليو (تموز) الحالي حين تلون بألوان العلم الأميركي حين فاز منتخب السيدات الأميركي في كرة القدم بكأس العالم.\n\n وناطحة السحاب هذه هي ملكية خاصة وتتلقى سنويا مئات الطلبات من حول العالم لإنارتها بألوان مختلفة احتفالا بمناسبات شتى، لكن إدارة المبنى لا تناقش علنا آلية اختيار المناسبات التي تقرر اعتمادها.\n\n ولا يقبل المبنى أي طلب يتصل بحملات انتخابية أو شخصيات أو منظمات دينية أو مناسبات شخصية.",
    "date_extracted": "2015-07-21 02:55:08"
}