{
    "url": "http://aawsat.com/home/article/405961/هاتفك-الجوال-قد-يخونك-عند-كل-منعطف",
    "title": "هاتفك الجوال.. قد يخونك عند كل منعطف",
    "author": "لندن: أسامة نعمان",
    "content": "قد يكون هاتفك الذكي الجوال مساعدا شخصيا ورفيقا دائما لك، يسهل تنظيم مواعيدك وأعمالك، والتواصل بالصوت والصورة والنص مع أفراد عائلتك ورؤسائك ومرؤوسيك، والاطلاع على أخبار المال والأعمال.. إلا أنه يظل مهددا بالاختراق دوما وبتلصص المتسللين عليه وتجسسهم.\nيقول غلين ولكنسون، أحد القراصنة الإلكترونيين البريطانيين والاختصاصي في أمن المعلومات في شركة «سينس بوست» في إحدى مقابلاته الصحافية، إن عملية التقاط بيانات الهواتف الذكية بسيطة، لأن كل هذه الهواتف ترسل بيانات حساسة عنها، يمكن رصدها واصطيادها. ويقدم ولكنسون برنامجا تلفزيونيا يعرض مباشرة على الهواء بعنوان «الحياة السرية لهاتفك الجوال» مع المراسل التقني للقناة الرابعة البريطانية.\n\n\n* التقاط بيانات الهاتف\n* وعلى الهواء مباشرة «يختطف» ولكنسون بعض هواتف الحضور ويعلن عن بياناتها، ويقول إن ذلك ناتج عن مسألة معروفة، إذ إن كل هاتف يبحث في ما حوله دوما عن نقطة اتصال «واي - فاي»، سواء في المقاهي أو محطات القطارات أو شركات الاتصالات. وتنطلق هذه البيانات من هواتف أفراد الجمهور الحاضر في القاعة، ولذا ففي الإمكان التقاط موقع الهاتف ومعرفة الأماكن التي ذهب إليها أصحابها أو أماكن سكناهم. وإضافة إلى ذلك فإن هناك رقما تسلسليا متفردا يسمى «العنوان ماك» MAC الذي يطلقه الهاتف أثناء بحثه هذا، الأمر الذي يتيح التعرف على صاحبه.\nويعتبر العنوان ماك (وهو مختصر الأحرف الأولى لعبارة Media Access Control في شبكات الكومبيوتر) رقما فريدا يربط ببطاقة شبكة من قبل المصنع للتمييز بين بطاقات الشبكة الموجودة على شبكة محلية. والمفروض أن يكون هذا العنوان مميز عالميًا.\nومن الأمثلة التي أوردها ولكنسون أنه التقط بيانات من هاتف امرأة في القاعة كانت تنطلق منه معلومات أنه هاتف «إيما»، وتعرف على مكان سكناها، كما أمكن التعرف على معلومات بأنها زارت جزر موريشيوس وسكنت أحد فنادقها، ولذا افتتح البرنامج بالترحيب بإيما وسؤالها عن رحلتها السياحية!\nويمكن للقراصنة التقاط البيانات باستخدام معدات خاصة من بطاقات «واي - فاي» يمكن شراؤها محليا، وبرنامج كومبيوتري يسمى «واير شارك» يكسر حزمة البيانات الملتقطة وبرنامجا آخر هو «سنوبي» لتصنيف ورؤية البيانات. ولا تقع هذه الإجراءات كلها تحت طائلة القانون في بريطانيا وكذلك في أميركا لأنها لا تخترق بيانات مرمزة، أي مشفرة. وتراقب بعض المتاجر الكبرى وشركات التسويق الزبائن بنفس الطريقة للتعرف على عدد زيارتهم.\nولكن ما المخاطر المترتبة على هذا الاختراق لأصحاب الهواتف؟ المخاطر موجودة بالطبع إن كانت الأهداف إجرامية.\n\n\n* تسلل واختراق\n* ويشير خبراء أمن المعلومات إلى أكثر من عشرة احتمالات لاختراق بيانات الهاتف وسرقتها أو التجسس عليها أو التحكم فيها. من هذه الاختراقات توظيف مجسات الميلان الموجودة في تصاميم الهواتف الذكية في التلصص على ما يكتبه مستخدم الهاتف على الكومبيوتر المكتبي، وذلك عند وضع الهاتف قريبا من الكومبيوتر. وكان فريق من باحثي معهد جورجيا للتكنولوجيا الأميركي قد اكتشف أن هذه المجسات متطورة لدرجة أنها تتيح للمتسللين قراءة الاهتزازات على أزرار لوحة الكتابة في الكومبيوتر المجاور بدقة تصل إلى 80 في المائة.\nوتنتقل هذه الاهتزازات عبر سطح الطاولة إلى الهاتف ويمكن للمتسللين حساب بعد كل زر عن الهاتف بطرق رياضية لمعرفة ما تمت كتابته. ولذا فقد نصحوا بإبعاد الهاتف مسافة تزيد 3 بوصات (7.5 سم) عن الكومبيوتر أو وضعه داخل حقيبة.\nوبالطبع يمكن وضع برنامج للتجسس على هاتفك إن وقع في أيدي غيرك، مثل برنامج «آي سباي» الذي يستخدمه الكثير من الأزواج في الغرب لمراقبة مواقع وحركات زوجاتهم واتصالاتهن ومكالماتهن.ويمكن لمتسلل حاذق الاقتراب من صاحب الهاتف المصمم بتقنيات «المجال القريب»، أي تلك التي لا تحتاج إلى توصيلة أو تلامس مباشر مع الأجهزة الأخرى. وبعد التسلل نحو الهاتف والتحكم فيه، توظيف برنامج مسح (سكانر) يوضع في الهاتف، للتعرف على أرقام بطاقة الائتمان القريبة من الهاتف.\nومع انتشار توظيف الهاتف الذكي في التحكم بالإنارة والتبريد وشتى الوظائف الأخرى داخل المنزل الذكي فإن اختراق الهاتف سيؤدي إلى شلل تام في تلك الوظائف، ولذا فإن النصيحة تتمثل في الحصول على برامج متقدمة لترميز البيانات لمنع المتسللين من التعرف عليها. وتشمل الاختراقات المنزلية أيضا التسلل إلى صور الأطفال عبر أجهزة مراقبة الأطفال المرتبطة بالهاتف.\nمخاوف الاختراقات الأخرى تشمل التسلل إلى الهواتف الذكية عند إعادة شحن بطارياتها في المطارات أو محطات الركاب وما شابه، إذ يمكن للمتسلل الدخول إلى البيانات في أول دقيقة من استخدامها. كما تشمل أيضا احتمال تحميل بيانات أو صور مسيئة على خطوط اتصالاتك بشبكة «واي - فاي» غير المؤمنة. كما تشمل إقامة نقاط «واي - فاي» من قبل المتسللين أنفسهم. لذا فإن عليك تأمين خطوط الاتصالات باستخدام كلمة مرور خاصة بك.\nومن الاختراقات الأخرى تسجيل مكالماتك الهاتفية من دون فتح ميكروفون الهاتف. وتملك الهواتف الذكية جيروسكوبا لمراقبة كيفية انتصاب الهاتف. وقد وجد باحثون في جامعة ستانفورد الأميركية وسيلة لتوظيف مجسات الجيروسكوب لرصد الموجات الصوتية، أي أنهم حولوه إلى ميكرفون. وبدلا من إدخال برنامج لفتح ميكروفون الهاتف يمكن للمتسللين الدخول إلى الجيروسكوب بسهولة. وللدفاع ضد هذا التسلل يجب إيقاف تشغيل تقنية بلوتوث للاتصالات.\nويمكن للمتسللين أيضا الدخول إلى كاميرا الهاتف والتقاط صور سرية. وفي هذه الحالة يحول المتسلل الصورة التي يجب أن تظهر على الشاشة بعد التقاطها إلى مجرد نقطة ضوئية من بيكسل واحد لا يستطيع أي شخص رؤيتها، ثم يرسل الصور إلى جهته التي يريدها. وقد طور باحثون عسكريون تطبيق «بليس ريدر» (غازي الأماكن) يمكن إدخاله سريا إلى الهواتف وتوظيف الكاميرا فيها لالتقاط الكثير من الصور ثم تكوين صورة كبيرة مجسمة لمنزل صاحب الهاتف أو مكتبه. وأفضل الحلول ضد ذلك هو تغطية فتحة الكاميرا!",
    "date_extracted": "2015-07-21 03:04:16"
}