{
    "url": "http://aawsat.com/home/article/392531/ماجد-العبيد-«الإذاعة-والتلفزيون»-قادرة-على-تقديم-أعمالها-في-أهم-المحطات",
    "title": "ماجد العبيد: «الإذاعة والتلفزيون» قادرة على تقديم أعمالها في أهم المحطات التلفزيونية",
    "author": "جدة: «الشرق الأوسط»",
    "content": "أكد منتج مسلسل «أوراق التوت» الفنان ماجد العبيد أن هيئة الإذاعة والتلفزيون السعودي أصبحت قادرة على تقديم أعمالها الإنتاجية في أهم القنوات والمحطات التلفزيونية، مشيرًا إلى أن التلفزيون المصري عرض عبارة (هيئة الإذاعة والتلفزيون السعودي تقدم مسلسل أوراق التوت) على شاشته لأول مرة، مبينًا أن ذلك يعد سابقة لم تحدث من قبل وتمهيدًا ممتازًا للهيئة.\nوأشار إلى أن المشاهد السعودي تعوّد على مشاهدة لوحة «تقديم التلفزيون المصري» وغير ذلك، لكن لم يعتد المشاهد المصري على أن يشاهد إنتاج التلفزيون السعودي على شاشته، منوهًا بأن الأكثر جمالاً في ذلك أن مسلسل أوراق التوت وجد اهتمامًا كبيرًا من التلفزيون المصري، الذي اعتبره أكبر وأهم الأعمال التي يقدمها هذا العام، كونه يحمل قيمًا مشتركة تحرص السعودية ومصر على تقديمها، كما أن العمل يعتبر دعمًا للإسلام، والتأكيد على أنه ليس هناك أحد ضد الدين، أو استخدام الدين في غير مكانه.\nوأضاف العبيد: «مسلسل أوراق التوت يعتبر عملاً ضخمًا، وجد كل الاهتمام من المحطات التلفزيونية، وكانت المشكلة الرئيسية في عرض العمل، حيث إن التلفزيون السعودي أراد أن يعرض العمل عبر شاشته قبل جميع المحطات، وهذا حق من حقوقه بصفته المنتج»، وأردف قائلاً: «كان وقت العرض المقترح الساعة الثانية عشرة ليلاً، وهذا وقت متأخر، قبل أن يتم تغيير موعد العرض ليكون في الساعة الرابعة عصرا»، منوهًا بأن هناك قنوات تبدأ في عرض أعمالها من ليلة رمضان، وأدى ذلك إلى إلغاء كثير من الاتفاقات والتعاقدات معها.\nيذكر أن المسلسل يعرض بشكل مكثف على القنوات المصرية، منها: القناة الفضائية المصرية، وقناة النيل، والقناة الثانية المصرية، وقناة مصر أميركا، وغيرها، بالإضافة إلى التلفزيون السعودي - منتج العمل. ويعد مسلسل «أوراق التوت» أضخم إنتاج فني عربي تاريخي خلال السنوات الأخيرة، وتنتجه هيئة الإذاعة والتلفزيون السعودي، ضمن سعيها لتقديم أعمال متميزة وثرية إنتاجيًا وفنيًا، ويجمع العمل نخبة من نجوم الوطن العربي والخليج، يتقدمهم الفنان يوسف شعبان، وأحمد ماهر، وسميحة أيوب، وصابرين، وكمال أبو ريه، ومحمد رياض، والفنان الكويتي جاسم النبهان والفنانة اللبنانية مادلين طبر، ونجوم التلفزيون السعودي: محمد بخش، وبشير الغنيم، وماجد العبيد.\nوكانت فكرة العمل مأخوذة من مجموعة قصصية بعنوان «أوراق ابن أحمد» للدكتور ماجد العبيد، فيما كتب سيناريو المسلسل الكاتب أيمن سلامة، ومن إخراج هاني إسماعيل، وقام بتصميم الديكور المهندس عادل المغربي، ويقدم الموسيقى التصويرية للمسلسل الموسيقار رعد خلف، ويخرج الاستعراضات والمواجهات الحربية له أوس الشرقي.",
    "date_extracted": "2015-07-21 10:49:10"
}