{
    "url": "http://aawsat.com/home/article/410191/«الخطوط-السعودية»-تفحص-40-طائرة-من-طراز-«بوينغ-777»",
    "title": "«الخطوط السعودية» تفحص 40 طائرة من طراز «بوينغ 777»",
    "author": "جدة: فهد البقمي",
    "content": "بدأت «الخطوط السعودية» فحص 40 طائرة من طراز «بوينغ 777» استجابة للتحذيرات التي أطلقتها شركة «بوينغ» الأميركية المسؤولة عن صناعة وإنتاج هذا الطراز بعد سقوط قطعة معدنية من منظومة عجلات إحدى طائراتها التابعة للخطوط الفرنسية.\nوقال عبد الرحمن الفهد مساعد المدير العام لـ«الخطوط السعودية» للعلاقات العامة والإعلام لـ«الشرق الأوسط»، إن «السعودية» استجابت لطلب شركة بوينج بفحص طائراتها من طراز 777، حيث تملك السعودية 40 طائرة من الطراز ذاته، مشيرا إلى أنه تم الانتهاء من الفحص المطلوب لتأكيد سلامة الطائرات، مؤكدا أن «السعودية» لا يمكن أن تسمح بتشغيل أي من طائراتها إلا وهي بكامل جاهزيتها تحقيقا لأعلى معايير السلامة الذي هو قاعدة أساسية في العمليات التشغيلية للمؤسسة.\nويأتي تحرك «الخطوط السعودية» بعد أن أطلقت المجموعة الأميركية لصناعة الطائرات «بوينغ» أول من أمس، مذكرة تتضمن إجراءات معالجة لمشكلة طرأت على إحدى طائراتها من طراز 777. وأطلقت «بوينغ» التحذير بشأن هذا الطراز بعد سقوط قطعة معدنية من الغطاء الخارجي لإحدى طائرات شركة «إير فرانس» في حادث لم ينجم عنه إصابات.\nوقالت «بوينغ» إن القطعة المعدنية تزن 60 كلغ وقد سقطت الاثنين فوق ضاحية شنغهاي بعيد إقلاع طائرة تابعة لـ«إير فرانس» كانت تقوم بالرحلة 111 المتجهة من شنغهاي إلى باريس، مشددة على أن الحادث لم يؤدِّ إلى إصابات.\nووفقا لـ«بوينغ» فإن القطعة المعدنية سقطت من على ارتفاع 3700 متر واخترقت سقف مصنع، في حين أكملت الطائرة رحلتها وهبطت في باريس من دون مشكلات.\nوقال كريس فيليرز، المتحدث باسم «بوينغ»، إن القطعة المعدنية التي سقطت من الطائرة ليست جزءا من منظومة العجلات بحد ذاتها، بل قطعة من الغطاء الخارجي للمنظومة يعمل بمثابة باب يفتح ويغلق عند دخول وخروج المنظومة، مشيرا إلى أن مكمن الخلل هو في قطعة مهمتها تثبيت هذا الباب.\nوأضاف: «نحن نتعاون بشكل وثيق مع عملائنا وقد زودناهم بالإرشادات بشأن الصيانة اللازمة».\nولفت المتحدث إلى أن «بوينغ» عممت على شركات الطيران التي تستخدم طراز 777 مذكرة تتضمن الإجراءات الواجب اتخاذها لمعالجة هذه المشكلة، مؤكدا أن الشركة أدخلت التعديلات اللازمة على الطائرات 777 التي لا تزال قيد التصنيع.\nوهناك أكثر من 1100 طائرة «بوينغ 777» في الخدمة حاليا حول العالم تشغلها عشرات شركات الطيران.\nوكانت السعودية بدأت في أعقاب الحرب العالمية الثانية، استخدام طائرات «بوينغ» DC - 3 لنقل الركاب والحمولات بين جدة والرياض والظهران. وبعد نجاح هذه المبادرة قام الملك عبد العزيز بإصدار أوامره بشراء طائرتين أخريين من طراز DC - 3، لتدخل السعودية بعد هذه الصفقة في عالم الطيران المدني. وشكلت الطائرة DC - 3 أساس الخطوط الجوية العربية السعودية في ذلك الحين. وفي عام 1961 أسهمت «بوينغ» في دخول المملكة العربية السعودية مرحلة جديدة من تاريخ طيرانها المدني، حين تسلمت «الخطوط السعودية» طائرة من طراز «بوينغ» 707، لتدخل بذلك عصر الطيران النفاث وتصبح أولى شركات الطيران في الشرق الأوسط التي تقوم بتشغيل طائرات نفاثة. وقد احتفلت «الخطوط السعودية» بذكرى التأسيس الـ65 في عام 2010، مما يضعها في مصاف أكثر الناقلات الجوية خبرة في العالم.\nوتسلمت «الخطوط السعودية» من شركة «بوينغ» مجموعة مختلفة من الطائرات من طراز 737 و747 و777 وMD - 11Fs وMD90s. وتقوم «الخطوط السعودية» حاليا بتشغيل الكثير من طرز طائرات «بوينغ» بما فيها 747 - 400/ إس بي، و777 –200 إي آر، إضافة إلى طراز 777 - 300 إي آر الذي تسلمت أولى طائراته في فبراير (شباط) 2012. وفي عام 2010 طلبت «الخطوط السعودية» 20 طائرة من طراز 777 وثماني طائرات من طراز 787 دريملاينر.\nوقامت الشركة بتسليم الكثير من طائرات «بوينغ» BBJ، الخاصة برجال الأعمال للكثير من العملاء من رجال الأعمال وكبار الشخصيات وغيرهم من الجهات الحكومية والخاصة في السعودية.",
    "date_extracted": "2015-07-21 02:56:45"
}