{
    "url": "http://aawsat.com/home/article/411001/ألميدا-سمعة-الهلال-دفعتني-لقبول-عرضه-بلا-تردد",
    "title": "ألميدا: سمعة الهلال دفعتني لقبول عرضه بلا تردد",
    "author": "الرياض: فارس السبيعي",
    "content": "عبر ايلتون ألميدا المحترف البرازيلي الجديد في فريق الهلال عن ارتياحه وسعادته في ناديه الجديد منذ وصوله إلى الرياض.\n\n وقال ألميدا عبر تصريح بثه الموقع الرسمي لنادي الهلال عبر تطبيق الهلال: أنا سعيد كثيرًا في النادي فالأجواء تجلب الفرح والارتياح ووجدت ترحيبا كبيرا منذ وصولي إلى المطار وكنت متشوقا لرؤية زملائي الجدد في الفريق. وأضاف: سارت الأمور معي بشكل جيد في أول تدريب لي مع الفريق وأشعر براحة كبيرة وأتحدث مع أغلب اللاعبين والجهاز الفني وأحاول أن أكون قريبا من الجميع وقبل القدوم إلى هنا سمعت كثيرا عن الهلال وأنه أفضل فريق في منطقة الخليج وينافس على كل الألقاب ولذا كنت أرغب بشدة في القدوم إلى هنا ولهذا السبب قبلت عرض الهلال بشكل سريع.\n\n وختم بالقول: أتقدم بالشكر للجماهير على الدعم المتواصل ورسائل المساندة المتكررة وأعدهم بتقديم كل ما لدي من أجل الفريق.\n\n ومن جانب آخر قالت صحيفة «gsp» الرومانية إن المدرب السابق لنادي الهلال، الروماني لورينت ريجيكامف يعيش حالة نفسية سيئة ومحبطة حيث لا يزال بلا عمل منذ إقالته من تدريب الهلال في فبراير (شباط) الماضي على خلفية نتائجه السيئة مع الهلال في البطولات التي شارك بها كخسارته لنهائي آسيا وكذلك في نهائي كأس ولي العهد.\n\n وأكدت الصحيفة في تقرير لها عن الخسائر التي لحقت بالمدرب عقب استبعاده من الهلال بعد خسارته لمباراة نهائي كأس ولي العهد أمام الأهلي. وقالت إن ريجيكامف لم يجد فريقًا يشرف على تدريبه بعد أن كان يمني نفسه بالعودة لتدريب فريقه السابق ستيوا بوخارست قبل أن يتم التعاقد مع رادوي. وأكدت أن خسارة «ريجيكامف» هي الأكبر.\n\n على صعيد الفريق الأول بنادي الهلال أدى اللاعبون يوم أمس أول تدريباتهم منذ وصول البعثة إلى مدينة سالزبورغ النمساوية مقر معسكر الفريق الخارجي هناك.\n\n وجرت التدريبات على فترتين صباحية ومسائية فيما ينتظر أن ينتظم في تدريبات اليوم المحترف الكوري الجنوبي كواك تاي هي بعد أن يكون قد وصل لمقر المعسكر مساء أمس.\n\n يذكر أن دونيس قرر الاستغناء عن الثنائي حمد الحمد وسلطان البيشي، فيما خلت قائمة لاعبي الهلال التي وصلت إلى النمسا من اسميهما.\n\n وعلمت «الشرق الأوسط» أن إدارة نادي الهلال تدرس عرضين من نادي الشباب والفتح لكسب خدمات اللاعب حمد الحمد فيما حثت البيشي على البحث عن ناد آخر للانتقال إليه.\n\n وكانت البعثة الهلالية، ضمت 31 لاعبًا هم: خالد شراحيلي، عبد الله السديري، فهد الثنيان، محمد الواكد، عبد الله الزوري، عبد الله الشامخ، أحمد شراحيلي، كواك تاي هي، رودريغو جونيور ديجاو، عبد الله الحافظ، محمد جحفلي، محمد البريك، ياسر الشهراني، سعود كريري، محمد القرني، عبد الله عطيف، سلمان الفرج، فيصل درويش، خالد كعبي، سالم الدوسري، عبد العزيز الدوسري، نواف العابد، محمد الشلهوب، عبد الكريم القحطاني، كارلوس إدواردو أوليفيرا، عبد المجيد السواط، يونس العليوي، يوسف السالم، التون خوسيه ألميدا، ياسر القحطاني، ناصر الشمراني.\n\n ويستمر معسكر الفريق حتى العاشر من شهر أغسطس (آب) المقبل في مدينة سالزبورغ، يغادر بعدها إلى لندن ليلعب مع غريمه التقليدي النصر في مباراة كأس السوبر السعودي يوم الثاني عشر من أغسطس ليعود في اليوم التالي للرياض ويستعد لانطلاقة دوري المحترفين السعودي حيث سيواجه الوحدة في افتتاحية مشواره.",
    "date_extracted": "2015-07-21 02:57:58"
}