{
    "url": "http://www.alwatan.com.sa/Sports/News_Detail.aspx?ArticleID=229920&CategoryID=6",
    "title": "4 وديات تجهز  الجيل للأولى",
    "author": "الأحساء: حسن بوجبارة",
    "content": " تقرر أن يخوض الفريق الأول بكرة القدم بنادي الجيل أربع مباريات ودية مع فرق أجنبية وسعودية خلال معسكره الإعدادي بمدينة آفيون التركية، حيث يشرف على التدريبات مدربه المصري عبدالله درويش.\n وكان الفريق وصل إلى تركيا بطائرة خاصة، حيث قسم الجهاز الفني برنامج المعسكر إلى ثلاث حصص تدريبية بالإضافة إلى تخصيص أوقات في صالة الحديد والمسبح والسونا والبخار.\n يذكر أن بعثة نادي الجيل تتكون من 38 شخصا ما بين لاعبين وجهاز فني وإداري٬ ويرأس البعثة رئيس النادي أحمد الغنيم ويشرف على المعسكر نائب الرئيس وليد الشويهين وبمساعدة إداري الفريق أيمن الزويمل، ويشرف على البرامج المصاحبة عضو مجلس الإدارة عبدالرحمن التنم وصالح العمر، ويستمر المعسكر حتى السادس من أغسطس المقبل.\n   ",
    "date_extracted": "2015-07-24 06:20:39"
}