{
    "url": "http://www.alwatan.com.sa/Local/News_Detail.aspx?ArticleID=229806&CategoryID=5",
    "title": "التراخيص.. أزمة ثالثة بين الحج  ومؤسسات الداخل",
    "author": "جدة: ياسر باعامر",
    "content": " بعد ثلاثة اجتماعات ساخنة شهدها شهر رمضان بين مؤسسات حجاج الداخل ومسؤولي وزارة الحج، نجحت الوزارة في حلحلة أزمتي التسجيل الإلكتروني للحجاج ودراسة التسعير، إلا أنها على أبواب أزمة ثالثة بطلها تأخر إصدار تراخيص حملات الحج.\n وعلمت \"الوطن\" من مصادر مطلعة أن اجتماعا عقده بعض رؤساء مجالس إدارات مؤسسات حجاج الداخل لإعداد شكوى جماعية موجهة إلى وزير الحج الدكتور بندر حجار، تتضمن تأخر صدور تراخيص الحملات، وعدم كفاية المدة المتبقية حتى الموسم لإنجاز التعاقد مع شركات الخدمات والإعاشة والتسويق للحملات، ملوحين برغبة بعض المؤسسات في الانسحاب من أعمال الموسم.\n وفي الوقت الذي طرحت لجنة الحج والعمرة والمجلس التنسيقي لحجاج الداخل على الوزارة سرعة إصدار التراخيص اللازمة للشركات، أكدت مصادر مطلعة في وزارة الحج أن التأخير يعود إلى إشكالية إقرار تسجيل حجاج الداخل ضمن البوابة الإلكترونية لوزارة الحج أسوة بحجاج الخارج، إضافة إلى تأخر حسم تصنيف سعر خدمات الحج الذي تطلب اجتماعات كثيرة، قبل أن تصل الوزارة إلى حل توافقي.\n وكانت وزارة الحج عقدت ثلاثة اجتماعات متواصلة، أنهت خلالها أزمتها مع ممثلي شركات الحج والعمرة في ملفي تسجيل حجاج الداخل عبر البوابة الإلكترونية للوزارة، وتسعير خدمات حملات الحج.\n   هدد عدد من مؤسسات حجاج الداخل، وزارة الحج بالانسحاب من حج هذا العام، بسبب تأخر إصدار تراخيص حملاتهم للحج المقبل، مؤكدين أن التأخير ربما يؤدي إلى تراجع أرباحهم المالية، لعدم وجود الوقت الكافي للتسويق والتعاقد مع شركات الخدمات والإعاشة. \n وعلمت \"الوطن\" من مصادر مطلعة، أن اجتماعا عقده بعض رؤساء مجالس إدارات مؤسسات حجاج الداخل لإعداد شكوى جماعية موجهة إلى وزير الحج الدكتور بندر حجار، متضمنا أن شركات حجاج العمرة والحج انتهت من سداد جميع المستحقات المالية والضمانات المطلوبة منها منذ وقت باكر، فيما لا زالت في انتظار صدور تراخيص الحملات لبدء التعاقد مع شركات الخدمات والإعاشة والتسويق للحملات، وأن الوقت المتبقي حتى موسم الحج لم يعد كافيا لتنفيذ هذه الأعمال وهو ما سيؤثر سلبا على خدماتهم المقدمة للحجاج، ملوحين برغبة بعض المؤسسات في الانسحاب من أعمال الموسم الحالي.\n وذكرت المصادر أن هذه الأزمة الجديدة التي نشأت بين المؤسسات ووزارة الحج استدعت تدخلا مباشرا من لجنة الحج والعمرة والمجلس التنسيقي لحجاج الداخل، وطرحت على قيادات وزارة الحج مسألة سرعة إصدار التراخيص اللازمة للشركات، حتى لا يؤثر ذلك على مسار أرباحهم المالية، أو حتى في وجود فوضى يمكن أن يتسبب فيها ذلك التأخير. \n وفي الوقت الذي لم تستطع \"الوطن\" الحصول على رد رسمي من وزارة الحج حول أسباب تأخر تراخيص الحملات، أرجعت مصادر مطلعة في الوزارة، التأخير إلى إشكالية إقرار تسجيل حجاج الداخل ضمن البوابة الإلكترونية لوزارة الحج، أسوة بحجاج الخارج، إضافة إلى تأخر حسم تصنيف سعر خدمات الحج التي تطلبت اجتماعات كثيرة، قبل أن تصل الوزارة إلى حل توافقي بإشراك الوزارة ممثلين عن شركات الحج في الدراسة المرتقبة بعد الانتهاء من إجازة موسم عيد الفطر المبارك.\n اللافت في تأخر حصول شركات على التراخيص اللازمة، هو تهديد بعض الشركات التي تحدثت \"الوطن\" مع بعض أصحابها، بالانسحاب من حملة الحج المقبلة والمطالبة بتعويضات حيال ذلك التأخير الذي وصفوه بغير المبرر، مطالبين وزير الحج بسرعة التحرك وتذليل العقبات التي تواجه إصدار التراخيص.\n وتأتي هذه المشادات بين الجانبين، بعد ثلاثة اجتماعات متواصلة، أنهت وزارة الحج خلالها أزمتها مع ممثلي شركات الحج والعمرة في ملفين شائكين: الأول، تسجيل حجاج قطاع الداخل للمرة الأولى في البوابة الإلكترونية للوزارة أسوة بحجاج الخارج، والثاني: أزمة تسعير وتصنيف خدمات حملات الحج العام، إذ شطبت التسعيرة التي سبق وقدمها مستشار الوزارة، فيما وعدت بأخذ توصيات التسجيل الإلكتروني في الحسبان في اجتماع لاحق عقب عيد الفطر. ",
    "date_extracted": "2015-07-22 00:46:32"
}