{
    "url": "http://www.alwatan.com.sa/Local/News_Detail.aspx?ArticleID=229951&CategoryID=5",
    "title": "للمرة الثانية.. تسمم ١٤ سعوديا في مشهد الإيرانية",
    "author": "الرياض: معيض الرفدي",
    "content": " بعد أقل من شهرين على إصابة ووفاة ٣٤ سعوديا إثر تعرضهم لتسمم في مدينة مشهد الإيرانية، تعرض أول من أمس ١٤ سعوديا من بين ٢٢ شخصا للتسمم مرة أخرى في المدينة ذاتها، عقب تناولهم وجبة طعام في فندق أطلس المقيمين فيه.\n وأكد القنصل السعودي في مدينة مشهد الإيرانية عبدالله الحمراني لـ\"الوطن\" تعرض ١٤ سعوديا للتسمم بعد تناولهم وجبة طعام، إذ ظهرت عليهم أعراض التسمم الغذائي من غثيان وحمى، ليتم تأمين العلاجات اللازمة لهم، ما أدى إلى تحسن حالاتهم.\n وأضاف الحمراني أن القنصلية باشرت الحادثة، بعد استقبالها شكاوى من المتضررين، وفور تلقيها الشكاوى بدأت في إجراء اتصالات عاجلة مع السلطات المختصة لحثها على رفع معايير الصحة في فنادقها.\n وأكد الحمراني عدم دخول أي شخص سعودي ممن تعرضوا للتسمم إلى المستشفيات.\n وكان أربعة أطفال سعوديين لقوا حتفهم في أحد فنادق مدينة مشهد الإيرانية الشهر الماضي، فيما أصيب 28 آخرون \"جميعهم سعوديون\".  ",
    "date_extracted": "2015-07-24 06:00:35"
}