{
    "url": "http://www.alwatan.com.sa/Sports/News_Detail.aspx?ArticleID=229755&CategoryID=6",
    "title": "ميتروفيتش يعزز هجوم نيوكاسل",
    "author": "لندن: أ ف ب",
    "content": " عزز نيوكاسل يونايتد الإنجليزي صفوفه بضم المهاجم الصربي الكسندر ميتروفيتش بعقد يمتد لخمسة مواسم مقبلة، وذلك بحسب ما أعلنه النادي أمس. وكان المهاجم الصربي البالغ من العمر 20 عاما يدافع عن ألوان إندرلخت البلجيكي منذ 2013 حيث سجل له 36 هدفا في 60 مباراة وساهم في قيادته إلى الفوز بلقب الدوري المحلي في 2014 والكأس السوبر المحلية خلال العام ذاته، مضيفا هذين اللقبين إلى الدوري الصربي الذي أحرزه عام 2013 مع بارتيزان. ولم يعط نيوكاسل الذي لم يفز بأي لقب كبير منذ تتويجه الأوروبي بكأس المعارض عام 1969، تفاصيل حول قيمة الصفقة واكتفى بالقول إنها رابع أغلى صفقة في تاريخه.\n   ",
    "date_extracted": "2015-07-22 00:50:21"
}