{
    "url": "http://www.alwatan.com.sa/Sports/News_Detail.aspx?ArticleID=229968&CategoryID=6",
    "title": "أميركا تحقق مع بنوك تعاملت مع الفيفا",
    "author": "أميركا: رويترز",
    "content": " نقلت صحيفة وول ستريت جورنال الأميركية عن مصادر قولها إن السلطات هناك تحقق في تعامل بنوك مع أموال تخص الاتحاد الدولي لكرة القدم (الفيفا).\n وأضافت الصحيفة نقلا عن تلك المصادر أن المدعين استجوبوا مسؤولين في بنوك إتش.إس.بي.سي وستاندرد تشارترد ودلتا ناشيونال، إضافة إلى شركة أخرى فيما له صلة بالتحقيقات الجارية بشأن الفيفا.\n وتابعت الصحيفة تقول إن مدعين في مكتب الادعاء الأميركي في بروكلين والهيئة التنظيمية للبنوك في نيويورك اتصلوا بأكثر من ستة بنوك فيما له صلة بالفضيحة في الأسابيع الأخيرة.\n وأوضحت الصحيفة نقلا عن مصادرها أن التحقيقات مع البنوك لا تزال في مراحلها الأولى وأن المحققين قد يخلصون إلى أن البنوك المعنية لم ترتكب أي خطأ.\n وكشفت وول ستريت جورنال أن السلطات تركز على ما إذا كان يفترض لأنظمة مكافحة غسل الأموال الملزمة بها تلك البنوك أن تكتشف المدفوعات التي تثور حولها شبهات الفساد أم لا.\n ووجهت الولايات المتحدة الاتهام إلى 14 مسؤولا كرويا دوليا ومسؤولين تنفيذيين في مجال الإعلام والتسويق الرياضي بالتورط في تقديم رشا بأكثر من 150 مليون دولار على مدار 24 عاما، وذلك ضمن مجموعة من الاتهامات الأخرى.  ",
    "date_extracted": "2015-07-25 01:38:22"
}