{
    "url": "http://www.alwatan.com.sa/Politics/News_Detail.aspx?ArticleID=229919&CategoryID=1",
    "title": "مكاشفة مصرية سعودية.. وموقف موحد تجاه اليمن",
    "author": "جدة: ياسر باعامر",
    "content": " يمكن وصف المؤتمر الصحفي المشترك الذي جرى أمس بمقر وزارة الخارجية بجدة، بين وزيري خارجية المملكة عادل الجبير، والمصري سامح شكري بمثابة \"المكاشفة الديبلوماسية\"، وبخاصة أنه يأتي في ظل ظروف ومتغيرات متسارعة في منظومة البنية التحتية لأزمات ملفات المنطقة، وعلى وجه التحديد في المشهدين اليمني والسوري. \n المؤتمر الذي ابتعد عن المجاملات الديبلوماسية بين الوزيرين، كان أشبه ما يمكن بتجلية عدد من الحقائق السياسية، الملف اليمني الذي تسيد ملامح المؤتمر الصحفي، والأسئلة المتكررة عن طبيعة الدور المصري في الائتلاف العربي لإعادة الشرعية في اليمن بعد انقلاب الحوثي وعلي صالح على الرئاسة الشرعية.\n مصطلح \"الغموض\"، كان أحد الأسئلة التي وجهت للوزير شكري، وبخاصة بعد اجتماع جرى في القاهرة بين السفير الأميركي السابق بصنعاء وقيادات من حزب المؤتمر الشعبي العام التابع لعلي صالح، هذا السؤال دفع وزير الخارجية المصري إلى التأكيد على أن المملكة على علم تام بذلك الاجتماع، وهو ما أكده عادل الجبير، قائلا: \"السعودية على دراية كاملة بما تقوم به القاهرة حول اليمن، وندرك أن الحل في الملف اليمني هو سياسي وضمن قرار مجلس الأمن الدولي 2216\".\n وأعطى زير خارجية مصر ملامح أخرى، وبخاصة أن توقيت المؤتمر يأتي في ظل مزاعم لتقارير إعلامية تذهب إلى وجود اختلاف مصري - سعودي بشأن بعض الملفات على رأسها الملف اليمني، وقال: \"إن أي اتصال حول اليمن يتم في إطار قرارات مجلس الأمن الدولي الداعمة لعودة الشرعية في اليمن، وأي لقاءات تتم في هذا الشأن من أجل استطلاع الأطراف الفاعلة في الملف، وبما يخدم مصلحة الحكومة والشعب اليمني\". \n فيما أكد الجبير على أن مشاركة مصر ما زالت مستمرة في التحالف العربي لدعم الشرعية، ودعمته عسكريا وسياسياَ، كما أراد أن يبعث برسالة مباشرة مفادها: \"بأن موقف مصر من التحالف لم يتغير\"، كما عاد وزير الخارجية المصري إلى التأكيد بأن متطلبات المشهد الحالي تتطلب توزيع الأدوار في ظل تكاملية العمل الديبلوماسي العربي، والقيام بأدوار متغيرة، قائلا: \"إن هناك تنسيقا مستمرا بين دول الائتلاف الداعم للشرعية في اليمن\".\n وحول الزيارة الأخيرة لرئيس المكتب السياسي لحركة المقاومة الإسلامية حماس خالد مشعل، وأعضاء المكتب السياسي للحركة، أكد وزير خارجية المملكة أن الزيارة لم تكن زيارة رسمية بالمعنى السياسي، إنما زيارة لأداء العمرة فقط، وذكر أن التحليلات التي رصدت بشأن تلك الزيارة غير دقيقة على الإطلاق أبدا.\n واستعرض وزير الخارجية الجبير بشكل مفصل الاتفاق النووي الإيراني مع دول 5+1 الأخير، وبخاصة بعد اللقاءات الأخيرة التي قام بها الوزير مع الرئيس الأميركي باراك أوباما ووزير الخارجية كيري، وقال: \"المملكة ترحب بأي اتفاق يضمن عدم قدرة إيران على حيازة سلاح نووي\".\n ولم يكتفِ الجبير بذلك، رغم أنه فضل عدم الخوض في تفاصيل التشاورات الأميركية - السعودية بشأن الاتفاق النووي مع إيران، موضحا أن الرياض ركزت في مشاوراتها على آليات محددة ترتبط حيال كيفية تفتيش المنشآت النووية الإيرانية، وآليات تطبيق العقوبات على الجانب الإيراني، فيما عدم التزامها ببنود الاتفاقية الأخيرة معها. \n الجبير بعث برسالة مباشرة إلى القيادة السياسية في طهران، وهو ضرورة التفاتها إلى جانبها الداخلي وتحقيق رفاهية شعبها وعدم التدخل في شؤون المنطقة والدول الأخرى، مشددا أن ذلك أكبر التحديات التي تواجهها دول الخليج مع الجانب الإيراني. \n وربط وزير خارجية المملكة عودة السفير السعودي لعدن بعد تحريرها الأخير من ميليشيا الحوثي وقوات المخلوع صالح بالأوضاع الأمنية، وفضل عدم إعطاء وقت محدد لذلك، إلا استخدم عبارة \"قريبا إن شاء الله\".\n وكان ملف مكافحة الإرهاب حاضرا في اجتماع وزيري الخارجية الجبير وشكري بشكل مكثف، حيث تم تعزيز ذلك من خلال القنوات الأمنية، وبخاصة أن البلدين عانيا كثيرا من الإرهاب والتطرف، مؤكدين أن تعاون المملكة مع مصر قوي جدا لمواجهة خطر الإرهاب والتطرف اللذين يشكلان تهديدا لجميع دول المنطقة على حد سواء. \n وجاءت عبارة \"أن أي حل في المشهد السوري يجب أن يكون الأسد خارجه\"، وهو ما يعطي مؤشرا ثابتا على رؤية الديبلوماسية السعودية التي لم تتغير بشأن ذلك، وأن تصريحات الوزير تأتي في ظل تقدم كبير للمعارضة السورية المسلحة على أكثر من جبهة، وهو ما يشير إلى تداعيات مرتقبة في الملف السوري.  ",
    "date_extracted": "2015-07-24 06:01:46"
}