{
    "url": "http://www.alwatan.com.sa/Citizen_Journalist/News_Detail.aspx?ArticleID=229851&CategoryID=9",
    "title": "STC تشارك أبناء الوطن والمقيمين فرحتهم بالعيد",
    "author": "",
    "content": " شاركت stc في عيد الفطر السعيد ومهرجانات الصيف لهذا العام، من خلال دعمها ورعايتها عددا من الفعاليات بمدن المملكة، تأكيدا لدورها الوطني ومسؤوليتها الاجتماعية بهذا الخصوص.\n فقد شاركت الاتصالات السعودية كراع ماسي بدعم فعاليات احتفالات مدينة الرياض بعيد الفطر السعيد، وبرعاية احتفالات الأهالي بعيد وصيف الشرقية 1436، كما ساهمت كشريك رئيس بمهرجان أبها للتسوق، وواصلت رعاية مهرجان منطقة جدة التاريخية على مدار شهر رمضان وفعاليات عيد الفطر المبارك، ودعمت أيضا برعايتها كراع ماسي مهرجان صيف الباحة 1436. ",
    "date_extracted": "2015-07-23 19:14:20"
}