{
    "url": "http://www.alwatan.com.sa/Local/News_Detail.aspx?ArticleID=229783&CategoryID=5",
    "title": "13 مليونا إيرادات فيصلية الأحساء",
    "author": "الأحساء: عدنان الغزال",
    "content": " كشف رئيس المجلس الإشرافي لمركز بر الفيصلية الخيري التابع لجمعية البر بالأحساء عبدالكريم بوخمسين، أن إيرادات المركز 13 مليونا ريال هذا العام، بزيادة 1.5 مليون عن العام المنصرم، وبلغت المصروفات 12 مليون ريال العام الحالي، بزيادة عن العام الماضي 1.4 مليون ريال.\n وأضاف لـ\"الوطن\" أمس، أن إجمالي الأسر المستفيدة من المركز هذا العام أكثر من 1900 أسرة، فيما انطلقت أخيرا أعمال مشروع إنشاء المقر الجديد للمركز على مساحة 2500 متر مربع، الذي سيسهم في نقل هذا الصرح الاجتماعي نقلة نوعية.\n   ",
    "date_extracted": "2015-07-22 00:58:42"
}