{
    "url": "http://www.alwatan.com.sa/Culture/News_Detail.aspx?ArticleID=229701&CategoryID=7",
    "title": "حفل للأطفال  في فنون أبها",
    "author": "أبها: الوطن",
    "content": " تنظم الجمعية العربية السعودية للثقافة والفنون في أبها، مساء غد، حفلاً للأطفال في قرية المفتاحة.\n وأوضح مدير فنون أبها أحمد السروي، أن الاحتفال يتضمن عددا من الفقرات الترفيهية، والمسابقات الثقافية، والمعارض الفنية، والعروض البصرية، إضافة إلى ألعاب الأطفال المتنوعة، داعيا الأسر في منطقة عسير إلى الحضور والاستمتاع بما سيقدم ضمن هذه الفعالية، التي تأتي ضمن خطط الجمعية المتزامنة مع فعاليات صيف أبها لهذا لعام.\n   ",
    "date_extracted": "2015-07-21 02:30:28"
}