{
    "url": "http://www.alwatan.com.sa/Sports/News_Detail.aspx?ArticleID=229971&CategoryID=6",
    "title": "أنظار العالم تتجه نحو قرعة المونديال",
    "author": "موسكو: أ ف ب",
    "content": " يحتضن قصر قسطنطين الشهير في مدينة سان بطرسبرج مراسم سحب قرعة مونديال روسيا 2018 اليوم بحضور شخصيات رياضية وسياسية رفيعة المستوى يتقدمها رئيس الدولة المضيفة فلاديمير بوتين ورئيس الاتحاد الدولي السويسري جوزيف بلاتر.\n وكان بلاتر وصل مساء أول من أمس إلى سان بطرسبرج في أول مرة يغادر فيها الأراضي السويسرية منذ فضيحة الفساد \"فيفاجيت\" التي فجرها القضاء الأميركي في 27 مايو الماضي في زيوريخ عشية الانتخابات الرئاسية وأدت إلى اعتقالات عدة في صفوف أعضاء وشركاء للفيفا، وأيضا إلى فتح تحقيق مستقل من قبل القضاء السويسري بشأن منح استضافة كأس العالم عام 2018 في روسيا و2022 في قطر. وسيلقي بلاتر كلمة خلال حفل القرعة المقرر مباشرة بعد كلمة الرئيس الروسي فلاديمير بوتين.\n وسيشرف على القرعة الأمين العام للفيفا الفرنسي جيروم فالك الذي وصل إلى روسيا الإثنين الماضي.\n وعلى هامش القرعة، سيلتقي بوتين مع بلاتر. ويستمر بلاتر في مهمته على رأس الفيفا حتى 26 من فبراير 2016، وهو الموعد الذي حددته اللجنة التنفيذية للاتحاد الدولي لعقد الجمعية العمومية غير العادية وانتخاب رئيس جديد.\n ويشارك في عملية سحب القرعة نخبة من نجوم كرة القدم على رأسهم البرازيلي رونالدو والإيطالي فابيو كانافارو والكاميروني صامويل إيتو والحارس السوفيتي سابقا رينات داساييف.\n وأورد الاتحاد الدولي على موقعه الرسمي تفاصيل سحب القرعة بحسب مختلف القارات، علما أنها لن تشمل القارة الآسيوية التي تمت قرعتها سابقا من قبل الاتحاد القاري للعبة وانطلقت تصفياتها أيضا.  ",
    "date_extracted": "2015-07-25 01:38:15"
}