{
    "url": "http://www.alwatan.com.sa/Culture/News_Detail.aspx?ArticleID=229703&CategoryID=7",
    "title": "مسرح العيد.. فرصة لظهور جيل جديد",
    "author": "المدينة المنورة: سعد الحربي",
    "content": " انخرطت مجموعة من الشباب في المدينة المنورة بالمجال المسرحي على هامش افتتاح المسابقات في المجال المسرحي في فعاليات عيد الفطر المبارك بالمدينة تحت إشراف أمانة المنطقة.\n ووجد عدد من الشباب فرصتهم للظهور والتجربة من خلال الفقرات المسرحية في عيد الفطر والتقييم على الجوائز نهاية العروض المسرحية.\n وظهر عدد من الشباب في مجال التمثيل والإخراج والتأليف أمام الجمهور، وكان بعضهم يخوض التجربة للمرة الأولى، وعلى الرغم من تكرار القصص والحكايات والتجارب إلا أن ما يبحث عنه هؤلاء الشبان تجربة حقيقية تقودهم للثقة عند الصعود مجددا للمسرح.\n وذكر المخرج المسرحي يوسف الطاسان في تجربته الجديدة في مجال الإخراج إن \"التنافس في مسابقة العمل المسرحي في عيد الفطر المبارك خلق حالة حراك على السطح، واستقطب عددا من المهتمين بهذا الفن للعودة لمشاهدة المسرح التمثيلي بعد الغياب الطويل والعزوف في الفترة الماضية، وجاء التنافس على تقديم عدد من المسرحيات في أيام متتالية ليثري الجانب المسرحي، ويمنح فرصة الظهور للممثل والمخرج والمؤلف، وقد حاولنا جاهدين أن نرضي الجمهور ونشعره بجودة ما نقدم من عمل بعيدا عن التصنع\".\n وأضاف \"يخوض عدد منا تجربته الأولى في العرض المسرحي في الإخراج والتأليف والتمثيل، ولكنها تعد حقيقة تجربة على المحك لدعم الشباب في هوايتهم\". وأكمل \"جربنا في مسرحيتنا ـ قال الراوي ـ التي تحاكي قصة اجتماعية تعانيها بعض الأسر أن نظهر بالصورة التي يرغبها الجمهور ونعالج أهم القضايا الاجتماعية دون تكلف أو ملل\".  ",
    "date_extracted": "2015-07-21 02:30:27"
}