{
    "url": "http://www.alwatan.com.sa/Articles/Detail.aspx?ArticleId=27084",
    "title": "قراءة في الشاشة الرمضانية",
    "author": "عبدالمجيد الزهراني",
    "content": " انقضت ليالي رمضان المباركة، بروحانيتها الجميلة، وعطرها الإيماني الباذخ، وها هو الشهر الكريم يسحب آخر لياليه، ولكن..\n ما بعد لكن، وهو ما يحز في النفس، أن عددا كبيرا من قنواتنا التلفزيونية العربية والإسلامية للأسف، خاضت في ماء هذا الشهر وعكّرته، بسلسلة طويلة من المسلسلات والبرامج التي لا تتناسب أبدا، مع المناخ الروحاني لهذا الشهر، ولا تتواءم مع قدسيّة خير الأشهر.\n سيل واسع من الأعمال الدرامية التي عرضتها شاشات عربية إسلامية، مليئة بالعُري والمشاهد الخادشة، دون حياء من الناس ومن رب الناس، وكأنما رمضان هو شهر عادي، مثل بقية شهور العام.\n حتى على مستوى البرامج الحوارية وبرامج المسابقات، وغيرها، لم يكن رمضان بشموسه وأنجُمه حاضرا فيها، وكأنما هذا السباق البرامجي المحموم يقول لنا بصريح العبارة إن رمضان شهر للتسلية، وتزجية الوقت فيمالا ينفع وما لا يؤثر.\n صحيح أن هناك القليل جدا من القنوات المحترمة، تعاملت مع الشهر الكريم بما يوازيه في القيمة الروحانية والوجدانية والقدسية، غير أن ضوءها البسيط كان ضائعا في كتلة واسعة وضخمة من الظلام الواسع.\n كالعادة، في تعامل إعلامنا العربي، جاء رمضان غريبا ورحل غريبا. ",
    "date_extracted": "2015-07-25 01:45:14"
}