{
    "url": "http://www.alwatan.com.sa/Culture/News_Detail.aspx?ArticleID=229826&CategoryID=7",
    "title": "شعراء ومنشدون يعطرون سماء المفتاحة بحب الوطن",
    "author": "أبها: مسعود آل معيض",
    "content": " نثر شعراء ومنشدون إبداعاتهم في سماء قرية المفتاحة في أبها مساء أول من أمس، وذلك ضمن فقرات الحفل الشعبي الذي نظمته لجنة الفنون الشعبية في فرع الجمعية العربية السعودية للثقافة والفنون بأبها، بمناسبة عيد الفطر المبارك.\n وقدم كل من الشاعر حسن آل فطيح، والشاعر حمد آل علي، والشاعر صالح الحبابي، قصائد فاضت بالمشاعر الوطنية والولاء لقادة هذه البلاد المباركة، وحملت في طياتها التهاني والتبريكات للقيادة والشعب السعودي بمناسبة عيد الفطر المبارك.\n كما قدم المنشد محمد المرشان، والمنشد عبدالعزيز المرشان لوحة إنشادية بعنوان \"عيدية وطن\" للشاعر عبدالله سحمان، بمشاركة مميزة من قبل فرقة آل ينفع للفنون الشعبية التي أدت العروض الفلكلورية في الاحتفال.\n ورفع مدير فنون أبها أحمد السروي، باسمه واسم جميع منسوبي الجمعية التهاني بمناسبة العيد للحكومة الرشيدة، ولأمير منطقة عسير، وإلى جنودنا البواسل المرابطين على الحدود، والساهرين على حفظ أمن هذه البلاد.\n كما رحب بضيوف الحفل في كلمة ألقاها بهذه المناسبة، شاكرا منسق لجنة الفنون الشعبية في الجمعية محمد ربيعان على جهوده المميزة في إنجاح الاحتفال، وشاكرا جميع من أسهم في ظهور هذه الفعالية بشكل مميز من شعراء ومنشدين وفرقة شعبية، والمشرف على تنظيم الاحتفال علي آل عقيلة، وقناة المرقاب الفضائية التي بادرت بنقل الاحتفال فضائيا.\n واعتبر السروي الحضور الجماهيري الكثيف الذي شهد الاحتفال سر نجاح أي فعالية، مؤكدا أن الجمهور هو الداعم الحقيقي لتقديم ما هو أجمل في الأيام المقبلة. ",
    "date_extracted": "2015-07-23 19:11:34"
}