{
    "url": "http://www.alwatan.com.sa/Economy/News_Detail.aspx?ArticleID=229892&CategoryID=2",
    "title": "منافسة يصدر نشرته الإلكترونية",
    "author": "الرياض: الوطن",
    "content": " أصدر مجلس المنافسة العدد الثامن من نشرته الإلكترونية بهدف رفع مستوى الوعي لدى قطاع الأعمال ورصد أهم المستجدات حول أنظمة المنافسة.\n واشتمل العدد على العديد من الأنشطة والقرارات الصادرة من المجلس بشأن إصدار عدد من الأدلة والمطويات الإرشادية لنشر ثقافة المنافسة، إلى جانب مشاركة المجلس ضمن نشر ثقافة المنافسة في المنتدى العربي الرابع لمكافحة الغش التجاري، وكذلك تغطية لقاء الأمين العام لمجلس المنافسة مع لجنة التسويق بغرفة الرياض حول كيفية تعزيز بيئة منافسة عادلة والحد من الممارسات الاحتكارية بأسواق المملكة.\n كما تضمنت النشرة استعراض إحدى القضايا الدولية، ونشرت نتائج استطلاع \"ما هي الوسيلة الأنسب لتوعية قطاع الأعمال بنظام المنافسة\"، ويمكن الاشتراك في النشرة عن طريق الموقع الإلكتروني www.coc.gov.sa.\n   ",
    "date_extracted": "2015-07-24 06:04:11"
}