{
    "url": "http://www.alwatan.com.sa/Articles/Detail.aspx?ArticleID=27188",
    "title": "مباراة للأثرياء فقط!",
    "author": "عبدالله الفيصل",
    "content": " - تحدد ورسميا وبعد أيام قليلة إقامة كأس السوبر السعودي في لندن بين الهلال والنصر، \"مو مستوعب صح، والله ولا أنا\"، تشعر أن الكرة السعودية حاولت أن تضيف لمسابقاتها وتمزجها واتحاداتها بشيء من الوهج الأوروبي والحضارة الفاخرة أداء ومعمارا فلم تستطع فقالت بدل ما نجيبهم حنا نروح لهم عل وعسى، فاهمين خطأ الله يهديهم، ما أدري يتوقعون أن نواف العابد سيعود للمملكة وهو ويليان مثلا، أو شايع شراحيلي راميريس، والشلهوب فجأة ممكن يعود أوسكار أو عوض خميس يتحـول كواد رادو على غفلة، داسيلفا ممكن يكون مورينهو، ودونيس المُعمر ڤينجر، إيوا أطقطق وهذا ألطف تفسير لهذا القرار الذي هو أشبه بسرقة أحلام ونقلها للمستحيل.\n - الأرجنتين بجميع نجومها وعلى رأسهم البرغوث ليونيل ميسي جاءوا للعاصمة الرياض فماذا كانت الفائدة؟ الأوروجواي بكامل نجومها وعلى رأسهم سواريز جاءوا أيضا للعروس فماذا كانت الفائدة؟، ما هكذا تورد الإبل ولا هكذا تُزرع ثقافة كرة القدم، متى يستوعب المسؤول أن كرة القدم باتت دراسة ولو انتقلت الأندية السعودية للعب في الدوري الإنجليزي بهذه العقلية لن تجدي إلا الخسائر المادية والوقتية والمعنوية.\n - رياضة كرة القدم مشروع دولة وليس تخصص اتحاد كل من هب ودب طاله بشيء من نقد لا يستحقه مرة ويستحقه مرات، مو معقولة ما حد في الاجتماع سأل سؤال خطير ومن كلمة واحدة طيب والجمهووور، أتخيل أن الحوار بعد السؤال دار هكذا.. مين الجمهور؟ واحد من أولاد خالي هلالي مجنووون.. خلاص هاتوا معاك على حساب الاتحاد.. هل من اعتراض آخر؟.. إييوا واحد من عيال الحي الحي هو الحارة بس عند الناس الهاي هاي.. اشفيه؟ نصراوي عتيق ونفسه يزور لندن من زمااااان.. أوكي هاتوا معاك.. الجميع موافق؟ done وآآآه يا لندن، طب خودووني معاكو أخوكو الصُغيّر..!\n - بدل أن يجهز المشجع السعودي البسيط ثوبه الأنيق وحق تذكرة دخول المباراة زائد ريال حق الشاي، يجب عليه أن يجهز بدلته ذات الكرفتة التي يساوي سعرها دخل عائلة تحب كرة القدم ناهيك عن الجاكيت الرسمي والبنطال الحرير، بدال أن ينطلق من بيته إلى الملعب عليه أن ينطلق من منزله للمطار ثم للمطار ثم للسكن ثم للملعب، وعليه أن يسكن في منطقة شفردبش القريبة من ملعب كوينز بارك الذي يحتضن اللقاء والأثرياء وأعضاء اتحاد القدم وأصدقائهم، عشِق الجميع كرة القدم لأنها في متناول اليد والقدم فاحذروا من مثل هذه المسافات التي قد تُشعرهم بالغُربة غُربة كرة القدم، رغم جميع الأسباب التي ذكرها الاتحاد السعودي لنقل المباراة إلا أنها لم ولن تقنعني فبدلا من أن تكون مباراة فيها من الإثارة والتحدي ما فيها ستكون مباراة فيها من الاستعراض والتفاخر بالمظهر اللندني ما فيها، هي مباراة كأس سوبر وفي رواية أخرى مباراة الأثرياء، ابتداءً من اللاعب إلى المشجع.\n - كرة القدم في متناول الأقدام ورؤيتها في متناول الأيدي، لن يجدي أن تجعل عاشقا يتمنى الحضور لا يستطيع، قد يرى البعض أنني جعلت من الأمر أكبر مما هو عليه، لكن في كل هذا توضيح وتحذير من أن تتكرر التجربة الفاشلة من قبل أن تبدأ، كرة القدم أسهل بكثييييير مما يُفعل فيها، سيحصل الهلال والنصر على مليون دولار تقريبا وسيحصد مُشجعيهم الحسرة ناهيك عن الخسارة التي ستسمى دولية في عاصمة الضباب..!\n قلت له أود الذهاب إلى لندن بدلا عن الباحة.. قال: لا أكثر ابدأ المشي من الآن.. ورديت: أصلا في التلفزيون أحلى وأصفى وتشوف الإعادة..!\n همسة\n وعلى طاري لندن وبلاد برى فقدت في صباح العيد شيئا من العيد فقدت أحد أسباب ابتسامتي وطمأنينتي وإلهامي أحد مصادر الأمل والقوة في حياتي مُعلمي وسميي وحبيبي أبوغدي عبدالله الزهراني اللهم ارحمه وبرِّد تربته واربط على قلوب ذويه وأدخله الجنة وجميع موتى المسلمين.. آمين.  ",
    "date_extracted": "2015-07-23 19:11:54"
}