{
    "url": "http://www.alwatan.com.sa/Nation/News_Detail.aspx?ArticleID=229781&CategoryID=3",
    "title": "عبدالحسين عبدالرضا يستعد للعودة إلى الكويت",
    "author": "الرياض: طاهر بخش",
    "content": " غادر الفنان الكويتي عبدالحسين عبدالرضا مستشفى \"رويال برومبتون\" في لندن، بعد أن أجرى عملية قسطرة للقلب وذلك بتركيب ست دعامات، وتكللت بالنجاح. ويستعد كذلك للعودة إلى الكويت بعد قضاء فترة النقاهة. \n وكان الفنان المخضرم تعرض في منتصف شهر رمضان الماضي لأزمة قلبية نقل على إثرها إلى لندن، حيث قرر الأطباء في المستشفى إخضاعه لعملية القسطرة.\n يذكر أن عبدالرضا أجرى العام الماضي أيضا عملية قسطرة للقلب وتكللت بالنجاح، وذلك بعد تعرضه لجهد مضاعف بذله أثناء تصوير مسلسل \"العافور\" الذي عرض في شهر رمضان 2014. \n وأجبرته الظروف الصحية على الاعتذار هذا العام عن المشاركة في أي عمل، واكتفى بتقديم مسلسل إذاعي بعنوان \"رفعت الجلسة\" مع حياة الفهد، وسعاد عبدالله، وأحمد مساعد، وعبدالناصر الزاير وحسين المفيدي.\n ويعد عبدالحسين من أبرز الرموز الفنية في الكويت والخليج وبدأ مشواره الفني منذ بداية الستينات ولديه عدد من الأعمال التلفزيونية والمسرحية، كما أسهم في نقلة فنية كبيرة على مستوى الإذاعة والتلفزيون في الكويت بأعماله المميزة، ونال عددا من الجوائز في مهرجانات عدة خليجية وعربية، وأطلقت الكويت أخيرا اسمه على مسرح \"السالمة\" تكريما له باعتباره أحد الرموز التي أصبحت عنوانا للتطور الحضاري والثقافي في الكويت. ",
    "date_extracted": "2015-07-22 00:48:20"
}