{
    "url": "http://www.alwatan.com.sa/Economy/News_Detail.aspx?ArticleID=229977&CategoryID=2",
    "title": "انخفاض أسعار النفط الخام",
    "author": "لندن: وكالات",
    "content": " اقتربت أسعار العقود الآجلة لمزيج النفط الخام برنت من أدنى مستوياتها في أربعة أشهر، أمس بعد صدور بيانات تظهر انكماش قطاع المصانع في الصين وارتفاع الدولار أمام سلة من العملات.\n وأظهر مسح أولي للقطاع الخاص أن نشاط قطاع الصناعات التحويلية الضخم في الصين انكمش بأسرع وتيرة له في 15 شهرا في يوليو. وتراجع سعر مزيج برنت 28 سنتا إلى 54.99 دولارا للبرميل بحلول الساعة الـ13.45 بتوقيت جرينتش بعدما بلغ أدنى مستوى له في الجلسة عند 54.80 دولارا للبرميل، مسجلا أقل سعر له منذ أوائل أبريل.\n وخسر برنت نحو 13% من قيمته في يوليو، مسجلا أكبر خسائره الشهرية منذ هبوطه حوالي 19% في يناير وإن كان تراجعه أقل حدة هذا الأسبوع.\n   ",
    "date_extracted": "2015-07-25 01:44:31"
}