{
    "url": "http://www.alwatan.com.sa/Economy/News_Detail.aspx?ArticleID=229764&CategoryID=2",
    "title": "الدولار يتراجع",
    "author": "لندن: رويترز",
    "content": " انخفض سعر الدولار أمس بعد صعوده إلى أعلى مستوى له في خمسة أسابيع أمام الين، وأعلى مستوياته في ثلاثة أشهر أمام سلة من العملات بدعم من تجدد التوقعات بزيادة أسعار الفائدة الأميركية.\n من جهته، توقع جيمس بولارد رئيس بنك سانت لويس الاحتياطي الاتحادي أن يقوم مجلس الاحتياطي الاتحادي \"البنك المركزي الأميركي\" على الأرجح برفع أسعار الفائدة في سبتمبر القادم وهو ما أدى لارتفاع العملة الأميركية في المعاملات الآسيوية، إلا أن العملات المرتبطة بالسلع الأولية مثل الدولارات الكندي\n والنيوزيلندي والأسترالي أظهرت مزيدا من الاستقرار بعد تراجعها مع صعود العملة الأميركية هذا الشهر.\n وارتفع اليورو 0.4% إلى 1.0864 دولار أميركي وهو منتصف النطاق الذي يتحرك فيه منذ أواخر الأسبوع الماضي. ولا يزال الدولار منخفضا نحو 5% في الشهر الأخير.\n   ",
    "date_extracted": "2015-07-22 00:48:01"
}