{
    "url": "http://www.alwatan.com.sa/Nation/News_Detail.aspx?ArticleID=229819&CategoryID=3",
    "title": "آثار جانبية تقود لعلاج شلل الرعاش",
    "author": "لندن: رويترز",
    "content": " قال علماء أول من أمس، إن عقارين لعلاج داء السكري يرتبطان بآثار جانبية مثيرة للقلق اتضح أنهما يقللان من مخاطر الإصابة بالشلل الرعاش، ما يفتح المجال لإجراء مزيد من الأبحاث عليهما.\n وتوصل تحليل شمل أكثر من 160 ألف مريض بريطاني بالسكري إلى أن من تناولوا أحد عقاري روزجليتازون أو بيوجليتازون، تراجعت لديهم احتمالات الإصابة بالشلل الرعاش بنسبة 28% مقارنة بآخرين تناولوا عقاقير أخرى لعلاج السكري.\n وتنتج شركة جلاكسوسميثكلاين للمستحضرات الطبية عقار روزجليتازون، وتنتج شركة تاكيدا عقار بيوجليتازون، ويباعان تحت الاسمين التجاريين افانديا واكتوس على الترتيب.\n كان قد فرض حظر على استخدام عقار روزجليتازون بسبب مخاوف على القلب، لكن تم رفع هذه المخاوف فيما بعد، وأحاطت بعقار بيوجليتازون مخاوف تتعلق بالإصابة بسرطان المثانة.\n ولا يوصي العلماء -الذين نشروا هذه النتائج في دورية \"بلوس ميديسن\"- باستخدام العقارين مباشرة لعلاج الشلل الرعاش. ",
    "date_extracted": "2015-07-23 19:11:05"
}