{
    "url": "http://www.alwatan.com.sa/Local/News_Detail.aspx?ArticleID=230004&CategoryID=5",
    "title": "الإبداع يتصدر ملتقى شباب الباحة",
    "author": "الباحة: سلمان آل مقرح، يوسف بخيت",
    "content": " في ليلة من ليالي الشباب الجميلة، احتضنت منطقة الباحة مساء أول من أمس ملتقى \"شباب منطقة الباحة\" الثاني، الذي ينظمه مكتب الرئاسة العامة لرعاية الشباب بالمنطقة، بالتعاون مع مجلس شباب المنطقة. ووصف مجموعة من الشباب ليلة افتتاح الملتقى بأنها استثنائية، نثروا فيها الإبداع تنظيما وترتيبا وتنفيذا للملتقى ليعانق الغيوم، ويحلق في سماء مدينة الضباب \"الباحة\"، كما أبدعوا شعرا ونثرا، ورسموا الابتسامة على شفاه الحضور من الشباب.\n فعندما وقع أمير منطقة الباحة الأمير مشاري بن سعود على لوحة عضويته بمجلس شباب المنطقة قال للشباب \"هناك العديد من الطموحات والتطلعات ننتظر تحقيقها من أبنائنا الشباب في هذه المنطقة، وتعلمون- معاشر الشباب- أنكم أمل هذا الوطن وحماة له، فعليكم أن تسهموا مساهمة فعالة في نمو وازدهار مناطق المملكة في جميع مواقعها وخاصة منطقة الباحة التي أنتم تمثلون الشباب فيها\".\n وكان وكيل إمارة المنطقة الدكتور حامد بن مالح الشمري رعى أول من أمس حفل افتتاح فعاليات ملتقى \"شباب منطقة الباحة الثاني\"، وذلك بمقر الملتقى بجوار مبنى أمانة منطقة الباحة. وألقى مدير مكتب الرئاسة العامة لرعاية الشباب بالباحة ناصر الغامدي كلمة، أوضح فيها أن فعاليات الملتقى ستستمر حتى 12 شوال الجاري، موضحا أنه سيتخلل هذه الفترة وبشكل يومي عدد من الفعاليات والبرامج والأنشطة المختلفة.\n إثر ذلك، أبدع المنشد مهند المالكي في أداء شيلة تفاعل معها الشباب، تلاها قيام عدد من الشباب بتقديم عدد من الفقرات الاستعراضية التي أبهرت جمهور الحضور وتفاعلوا معها، تلا ذلك قيام راعي الحفل بتكريم الفائزين في مسابقة \"التصوير الفوتوجرافي\"، التي خصصت لفئة الشباب. بعدها أقيمت الأمسية الشعرية الأولى بالملتقى والتي أحياها الشاعران فهد الشهراني وسعيد بن مانع، واتسمت بسلاسة الأسلوب وعذوبة المعنى وصدق العاطفة ومعاصرة الفكرة وسط تفاعل الحضور من شباب المنطقة. واختتمت فعاليات اليوم الأول للملتقى بأداء فرقة الفنون الشعبية لفلكلور شعبي شارك به وتفاعل معه العديد من الحضور. ",
    "date_extracted": "2015-07-25 01:44:22"
}