{
    "url": "http://www.alwatan.com.sa/Politics/News_Detail.aspx?ArticleID=229908&CategoryID=1",
    "title": "البيت الأبيض يصوغ خطة لإغلاق جوانتانامو",
    "author": "واشنطن: رويترز",
    "content": " أعلن البيت الأبيض أول من أمس أنه في المرحلة الأخيرة من صوغ خطة لإغلاق سجن جوانتانامو الذي تحتجز فيه الولايات المتحدة أجانب تتهمهم بالتورط في الإرهاب.\n وقال المتحدث باسم البيت الأبيض جوش إرنست إن إدارة الرئيس باراك أوباما تأمل بتعطيل المعارضة من الجمهوريين في الكونجرس الذين حالوا دون تنفيذ وعد أوباما الانتخابي لإغلاق السجن. وقال إرنست: الإدارة في المراحل الأخيرة من صوغ خطة لإغلاق السجن، وتقديم تلك الخطة إلى الكونجرس.\n وأنشئ سجن جوانتانامو بعد هجمات 11 سبتمبر 2001 لاحتجاز معتقلين من القاعدة وطالبان. وتعهد أوباما بإغلاقه في غضون عام عندما وصل إلى البيت الأبيض في 2009.  ",
    "date_extracted": "2015-07-24 06:17:37"
}