{
    "url": "http://www.alwatan.com.sa/Economy/News_Detail.aspx?ArticleID=229842&CategoryID=2",
    "title": "تراجع إنتاج الصلب عالميا",
    "author": "لندن: رويترز",
    "content": " أظهرت بيانات الرابطة العالمية للصلب أن الإنتاج العالمي من الصلب الخام تراجع 2.4% إلى 136 مليون طن في يونيو مقارنة مع نفس الشهر من العام الماضي.\n وانخفض إنتاج الصلب في الصين أكبر منتج ومستهلك للمعدن في العالم 0.8% عن مستواه في يونيو 2014 ليصل إلى 69 مليون طن.\n   ",
    "date_extracted": "2015-07-23 17:44:49"
}