{
    "url": "http://www.alwatan.com.sa/Sports/News_Detail.aspx?ArticleID=229698&CategoryID=6",
    "title": "هجر يعود للتدريبات ويطير  إلى معسكره الخارجي الخميس",
    "author": "الأحساء: حسن بوجبارة",
    "content": " بحضور ومتابعة رئيس نادي هجر سامي الملحم عاود لاعبو الفريق الأول لكرة القدم بالنادي تدريباتهم اليومية على ملعبه الرئيس بالنادي وذلك بعد إجازة عيد الفطر المبارك التي منحهم إياه الجهاز الفني بقيادة المونتنيجري نيبوشا، وسيستكمل هجر المرحلة الأولى من برنامجه الإعدادي للموسم المقبل.\n واستهل نيبوشا التدريبات بالجري حول الملعب اتبعها بتدريبات لياقية عبر محطات مختلفة، بعد ذلك قسم اللاعبين إلى مجموعات، أدت كل مجموعة تدريبات متنوعة بالكرة، فيما خضع حراس المرمى إلى تدريبات خاصة مع مدرب الحراس، واختتمت التدريبات بتقسيمة طُبقت خلالها عدة جمل تكتيكية، وبعد نهاية التدريبات أقامت إدارة الكرة حفل معايدة للاعبين.\n من جهة أخرى، تقرر أن تغادر بعثة الفريق صباح بعد غد إلى تركيا وذلك لانطلاق المرحلة الثانية من البرنامج الإعدادي للفريق، وذلك عبر معسكر تدريبي يستمر لمدة 16 يوما، يشتمل على تدريبات صباحية ومسائية وعدد من المباريات الودية.  ",
    "date_extracted": "2015-07-21 02:30:54"
}