{
    "url": "http://www.alwatan.com.sa/Articles/Detail.aspx?ArticleID=27171",
    "title": "سعادة بلا إنجاز!",
    "author": "عبدالرحمن السلطان",
    "content": " بالطبع هذه معادلة لا يمكن أن تتحقق بسهولة؛ لأن السعادة هي إحدى ثمرات الإنجاز، فلا يمكن أن تفوز بالثمرة قبل أن تبذل جهدا للحصول عليها.\n يتحجج البعض بصعوبة الحياة، وبارتفاع حدة التنافس بين الجميع، وكأنما أضحت الحياة غابة تملؤها الوحوش، والكل يتربص بالآخر؛ لينهش لحمه ويسرق جهده، وهذا وإن كان واقعا معيشا بشكل ما؛ إلا أنه لا يبرر الانهزام والهروب من الميدان؛ لأنك حينئذ ستبقى تتجرع مرارة الهزيمة، ولن يهنأ لك بال وأنت على هذه الحال الكسيحة.\n ليس المطلوب مصارعة الآخرين دوما، ولا حتى الاحتيال عليهم أو تحقيق فوز غير مشروع، بل المطلوب بكل بساطة أن تفهم أننا في هذه الحياة مطالبون بالعمل والاجتهاد، وليس العمل هكذا دون وجهة أو هدف، بل الذي يستهدف إنجازا، خصوصا ما يحقق قيمة مضافة لك أو للآخرين سواء بالمشاركة في إنتاج، أو تقديم خدمة مهما صغرت أو تضاءلت مشاركتك.\n إحدى أروع صور السعادة هي ما تشعر به حينما تجد نتيجة عملك أمسى واقعا معيشا أمامك، أو حتى حينما تسمع كلمة ثناء عابرة، فالقيمة المضافة لا تحسب بحجمها بل بأثرها على سلسلة الإنتاج، ومن ثم أثرها على المستفيد النهائي.\n تحفل كتب تطوير الذات بكثير من النظريات والتقينات حول السعادة وكيفية الوصول إليها، وتكاد -كلها- تجمع على أن لذة الإنجاز تتربع على عرش السعادة، فهي اللذة التي يشترك فيها جميع البشر، وهي تحصيل حاصل تلقائي لمن يعمل ويجتهد، حتى ولو أفسد عليه آخرون عمله أو لم يمكنوه من إنجازه، فهو في قرارة نفسه عمل واجتهد، وسيدرك حلاوة السعادة في النهاية.\n قد تختبر وجها من السعادة دون إنجاز، ولكن صدقني إنها سعادة مزيفة لن تطول بك، ولن نستطيع تكرارها دوما؛ لذا استثمر فيما يعود عليك بالسعادة المضمونة وهو الإنجاز.  ",
    "date_extracted": "2015-07-22 00:51:20"
}