{
    "url": "http://www.alwatan.com.sa/Citizen_Journalist/News_Detail.aspx?ArticleID=229993&CategoryID=9",
    "title": "الكهرباء تعايد منسوبيها",
    "author": "",
    "content": " نظمت الشركة السعودية للكهرباء أول من أمس الأربعاء حفلات المعايدة في المقر الرئيس، وجميع المقار والمكاتب المنتشرة بالمملكة، لتهنئة منسوبيها بعيد الفطر المبارك. وهنأ الرئيس التنفيذي للشركة بالإنابة المهندس منصور القحطاني، الموظفين بعيد الفطر في حفل المعايدة الذي أقيم بمقر الشركة الرئيس بالرياض، وتبادل الجميع التهاني بالمناسبة السعيدة، كما قدم لهم التهنئة بنجاح خطة الشركة لشهر رمضان المبارك وشكر الجميع على ما بذلوه من جهود أسهمت في نجاح الخطة، مشيرا إلى أن الشركة سجلت هذا العام أعلى حمل ذروي أول أيام الشهر الفضيل بلغ 54321 ميجاوات، كما سجلت أعلى حمل ذروي في مكة المكرمة يوم 19 رمضان بلغ 3619 ميجاوات.  ",
    "date_extracted": "2015-07-25 01:46:39"
}