{
    "url": "http://www.alwatan.com.sa/Nation/News_Detail.aspx?ArticleID=229727&CategoryID=3",
    "title": "نجاة أسترالي من فكي قرش",
    "author": "جيفريز باي: رويترز",
    "content": " نجا بطل أستراليا في ركوب الأمواج ثلاث مرات ميك فانينج من هجوم سمكة قرش في المرحلة النهائية من بطولة جيفريز باي المفتوحة التي ينظمها الاتحاد الدولي لركوب الأمواج بعد أن صارع الحيوان المفترس بقبضتيه قبل العودة سالما إلى الشاطئ.\n وكان فانينج \"34 عاما\" يجدف في عرض البحر استعدادا لركوب موجته الأولى عندما ظهر القرش قربه وأوقعه عن لوحه.\n وقال فانينج الملقب بالبرق الأبيض لقناة فوكس سبورتس \"كنت جالسا على اللوح هناك وشعرت بشيء يعلق في الحزام الذي يثبت قدمي، وكنت أرفس بقدمي محاولا إبعاده. لقد لكمته على ظهره\". وأضاف \"قفزت بعيدا على الفور، لكنه استمر في الاقتراب من لوحي، وأنا كنت أرفس وأصرخ. شاهدت زعانف فقط. كنت انتظر الأسنان\".\n وبعد ابتعاد القرش توجه بطل العالم المصاب بالصدمة صوب الشاطئ وانتشله قارب إنقاذ.\n وأدى الحادث الذي بثته محطات التلفزيون مباشرة على الهواء إلى إلغاء المسابقة النهائية مع جويان ويلسون.   ",
    "date_extracted": "2015-07-21 02:31:05"
}