{
    "url": "http://www.alwatan.com.sa/Sports/News_Detail.aspx?ArticleID=229923&CategoryID=6",
    "title": "الفيصلي يكثف تدريباته بآفيون",
    "author": "الرياض: بندر الوابصي",
    "content": " واصل لاعبو الفريق الأول لكرة القدم بنادي الفيصلي تدريباتهم على فترتين صباحية ومسائية وذلك في معسكر الفريق المقام حاليا بمدينة آفيون التركية، حيث أدوا تدريباتهم الصباحية في صالة الحديد وذلك بهدف رفع المعدل اللياقي والبدني للاعبين كافة، بينما تركز المران المسائي على النواحي البدنية واللياقية، تبعه تدريبات تكتيتكة وفنية تحت إشراف المدير الفني الروماني \"ليفيو كيوبتاريو\" الذي طبق العديد من الجمل الفنية ومنها التمرير السليم ونقل الهجمة من الدفاع إلى الهجوم ليختتم المران بمناورة على منتصف مساحة الملعب شهدت اللاعبين كافة بمن فيهم القائد عمر عبدالعزيز والمدافع فواز فلاته بعد أن أنهيا برامجهما اللياقية المُعدة لهما.\n من جهة أخرى، تبدأ إدارة الفئات السنية لكرة القدم بنادي الفيصلي باستقبال اللاعبين المستجدين \"ناشئين - شباب - أولمبي\" الراغبين بالتسجيل في الفئات السنية اعتبارا من بعد غد على ملاعب النادي بمدينة حرمة. ",
    "date_extracted": "2015-07-24 06:20:58"
}