{
    "url": "http://www.alwatan.com.sa/Culture/News_Detail.aspx?ArticleID=229961&CategoryID=7",
    "title": "فنون أبها تحتفي بإبداع الأطفال",
    "author": "ابها: مسعود آل معيض",
    "content": " شهد احتفال الأطفال الذي نظمه فرع الجمعية العربية السعودية للثقافة والفنون في أبها مساء أول من أمس في حديقة قرية المفتاحة، إقبالا كبيرا من قبل الأطفال وأسرهم، وقدم عدد من الأطفال لوحات فنية انتجت في المرسم الخاص الذي أقيم ضمن فعاليات الاحتفال. وشهد الاحتفال عروض الدمى المسلية، التي قدمت عددا من الشخصيات المحببة للأطفال، كما تضمن ألعابا متفرقة، ومسابقات، ومشاهد مسرحية مبسطة، إضافة إلى فقرات اكتشاف مواهب التقليد والإنشاد وغيرها.\n من جهته، أوضح مدير فنون أبها أحمد السروي أن هذه الفعالية خصصت كبطاقة معايدة للأطفال من قبل الجمعية، وهي تأتي ضمن مشاركات الجمعية في فعاليات مهرجان أبها الذي تشهده المنطقة هذه الأيام، مؤكدا أن الجمعية تسعى لتقديم برامج متنوعة وتناسب الفئات العمرية كافة، وتلبي احتياجات الشباب والأسر، خصوصا في فترة الصيف التي تشهد إقبالا كبيرا من قبل الزوار.  ",
    "date_extracted": "2015-07-25 01:38:33"
}