{
    "url": "http://www.alwatan.com.sa/Nation/News_Detail.aspx?ArticleID=229953&CategoryID=3",
    "title": "ميرنا المهندس في العناية المركزة",
    "author": "دبي: زاهر البشير",
    "content": " نفت أسرة الفنانة ميرنا المهندس وفاتها وهي الإشاعة التي انتشرت خلال اليومين الماضيين بقوة على وسائل التواصل الاجتماعي، مشيرة إلى أنها تعالج حاليا في أحد المستشفيات الخاصة بعد إصابتها بوعكة صحية شديدة، لم يتم الكشف عن حقيقتها حتى الآن حتى لأقرب أصدقائها. \n ودعا متحدث باسم الأسرة وسائل الإعلام إلى تحري الدقة، وعدم أخذ الأخبار من مصادر غير موثوقة، مشيرا إلى أن من شأن هذه الإشاعات أن تتسبب في مشكلات كثيرة مستقبلا.وأشار مصدر قريب من نقابة الممثلين المصرية إلى أن \"ميرنا ترقد في أحد أقسام العناية المركزة، وأن صحتها تتراجع\"، مشيرا إلى أن كثيرا من الفنانين زاروها في المستشفى.وسبق لميرنا إن أصيبت منذ سنوات بسرطان في القولون، وخضعت لعملية لاستئصاله، وتسبب ذلك المرض في حرمانها من تناول الطعام لعدة أشهر، حيث كانت تعيش على الفيتامينات والسوائل.  ",
    "date_extracted": "2015-07-25 01:36:58"
}