{
    "url": "http://www.alwatan.com.sa/Local/News_Detail.aspx?ArticleID=229948&CategoryID=5",
    "title": "وزير الحج: القيادة قدمت الغالي لخدمة الحرمين",
    "author": "جدة: واس",
    "content": " رفع وزير الحج الدكتور بندر بن محمد حجار، التهاني والتبريكات لخادم الحرمين الشريفين الملك سلمان بن عبدالعزيز، و ولي عهده، وولي ولي العهد، والأمتين العربية والإسلامية بمناسبة عيد الفطر المبارك، سائلا المولى جلت قدرته أن يعيده على الجميع بالخير واليمن والبركات، وينعم على المملكة بمزيد من الأمن والأمان والرخاء، وأن يحفظ لها قيادتها الرشيدة التي قدمت الغالي والنفيس في خدمة الحرمين الشريفين والمشاعر المقدسة للتيسير على قاصدي بيت الله الحرام والمسجد النبوي، وتحقيق أقصى سبل الراحة لأداء نسكهم بكل يسهر وسهولة.\n وتمنى الوزير خلال حفل المعايدة الذي أقامته وزارة الحج أول من أمس بمقرها في مكة المكرمة، للمعتمرين الذين وصل عددهم إلى 6 ملايين معتمر هذا العام أن ينعموا ببهجة الزمان وقدسية المكان أمام الكعبة المشرفة وفي رحاب مسجد المصطفى صلى الله عليه وسلم، تحيطهم جهود كبيرة وعمل متواصل، حيث قدمت لهم وزارة الحج والقطاعات الحكومية والأهلية التي عملت بروح الفريق الواحد كل ما في وسعها.\n وعبر حجار عن شكره لجميع القطاعات الحكومية والأهلية العاملة، خاصة قوة أمن الحج والعمرة التي أدت دورها بكل مهنية وإنسانية وتجلى ذلك في ليلة الـ27 من شهر رمضان، حيث كان التفويج سلسا وميسرا ولله الحمد. وأكد وزير الحج أهمية مثل هذه الاحتفالات في ترسيخ الألفة والمحبة والتسامح واستلهام القيم العظيمة المرتبطة بعيد الفطر المبارك في جو تسوده الحميمية ويعطره الإخاء ويفعمه الود والدعاء بقبول الأعمال الصالحة.\n إثر ذلك، ناقش حجار مع وكلاء الوزارة ومستشاريها الخطة التشغيلية للوزارة لاستقبال حجاج بيت الله الحرام لهذا العام ومراجعة آخر مستجدات مشاريع الوزارة.  ",
    "date_extracted": "2015-07-24 06:05:43"
}