{
    "url": "http://www.alwatan.com.sa/Sports/News_Detail.aspx?ArticleID=229831&CategoryID=6",
    "title": "أخضر الطائرة في المجموعة الحديدية عربيا",
    "author": "أبها: الوطن",
    "content": " أسفرت قرعة بطولة المنتخبات العربية الـ13 للكرة الطائرة، التي ستقام خلال الفترة من 4 إلى 15 أغسطس المقبل في المملكة المغربية عن وقوع المنتخب السعودي في المجموعة الحديدية، التي تضم منتخبات تونس والكويت وقطر ومصر فيما ضمت المجموعة الأولى البلد المستضيف المغرب والبحرين وعمان والعراق والإمارات والجزائر.\n وسيخوض الأخضر أولى مبارياته في البطولة أمام المنتخب القطري ثم الكويت ثم مصر وأخيرا تونس.\n وسيقيم المنتخب مرحلته الإعدادية الأخيرة في مصر لمدة 16 يوما بمشاركة 18 لاعبا، ويلعب خلاله عدة مباريات مع عدد من الفرق المصرية، وسبق هذا المعسكر مرحلتان المرحلة الأولى في الرياض والمرحلة الثانية في الطائف، ويشرف على تدريب أخضر الطائرة المدرب البلغاري \"جورج إيفانوف\" ومساعده الوطني خالد حمدان، وعمد المدرب إلى تطبيق العديد من الجمل التكتيكية في الإرسالات ومراكز 2 و3 و4 واستقبال الكرة الأولى للوقوف على مستوى اللاعبين وستتضح الرؤية من خلال المباريات الودية التي سيخوضها المنتخب خلال معسكره الحالي، وسيمنح المدرب الفرصة لجميع اللاعبين لاختيار التشكيلة المناسبة قبل بداية البطولة.\n من جهته، أكد نائب رئيس الاتحاد السعودي لكرة الطائرة رئيس البعثة بتال العتيبي أن المعسكر يسير حسب ما خطط له وجميع اللاعبين يؤدون دورهم على أكمل وجه، بإشراف من الجهاز الفني والإداري، وتمنى أن يحالف التوفيق الأخضر في تحقيق نتائج مميزة تؤكد أن مشاركته للمنافسة على اللقب العربي، رغم وقوعه في المجموعة الأقوى. ",
    "date_extracted": "2015-07-23 19:13:17"
}