{
    "url": "http://www.alwatan.com.sa/Nation/News_Detail.aspx?ArticleID=229899&CategoryID=3",
    "title": "جزء ثالث من سلسال الدم",
    "author": "القاهرة: الوطن",
    "content": " تستعد الفنانة عبلة كامل لبدء تصوير الجزء الثالث من مسلسلها \"سلسال الدم\" منتصف الأسبوع المقبل في أستوديوهات مدينة الإنتاج الإعلامي، تمهيدا لعرضه خلال شهر سبتمبر المقبل، وذلك بعد النجاح الكبير الذي حققه الجزآن: الأول والثاني. المسلسل دراما مأخوذة عن قصة حقيقية وقعت أحداثها في إحدى محافظات صعيد مصر خلال فترة التسيعينات، وتدور حول نصرة وهي أم لخمسة بنات قتل عمدة القرية الظالم زوجها، فتسعى للإنتقام منه، وليبدأ الصراع التقليدي بين الخير والشر. \n العمل من إنتاج قناة \"إم بي سي مصر\" ويشارك في بطولته: رياض الخولي وعلا غانم وهادى الجيار وأحمد سعيد عبدالغني ورامي وحيد ومنة فضالي وراندا البحيري وأميرة هاني وهو من تأليف مجدي صابر، وإخراج مصطفى الشال. ",
    "date_extracted": "2015-07-24 06:05:18"
}