{
    "url": "http://www.alwatan.com.sa/Politics/News_Detail.aspx?ArticleID=229867&CategoryID=1",
    "title": "مروحية تنقل جثماني شهيدين من نجران إلى محايل",
    "author": "محايل، الباحة: وحيد الحفظي، سلمان آل مقرح",
    "content": " نقلت طائرة مروحية تابعة للقوات البرية الملكية السعودية أمس، جثماني الشهيدين العريف حسن إبراهيم الختارشي، ووكيل رقيب إبراهيم مفرح المنجحي اللذين استشهدا أثناء المواجهة مع الميليشيات الحوثية المتمردة على الحدود بمنطقة نجران، وذلك إلى محافظة محايل عسير. \n وكان في مقدمة مستقبلي جثماني الشهدين، وكيل المحافظة علي بن إبراهيم فلقي، ومديرو الإدارات الحكومية، ومشايخ القبائل، كما تقدم وكيل المحافظة، ومدير شرطة محايل العقيد سعود المتحمي الصلاة على الشهيدين في جامع الملك فهد بحي الضرس، وقدما التعازي لوالديهما وأخوتهما وأقارب الشهيدين، داعيين الله سبحانه وتعالى أن يرحمهما ويتغمدهما بواسع رحمته.\n من جهتهم، عبر كل من شيخ قبائل المنجحة عامر بن يحيى العربي، وشيخ شمل قبائل آل ختارش محمد محمد أبوعلامة، ووالدي الشهيدين عن فخرهم واعتزازهم باستشهاد ابنيهم في ميدان الشرف وهما يدافعان عن الوطن، مقدمين شكرهم للقيادة الرشيدة على العناية والاهتمام وتوفير طائرة خاصة لنقل جثماني الشهيدين إلى المحافظة. \n من ناحية ثانية، نقل وكيل إمارة منطقة الباحة الدكتور حامد بن مالح الشمري، أول من أمس، تعازي ومواساة القيادة وتعازي أمير منطقة الباحة الأمير مشاري بن سعود بن عبدالعزيز، لأسرة شهيد الواجب سلمان بن سعيد الجندبي الزهراني، وذلك أثناء زيارته لمنزل الأسرة بقرية آل سرور التابعة لمحافظة القرى.\n وأكد الدكتور الشمري أن \"الشهيد نال شهادة العز والكرامة باذلا روحه فداء للوطن والدين\"، سائلا الله تعالى أن يتقبل الشهيد برحمته. \n وقال والد الشهيد سعيد الزهراني إن ابنه سلمان، رحمه الله، كان برتبة عريف وأصيب قبل قرابة الشهر أثناء مشاركته في ردع الميليشيات الحوثية على الشريط الحدودي بمنطقة جازان، وعلى إثر ما تعرض له من إصابة تم نقله إلى مستشفى القوات المسلحة بمدينة الرياض وبقي حتى وافاه الأجل ثاني أيام عيد الفطر متأثرا بإصابته، حيث تم دفنه هناك بالعاصمة الرياض، مشيرا إلى أن ابنه الشهيد كان من ضمن منسوبي القوات المسلحة الذين تمت زيارتهم ومعايدتهم في أول أيام العيد من قِبل رئيس هيئة الأركان العامة الفريق الركن عبدالرحمن بن صالح البنيان، حيث قلده نوط الشرف ونوط المعركة.\n بدورهم، عبَّر ذوو الشهيد عن شكرهم وتقديرهم للقيادة الرشيدة، ولأمير منطقة الباحة ولوكيل إمارة المنطقة، مؤكدين الاهتمام الدائم لحكومة خادم الحرمين الشريفين بأبنائها في كل مكان، ومشيرين إلى أن ابنهم استُشهد في ميدان العز والكرامة للدفاع عن هذا الوطن الغالي.  ",
    "date_extracted": "2015-07-23 17:44:24"
}