{
    "url": "http://www.alwatan.com.sa/Politics/News_Detail.aspx?ArticleID=229988&CategoryID=1",
    "title": "سيناء.. مقتل 7 إرهابيين",
    "author": "القاهرة: هاني زايد",
    "content": " لقي سبعة من عناصر من \"جماعة أنصار بيت المقدس\" الإرهابية مصرعهم وأصيب 15 آخرون في اشتباكات مع قوات الأمن في رفح بشمال سيناء. \n وقالت تقارير عسكرية إن اشتباكات عنيفة اندلعت بين قوات الجيش وعناصر من الجماعة في وقت مبكر من أمس بعد قيامهم بمحاولة الهجوم على الارتكازات الأمنية بمنطقة دوار قادود جنوب رفح باستخدام الأسلحة الثقيلة والجرانوف وقد ردت قوات الأمن بكثافة، فيما وقع انفجار بحي الكرامة جنوب العريش بعدما قام مجهولون بتفجير منزل أمين شرطة بالمنطقة، دون وقوع إصابات.\n وأعلنت مديرية أمن شمال سيناء، في بيان، أنه: تم توجيه عدة حملات مشتركة بالتنسيق مع القوات المسلحة استهدفت العناصر التكفيرية والبؤر الإجرامية بدوائر أقسام المحافظة، كما تم توجيه حملات أخرى مدعومة بمجموعات من قوات الأمن المركزي وإدارة البحث بالتنسيق مع فرع الأمن العام وإدارة الأمن الوطني.\n وتم تفجير تسع عبوات ناسفة كانت معدة ومجهزة لاستهداف القوات والمنشآت الحكومية والشرطية، كما تم عمل تمركزات أمنية متحركة وثابتة لفحص السيارات ومستقليها تحقيقا للتواجد الأمني الفعال ولردع العناصر التي تقوم بالتخطيط لارتكاب الأعمال الإرهابية ضد القوات والمنشآت الشرطية والعمل على ضبطها، فضلا عن ضبط 21 محكوما عليهم.\n على صعيد آخر، ارتفع عدد حالات الوفيات في حادث غرق مركب جزيرة الوراق بمحافظة الجيزة المصرية إلى 29 شخصا بعد انتشال 11 جثة جديدة.\n وأوضحت وزارة الصحة المصرية في بيان لها أمس أنه تم نقل الجثث المنتشلة إلى المشرحة، بينما لا تزال جهود البحث عن الضحايا مستمرة. ",
    "date_extracted": "2015-07-25 01:42:54"
}