{
    "url": "http://www.alwatan.com.sa/Local/News_Detail.aspx?ArticleID=229795&CategoryID=5",
    "title": "إحباط توزيع ٥ أطنان حلويات فاسدة",
    "author": "جدة: محمد الزايد",
    "content": " أحبطت بلدية الجنوب الفرعية التابعة لأمانة جدة خلال أيام عيد الفطر المبارك بيع وتوزيع خمسة أطنان من الحلويات الفاسدة المعروضة للبيع في عدد من الأسواق.\n وأوضح رئيس بلدية جنوب جدة المهندس محمد الزهراني، أنه ضمن جهود أمانة محافظة جدة المستمرة لحماية أمن وسلامة الغذاء المقُدم لسكان وزوار جدة وخلال الجولات الدورية على محال الصحة العامة، نفذت البلدية حملات مكثفة على المباسط العشوائية والمحال والباعة الجائلين في منطقة أسواق الصواريخ والأهدل.\n وأضاف أن الجولات أسفرت عن إتلاف كمية كبيرة من المواد الغذائية منتهية الصلاحية أو الفاسدة بسبب سوء الحفظ والتخزين وإزالة ٢٥ بسطة حلويات وأغذية بطاطس وبليلة وإتلاف ٥ أطنان من الحلويات والأغذية المنتهية الصلاحية ومصادرة نحو طن من الخضراوات وتسليمها للجمعية الخيرية، وتم عمل إشعارات إلكترونية لـ٣٠ محلا مخالفا لاتخاذ الإجراءات النظامية. ",
    "date_extracted": "2015-07-22 00:58:30"
}