{
    "url": "http://www.alwatan.com.sa/Discussion/News_Detail.aspx?ArticleID=229731&CategoryID=8",
    "title": "مهندس السياسة الخارجية",
    "author": "علي موسى العبدلي",
    "content": " خطابات سعود الفيصل الفاصلة كانت تجبر الجميع أن يقف أمامها بتمعن، ويستخرج من لغتها حدة في التعاطي، وحزما في المواقف، ودهاء في الرؤية. كانت تجسد موقفا سعوديا متزنا وواضحا وصريحا، أكسبت المملكة حضورها القوى على الخارطة السياسية وهيمنة في مبادراتها المشرفة.\n كان الفيصل يمتلك أدوات المحاور المحنك ووسيلة إقناع جعلته من رواد القادة السياسيين على مستوى العالم، أقوال مأثورة لزعماء حول العالم برهنت قيمة هذا الرمز الذي هو بمنزلة مدرسة يتعلم منها الجميع، كان مثالا للمسؤول المخلص والمتفاني في إيجاد حضور سياسي قوي لبلاده، فكانت خطاباته تتفوق بقوتها وتأثيرها ونتائجها.\n مهندس السياسية الخارجية السعودية الأمير سعود الفيصل - رحمه الله - الذي أفنى جل حياته في خدمة دينه ووطنه، وبعمل دؤوب طوال مسيرته جعل الصوت السياسي السعودي عاليا وقويا في جميع المحافل الدولية. رحمه الله، ما زال حاضرا بيننا بأقواله العظيمة وسيرته اللامعة ونهجه الفيصل.\n باسم الوطن وأبنائه، نشكرك أيها الرمز الساكن في قلوبنا، سائلين الله تعالى أن يتغمدك بواسع رحمته، ويسكنك فسيح جناته، وأن يلهمنا الصبر على فقدك يا سعود.  ",
    "date_extracted": "2015-07-21 02:32:18"
}