{
    "url": "http://www.alwatan.com.sa/Nation/News_Detail.aspx?ArticleID=229952&CategoryID=3",
    "title": "ثور ينطح امرأة حاولت أخذ سيلفي معه",
    "author": "سالمون (أيداهو): رويترز",
    "content": " نطح ثور وزنه طن امرأة بمتنزه يلوستون القومي الأميركي عندما حاولت التقاط صورة سيلفي معه، في خامس هجوم من نوعه يتعرض له السائحون ممن يتجاهلون تحذيرات بعدم الاقتراب من هذه الثديات.\n وقالت أمي بارتليت المتحدثة باسم المتنزه، إن \"المرأة البالغة من العمر 43 عاما وابنتها كانتا قد أعطيتا ظهريهما للثور قبل أن ينطح المرأة ليطيح بها في الهواء، وتصاب بجروح طفيفة\".\n وهذه هي الواقعة الخامسة من نوعها منذ مايو الماضي، والضحية ثالث زائرة تصاب وهي تحاول التقاط صورة مع ثور أميركي.\n وقالت المتحدثة إنه يجري تحذير ملايين من السائحين الذين يزورون المتنزه كل عام من خلال المنشورات واللافتات وشفاهيا بأن يبتعدوا مسافة 25 مترا على الأقل من الثيران والدب الأشهب.\n ويبدو أن بعض الرواد يتجاهلون هذه التحذيرات وهم يتدفقون على المتنزه الذي تبلغ مساحته 8800 كيلومتر مربع، ويمتد عبر ولايات وايومنج، ومونتانا، وإيداهو.\n وقالت بارتليت \"الناس لا يصدقون أنها حيوانات متوحشة أصلا وغير مأمونة الجانب، ويمكن أن تكون خطرة\".  ",
    "date_extracted": "2015-07-25 01:37:14"
}