{
    "url": "http://www.alwatan.com.sa/Sports/News_Detail.aspx?ArticleID=229832&CategoryID=6",
    "title": "الأسترالي راين ينتقل إلى فالنسيا",
    "author": "باريس: أ ف ب",
    "content": " أعلن نادي فالنسيا رابع الدوري الإسباني لكرة القدم أن حارس المرمى الدولي الأسترالي ماتيو راين الذي يدافع عن ألوان كلوب بروج البلجيكي منذ 2013، انضم إلى صفوفه لمدة ستة مواسم.\n وخاض راين (23 عاما) الذي كان أساسيا ضمن منتخب بلاده في مونديال البرازيل، 58 مباراة الموسم الماضي مع بروج الذي أنهى الموسم في المركز الثاني في الدوري المحلي.\n وقالت \"لايهون شان\" التي ترأس النادي منذ مطلع يوليو الجاري بعد استقالة الرئيس السابق أماديو سالفو، \"لم يكن من السهل إيجاد حارس مرمى من هذا المستوى للمشاركة في منافسات دوري أبطال أوروبا\".\n   ",
    "date_extracted": "2015-07-23 19:11:28"
}