{
    "url": "http://www.alwatan.com.sa/Local/News_Detail.aspx?ArticleID=229871&CategoryID=5",
    "title": "أمانة جدة تختم فعاليات عيدكم عيدنا",
    "author": "جدة: محمد الزايد",
    "content": " ختمت أمانة جدة فعاليات \"عيدكم عيدنا \" التي استمرت على مدار خمسة أيام وشملت عددا من الفعاليات الشعبية والألعاب النارية والعروض المسرحية في عشرة مواقع موزعة على مختلف مناطق محافظة جدة.\n وجاء ختام عيدكم عيدنا بفعالية مخصصة لذوي الاحتياجات الخاصة أقيمت في حديقة الإرادة التي تعتبر أول حديقة مخصصة لذوي الاحتياجات الخاصة بحضور أمين جدة الدكتور هاني أبو راس.\n وأكد أمين جدة على الاهتمام بالفعاليات المتخصصة لذوي الاحتياجات الخاصة، مطالبا بالاستمرار في تقديم كل ما هو جديد لهم ومن خلال فعاليات مستمرة طوال العام.\n وكانت فعاليات عيدكم عيدنا التي قدمت لذوي الاحتياجات الخاصة شملت الألعاب الترفيهية، كرة السلة، والألعاب الترفيهية للأطفال، والعروض الشعبية، واختتمت بتكريم المشاركين.  ",
    "date_extracted": "2015-07-23 19:13:06"
}