{
    "url": "http://www.okaz.com.sa/new/Issues/20150806/Con20150806787892.htm",
    "title": "أغنى 10 شخصيات على مدى تاريخ البشرية",
    "author": " وكالات (أمريكا)",
    "content": " أعدت مجلة «تايم» الأمريكية قائمة بأغنى 10 شخصيات على مدى تاريخ البشرية. \nوذكرت المجلة أن حاكم دولة مالي التي كانت أكبر دولة منتجة للذهب في حقبة القرون الوسطى، واسمه «مانسا موسى» من الصعب جدا حساب ثروته بدقة.\nويأتي في المرتبة الثانية مؤسس الامبراطورية الرومانية أوكتافيان أوغسطس، ويرى علماء الاقتصاد أن ثروة الامبراطور كانت تعادل نحو 4.6 تريليون دولار أمريكي.\nويحتل المرتبة الثالثة الامبراطور الصيني شين تسونغ زعيم إحدى أكبر الدول اقتصاديا التي كانت تنتج في القرن الحادي عشر نسبة 30 % من الناتج الإجمالي العالمي.\nأما المرتبة الرابعة فيحتلها الامبراطور المغولي «أكبر الأول»، وكانت امبراطوريته تنتج في القرن السادس عشر ربع الناتج الإجمالي العالمي، وكان أرستقراطيوه أغنى من الأرستقراطيين الأوروبيين.\nويأتي في المرتبة الخامسة جوزيف ستالين الذي كان يسيطر على أكبر اقتصادات العالم، إلى أن ثروة الاتحاد السوفيتي لم تكن ملكية له، لكن كان باستطاعته التصرف شخصيا بالقدرة الاقتصادية السوفيتية الهائلة.\nويأتي في المرتبة السادسة أمريكي صاحب شركة الحديد الأمريكية الذي بلغت ثروته 372 مليار دولار.\nواحتل المرتبة السابعة مؤسس الشركة الأمريكية «ستاندارت أويل» جون روكفلر الذي تقيم ثروته بـ 341 مليار دولار.\nويحتل المرتبة الثامنة فارس إقليم بريتان آلان أوبورن الذي شكلت ثروته وقت موته عام 1093 نحو 194 مليار دولار.\nويحتل المرتبة التاسعة أغنى رجال البشرية المعاصرة بيل غيتس الذي تقيم ثروته بـ 78.9 مليار دولار.\nأما مؤسس امبراطورية المغول جنكيز خان الذي يوصف بأنجح القادة العسكريين في كل الأزمنة، فيحتل المرتبة العاشرة في القائمة.\n ",
    "date_extracted": "2015-08-06 08:19:32"
}