{
    "url": "http://www.okaz.com.sa/new/Issues/20150806/Con20150806787827.htm",
    "title": "أنقرة ليست بحاجة إذن لمحاربة الإرهاب",
    "author": " عكاظ (بيروت)",
    "content": " أكد المحلل السياسي التركي ياسن اقطاي ان الحرب التي تشنها تركيا على الارهاب المتمثل بتنظيم داعش او بالمجموعات الكردية الانفصالية الارهابية «هي حرب شرعية» بعد سيل الممارسات الاستفزازية والاجرامية التي قامت بها هذه المجموعات ضد المصالح التركية وأمن واستقرار البلد.\nوأضاف اقطاي في تصريح خاص بـ«عكاظ»، «تركيا ليست بحاجة إذن من اي دولة او مجموعة لكي تدافع عن مصالحها وعن امنها واستقرارها، فهذه الحرب التي بدأت ضد الارهاب لن تتوقف قبل انهاء المخاطر والتهديدات الموجهة لتركيا وأمنها، هناك منطقة آمنة ستشكل بفعل هذه الحرب وهي ستضمن ابتعاد الارهابيين عن اي تماس مع الاراضي التركية».\nوختم اقطاي قائلا «تركيا ومنذ اللحظة الاولى وقفت الى جانب الشعب السوري وضد الارهاب، والدول التي حاولت الصاق تهمة دعم الارهاب بتركيا هي الدول نفسها التي اطلقت هذه المجموعات الارهابية ومولتها وسهلت سيطرتها على كثير من المواقع، إن في سوريا او في العراق». ",
    "date_extracted": "2015-08-06 08:20:05"
}