{
    "url": "http://www.okaz.com.sa/new/Issues/20150806/Con20150806787960.htm",
    "title": "أمير مكة ووزير الحرس الوطني يواسيان أسرة الجفالي",
    "author": " أحمد الصائغ (جدة)",
    "content": " واسى صاحب السمو الملكي الأمير خالد الفيصل مستشار خادم الحرمين الشريفين أمير منطقة مكة المكرمة، البارحة، أسرة الجفالي في وفاة الشيخ علي عبدالله الجفالي، الذي وافته المنية يوم الأحد الماضي، وأديت الصلاة عليه في المسجد الحرام، ودفن في مقبرة المعلاة.\nوأبدى الأمير خالد الفيصل، لدى زيارته مجلس العزاء، عميق حزنه، سائلا الله أن يتغمد الفقيد بواسع رحمته ويسكنه فسيح جناته ويلهم ذويه الصبر والسلوان.\nوقدم صاحب السمو الملكي الأمير متعب بن عبدالله وزير الحرس الوطني، وصاحب السمو الملكي الأمير عبدالله بن متعب بن عبدالله، لدى وصولهما مقر العزاء البارحة، أصدق المواساة، راجيين الله أن يتغمد الفقيد بواسع رحمته ويلهم ذويه الصبر وحسن العزاء.\nوتوافد عدد من الأهالي والأعيان والمسؤولين، البارحة، إلى منزل أسرة الفقيد الكائن في جدة حي البساتين طريق الملك شمال أتومول؛ لتقديم مواساتهم، بينما كان العزاء للنساء في منزل الفقيد في جدة ــ الأندلس جنوب مركز الخياط. كما استقبلت خطابات المواسين على فاكس 012669401. يذكر أن اليوم آخر أيام العزاء. ",
    "date_extracted": "2015-08-06 08:20:20"
}