{
    "url": "http://www.okaz.com.sa/new/Issues/20150806/Con20150806787823.htm",
    "title": "الدوابشة.. وضمير المحكمة الجنائية",
    "author": "",
    "content": " أثارت الجريمة الإرهابية البشعة لحرق الرضيع الفلسطيني علي الدوابشة من قبل متطرفين مستوطنين إسرائيليين استياء دوليا وعربيا واسع النطاق ضد إسرائيل. ولم تكتف السلطة الفلسطينية بتسليم المحكمة الجنائية الدولية في لاهاي ملف مقتل الرضيع الفلسطيني بل طالبت المحكمة بالإسراع في فتح التحقيق في الحادثة في ظل استمرار إسرائيل في ارتكاب جرائم حرب وجرائم ضد الإنسانية في حق الشعب الفلسطيني، تفعيلا لنظام المساءلة وإنهاء حقبة الإفلات من العقاب لمرتكبي هذه الجرائم.\nملف جرائم إسرائيل مليء بالإرهاب والقتل والتدمير، وما ملف الدوابشة إلا قطرة في بحر الإرهاب الإسرائيلي. والمطلوب من الأمم المتحدة والمنظمات العالمية التي اكتفت بالتنديد دعم موقف السلطة لتقديم القيادات الإسرائيلية للمحاكمة كمجرمي حرب، وعلى ضمير المحكمة الجنائية التحرك سريعا لمحاكمة المستوطنين الذين قتلوا الدوابشة خاصة أن السلطة قدمت ملفا متكاملا فيه من الوثائق والخرائط التي تدين المستوطنين في حرق الدوابشة وأسرته.\nإن استمرار الاحتلال الإسرائيلي في ارتكاب الجريمة تلو الأخرى ضد الشعب الفلسطيني سيعزز سياسة الإفلات من العقاب ويعمق المأساة الفلسطينية.\n\nفهيم الحامد ",
    "date_extracted": "2015-08-06 08:20:03"
}