{
    "url": "http://www.okaz.com.sa/new/Issues/20150806/Con20150806787897.htm",
    "title": "تسعيني يحلم بالماء والكهرباء",
    "author": " إبراهيم المتحمي (القنفذة)",
    "content": " يعيش التسعيني محمد عبدالله في مسكن متواضع بمفرده في قرية شصرة (50 كلم شمال شرق القنفذة)، إذ لم يسبق له الزواج، فأصبح في سني عمره الأخيرة يشكو الوحدة، لاسيما أن داره تفتقر لأبسط مقومات الحياة، مثل الماء والكهرباء التي يسمع عنها ولا يراها.\nويعتمد المسن محمد في تدبير احتياجاته اليومية على ما يتقاضاه من الضمان الاجتماعي، ويحلم أن يقضي ما تبقى من عمره في وضع أفضل مما هو عليه الآن.\nوقال محمد: «أتمنى أن أجد مسكنا ملائما يتوافر فيه الماء والكهرباء، سئمت من شظف العيش وقسوة الحياة التي عشتها على مدى تسعة عقود»، لافتا إلى أنه يعتمد في تدبير احتياجاته اليومية على راتب الضمان الذي يتقاضاه، إضافة إلى هبات المحسنين. ",
    "date_extracted": "2015-08-06 08:19:28"
}