{
    "url": "http://www.okaz.com.sa/new/Issues/20150806/Con20150806787899.htm",
    "title": "«البركة» تقدم 6193 هدية للأرامل والأيتام",
    "author": " خالد البلاهدي (الدمام)",
    "content": " أكد المهندس خالد بن عبدالعزيز الشلالي نائب رئيس مجلس إدارة جمعية البركة الخيرية للخدمات الاجتماعية نجاح مشروع «الطرد الخيري» والذي كان الأكبر على مستوى المملكة من نوعه ويهدف لجمع التبرعات العينية للأرامل وأيتام جمعية البركة الخيرية.\nوأوضح مدير مشروع الطرد الخيري أحمد راشد الدوسري أن جمعية البركة الخيرية والبريد الممتاز حققا الهدف المنشود من وراء هذا المشروع الخيري وهو مشاركة الأيتام والارامل فرحة العيد وإدخال السرور على نفوسهم، مبينا أن اجمالي الهدايا العينية بعد الجرد النهائي بلغت 6193 هدية لأرامل وأيتام جمعية البركة الخيرية. \nوذكر أن فكرة المبادرة الخيرية التي تبناها البريد الممتاز ممثلا بقطاع البريد الممتاز بالمنطقة الشرقية بالتعاون مع جمعية البركة الخيرية للخدمات الاجتماعية تأتي في إطار برامج المسؤولية الاجتماعية، ودعما للعمل الخيري والإنساني الذي تعودت عليه المملكة العربية السعودية بهدف إسعاد الفقراء وإشراك المجتمع في هذا العمل الخيري والإنساني.\nيذكر أن مشروع الطرد الخيري قد تم تنفيذه من قبل في مدينتي الرياض والمدينة المنورة، وقد حظيت المبادرة بالقبول من كافة فئات المجتمع. ",
    "date_extracted": "2015-08-06 08:19:30"
}