{
    "url": "http://www.okaz.com.sa/new/Issues/20150806/Con20150806787865.htm",
    "title": "أندية بلا ديون!!",
    "author": "",
    "content": " تقف الأندية الرياضية السعودية على حافة كوارث مالية كبيرة؛ جراء الديون الثقيلة التي تسببت بها التخبطات الإدارية وضعف التخطيط الاستثماري من القائمين عليها، وهو الأمر الذي من شأنه أن يقودها إلى غياهب المجهول ومزيد من الإخفاقات في مختلف المنافسات وعلى جميع المستويات، وبتعالي أصوات المتضررين لدى محاكم الفيفا ولجنة فض المنازعات السعودية تبدو الصورة قاتمة فيما يتعلق بمصير هذه الأندية إن لم تحظ بطوق نجاة يتمثل في خصخصتها وإعادة الاستثمار فيها بما يواكب العصر ويزيد من القيمة السوقية لها. وبين فترة وأخرى تضطر الرئاسة العامة لرعاية الشباب للتورط في دعم بعض الأندية المتعثرة، إما ماليا أو عبر مساعدات لوجستية للخروج من مآزق التعثر المالي والهبوط إلى درجات أقل، في وقت ينتظر أن تدعم الخطط المقترحة للحد من هذه الترهات الثقيلة المؤثرة بوضوح على رياضتنا السعودية ووصل ضررها إلى المنتخبات الوطنية. نعول كثيرا في أن يفعل الأمير عبدالله بن مساعد ما كان قد تطرق له في حوار المسؤولية المشتركة التابع لـ «عكاظ» حول وضع آلية وسقوف محددة للتعاقدات والصرف من ميزانيات الأندية ونحوها، قبل أن لا يأتي يوم لا ينفع معه الاستجداء وتتلاشى معه الحلول.\n\n\nمحمد النعمي\n ",
    "date_extracted": "2015-08-06 08:20:12"
}