{
    "url": "http://www.okaz.com.sa/new/Issues/20150806/Con20150806787808.htm",
    "title": "درس يحتذى في التسريع بتنفيذ المشاريع المخططة",
    "author": " حازم المطيري (الرياض)",
    "content": " قال رئيس اللجنة الوطنية للمقاولين ورئيس اتحاد المقاولين العرب فهد الحمادي: إن إنجاز مشروع قناة السويس الجديدة يعتبر فخرا للوطن العربي ودرسا يحتذى به لدى الدول العربية في كيفية التسريع في تنفيذ المشاريع المخططة لها في خدمة بلدهم، والتي تؤدي إلى تنمية اقتصادهم ودفع عجلة التنمية. وأضاف أن المؤشرات تتوقع زيادة عائدات قناة السويس بنسبة 259 بالمئة عام 2023 ليكون 13.226 مليار دولار، مقارنة بالعائد الحالي 5.3 مليارات دولار فإن القدرة الاستيعابية ستكون 97 سفينة قياسية في اليوم عام 2023 بدلا من 49 سفينة يوميا عام 2014، بالإضافة إلى أنها ستمكن السفن من العبور المباشر دون توقف لـ 45 سفينة في الاتجاهين، وسينعكس المشروع على زيادة الدخل القومي المصري من العملة الصعبة، وتحقيق أكبر نسبة من العبور المزدوج للسفن على طول المجرى الملاحي، وتقليل زمن الانتظار وبالتالي تلبية الزيادة المتوقعة في حجم التبادل التجاري.\nوتعظيم القدرات التنافسية للقناة وتمييزها عن القنوات المماثلة ورفع درجة التصنيف العالمي للمجرى الملاحي نتيجة زيادة معدلات الأمان الملاحي أثناء مرور السفن وتطوير 3 مناطق اقتصادية رئيسية في بورسعيد، الإسماعيلية والقنطرة شرق، السويس والعين السخنة.\nوذكر الحمادي أن التنفيذ الصحيح للمشاريع يؤدي إلى تكاتف بعض الجهات المسؤولة عن التنمية في زيادة التنمية لدى البلاد، والدليل على ذلك طبقا لبعض التصريحات أن البنك الدولي شريك ثابت لمصر وشعبها في العمل على تعزيز الرخاء المشترك وإنهاء الفقر، وتضم المحفظة القائمة للبنك 25 مشروعا بإجمالي ارتباطات 4.9 مليارات دولار، كما تضخ 43 مليون دولار من صناديق خاصة بإجمالي ارتباطات 190.2 مليون دولار، ويمول البنك مشاريع تفيد الشعب المصري بقطاعات الطاقة، والنقل، والمياه، والصرف الصحي، والزراعة، والري، والصحة والتعليم.\n ",
    "date_extracted": "2015-08-06 08:19:55"
}