{
    "url": "http://www.okaz.com.sa/new/Issues/20150806/Con20150806787889.htm",
    "title": "مصادرة 250 كجم لحوم مجهولة المصدر",
    "author": " عبدالله القرني (الرياض)",
    "content": " صادرت بلدية الدلم 250 كلغ من اللحوم مجهولة المصدر مخزنة داخل سكن للعمال.\nوقال رئيس بلدية الدلم المهندس فارس بن محمد القحطاني: تمت عملية الضبط بعد ملاحظة الجهة الرقابية بالبلدية وجود تحركات غير طبيعية بالموقع في الفترة المسائية، مما استدعى مراقبة دامت قرابة أسبوعين لرصد جميع التحركات للتأكد من وجود مخالفات تستدعي تدخل البلدية.\nوأكد عدم التهاون فيما يمس حياة المواطن، مشيرا إلى تطبيق أقصى العقوبات المنصوص عليها في اللوائح والأنظمة.\n ",
    "date_extracted": "2015-08-06 08:19:47"
}