{
    "url": "http://www.okaz.com.sa/new/Issues/20150806/Con20150806787901.htm",
    "title": "خيرية الحكامية تكرم الفرق التطوعية",
    "author": " موضي البكاري (جازان)",
    "content": " كرمت جمعية البر الخيرية بمركز الحكامية 11 فريقا تطوعيا تابعا لها في حفل المعايدة التي تضمن عروضا للمبادرات التطوعية التي قدمتها الفرق وفقرات إنشادية وقصائد شعرية.\nوبين مشرف الفرق التطوعية بالجمعية أن عدد الفرق التطوعية الشبابية بالجمعية بلغ 11 فريقا، وعدد أعضائها 269 عضوا، وعدد الفرق التطوعية النسائية 10 فرق، ينتمي لها 290 عضوة، مشيرا إلى أن المناسبة تضمنت إطلاق مسابقة بعنوان «مبادرون». ",
    "date_extracted": "2015-08-06 08:20:20"
}