{
    "url": "http://www.okaz.com.sa/new/Issues/20150806/Con20150806787875.htm",
    "title": "بواتينغ من شالكة إلى سبورتينغ لشبونة",
    "author": " أ. ف. ب (لشبونة)",
    "content": " وصل مهاجم المنتخب الغاني وفريق شالكة الألماني لكرة القدم كيفن برانس بواتينغ إلى العاصمة البرتغالية لتوقيع عقد مدته عامان مع سبورتينغ لشبونة، وعرضت القنوات التلفزيونية المحلية صورا لوصوله إلى المطار أمس لإنهاء جميع الأمور المتعلقة بالتعاقد بعد الاتفاق عليها مسبقا، حيث أصبح النجم الألماني قائدا لهجوم لشبونة بعد أن أنهى علاقته بفريقه السابق شالكة الذي انضم إليه في 2013، لكنه تخلى عنه في مايو الماضي بعد أن رفض تجديد عقده. \nودافع بواتينغ (28 عاما) عن ألوان هرتا برلين وهو في الثامنة عشرة، ثم لعب مع بوروسيا دورتموند وبورتسموث الإنجليزي قبل الانتقال إلى ميلان الإيطالي ولعب معه 101 مباراة، وأخيرا مع شالكة (60 مباراة). \nوخاض كيفن برانس بواتينغ 15 مباراة دولية مع منتخب غانا، لكنه استبعد عن التشكيلة في مونديال 2014 في البرازيل، وهو الشقيق الأكبر لمدافع منتخب ألمانيا وبايرن ميونيخ جيروم بواتينغ (27 عاما).\n ",
    "date_extracted": "2015-08-06 08:20:17"
}