{
    "url": "http://www.okaz.com.sa/new/Issues/20150806/Con20150806787832.htm",
    "title": "هدفنا تطهير جبل صبر وتعز",
    "author": " نصير المغامسي (جدة)",
    "content": " توقع محمد بن مقبل الحميري رئيس مجلس أعيان محافظة تعز والناطق باسم المجلس التنسيقي للمقاومة الشعبية أن يعلن خلال الأيام القادمة وبشكل رسمي عن بدء عملية تحرير تعز، بعد أن حققت المقاومة تقدما واضحا في كثير من مواقع المحافظة التي كانت تحت سيطرة الحوثيين وقوات الرئيس المخلوع على صالح.\nوأشار في تصريحات لـ «عكاظ» إلى أن المقاومة قامت بتطهير منطقة جبل صبر بالكامل من الحوثيين واقتربت من مطار تعز ومنطقة الحوبان، وبانتظار بدء عمليات تحالف الحزم الجوية للمساعدة في اقتحام تلك المواقع،\nمؤكدا بأن الحوثيين وقوات المخلوع صالح مازالوا يتكبدون خسائر كبيرة في الأرواح والمعدات العسكرية، والتي كان آخرها قصف قوات التحالف العربي لميليشياتهم المتواجدة بمنطقة القاعدة والمفرق والحوبان والمدخل الشرقي لمدينة تعز التي تشهد الآن مواجهات هي الأعنف منذ سقوط المدينة في أيدي الحوثيين قبل أربعة أشهر. ",
    "date_extracted": "2015-08-06 08:20:07"
}