{
    "url": "http://www.okaz.com.sa/new/Issues/20150806/Con20150806787855.htm",
    "title": "أفـا",
    "author": " طارق على فدعق",
    "content": " أتذكر كلمات أحد أساتذتي الكرام منذ حوالى خمسين سنة عندما قال لي إن في بعض الأحيان يستحق العالم بأكمله اللوم على الأوضاع الإنسانية غير الصحيحة، وأن لا نخجل من الإفصاح عن ذلك.. وكلمة «أفـا» من أجمل الكلمات التي ترمز إلى اللوم بأبعاده المختلفة.. خطرت على بالي هذه الأفكار عندما قرأت أخبار الأسد «سيسل» على وزن «ديزل». والقصة هنا أن أحد أطباء الأسنان الأمريكيين سافر في رحلة صيد إلى دولة «بوتسوانا» في أفريقيا، ودفع مبلغ ما يعادل حوالى مائتي ألف ريال إضافية لصيد الأسد المعروف في الأوساط البوتساونية باسم «سيسل». وكان يتمتع هذا الحيوان بشهـرة واسعة النطاق، بل كان من نجوم المحمية الطبيعية في البلاد. تم استدراجه إلى خارج المنطقة المحظورة لاصطياده، ثم رماه الطبيب بسهم لم يقضِ عليه مباشرة فحاول الهـروب ومات بعدها بيوم. وكانت هذه هي بداية القصة وليست نهايتها، فقد أصبح الطبيب الصياد هو الفريسة الآن، وهو مختبئ منذ انتشار الخبر لأنه أصبح مطلوبا من السلطات الرسمية لارتكابه مجموعة مخالفات ومنها استدراج الأسد إلى خارج المحمية الطبيعية لقتله.\n وقد انتهيت أيضا هذا الأسبوع من قراءة قصة خيالية بعنوان «المريخي» the Martian وتدور أحداثها حول رائد فضاء ترك بالخطأ في رحلة إلى المريخ. وتدور أحداث القصة العلمية حول جهوده للبقاء حيا، ولمحاولات إنقاذه. ويهـرع العالم بأكمله لإنقاذ رائد الفضاء في تصعيد الإيحاء أن حياة الإنسان لها أهمية كبرى حتى ولو كان إنسانا واحدا.. ”يعني يعني” ان الدنيا بخير.. وللعلم فهذه إحدى أكثر الكتب مبيعا في أمريكا اليوم وقوتها الأساسية هي في وجاهتها العلمية لأن وصف الجوانب العلمية والهندسية والحسابية دقيقة جدا، ولكن الجوانب الإنسانية في إنقاذ رائد الفضاء المنكوب جعلتها أكثر رواجا.\n طيب لنترك «البكش» على جنب، وننظر في الأوضاع الحقيقية للإنسانية حول العالم، وبالذات أوضاع الشرق الأوسط. إذا كانت هناك قسوة تمارس ضد الحيوانات تحشد وراءها ملايين الأصوات.. وإذا كانت هناك جوانب إنسانية لإنقاذ رائد فضاء تبرر بيع ملايين الكتب، فماذا عن وضع إخواننا وأخواتنا القتلى والجرحى والمشردين السوريين؟ أولوياتهم تفوق جميع الأسود في العالم. وماذا عن أوضاع إخواننا وأخوتنا في فلسطين، وفي جميع الدول التي نرى ونسمع عن القتل والنهب فيها؟.\n أتذكر من دروس التاريخ أن الحركات الاستعمارية كانت تبتكر أحدث الأساليب «لتبلد» أحاسيس العالم عما يدور في البلدان المستعمرة الغلبانة... كان التركيز على طمس التراث الحضاري للدول المستعمرة من مصر، وفلسطين، وسوريا، والعراق، وإخفاء الممارسات القمعية العنيفة من القوى الاستعمارية لتقليص أهمية الإنسان. وقد ذكرت في مقال سابق قصة خيالية هولندية بعنوان «ماكس هافلار» كتبت عام ١٨٦٠ لتفضح ممارسات المؤسسات الاستعمارية الهولندية في إندونيسيا آنذاك.\n أمـنـيـة\n من الصعب أن نتخيل أن تكون بداية القرن الواحد والعشرين سوداء لهذه الدرجة التي تسلب فيها الأرواح والحقوق الإنسانية الأساسية بكل سهولة، والعالم لا يكترث. أتمنى أن يدرك البشر أن أولويات العمل الإنساني تبدأ من الاهتمام بالإنسان قبل الحيوان، وأن السكوت عن الظلم، أو اللامبالاة نحوه هي من أوجه ممارسته.. والله يشهد على ما أقول.\n وهو من وراء القصد.\n \n للتواصل أرسل sms إلى 88548 \n الاتصالات ،636250 موبايلي، 738303 \n زين تبدأ بالرمز 122 مسافة ثم الرسالة\n   ",
    "date_extracted": "2015-08-06 08:19:37"
}