{
    "url": "http://www.okaz.com.sa/new/Issues/20150806/Con20150806787810.htm",
    "title": "بحث تعزيز التمويل والتطوير العقاري",
    "author": " عكاظ (الرياض)",
    "content": " فيما بحثت وزارة الإسكان ومؤسسة النقد العربي السعودي «ساما» تعزيز سبل التمويل العقاري، أكد وزير العدل رئيس المجلس الأعلى للقضاء الشيخ الدكتور وليد بن محمد الصمعاني دعم وزارة العدل لاستراتيجية وزارة الإسكان، في سبيل تمكين المواطن من السكن المناسب في جميع مناطق المملكة في إطار عناية حكومتنا الرشيدة بخدمة المواطن في جميع المجالات وتوفير الحياة الكريمة له.\nفيما أشاد وزير الإسكان بالتعاون والتنسيق المستمر مع وزارة العدل في سبيل تطوير وتنمية المجال العقاري بالمملكة.\nجاء ذلك خلال استقبال وزير العدل رئيس المجلس الأعلى للقضاء الشيخ الدكتور وليد الصمعاني بمكتبه بديوان الوزارة أمس وزير الإسكان ماجد الحقيل.\nإلى ذلك، استقبل محافظ مؤسسة النقد العربي السعودي «ساما» الدكتور فهد بن عبدالله المبارك في مكتبه بالمؤسسة أمس، وزير الإسكان ماجد بن عبدالله الحقيل، حيث ناقشا سبل تعزيز التنسيق والتعاون بين مؤسسة النقد ووزارة الإسكان لتنمية القطاع العقاري، ودور قطاع التمويل العقاري في تعزيز استقرار السوق العقارية.\nحضر الاستقبال المستشار الدكتور علي بن سليمان العطية، ووكيل وزارة الإسكان للدراسات والبحوث المهندس محمد بن عبدالله الزميع، ومدير عام صندوق التنمية العقارية المهندس يوسف بن عبدالله الزغيبي ووكيل محافظ المؤسسة للعمليات المصرفية هاشم بن عثمان الحقيل، ومدير عام الرقابة على شركات التمويل ثامر بن محمد العيسى. ",
    "date_extracted": "2015-08-06 08:19:56"
}