{
    "url": "http://www.okaz.com.sa/new/Issues/20150806/Con20150806787868.htm",
    "title": "السوبر بصافرة الإنجليزي باوسون",
    "author": " متعب العبيد (الرياض)",
    "content": " أعلن الاتحاد السعودي لكرة القدم عن تعيين طاقم حكام إنجليزي لقيادة السوبر السعودي المقام في العاصمة البريطانية لندن، والتي ستجمع بين فريقي الهلال والنصر في ١٢ أغسطس الجاري. ويتكون الطاقم من كريج باوسون وهو حكم ساحة، ومايك مولركي مساعد أول، وستيف شايلد مساعد ثاني، وأما الحكم الرابع فهو كيفن فرند.\n ",
    "date_extracted": "2015-08-06 08:20:13"
}