{
    "url": "http://www.okaz.com.sa/new/Issues/20150806/Con20150806787771.htm",
    "title": "العرفج: تطوير الأداء بتوسعة الصلاحيات",
    "author": " محمد الجاسر (بريدة)",
    "content": " طالب المهندس منصور العرفج رئيس المجلس البلدي ببريدة، بتوسيع صلاحيات المجالس البلدية للنهوض بأدائها، وتساءل: كيف يطالب المجلس بنتائج وإنجازات وليست لديه الأداة التي تمكنه من ذلك؟ فلا بد أن تكون صلاحياته أكثر تخصصا وعمقا داخل الجهاز البلدي بحيث يكون سلطة يحسب لها الموظفون ألف حساب.\nوأكد على ضرورة زيادة صلاحيات المجلس في المراقبة والمحاسبة وإيجاد التفاهم بين المجالس والأمانات أو البلديات ليثمر عن تعاون في إدارة ومتابعة العمل البلدي، فبدون هذا التفاهم يصعب الوصول إلى النتائج.\nوأوضح أن تقديم الخدمات البلدية للمواطنين هو بالأساس حق من حقوقهم يجب توفيرها لهم بالقدر الكافي وبأقصر وقت ممكن، وأكد أن تقويم أداء عمل المجلس البلدي يتحقق من ثقة المواطن في دور أعضاء المجلس وقدرتهم على توفير وتنفيذ الخدمات البلدية. \nوعن ما قدمه المجلس البلدي ببريدة للمواطنين أجاب: نفذ المجلس عددا من الزيارات واللقاءات وورش العمل والاجتماعات في إطار اهتمامه بالاستماع للمواطنين والتعرف على مطالبهم وحصرها وفرزها ودراستها وإحالتها إلى الجهات المختصة بالأمانة ومتابعة تنفيذها. ",
    "date_extracted": "2015-08-06 08:19:44"
}