{
    "url": "http://www.okaz.com.sa/new/Issues/20150806/Con20150806787772.htm",
    "title": "فريق الاستراتيجية الوزاري يبحث التوازن والاستدامة في التنمية",
    "author": " عكاظ (الدمام)",
    "content": " عقدت لجنة الفصل في الطعون والمخالفات الانتخابية بالمنطقة الشرقية والتي تم تكليفها من المهندس عبداللطيف بن عبدالملك آل الشيخ وزير الشؤون البلدية والقروية، اجتماعها الأول أمس الأول في مقر أمانة المنطقة، برئاسة الدكتور عبدالواحد المزروع، وعضوية كل من المحامي سعود الحمام والمحامي عبدالله الغامدي وحضور المنسق العام ورئيس لجان الانتخابات البلدية بالمنطقة الشرقية عبدالعزيز بن إبراهيم الحافظ.\nوأوضح د. المزروع أن الاجتماع يهدف إلى وضع خطة عمل واضحة نسعى من خلالها لتقديم كل ما نستطيع من أجل تسهيل مهام المرشحين للانتخابات والناخبين وفق ضوابط وأنظمة تضمن لكل شخص حقه وفق أنظمة ولوائح الانتخابات.\nوقال: نسعى لمعالجة أي مشكلة تأتي إلينا مع وضع آلية واضحة بحيث نحرص على عدم تكرار المشكلة، وإعطاء كل ذي حق حقه ومنع أي إشكال قد يحدث على الناخب أو المرشح.\nوبين أن هناك اجتماعا دوريا للجنة مرتين كل أسبوع للنظر في أي طعون قد ترد من المرشحين أو الناخبين، بالإضافة إلى عقد اجتماع استثنائي في حال تطلب الأمر ذلك.\nوفي ذات الإطار استضافت أمانة المنطقة الشرقية أمس، ورشة عمل بعنوان «رؤية وزارة الشؤون البلدية والقروية»، بحضور أمين المنطقة الشرقية بالإنابة المهندس جمال بن ناصر الملحم، وذلك بفندق شيراتون الدمام.\nوناقشت الورشة التي قدمها «فريق الاستراتيجية» بالوزارة، رؤية الوزارة الرامية إلى تحقيق التوازن والاستدامة في التنمية الحضرية في إطار من العدالة والتنافسية في جميع مناطق المملكة ومدنها، والرسالة التي تسعى من خلالها الوزارة لإيجاد بيئات حضرية ذات كفاءة عالية تستجيب لاحتياجات وتطلعات الأجيال الحالية والقادمة وتعزز معايير جودة الحياة والازدهار بتضافر جهود جميع شركاء التنمية وفق عمل مؤسسي وبمشاركة مجتمعية.\nكما تناولت الورشة الأهداف الاستراتيجية للوزارة، المتمثلة في تحسين مستوى التنمية الحضرية وبناء مدن ذات أداء عالٍ اقتصادياً واجتماعياً وبيئياً وثقافياً بما يحقق جوانب الازدهار وجودة الحياة، وتطوير التشريعات والأنظمة التي تحكم التنمية الحضرية لتحقيق التكامل المكاني والقطاعي والتنمية المستدامة بين مراكز النمو الوطنية والإقليمية والمحلية وتسهم في تقليص الفجوة بين المناطق والمدن بجميع مستوياتها.\n ",
    "date_extracted": "2015-08-06 08:19:44"
}