{
    "url": "http://sabq.org/O9Agde",
    "title": "&quot;أدبي جدة&quot; ينظّم دورة &quot;أسس الإبداع في البحث العلمي&quot;",
    "author": "سبق- جدة:",
    "content": " سبق- جدة: يقدّم الدكتور عبدالرحمن بن رجا الله السلمي، عضو مجلس إدارة النادي الأدبي بجدة والمدير الإداري، اليوم السبت، دورة بعنوان: \"أسس الإبداع في البحث العلمي\"، بنادي جدة الأدبي، ضمن مبادرات عبداللطيف جميل الاجتماعية.   وتستمر الدورة ثلاثة أيام من الساعة 11 مساءً إلى الثانية صباحاً؛ حيث يكون التسجيل فيها عن طريق موقع النادي.   وتهدف الدورة إلى تحفيز الإبداع في أسس البحث العلمي، وتنمية المواهب الأدبية بأسلوب احترافي يُساهم في صقل الموهبة واستمراريتها وإنتاجها للأعمال الراقية المنافسة.   وقال الدكتور عادل باناعمة رئيس اللجنة التنفيذية للمبادرة: تُعَدّ هذه المبادرة نموذجاً إيجابياً للتعاون بين القطاعين الخاص والحكومي، وهو ما تحتاج إليه الكثير من القطاعات، وعلى رأسها قطاع الإنتاج الأدبي والثقافي؛ خصوصاً في ظل قلة الفرص التي تدعم المواهب الشابة. ",
    "date_extracted": "2015-07-21 02:42:37"
}