{
    "url": "http://sabq.org/k9Agde",
    "title": "&quot;آل زاهر&quot; يدشّن مرسمه الضوئي بـ&quot;المفتاحة&quot; ضمن &quot;ليالي أبها&quot;",
    "author": "سبق- أبها:",
    "content": " سبق- أبها: دشّن الفنان الفوتوغرافي طارق آل زاهر، المرسم الضوئي الخاص به بمركز الملك فهد الثقافي في \"قرية المفتاحة\"، خلال فعاليات ملتقى ليالي أبها الرمضانية.   وأوضح \"آل زاهر\" أن المرسم عبارة عن استديو للتصوير ومعرض لأعماله؛ مشيراً إلى أن المرسم سيستضيف -خلال فعاليات الملتقى- نخبة من فوتوغرافي المنطقة.   وأضاف أن المعرض في أولى أيامه استضاف الفوتوغرافي عبدالرحمن شامي؛ بينما سيتناوب في الأيام الـ٣ المقبلة استضافة عبدالرحمن بن علي، ومحمد البارقي، وزيد آل زيد؛ على أن يخصص المرسم يومين للنساء، من خلال استضافة الفنانة الفوتوغرافية أمل العسيري.   وأكد أن المرسم لن يقتصر على الملتقى؛ بل سيكون دائماً على مدار العام؛ مشيراً إلى أنه يطمح من خلاله إلى عرض أعماله، وإيجاد نافذة للتواصل مع المجتمع.   على صعيد الفعاليات الأخرى بالملتقى، استضافت جلسة السمر، الشعراء: سعيد الطواشي، محمد بن نغموش، خالد بن محسن، محمد بن جابر، والمنشدين: خالد حامد، محمد فرحان، حسن حضرم، سعيد حامد.   وغلب على السمر التغني بالوطن وجنوده الذين يذودون عنه على الحدود، من قِبَل الشعراء والمنشدين، إضافة لبعض الموروث الذي تُشتهر به المنطقة.   وتَوَاصلت فعاليات مسرح ومرسم الطفل، وسط حضور متزايد؛ في حين انطلق دوري البلاي ستيشن ضمن الفعاليات الشبابية بالملتقى. ",
    "date_extracted": "2015-07-21 02:42:38"
}