{
    "url": "http://sabq.org/mUBgde",
    "title": "مياه الصرف والروائح الكريهة تُحاصر أهالي &quot;حي الجامعة&quot; بجدة",
    "author": "سبق- جدة:",
    "content": " سبق- جدة: شكا أهالي حي الجامعة بجنوب جدة من الروائح الكريهة التي دخلت إلى منازلهم، جراء فيضان إحدى غرف الصرف الصحي بشارع الوادي منذ ثلاثة أيام، وأكدوا أن كميات تدفق المياه في الشارع تزداد دون تدخل من الجهات المختصة؛ برغم أن غرفة الصرف الصحي تقع أمام مسجد الهداية الذي قَلّ فيه المصلون بسبب الأزمة الحاصلة التي تَضَايق منها المصلون؛ وخاصة كبار السن ومرضى الربو والحساسية.   وقال فيصل الحربي أحد سكان الحي: إن هذه المشكلة لم تحدث من قبلُ بهذه الكمية التي أصبحت تُنذر بالغرق، ونحن في أيام لها فضل عظيم، والمصيبة الكبرى وقوعها أمام أحد بيوت الله تعالى دون تجاوب من الجهات المختصة.   وأفاد \"الحربي\" بأنه قام بإبلاغ شركة المياه الوطنية بالمشكلة دون تجاوب؛ مناشداً بضرورة تدخل المختصين لحل هذه الأزمة؛ كوننا مقبلين على أيام تُعَدّ من أجمل أيام العمر فرحاً وسروراً وسعادة، وهي أيام عيد الفطر المبارك.   من جانبه، قال مؤذن مسجد الهداية: إن عدد المصلين انخفض في المسجد لعدم وجود طريق يؤدي له؛ كون جميع الطرق متسخة؛ مما اضطر المصلين إلى  الذهاب لمساجد أبعد للصلاة فيها.   وأفاد بأنه قد قام بإبلاغ شركة المياه الوطنية قبل تضخّم الأزمة؛ ولكن دون تجاوب. ",
    "date_extracted": "2015-07-21 02:44:15"
}