{
    "url": "http://sabq.org/IKBgde",
    "title": "بعد غياب 3 سنوات.. &quot;أبل&quot; تعيد &quot;آيبود&quot; إلى الحياة",
    "author": "أحمد علي- سبق- القاهرة:",
    "content": " أحمد علي- سبق- القاهرة: كشفت تقارير صحيفة عديدة عن أن شركة \"أبل\" الأمريكية تجهز لأن تعيد إلى الحياة جهاز الاستماع للموسيقى الشهير الخاص بها \"آيبود\"، وستقدم يوم 14 يوليو موديلات حديثة لجهاز آيبود تتش، وآيبود شفلو، وآيبود نانو الأسبوع المقبل.   لم تطور الشركة هذه المنتجات منذ الإصدار الخامس لعام 2012، لذا ستقوم الشركة بعمل مواصفات مميزة لمنتجاتها، فسوف تطرح المعالج الخاص بسرعة 64 بيت مقارنة بالمعالج القديم والذي كانت سرعته 32 بيت، ما يجعله أسرع بكثير.   وستزود الشركة الأجهزة بكاميرا تصل إلى 5 ميجا بيكسل، ومساحة تخزينية تتراوح بين 16 و32 و64 جيجا ومن الممكن زيادتها.   وستطرح \"أبل\" هذه الأجهزة بألوان متعددة، منها: \"الذهبي، والأزرق، والأسود، والرمادي، والوردي\". ",
    "date_extracted": "2015-07-21 02:42:19"
}