{
    "url": "http://sabq.org/4tCgde",
    "title": "&quot;العمري&quot; يحتفل بعقد قران ابنه",
    "author": "‫سبق- جدة:",
    "content": " ‫سبق- جدة: احتفل الزميل عبدالعزيز العمري من منسوبي صحيفة \"اليوم\" بمكتب جدة، بعقد قران ابنه \"تركي\"، على كريمة محمد النهاري أحد منسوبي شركة \"أرامكو\" بجدة، وسط حضور لفيف من الأهل والأقارب والأصدقاء.. تهانينا وألف مبروك. ",
    "date_extracted": "2015-07-21 02:43:14"
}