{
    "url": "http://sabq.org/GzCgde",
    "title": "حريق بقاعة أفراح بالقنفذة يتسبب في انقطاع الكهرباء وإحراج العرسان",
    "author": "حسن العيسي- سبق- القنفذة:",
    "content": " حسن العيسي- سبق- القنفذة: تسبب ماس كهربائي في اشتعال حريق بعدادات قاعة أفراح بمركز ثلاثاء الخرم شمال القنفذة، مساء أمس الاثنين، وانقطاع التيار عن القاعة التي كان بها زواج؛ ما أحرج العرسان وذويهم مع المعازيم، فيما أخمد الموجودون الحريق قبل وصول الدفاع المدني.   وأنقذ حضور الدفاع المدني الموقف، وزود القاعة ومحيطها بكشافات إنارة كبيرة حتى تمكن أصحاب الزواج من إكمال الفرح، فيما لم تحدث أي إصابات نتيجة الحريق.   وأوضح المتحدث الرسمي باسم الدفاع المدني بمنطقة مكة المكرمة، المقدم محمد عثمان القرني، أن مركز التحكم والتوجيه بإدارة الدفاع المدني بمحافظة القنفذة تلقى بلاغاً مفاده انقطاع التيار الكهربائي عن إحدى قاعات الأفراح، وعلى الفور جرى تحريك فرق الإطفاء والإنقاذ وعربات الإنارة، بالإضافة إلى المعدات المساندة.   وبين أنه عند الوصول إلى موقع الحادث اتضح أنه عبارة عن تماس كهربائي في أحد عدادات الكهرباء الخارجية التى تغذي قسم الرجال، وتدخل الفرق لتهدئة الموجودين، ولم يستدع الأمر إخلاء القاعة، وتم استخدام عربات الإنارة التابعة للدفاع المدني.    وأشار إلى أنه تم استدعاء فريق طوارئ الكهرباء، والذي غير العداد وأعاد التيار الكهربائي للقاعة.   وذكر أن الضباط المختصين انتقلوا للموقع، وأجروا التحقيق اللازم، ولم تسجل أي حالات إصابات، ولله الحمد.         ",
    "date_extracted": "2015-07-21 02:39:19"
}