{
    "url": "http://sabq.org/s0Cgde",
    "title": "التحالف ينفذ 23 ضربة جوية ضد &quot;داعش&quot; في العراق وسوريا",
    "author": "واس- الرياض:",
    "content": " واس- الرياض: نفّذت قوات التحالف الدولي ضد تنظيم \"داعش\" الإرهابي تسع ضربات جوية على مواقع للتنظيم في سوريا، و14 ضربة أخرى في العراق.   وقالت قوة المهام المشتركة في بيان الليلة الماضية: \"إن الضربات التي وُجّهت في سوريا أصابت وحدات تكتيكية ومواقع قتالية بالقرب من مدن حلب والحسكة وعين العرب (كوباني) وحقول ألغام قريبة من مدينة الرقة\".   وأضاف البيان: \"كما استهدفت طائرات التحالف وحدات تكتيكية ومركبات ومواقع قتالية بالقرب من 8 مدن عراقية منها الموصل والفلوجة والرمادي\". ",
    "date_extracted": "2015-07-21 10:34:48"
}