{
    "url": "http://sabq.org/e2Cgde",
    "title": "\"سكاي نيوز\": القبض على قيادي حوثي في زى عروس",
    "author": "أيمن حسن &ndash; سبق:",
    "content": " أيمن حسن – سبق: انتشرت على مواقع الأخبار والتواصل اليمنية المختلفة أنباء تتحدث عن هروب المتمردين الحوثيين من أرض المعركة بأسلوب غير عادي، مشيرة إلى أنه تم القبض على عددٍ من هؤلاء متنكرين بأزياء نساء، بل تحدثت المواقع عن قيادي حوثي حاول الهرب من المعارك في مدينة تعز متخفيًا بزي عروس، فيما حاول الآخرون الهرب من خلال موكب العرس.    وحسب موقع \"سكاي نيوز عربية\"، أثارت هذه الصور تعليقات كثيرة على مواقع التواصل الاجتماعي، في حين أبرزتها المواقع الإخبارية بعناوين ساخرة، من قبيل \"آخر صيحات الحوثيين.. الهروب من تعز بوساطة التنكر بزي عروس\" و\"بالصورة.. المقاومة بتعز تلقي القبض على قيادي حوثي بلباس عروس\"، وقد بث موقع \"بوابة الأهرام\" المصري هذه الصورة.    وقال موقع \"سكاي نيوز عربية\": فيما يتعلق بهذا الخبر على وجه التحديد، أشارت الأنباء إلى أن نقطة تفتيش تابعة للمقاومة الشعبية في تعز ألقت القبض مساء الاثنين على قيادي حوثي متنكرًا بزي عروس في منطقة قريبة من متنزه الشيخ زايد.    وأشارت إلى أن المفاجأة تمثلت في أن العروس ما هي إلا قيادي حوثي حاول الفرار من تعز.  وأوضحت وسائل الإعلام اليمنية المعارضة للحوثيين أن أساليب المتمردين الحوثيين في التنكر للهرب من الأسر في جبهات القتال حيث تعرضوا لخسائر وهزائم كبيرة، تنوعت بين التنكر بالزي المدني أو التنكر بملابس النساء، مشيرة إلى أنه نظرًا لأن هذه الوسائل باتت معروفة لعناصر المقاومة لجأ القيادي الحوثي في تعز إلى ابتكار هذه الطريقة الجديدة\"، أي التنكر بزي عروس.          ",
    "date_extracted": "2015-07-21 23:22:49"
}