{
    "url": "http://sabq.org/s3Cgde",
    "title": "مركز الملك سلمان للإغاثة: وصول دفعة المعونات الثالثة إلى حضرموت",
    "author": "سبق- الرياض:",
    "content": " سبق- الرياض: أعلن مركز الملك سلمان للإغاثة والأعمال الإنسانية عن وصول الدفعة الثالثة من المعونة الطبية الإغاثية الثانية إلى مدينة سيئون بمحافظة حضرموت، على متن 3 قاطرات قادمة من المملكة عبر منفذ الوديعة البري.   وقال المتحدث الرسمي لمركز الملك سلمان للإغاثة والأعمال الإنسانية رأفت الصباغ إن هذه الدفعة تمثل الدفعة الثالثة، وتحتوي على محاليل وريدية وأدوية منوعة للمستشفيات والمراكز والوحدات الصحية بمحافظة حضرموت.   وأوضح أن المعونات ستوزّع لتشمل جميع المستشفيات والمراكز والوحدات الصحية بمحافظة حضرموت، وفقاً للآلية المتفق عليها مع جهات الاختصاص. ",
    "date_extracted": "2015-07-22 09:51:33"
}