{
    "url": "http://sabq.org/Oi5gde",
    "title": "&quot;سبق&quot; تؤكد عدم نشرها خبرًا عن المستشفى العسكري بـ&quot;تبوك&quot;",
    "author": "سبق- الرياض:",
    "content": " سبق- الرياض: تؤكد صحفية \"سبق\" لقرائها ومتابعيها أن الرسالة المنسوبة إليها أمس، التي تم تداولها في موقع التواصل الاجتماعي \"واتساب\"، بأن خبراً نشرته \"سبق\" يشير إلى أن مستشفى الملك سلمان العسكري بتبوك قرر إجراء عملية استئصال رئة لطفلة بتبوك، عمرها تسع سنوات؛ كونها مصابة بسرطان \"الرئة\"، وأنه تبين لاحقاً بعد أن ذهب بها والدها \"للأردن\" أن مشكلة الطفلة هي \"قشرة فصفص\" مُلتصقة على الرئة، لم تنشره الصحيفة في موقعها.   وتدعو صحيفة \"سبق\" قراءها ومتابعيها إلى الاعتماد على ما يُنشر في الموقع الرسمي للصحيفة فقط، من خلال الروابط الصحيحة. ",
    "date_extracted": "2015-07-21 02:40:14"
}