{
    "url": "http://sabq.org/0yCgde",
    "title": "أميرعسير&quot; يدشن ملتقى السياحة المعرفية الأحد المقبل &quot;",
    "author": "سبق ابها :",
    "content": " سبق ابها : يدشن الأمير فيصل بن خالد بن عبدالعزيز أمير منطقة عسير رئيس مجلس شباب منطقة عسير انطلاق فعاليات ملتقى السياحة المعرفية الأول يوم الأحد المقبل 10 شوال المقبل، بفعاليات ثقافية وتدريبية وورش عمل علمية، ومعرض عن تاريخ صناعة السيارات في العالم، وعرض مسرحي بعنوان (بائع الحميص).   وينظم الملتقى مجلس شباب منطقة عسير بالتعاون مع الغرفة التجارية الصناعية بأبها ومعرض مشكاة التفاعلي (السعودية 2050) وذلك ضمن فعاليات مهرجان أبها السياحي لهذا العام.   وصرح أمير عسير أن هذا الملتقى يعد الأول من نوعه على مستوى المنطقة حيث تم التركيز من خلاله على البرامج العلمية والإثرائية التي ستساهم بمشيئة الله في النهوض بالشباب وصقل مواهبهم وإثرائهم الفكري بأحدث العلوم والمعارف الإنسانية .   وتابع: إن هذا الملتقى يأتي إيماناً منا بضرورة دعم الشباب في المنطقة بكل ما من شأنه الرقي بهم من خلال تقديم البرامج المعرفية في مجال العلوم والطاقة والثقافة والفن والإبداع، حيث تم استقطاب عدد من البرامج والمعارض من داخل وخارج المنطقة كان أهمها معرض مشكاة التفاعلي الذي يقام بمبادرة من مدينة الملك عبدالله للطاقة الذرية والمتجددة كأحد المعارض التفاعلية الرائعة التي تعد فرصة ثرية لقضاء وقت ممتع للزوار في بيئة تجمع بين الترفيه والتعلم بالبناء والتجربة. ",
    "date_extracted": "2015-07-21 02:43:24"
}