{
    "url": "http://sabq.org/82Cgde",
    "title": "ولي ولي العهد يوجه بمعاملة الشهيد الفلاسي معاملة الشهيد السعودي مادياً ومعنوياً",
    "author": "واس-الرياض:",
    "content": " واس-الرياض: وجه صاحب السمو الملكي الأمير محمد بن سلمان بن عبدالعزيز ولي ولي العهد النائب الثاني لرئيس مجلس الوزراء وزير الدفاع بمعاملة الشهيد الرقيب أول سيف يوسف أحمد الفلاسي - رحمه الله - من القوة الإماراتية المشاركة في عمليات التحالف، الذي استشهد اليوم، معاملة الشهيد السعودي مادياً ومعنوياً.   وكانت قيادة القوات المشتركة لتحالف دعم الشرعية في اليمن قد أعلنت في بيان لها اليوم استشهاد سيف يوسف أحمد الفلاسي برتبة ضابط صف - رحمه الله - من القوة الإماراتية المشاركة في عمليات التحالف أثناء أداء واجبه في الدفاع عن الشعب اليمني. ",
    "date_extracted": "2015-07-21 23:22:08"
}