{
    "url": "http://sabq.org/AEdgde",
    "title": "رئيس تحرير &quot;سبق&quot; يحاضر أمام متدربين عن مراحل التطوير",
    "author": "عيسى الحربي- سبق- الرياض:",
    "content": " عيسى الحربي- سبق- الرياض: تحدَّث المدير العام لصحيفة \"سبق\" رئيس التحرير المكلف علي الحازمي أمام متدربين، يمثلون جهات حكومية والقطاع الخاص ووسائل إعلامية، في مركز \"صناعة خبر\" عن مراحل نشأة وتطوُّر الصحيفة، وأجاب في نهاية حديثه عن تساؤلات المتدربين حول العمل الصحفي.   وفي نهاية اللقاء وقَّعت صحيفة \"سبق\" ومركز \"صناعة خبر\" للتدريب الإعلامي اتفاقية تعاون، تهدف إلى تعزيز العلاقة بين الجهتين الإعلاميتين، وتطوير قدرات الإعلاميين في الإعلام التقليدي والإلكتروني.   ووقَّع الاتفاقية من جانب \"صناعة خبر\" الرئيس التنفيذي للمركز ماجد الشلهوب، عقب اختتام دورة صناعة المادة الإعلامية، التي نظمها مركز \"صناعة خبر\" لمدة ثلاثة أيام، وحضرها نحو 30 مشاركاً، تدربوا على أيدي الخبيرَيْن مساعد العصيمي وخالد أباالخيل.                ",
    "date_extracted": "2015-07-21 02:40:25"
}