{
    "url": "http://sabq.org/WsCgde",
    "title": "&quot;بوينج&quot; تطلق تحذيراً من طراز &quot;777&quot; بعد سقوط جزء من طائرة",
    "author": "سبق- وكالات:",
    "content": " سبق- وكالات: أطلقت مجموعة بوينج الأمريكية لصناعة الطائرات، السبت، تحذيراً لشركات الطيران بشأن طراز \"777\"؛ وذلك إثر سقوط قطعة معدنية من منظومة العجلات الخلفية لطائرة من هذا الطراز تابعة لشركة \"إير فرانس\"، بُعَيْد إقلاعها من شانغهاي.   وحسب وكالة \"فرانس برس\"، قالت \"بوينج\": إن القطعة المعدنية تزن 60 كجم، وقد سقطت الاثنين، فوق ضاحية شانغهاي بُعَيد إقلاع طائرة تابعة لـ\"إير فرانس\" كانت تقوم بالرحلة 111 المتجهة من شنغهاي إلى باريس؛ مشددة على أن الحادث لم يؤدِّ إلى إصابات.   وبحسب صحيفة \"صنداي مورنينج بوست\" التي تصدر في هونغ كونغ؛ فإن القطعة المعدنية سقطت من ارتفاع 3700 متر، واخترقت سقف مصنع؛ في حين أكملت الطائرة رحلتها وهبطت في باريس دون مشاكل.   وقال كريس فيليرز المتحدث باسم \"بوينغ\" لوكالة \"فرانس برس\": إن القطعة المعدنية التي سقطت من الطائرة ليست جزءاً من منظومة العجلات بحد ذاتها؛ بل قطعة من الغطاء الخارجي للمنظومة، يعمل بمثابة باب يفتح ويغلق عند دخول وخروج المنظومة؛ مشيراً إلى أن مكمن الخلل هو في قطعة مهمتها تثبيت هذا الباب.   وأضاف: \"نحن نتعاون بشكل وثيق مع عملائنا، وقد زودناهم بالإرشادات بشأن الصيانة اللازمة\".   ولفت المتحدث إلى أن \"بوينج\" عممت على شركات الطيران التي تستخدم طراز \"777\"، مذكرة تتضمن الإجراءات الواجب اتخاذها لمعالجة هذه المشكلة؛ مؤكداً أن الشركة أدخلت التعديلات اللازمة على الطائرات 777 التي لا تزال قيد التصنيع.   وهناك أكثر من 1100 طائرة بوينغ 777 في الخدمة حالياً حول العالم تُشَغّلها عشرات شركات الطيران. ",
    "date_extracted": "2015-07-21 02:43:32"
}