{
    "url": "http://sabq.org/WwCgde",
    "title": "&quot;الطفل الكلبي النجس المعفن&quot; تثير السخط على &quot;كوميدي&quot; احتفالات الرياض",
    "author": "شقران الرشيدي- سبق- الرياض:",
    "content": " شقران الرشيدي- سبق- الرياض: أثار أحد الكوميديين (الاستاند أب كوميدي) المشاركين في احتفالات الرياض بعيد الفطر المبارك هذا العام، الكثير من ردود الفعل الرافضة لأسلوبه ومفرداته، لاسيما في استخدامه لعبارة \"الطفل الكلبي\"، و\"الكلبي ابن الكلبي\"، و\"ريحته زي التمر\"، و\"يجيك كذا وصخ نجس\" في فقرته على مسرح عام، والتي اعترض عليها أحد المواطنين الحاضرين للفعالية، الذي استاء من عباراته، مطالباً إياه بالارتقاء بمفرداته، وعدم استخدامها أمام الحضور من الأطفال. قائلاً له: \"ارتقِ بمفرداتك لو سمحت\"، مما حدا بالكوميدي السخرية أكثر منه، والاستمرار في \"استخفاف دمه\"، وتقليد المواطن الذي طالبه بالارتقاء بفقرته، والإصرار على ترديد مفرداته التي لم يستسِغْها الحضور.   وفي هاشتاق #مواطن_يوقف_بذاءة_مستظرف تفاعل العديد من المواطنين مع أهمية انتقاء مقدمي الفعاليات الكوميدية في الاحتفالات العامة، ومستغربين استخدام مثل هذه الألفاظ في فقرات \"الاستاند أب كوميدي\"، وعلى مسرح مفتوح يحرص على حضورها الكثير من المحتفلين بالعيد.   وأكدوا أن مفردات \"الطفل الكلبي ابن الكلب المعفن مثل ريحة التمر\" غير مضحكة، ولا تناسب احتفالات العيد. ومطالبين أمانة الرياض بأهمية التنسيق المسبق، والاختيار المناسب لمن سيشارك في تقديم الفقرات، والحرص على انتقاء الأفضل منهم، وليس كل \"مستظرف\" يستحق منحه مسرحاً، وتقديم حفل عام لمخاطبة الناس.   الجدير بالذكر أن كثيراً من أولياء الأمور الرافضين لهذا الأسلوب المستفز من الكوميدي قد غادروا موقع الحفل، مصطحبين أطفالهم؛ احتجاجاً على أسلوبه ومفرداته. ",
    "date_extracted": "2015-07-21 02:40:06"
}