{
    "url": "http://sabq.org/CpBgde",
    "title": "&quot;موبايلي&quot; تُكَرّم الموزعين المميزين في برنامج &quot;شريكي بلس&quot;",
    "author": "سبق- الرياض:",
    "content": " سبق- الرياض: كرّمت شركة \"موبايلي\" الموزعين المميزين المنضمين حديثاً لبرنامج \"شريكي بلس\"، في حفل الإفطار الذي أقيم مؤخراً في فندق \"كراون بلازا\" في جدة، بحضور عدد من كبار التنفيذيين بالشركة وقيادات شركاء البرنامج.   وعلى هامش الحفل وَزّعت \"موبايلي\" سيارتي\"مرسيدس\" وسيارتي \"تويوتا\" على أفضل الموزعين خلال الفترة السابقة في المنطقة الغربية.   ويهدف برنامج \"شريكي بلس\" إلى تحفيز موزعي \"موبايلي\" الحاليين لزيادة المبيعات وجذب شركاء جدد؛ حيث يتم تقسيم الموزعين إلى ثلاث فئات (البلاتينية، والذهبية، والفضية).   وتُدرج المزايا والمكافآت التي تقدّمها \"موبايلي\" على حسب فئة الموزع، وهو ما يزيد من التنافسية ويعزز رغبة الموزعين في زيادة المبيعات.   ويعكس إطلاق هذا البرنامج، حرص \"موبايلي\" على تقوية العلاقة الاستراتيجية مع شركائها بشكل عام وفي قطاع المبيعات والموزعين بشكل خاص. وهو ما يخدم الأهداف الاستراتيجية لإدارة الموزعين والمبيعات في \"موبايلي\" بزيادة سرعة وانتشار نقاط البيع، ويعزز من وصول الشركة لمشتركيها. ",
    "date_extracted": "2015-07-21 02:41:57"
}