{
    "url": "http://sabq.org/g2Cgde",
    "title": "كيري لقناة \"العربية\": تصريحات خامنئي الأخيرة مقلقة ومزعجة",
    "author": "سبق &ndash; وكالات:",
    "content": " سبق – وكالات: اعتبر وزير الخارجية الأمريكي، جون كيري، أن تصريحات المرشد الأعلى، آية الله علي خامنئي، التي أكد فيها أن إيران ستبقى في حالة حرب مع أمريكا،\"مقلقة للغاية ومزعجة\"، وهذا أحد أسباب لقائه المزمع مع القادة الخليجيين.   وفي مقابلة مع قناة \"العربية\"، أكد كيري أنه سيلتقي نظراءه من دول مجلس التعاون الخليجي وسيطلعهم على تفاصيل الاتفاق النووي الإيراني، وعلى كل النقاط التي تضمنها الاتفاق لضمان أمن دول الخليج.   واعتبر أن التصدي لممارسات إيران وتدخلاتها في عددٍ من دول المنطقة وهي دولة غير نووية، هو أكثر سهولة من فعل ذلك وهي دولة نووية.   وشدد كيري على أن ما تملكه دول الخليج من ميزانية عسكرية يتجاوز بمرات ميزانية إيران، وانطلاقًا من هذه النقطة فإن بإمكان دول الخليج أن تدفع ضد أنشطة عملاء إيران بطريقة مؤثرة جدًا.   وعند سؤاله حول تصريحات المرشد الأعلى لإيران، آية الله علي خامنئي الأخيرة والتي أكد فيها أن إيران ستبقى في حالة حرب مع أمريكا، أجاب كيري: \"لا أعرف كيف أقرأ هذه التصريحات في هذه الفترة بالتحديد سوى أن آخذها كما هي، أي أن هذه هي سياسته. وأنا أدرك أنه أحيانًا تختلف التصريحات العلنية عن الواقع\".   إلا أن كيري اعتبر أن تصريحات خامنئي هذه \"مقلقة للغاية ومزعجة، وهذا أحد أسباب لقائي المزمع مع القادة الخليجيين، وهو أحد أهم الأسباب التي تجعلنا مهتمين أكثر بأمن وسلامة الخليج. ونحن جادون جدًا في جهودنا لمكافحة الإرهاب والوكلاء الذين يلعبون أدوارًا مخرِّبة في المنطقة\".   وعلى سؤال \"هل ستستخدم نفوذ الولايات المتحدة لدى إيران لتضغط الأخيرة على النظام السوري من أجل حل سلمي وحكومة انتقالية من دون الأسد؟\"، أجاب كيري: \"لا أستطيع التحدث نيابة عن إيران لأننا تفاوضنا معها في الملف النووي فقط، ولم نتطرق إلى القضايا الأخرى. لكن الرئيس (الإيراني حسن) روحاني قال في تعليقه على الاتفاق إنه مهتم بإقامة علاقات مختلفة مع دول المنطقة\".   وتابع كيري: \"أنا عملت بشكل مكثف مع أصدقائنا في المملكة العربية السعودية، وعملت مع وزير الخارجية السابق سعود الفيصل رحمه الله ومع وزير الخارجية الحالي ومع ولي العهد وولي ولي العهد، وتحدثنا عن كيفية حل النزاع في سوريا. ونحن نتحدث أيضًا مع الروس، وأنا أجريت العديد من المحادثات، واحدة منها كانت مع الرئيس (الروسي فلاديمير) بوتين وأخرى مع (وزير الخارجية الروسي) سيرغي لافروف عن كيفية التعامل مع الملف السوري بطريقة فعالة.. لذا آمل أن نرى تغييرًا في سوريا عندما نبدأ في تنسيق الجهود ونطرح أفكارًا جديدة على الطاولة\". وشدد على أنه لا يرى دورًا لبشار الأسد في مستقبل سوريا، مضيفًا \"لا أستطيع أن أرى كيف يمكن للعنف أن يتوقف والمقاتلون الأجانب لا يزالون يتدفقون إلى سوريا بينما الأسد في السلطة\". واعتبر أن الأسد بمثابة \"المغناطيس الذي يجذب المقاتلين الأجانب\". ",
    "date_extracted": "2015-07-21 23:24:34"
}