{
    "url": "http://sabq.org/AvCgde",
    "title": "​&quot;ابن مساعد&quot; يكشف قصة &quot;الخاتم&quot; الذي أهداه الملك سلمان",
    "author": "فايز الأسمري- سبق- الرياض:",
    "content": " فايز الأسمري- سبق- الرياض: كشف رئيس نادي الهلال سابقًاً والشاعر الأمير عبدالرحمن بن مساعد، قصة الخاتم الذي أهداه له خادم الحرمين الشريفين الملك سلمان بن عبدالعزيز، وذلك بعد أن وضع صورة شخصية له عبر حسابه في “تويتر” مرتديًا الخاتم.   وقال “ابن مساعد”: “الخاتم الذي في الصورة عليه اسم أبي، ولم أخلعه منذ ١٦ سنة؛ لأنني أعتز به، فهو هدية من سيدي الملك سلمان- حفظه الله- لأبي -رحمه الله- الذي أهداني إياه”. ​ ",
    "date_extracted": "2015-07-21 02:40:44"
}