{
    "url": "http://sabq.org/AfCgde",
    "title": "تخيلوا.. شركة تمنح موظفيها إجازات غير محدودة",
    "author": "سبق- وكالات:",
    "content": " سبق- وكالات: تخيّلْ لو كان بإمكانك السفر في الوقت الذي تريده، دون أن تربط رغبتك في إعداد الحقيبة والذهاب لوجهتك، بعدد الإجازات المحددة لك في العمل، وهذا بالضبط ما وفّرته إحدى أكبر الشركات في الولايات المتحدة لموظفيها.   وحسب موقع \"سي إن إن بالعربية\"، قامت شركة \"General Electric\" بتقديم ميزة جديدة للأشخاص الذين يتولون المناصب الإدارية أو الإشرافية في الشركة؛ إذ لن يوجد عدد محدد لأيام الإجازات الشخصية أو المرضية.   وستقوم السياسة الجديدة بضم 30 ألف موظف من الإداريين والمشرفين بالشركة؛ أي ما يقارب 43% من نسبة الأمريكيين الذين يتقاضون رواتبهم مباشرة من \"جنرال إلكتريك\".   ويجب أن يُنهي هؤلاء الموظفون أعمالهم قبل بدء إجازتهم، وتأتي هذه الخطوة بناء على اعتقاد الشركة بأن مثل هذه الإجراءات يمكنها أن تزيد من ثقة الموظفين بالشركة، وتساعد في دعم سير العمل؛ وفقاً لما ذكره متحدث باسم الموارد البشرية.   وتُشَكّل نسبة الشركات الموفرة لهذه الميزة حوالى 2% فقط. ",
    "date_extracted": "2015-07-21 02:43:37"
}