{
    "url": "http://sabq.org/g1Cgde",
    "title": "رسمياً.. بولوني مدرباً لفريق الاتحاد",
    "author": "عبدالعزيز السلمي- سبق- جدة:",
    "content": " عبدالعزيز السلمي- سبق- جدة: أعلن المركز الإعلامي بنادي الاتحاد عن تعاقد إدارة النادي برئاسة إبراهيم البلوي مع المدرب الروماني لازلو بولوني، ليصبح مدرباً للفريق الكروي الأول.   سيرته الذاتية: بدأ بولوني مسيرته التدريبية عام ١٩٩٤ بتدريب نادي نانسي الفرنسي (1994-2000)، ثم منتخب رومانيا (2000-2001)، وسبورتنغ لشبونة (2001-2003)، ورين الفرنسي (2003-2006)، وموناكو (2006-2007)، والجزيرة الإماراتي (2007-2008)، وستاندرد لييج (2008-2010)، والوحدة الإماراتي (2010-2011)، ولينس الفرنسي (2011)، وباوك اليوناني (2011-2012)، والخور القطري (2012-2015). ",
    "date_extracted": "2015-07-21 17:15:38"
}