{
    "url": "http://sabq.org/23Cgde",
    "title": "إنجاز سعودي غير مسبوق.. \"الطلق\" بطلاً لأمم أوروبا للدبابات البحرية",
    "author": "بدر الجبل- سبق- متابعة:",
    "content": " بدر الجبل- سبق- متابعة: وصل إلى أرض الوطن، مساء أمس، البطل السعودي سليمان الطلق، بعد أن حقّق المركز الأول في بطولة أمم أوروبا للدبابات البحرية والمقامة في بولندا، وكان في مقدمة مستقبليه، مندوب الرئاسة العامة لرعاية الشباب وعضو اللجنة الفنية بالاتحاد السعودي للرياضات البحرية محمد نور بخاري.   يُذكر أن \"الطلق\" قد حقّق إنجازاً غير مسبوق بحصوله على المركز الأول في بطولة أمم أوروبا للدبابات البحرية والمُقامة في بولندا؛ حيث يُعَدّ هذا الإنجاز الكبير هو الأول للمملكة في الرياضات البحرية على مستوى البطولات الأوروبية، وهي المشاركة الأولى لمتسابق سعودي في هذا المحفل العالمي.     وقدّم البطل السعودي سليمان الطلق، الشكر والتقدير للاتحاد السعودي للرياضات البحرية على كل الدعم الذي يجده، كما قدّم هذا الإنجاز هدية للوطن؛ مبدياً فخره برفع علَم المملكة في هذا المحفل الدولي الكبير.     ",
    "date_extracted": "2015-07-22 10:53:08"
}