{
    "url": "http://sabq.org/00Cgde",
    "title": "استشهاد ضابط صف إماراتي ضمن عمليات \"إعادة الأمل\"",
    "author": "وام- أبوظبي:",
    "content": " وام- أبوظبي: أعلنت القيادة العامة للقوات المسلحة الإماراتية، اليوم، عن استشهاد أحد أبنائها البواسل \"سيف يوسف أحمد الفلاسي\" برتبة ضابط صف، أثناء تأديته واجبه الوطني، ضمن القوات المشاركة في عملية إعادة الأمل للتحالف العربي الذي تقوده المملكة العربية السعودية؛ للوقوف إلى جانب الحكومة الشرعية في اليمن ودعمها. ",
    "date_extracted": "2015-07-21 12:38:58"
}