{
    "url": "http://sabq.org/WyCgde",
    "title": "ختام فعاليات مهرجان عيد الفطر بالجوف",
    "author": "سبق- الجوف:",
    "content": " سبق- الجوف: اختتمت فعاليات مهرجان عيد الفطر المبارك والتي نظمته أمانة منطقة الجوف بتوجيه من أمين منطقة الجوف عجب بن عبدالله القحطاني، وشهدت الفعاليات حضور عدد كبير من الأهالي والأطفال للاستمتاع بفعاليات وأجواء العيد المتنوعة من خلال إقامة الفعاليات الترفيهية والمسابقات والأناشيد، وأيضا هناك عروض للألعاب النارية المختلفة .             ",
    "date_extracted": "2015-07-21 02:43:20"
}