{
    "url": "http://sabq.org/u7Bgde",
    "title": "&quot;الخطوط&quot; توفر &quot;60&quot; ألف مقعد إضافي لمواكبة موسم العمرة",
    "author": "عبدالله الراجحي- سبق- جدة:",
    "content": " عبدالله الراجحي- سبق- جدة: وفّرت الخطوط الجوية العربية السعودية أكثر من \"60\" ألف مقعد إضافي خلال شهر رمضان المبارك على الرحلات المتجهة من المحطات الداخلية إلى مطار الملك عبدالعزيز الدولي بجدة؛ لاستيعاب ضيوفها المسافرين الراغبين في أداء مناسك العمرة.   وأوضح مساعد المدير العام التنفيذي للشؤون التجارية بالخطوط السعودية \"خالد بن حماد البلوي\"؛ أن \"السعودية\" تعمل دوماً على مواكبة مواسم الذروة وحركة السفر الكثيفة بإعادة تخطيط وجدولة شبكة رحلاتها بما يوفر رحلات إضافية والمزيد من السعة المقعدية؛ لتلبية الطلب المتزايد على تلك الوجهات.    وأكد \"البلوي\" أن الخطوط السعودية أضافت \"156\" رحلة إضافية خلال شهر رمضان الكريم، إلى جانب زيادة عدد رحلاتها المجدولة مع بداية إجازة الصيف للتشغيل بين العديد من المحطات الداخلية ومطار الملك عبدالعزيز الدولي؛ خدمةً للمعتمرين؛ وهو الأمر الذي وفر أكثر من \"60\" ألف مقعد إضافي خلال شهر رمضان الكريم.   وأشار إلى أن \"الخطوط\" ستخصص المزيد من الرحلات الإضافية خلال إجازة عيد الفطر لتلبية الطلب المتزايد على السفر خلال الإجازة، مؤكداً أن الخطوط السعودية توفر باقة من الخدمات الإلكترونية المتكاملة عبر موقعها على الإنترنت. ",
    "date_extracted": "2015-07-21 02:41:50"
}