{
    "url": "http://sabq.org/yTAgde",
    "title": "&quot;هواوي&quot; تكشف رسمياً عن هاتفها الخارق &quot;أونر 7&quot;",
    "author": "أحمد علي- سبق- القاهرة:",
    "content": " أحمد علي- سبق- القاهرة: أعلنت شركة \"هواوي\" الصينية، أمس، رسمياً عن هاتفها الذكي الجديد \"أونر 7\"، والذي سيُطرح في الأسواق بثلاثة ألوان هي: الفضي، والذهبي، والرمادي الداكن.   وأشار موقع \"جي إس إم أرينا\" المختص في شؤون التكنولوجيا، إلى أن الهاتف الجديد سيحتوي على شاشة بحجم 5.2 بوصة بدقة 1080 × 1920 بيكسل، وسيعمل بمعالج كيرين 935 والذي يحتوي على 4 أنوية كورتيكس- أيه 53 بتردد 2.2 جيجا هيرتز و4 أنوية أخرى كورتيكس- أيه 53 بتردد 1.5 جيجا هيرتز، بالإضافة إلى عمل الهاتف بمعالج رسوميات مالي- تي 628.   وستبلغ سعة ذاكرة الوصول العشوائي \"رام\" 3 جيجا بايت، وستبلغ دقة الكاميرا الخلفية 20 ميجا بيكسل، وستزود بفلاش مزدوج، بالإضافة إلى كاميرا أمامية بدقة 8 ميجا بيكسل، ويدعم خاصية قارئ البصمة.   وأضاف الموقع أن الهاتف الجديد سيعمل بنظام التشغيل أندرويد 5.0 لولي بوب، وستبلغ سعة البطارية 3.100 ميللي أمبير. ",
    "date_extracted": "2015-07-21 02:42:25"
}