{
    "url": "http://sabq.org/2bCgde",
    "title": "أعمال الصيانة تقطع المياه 10 أيام عن أجزاء من حي النظيم",
    "author": "سبق- الرياض:",
    "content": " سبق- الرياض: تواجه بعض المخططات في حي النظيم منذ نحو ثلاثة أشهر نقصا وتقطعات في إمدادات شبكة المياه، وخلال الأيام العشرة الماضية كان هناك انقطاع تام للمياه.   ويؤكد أحد السكان الحي فياض العنزي، أنه خلال التواصل المباشر مع شركة المياه، حول أسباب الانقطاع، كانت الإجابة هي بأن الانقطاع يعود لأعمال الصيانة.   ويبين أنه اضطر لنحو ثلاث مرات إلى شراء صهاريج مياه على حسابه، فيما أن الشركة تتأخر في إرسال الصهاريج المجانية لحل المشكلة، بحجة ضرورة مرور 72 ساعة على الطلب، وهو ما يخالف الواقع حيث إن طلبه منذ أكثر من خمسة أيام، مؤكداً أن رقم الطلب محفوظ لديه برقم 9619009508، وبعد التواصل أكثر من مرة مع الشركة تكون الإجابة بأنهم لا يزالون يقيمون الطلب وسيتم إعادة إرسال التأكيد على الطلب دون فائدة.   وتساءل العنزي: هل من المنطق أن تكون خطة الصيانة في شهر الصيام، لكي يصبح العطش مضاعفاً بسبب شركة المياه، ولماذا لا يخبروننا متى ستنتهي هذه المشكلة؟.. لماذا التأخير في الصهاريج المجانية وعدم إرسالها والمبادرة خلال 3 ساعات في توفير الصهاريج التي يتم شراؤها منهم؟. ",
    "date_extracted": "2015-07-21 02:44:12"
}