{
    "url": "http://sabq.org/MqCgde",
    "title": "فريق الاتحاد يغادر إلى معسكره في إيطاليا.. غداً",
    "author": "عبدالعزيز السلمي- سبق- جدة:",
    "content": " عبدالعزيز السلمي- سبق- جدة: يغادر فريق الاتحاد الأول غداً إلى معسكره المقام في إيطاليا استعداداً للموسم الرياضي المقبل.   وضمت البعثة الاتحادية 26 لاعباً هم؛ هاني الناهض، فواز القرني، فواز الخيبري، أمين بخاري، حمد المنتشري، احمد عسيري، راشد الرهيب، ماجد الخيبري، محمد قاسم، عوض خريص، ياسين حمزة، تركي الجلفان، زياد المولد، محمد نور، محمد ابوسبعان، جمال باجندوح، قصي الخيبري، محمدالبلادي، ابراهيم زاهر، عبدالفتاح عسيري، فهد المولد، سلمان الصبياني، رياض البراهيم، احمد الناظري، مختار فلاته، عبدالرحمن الغامدي، وسيلتحق بالبعثة المحترفان ريفاس وسان مارتن.   ويغيب عن البعثة عبدالله شهيل وباسم المنتشري وأسامة المولد الذي يدخل برنامجاً إعدادياً في فرنسا وكذلك عبدالرحيم الجيزاوي الذي تقرر الاستغناء عنه مؤخراً. هذا وتقيم إدارة نادي الاتحاد ثالث أيام العيد حفل المعايدة السنوي في مقر النادي. ",
    "date_extracted": "2015-07-21 02:40:52"
}