{
    "url": "http://sabq.org/i0Cgde",
    "title": "فجر اليوم.. مواطنون يرصدون ما يشبه النيزك بسماء المملكة",
    "author": "خالد الشاماني- سبق- المدينة المنورة:",
    "content": " خالد الشاماني- سبق- المدينة المنورة: رصد عدد من المواطنين في الساعات الأولي من فجر اليوم الثلاثاء، جسماً سماوياً في غرب وجنوب المملكة، يرجّح بأنه نيزك، إذ لفت انتباه مشاهديه بقوة إضاءته ولونه الأزرق.   وجاءت أكثر مشاهدة له في طريق الهجرة والكامل وحرة الشرع شمال مكة المكرمة، وبعض المناطق في غرب المملكة.   وقال \"الفلكي\" ملهم هندي الباحث في قسم الفلك بجامعة المؤسس إن الشهادات الأولية عن رؤية جسم مضيء في المنطقة الغربية من السعودية بقوة الإضاءة ولونه الأزرق، ويرجح أنه نيزك، مؤكداً أنه لم ترد شهادات عن ارتطامه بالأرض. ",
    "date_extracted": "2015-07-21 10:35:26"
}