{
    "url": "http://sabq.org/SvCgde",
    "title": "&quot;سبق&quot; ترصد .. استنفارًا أمنيًا بكورنيش جدة بعد مقطع التحرش",
    "author": "عبدالله الراجحي- سبق- جدة: تصوير مشعل الزهراني:",
    "content": " عبدالله الراجحي- سبق- جدة: تصوير مشعل الزهراني: رصدت \"سبق\" مساء أمس الأحد الاستنفار الأمني لدوريات الأمن وأمن المهمات وعناصر البحث والتحري وأفراد من شرطة جدة بقيادة مدير شرطة المحافظة اللواء مسعود العدواني في الموقع الذي تحرش فيه الشباب بفتاتين، بعد تداول فيديو بمواقع التواصل على نطاق واسع  للواقعة.   وجاءت عملية الانتشار إثر توجيه مستشار خادم الحرمين الشريفين أمير منطقة مكة المكرمة الأمير خالد الفيصل بالقبض على المتهمين والحضور الأمني بالمنتزهات والكورنيش، كما تضمن التوجيه بالتحقق من المقطع  ومحتواه وتاريخ نشره وموقع الحادثة.   وأوضح العدواني أنه يجري الفحص والتدقيق للمقطع في المعامل المخصصة لذلك وقد وجد بالموقع مساعد مدير إدارة الأمن بجدة العقيد بندر الشريف وعدد من الضباط والأفراد.                 ",
    "date_extracted": "2015-07-21 02:40:02"
}