{
    "url": "http://sabq.org/oYBgde",
    "title": "مقيم سوداني يناشد &quot;متعب بن عبدالله&quot; علاج ابنه من &quot;الفانكوني أنيميا&quot;",
    "author": "عيسى الحربي- سبق- الرياض:",
    "content": " عيسى الحربي- سبق- الرياض: ناشد المقيم (الطيب النور حانيت - سوداني الجنسية) وزير الحرس الوطني الأمير متعب بن عبدالله علاج ابنه (محمد) من مرض (الفانكوني أنيميا) في مستشفى الحرس الوطني بالرياض، بعد أن تأكد بنفسه من إمكانية العلاج، ونسبة الشفاء العالية - بإذن الله -، غير أن نظام المستشفى يمنع العلاج هناك إلا بمقابل مالي لغير السعوديين، وظروف عائلته لا تسمح بالعلاج.   وروى الأب المكلوم لـ\"سبق\" معاناة أبنائه الأربعة مع مرض النخاع العظمي، وقال: هذا الطفل أخ لثلاثة أطفال آخرين يعانون مرضاً فتاكًا جداً، يسمى (الفانكوني أنيميا).   الأول تم علاجه بجزيرة تايوان، عن طريق منظمة إنسانية هناك، وهو الآن في أتم الصحة والعافية، واثنان انتقلا إلى رحمة الله لعدم توافر مبلغ العملية.   وتابع: تبقى فلذة كبدي الطفل (محمد - أربع سنوات)، الذي يحتاج إلى عناية سريعة جداً، متمثلة في القيام بعملية زراعة نخاع عظمي؛ لأن هذا المرض يدمر خلايا الدم؛ ويصاب المريض بنزف تلقائي من أي مكان بجسمه، كما أن جميع شرايينه تتفجر بسبب تلف الصفائح الدموية، وهو الآن لا يمكنه تصنيع دم على الإطلاق؛ ويوصي الأطباء بأن تُجرى له عملية بأسرع ما يمكن.   وللاستفسار: هاتف والد الطفل (0508586110).  ",
    "date_extracted": "2015-07-21 02:44:14"
}