{
    "url": "http://sabq.org/YqCgde",
    "title": "بالفيديو.. تَعَرّف على الأورغوياني أريزميندي لاعب &quot;الشباب&quot; الجديد",
    "author": "محمد أبو شعر- سبق:",
    "content": " محمد أبو شعر- سبق: أعلنت إدارة نادي الشباب أمس الجمعة تعاقدها مع اللاعب الدولي الأورغوياني دييغو أريزميندي متوسط ميدان فريق ناسيونال بطل الدوري الأورغوياني، ليكون ضمن قائمة الفريق في الموسم المقبل.   وجاء التعاقد مع دييغو أريزميندي البالغ من العمر 27 عاماً بتوصية من مواطنه الفارو غوتيريز المدير الفني الجديد للفريق الشبابي.   أريزميندي من مواليد 25 يناير 1988، ويبلغ طوله 1.89 متر ويجيد اللعب في مركز المحور، ويعتبر واحداً من أفضل اللاعبين في الدوري الأورغوياني في الوقت الحاضر.   بدأ أريزميندي مشواره الكروي وهو بعمر 18 عاماً مع فريق ناسيونال (2006-2009)، قبل أن يخوض في 2009 تجربة احترافية في إنجلترا مع نادي ستوك سيتي مقابل 2.5 مليون دولار، لكنه لم يشارك طوال موسمه الأول إلا في مباريات قليلة، وفشل في تقديم المستويات المنتظرة بسبب كثرة حفلاته الصاخبة في ساعات الصباح الأولى وحتى طلوع الشمس والتي أدت إلى رحيل بعض الأهالي الذين يقطنون بجانبه بسببه إلى أحياء أخرى، لتتم إعارته إلى برايتون وبارنسلي وهدرسفيلد تاون على التوالي، في تجارب لم تضف له الكثير كلاعب دولي، كانت مشاركته الأكبر مع بارنسلي حيث شارك 31 مباراة.   بعد تجربته الاحترافية الفاشلة في البريميرليج، قرر أريزميندي في 2013 العودة لناسيونال ناديه الأم، وبدأ معه يستعيد مستواه وثقته، وسجل معه في المواسم الماضية تسعة أهداف في 56 مباراة، وكان موسمه الماضي الأنجح بتسجيله خمسة أهداف في 23 مباراة مساهماً بنسبة كبيرة في تتويج فريقه بلقب الدوري الأورغوياني.   وفي يناير من عام 2014 وخلال مباراة ناسيونال وغريمه بينارول في الدوري الأورغوياني كان أريزميندي بطلاً لمشاجرة اندلعت بين لاعبي الفريقين وكان سببها فابيان إستويانوف لاعب النصر السابق، حيث تم على اثر ذلك إرسال اللاعبان إلى المحكمة التي اتخذت ضدهم تعهداً بعدم تكرار ذلك.   وكان لوجود المدرب ألفارو غوتيريز في ناسيونال الدور الكبير في شحن روح أريزميندي وزيادة تركيزه وتطور مستواه، حتى أصبح صمام أمان في وسط ملعب ناسيونال، وعندما وقع غوتيريز مع الشباب طالب سريعاً بإحضار أريزميندي ليكون أول اختياراته الأجنبية في تجربته الأولى خارج الأراضي الأورغويانية.       ",
    "date_extracted": "2015-07-21 02:40:51"
}