{
    "url": "http://sabq.org/2SBgde",
    "title": "&quot;السعودية&quot; توقِّع شراكة استراتيجية مع الطيران الخاص لتوسيع خدماتها",
    "author": "سبق- جدة:",
    "content": " سبق- جدة: أبرمت \"الخطوط السعودية\"، ممثلة في شركة طيران السعودية الخاص (SPA) ، وشركة برايفت اير السعودية (Private Air Saudi Arabia) عقد شراكة استراتيجية، يهدف إلى تحقيق نقلة نوعية في خدمات الطيران الخاص على مستوى المنطقة، ويؤسس لقاعدة متينة، تنطلق منها شركة طيران السعودية الخاص إلى آفاق أكثر رحابة وتطوراً. ويأتي ذلك في إطار برنامج خصخصة الوحدات الاستراتيجية بالمؤسسة العامة للخطوط الجوية العربية السعودية، وبموافقة مجلس إدارة المؤسسة.   وقام بتوقيع الاتفاقية كل من رئيس مجلس إدارة برايفت إير السعودية الأمير تركي بن مقرن بن عبدالعزيز، والمدير العام للخطوط الجوية العربية السعودية رئيس مجلس إدارة شركة طيران السعودية الخاص المهندس صالح الجاسر. وجرت مراسم توقيع الاتفاقية بمبنى الإدارة العامة للخطوط السعودية اليوم في الخالدية بمدينة جدة، بحضور عدد من القيادات التنفيذية في الشركتين وممثلي وسائل الإعلام.   وبموجب الاتفاقية سوف تستحوذ شركة برايفت إير السعودية (Private Air Saudi Arabia) على 30 % من شركة طيران السعودية الخاص  (SPA)، وتشتمل على برنامج طموح لتنفيذ هيكلة شاملة لأعمال شركة طيران السعودية الخاص ضمن خطة خمسية تهدف إلى تحقيق نقلة نوعية لخدمات الطيران الخاص في السعودية ومنطقة الخليج والشرق الأوسط، وتوسيع نشاطها في جوانب خدمات الطيران الخاص كافة لتعزيز مكانة الشركة في هذا المجال الذي يشهد نمواً سريعاً.   وتضمن عقد الشراكة الاستراتيجية بين شركة طيران السعودية الخاص وبرايفت إير السعودية عدداً من المحاور، منها تحديث وزيادة طائرات الأسطول، وتأجير الطائرات، وإدارة طائرات الغير، وتقديم الخدمات الأرضية للطيران الخاص، وصيانة الطائرات الخاصة، وتوفير ضيافة وخدمة جوية مميزة، ورفع كفاءة وجودة الأداء.   وعبّر رئيس مجلس إدارة شركة برايفت إير السعودية، الأمير تركي بن مقرن، عن سروره بتوقيع اتفاقية الشراكة بين برايفت إير السعودية وطيران السعودية الخاص، التي تهدف إلى تطوير نشاط الطيران الخاص، وهو القطاع الذي يشهد نمواً كبيراً؛ ويتطلب تضافر وتوحيد الجهود للوصول به إلى آفاق أرحب من التميز. منوهاً بما حققته شركة طيران السعودية الخاص من نجاح وتميز في هذا المجال، والمساهمة في تعزيز دور الصناعة في الناتج المحلي.   وأضاف: شركة برايفت إير السعودية هي المالكة لشركة برايفت إير السويسرية، ومركزها الرئيسي في سويسرا، وهي الشركة الرائدة في مجال الطيران الخاص منذ أكثر من 35 سنة، وهي أكبر مشغل في العالم لطائرات (بوينج BBJ )، وتقدم خدمات ذات مستوى رفيع في إدارة الطائرات الخاصة وتأجيرها، وتشغيل الرحلات المجدولة، وخدمات المناولة الأرضية للرحلات الخاصة، بالمشاركة مع شركة Swissport العالمية.   وقد أنشأت برايفت إير مؤخراً تحالفاً لشركات الطيران الخاص في أوروبا باسم إير كلوب \"Air Club\" مماثل لتحالف شركات الطيران التجاري، كتحالف سكاي تيم. وقال: نحن في برايفت إير السعودية سعداء بالشراكة مع طيران السعودية الخاص لتطوير قطاع الطيران الخاص في السعودية والمنطقة عموماً، خاصة أن هذه الشراكة تجمع شركتين رائدتين في قطاع الطيران الخاص، ليس فقط على مستوى السعودية بل على مستوى منطقة الخليج والشرق الأوسط وأوربا. وبيّن أن وجودهم في السعودية لم يمضِ عليه أكثر من 3 أشهر.   ومن جانبه، أوضح المدير العام للخطوط الجوية العربية السعودية رئيس مجلس إدارة شركة طيران السعودية الخاص، المهندس صالح الجاسر، أن معدل نمو سوق الطيران الخاص في المنطقة يتجاوز المعدلات العالمية، كما أن سوق السعودية يستحوذ على نحو 60 % من هذه الصناعة في المنطقة. وقد حققت شركة السعودية للطيران الخاص نمواً كبيراً وتطوراً في خدماتها خلال سنوات قليلة؛ وهو ما شجع المؤسسة على العمل من أجل تحقيق المزيد من النجاح، والتوسع في الخدمات بهذا القطاع المتنامي في مجال صناعة النقل الجوي.   وأضاف: من هذا المنطلق، وضمن الأهداف الاستراتيجية للمؤسسة وبرنامج التحول الذي تشهده في قطاعاتها وشركاتها ووحداتها الاستراتيجية كافة، حرصنا على استقطاب شريك استراتيجي يتمتع بخبرة واسعة في مجال صناعة الطيران الخاص؛ ليسهم في تنفيذ خطة تطوير شركة طيران السعودية الخاص، وتحقيق أهداف الخطة الاستراتيجية للمؤسسة خلال السنوات المقبلة، التي تم البدء في تنفيذها مؤخراً.   ونحن سعداء بهذه الشراكة مع شركة برايفت إير السعودية التي تتمتع بخبرة واسعة في مجال الطيران الخاص، وسنعمل سوياً لتطويره وتحقيق توسع كبير على مستوى المنطقة في ظل التحالفات التي تشهدها صناعة النقل الجوي.   ",
    "date_extracted": "2015-07-21 02:41:45"
}