{
    "url": "http://sabq.org/w3Cgde",
    "title": "شاهد .. بالمزمار والتراث النجراني .. النادي السعودي بكانساس يحتفل بالعيد",
    "author": "سبق- الولايات المتحدة:",
    "content": " سبق- الولايات المتحدة: أقام النادي السعودي بجامعة بارك بمدينة كانساس في ولاية ميزوري، مساء أول أيام عيد الفطر المبارك، حفلاً طلابياً بمناسبة العيد بحضور عددٍ كبيرٍ من طلاب وطالبات الجامعة ومرافقيهم، سادت فيه الأجواء الاحتفالية بالمزمار والتراث النجراني والمسابقات الثقافية والترفيهية والتكريم.   استُهلّ الحفل بكلمةٍ ألقاها رئيس النادي سعد عابس الشهري، شكر خلالها جميع الحضور مهنئاً ومباركاً لهم هذه المناسبة العزيزة على قلوب المسلمين جميعاً، وبمساعدة نائب الرئيس أحمد عبدالله الغامدي، تم تكريم النادي السعودي بهيئته الإدارية السابقة وشكرهم تجاه ما قدّموه سابقاً لجميع الطلاب، تلاها تكريم الفائزين بمسابقة النادي عبر حسابه في الإنستجرام.   وقامت مشرفة شؤون الطالبات إبتسام أحمد فقيرة بتهنئة، بتكريم الطالبات وشكرهنّ على الحضور، ثم أُقيم عددٌ من المسابقات الثقافية والترفيهية التي اتّسمت بروح الألفة والمحبة والتنافس الشريف.   شهد الحفل أداء تراثيْن فولكلورييْن من بعض أنحاء المملكة من خلال لعبة المزمار الحجازية والتراث النجراني؛ شارك الجميع بكل سرور وبهجة فيهما، تلا ذلك فاصلٌ غنائيّ وفنيّ بصحبة الفنانين ياسر العنزي وخالد المالكي وعبدالله القبيسي، فيما شهد القسم النسائي عدداً من الفقرات الثقافية والترفيهية المتنوعة؛ حيث اختُتم الحفل بالتقاط الصور التذكارية بعد أن تناول الحضور وجبة العشاء.   وعبّر رئيسُ النادي نيابةً عن جميع الطلبة المبتعثين في جامعة بارك الطالب سعد الشهري لـ \"سبق\"، عن أسمي آيات التهاني والتبريكات لجميع المسلمين ولحكومة خادم الحرمين الشريفين الملك سلمان -حفظه الله- وللشعب السعودي الكريم بمناسبة عيد الفطر المبارك، متمنيًّا من الله -عزّ وجلّ- أن يعيده على الأمتين العربية والإسلامية بكل خيرٍ وأمان، وأن يكون العالم أجمع في سلامٍ واطمئنان.           ",
    "date_extracted": "2015-07-22 09:51:46"
}