{
    "url": "http://sabq.org/yOBgde",
    "title": "&quot;الحريري&quot; رداً على &quot;نصر الله&quot;: &quot;عاصفة الحزم&quot; شوكة بحلْق إيران",
    "author": "سبق- وكالات:",
    "content": " سبق- وكالات: قال رئيس الوزراء اللبناني الأسبق، سعد الحريري، \"إن عاصفة الحزم شوكة في حلق المشروع الإيراني للهيمنة على المنطقة!\" منتقداً خطاب الأمين العام لـ\"حزب الله\"، حسن نصرالله، وتصريحاته بأن الطريق إلى فلسطين يَمُرّ بالأراضي السورية.   وحسب موقع \"سي إن إن بالعربية\"، قال \"الحريري\" عن العمليات العسكرية للتحالف الذي تقوده السعودية ضد الحوثيين في اليمن: \"كان فكري منشغلاً؛ ولكن ما سمعته منذ يومين عاد وأكد لي أن \"عاصفة الحزم\" -يا عزيزي- ما زالت شوكة، في حلق المشروع الإيراني للهيمنة على المنطقة!\".   وأوضح \"الحريري\" في كلمة ألقاها ونَشَرَها على صفحته بموقع التواصل الاجتماعي \"تويتر\": \"طريق فلسطين لا تَمُرّ بالزبداني ودمشق، الطريق من بيروت إلى طهران، نعم تَمُرّ بسوريا وبالعراق؛ أما الطريق إلى فلسطين، فبالتأكيد لا\". ",
    "date_extracted": "2015-07-21 02:41:33"
}