{
    "url": "http://sabq.org/c2Cgde",
    "title": "بالفيديو.. إحباط تهريب 250 ألف حبة مخدرة للسعودية",
    "author": "بدر الجبل- سبق- تبوك:&nbsp;",
    "content": " بدر الجبل- سبق- تبوك: تمكنت إدارة مكافحة المخدرات بالأردن من إحباط محاولة تهريب كمية كبيرة من الحبوب المخدرة للسعودية خبئت داخل صحون كرتونية وفقاً لما ذكره مصدر أمني أردني لـ\"سبق\"، فيما تم القبض على المتهم الرئيس في القضية.   وحول التفاصيل، قال المركز الإعلامي في مديرية الأمن العام الأردنية إن فريقاً خاصاً من إدارة مكافحة المخدرات، تولى مراقبة ورصد تحركات المشتبه به للتأكد منه وتحديد طريقة وأسلوب تهريب الحبوب المخدرة، حيث تمكن الفريق بعد جمع المعلومات وإنهاء عمليات المراقبة من تحديد آلية التهريب بعد إخفاء الحبوب المخدرة بطريقة فنية داخل صحون الكرتون الخاصة بالحلويات، ومن ثم إرسالها إلى أحد مكاتب الشحن من أجل شحنها بواسطتهم.   وتابع المركز الإعلامي بأن الفريق التحقيقي تمكن من إلقاء القبض على المشتبه به الرئيس في القضية، كما تم ضبط طن ونصف من صحون الكرتون داخل إحدى شركات الشحن وبتفتيشها عثر بداخلها على ما يقارب 250 ألف حبة مخدرة خبئت بطريقة فنية داخلها وبالتحقيق مع المقبوض عليه اعترف أنه وبالاشتراك مع شخصين آخرين من جنسية عربية قاموا بتجهيز تلك الكمية من الحبوب المخدرة وإخفائها تمهيداً لتهريبها إلى خارج البلاد وما زال التحقيق والبحث عن الشركاء جارياً.                 ",
    "date_extracted": "2015-07-21 23:22:44"
}