{
    "url": "http://sabq.org/CxCgde",
    "title": "اصطدام سيارتين يصرع ويصيب 6 بطريق \"عفراء بلقرن\"",
    "author": "سويد الحارثي- سبق- بلقرن:",
    "content": " سويد الحارثي- سبق- بلقرن: لقي أربعة أشخاص مصرعهم وأصيب آخران بجراح خطيرة؛ جراء حادث اصطدام سيارتين وجهاً لوجه على طريق \"عفراء – بيشة\"، عصر أمس الأحد.   وقال عبدالرحمن القرني وهو أحد شهود العيان لـ \"سبق\": \"وقع حادث مروّع بين سيارتين من نوع نيسان داتسون يستقل أولاهما وافدان باكستانيان؛ ويستقل الأخرى مواطن ووالدته\".   وأضاف: \"وقع الحادث أمام مستوصف عفراء القديم علي الطريق الواصل بين سبت العلايا وبيشة، والسبب ضيق الطريق\".   وأردف: \"شاركت مع مواطنين في نقل بعض المصابين للمستشفى، كما شارك الدفاع المدني في فكّ المحتجزين، وساهمت الشرطة في التعامل مع الازدحام وتسهيل وصول فرق الهلال الأحمر\".   وتابع: \"كان أحد المقاولين يتخذ من \"الحميد\" مقراً له، قد تسلّم مشروع ازدواجية الطريق عام 1428هـ من بلدية بلقرن غير أنه لم يف بعقد العمل وإنجاز المشروع في وقته المحدد\".       ",
    "date_extracted": "2015-07-21 18:07:09"
}