{
    "url": "http://sabq.org/wMafde",
    "title": "‫\"سبق\" تبعث أكثر من 11 ألف طلب ومقترح وجَّهها قراؤها لــ\"وزير الخدمة المدنية\" الجديد",
    "author": "عبدالله البرقاوي- سبق- الرياض:",
    "content": " عبدالله البرقاوي- سبق- الرياض: أنهت صحيفة \"سبق\" مساء أمس الأربعاء عملية إرسال أكثر من 11 ألف طلب ومقترح، وجَّهها القُرَّاء لوزير الخدمة المدنية الجديد الدكتور عبد الرحمن البراك.\n \n وقد جرى إرسال تلك الطلبات للوزارة استجابة لخطاب تلقته الصحيفة أمس من وزارة الخدمة المدنية، تطالب فيه بإرسال رسائل مطالبات ومقترحات القُرَّاء الراغبين في إيصالها إلى وزير الخدمة المدنية الجديد.\n \n وقد بلغ عدد تلك الرسائل 11445 رسالة، تلقتها الصحيفة خلال الأيام الثلاثة الماضية، عقب فتح \"سبق\" المجال للقراء؛ لطرح مطالباتهم ومقترحاتهم على الوزير الجديد، وذلك في التقرير الذي حمل عنوان: (\"سبق\" تفتح المجال للقرّاء.. ماذا تريدون من وزير الخدمة المدنية؟).\n \n \"سبق\" بدورها تشكر وزارة الخدمة المدنية على تفاعلها السريع وتعاونها، في ما يخدم المواطن ويلبي رغباته، مشيدة بهذا التجاوب الذي يكشف عن مدى اهتمام الوزارة بمطالبات المواطنين ومقترحاتهم.\n \n وكانت الرسائل التي تلقتها \"سبق\" وبعثت بها لوزارة الخدمة المدنية، قد تنوعت، حيث طالب فيها المهندسون السعوديون بإقرار الكادر الهندسي، فيما طالب عاطلون عن العمل بتوفير وظائف حكومية تؤمن لهم لقمة العيش، وناشد خريجو المعاهد الصحية بتنفيذ الأمر الملكي الكريم الخاص بتوظيفهم، وتحويلهم جميعاً للقطاع الحكومي.\n \n وتضمنت المطالبات مناشدات لتوظيف خريجات الكليات المتوسطة، وتثبيت البديلات اللاتي لسن على رأس العمل، وتحسين أوضاع المعينين على مراتب أقل، واستحداث وظائف لخريجي الكليات التقنية والخريجين والخريجات الجامعيين القدامى، وخريجات اللغة العربية وتخصص التاريخ والجغرافيا والمكتبات، والنظر في قضية تأخير تعيين مرشحات جدارة اللاتي أنهين المطابقة قبل عدة أشهر، ومطالبات بتعيينهن دون مفاضلة.\n \n واشتملت المطالبات على صرف بدل سكن لموظفي الدولة، وصرف بدل العدوى لجميع فنيي التمريض، ورفع رواتب الموظفين وتعديل السلالم، ورفع العلاوة السنوية، وإيجاد حلول جذرية لإشكاليات التجميد الوظيفي، ومطالبات بإلغاء اختبارات القياس وتثبيت الموظفين الذين لم يشملهم الأمر الملكي الكريم، وغيرها من الإشكاليات الوظيفية.\n \n كما جاء ضمن الرسائل تبريكات وتهانٍ وقصائد مديح للوزير الجديد، وشكاوى وأرقام معاملات رفع بها بعض الموظفين والموظفات.\n \n وضمّن القراء رسائلهم بعدد من المقترحات، منها: تخفيض السن التقاعدي للموظفين، الترقية بشكل مباشر، شراء السنوات المتبقية للموظفين كبار السن عن طريق تنظيمات معينة من أجل استيعاب الخريجين والعاطلين في الوظائف الحكومية، وصرف بدل سكن للموظفين إلى حين استلامهم للقروض العقارية ومن ثم سحب البدل، ورفع المراتب والدرجات في السلالم، والتوسع في مجال التوظيف الحكومي لاستيعاب العاطلين عن العمل، وسحب التوظيف الفوري من البلديات والجامعات ومديريات الشؤون الصحية وبعض القطاعات الحكومية؛ للقضاء على الواسطة في التوظيف، وغيرها الكثير من المطالبات والمقترحات والشكاوى التي بعثتها \"سبق\" جميعها للوزارة. ",
    "date_extracted": "2015-07-21 13:24:30"
}