{
    "url": "http://sabq.org/OGBgde",
    "title": "‏‫مطار جازان يستقبل أول رحلة من &quot;فلاي دبي&quot;",
    "author": "عبد الله الراجحي- سبق- جازان:",
    "content": " عبد الله الراجحي- سبق- جازان: استقبل مطار الملك عبدالله بن عبدالعزيز بجازان، مساء أمس، الجمعة، أول رحلة دولية لشركة طيران فلاي دبي، قادمة من مطار دبي الدولي، لتصبح ثالث شركة طيران دولية تشغّل رحلات إلى المطار الواقع أقصى جنوب المملكة.   واستقبل الطائرة عند وصولها، مدير عام عمليات المطارات الداخلية، عبدالباسط السلفي، ومدير عام المطار، حامد الغريبي، ومدراء الإدارات الحكومية بالمطار، ومنحوا الركاب الورود، والتقوا بوفد شركة فلاي دبي للطيران الذي قدم مع الرحلة.   وحملت الرحلة على متنها 30 راكباً قادماً من دبي، وغادرت بعد ساعة من وصولها وعلى متنها 120 راكباً.   وقال مساعد النائب للمطارات الداخلية، المهندس طارق بن عثمان العبدالجبار، إن شركة فلاي دبي ستشغل الخط الدولي بين مطاري الملك عبدالله بجازان ودبي بواقع رحلة يومياً، وذلك لتسهل وصول المواطنين والمقيمين الراغبين في السفر إلى الدول الإقليمية المجاورة, والإسهام في توفير سعة مقعدية إضافية بين المطارات الداخلية.   وأضاف العبدالجبار أن مطار الملك عبدالله بجازان أكمل جاهزيته لاستقبال رحلات دولية إضافية، بعد أن استوفى المطار الإجراءات بالتنسيق مع الجهات الأخرى ذات العلاقة، ووفر كافة الأجهزة والتقنيات للتشغيل الدولي، مما سيساهم ـ بإذن الله ـ في تحقيق تشغيل ناجح للرحلات الإقليمية القادمة من الدول المجاورة.   يُذكر أن مطار جازان بدأ التشغيل الدولي مطلع العام الهجري الجاري، بتسيير شركة العربية للطيران رحلاتها القادمة من مطار الشارقة الدولي بواقع رحلة يومياً، وشركة نسما للطيران القادمة من مطار القاهرة الدولي بواقع رحلة يومياً. ",
    "date_extracted": "2015-07-21 02:41:48"
}