{
    "url": "http://sabq.org/GvCgde",
    "title": "​&quot;الشباب&quot; يوقع عقد &quot;الدعيع&quot;",
    "author": "فايز الأسمري- سبق- الرياض:",
    "content": " فايز الأسمري- سبق- الرياض:  ‏‫وقع رئيس مجلس الإدارة المكلف عبدالله القريني، قبل قليل، العقد الخاص بإعارة لاعب نادي \"الهلال\" سلطان الدعيع، لمدة موسم واحد، مع أحقية \"الشباب\" في شراء عقد اللاعب نهاية الموسم، بعدما اتفقت الإدارة قبل قليل مع إدارة نادي الهلال.    ",
    "date_extracted": "2015-07-21 02:40:43"
}