{
    "url": "http://sabq.org/Wv1fde",
    "title": "مدير عام \"سبق\" يبحث سبل التعاون مع ممثلي \"بيدو\" الصينية",
    "author": "",
    "content": " سبق- الرياض: استقبل مدير عام صحيفة \"سبق\" الأستاذ علي الحازمي بمكتبه صباح أمس وفداً من شركة \"بيدو\" الصينية. \n وتحدث الوفد الصيني عن محرك بحث \"بيدو\" الشهير، الذي انطلق في يناير عام 2000م، وأسسه روبن لي وإريك تشو. مشيراً إلى أنه يحتل المركز الأول في الصين كأكثر المواقع زيارة. \n وتُعتبر \"بيدو\" أول شركة صينية تُسَجَّل في بورصة نازداك الأمريكية، حيث يتيح للمستخدم البحث في أكثر من 57 تصنيفاً مختلفاً منها: الصور، والفيديو، والأخبار والوثائق، والميديا، وغيرها. \n كما تحدث الزميل الحازمي عن صحيفة \"سبق\"، وإحصائياتها منذ الانطلاقة عام 2007م، وبحث مع الوفد الزائر سبل التعاون بما يخدم الطرفين، فيما أبدت الشركة الصينية اهتمامها بالسوق السعودي وأهمية تواجدها فيه .                   ",
    "date_extracted": "2015-07-21 13:24:20"
}