{
    "url": "http://sabq.org/42Cgde",
    "title": "رابطة المحترفين تبدأ استقبال بطاقات دخول الملاعب.. غدًا",
    "author": "سبق- الرياض:",
    "content": " سبق- الرياض: شاركت رابطة دوري المحترفين السعودي ممثلة في أحمد بن عبدالعزيز العقيل وعبدالعزيز بن راشد الحجي في  ورشة العمل التي أُقيمت في سنغافورة على هامش بطولة البريميرليغ الآسيوي بدعوة من  رابطة دوري المحترفين الإنجليزي إلى جانب جميع روابط المحترفين الآسيوية.   من جهة أخرى، تبدأ رابطة دوري المحترفين غدًا الأربعاء السادس من شوال في استقبال طلبات إصدار بطاقات الإعلاميين لدخول الملاعب لتغطية مباريات دوري عبداللطيف جميل بدءًا من يوم الأربعاء السادس من شهر شوال الموافق ٢٢ يوليو الجاري، وذلك عبر النموذج الإلكتروني الخاص الموجود في موقع الرابطة الرسمي عبر هذا الرابط :  http://spl.aljleague.com/ وسيتم استقبال الطلبات حتى يوم الخميس ٢٨ شوال الموافق ١٣ أغسطس، ولن يتم قبول أي طلب بعد هذا التاريخ ، بينما سيتم تسليم البطاقات للإعلاميين بدءًا من يوم الأحد الأول من ذي القعدة المقبل .   وتهيب رابطة دوري المحترفين بالإعلاميين سرعة تقديم النموذج، كون أولوية التسليم ستكون لمن يكمل النموذج بنجاح.   وتنوه الرابطة بضرورة إرفاق صورة ملونة وواضحة للوجه من الأمام بدقة عالية، بالإضافة إلى صورة من الهوية الوطنية أو الإقامة لغير السعوديين، وصورة لخطاب التكليف من الجهة الإعلامية التي يتبع لها الإعلامي يوضح من خلاله تكليفه بالتغطية الإعلامية لمباريات دوري هذا الموسم.   وتؤكد الرابطة أنه لن يتم منح المواقع الإلكترونية غير المتخصصة في المجال الرياضي أي بطاقة لدخول الملاعب، باستثناء بعض المواقع التي يوجد بها قسم رياضي نشيط ومتابع للأحداث الرياضية أولاً بأول. ",
    "date_extracted": "2015-07-21 23:23:59"
}