{
    "url": "http://sabq.org/QYBgde",
    "title": "الجيش الليبي يقصف مواقع متشدّدين في درنة",
    "author": "سبق- وكالات:",
    "content": " سبق- وكالات: قصفت طائرات الجيش الليبي مواقع متشدّدين في مدينة درنة - شرقي البلاد، مساء الثلاثاء.   ونقل موقع \"سكاي نيوز عربية\" عن مصادر مطلعة، أن القصف شمل مواقع لفرع تنظيم \"داعش\" في ليبيا، في المدينة التي تعد المعقل الرئيس للتنظيم المتشدّد بالبلاد، الذي عزّز انتشاره في مدن عدة مستغلاً الفوضى التي تغرق ليبيا.   ويسعى الجيش الليبي الموالي للحكومة المعترف بها دولياً، ومقرها البيضاء - شرقي البلاد، إلى استعادة السيطرة على المدن الليبية كافة، التي يسيطر على بعضها مجموعات مسلحة.   يُشار إلى أن العاصمة طرابلس تقبع تحت سيطرة ميليشيات \"فجر ليبيا\" منذ صيف العام الماضي، وكوّنت الميليشيات حكومة موازية لم تحظ باعتراف دولي. ",
    "date_extracted": "2015-07-21 02:41:29"
}