{
    "url": "http://sabq.org/6yCgde",
    "title": "أهالي &quot;المواركة&quot; يحتفلون بالعيد السعيد",
    "author": "سبق- مكة المكرمة:",
    "content": " سبق- مكة المكرمة: نظم شباب حي المواركة بمكة المكرمة مهرجان حفل المعايدة الرابع ﻷهالي الحي، وذلك في اليوم الثاني من أيام عيد الفطر المبارك بمركز الحي الواقعة قرب مسجد أبي عليم الدين .   واشتملت فعاليات المهرجان على برامج متعددة تخلق الترابط الأسري والتواصل الاجتماعي؛  من \"أسرة واحدة\"؛ وهو برنامج نوعي يكرم من خلاله القائمون على المهرجان أيتام الحي، حتى يستشعروا بأنهم جزء من المجتمع، ورحماء بينهم الذي يساهم في بر الوالدين، وبرنامج وفاء، ومسابقات ترفيهية؛ كما اشتملت على أوبريتات وبعض من الوصلات الإنشادية وقصائد شعر قدمها أبناء الحي .وفي نهاية الحفل كرمت اللجنة المنظمة للمهرجان الداعمين والمشاركين بشهادات تذكارية. ",
    "date_extracted": "2015-07-21 02:43:22"
}