{
    "url": "http://sabq.org/MYBgde",
    "title": "بعد 9 سنوات.. المركبة &quot;نيو هورايزونز&quot; تقترب من &quot;بلوتو&quot; أبعد كواكب مجموعتنا",
    "author": "سبق- وكالات:",
    "content": " سبق- وكالات: أعلنت وكالة الفضاء والطيران الأمريكية \"ناسا\" نجاح مهمة مركبة الفضاء \"نيو هورايزونز\" في الاقتراب من كوكب بلوتو أبعد كواكب المجموعة الشمسية.   وحسب موقع هيئة الإذاعة البريطانية \"بي بي سي\"، أشارت البيانات التي وصلت إلى مراكز الاتصال والمتابعة على الأرض إلى أن المركبة لم تتعرض لأي مشاكل خلال تحليقها بالقرب من الكوكب الجليدي القزم بسرعة 14 كم/ الثانية.   والتقطت الإشارات التي بعثتها المركبة عن طريق قرص استقبال عملاق تابع لوكالة \"ناسا\" في العاصمة الإسبانية مدريد.   واستغرقت الرسالة من الفضاء 4 ساعات و25 دقيقة لتصل إلى الأرض ما يعني أنها قطعت 4.7 مليارات كيلومتر في الفضاء.   وسادت حالة من التوتر والترقب في مقر المهمة الفضائية بمركز لوريل في ميريلاند بالولايات المتحدة.   وفور استقبال الإشارة، دبت الفرحة بين العاملين في المحطة الأرضية ورفع العاملون الأعلام الأمريكية.   وقالت أليس بومان مدير العمليات في المحطة: \"مركبتنا الفضائية بصحة جيدة، وسجلنا بيانات عن نظام كوكب بلوتو\".   وقال تشارلز بولدن، المسؤول في وكالة \"ناسا\": \"نجاح هذه المهمة يعني أننا زرنا كل كواكب المجموعة الشمسية\".   وتتضمن الإشارة التي بعثتها المركبة صباح الأربعاء بيانات هندسية تؤكد لخبراء \"ناسا\" أن المهمة تمت كما كان مقرراً لها.   ومن المقرر استخراج أول صور عالية الجودة للرحلة في وقت لاحق من اليوم.   واستطاعت مركبة \"نيو هورايزونز\" إرسال مجموعة من المعلومات على مقربة من الكوكب القزم خلال الأيام الأخيرة، لكن ذلك لن يضاهي الكم الهائل من الملاحظات التي يُتوقع من المركبة جمعها عندما تمر على مسافة 12500 كيلومتر من سطح الكوكب. ",
    "date_extracted": "2015-07-21 02:43:43"
}