{
    "url": "http://sabq.org/I0Agde",
    "title": "&quot;الصالونات الثقافية&quot; في مسامرة رمضانية بـ&quot;فنون أبها&quot;",
    "author": "سبق- أبها:",
    "content": " سبق- أبها: يُقيم فرع الجمعية العربية السعودية للثقافة والفنون في أبها، السبت المقبل، مسامرة رمضانية بعنوان \"الصالونات الثقافية والأثر المجتمعي.. تجارب من عسير\"، في ديوانية الفنانين في مقر الجمعية في قرية المفتاحة بأبها.     وأكد مدير \"فنون أبها\" أحمد السروي، أن المسامرة تستضيف كُلاً من: الدكتور صالح أبو عراد ممثلاً لـ\"اثنينية تنومة الثقافية\"، وإبراهيم مسفر من \"مجلس ألمع الثقافي\"، وإبراهيم النعمي من \"ديوانية النعمي الثقافية\"؛ فيما يدير الأمسية الإعلامي يحيى العلكمي. ",
    "date_extracted": "2015-07-21 02:42:41"
}