{
    "url": "http://sabq.org/xKefde",
    "title": "\"سبق\" تنفرد بالصدارة على مستوى العالم العربي",
    "author": "",
    "content": " سبق – الرياض: أعلنت شركة \"إفكتف ميجور\" الأسترالية، المتخصصة في مجال \"تزويد الأسواق النامية بالحلول والخطط الإعلامية الرقمية\" وقياس نسبة المشاهَدات في المواقع الإلكترونية، تحقيق صحيفة \"سبق\" الإلكترونية المركز الأول في العالم العربي على مستوى الصحف الورقية والإلكترونية بلا منازع، متقدمة على أقرب منافسيها بفارق يصل إلى مليون ونصف مليون زيارة. \n وأثنت شركة \"إفكتف ميجور\" الأسترالية على التطور الذي تشهده صحيفة \"سبق\" الإلكترونية، مشيدة خلال زيارة قام بها مدير قطاع الأعمال بالشركة لمقر الصحيفة، صباح اليوم، ولقاء المدير العام علي الحازمي، بما حققه الموقع الإعلامي السعودي، وانفراده على مستوى العالم العربي.\n وتم خلال الزيارة بحث سبل التعاون والتطوير بين \"سبق\" وشركة \"إفكتف ميجور\".   \n \n وتعمل شركة إفكتف ميجور (Effective Measure) العالمية في مجال \"تزويد الأسواق النامية بالحلول والخطط الإعلامية الرقمية\"، إضافة إلى قياس نسبة المشاهدات في المواقع الإلكترونية. ومقرها الرئيسي في مدينة \"ملبورن\" الأسترالية، ولديها فروع في نيويورك ودبي وسيدني وبانكوك.\n \n يشار إلى أن صحيفة \"سبق\" حققت رقماً قياسياً في عدد المشاهدات للأخبار والتقارير التي نشرتها الصحيفة في عام ٢٠١١، حيث ارتفع العدد لما يزيد عن مليار مشاهدة خلال عام واحد.   ",
    "date_extracted": "2015-07-21 13:24:25"
}