{
    "url": "http://sabq.org/MtCgde",
    "title": "والدة &quot;الصحفي&quot; في ذمة الله",
    "author": "سبق- جدة:",
    "content": " سبق- جدة: انتقلت إلى رحمة الله تعالى، أمس السبت، والدة عبدالرحمن الصحفي من منسوبي إدارة العلاقات العامة والإعلام بـ\"صحة جدة\"، وقد تم مواراة جثمانها الثرى في مقبرة غران بمحافظة خليص.   والفقيدة والدة عبدالله ومحمد وعبدالمحسن.   ويتقبل العزاء اعتباراً من اليوم الأحد في منزل الزميل \"الصحفي\" في حي المروة أو على جوال (0554622141). ",
    "date_extracted": "2015-07-21 02:43:12"
}