{
    "url": "http://sabq.org/q1Cgde",
    "title": "‏أمانة جدة تحبط بيع 5 أطنان حلويات تالفة",
    "author": "عبدالله الراجحي- سبق- جدة:",
    "content": " عبدالله الراجحي- سبق- جدة: صادرت بلدية الجنوب وبمشاركة الرقابة التجارية بالأمانة وشرطة البلدية خمسة أطنان من الحلويات والأغذية المنتهية الصلاحية، وطناً من الخضروات وقامت بتسليمها للجمعية الخيرية.   وحرر مفتشو البلدية إشعارات إلكترونية لـ 30 محلاً مخالفاً لاتخاذ الإجراءات النظامية وذلك إثر قيامهم بحملات مكثفة على المباسط العشوائية والمحلات والباعة الجائلين في منطقة أسواق الصواريخ والأهدل.   وقال رئيس بلدية الجنوب المهندس محمد الزهراني: \"أسفرت هذه الجهود عن إتلاف كمية كبيرة من المواد الغذائية منتهية الصلاحية والفاسدة بسبب سوء الحفظ والتخزين، وتم إتلاف وإزالة 25 بسطة حلويات وأغذية بطاطس وبليلة\". ",
    "date_extracted": "2015-07-21 17:13:44"
}