{
    "url": "http://sabq.org/2oCgde",
    "title": "ناطحة سحاب أمريكية تشارك المسلمين فرحتهم بالعيد",
    "author": "سبق- وكالات:",
    "content": " سبق- وكالات: أضيء مبنى إمباير ستايت في نيويورك، يوم أمس الجمعة باللون الأخضر؛ احتفالاً بعيد الفطر، في تقليد بدأ العمل به منذ سنوات عدة، كما أفاد متحدث باسم ناطحة السحاب.   وقال المتحدث باسم الصرح المعماري لوكالة \"فرانس برس\": إن الإنارة باللون الأخضر ستستمر لغاية الساعة الثانية فجراً، موعد إغلاق المبنى أمام الزوار، والساعة التي تُطفأ فيها أنواره يومياً.   وأضاف أن مبنى إمباير ستايت يحتفل بعيد الفطر \"منذ سنوات عدة، هذه إنارة سنوية\".   ويحتفل المبنى سنوياً بالطريقة نفسها بعيديْ الفصح والميلاد المسيحيين وعيد الأنوار اليهودي؛ ولكن بألوان مختلفة؛ إذ إنه يضاء في عيد الفصح بالأصفر والأبيض، وفي الميلاد بالأحمر والأخضر؛ في حين أنه يُضاء في عيد الأنوار (حاكونا) بالأبيض والأزرق.   كما أن المبنى يضاء بألوان أخرى في مناسبات أخرى غير دينية، كما جرى مثلاً في 10 يوليو الجاري، حين تَلَوّن بألوان العلَم الأمريكي حين فاز منتخب السيدات الأمريكي في كرة القدم بكأس العالم.   وفي 8 يونيو بالأبيض والأزرق والبنفسجي؛ احتفالاً باليوم العالمي للمحيط.   أما في الأيام العادية فيُضَاء أعلى المبنى باللون الأبيض.   وناطحة السحاب هذه هي ملكية خاصة، وتتلقى سنوياً مئات الطلبات من حول العالم لإنارتها بألوان مختلفة احتفالاً بمناسبات شتى؛ لكن إدارة المبنى لا تناقش علناً آلية اختيار المناسبات التي تقرر اعتمادها.   ولا يقبل المبنى أي طلب يتصل بحملات انتخابية أو شخصيات أو منظمات دينية أو مناسبات شخصية. ",
    "date_extracted": "2015-07-21 02:43:37"
}