{
    "url": "http://sabq.org/uxCgde",
    "title": "إنقاذ مواطن علق مثبت سرعة سيارته على 220 كم بالرياض",
    "author": "سبق- الرياض:",
    "content": " سبق- الرياض: تمكّنت دوريات أمن الطرق على طريق الرياض- الطائف من إنقاذ حياة مواطن علق مثبت سرعة سيارته على سرعة 220 كم/ الساعة.   وتفصيلاً، أكد المواطن عبدالمجيد العتيبي أنه أثناء سفره بسيارته من مدينة الرياض متجهاً إلى مدينة الطائف، وعلى بعد 20 كم عن القويعية قام بتثبيت السرعة لكي يمرن السيارة، ولا يتعدى السرعة المسموح بها أثناء تمرين السيارة.   وأضاف \"العتيبي\": أثناء القيادة أخذت السرعة في تزايد مستمر حتى وصلت 220 كم/ الساعة، وحاولت جاهداً فصل مثبت السرعة، وذلك بالضغط على مكابح الفرامل أو الضغط على مثبت السرعة، ولكن كل المحاولات باءت بالفشل، مما جعلني أستعين بدوريات أمن الطرق، والتي على الفور تفاعلت مع اتصالي عبر الجوال.   وتابع: بعد مرور نحو 300 كم من التواصل المستمر مع إرشادات دوريات أمن الطرق في فصل سلك المثبت كأحد الحلول، نجحت في إيجاد السلك وفصله.   وقدّم \"العتيبي\" شكره على جهود دوريات أمن الطرق على دورهم في إنقاذ حياته وتواصلهم المستمر حتى إيقاف السيارة، مناشداً جميع الشركات المصنعة بإيجاد حل لمثل هذه الأعطال المتكررة في الآونة الأخيرة، والتي من شأنها تعريض حياة الآخرين للخطر ورجال الأمن. ",
    "date_extracted": "2015-07-21 02:40:08"
}