{
    "url": "http://sabq.org/kxCgde",
    "title": "بريطانيا تستثمر 20 مليون إسترليني في السيارات ذاتية القيادة",
    "author": "أحمد علي- سبق- القاهرة:",
    "content": " أحمد علي- سبق- القاهرة: تسعى بريطانيا للاستثمار في مجال اختبار السيارات ذاتية القيادة؛ لتكون بذلك أفضل دولة في العالم لديها تقنيات وطرق آمنة ومعدة خصيصاً لتجربة هذا النوع من السيارات.   وتشجع الدولة عمل الأبحاث العلمية في هذا المجال لتطوير هذه الصناعة التكنولوجية الجديدة، وستخصص بريطانيا لتطوير هذه الصناعة مبلغاً ضخماً من المال بنهاية عام 2015؛ حيث ترحّب بالمشاركات التي تُسهم في التطوير في هذا المجال.   وستتواصل هذه السيارات مع بعضها، وستكون في المناخ الآمن الذي سيوفر لها، والذي تستطيع أن تعتمد عليه.   وستقوم الشركات الخاصة بعمل عروض، وتقديمها إلى الحكومة البريطانية، ومن سيبلغ عرضه 20 مليون إسترليني، وسيتقدم بمشروع لإنشاء هذه الطرق بكفاءة، سوف يقوم بتنفيذ المشروع. ",
    "date_extracted": "2015-07-21 02:42:12"
}