{
    "url": "http://sabq.org/4zCgde",
    "title": "طيران ناس يكرّم طاقم رحلة حائل - الرياض بعد عودتها لإحضار دواء راكبة",
    "author": "عبدالله البرقاوي- سبق- الرياض:",
    "content": " عبدالله البرقاوي- سبق- الرياض: أعلن طيران ناس عن تكريم قائد طيار يوسف الزير، وأعضاء الطاقم الجوي لرحلة رقم 301 المتجهة من مطار حائل الإقليمي إلى مطار الملك خالد الدولي في الرياض، وذلك بعد أن قرر قائد الطائرة العودة من المدرج والطائرة تستعد للإقلاع بعد نسيان أحد ضيوف طيران ناس للأدوية الخاصة بوالدته حيث تأخر موعد إقلاع الرحلة لقرابة خمسين دقيقة وسط قبول وتفهم باقي الضيوف الكرام.   وقال بندر بن عبدالرحمن المهنا الرئيس التنفيذي لمجموعة ناس القابضة إن تكريم الشركة للطاقم الجوي الخاص بالرحلة يأتي لاهتمامهم وحرصهم على سلامة الضيوف، ويندرج ضمن أهداف الشركة لتطبيق كل ما يلزم لتأمين سلامة ضيوفها المسافرين.   وأضاف المهنا أن مثل هذه المواقف النبيلة من أبناء الشركة ستكون دائمًا محل التقدير وهي مصدر فخر واعتزاز لكل منسوبيها وسيكون موعد الحفل التكريمي في أول أيام العمل الرسمية بعد انتهاء إجازة عيد الفطر.    وكانت \"سبق\" نشرت في وقت سابق اليوم تقريرًا تضمن قصة عودة الطائرة ومبادرة الكابتن الزير وطاقم الطائرة، وسجل التقرير الذي تم تداوله على مواقع التواصل الاجتماعي ردود أفعال إيجابية وإشادات وعبارات شكر للكابتن الزير وطاقم الطائرة ومطالبات بتكريمه. ",
    "date_extracted": "2015-07-21 02:39:21"
}