{
    "url": "http://sabq.org/kaCgde",
    "title": "غياب تغطية &quot;الاتصالات&quot; يعزل قرى النماص عن العالم",
    "author": "ظافر الشهري- سبق- النماص:",
    "content": " ظافر الشهري- سبق- النماص: ناشد أهالي منطقة حلباء بمركز السرح؛ التابع لمحافظة النماص، الجهات المسؤولة بضرورة إيجاد حل لمعاناتهم مع شركة الاتصالات؛ بسبب انعدام الشبكة والتغطية.   وقال عددٌ من الأهالي إن أكثر من 50 ألف نسمة يعانون ضعف تغطية الشبكة بالمركز، التي تنعدم في بعض الأماكن؛ ما يجبر الأهالي على اللجوء إلى المناطق العالية لإجراء اتصالاتهم المهمة.   وأضافوا أن هناك أكثر من 100 قرية تقدّمت بشكاوى للاتصالات التابعة للمحافظة منذ أكثر من ثلاث سنوات بلا مجيب، وأهالي المنطقة ليس لديهم وسيلة اتصال رغم اكتظاظها بالمصيفين من جميع أنحاء المملكة وبعض دول الخليج. ",
    "date_extracted": "2015-07-21 02:44:13"
}