{
    "url": "http://sabq.org/wOBgde",
    "title": "الإمارات نفّذت حكم الإعدام في &quot;شبح الريم&quot; صباح اليوم",
    "author": "سبق- وكالات:",
    "content": " سبق- وكالات: صرّح المحامي العام لنيابة أمن الدولة الإماراتي، أحمد الضنحاني، لوكالة الأنباء الإماراتية \"وام\"، بأنه تمّ صباح اليوم الإثنين تنفيذ حكم المحكمة الاتحادية العليا دائرة أمن الدولة الصـادر بإعدام المحكوم عليها \"آلاء بـدر عبدالله\" المعروفة بشبح الريم.   وكانت المحكوم عليها قد ارتكبت جرائم قتل المجني عليها أبوليا بلازس ريان طعناً بسكين، والشروع في قتل قاطني إحدى شقق بناية بكورنيش أبوظبي بوضع قنبلة يدوية الصُنع قرب باب الشقة وإشعال فتيل تفجيرها، وجمع مواد متفجرة محظور تجميعها، وإنشاء وإدارة حساب إلكتروني على الشبكة المعلوماتية باسم مستعار بقصد تحبيذ وترويج أفكار جماعات إرهابية ونشر معلومات من خلالها بقصد الإضرار بسمعة وهيبة ومكانة الدولة والنيل من رموزها، وتقديم أموال لتنظيم إرهابي لاستخدامها في ارتكاب عمليات إرهابية، وقد ارتكبت تلك الجرائم تنفيذاً لغرض إرهابي بقصد إزهاق الأرواح لإثارة الرعب بين الناس وتهديد أمن الدولة واستقرارها.     وقضت المحكمة الاتحادية العليا بمعاقبتها بالإعدام عن تلك الجرائم التي ثبتت في حقها. ",
    "date_extracted": "2015-07-21 02:41:34"
}