{
    "url": "http://sabq.org/K8Nfde",
    "title": "بالصور.. &quot;سبق&quot; تحتفل بالفائزين في تصويتها السياحي السنوي",
    "author": "خالد خليل- سبق- الرياض:",
    "content": " خالد خليل- سبق- الرياض: تحت رعاية وزير الثقافة والإعلام الدكتور عبدالعزيز خوجة، وبحضور نخبة من المسؤولين والشخصيات الفاعلة في المجتمع، وعدد من مسؤولى السياحة بالسعودية والوطن العربي، أعلن عن نتائج النسخة الثانية من تصويت \"سبق\" السياحي السنوي الذي تنظمه للعام الثاني على التوالي بمدينة الرياض؛ تكريماً لصناعة السفر والسياحـة السعودية والعربية لعام 2013م.   وبدأ الحفل بكلمة لرئيس مجلس إدارة \"سبق\" المهندس عبدالعزيز الخريجي، رحَّب فيها براعي الحفل وبالحضور، وقال: \"دشنتم يا معالي الوزير قبل عام جائزة سبق السياحية في حفلها الأول؛ وأخذنا على عاتقنا بأننا ماضون في تطويرها وتنويع مجالاتها بالتدرج المدروس؛ كما شاهدتم ذلك في العرضِ السابق من توسعٍِ في فروعِ جائزة  السياحية؛ لتطال مجالاتٍ عدّة؛ فيتنافسُ فيها المتنافسون خدمةً للمواطنِ والمقيمِ والوطن؛ فهذا المجال الاقتصادي والثقافي والاجتماعي والخدمي؛ فروع مستهدفةٌ للجائزة في أعوامها القادمة القريبة بإذن الله.   بعد ذلك عُرض فيلم وثائقي عن مراحل التصويت، والجوائز، والمشاركين ثم أُعلن الفائزون بجوائز التصويت، وجاءت في صدارة المدن السعودية الأفضل سياحياً مدينة أبها، ونالت لقب أفضل الوجهات السياحية السعودية لعام 2013، وجاء مهرجان جدة في مقدمة المهرجانات المحلية؛ حيث فاز بأفضل مهرجان في السعودية لعام 2013.. في حين تصدر فندق الريتزكارلتون بالرياض قائمة الفنادق في السعودية، ونال أفضل فندق خمس نجوم في السعودية، واحتل منتجع موفنبيك الخبر المركز الأول في قائمة أفضل المنتجعات في السعودية، وتصدرت وكالة الطيار للسفر أفضل الوكالات في السياحة والسفر لعام 2013م.   ونال مطار الملك خالد الدولي بالرياض أفضل المطارات الدولية، في حين احتلت الخطوط الجوية العربية السعودية المركز الأول على شركات الطيران السعودية، وللعام الثاني على التوالي حلّت دبي في المركز الأول، كأفضل وجهة عربية سياحية يفضلها السائح السعودي، فيما تصدر منتجع \"الريتزكارلتون شرم الشيخ بمصر\" قائمة المنتجعات المفضلة للسعوديين، والأفضل عربياً لعام 2013م، كما حل فندق جميرا بيتش بدبي أيضاً كأفضل فندق عربي خمس نجوم لعام 2013م، وجاء مطار دبي الدولي كأفضل مطار دولي عربي، ونالت شركة طيران الإمارات لقب أفضل شركة طيران عربية لعام 2013م للعام الثاني على التوالي.   وقد شارك في التصويت 41 هيئة سياحية من السعودية و26 هيئة سياحية من الوطن العربي، وشارك ما يقارب من 100 ألف مصوت في التصويت الذي بدأ من نوفمبر 2013 وانتهى في نهاية ديسمبر 2013؛ ليعلن الفائزون في الخامس من يناير2014، وظهر التصويت في النسخة الثانية بحلة جديدة، فبعد مشاركة ثلاث قطاعات سعودية فقط في التصويت الماضي ارتفع المشاركون إلى سبعة قطاعات سعودية؛ بزيادة تقدر 110% بعد إضافة قطاع وكالات السفر، وقطاع المطارات، وقطاع المنتجعات، وقطاع المهرجانات، وفي القسم العربي وبعد مشاركة ثلاثة قطاعات عربية سياحية فقط في التصويت الأول شاركت هذا العام خمس هيئات عربية في التصويت الثاني بزيادة تقدر 70%؛ بعد إضافة فئة المنتجعات والمطارات.   وتهدف صحيفة \"سبق\" من تنظيم هذا التصويت السياحي لخدمة قرائها بإمدادهم بمؤشر سياحي يتسم بمعايير الحيادية والشفافية؛ إذ خصصت نظاماً يمنع التصويت لأكثر من مرة من عنوان \"بروتوكول الإنترنت\" والمعروف بـ\"الآي بي\" نفسه؛ لضمان الحصول على آراء أكبر عدد من الناس بشكل عادل، وقسم التصويت إلى قسمين: الأول اختيار الفنادق والمنتجعات وشركات الطيران والمطارات ووكالات السفر والمهرجانات والوجهات السياحية وشركات الطيران على مستوى المملكة، بينما عُني القسم الثاني بالتصويت على مستوى الوطن العربي الوجهات والفنادق والمنتجعات والمطارات وشركات الطيران.   وكرمّت صحيفة \"سبق\" بعضِ أصحابِ الديوانياتِ والصوالين الثقافية التي تحتضنُها مدينةُ الرياض في لفتة نالت استحسان الجميع، كما تم تكريم طلاباً وطالبات حققوا مراكز مشرفةٍ على مستوى العالم في المسابقةِ العالمية للرياضياتِ الذهنيةِ بهونغ كونغ في الأسبوع المنصرم وكانت صحيفة \"سبق\" راعياً إلكترونياً لهذا الحدث.   كذلك تم تكريم الشيخ مسعد بن سمار العتيبي لما له من دور بارز في دعمِ ورعايةِ المناشطِ الثقافيةِ والاجتماعية، كما تم تكريم الزميل الاعلامي صلاح الغيدان نظير اسهاماته الإعلاميةٌ الملموسة.   ومن جانبه قال المدير العام ورئيس التحرير علي الحازمي: \"يسعدنا إقامة هذا الحفل السنوي، وتكريم الفائزين في تصويت (سبق) السياحي، وهذا دورنا الإعلامي في تسليط الضوء على ما يفيد المجتمع ويدعم قضايا الوطن؛ حيث تعد السياحة حالياً إحدى القضايا الحيوية\".   وقد قدّم الحفل الزميل يحيي آل مفرح ممثل الصحيفة في أستراليا.     النتائج: - أبها جاءت في صدارة المدن السعودية الأفضل سياحياً، ونالت لقب أفضل الوجهات السياحية السعودية لعام 2013. - مهرجان جدة فاز بأفضل مهرجان في السعودية. - تصدر فندق الريتزكارلتون بالرياض قائمة الفنادق، ونال أفضل فندق خمس نجوم في السعودية. - احتل منتجع موفنبيك الخبر المركز الأول في قائمة أفضل المنتجعات في السعودية. - تصدرت وكالة الطيار للسفر أفضل الوكالات في السياحة والسفر لعام 2013م. - مطار الملك خالد الدولي بالرياض أفضل المطارات الدولية. - الخطوط الجوية العربية السعودية تحتل المركز الأول على شركات الطيران السعودية. - للعام الثاني على التوالي حلّت دبي في المركز الأول، كأفضل وجهة عربية سياحية. - منتجع \"الريتزكارلتون شرم الشيخ بمصر\" يتصدر قائمة المنتجعات المفضلة للسعوديين، والأفضل عربياً. - فندق جميرا بيتش بدبي أفضل فندق عربي خمس نجوم لعام 2013م. - مطار دبي الدولي أفضل مطار دولي عربي. - شركة طيران الإمارات أفضل شركة طيران عربية لعام 2013م للعام الثاني على التوالي.                                                                                                                                                                                         ",
    "date_extracted": "2015-07-21 02:40:33"
}