{
    "url": "http://sabq.org/GwCgde",
    "title": "مصرع شخص تَفَحّم جثمانه في اصطدام عنيف بين مركبتين شرق عفيف",
    "author": "فهد الغبيوي- سبق- عفيف:",
    "content": " فهد الغبيوي- سبق- عفيف: لَقِيَ شخص مصرعه؛ إثر اصطدام مركبتين من نوع \"تويوتا شاص\" و\"نيسان شاص\"، صباح اليوم، على طريق \"عفيف- البجادية\".   وأسفر الحادث عن احتراق إحدى المركبات واحتراق جثمان قائدها بين ركام الحديد وألسنة اللهب؛ حتى وصول فِرَق الدفاع المدني من عفيف؛ فيما تَعَرّض قائد المركبة الأخرى إلى إصابات متفرقة نُقِلَ على إثرها لمستشفى عفيف العام.   باشر الحادث فِرَق من \"مرور عفيف\"، والدفاع المدني، وإسعاف الهلال الأحمر، وأمن الطرق. ",
    "date_extracted": "2015-07-21 02:43:27"
}