{
    "url": "http://www.3alyoum.com/news/pol/a/متخفون-وراء-البراقع-والحجب-هروب-جماعي/",
    "title": "متخفون وراء البراقع والحجب.. هروب جماعي للدواعش من الرمادي",
    "author": "",
    "content": " عين اليوم – متابعات\nكشفت خلية الإعلام الحربي، عن حالات هروب جماعية للكثير من عناصر داعش الإرهابية وهي تتخفى بأزياء النساء.\n وأشارت الخلية في بيان لها، إلى أن حالات الهروب الجماعية للعناصر المتخفية وراء البراقع والحجب، كانت باتجاه منطقة هيت، ومناطق البونمر في الأنبار.\n وأضافت أنه بعد الانتصارات والنتائج المتحققة في قاطع الأنبار أكدت مصادرنا بحصول حالات هروب جماعي وبأزياء نسائية لعناصر داعش باتجاه منطقة هيت وعن طريق جزيرة البوعساف باتجاه البونمر، لافتة إلى أن قادة داعش قد فقدوا زمام السيطرة على عناصرهم خاصة بعد الضربات المؤثرة ودخول القطعات الأمنية إلى جامعة الأنبار.\n وكان مجلس محافظة الأنبار، قد أعلن الأحد، عن تحرير القوات الأمنية جامعة الأنبار من عصابات داعش، فيما أكد أن تحرير الجامعة هو بداية لتحرير المحافظة وجميع المدن التي فيها عناصر من تلك العصابات الإجرامية. بحسب موقع العربية نت. سمات ازياء نسائية الرمادي العراق داعش ",
    "date_extracted": "2015-07-27 18:40:39"
}