{
    "url": "http://www.3alyoum.com/news/local/a/قذيفة-تصيب-باكستاني-وهندي-في-نجران/",
    "title": "قذيفة تصيب باكستاني وهندي في نجران",
    "author": "",
    "content": " عبدالرحمن الشهري – نجران\nأوضح المتحدث الإعلامي للدفاع المدني بمنطقة نجران المقدم علي بن عمير آل جرمان الشهراني، بأن فرق الدفاع المدني بمدينة نجران باشرت عند الساعة ١٢:٤١ من ظهيرة هذا اليوم الخميس، سقوط مقذوف عسكري من داخل الأراضي اليمنية، والذي نتج عنه إصابة مقيمين أحدهما من الجنسية الباكستانية والآخر من الهنديه، حيث جرى نقلهما إلى المستشفى. وباشرت الجهات المختصة في إجراءات إعادة الأوضاع إلى ما كانت عليه وفق الخطط المعتمدة لذلك.\n  سمات اليمن علي بن عمير آل جرمان الشهراني مقذوف نجران ",
    "date_extracted": "2015-07-31 04:17:41"
}