{
    "url": "http://www.3alyoum.com/culture/a/مصوّر-فوتوغرافي-يعود-بزوار-مهرجان-أبه/",
    "title": "مصوّر فوتوغرافي يعود بزوار مهرجان أبها 84 عاماً",
    "author": "",
    "content": " عين اليوم – أبهـا\n وقف زوار معرض المدون التاريخي أحمد نيازي “شوفة.. ذاكرة عسير البصرية” المقام بمركز الملك فهد الثقافي في قرية المفتاحة بأبها، أمام صور العديد من الذكريات والمناسبات الرسمية بالمنطقة، التي يعود تاريخها إلى ما يزيد عن 84 سنة.\n وأبرز المعرض صور زيارة الملك سعود بن عبدالعزيز آل سعود – رحمه الله – إلى منطقة عسير عام 1352هـ, حين كان وليا للعهد, وأخرى لزيارة الملك خالد بن عبدالعزيز آل سعود – رحمه الله – للمنطقة عام 1396هـ، بالإضافة إلى صور تاريخية أخرى. سمات أحمد نيازي ابها المفتاحة صور ",
    "date_extracted": "2015-07-31 04:17:03"
}