{
    "url": "http://www.3alyoum.com/news/local/a/مصطافو-الباحة-يستمتعون-بالعروض-الشعب/",
    "title": "مصطافو الباحة يستمتعون بالعروض الشعبية والألعاب النارية",
    "author": "",
    "content": " أحمد البشيري- الباحة\n استمتع زوار ومصطافو منطقة الباحة بالعروض الشعبية التي قدمتها فرقة الباحة الشعبية التابعة لجمعية الثقافة والفنون بالباجة والألعاب النارية ضمن فعاليات صيف الباحة لهذا العام بمنتزه الأمير محمد بن سعود بمدينة الباحة وذلك بحضور وكيل إمارة منطقة الباحة الدكتور حامد الشمري ومحافظ بني حسن محمد بن سالم البقيصي ومدير إدارة التطوير السياحي بإمارة الباحة سعيد ريحان .\n وقد شارك وكيل الإمارة مع الفرقة في أداء العرضة وسط حضور كبير من المتنزهين الذين أبدوا إعجابهم بما قدمته الفرقة من فنون متنوعة في مجال العرضة فيما تغنى الشعراء المشاركون في حب الوطن والقيادة وجمال الطبيعة بمنطقة الباحة وأنها الواجهة السياحية المميزة لجميع فئات المجتمع.\n وأوضح مدير جمعية الثقافة والفنون بالباحة الشاعر علي البيضاني أن هنالك العديد من العروض الشعبية ستقدم خلال فعاليات صيف هذا العام في عدد من منتزهات المنطقة لتعريف السياح بموروث المنطقة الشعبي وأبرز معالم المنطقة من خلال القصائد الشعرية وفي ختام الفعالية أطلقت الألعاب النارية في سماء غابة رغدان. سمات الباحة حامد الشمري زوار غابة رغدان ",
    "date_extracted": "2015-08-01 08:01:28"
}