{
    "url": "http://www.3alyoum.com/finance/a/تطبيق-حماية-الأجور-إلزامياً-على-منشآت/",
    "title": "تطبيق حماية الأجور إلزامياً على منشآت الـ 130 عاملاً",
    "author": "",
    "content": " حنان الحامدي – عين اليوم\n تبدأ وزارة العمل يوم السبت القادم في التطبيق الإلزامي لبرنامج حماية الأجور في مرحلته الثامنة التي تشمل فئة المنشآت التي يبلغ عدد العاملين لديها 130عاملا فأكثر.\n وقدرت الوزارة عدد المنشآت المشمولة في هذه المرحلة بـ (2,464) منشأة بعدد عمالة يبلغ نحو (363,869) عاملا.\n وأكد وكيل وزارة العمل للتفتيش وتطوير بيئة العمل الدكتور عبد الله أبو ثنين، أن الوزارة ملتزمة بتطبيق “حماية الأجور” على جميع منشآت القطاع الخاص للتأكد من صرف مستحقات العمالة في وقتها، وتحديد مستويات الأجور في جميع المهن، وتقليل المشاكل بين صاحب العمل والعامل.\n ودعا وكيل وزارة العمل للتفتيش وتطوير بيئة العمل، المنشآت إلى المسارعة برفع ملف الأجور للعاملين من خلال حساب المنشأة في الخدمات الإلكترونية لوزارة العمل، مُنبهاً الـمُـنْشآت التي لا تلتزم بضوابط البرنامج لمدة شهرين مِنْ تاريخ التطبيق الإلزامي بأنه سيتم إيقاف جميع خدمات الوزارة عنها، عدا خدمة إصدار أو تجديد رخص العمل، وإذا تأخرت الـمُـنْـشأة لمدة ثلاثة أشهر، سيتم إيقاف جميع خدمات الـمُـنْـشأة لدى الوزارة، وسيسمح للعاملين لديها بنقل خدماتهم إلى مُـنْشآت أخرى دون موافقة صاحب العمل الحالي، حتى لو لم تنته رخصة العمل الخاصة بالعامل.\n ويعتبر برنامج “حماية الأجور” أحد أدوات الوزارة لمتابعة أداء سوق العمل، وتثبيت حقوق العاملين من خلال شفافية معلومات الأجور، كما يقلل من المشاكل العمالية عبر إيجاد بيئة عمل صحية تشجع رفع الإنتاجية، ويساهم كذلك في توفير المعلومات اللازمة والدقيقة لتمكين الوزارة من نشر إحصاءات وبيانات عن سوق العمل بما يخدم جميع الأطراف بما فيها صاحب العمل والمنشأة. سمات حماية الاجور عبد الله أبو ثنين وزارة العمل ",
    "date_extracted": "2015-07-31 04:18:55"
}