{
    "url": "http://www.3alyoum.com/news/a/احتجاز-نيباليين-لقتلهم-طفلا-وتقديمه-ك/",
    "title": "احتجاز نيباليين لقتلهم طفلا وتقديمه كقربان",
    "author": "",
    "content": " داليا أبوالعيش – عين اليوم\n قالت الشرطة النيبالية أمس الأحد إن خمسة نيباليين ألقي القبض عليهم ويواجهون اتهامات بقتل صبي عمره عشر سنوات في جنوب غرب نيبال في حادث تقديم قرابين بشرية.\n وقال مسؤول بالشرطة إنه عثر يوم الجمعة على جثة الصبي الذي اختفى لثلاثة أيام متحللة في أحد الأدغال في قرية في مقاطعة نوالباراسي الواقعة على الحدود مع الهند، وكان الصبي مذبوحا، وقالت صحيفة كاتمندو بوست إن والد رجل مريض اعترف بالقتل “لطرد الأرواح الشريرة” من ابنه المريض بعد أن حصل على نصيحة من كاهن القرية. سمات طفل قربان نيبال ",
    "date_extracted": "2015-07-27 18:42:04"
}