{
    "url": "http://www.3alyoum.com/news/local/a/سفراء-التطوع-ونرسم-بسمتهم-يسعدان-الأ/",
    "title": "سفراء التطوع و”نرسم بسمتهم” يسعدان الأطفال ذوي الاحتياجات الخاصة",
    "author": "",
    "content": " سلوى المدني ـ عين اليوم\n بهدف رسم الابتسامة على وجوه الأطفال ذوي الاحتياجات الخاصة شارك فريق سفراء التطوع بالشراكة مع مبادرة “نرسم بسمتهم” تحت شعار “فرحتنا معهم” بتقديم الهدايا للأطفال في احتفال حديقة الإرادة والذي أقامته أمانة جدة ضمن فعاليات “عيدكم عيدنا” برعاية وحضور أمين محافظة جدة الدكتور هاني بن محمد أبوراس.\n وجاءت هذه المشاركة ضمن سعي مبادرة “نرسم بسمتهم” لإدخال البهجة والسعادة على قلوب الأطفال وذويهم ورسم الابتسامة على شفاههم وإبراز مظاهر الفرح بعيد الفطر المبارك.\n وكشف صبري بن عمر الكثيري المشرف على مبادرة “نرسم بسمتهم” الرئيس التنفيذي لمثلث الألعاب أن “نرسم بسمتهم” تعد مبادرة مجتمعية تطوعية تتميز بشراكتها مع الجمعيات والمؤسسات الخيرية والفرق التطوعية بعدد من مدن ومحافظات المملكة، مشيراً إلى أنها تهدف لإدخال البهجة والسعادة على قلوب الأطفال وذويهم ورسم الابتسامة على شفاههم وإبراز مظاهر الفرح بعيد الفطر المبارك. ",
    "date_extracted": "2015-07-27 18:40:47"
}