{
    "url": "http://www.3alyoum.com/news/pol/a/جنود-إسرائيليون-يقتلون-فلسطينياً-بال/",
    "title": "جنود إسرائيليون يقتلون فلسطينياً بالرصاص قرب حدود غزة",
    "author": "",
    "content": " عين اليوم – غزة\nقال مسؤولون طبيون فلسطينيون إن جنوداً إسرائيليين قتلوا صبياً فلسطينياً بالرصاص قرب السياج الحدودي في شمال قطاع غزة اليوم الجمعة.\n وقالت متحدثة عسكرية إسرائيلية إن عددا من المشتبه بهم اقتربوا من السياج في نقطتين مختلفتين ولم يستجيبوا لنداءات الجنود لهم بالتوقف. وقالت إن مجموعة ألقت الحجارة على السياج الأمني وإن الجنود أطلقوا النار على “الأطراف السفلية للمشتبه بهم.”\n وقال المسؤولون في مستشفى غزة إن القتيل يدعى محمد المصري (17 عاما).\n وتفرض إسرائيل حظراً عسكرياً على شريط عمقه 300 متر داخل القطاع بعد السياج الأمني.\n وفي وقت سابق اليوم الجمعة قتل طفل فلسطيني حرقا في الضفة الغربية في هجوم يشتيه بأن مرتكبيه مستوطنون يهود مما أثار غضبا واسعا بين الفلسطينيين. سمات اسرائيل جنود فلسطين ",
    "date_extracted": "2015-07-31 22:34:55"
}