{
    "url": "http://www.3alyoum.com/news/local/a/مدير-حرس-الحدود-ينقل-تعازي-القيادة-لذو/",
    "title": "مدير حرس الحدود ينقل تعازي القيادة لذوي الشهيد المجايشي",
    "author": "",
    "content": " عبدالرحمن الشهري – بارق\n نقل مدير عام سلاح الحدود اللواء بحري عواد بن عيد البلوي تعازي القيادة الرشيدة لذوي أسرة الشهيد أحمد جعفر حسن المجايشي بعد تعرضه لقذائف بمنطقة مسيال على الحدود السعودية وذلك بمحافظة بارق، وكان في مقدمة مستقبليه مدير شرطة بارق الرائد سالم محمد الشهري وشيخ قبيلة آل سباعي ببارق حسن بن عبدالله زعبان والذي رحب باللواء البلوي ومرافقيه مرتجلًا كلمة بيّن فيها أنه وقبيلته فداء للدين ثم المليك والوطن.\n وقال شقيق الشهيد المجيشي محمد جعفر إن والد أبناء الشهيد شقيقه أحمد هو الملك سلمان بن عبدالعزيز سائلًا الله أن يكون شفيعًا لسبعين من أهل بيته.\n من جهة أخرى، طالبت زوجة الشهيد أحمد جعفر المجيشي بتوظيفها كونها تحمل مؤهلًا جامعيًا كي تتمكن من إعالة أولادها بعد استشهاد زوجها. سمات أحمد جعفر حسن المجايشي القيادة تعازي حرس الحدود ",
    "date_extracted": "2015-08-02 22:51:00"
}