{
    "url": "http://www.3alyoum.com/news/a/أمطار-وسيول-جارية-على-شمال-الأفلاج/",
    "title": "أمطار وسيول جارية على شمال الأفلاج",
    "author": "",
    "content": " مسلّم الهواملة ـ عين اليوم\n شهدت بعض محافظات جنوب الرياض اليوم أمطارا تتراوح من خفيفة إلى متوسطة سالت على أثرها بعض الشعاب شمال الأفلاج كما شملت الأمطار السليل وغربي وادي الدواسر والحلوة جنوب حوطة بني تميم والفريشة وستارة والغيل شمال الأفلاج.\n سبقت تلك الأمطار موجة غبار فيما لا تزال السماء ملبدة بالغيوم والفرصة مهيأة لهطول المزيد من الأمطار.\n من جانبه أكد لـعين اليوم مدير العلاقات العامة والإعلام الصحي بمستشفى الأفلاج خالد الحامد أن قسم الإسعاف والطوارئ بالمستشفى قد قام بأخذ كافة الاحتياطات لاستقبال مصابي الربو والحساسية وتم دعم القسم بعدد من الأخصائيين لاستقبال أي حالة. سمات أمطار الأفلاج ",
    "date_extracted": "2015-08-01 20:24:02"
}