{
    "url": "http://www.3alyoum.com/news/local/a/توقيع-45-عقداً-لتنفيذ-مشروعات-للمياه-وال/",
    "title": "توقيع 45 عقداً لتنفيذ مشروعات للمياه والصرف بـ 703 ملايين ريال",
    "author": "",
    "content": " عين اليوم – الرياض\n وقع وزير المياه والكهرباء المهندس عبدالله بن عبدالرحمن الحصين 45 عقداً ، لتنفيذ مشروعات للمياه والصرف الصحي في مختلف مناطق المملكة بتكلفة إجمالية تزيد على 703 ملايين ريال.\n ويمثل العقد الأول مشروع إنشاء محطة تنقية مياه الشرب على سد تبالة بمنطقة عسير , والعقد الثاني إكمال شبكات الصرف الصحي بمدينة حائل المرحلة الثانية , والعقد الثالث تنفيذ شبكات الصرف الصحي بعرعر (المرحلة الرابعة) بمنطقة الحدود الشمالية ,والعقد الرابع خطوط رئيسة بأماكن متفرقة بالمدينة المنورة لتحسين أداء الشبكة بمنطقة المدينة المنورة , والعقد الخامس عقد تنفيذ مباني فروع المياه بمحافظات (مرات – حريملاء – حوطة سدير) وتنفيذ مستودع بمحافظة شقراء بمنطقة الرياض.\n وشمل العقد السادس إنشاء خزانات إستراتيجية وملحقاتها برفحاء بمنطقة الحدود الشمالية ,والعقد السابع تشغيل وصيانة شبكات المياه والصرف الصحي ومحطة المعالجة بمحافظة المذنب ومستلزماتها بمنطقة القصيم , والعقد الثامن تنفيذ خطوط مياه رئيسة جنوب المدينة المنورة – (المرحلة الأولى) بمنطقة المدينة المنورة , والعقد التاسع تشغيل وصيانة شبكات المياه والصرف الصحي برياض الخبراء والسحابين بمنطقة القصيم ,والعقد العاشر مشروع تمديد أنابيب المياه بالثقب الأفقي بمنطقة المدينة المنورة.\n كما تضمن العقد الحادي عشر عملية تشغيل وصيانة محطات التنقية المتفرقة والخطوط التابعة لها بمنطقة عسير ,والعقد الثاني عشر تشغيل وصيانة سد المرواني بخليص بمنطقة مكة المكرمة , والعقد الثالث عشر تشغيل وصيانة نقل المياه من محطة الملح ودوقة عبدالحميد إلى غامد الزناد ونيرا وقلوه ووادي ممنا (المرحلة الثانية) بمنطقة الباحة ,اما العقد الرابع عشر مناقصة مشروع متعهد التوصيلات المنزلية للمياه والتمديدات اللازمة بمحافظة الأحساء بالمنطقة الشرقية , والعقد الخامس عشر سقيا قرى محافظة القنفذة بمنطقة مكة المكرمة , والعقد السادس عشر مشروع إنشاء محطة اشياب في مجمع جلب المياه إلى مدينة شرورة بمنطقة نجران.\n وشمل العقد السابع عشر تنفيذ توصيلات صرف صحي منزلية بحي الرابية والريان (المرحلة الثانية) بمنطقة تبوك , والعقد الثامن عشر منافسة مشروع عقد اتفاقية الخدمات الهندسية الاستشارية للإشراف على تنفيذ مشاريع المياه والصرف الصحي بمحافظة حفر الباطن والقيصومة وهجرهما بالمنطقة الشرقية ,والعقد التاسع عشر الإشراف على تنفيذ شبكات مياه الشرب بمدينة تبوك والقرى والمراكز التابعة لها وما يستجد من مشاريع بمنطقة تبوك , اما العقد العشرون تنفيذ الخطوط الناقلة والرئيسة للدوسرية والكربوس عقد رقم (6) بمنطقة جازان , والعقد الحادي والعشرون مناقصة تشغيل وصيانة المياه بمدينة الخفجي بالمنطقة الشرقية والعقد الثاني والعشرون الإشراف على مشروع تنفيذ شبكة الصرف الصحي بمدينة الباحة (المرحلة الثانية) بمنطقة الباحة.\nوتضمنت العقود الموقعة عقد عقد حفر بئرين منجوريتين في مشروع مياه الخرج الشامل بمحافظة الخرج بمنطقة الرياض , والعقد الرابع والعشرون تشغيل وصيانة ونظافة المجموعة الثانية من محطات الضخ وشبكات مياه الشرب بمنطقة نجران , والعقد الخامس والعشرون الإشراف على تنفيذ مشروع إكمال شبكات الصرف الصحي بمدينة حائل (المرحلة الثانية) عقد رقم (9) بمنطقة حائل , والعقد السادس والعشرون تأمين سقيا قرى محافظة خيبر , وكلك العقد السابع والعشرون عقد استبدال شبكات المياه بمحافظة حوطة بني تميم بمنطقة الرياض ,بالإضافة إلى العقد الثامن والعشرون الإشراف على مشروع إنشاء الخزانات الاستراتيجية وملحقاتها وتنفيذ شبكات مياه وخزانات برفحاء وما يستجد بمنطقة الحدود الشمالية , والعقد التاسع والعشرون صيانة ونظافة مباني ومنشآت المديرية العامة للمياه بمنطقة المدينة المنورة.\n كما تضمنت عقد صيانة وتشغيل مشروع إيصال المياه الى المحافظات الشمالية بنجران , والعقد الحادي والثلاثون تطوير بيئة الخوادم وأجهزة الخزن المركزي بالمديرية العامة للمياه بمنطقة المدينة المنورة , والعقد الثاني والثلاثون تنفيذ مباني المديرية بمحافظات منطقة المدينة المنورة (مبنى المديرية بالعيص) ,وكذلك العقد الثالث والثلاثون مشروع تنفيذ توصلات مياه منزلية بمحافظة أملج بمنطقة تبوك ,والعقد الرابع والثلاثون الإشراف على تنفيذ إنشاء خزان استراتيجي بمحافظة القرى بمنطقة الباحة.\n وشمل العقد الخامس والثلاثون ربط محطة تنقية مياه ضرماء والمزاحمية بالشبكة العامة للشركة السعودية للكهرباء بمنطقة الرياض, والعقد السادس والثلاثون مناقصة مشروع شبكات الصرف الصحي بمخطط (12/24ب) بمحافظة بقيق ( المرحلة الأولى ) بالمنطقة الشرقية , والعقد السابع والثلاثون حفر ثلاث آبار (بئرين في البريكة ، و بئر في بلي) بالمدينة المنورة وعقد مناقصة برنامج نزح البيارات للمناطق المتضررة بمحافظة الجبيل ( الجزء الأول ) , وعقد مشروع توسعة شيب آل موسى بمنطقة الباحة ,اما العقد الأربعون تضمن عملية إكمال شبكات المياه لقرى الأحساء ( البطالية – المراح – العدوة – المقدام ).\n وتضمن العقد الحادي والأربعون منافسة مشروع توريد وتركيب خزان سعة ( 1000م3) لفرع المياه بمحافظة الجبيل ,والعقد الثاني والأربعون منافسة تنفيذ محطة تحلية مياه بالتناضح العكسي على بئر عابد المسحل بطاقة إنتاجية ( 1000م3/يوم ) لفرع المياه بمحافظة الجبيل, والعقد الثالث والأربعون عملية استبدال المضخات القديمة بمحطة الصرف الصحي رقم ( 8 ) بالجبيل بمضخات ذات تصريف أعلى , والعقد الرابع والأربعون منافسة توريد وتركيب مكونات ومعدات المحطة لتشغيل محطة مخطط الزهراء الشبيلي بمحافظة القطيف والعقد الخامس والأربعون مشروع ترحيل مواسير المياه المعترضة إكمال ازدواج طريق (العارضة \\ العيدابي) بمنطقة جازان.\n وتأتي مشاريع الوزارة إنفاذاً لتوجيهات حكومتنا الرشيدة بقيادة خادم الحرمين الشريفين الملك سلمان بن عبدالعزيز آل سعود , وسمو ولي عهده الأمين – حفظهما الله – لتوفير الخدمات الضرورية للمواطنين في جميع أرجاء المملكة كافة , وتأكيداً من الوزارة على استمرار خدماتها للمواطنين ، ووفاءً بمتطلبات المرحلة المقبلة لمواجهة التوسع العمراني والتزايد السكاني المستمرين. سمات الصرف الصحي المياه عبدالله بن عبدالرحمن الحصين عقود ",
    "date_extracted": "2015-07-27 18:41:19"
}