{
    "url": "http://www.3alyoum.com/finance/a/الأسهم-السعودية-تغلق-منخفضة-2-38/",
    "title": "الأسهم السعودية تغلق منخفضة 2.38%",
    "author": "",
    "content": " عين اليوم – الرياض\n أغلق مؤشر سوق الأسهم السعودية اليوم على انخفاض قدره 221.64 نقطة أي ما نسبته 2.38% عند مستوى 9080.02 نقطة بتداولات تجاوزت 5 مليارات ريال.\n وشهدت تداولات اليوم ارتفاع أسهم 7 شركات في قيمتها وتراجعت أسهم 157 شركة, بينما بقي سهم واحد بدون تغير، في الوقت الذي بلغ فيه عدد الأسهم المتداولة اليوم أكثر من 158.5 مليون سهم توزعت على أكثر من 92.2 ألف صفقة.\n وكانت أسهم شركات الصقر للتأمين، وأنعام، وبترورابغ، الأكثر ارتفاعاً اليوم , في حين تصدّر سهم “سبكيم” قائمة الأسهم الأكثر انخفاضا ,تلاه سهم “إعمار” و”كيان” و “سابك” و “ولاء”، وتراوحت الارتفاعات في تداولات اليوم مابين 2.40% ، والانخفاضات مابين 8.89% إلى 4.32%.\n وجاءت أسهم شركات سابك, والسعودية للتموين والإنماء والخدمات الأرضية, وزين و بترورابغ على رأس قائمة الشركات الأكثر نشاطاً بالقيمة ،فيما جاءت أسهم شركات الإنماء وزين وسابك , وكيان ودار الأركان وبترورابغ على قائمة أكثر الأسهم نشاطا بالكمية.\n وأغلقت جميع قطاعات السوق الخمسة عشرة على تراجعات متفاوتة تصدرها قطاع الصناعات البتروكيماوية الذي تراجع بنسبة 3.62% ثم قطاع المصارف بنسبة 2.84% تلاه قطاع الاستثمار الصناعي بنسبة 2.55%، بينما كان قطاع الاتصالات وتقنية المعلومات الأقل تراجعا بنسبة 0.31%. سمات الاسهم السعودية تداول ",
    "date_extracted": "2015-07-27 18:40:44"
}