{
    "url": "http://www.3alyoum.com/news/golobal/a/قاضية-أمريكية-حيوانات-الشمبانزي-قد-تم/",
    "title": "قاضية أمريكية: حيوانات الشمبانزي قد تمنح حقوق قانونية عما قريب",
    "author": "",
    "content": " عين اليوم – نيويورك\nقالت قاضية أمريكية في مانهاتن بنيويورك أمس الخميس إن مطالب بضرورة منح الحيوانات الذكية حقوقا قانونية محدودة قد تنجح يوما ما لكنها رفضت طلبا تقدمت به احدى جماعات الدفاع عن حقوق الحيوان بالافراج عن اثنين من الشمبانزي باحدى جامعات الولاية ونقلهما الى ملجأ خاص.\n وقالت القاضية باربره جافي بالمحكمة العليا في نيويورك “أوجه التشابه بين الشمبانزي والإنسان هي التي ألهمت الناس بالتعاطف مع الحيوانات الأليفة”.\n ورفضت محاولة مجموعة (برنامج نونهيومان) لحقوق الحيوان لاعادة توطين الاثنين شمبانزي هركيولز وليو في فلوريدا قائلة بانها ملتزمة بقرار من محكمة استئناف بالولاية كان قد رفض قضية مشابهة من جانب المجموعة.\n وتقول القضية إنه نظرا لما تتمتع به حيوانات الشمبانزي من ارتفاع معدل الذكاء والاستقلالية في السلوك فمن حقها عدم احتجازها رغم ارادتها.\n وقالت جافي إنه نظرا لانه لم تحكم أي محكمة من قبل بحق الحيوانات في عدم احتجازها دون سند قانوني فانه ليس بوسعها ان تعارض هذه المحاكم.\n وتقول مجموعة (برنامج نونهيومان) لحقوق الحيوان إنها ستتقدم بطلب استئناف في القضية.\n ويخضع الشمبانزي هركيولز ورفيقه ليو لابحاث في مجال وظائف الأعضاء بجامعة ولاية نيويورك في ستوني بروك ولم يتسن الاتصال بالجامعة على الفور للتعليق.\n كانت مجموعة (برنامج نونهيومان) لحقوق الحيوان قد رفعت دعاوى قضائية تخص اثنين من الشمبازي ايضا لدى اشخاص في نيويورك واستنفدت جميع مراحل التقاضي امام المحاكم. سمات الشمبانزي امريكا حقوق ",
    "date_extracted": "2015-07-31 19:32:12"
}