{
    "url": "http://www.3alyoum.com/news/a/أسماء-شوارع-تثير-حفيظة-المكيين-والأما/",
    "title": "أسماء شوارع تثير حفيظة المكيين.. والأمانة: هناك لجنة للتسمية",
    "author": "",
    "content": " حامد القرشي – مكة المكرمة\n تناقل مستخدمو التواصل الاجتماعي والتطبيقات الحديثة مقطع فيديو قام بتوثيقه أحد المواطنين بضاحية الشرائع بمكة المكرمة لأحد الشوارع بالمنطقة وقد سميت بأسماء (المهدي وكربلاء)، متسائلين في الوقت نفسه كيفية إطلاق مثل هذه الأسماء على الشوارع بمكة المكرمة، مطالبين أمانة العاصمة المقدسة بسرعة النظر فيما تم عرضه في مقطع الفيديو والعمل على إزالة هذه المسميات من الشوارع.\n من جهته أفاد المتحدث الإعلامي لأمانة العاصمة المقدسة عثمان أبوبكر مالي أن أمانة العاصمة المقدسة بدأت في تغيير أسماء العديد من الشوارع القديمة في أحياء وشوارع مكة من التي لا تنطبق عليها (الضوابط الجديدة) لأسماء الشوارع، والتي تم اعتمادها وفق آلية جديدة يتم تطبيقها، والاختيار يتم على سبيل المثال من أسماء صحابة رسول الله صلى الله عليه وسلم، ومن الأسماء التاريخية التي خدمت المملكة، والأسماء التي خدمت البلد إلى آخره، مستطردا بالقول أنه من الواضح من اللوحات أن الاسمين من الأسماء القديمة التي أطلقت على بعض الشوارع في مكة المكرمة منذ وقت طويل، لافتا إلى أنه يوجد حاليا لدى لجنة تسمية الشوارع (561 ) اسما جديدا تمت الموافقة عليها لإطلاقها على الشوارع غير المسماة واستبدال الأسماء القديمة التي لا تنطبق عليها آلية الاختيار الجديدة المعتمدة وذلك تم بعد أن تم الرفع إلى مقام وزارة الشئون البلدية والقروية بالأسماء المختارة وفق الضوابط الجديدة والمعتمدة من الوزارة، مؤكدا أن الأسماء يتم اختيارها من قبل (لجنة التسمية) الخاصة والمشكلة بموافقة رسمية عليا واللجنة تضم شخصيات كبيرة برئاسة أمين العاصمة المقدسة الدكتور أسامة البار. سمات أمانة العاصمة المقدسة ",
    "date_extracted": "2015-07-31 04:21:18"
}