{
    "url": "http://www.3alyoum.com/news/local/a/القصاص-للمواطن-شارع-الجنيبي-لقتله-شا/",
    "title": "القصاص للمواطن “شارع الجنيبي” لقتله “شارع الأكلبي”",
    "author": "",
    "content": " عين اليوم – بيش\n أصدرت وزارة الداخلية اليوم بياناً بشأن تنفيذ حكم القصاص بأحد الجناة في منطقة عسير، وفيما يلي نصه : قال الله تعالى ( يا أيها الذين آمنوا كتب عليكم القصاص في القتلى ) الآيه . وقال تعالى ( ولكم في القصاص حياة يا أولي الألباب لعلكم تتقون ) .\n أقدم / شارع بن مبارك بن شارع الجنيبي – سعودي الجنسية – على قتل / شارع بن علي بن شارع الجنيبي الأكلبي – سعودي الجنسية – وذلك بإطلاق النار عليه عدة طلقات من سلاح رشاش.\n وبفضل من الله تمكنت سلطات الأمن من القبض على الجاني المذكور وأسفر التحقيق معه عن توجيه الاتهام إليه بارتكاب جريمته وبإحالته إلى المحكمة العامة صدر بحقه صك شرعي يقضي بثبوت ما نسب إليه شرعاً والحكم عليه بالقتل قصاصاً وصدق الحكم من محكمة الاستئناف ومن المحكمة العليا وصدر أمر ملكي بإنفاذ ما تقرر شرعاً وصدق من مرجعه بحق الجاني المذكور .\n وقد تم تنفيذ حكم القتل قصاصاً بالجاني / شارع بن مبارك بن شارع الجنيبي – سعودي الجنسية- اليوم الأربعاء 13 / 10 / 1436هـ بمحافظة بيشة في منطقة عسير .\n ووزارة الداخلية إذ تعلن عن ذلك لتؤكد للجميع حرص حكومة خادم الحرمين الشريفين – حفظه الله – على استتباب الأمن وتحقيق العدل وتنفيذ أحكام الله في كل من يتعدى على الآمنين ويسفك دماءهم وتحذر في الوقت ذاته كل من تسول له نفسه الإقدام على مثل ذلك بأن العقاب الشرعي سيكون مصيره . سمات الداخلية القتل بيشة شارع بن علي بن شارع الجنيبي الأكلبي شارع بن مبارك بن شارع الجنيبي ",
    "date_extracted": "2015-07-31 04:20:10"
}