{
    "url": "http://www.3alyoum.com/news/pol/a/مقتل-15-من-عناصر-داعش-الإرهابي-شرق-الرما/",
    "title": "مقتل 15 من عناصر داعش الإرهابي شرق الرمادي",
    "author": "",
    "content": " عين اليوم – بغداد\n قتل 15 عنصرًا من تنظيم داعش الإرهابي اليوم بعملية أمنية نفذتها القوات العراقية شرقي الرمادي.\n وأفاد رئيس اللجنة الأمنية في المجلس المحلي في محافظة الأنبار إبراهيم الفهداوي في تصريح صحفي أن القوات الأمنية شنت عملية عسكرية في مناطق حصيبة الشرقية والجزيرة ومنطقة المخازن في القاطع الشرقي شرقي الرمادي وتمكنت من قتل 15 عنصرًا من تنظيم داعش الإرهابي. سمات الرمادي العراق داعش ",
    "date_extracted": "2015-07-31 19:32:57"
}