{
    "url": "http://www.3alyoum.com/sports/a/مانشستر-يونايتد-يضم-الحارس-الأرجنتين/",
    "title": "مانشستر يونايتد يضم الحارس الأرجنتيني روميرو",
    "author": "",
    "content": " عين اليوم – لندن\nقال مانشستر يونايتد الذي ينافس في الدوري الانجليزي الممتاز لكرة القدم أمس الاحد إنه ضم سيرجيو روميرو حارس منتخب الارجنتين لثلاث سنوات.\n وترك روميرو (28 عاما) سامبدوريا الايطالي هذا الصيف بعد نهاية عقده. وسبق لروميرو اللعب تحت قيادة لويس فان جال مدرب يونايتد عندما كان الاثنان معا في الكمار الهولندي عام 2009.\n وقال روميرو لموقع يونايتد على الانترنت “اللعب لأكبر ناد في العالم حلم تحول إلى حقيقة بالنسبة لي.”\n وأضاف “لويس فان جال مدرب رائع ولا أستطيع انتظار بدء هذا التحدي المثير في مسيرتي.”\n وانضم روميرو إلى تشكيلة يونايتد في جولة إعدادية للموسم الجديد في الولايات المتحدة حيث فاز النادي الانجليزي 3-1 على برشلونة يوم السبت. سمات الأرجنتين روميرو مانشيستر ",
    "date_extracted": "2015-07-27 18:42:22"
}