{
    "url": "http://www.3alyoum.com/news/golobal/a/مقتل-خمسة-أشخاص-بهجوم-على-مركز-للشرطة-ف/",
    "title": "مقتل خمسة أشخاص بهجوم على مركز للشرطة في الهند",
    "author": "",
    "content": " عين اليوم – نيودلهي\n قتل خمسة أشخاص خلال هجوم شنه مسلحون على مركزًا للشرطة في الهند قرب الحدود غير المستقرة مع باكستان.\n وأوضح متحدث باسم شرطة البنجاب أن الهجوم نتج عنه مقتل شرطيان وثلاثة مدنيين وإصابة سبعة آخرين ، مشيرًا إلى استمرار تبادل اطلاق النار.\n وأمر وزير داخلية الهند راجنات سينغ بتشديد التدابير الأمنية على الحدود مع باكستان. سمات البنجاب الشرطة الهند هجوم ",
    "date_extracted": "2015-07-27 18:41:05"
}