{
    "url": "http://www.3alyoum.com/news/local/a/التعليم-توجه-بمراعاة-التخصص-عند-تكلي/",
    "title": "“التعليم” توجه بمراعاة التخصص عند تكليف المعلمين بالعمل الإرشادي",
    "author": "",
    "content": " عين اليوم – الرياض\n أكدت وزارة التعليم على اعتماد أولوية التخصص عند تكليف المعلمين والمعلمات بالعمل الإرشادي.\n وأبانت الوزارة في تعميم وجهته لإدارات التعليم , ضرورة التقيد بما ورد في ضوابط تكليف شاغلي الوظائف التعليمية التي تؤكد أهمية التخصص , وأن تكون أولوية الترشيح أولاً للحاصلين على الدرجة الجامعة (بكالوريوس) في أحد التخصصات التربوية في مجال الدراسات النفسية أو الاجتماعية (علم النفس-الخدمة الاجتماعية-علم الاجتماع) فيما يأتي بعدها في الأولوية الحاصلين على الدرجة الجامعية (بكالوريوس) في أحد التخصصات غير التربوية في مجال الدراسات النفسية أو الاجتماعية (علم النفس-الخدمة الاجتماعية-علم الاجتماع) , وفي حال تعذّر توفر هذه التخصصات يتم الترشيح للحاصلين على دبلوم الدرجة الجامعية في التوجيه والإرشاد مدته عام. سمات الإرشاد التخصص التعليم المعلمين ",
    "date_extracted": "2015-08-01 20:24:26"
}