{
    "url": "http://www.3alyoum.com/news/pol/a/رئيس-هيئة-الأركان-اليمني-عاصفة-الحزم-م/",
    "title": "رئيس هيئة الأركان اليمني: عاصفة الحزم مثلت صفعة مدوية للانقلابيين",
    "author": "",
    "content": " عين اليوم – الرياض\n نوه رئيس هيئة الأركان العامة في اليمن اللواء محمد المقدشي، بالدور المحوري الذي أسهمت به دول التحالف العربي بقيادة المملكة، في إعادة الأمل للشعب اليمني وإمكانية الخلاص من الانقلابيين واستعادة مسار الاستقرار المنشود ، مؤكدا أن عاصفة الحزم قلبت الموازين ومثلت صفعة مدوية للانقلابيين.\n وأكد في تصريح صحفي بثته وكالة الأنباء اليمنية الرسمية اليوم أن المقاومة الشعبية المسلحة والقوات الموالية للشرعية الدستورية في طريقها إلى تحقيق الحسم العسكري، وهو ما سيقلب المعادلة القائمة في البلاد.\n وأبان أن المقاومة على وشك تحقيق الحسم في محافظة لحج، جنوب البلاد، واستعادة السيطرة على قاعدة العند العسكرية ، لافتا الانتباه إلى أن نهاية المليشيات المتمردة باتت وشيكة.\n وجدد، التأكيد بإحكام المقاومة والجيش الوطني، السيطرة على مديريات عدن كافة.. مشيرا إلى أن الجيوب المتبقية للمتمردين في مديريات عدن صغيرة ولا تمثل تهديداً، وأن الانقلابيين يتعرضون لعملية استنزاف يومية جراء ضراوة المقاومة الشعبية في كل محافظات الضالع ومأرب وتعز.\n ولفت المسؤول اليمني، الانتباه إلى أن تحرير العاصمة صنعاء من سيطرة المليشيات المتمردة يعد من أولويات القوات المؤيدة للشرعية الدستورية، وأن استعادتها من قبضة الانقلابيين سيتم قريباً. سمات اللواء محمد المقدشي اليمن رئيس هيئة الاركان عاصفة الحزم ",
    "date_extracted": "2015-07-31 04:17:12"
}