{
    "url": "http://www.3alyoum.com/news/regions/a/إزالة-مبانٍ-مخالفة-على-مواقع-للاستثما/",
    "title": "إزالة مبانٍ مخالفة على مواقع للاستثمارات البلدية",
    "author": "",
    "content": " مكة المكرمة – حامد القرشي\n أزالت بلدية الشوقيه الفرعيه بمكه المكرمة (250) حوش وفيلا، وجميعها من المباني والاحواش المخالفه والمقامه بطرق عشوائيه وبدون صكوك شرعية وتشغل مساحات كبيره على اراضي مخصصه للاستثمارات البلدية.\n أوضح ذلك المهندس ممدوح بن محمد عراقي رئيس بلدية الشوقيه الفرعيه وقال إن الإزاله تمت بمشاركة الادارة العامه للاستثمارات البلديه وعدد من افراد الشرطة ومنسوبي الجهات الأمنيه يتقدمهم العقيد طارق المطرفي، مشيراً الى أن المواقع المزالة عبارة عن فلل سكنيه واحواش وأساسات بالبلك الخرساني وعقوم ترابيه ، وتمت ازالتها على الفور كونها غير نظاميه ولا تحمل صكوكا شرعية ، مؤكدا بأن البلديه لن تتهاون في أداء واجبها بإزالة أي مخالفات أو تجاوزات ، وستواصل مهامها في إزالة أي مواقع تعديات دون تأخر أو تهاون.\nمن جانبه قال المهندس رامي ابو الفرج مدير عام العقارات البلديه والمشاريع المستدامه ان جميع المواقع التي تم ازالتها عباره عن تعديات على الممتلكات العامه والتابعة للاستثمارات البلديه بأمانة العاصمه المقدسة ، وقد كانت مبنية بطرق عشوائية من قبل بعض المواطنين المخالفين ممن يعتدون على الأراضي الحكومية دون وجود مايثبت ملكيتهم لها ، وتمت ازالتها جميعها واتخاذ كافة الاجراءات لضمان عدم تكرارها.\nوأكد بأن هناك توجيهات صادرة بضرورة متابعة هذه المخالفات وإزالة أي تعديات على الاراضي والممتلكات العامه مشيراً الى أن الامانة تكثف عمل الفرق الميدانية التى تعمل على مراقبة كافة الاحياء والمخططات السكنية في هذه المناطق للحد من إنتشار مثل هذه الظواهر السلبية . سمات أحواش إزالة البلديات الشوقية فلل مكة ",
    "date_extracted": "2015-07-31 19:32:41"
}