{
    "url": "http://www.3alyoum.com/news/a/أمطار-متوسطة-على-الباحة-وغزيرة-على-جاز/",
    "title": "أمطار متوسطة على الباحة وغزيرة على جازان وتحذيرات من الدفاع المدني",
    "author": "",
    "content": " عين اليوم – جيزان – الباحة\n هطلت مساء اليوم أمطار غزيرة على منطقة جازان شملت أجزاءً من المرتفعات الجبلية والمحافظات الشرقية وعدد من المراكز والقرى التابعة لها ، سالت على إثرها عدد من الأودية.\n وحذرت مديرية الدفاع المدني بمنطقة جازان من التقلبات الجوية التي تشهدها المنطقة ، حيث شهدت المنطقة في أوقات متفاوتة اليوم هبوب عواصف رملية ورعدية و هطول أمطار غزيرة وجريان السيول في عدد من المحافظات ، داعية الجميع إلى توخي الحذر وإتباع إرشادات السلامة وتعليمات دوريات السلامة عند الأودية .\n وكانت فرقة الدفاع المدني بمحافظة العيدابي قد تمكنت اليوم من إخراج سيارة مواطن من وادي ضمد قبل أن يجرفها السيل ، فيما تمكن قائدها من النجاة حينما حاول المرور من الوادي أثناء جريان السيل.\nكما هطلت اليوم على منطقة الباحة أمطار متوسطة إلى خفيفة شملت‏ أجزاء متفرقة من مدينة الباحة وضواحيها والمراكز التابعة لها، ارتوت على إثرها الأرض.\n جعلها الله سقيا رحمةٍ وبركة وعم بنفعها أرجاء البلاد. سمات أمطار الباحة جازان ",
    "date_extracted": "2015-08-02 22:47:32"
}