{
    "url": "http://www.3alyoum.com/news/local/a/المملكة-تدين-الجريمة-الإرهابية-البشع/",
    "title": "المملكة تدين الجريمة الإرهابية البشعة التي أدت إلى حرق رضيع فلسطيني",
    "author": "",
    "content": " عين اليوم – الرياض\n أدانت المملكة العربية السعودية بأشد العبارات الجريمة الإرهابية البشعة التي نفذها مستوطنون إسرائيليون فجر اليوم وأدت إلى حرق رضيع فلسطيني بمنزله في قرية (دوما) بمدينة نابلس الفلسطينية وإصابة عدد من أفراد أسرته بحروق شديدة.\n وعبر وزير الخارجية عادل بن أحمد الجبير عن استنكار المملكة العربية السعودية الشديد لهذا العمل الهمجي والوحشي الذي تم دون وازع من أخلاق أو ضمير أو إنسانية محملاً سلطات الاحتلال الإسرائيلية المسؤولية عن هذا العمل الاجرامي ضد الفلسطينيين.\n وطالب معاليه المجتمع الدولي بالاضطلاع بمسؤولياته واتخاذ التدابير الضرورية اللازمة لحماية الفلسطينيين من الممارسات العدوانية للمستوطنين الإسرائيليين.\n ونقل معالي وزير الخارجية تعازي المملكة لأسرة الرضيع ولفلسطين حكومةً وشعباً معرباً عن تمنياته بالشفاء العاجل للمصابين من أسرته. سمات السعودية عادل بن أحمد الجبير فلسطين ",
    "date_extracted": "2015-08-01 08:01:06"
}