{
    "url": "http://www.3alyoum.com/news/local/a/مدني-نجران-يسيطر-على-حريق-بمنزل-بحي-ال/",
    "title": "“مدني نجران” يسيطر على حريق بمنزل بحي الفهد.. ولا خسائر",
    "author": "",
    "content": " عبدالرحمن الشهري – نجران\n تمكنت فوق الدفاع المدني بنجران من السيطرة على حريق شب بمنزل بحي الفهد الشمالي، وصرح المقدم علي بن عمير آل جرمان الشهراني المتحدث الإعلامي باسم الدفاع المدني بنجران بأن عمليات الدفاع المدني بنجران تلقت عصر اليوم الاثنين بلاغا بوقوع حادث حريق بحي الفهد الشمالي بمدينة نجران، وأنه على الفور تم تحريك فرقه إنقاذ وفرقة إسناد من مركز الدفاع المدني بالإسكان وفرقة إسناد وإنقاذ من مركز الدفاع المدني بحي الفهد وعند الوصول للموقع اتضح أن الحادث حريق منزلي تمت السيطرة عليه من الفرق المشاركة دون وقوع إصابات أو خسائر في الأرواح. سمات الدفاع المدني المقدم علي بن عمير آل جرمان الشهراني حريق نجران ",
    "date_extracted": "2015-08-03 20:55:17"
}