{
    "url": "http://www.3alyoum.com/news/a/فرع-العمل-بالجوف-يدعو-المواطنين-لإنجا/",
    "title": "فرع العمل بالجوف يدعو المواطنين لإنجاز خطوات الاستقدام إلكترونيًا",
    "author": "",
    "content": " محمد الشراري – طبرجل\n دعا مدير عام فرع وزارة العمل بالجوف عبدالعزيز بن زايد الرويلي المواطنين لاستخدام موقع “مساند” في إصدار التأشيرات إلكترونيًّا لاستقدام العمالة المنزلية والتي خصصته الوزارة للمواطنين مباشرة دون الحاجة لمراجعة إدارات استقدام الأفراد أو مكاتب العمل بالمنطقة.\n تأتي هذه الخطوه سعيًا لتسهيل وتسريع الإجراءات، وتقليص المعاملات الورقية، والحصول على الخدمات بكل شفافية وسرعة وإتقان.\n وكانت الوزارة قد أكملت خدمات الاستقدام إلكترونيًا لكل من المُنشآت المتقدمة بطلبات الاستقدام والمنشآت الحاصلة على عقود حكومية، مشيرًا إلى أن هذه الخدمة تعتبر نقلة نوعية لخدمة المواطنين وتسهيل الإجراءات عليهم، وهذا ما يسهم بعدم ضرورة مراجعتهم لمكاتب العمل لاستخراج تلك التأشيرات.\n ونوّه “الرويلي” في حديثه على التعامل مع مكاتب الاستقدام المرخصة في كل منطقة والتي يمكن معرفتها من خلال زيارة موقع مساند والذي من خلاله يمكن الاطلاع على أسعار الاستقدام والمدة، داعيًا في الوقت ذاته الاستفادة من الخدمات الإلكترونية التي هيأتها وزارة العمل والتي تتسم بمرونة التعامل وسرعة الإنجاز والتيسير على المواطنين.\n إلى ذلك، هيأ فرع وزارة العمل بالجوف أجهزة حاسوب مزودة بالإنترنت وموصلة بطابعات لاستخدام المواطنين داخل فرع الوزارة سعيًا منها لرفع ثقافة التعامل مع القنوات الإلكترونية للوزارة. سمات الاستقدام إلكترونيًا الجوف وزارة العمل ",
    "date_extracted": "2015-08-02 22:54:58"
}