{
    "url": "http://www.3alyoum.com/finance/a/البرازيل-تتطلع-لفتح-السوقين-السعودية/",
    "title": "البرازيل تتطلع لفتح السوقين السعودية والكندية أمام لحوم الأبقار",
    "author": "",
    "content": " عين اليوم – برازيليا\nقالت أمينة العلاقات الدولية بوزارة الزراعة البرازيلية اليوم الاثنين إن البرازيل تعمل على إبرام اتفاق لفتح السوق الكندية أمام لحوم الأبقار الطازجة في النصف الثاني من عام 2015 وتخوض المرحلة النهائية من جهودها لفتح السوق السعودية.\nوذكرت تاتيانا باليرمو أمينة العلاقات الدولية بالوزارة إن البرازيل تتوقع أيضا إبرام اتفاق نهائي لتصدير لحوم الأبقار إلى اليابان بحلول ديسمبر .\n وتوصلت البرازيل إلى اتفاقات في الآونة الأخيرة لتصدير لحوم الأبقار الطازجة إلى الصين والولايات المتحدة لتتغلب بذلك على مخاوف من مرض جنون البقر ثارت في عام 2012. سمات البرازيل الحوم الأبقار وزارة الزراعة البرازيلية ",
    "date_extracted": "2015-07-31 04:19:14"
}