{
    "url": "http://www.3alyoum.com/news/a/مكة-القبض-على-مواطن-حاول-تهريب-حبوب-مخ/",
    "title": "مكة : القبض على مواطن حاول تهريب حبوب مخدرة",
    "author": "",
    "content": " حاتم النجيمي – عين اليوم\n لاحظ رجال القوة الخاصة لأمن الطرق بمنطقة مكة المكرمة على طريق مكة الطائف شخصا مترجلا يحاول الالتفاف من خلف مركز الضبط الأمني بالسيل وتمت متابعته واستيقافه .\n واتضح بأنه مواطن سعودي وبتفتيشه عثر بحوزته على أكياس بلاستيكيه تحتوي على عدد (1982 )حبة من مادة الكبتاجون المحظورة وتم إعداد محضر بالحالة وتسليم الشخص والمضبوطات لجهة الاختصاص. سمات القبض تهريب ",
    "date_extracted": "2015-07-31 04:20:33"
}