{
    "url": "http://www.3alyoum.com/culture/a/المزمار-يفتتح-مسابقة-الطائف-سما-للفنو/",
    "title": "المزمار يفتتح مسابقة الطائف سما للفنون الشعبية",
    "author": "",
    "content": " حاتم النجيمي – الطائف\n انطلقت مساء أمس السبت الدورة الثانية من مسابقة الطائف سما للفنون الشعبية التي تنظّمها شركة الطائف للاستثمار والسياحة بالتعاون مع جمعية الثقافة والفنون بالطائف على مسرح منتجع الكر الترفيهي.\n وشهدت الانطلاقة مشاركة أولى الفرق الشعبية المتنافسة على جوائز المسابقة والحاصلة على المركز الأول في الدورة الأولى، حيث شاركت فرقة “مكة” بقيادة الفنان علي معدي بعدد من الألوان الشعبية البارزة في منطقة الحجاز هي: الخبيتي والسامري وزفة العريس والمزمار، كما قدّم ضيف المسابقة الشاعر سعد الناصري عددًا من النصوص الشعرية التي نالت إعجاب الجمهور.\n يذكر أن المسابقة تشهد غدًا الاثنين مشاركة فرقة “رنية” للفنون الشعبية بقيادة الفنان مبارك السبيعي والتي ستقدّم عددًا من الفلكلورات الشعبية التي امتازت بها محافظة رنية. سمات فنون مزمار ",
    "date_extracted": "2015-07-26 17:12:12"
}