{
    "url": "http://www.3alyoum.com/news/a/اردوغان-العمليات-العسكرية-ضد-الأكراد/",
    "title": "اردوغان: العمليات العسكرية ضد الأكراد و داعش ستستمر بالعزم نفسه",
    "author": "",
    "content": " عين اليوم – أنقرة\nصرح الرئيس التركي رجب طيب اردوغان الثلاثاء أن مواصلة عملية السلام مع الأكراد “مستحيلة” مع استمرار متمردي حزب العمال الكردستاني في شن هجمات دامية على قوات الامن التركية.\n وقال الرئيس التركي في مؤتمر صحافي في انقرة قبل ان يبدأ جولة تستمر اربعة ايام في الصين واندونيسيا “من المستحيل الاستمرار (في عملية السلام) مع الذين يهددون الوحدة والاخوة الوطنية”.\n واكد “ان من يستغلون تسامح الدولة والشعب سيتلقون الرد الذي يستحقونه في اسرع وقت ممكن”. وكانت تركيا التي تعتبر حزب العمال الكردستاني منظمة ارهابية، بدات مفاوضات سلام مع الزعيم الكردي المسجون عبد الله اوجلان في اواخر 2012 عندما كان اردوغان رئيسا للوزراء.\n الا ان العملية انهارت بعد تفجير نسبت المسؤولية عنه الى تنظيم الدولة الاسلامية في بلدة سوروتش الكردية الحدودية الاسبوع الماضي ما اسفر عن مقتل 32 شخصا ودفع بالمسلحين الاكراد الى شن هجمات انتقامية ضد قوات الامن التركية.\n ومنذ ذلك الحين تشن القوات التركية غارات ضد تنظيم الدولة الاسلامية في سوريا ومواقع حزب العمال الكردستاني في شمال العراق وداخل تركيا. واعلن الحزب بعد تعرضه لقصف جوي، ان الهدنة التي يتم الالتزام بها منذ اذار/مارس 2013، فقدت معناها.\n وقررت الولايات المتحدة وتركيا الاثنين تعزيز تعاونهما العسكري للقضاء على تنظيم الدولة الاسلامية في شمال سوريا، كما ايدت واشنطن حق حليفتها في الحلف الاطلسي بقصف حزب العمال الكردستاني الذي تعتبره تركيا والغرب منظمة ارهابية.\n وبدا الحزب الكردي المحظور تمرده الانفصالي للحصول على الحكم الذاتي في 1984، ومنذ ذلك الوقت قتل عشرات الالاف.\n واكد اردوغان الثلاثاء ان العمليات العسكرية ضد الناشطين الاكراد وجهاديي تنظيم الدولة الاسلامية ستستمر ب”العزم نفسه”.\n وقال ان “التراجع خطوة واحدة غير وارد. هذه العملية ستستمر بالعزم نفسه”. سمات اردوغان الأكراد داعش ",
    "date_extracted": "2015-07-31 15:03:47"
}