{
    "url": "http://www.3alyoum.com/opinion/articles/a/ناصر-الجديع-صُنَّاع-الكذب/",
    "title": "ناصر الجديع: صُنَّاع الكذب !!",
    "author": "",
    "content": " ناصر الجديع\nيبدو أننا نعيش في هذا الزمن أزهى عصور صناعة الكذب، زمن (تويتر) تحديداً، ومعه بقية مواقع وبرامج التواصل الاجتماعي التي سهلت انتشار الأكاذيب، وساهمت في جعل خيالات وهرطقات مستخدم مجهول مريض ومهووس بالكذب إلى حقيقة قابلة للتصديق، وربما صارت حدثاً وحديثاً لمجالس الكبار سناً وقدراً خلال بضع ساعات بل وربما دقائق، ولأن الكذبة دائماً أسرع في الوصول والانتشار فإن تأخر تكذيبها لساعاتٍ وأحياناً لأيام يجعل منها ومع كل دقيقة تَمُر دون دحضها وكشفها أقرب إلى الحقيقة والمسلِّمَة عند الكثيرين، ويصبح كشفها وقبرها إلى الأبد أمراً أصعب، ويحتاج إلى جهد أكبر ووقت أطول، وقد تصل الكذبة (الشائعة) إلى أعدادٍ كبيرة من الناس لا تصل إليها بعد ذلك الحقيقة بسبب سلوك فئة كبيرة من مستخدمي هذه المواقع والبرامج، الذين تجدهم الأسبق والأحرص والأنشط في نشر الخبر أو المعلومة دون فحصها وتدقيقها والتأكد من صحتها، ثم إذا تكشف لهم زيفها وبطلانها وجدت أن حماسهم فَتُر ونشاطهم قد زال وسرعتهم في النقل والنشر قد تلاشت!.\n في اعتقادي أن الصانع الحقيقي للشائعة أو (الإشاعة) ليس هو ذلك الذي يقوم بتأليفها وتخريفها وإطلاقها عبر حسابٍ له في موقع التواصل الاجتماعي أو حتى ذلك الذي يطلقها في مجلس خاص أو يقوم بتمريرها لمجموعة من الأشخاص ليكملوا عنه المهمة، بل الصناع الحقيقيين للشائعة هم أولئك الذين يتلقون كل تغريدة من أي حسابٍ كان وأياً كان من يقف خلفه (وغالباً ما يكون مجهولاً أو متستراً باسم مستعار)، أو رسالة (برودكاست) في برامج التواصل الشهيرة وعلى رأسها (الواتس أب) على أنها حقيقة حتى يثبت العكس، بينما يفترض التعامل مع الأمر بطريقة عكسية، ولو اتفقنا على أن نتعامل مع الأخبار والرسائل مجهولة المصدر والهوية على أنها كذب حتى يثبت العكس وامتنعنا عن الإسراف في استخدام (القص واللصق) لقتلت الشائعات في مهدها، ولظلت هذه الأكاذيب حبيسة الدائرة الضيقة التي تحيط بمخترعها من أصدقاء خاصين أو متابعين قلة!.\n الغريب أنك تجد أن معظم الشائعات التي تأخذ حيزاً من تفكير المجتمع وتعبث بعواطفه ومشاعره أو تجدد همومه وتستفزه في أحلامه وقد تقلق راحته أو شعوره بالأمن لساعاتٍ أو أيام قد أطلقها أشخاص مجهولون في (تويتر) أو (فيس بوك) وليس لهم قيمة اجتماعية أو إعلامية أو حتى سابق تجربة قد تمنحهم المصداقية الكافية لأخذ مايقولون ويؤلفون ويخرفون بعين الاعتبار، والأكثر غرابة وعجباً أن هناك بعض المعرفات والحسابات التي تتسلى بلعب دور (مصدر إخباري) ثبت كذب أصحابها في جل الأخبار التي راهَنَت على صدقها وتَعَهَّدَت وتَوَعَّدَت، ومع ذلك تجد أن هذه الحسابات تعود بوجه (مغسول بمرق) لتكذب مجدداً وتراهن بكل ثقة وبجاحة على صدق كذباتها، الأغرب من ذلك كله أنها تجد من يواصل تصديقها أو على الأقل يأخذ هرطقاتها على محمل الجد، ووجدت أن ذلك يحدث حتى من أناس أحسبهم من المثقفين والمطلعين والنبهاء، وأكثر ما يحدث ذلك في الوسط الرياضي، أو ربما أني أجد ذلك بحكم قربي من هذا الوسط والتصاقي الأكبر به!.\n هؤلاء الكذابون يمارسون دغدغة الناس بأخبار كاذبة غالباً ما يكون في محتواها ما يتمنى معظم الناس أن يكون حقيقة، وربما لذلك يميل الناس إلى تصديق هذه الأخبار من باب التعلق بقشة، وأكثر هذه الأخبار تتعلق بقرارات خيالية من شأنها أن ترفع مستوى معيشة الفرد أو تحسن من دخله أو تجد فيها حلولاً عسلية لأزمات السكن والمستشفيات والتأمينات الطبية والقروض العقارية، أما في الوسط الرياضي فخذ لك عزيزي القارئ من أخبار الصفقات والمفاوضات ونقل أفضل اللاعبين إلى فريقك المفضل، قبل أن يكتشف الناس أن هناك من كان يحلم فقرر أن يكذب، أو أن هناك من كان يسعى بقصدٍ خبيث للعبث بأحلامهم واستفزازهم وتحريضهم على صناع القرار!.\n لن يتوقف بعض المرضى أو طلاب الشهرة أو تجار الفتنة عن تأليف الشائعات وإطلاقها لسببٍ أو لآخر، لكن الذي يمكن أن يتوقف، بل ويجب أن يتوقف هو التعامل الساذج من قبل الكثيرين مع هذه الأخبار و (البرودكاستات) من خلال تصديقها والمساهمة في نشرها وترويجها دون التحقق حتى من مصدرها ومدى صحتها، فالمؤمن كيِّسٌ فَطِن، ومصادر الأخبار الموثوقة في مواقع التواصل الاجتماعي معروفة ومجربة، سواء كانت حساباتٍ رسمية أو حسابات شخصية، وسواء كانت أسماؤهم صريحة أو مستعارة، إذ جربهم الناس وتأكدوا من مصداقية أخبارهم في حالاتٍ كثيرة، كما أن على الهيئات والجهات والمؤسسات الرسمية أن تولي جانباً من اهتمامها لهذا الأمر بعيداً عن البطء والبيروقراطية القاتلة، من خلال تخصيص حسابات رسمية (حية) ومتفاعلة في مواقع التواصل الاجتماعي للرد السريع والتوضيح والتكذيب إن اقتضى الأمر لهذه الأخبار والأكاذيب قبل أن تنتشر ويصعب تكذيبها والقضاء عليها!. سمات الإشاعات الكذب تويتر ناصر الجديع ",
    "date_extracted": "2015-07-27 18:40:22"
}