{
    "url": "http://www.3alyoum.com/news/a/أهالي-عسير-يتفاعلون-مع-تجربة-الباص-الس/",
    "title": "أهالي عسير يتفاعلون مع تجربة الباص السياحي",
    "author": "",
    "content": " محمد السريعي – عين اليوم\n تفاعل عدد من زوار وأهالي منطقة عسير مع تجربة الباص السياحي الذي تم إطلاق أولى رحلاته من داخل مدينة أبها مبدين إعجابهم بالفكرة وما تحمله من فكر سياحي متطور.\n يجوب الباص السياحي في كل يوم طُرقات مدينة أبها الحالمة متنقلاً في عدد من المواقع السياحية داخل المدينة وهي الحزام وممشى الضباب والجبل الأخضر وقرية المفتاحة بالإضافة إلى معالم أخرى وسط مدينة أبها.\n من جهته بيّن مدير عام الهيئة العامة للسياحة والتراث الوطني أمين عام مجلس التنمية السياحية بالمنطقة المهندس محمد العمرة أن الباص ينقل ما يقارب 500 راكب عبر 10 رحلات يومياً منذ بداية موسم الصيف.\n وأضاف أن الباص ينقل مصطافي المنطقة وزوار مهرجان أبها يجمعنا بين أهم المواقع السياحية والتاريخية والأثرية والمجمعات التجارية مجدولة على خط سير للتعريف بأهم مواقع الجذب السياحي بهدف تشجيع المواطنين والمقيمين والزوار على زيارة المواقع السياحية بمرافقة مرشد سياحي متخصص يتواجد مع الباص طوال فترة المهرجان، مؤكداً أن هذه التجربة أظهرت فاعلية من الجمهور الذي يتطلع أن يرى كل ما هو جديد في المواسم السياحية. سمات أهالي عسير الباص السياحي تجربة ",
    "date_extracted": "2015-08-02 22:54:55"
}