{
    "url": "http://www.3alyoum.com/news/golobal/a/شاهد-أوباما-يطرح-وقار-الرئاسة-ويرقص-عل/",
    "title": "شاهد.. أوباما يطرح وقار الرئاسة ويرقص على الطريقة الإفريقية",
    "author": "",
    "content": " \n عمر إبراهيم، داليا أبوالعيش – عين اليوم\nفي زيارته إلى كينيا، التي كانت للحديث عن التقدم السياسي والاقتصادي ببلد أبيه حسين أوباما، وجد الرئيس الأميركي، باراك أوباما، وقتاً لأداء رقصة إفريقية، في العاصمة الكينية نيروبي.\nوبدا الرئيس مؤدياً جيداً للرقصة التي جاءت بإيقاع متناغم إلى حد ما، مع من يرقصون حوله من نجوم البوب الكينيين.\nواستضاف الرئيس الكيني أوهورو كينياتا أوباما في حفل عشاء تكريماً له.\nووفق ما نقلت صحيفة “ديلي ميل” البريطانية، عن “ذي غارديان”، فإن نجوم البوب تذكروا ميشيل أوباما، زوجة الرئيس الأميركي، وهم “حزينون جداً” لأنها لم ترافقه في الزيارة التي توجه عقبها إلى إثيوبيا الأحد. سمات أوباما رقصة كينيا نيروبي ",
    "date_extracted": "2015-07-27 18:39:31"
}