{
    "url": "http://www.3alyoum.com/finance/a/الربيعة-يعلن-توفر-أراضٍ-صناعية-بترخيص/",
    "title": "الربيعة يعلن توفر أراضٍ صناعية بترخيص إلكتروني",
    "author": "",
    "content": " رغد عشميل – عين اليوم\n أعلن وزير التجارة والصناعة توفيق الربيعة عبر حسابه الرسمي على “تويتر” عن توفر أراض صناعية في أغلب مناطق المملكة، داعياً إلى الاتصال بالرقم المخصص للاستفسار واستخراج الترخيص إلكترونياً.\n وغرّد الربيعة قائلا: هل تريد إنشاء مصنع؟ الآن تتوفر أراضٍ صناعية في أغلب المناطق، ويمكن أن تستخرج الترخيص إلكترونياً.. اتصل بالتجارة على ٩٢٠٠٠٠٦٦٧ (٨ص-٥م). سمات أراض صناعية التجارة الربيعة ترخيص ",
    "date_extracted": "2015-07-27 18:41:57"
}