{
    "url": "http://www.3alyoum.com/news/pol/a/عباس-سيتوجه-للجنائية-الدولية-ردا-على-إ/",
    "title": "عباس سيتوجه للجنائية الدولية ردا على إحراق الطفل",
    "author": "",
    "content": " عين اليوم – رام الله\nاعلن الرئيس الفلسطيني محمود عباس الجمعة انه ينوي التوجه الى المحكمة الجنائية الدولية ردا على مقتل طفل فلسطيني في حريق اضرمه مستوطنون بمنزل في الضفة الغربية المحتلة، واصفا ما حصل بانه “جريمة حرب” جديدة.\n وقال عباس من مقر الرئاسة في رام الله انه يعد ملفا سيرفع الى المحكمة الجنائية الدولية على الفور وقال “نستيقظ كل يوم على جريمة من جرائم المستوطنين، انها جريمة حرب”. سمات إحراق الجنائية طفل محمود عباس ",
    "date_extracted": "2015-07-31 15:03:29"
}