{
    "url": "http://www.3alyoum.com/news/a/أمير-عسير-ينقل-تعازي-القيادة-لأسر-الشه/",
    "title": "أمير عسير ينقل تعازي القيادة لأسر الشهداء",
    "author": "",
    "content": " محمد السريعي – عين اليوم\n أجرى صاحب السمو الأمير فيصل بن خالد بن عبدالعزيز أمير منطقة عسير عددا من الاتصالات الهاتفية نقل من خلالها\n تعازي ومواساة خادم الحرمين الشريفين الملك سلمان بن عبدالعزيز آل سعود وسمو ولي العهد وسمو ولي ولي العهد – حفظهم الله – إلى أسرة الشهيد أحمد جعفر حسن البارقي وأسرة الشهيد حسن ناصر بشيري وأسرة الشهيد محمد علي ياسين.\n وأكد سمو الأمير فيصل بن خالد خلال اتصالاته بأسر الشهداء أنهم نالوا شهادة العز والكرامة وذاك ببذل أرواحهم فداء للدين والوطن سائلاً الله تعالى أن يتقبلهم برحمته، وأن يلهم أهلهم وذويهم الصبر والسلوان. سمات أسر الشهداء أمير عسير القيادة تعازي ",
    "date_extracted": "2015-08-01 20:24:06"
}