{
    "url": "http://www.3alyoum.com/news/a/عبد-الملك-الحوثي-يرفض-هدنة-قوات-التحال/",
    "title": "عبد الملك الحوثي يرفض هدنة قوات التحالف العربي في اليمن",
    "author": "",
    "content": " عبدالرحمن الشهري – عين اليوم\n قال زعيم جماعة الحوثي اليمنية في رسالة نشرت على حساب للجماعة على موقع “تويتر” إنه يرفض وقف إطلاق النار الذي يعتزم التحالف العربي تطبيقه، قائلا: إنه لن يعود بالفائدة سوى على تنظيمي داعش والقاعدة، ونسبت الرسالة إلى عبد الملك الحوثي قوله “المعركة مستمرة والحرب لم تنته” وكان من المقرر بدء سريان الهدنة اليوم الأحد. سمات اليمن عبد الملك الحوثي هدنة قوات التحالف ",
    "date_extracted": "2015-07-26 22:29:03"
}