{
    "url": "http://www.3alyoum.com/news/local/a/أمير-عسير-يطلق-غداً-شارة-البدء-للباص-ال/",
    "title": "أمير عسير يطلق غداً شارة البدء للباص السياحي",
    "author": "",
    "content": " عبدالرحمن الشهري – أبها\nيطلق صاحب السمو الملكي الأمير فيصل بن خالد بن عبدالعزيز أمير منطقة عسير رئيس مجلس التنمية السياحية بالمنطقة غداً الخميس شارة البدء للباص السياحي الذي ينقل مصطافي المنطقة وزوار مهرجان ” أبها يجمعنا ” بين أهم المواقع السياحية والتراثية والأثرية بالمنطقة من أمام بوابة إمارة المنطقة.\n وأوضح مدير عام الهيئة العامة للسياحة والتراث الوطني أمين عام مجلس التنمية السياحية بالمنطقة المهندس محمد العمرة أن فكرة الباص السياحي تطبق للمرة الأولى على المستوى المحلي ، مشيرا إلى أنه سيتم إطلاق حملة تحت عنوان ” عسير والمشاهير” لتحقيق هدف الباص بالتجول بين المواقع السياحية والتراثية والأثرية ، ومواقع فعاليات المهرجان ، يشارك بها عدد من نجوم الإعلام الجديد. سمات ابها الامير فيصل بن خالد الباص السياحي امير عسير عسير ",
    "date_extracted": "2015-07-26 17:12:20"
}