{
    "url": "http://www.3alyoum.com/finance/a/أسعار-النفط-تتراجع-في-أطول-موجة-هبوط-خل/",
    "title": "أسعار النفط تتراجع في أطول موجة هبوط خلال عام",
    "author": "",
    "content": " عين اليوم – لندن\nتراجعت أسعار النفط اليوم الأربعاء في أطول موجة من الخسائر اليومية في عام مع تفاقم تخمة المعروض العالمي الذي طغى على الدعم المحتمل للخام من انخفاض الدولار والنزول المتوقع لمخزونات الخام الأمريكية.\n وأظهر مسح لرويترز يوم الثلاثاء أن الدول الأعضاء في منظمة البلدان المصدرة للبترول (أوبك) أنتجت نحو ثلاثة ملايين برميل يوميا من النفط فوق حجم الطلب اليومي في الربع الثاني مقارنة مع نحو مليوني برميل يوميا في الأشهر الثلاثة الأولى من العام.\n ويجتمع مجلس الاحتياطي الاتحادي (البنك المركزي الأمريكي) في وقت لاحق اليوم لكن توقعات السوق برفع أسعار الفائدة في سبتمبر أيلول تتضاءل بما أدى إلى انخفاض الدولار أمام سلة من العملات.\n وانخفض سعر مزيج برنت في العقود الآجلة تسليم شهر أقرب استحقاق 42 سنتا إلى 52.88 دولار للبرميل بحلول الساعة 0850 بتوقيت جرينتش متجها لتكبد سادس خسائره اليومية على التوالي في أطول موجة هبوط من نوعها منذ يوليو تموز 2014.\n وبلغ خام برنت أدنى مستوى له في الجلسة عند 52.28 دولار أمس الثلاثاء مسجلا أقل سعر له منذ الثاني من فبراير شباط بعدما أثار هبوط الأسهم الصينية مخاوف بشأن متانة اقتصاد أكبر مستهلك للسلع الأولية في العالم.\n ونزل الخام الأمريكي في عقود سبتمبر أيلول 33 سنتا إلى 47.65 دولار للبرميل.\n وتعافت أسعار النفط من أدنى مستوياتها في عدة أشهر أمس الثلاثاء بعدما أظهرت بيانات من معهد البترول الأمريكي انخفاض مخزونات الخام التجارية الأمريكية بواقع 1.9 مليون برميل في الأسبوع الماضي مقابل توقعات محللين بانخفاضها 184 ألف برميل.\n غير أن مستوى المخزون البالغ 462 مليون برميل الذي أعلنه معهد البترول الأمريكي – مقارنة مع 383 مليونا في بداية العام الحالي – يعكس مدى الوفرة في المعروض الأمريكي.\n ومن المقرر أن تصدر إدارة معلومات الطاقة التابعة للحكومة الأمريكية البيانات الرسمية لمخزونات النفط بالولايات المتحدة في وقت لاحق اليوم. ",
    "date_extracted": "2015-07-31 04:18:48"
}