{
    "url": "http://www.3alyoum.com/news/local/a/وصول-جثمان-الشهيد-المجيشي-إلى-بارق/",
    "title": "وصول جثمان الشهيد “المجيشي” إلى بارق",
    "author": "",
    "content": " عبدالرحمن الشهري – بارق\n استقبل وكيل محافظة بارق عائض بن عبده على الله، جثمان شهيد الوطن العريف أحمد جعفر المجيشي البارقي، بعد أن هبطت طائرة الإخلاء الطبي في “خبت آل حجري”، ويرافقه مدير شرطة بارق الرائد سالم محمد الشهري ومدير الدفاع المدني ببارق الرائد زهير الشهري وأسرة الشهيد وعدد من المسؤولين وجمع من المواطنين.\n والعريف أحمدالبارقي أستشهد، الجمعة، مع اثنين من زملائه أثناء قيامهم بمهام عملهم للدفاع عن حدود الوطن في مركز المسيال بقطاع ظهران الجنوب في منطقة عسير.\n رحم الله شهيد الوطن أحمد جعفر وأسكنه فسيح جناته وتقبله في الشهداء، وألهم أهله وذويه الصبر والسلوان، وإنا لله وإنا إليه راجعون. سمات العريف أحمد جعفر المجيشي البارقي جثمان شهيد عائض بن عبده على الله ",
    "date_extracted": "2015-08-01 08:01:02"
}