{
    "url": "http://www.3alyoum.com/finance/a/الحقباني-يرعى-أكبر-منتدى-سعودي-لتطبيق/",
    "title": "الحقباني يرعى أكبر منتدى سعودي لتطبيقات الموارد البشرية وسوق العمل",
    "author": "",
    "content": " سلوى المدني ـ عين اليوم\n تحت شعار “تجسير تغرة المهارات بين الأجيال” تشهد جدة خلال الفترة 10 – 13 صفر المقبل (22 – 25 نوفمبر) انطلاق فعاليات منتدى جدة للموارد البشرية 2015م والتي تناقش أفضل تطبيقات الموارد البشرية والتوطين النوعي وبيئة العمل المستقبلية وأهم القضايا التي تهم التوطين والموارد البشرية في سوق العمل السعودي برعاية معالي وزير العمل الدكتور مفرج بن سعد الحقباني، وذلك بفندق هيلتون جدة.\n ويعد منتدى جدة للموارد البشرية أكبر منتدى يقُام سنوياً للموارد البشرية في المملكة العربية السعودية وتنظمه كل من الغرفة التجارية الصناعية بجدة وAME مكتب د. إيهاب حسن أبوركبة وبشراكة إستراتيجية مع وزارة العمل وصندوق تنمية الموارد البشرية “هدف”.\n وأعرب رئيس المنتدى الدكتور إيهاب بن حسن أبوركبة عن سعادته لحرص وزير العمل الدكتور مفرج بن سعد الحقباني ورعايته الكريمة للمنتدى، مؤكداً أن حرص وزارة العمل وصندوق تنمية الموارد البشرية “هدف” على مواصلة دعم هذا المنتدى استشعاراً لأهمية تطوير ممارسات الموارد البشرية في قطاعات الأعمال السعودية والاستفادة من الكوادر السعودية المؤهلة، كما قدم الشكر لدور وزارة العمل وصندوق الموارد البشرية “هدف” لإنجاح هذا الحدث السنوي المهم.\n وأوضح أبوركبة أن المنتدى عزز في نسخه الست الماضية لبناء الشراكة الإستراتيجية بين القطاعين العام والخاص، وحظي منذ أن بدأ تنظيمه بخطوات ريادية متميزة حيث شارك في فعالياته أبرز قادة المنظمات العالمية أمثال البنك الدولي ومنظمة العمل الدولية وعدد من الشركات والخبراء والمختصين في الموارد البشرية محلياً ودولياً. سمات الحقباني منتدى جدة وزير العمل ",
    "date_extracted": "2015-07-27 18:40:42"
}