{
    "url": "http://www.3alyoum.com/technology/a/باحثون-برسالة-واحدة-يمكن-اختراق-جميع-أ/",
    "title": "باحثون: برسالة واحدة يمكن اختراق جميع أجهزة آندرويد",
    "author": "",
    "content": " عين اليوم – متابعات\nأفاد باحثون في مجال تكنولوجيا المعلومات أن جميع هواتف آندرويد بلا استثناء معرضة للاختراق، كل ما يتطلبه الأمر هو مجرد رسالة نصية واحدة مع فيديو أو صورة محمل عليها الشيفرات الخبيثة.\nوكشف الباحثون أن هذا الاختراق يُمكّن الهاكر من السيطرة والتحكم بالكامل في الهاتف المخترق، ويمكنه أن يخترق 95% من هواتف وأجهزة آندرويد حول العالم، والتي قدرها الباحثون بحوالي 950 مليون جهاز.\nوأوضح الخبراء الأمر أن الطريقة بسيطة جدا، حيث يرسل الهاكر رسالة نصية قصيرة بها صورة مُحمّلة أو مقطع فيديو قصير، وبمجرد فتح الرابط، يتحكم الهاكر في الهاتف تماما، ويمكنه التجسس على المستخدم ومراقبته، باستخدام سماعات الهاتف وكاميراته الأمامية والخلفية، وأيضا اقتحام حساباته على وسائل التواصل الاجتماعية وإرسال الرسائل منها، والأخطر هو أيضا إمكانية التعامل مع الحسابات البنكية، إذا كانت بيانات بطاقات الائتمان مُخزنة على الهاتف.\nوينصح الخبراء حاملي هواتف آندرويد على وجه الخصوص بعدم الضغط على أي رابط من مصدر غير موثوق فيه، لأنه بمجرد الضغط على الرابط يتحكم الهاكر في الهاتف في غضون ثوان معدودة.\nوبالرغم من أن جوجل سارعت بمعالجة نقاط الضعف هذه ، ولكن يبقى السؤال : كم سيستغرقه الأمر من وقت حتى يصل الإصلاح لجميع هواتف آندرويد في العالم ؟\n  سمات آندرويد اختراق رسالة ",
    "date_extracted": "2015-07-31 04:20:00"
}