{
    "url": "http://www.3alyoum.com/news/golobal/a/مسؤول-مصري-يفتح-قبر-والديه-وينام-فيه-له/",
    "title": "مسؤول مصري يفتح قبر والديه وينام فيه لهذا السبب",
    "author": "",
    "content": " عمر إبراهيم – عين اليوم\n أقدم أحد المسؤولين المصريين على عمل غريب، حيث قام عبدالله كامل مستشار محافظ أسيوط لشؤون الإعاقة، بفتح قبر والديه المتوفين والنوم بجانبهما لما يقرب من ساعة كاملة.\n وقال مستشار محافظ أسيوط: “إن ما فعله كان لأخذ العبرة والعظة من الموت” مضيفًا أن “الإنسان مهما فعل فمصيره إلى القبر”.\n وأشار مستشار محافظ أسيوط، إلى أنه لم يزر قبر والديه وابنه منذ فترة طويلة وشغلته الدنيا بمتاعها عنهم ولكنه أحس أنه بحاجة إلى أن يكون قريبا منهم، فقام بهذا العمل وتوجه إلى المقابر بعد الاغتسال وفتح القبر وجلس مع والديه يتحدث إليهما وكأنهما ليسا ميتين ويبوح لهما عما بداخله.\n وتابع على صفحته بموقع التواصل الاجتماعي “فيسبوك” “أدركت الموت ثلاث مرات في اليوم، مرة وأنا أجلس مع إنسان أحبه من كل قلبي كنت أنا وهو نعيش الحب في أجمل صورة، ومرة وأنا في غرفة الاستقبال بالمستشفى وإحساس أقوى وأنا داخل القبر إحساس وشكل لا يعلمه إلا الله، وسألت نفسي ما هي الحياة وما هو الموت ولا أجد إجابة”. سمات أسيوط قبر مصر ",
    "date_extracted": "2015-07-27 18:39:42"
}