{
    "url": "http://www.3alyoum.com/news/a/عمالة-تبيع-الأعلاف-بالقرب-من-المحطات-و/",
    "title": "عمالة تبيع الأعلاف بالقرب من المحطات والمنازل",
    "author": "",
    "content": " حاتم النجيمي – تربة\n طالب مواطنون البلدية بتنظيم عملية البيع مثلما هي الحال في أسواق الأعلاف في جميع مناطق المملكة الأخرى.\n وتقوم عمالة آسيوية ببيع أعلاف (الرودس) والبرسيم في مواقع مختلفة من محافظة تربة على الأرض بشكل عشوائي وفي أماكن غير مخصصة، بعضها بالقرب من محطات الوقود والمنازل، ما يسبب خطورة بالغة في حال نشوب حريق بها على المنازل ومحطة الوقود القريبة منها. سمات الأعلاف بيع عمالة ",
    "date_extracted": "2015-07-31 04:21:00"
}