{
    "url": "http://www.3alyoum.com/news/a/الإمارات-تدين-بشدة-جريمة-حرق-مستوطنين/",
    "title": "الإمارات تدين بشدة جريمة حرق مستوطنين إسرائيليين لرضيع فلسطيني في نابلس",
    "author": "",
    "content": " عين اليوم – أبوظبي\n دانت دولة الإمارات بأشد العبارات الجريمة الإرهابية البشعة التي أدت إلى استشهاد الطفل الفلسطيني الرضيع علي دوابشة حرقاً وإصابة عائلته بجروح بليغة إثر استهداف مستوطنون إسرائيليون لمنزلهم وإحراقه بالضفة الغربية المحتلة في جريمة يندى لها جبين الإنسانية.\n وقال وزير خارجية الإمارات الشيخ عبدالله بن زايد آل نهيان إن هذه الجريمة تمثل تصعيداً خطيراً في أعمال الإرهاب التي يرتكبها المستعمرون ضد الشعب الفلسطيني وأرضه ومقدساته تحت حماية قوات الاحتلال الإسرائيلي.\n وأكد سموه أن هذه الجريمة هي نتيجة طبيعية لانتشار المستعمرات الإسرائيلية في الأراضي الفلسطينية وهي تجسيد للثقافة العنصرية الوحشية التي يحملها هؤلاء المستعمرون ضد الفلسطينيين ويمارسونها ضد الطفل والمرأة والمدنيين العزل تحت حماية وصمت مؤسسات الاحتلال الإسرائيلية الرسمية. سمات الإمارات جريمة حرق خارجية الإمارات رضيع فلسطيني ",
    "date_extracted": "2015-08-02 22:55:22"
}