{
    "url": "http://www.3alyoum.com/sports/a/قبل-لقاء-أخيستار-الشهراني-ينضم-لقائمة/",
    "title": "قبل لقاء أخيستار.. الشهراني ينضم لقائمة المصابين.. ودونيس يكتفي بحصص صباحية",
    "author": "",
    "content": " منيف الشهراني – الرياض\n ‏ أوضحت شركة بوبا العربية شريك نادي الهلال في قطاع التأمين والرعاية الصحية، تعرّض لاعب الهلال ياسر الشهراني لالتهاب بسيط في الركبة، منعه من المشاركة في تدريبات الفريق يوم أمس، هذا سيبدأ الشهراني برنامجًا علاجيًا بإشراف الجهاز الطبي وشركة بوبا العربية، وبذلك يكون الشهراني ضمن الغائبين عن لقاء الهلال الودي الثاني مساء الخميس أمام أخيستار سبور التركي، والذي سيقام على ملعب (Bischofshofen) بسالزبورج النمساوية تمام الساعة 6 م بتوقيت النمسا.\n على الصعيد الميداني، أدى لاعبو الهلال صباح الأربعاء تدريباتهم تحت زخات المطر والتي بدأت بالجري حول الملعب، قبل أن يطبّق مدرب اللياقة اليوناني جريجوريس تدريبات بدنية، بعدها قام المدرب اليوناني دونيس بعمل بتطبيق عدد من التدريبات الفنية، اختتمها الجهاز اللياقي المران بالجري حول الملعب على سرعات مختلفة شهدت مشاركة اللاعب محمد البريك، فيما واصل اللاعب سالم الدوسري برنامجه العلاجي، في حين أجرى الرباعي (عبدالله عطيف، نواف العابد، عبدالمجيد السواط وياسر القحطاني) برامجهم الإعدادية والتأهيلية في النادي الصحي، هذا وقد اكتفى المدير الفني “جوريجوس دونيس” اليوم بالحصة التدريبية الصباحية نظير المجهود الذي بذله اللاعبون خلال الفترة الماضية، كما سيؤدي الفريق صباح الخميس مرانه الأخير، قبيل ملاقاة “أخيسار سبور التركي” وديًا، في تمام الساعة السادسة من مساء الخميس بتوقيت النمسا. سمات أخيستار حصص صباحية قائمة المصابين ياسر الشهراني ",
    "date_extracted": "2015-07-31 04:19:21"
}