{
    "url": "http://www.3alyoum.com/news/a/الإمارات-تنتقد-انفتاح-الاتحاد-الأورو/",
    "title": "الإمارات تنتقد انفتاح الاتحاد الأوروبي على إيران",
    "author": "",
    "content": " عين اليوم – دبي\nانتقدت الإمارات الاتحاد الأوروبي اليوم الأربعاء بسبب السعي لإشراك إيران في تحقيق الاستقرار بالمنطقة وقالت إن سياسة طهران “عدائية” تساعد في الاستقطاب بين دول المنطقة.\n وقال مسؤول إماراتي كبير إن فيدريكا موجيريني مفوضة السياسة الخارجية بالاتحاد الأوروبي التي زارت إيران أمس الثلاثاء عجزت عن فهم أهداف إيران وإن إشادتها بالالتزام الذي أبداه فريقها التفاوضي في المفاوضات النووية بدت في غير محلها.\n وقبل الزيارة كتبت موجيريني افتتاحية في صحيفة الجارديان البريطانية حيث قالت إن وزراء خارجية الاتحاد الأوروبي فوضوها لاستكشاف سبل يمكن للاتحاد من خلالها الترويج لإطار عمل أكثر تعاونا يشمل إيران بعد الاتفاق النووي بين طهران والقوى الدولية.\n وفي دول الخليج العربية قلق من أن يؤدي الاتفاق إلى تسريع التقارب بين طهران وواشنطن وتشجيع ما تقول إنها قوة شيعية توسعية.\n وكتبت موجيريني “التعاون بين إيران وجيرانها والمجتمع الدولي كله قد يفتح احتمالات لم يسبق لها مثيل لتحقيق السلام في المنطقة.. بدءا من سوريا واليمن والعراق.”\n وقال أنور قرقاش وزير الدولة الإماراتي للشؤون الخارجية إن موجيريني لم تدرك الانقسامات التي تثيرها السياسة الإيرانية وأشار إلى أن إشادتها بمسؤولين إيرانيين فاوضوها لم تكن في محلها.\n وقال قرقاش بحسابه على موقع تويتر إن الافتتاحية التي كتبتها موجيريني في الجارديان غاب عنها فهم السياسة العدائية لإيران في المنطقة والإيحاءات الطائفية التي أدت للاستقطاب في الشرق الأوسط.\n وأضاف أن مهمتها في تحقيق تعاون إقليمي يجب أن تنشأ من فهم واضح لسياسة إيران القائمة على التدخل الطائفي وإذكاء الاستقطاب.\n وردت دول الخليج العربية بقلق على خطاب للزعيم الأعلى الإيراني آية الله علي خامنئي في 18 يوليو قال فيه إن الاتفاق لن يحدث أي تغير في السياسات الإيرانية بالشرق الأوسط أو في علاقتها مع واشنطن.\n ووعد خامنئي باستمرار دعم “الأصدقاء في المنطقة والشعوب في فلسطين واليمن وسوريا والعراق والبحرين ولبنان.”\n والإمارات واحدة من دول سنية عديدة في الخليج تتهم إيران القوة الشيعية بإثارة القلاقل في الدول العربية وبأنها تستغل أحيانا علاقاتها مع الأقليات الشيعية في تلك البلدان وهي اتهامات تنفيها إيران.\n وتوترت العلاقات بين إيران ودول الخليج العربية في الأيام الماضية بعد مزاعم بحرينية بتورط إيراني في هجمات بالقنابل على أراضيها وهي اتهامات تنفيها طهران أيضا. سمات إيران الإمارات الاتحاد الأوروبي ",
    "date_extracted": "2015-07-31 04:21:36"
}