{
    "url": "http://www.3alyoum.com/news/golobal/a/عقار-جديد-يعالج-سرطان-الجلد/",
    "title": "عقار جديد يعالج سرطان الجلد",
    "author": "",
    "content": " لجين الأحمدي – متابعات\n وافقت إدارة الأغذية والأدوية الأمريكية على عقار جديد من إنتاج شركة “نوفارتيس” للمستحضرات الدوائية لعلاج أكثر أنواع سرطان الجلد شيوعا.\n ويحمل عقار “أودومزو” تحذيرا على العلبة من مخاطر وفاة أو تشوهات شديدة في الأجنة إذا تناولته المرأة الحامل بحسب “رويترز”.\n ويذكر أن هذا العقار يفيد المرضى الذين يعانون من حالة متقدمة من سرطان الجلد (كارسينوما)، ويوقف أو يبطئ نمو الأنسجة السرطانية من خلال سد المسارات الجزيئية النشطة في الخلايا السرطانية الأساسية.\n وخلايا كارسينوما السرطانية هي عادة نوع من سرطانات الجلد بطيئة النمو غير المؤلمة التي تبدأ في الطبقة الظاهرة من الجلد، وهي تنمو في المناطق التي تتعرض عادة للشمس والإشعاعات فوق البنفسجية الأخرى.\n وعلى الرغم من كونه في مراحل متقدمة لا ينتقل هذا النوع من السرطان إلى أجزاء أخرى من الجسم، ولا يمكن علاجه من خلال الجراحة أو العلاج الإشعاعي.\n وكان عقار إريفيدج من إنتاج شركة “روش هولدينج” أول عقار توافق عليه إدارة الأغذية والأدوية الأمريكية عام 2012 لعلاج هذا النوع من السرطان، وتؤكد الأكاديمية الأمريكية لأمراض الجلد أن خُمس الأمريكيين عرضة للإصابة بسرطان الجلد. سمات الجلد سرطان عقار ",
    "date_extracted": "2015-07-27 18:40:14"
}