{
    "url": "http://www.3alyoum.com/news/a/غواصو-مدني-الرياض-يواصلون-البحث-عن-مفق/",
    "title": "غواصو مدني الرياض يواصلون البحث عن مفقود سد وادي نمار",
    "author": "",
    "content": " عبدالمجيد آل مبارك – عين اليوم\n يواصل مجموعة من الغواصين يواصلون أعمال البحث عن الشاب الذي فقد بوادي سد نمار، وكانت فرق الدفاع المدني بمدينة الرياض اليوم قد باشرت حادثة غرق شاب داخل السد، وذلك بعد تلقي غرفة التحكم والتوجيه بلاغا يفيد بغرق شاب في سد وادي نمار، وقد هرعت فرق الغوص الى موقع السد والذي يبلغ عمقه الأقصى ١٦ مترا.\n وأوضح المتحدث الرسمي للدفاع المدني بمنطقة الرياض الرائد محمد الحمادي أن ثلاثة شبان سعوديين توجهوا إلى السد، حيث نزل اثنان منهم إلى السباحة في مياه السد، فيما كان الثالث خارج السد، وبعد فترة اختفى أحدهم داخل السد، ليقوم زميلاه بالاتصال على الدفاع المدني للإبلاغ عن غرقه. سمات سد وادي نمار مدني الرياض ",
    "date_extracted": "2015-07-31 04:21:07"
}