{
    "url": "http://www.3alyoum.com/sports/a/برلسكوني-على-وشك-بيع-حصته-في-ميلان/",
    "title": "برلسكوني على وشك بيع حصته في ميلان",
    "author": "",
    "content": " عين اليوم – ميلان\nذكرت مصادر صحفية اليوم الخميس، إن رئيس الوزراء الإيطالي السابق سيلفيو برلسكوني، سيوقع على اتفاق مبدئي ملزم لبيع 48% من حصته في نادي ميلان إلى رجل الأعمال التايلاندي بي تايتشابول، خلال الأيام القليلة المقبلة على أن يجري التوقيع على الاتفاق النهائي بعد الصيف.\nوتملك شركة فينينفست القابضة التابعة لعائلة برلسكوني النادي المنافس في دوري الدرجة الأولى الإيطالي لكرة القدم.\nوكان برلسكوني قد وافق على بيع حصته لمجموعة يقودها تايتشابول في يونيو ومنحها الفرصة للدخول في مفاوضات حصرية على مدى ثمانية أسابيع لوضع اللمسات النهائية على الاتفاق الذي يهدف لإعادة إطلاق العلامة التجارية إيه.سي ميلان، من جديد خاصة في آسيا وتعزيز إيرادات النادي. وستنتهي المهلة بنهاية يوليو الجاري.\n وظل ميلان بطل أوروبا سبع مرات جزءاً محورياً في إمبراطورية برلسكوني السياسية والإعلامية على مدى ثلاثة عقود، لكنه فقد بعضاً من بريقه في السنوات القليلة الماضية، وبات غير قادر على مجابهة منافسيه الأوروبيين الأكثر ثراء. سمات سيلفيو برلسكوني كرة القدم نادي ميلان ",
    "date_extracted": "2015-07-31 04:18:07"
}