{
    "url": "http://www.3alyoum.com/sports/a/صحيفة-يونانية-1-5-مليون-يورو-قيمة-تعاقد-ا/",
    "title": "صحيفة يونانية: 1.5 مليون يورو قيمة تعاقد الأهلي مع فيتفاتزيدس",
    "author": "",
    "content": " سلوى سعد – متابعات\n كشفت إحدى الصحف اليونانية “sport24″ عن القيمة الحقيقة لانتقال اللاعب إيوانيس فيتفاتزيدس ، لاعب جنوى الإيطالي والمنتقل حديثاً لصفوف الأهلي مدة ثلاث سنوات، حيث قالت إن تكلفة الصفقة وصلت لنحو مليون ونصف المليون يورو دفعتها إدارة الأهلي لجنوى الإيطالي.\n وتحدثت الصحيفة عن البطولات والألقاب التي حققها النادي السعودي، حيث قالت إنه سبق له الحصول على الدوري السعودي مرتين إضافة لتحقيقه عدد كبير من بطولات كأس ولي العهد وكأس خادم الحرمين الشريفين وأنه حصد المركز الثاني في بطولة الدوري الموسم الماضي، كما أنه كان وصيف دوري أبطال آسيا في عام 2012.\n وتحدثت الصحيفة عن أن اللاعب سيكون تحت الإمرة الفنية للمدرب السويسري كريستيان جروس، الذي سبق له تدريب بازل وشتوتجارت وتوتنهام وسيتواجد إلى جوار مدرب الهلال اليوناني الآخر في الملاعب السعودية دونيس. سمات إيوانيس فيتفاتزيدس الاهلي جنوى الإيطالي ",
    "date_extracted": "2015-08-01 08:00:57"
}