{
    "url": "http://www.3alyoum.com/news/a/الرئاسة-المصرية-تصدر-تعديلات-قانون-مج/",
    "title": "الرئاسة المصرية تصدر تعديلات قانون مجلس النواب تمهيدًا لانتخابه",
    "author": "",
    "content": " عين اليوم – القاهرة\n أصدر الرئيس المصري عبد الفتاح السيسي قرارًا جمهوريًا بتعديل بعض أحكام قانوني مجلس النواب وتنظيم مباشرة الحقوق السياسية، تمهيدًا لإجراء الانتخابات البرلمانية خلال الشهور المقبلة.\n وقال وزير العدالة الانتقالية وشؤون مجلس النواب المصري المستشار إبراهيم الهنيدي في بيان له اليوم إن التعديلات تنص على أن يشكل أول مجلس للنواب بعد العمل بالدستور الصادر في 18 يناير عام 2014 من 568 عضوًا ينتخبون بالاقتراع السري المباشر ويجوز لرئيس الجمهورية تعيين ما لا يزيد عن 5 % من الأعضاء، ويكون انتخاب مجلس النواب بواقع 448 مقعدًا بالنظام الفردي و120 مقعدًا بنظام القوائم المغلقة المطلقة، مؤكدًا أنه يحق طبقًا لهذه التعديلات للأحزاب والمستقلين الترشيح سواء على المقاعد الفردية أو القوائم.\n وأشار الهنيدي إلى أن جميع الإجراءات المتعلقة سواء إعلان المواعيد والجداول الزمنية لفتح باب الترشيح أو إجراء الانتخابات البرلمانية هي في يد اللجنة العليا للانتخابات، متوقعًا أن تعلن اللجنة عن هذه الأمور الأسبوع المقبل عقب احتفال مصر العالمي بافتتاح قناة السويس الجديدة المقرر له يوم الخميس المقبل. سمات الرئاسة المصرية المصري عبد الفتاح السيسي قانون مجلس النواب ",
    "date_extracted": "2015-08-02 22:55:12"
}