{
    "url": "http://www.3alyoum.com/news/pol/a/خامنئي-ينتقد-الأوروبيين-تزامناً-مع-زي/",
    "title": "خامنئي ينتقد الأوروبيين تزامناً مع زيارة وزيرة خارجية الاتحاد الأوروبي",
    "author": "",
    "content": " عين اليوم – طهران\nوجه المرشد الايراني الاعلى آية الله علي خامنئي انتقادا الى الاوروبيين الثلاثاء، تزامنا مع اول زيارة لإيران تقوم بها وزيرة خارجية الاتحاد الاوروبي فيديريكا موغيريني.\n وكتب المرشد على حسابه على موقع تويتر ان “الاوروبيين تسببوا بإحدى أكبر الحروب في التاريخ والتي قتلت عددا كبيرا من الناس (…) و ألحقت بنا ضررا أيضا”.\n واضاف “قرات التاريخ الاوروبي. هؤلاء الاوروبيون تسببوا بحربين عالميتين مدمرتين في القرن الفائت، حربين عالميتين في اقل من قرن”.\n وتزامنت هذه المواقف مع زيارة موغيريني لطهران بهدف مناقشة تطبيق الاتفاق النووي الذي وقع في 14 يوليو بين طهران والقوى الست الكبرى، الولايات المتحدة وبريطانيا وفرنسا وروسيا والصين والمانيا،وسبق ان هاجم خامنئي بعيد توقيع الاتفاق الولايات المتحدة. سمات ايران خامنئي موغيريني ",
    "date_extracted": "2015-07-31 04:57:36"
}