{
    "url": "http://www.3alyoum.com/opinion/articles/a/ناصر-الجديع-الهلال-في-النمسا-بدري-وتو/",
    "title": "ناصر الجديع: الهلال في النمسا .. بدري وتو الناس !!",
    "author": "",
    "content": " ناصر الجديع\nاليوم يخوض الهلال ثاني مبارياته الاستعدادية في معسكره الخارجي في النمسا، مواجهة أسكيشيهر سبور التركي أو (أخيسار) ستكون مقاربة إلى حدٍ ما في قوتها من المواجهة الإعدادية الأولى التي خسرها الهلال من أمام غازي عنتاب التركي بهدف على اعتبار أن الفريقين التركيين احتلا في النسخة الأخيرة من الدوري التركي الممتاز مركزين متقاربين (10 و 12)، إلا أن الجماهير الهلالية التي لم يتمكن معظمهما من مشاهدة اللقاء الأول كما هو الأمر مع لقاء اليوم تأمل أن يُظهِرُ زعيم آسيا شيئاً مما سيقدمه هذا الموسم، ولاشك أن الهدف الأول من مثل هذه الوديات المبكرة هو منح بعض الانسجام والتجانس بين أعضاء الفريق القديم وبين العناصر الجديدة وتحديداً البرازيليين إدواردو والميدا، إضافة إلى تجربة بعض الخطط والتشكيلات العناصرية التي سيعتمدها اليوناني دونيس في المباريات الرسمية التي سيستهلها الفريق بمواجهة النصر في السوبر السعودي اللندني.\n الخسارة في مثل هذه المباريات الإعدادية لا يجب أن تشكل إزعاجاً لمحبي الفريق، رغم أن الحقيقة التي ظهرت بعد الخسارة من عنتاب تقول أن شريحة كبيرة من جماهير الهلال تزعجها حتى الخسارة الودية، وظهر من خلال ردة فعل كثير من الهلاليين في مواقع وبرامج التواصل بعض الطرح السلبي والتشاؤمي عن الفريق والمدرب واللاعبين رغم أن دونيس خاض اللقاء بخليط من البدلاء والأساسيين، ورغم أن المباراة لم تنقل تلفزيونيا ولايمكن بحال من الأحوال تكوين أي انطباع فني عما حدث في تلك المباراة، ولا عما سيحدث في مباراة اليوم!.\n بالنسبة لي أثق كثيراً بقدرات المدرب اليوناني دونيس، ومتفائلٌ بأن من استطاع أن يلملم أوراق الفريق المبعثرة في منتصف الموسم الماضي، وأن يخرجه من ذلك الوضع الفني والمعنوي السيء بتأهل لربع نهائي آسيا وبتتويج مستحق بكأس الملك، قادرٌ بإذن الله مع قليل من الثقة والصبر على أن يقدم هذا الموسم فريقاً يسر الهلاليين، رغم عدم قدرة الهلال على تدعيم صفوفه بعناصر محلية لأسباب مادية وتفاوضية وأسباب أخرى سبق ذكرها في مقالٍ سابق!.\n أياً كانت نتيجة المباراة الإعدادية اليوم لا يجب على الهلاليين أن يبالغوا في ردة الفعل، ولا يجب أن يستعجل محبو الهلال الأمور، وربما كانت مواجهة العين الإعدادية في الثاني من أغسطس المقبل ومن ثم المواجهة الأقوى بعدها بـ3 أيام أمام فيرونا الإيطالي فرصة أولى للتعرف (مبدئياً) على وضع الفريق الفني ومدى قدرة أجانبه الجدد على التأقلم سريعاً مع الفريق وصناعة الفارق معه، لكنها أبداً لن تكون كافية لإعطاء حكمٍ نهائي، إذ من حق الجهاز الفني خلال هذه الفترة الإعدادية تجريب العديد من التشكيلات العناصرية والخطط الفنية للوصول إلى ما يعتقد أنه الأنسب للظهور به في المباريات الرسمية، وعلى جماهير الهلال الواعية أن تتحلى ببعض الصبر وأن تدعم الفريق، وأن تمنح كل عناصره الثقة، حتى لا تخلق نوعاً من الضغط المبكر على الجهاز الفني واللاعبين، وأقدِّرُ هنا جيداً تغلب العاطفة على شريحة من عشاق الهلال، لكن العشم بأن يكون الصوت الأعلى لأصحاب الطرح المتعقل والمتفهم والمدرك بأن فترة الإعداد هي فترة تجريب وبحث وتصحيح للأخطاء وليست فترة استعراض عضلات الفريق وتقييم أدائه والحكم عليه حكماً نهائياً وقاطعاً، والأمل كبير بأن يشاهد محبو الزعيم هلالهم كما يحبون في ملعب كوينز بارك في الـ12 من أغسطس المقبل.\n سمات النمسا الهلال غازي عنتاب ناصر الجديع ",
    "date_extracted": "2015-07-31 04:16:54"
}