{
    "url": "http://www.3alyoum.com/news/local/a/الجوازات-توضح-إمكانية-تصحيح-أوضاع-الي/",
    "title": "الجوازات توضح إمكانية تصحيح أوضاع اليمنيين أصحاب السوابق وبصمة الترحيل",
    "author": "",
    "content": " أميرة المولد – عين اليوم\n امتدادا لدورها في  تصحيح أوضاع الوافدين اليمنيين تواصل المديرية العامة للجوازات دعواتها لليمنيين للمسارعة في تصحيح أوضاعهم قبل انتهاء المهلة المحددة.\n وكشفت الجوازات عن أن أصحاب السوابق وبصمة الترحيل من اليمنيين بإمكانهم تصحيح أوضاعهم أيضاً، مؤكدة أن السوابق والبصمة، لا تشكلان عائقاً للتصحيح.\n وتضمنت دعوة مديرية الجوازات التي بثتها عبر وسائل الإعلام التالي: أخي الوافد اليمني: إذا كنت ممن تنطبق بحقهم  الشروط والمتطلبات الخاصة بتصحيح أوضاع الإخوة اليمنيين وعلى سجلك سوابق أو بصمة مرحل فهذا لايعيق حصولك على “هوية زائر” سارع بمراجعة أقرب مركز لتصحيح الأوضاع قبل انتهاء المهلة المحددة”. سمات البصمة الترحيل تصحيح أوضاع ",
    "date_extracted": "2015-08-02 22:47:03"
}