{
    "url": "http://www.3alyoum.com/news/golobal/a/تلوث-المياه-في-ريو-دي-جانيرو-يزداد-وقد/",
    "title": "تلوث المياه في “ريو دي جانيرو” يزداد وقد يؤثر على لأعبي أولمبياد 2016",
    "author": "",
    "content": "  هيفاء عبدالله – عين اليوم عرض تقرير في موقع businessinsider أن هناك خطر على الرياضيين الذين يتنافسون في دورة الألعاب الأولمبية الصيفية في ريو دي جانيرو في العام المقبل. وأوضح تحليل AP أن المياه تحتوي على مستويات عالية من الفيروسات والبكتيريا، والتي تأتي من اختلاط المياه بالصرف الصحي. لكن المسؤولون البرازيليون أكدوا أن المياه سوف تكون آمنة للرياضيين الأولمبيين في الفترة المقبلة. وساد قلق بين المدربين الدوليين، إذ أن بعضاً منهم تأثروا بالفعل وأصبحوا يعانون من الحمى والقيء، والإسهال. يذكر أن تلوث المياه الشديد شائع في البرازيل، ولم يتم علاج ظاهرة اختلاط المياه بالصرف الصحي. سمات البرازيل الخبراء الرياضيين تلوث ",
    "date_extracted": "2015-07-31 22:34:35"
}