{
    "url": "http://www.3alyoum.com/news/a/استشهاد-الرقيب-أول-سيف-الفلاسي-من-القو/",
    "title": "استشهاد الرقيب أول سيف الفلاسي من القوة الإماراتية المشاركة في عمليات التحالف",
    "author": "",
    "content": " عين اليوم – الرياض\n أعلنت قيادة القوات المشتركة لتحالف دعم الشرعية في اليمن في بيان لها اليوم استشهاد الرقيب أول سيف يوسف أحمد الفلاسي – رحمه الله – من القوة الإماراتية المشاركة في عمليات التحالف أثناء أداء واجبه في الدفاع عن الشعب اليمني.\n ودعت القيادة الله سبحانه وتعالى أن يتقبله مع الشهداء ويسكنه فسيح جناته وأن يلهم ذويه الصبر والسلوان . ” إنا لله وإنا اليه راجعون “.\nوقد وجه سمو ولي ولي العهد بمعاملة الشهيد الإماراتي سيف الفلاسي معاملة الشهيد السعودي . سمات القوة الإماراتية المشاركة ",
    "date_extracted": "2015-07-26 22:29:54"
}