{
    "url": "http://www.3alyoum.com/news/a/السفارة-السعودية-بمسقط-توضّح-ملابسات/",
    "title": "السفارة السعودية بمسقط توضّح ملابسات حادثة الطفلة زينب لبّاد",
    "author": "",
    "content": " عين اليوم – مسقط\n أوضحت سفارة خادم الحرمين الشريفين لدى سلطنة عمان ملابسات الحادثة التي وقعت للطفلة السعودية زينب بنت محمد لباد في سلطنة عمان.\n وأفادت أن الطفلة زينب تعرضت بالخطأ لإطلاق نار أثناء لهوها في حديقة الفندق الذي تقيم فيه مع والدها بمنطقة مسندم بتاريخ 25 / 7 / 2015م.\n وقالت إن السفارة تابعت على الفور الحادث والتنسيق مع السلطات العمانية المختصة وطلب معرفة ملابساته والاطمئنان على حالة الطفلة، وتبين من المعلومات الأولية للتحقيق أنه ناتج عن طلق ناري من خارج الفندق أثناء احتفال خاص وأنه تم التحفظ على الفاعل من قبل السلطات العمانية ولا تزال التحقيقات مستمرة حول هذه الحادثة.\n كما كلفت السفارة أحد موظفي قسم المواطنين بالذهاب إلى المستشفى الذي تتم فيه معالجة الطفلة، وتبين أن حالتها ولله الحمد مستقرة وتخضع للعلاج وتتلقى العناية الطبية اللازمة. سمات السفارة زينب لباد مسقط ",
    "date_extracted": "2015-07-27 18:41:48"
}