{
    "url": "http://www.3alyoum.com/news/local/a/مصرع-وإصابة-6-أشخاص-في-حادث-مروري-بطريق/",
    "title": "مصرع وإصابة 6 أشخاص في حادث مروري بطريق الدمام",
    "author": "",
    "content": " مسلّم الهواملة – عين اليوم\n لقي شخصان مصرعهما وأصيب 4 آخرون في حادث مروري وقع صباح اليوم بطريق الدمام، وأوضح المتحدث الرسمي لهيئة لهلال اﻷحمر بمنطقة الرياض عبدالله بن نايف المريبض لـ”عين اليوم” أن غرفة العمليات تلقت صباح اليوم الجمعة بلاغاً يفيد بوقوع حادث تصادم على طريق الدمام كبري المعادن، وعلى الفور هرعت 4 فرق إسعافية واستجابة متقدمة والإسعاف الجوي وباشرت الحادث الذي خلّف وفاة شخصين وإصابة آخر إصابة حرجة و3 اشخاص آخرين بإصابات متوسطة، وتم نقلهم عن طريق الإسعاف الجوي فيما تعرض شخص آخر لإصابة متوسطة، حيث تم تقديم الخدمة الطبية الطارئة لهم وتم نقل الحالات لإسعافها. سمات الدمام الهلال الأحمر حادث مصرع ",
    "date_extracted": "2015-07-31 12:13:44"
}