{
    "url": "http://www.3alyoum.com/news/local/a/شاهد-عقوبات-تنتظر-السياح-العرب-في-الخا/",
    "title": "شاهد.. عقوبات تنتظر السياح العرب في الخارج",
    "author": "",
    "content": " \n هيفاء عبدالله – عين اليوم\nجاء تقرير بثه تلفزيون النمسا قاسياً على العرب المتواجدين هناك، حيث ذكر التقرير بأن هناك سلوكيات وأعمال لاتليق قام بها البعض أثرت على بقية السياح.\nوقال التقرير: “لا نريد العرب.. سببوا لنا الإزعاج، وهم في كل مكان، حتى في الحدائق، وهم يرمون القمامة، وحتى الحيوانات لم تسلم منهم”. وعلق بعض المغردين بـ”تويتر” على التقرير بقولهم: “كان التقرير عنصرياً ولم يظهر الجانب الجيد للعرب وتم اصطياد الأخطاء والقاء الضوء عليها بشكل أوسع”. يذكر أن هذه السلوكيات لم تكن الأولى للعرب ففي لندن قبل عدة أيام تم فرض غرامات على المبالغة في عرض السيارات الفارهة ورفع صوت جهاز الموسيقى في السيارة، وقالت السلطات إن مثل هذه السلوكيات تصنف على أنها جريمة جنائية وليست مجرد مخالفة !!”. بعد هذه العقوبات والقرارت في لندن هل سينتظر العرب عقوبات جديده في النمسا أو في غيرها من الدول الأوروبية..؟. سمات السياح العرب النمسا لندن ",
    "date_extracted": "2015-07-31 04:15:59"
}