{
    "url": "http://www.3alyoum.com/news/a/مرور-عسير-يطيح-بالمفحط-سسبورش/",
    "title": "مرور عسير يطيح بالمفحط “سسبورش”",
    "author": "",
    "content": " حسن عسيري – عين اليوم\n نجحت إدارة مرور منطقة عسير في الإطاحة بالمفحط الملقب “سسبورش”، بعد متابعة ورصد من قبل دوريات المرور بتندحه، بمتابعة مدير وحدة مرور تندحه الرئيس رقباء ناصر شايع القحطاني، وإشراف اللواء عائض بن عبدالله آل دخيل الله.\n وذكر بيان لمرور منطقة عسير أنه من خلال متابعة دوريات المرور للمفحط فقد ألقي القبض عليه أثناء ممارسته التفحيط في برحة المطل بتندحه في الساعة الرابعة من فجر اليوم الاثنين، وتمت إحالة أوراقه لهيئة الفصل في المخالفات المرورية، حيث صدر بحقه قرار يقضي بعقوبات مخالفة التفحيط للمرة الأولى بناء على الفقرة (أ) من المادة التاسعة والستين من نظام المرور، وتضمن القرار الإيقاف لمدة 5 أيام وحجز المركبة لمدة 15 يوماً وغرامة مالية مقدارها ألف ريال، وإلزامه بسداد جميع المخالفات المسجلة عليه بالحاسب الآلي. سمات المفحط \"سسبورش\" مرور عسير ",
    "date_extracted": "2015-07-31 15:03:40"
}