{
    "url": "http://www.3alyoum.com/news/pol/a/أمريكا-قلقة-من-قرار-إسرائيلي-ببناء-وحد/",
    "title": "أمريكا قلقة من قرار إسرائيلي ببناء وحدات جديدة بالضفة والقدس الشرقية",
    "author": "",
    "content": " عين اليوم – واشنطن\nقالت وزارة الخارجية الأمريكية اليوم الأربعاء إنها تشعر “بقلق عميق” إزاء قرار الحكومة الإسرائيلية بناء 300 وحدة سكنية جديدة في مستوطنة يهودية في الضفة الغربية المحتلة ومئات الوحدات في القدس الشرقية.\n وقال نائب المتحدث باسم الخارجية الأمريكية مارك تونر في بيان “لا تزال الولايات المتحدة تنظر إلى المستوطنات على انها غير شرعية ونعارض بشدة خطوات توسيع البناء في الضفة الغربية والقدس الشرقية.”\n وأضاف “التوسع الاستيطاني يهدد حل الدولتين ويشكك في التزام إسرائيل بحل الصراع من خلال التفاوض.” سمات أمريكا إسرائيل الضفة الغربية القدس الشرقية مستوطنات ",
    "date_extracted": "2015-07-31 04:21:30"
}