{
    "url": "http://www.3alyoum.com/finance/a/انضمام-المملكة-إلى-مجموعة-العمل-المال/",
    "title": "انضمام المملكة إلى مجموعة العمل المالي FATF",
    "author": "",
    "content": " عين اليوم – الرياض\n أصدرت مجموعة العمل المالي (FATF) لمكافحة جرائم غسل الأموال وتمويل الإرهاب وانتشار التسلح خلال اجتماعها العام الثالث من الدورة السادسة والعشرين الذي عُقد في مدينة بريزبن في استراليا في التاسع من شهر رمضان 1436ه الموافق السادس والعشرين من شهر يونيو 2015م، قراراً بالإجماع يقضي بالموافقة على منح المملكة العربية السعودية مقعد مراقب في المجموعة تمهيداً لحصولها على العضوية الكاملة وفقاً لسياسات وإجراءات العمل الداخلية للانضمام إلى المجموعة.\n وقالت مؤسسة النقد العربي السعودي في بيان صحفي اليوم إن قرار المجموعة جاء عقب الاستماع إلى نتائج تقرير الزيارة الميدانية التي قام بها وفد رفيع المستوى من المجموعة للمملكة برئاسة رئيس المجموعة خلال الفترة 1-4 يونيو 2015م، أشاد خلالها الرئيس وأعضاء فريق الزيارة بدور المملكة البارز في مكافحة جرائم غسل الأموال وتمويل الإرهاب وانتشار التسلح من خلال برنامج متكامل تشارك فيه جميع السلطات المعنية في المملكة الأعضاء في اللجنة الدائمة لمكافحة غسل الأموال التي يرأسها معالي محافظ مؤسسة النقد العربي السعودي، فيما أبدى الفريق قناعته التامة بأهمية عضوية المملكة في دعم الجهود الإقليمية والدولية في مكافحة تلك الجرائم.\n الجدير بالذكر أن المملكة سبق أن تلقت طلباً من مجموعة العمل المالي (FATF) بالانضمام إلى المجموعة التي تضم في عضويتها 34 دولة والمفوضية الأوروبية ومجلس التعاون لدول الخليج العربية، وعدداً من المراقبين من المنظمات المختصة. سمات fatf السعودية العمل المالي ",
    "date_extracted": "2015-08-02 22:52:06"
}