{
    "url": "http://www.3alyoum.com/sports/a/الهلال-استعد-لـأخيسار-صباحاً-وتغلب-ع/",
    "title": "الهلال استعد لـ”أخيسار” صباحاً وتغلب عليه مساءً",
    "author": "",
    "content": " منيف الشهراني – الرياض\n تغلب فريق الهلال الأول لكرة القدم على نظيره أخيسار سبور التركي بهدفين نظيفين، وذلك في لقائه الودي الثاني ضمن معسكره الإعدادي المقام هذه الأيام في سالزبورغ النمساوية، وقد أشرك اليوناني جورجيوس دونيس مدرب الهلال 15 لاعبًا للوقوف على جاهزيتهم الفنية، وقد أحرز الأهداف البرازيلي إلتون الميدا في الدقيقة ٢٩ من الشوط الأول وزميله عبدالعزيز الدوسري في الدقيقة ٧٤.\n ميدانيًا، أجرى الفريق صباح الخميس مرانه الأخير قبيل ملاقاة “أخيسار سبور التركي”وديًا؛ حيث تركزت الحصة التدريبية على النواحي التكتيكية وطبّق المدرب دونيس عددًا من الجمل التكتيكية، اختتمها دونيس بتدريبات على الكرات العرضية، في الوقت الذي أدى به الثنائي “سعود كريري وياسر الشهراني” مرانهما بالجري حول الملعب، في حين واصل الثلاثي (عبدالله عطيف، عبدالمجيد السواط وياسر القحطاني) برامجهم التأهيلية في النادي الصحي، كما واصل اللاعب “سالم الدوسري” برنامجه التأهيلي بالجري حول الملعب، وأجرى اللاعب “نواف العابد” مرانه بالجري حول الملعب على سرعات مختلفة، وأداء تدريبات بدنية؛ ضمن برنامجه الإعدادي. سمات اخسيار الهلال تركيا كرة القدم ",
    "date_extracted": "2015-07-31 04:17:10"
}