{
    "url": "http://www.3alyoum.com/news/golobal/a/واحدة-من-ثلاث-فتيات-بالدنمارك-تتعرض-لل/",
    "title": "واحدة من ثلاث فتيات بالدنمارك تتعرض للتحرش يومياً",
    "author": "",
    "content": " القاهرة – متابعات\n تتعرض العديد من النساء الدنماركيات للتحرش سواء في الحياة الخاصة أو في مجال العمل، حيث تواجه واحدة من كل ثلاث فتيات في الدنمارك التحرش ضدهن يوميًا.\n وكشفت نتائج مسح أجرى حديثًا أن واحدة من كل ثلاث شابات تكون هدفًا للتحرش والإغواءات والتعليقات غير المرغوب فيها، وأن هذه المضايقات تحدث في أماكن مثل مكتب الطبيب ومحل الزهور أو على متن الحافلة “الأوتوبيس” أو في العمل.\n وأفادت نتائج البحث الذي أجرته مؤسسة الرأي “آيبونيون” لصالح هيئة الإذاعة الوطنية بالدنمارك بأن واحدًا من كل ستة أشخاص بالغين بالدنمارك يتعرضون للتحرش يوميًا، وفي المجمل قال 17% من المشاركين في الاستطلاع إنهم يتعرضون للتحرش بصفة يومية.\n وعندما تم تصنيف نتائج المسح على أساس السن، أظهرت الدراسة أن ثلث المشاركين في الاستطلاع تقريبًا في الفئة العمرية من 18 إلى 34 عامًا بنسبة 29% أجابوا بنعم على نفس السؤال، وكان هناك فرق واضح بين الجنسين أيضًا في جميع الفئات العمرية، فقد قال واحد من كل 14 من الرجال المشاركين في المسح إنهم يتعرضون للتحرش بصفة يومية، مقابل واحدة من كل أربعة للنساء حسبما نقل موقع “ذا لوكال” الإخباري الأوروبي.\n وقالت إيريني مانتوفيل رئيسة مشروع مكافحة التحرش الجنسي اليومي في الدنمارك للإذاعة العامة إنها وفريقها جمعوا 1900 قصة من نساء تتناول تفاصيل هذه التصرفات غير اللائقة من التعليقات البذيئة في الشارع أو في الحفلات أو الملاحقات والمطاردات غير المريحة في الحياة الخاصة أو في أماكن العمل. سمات التحرش الدنمارك الفتيات ",
    "date_extracted": "2015-07-31 04:22:38"
}