{
    "url": "http://www.3alyoum.com/culture/a/خالد-بوعلي-رئيسًا-لتحرير-الشرق/",
    "title": "خالد بوعلي رئيسًا لتحرير الشرق",
    "author": "",
    "content": " حسن عسيري – عين اليوم\n صدرت موافقة وزير الثقافة والإعلام الدكتور عادل بن زيد الطريفي على تعيين خالد عبدالله بوعلي رئيسًا لتحرير “صحيفة الشرق” الصادرة عن المؤسسة الشرقية للصحافة والطباعة والإعلام، بعد ترشيحه بالإجماع من قبل مجلس الإدارة والجمعية العمومية. سمات الشرق خالد بوعلي رئيس تحرير عادل الطريفي ",
    "date_extracted": "2015-07-31 04:19:36"
}