{
    "url": "http://www.3alyoum.com/news/golobal/a/ناسا-كوكب-بلوتو-مهدد-بالاختفاء-قريباً/",
    "title": "ناسا: كوكب بلوتو مهدد بالاختفاء قريباً",
    "author": "",
    "content": " داليا أبوالعيش – عين اليوم\n أمضى المسبار الفضائي New Horizons تسع سنوات أي ما يقرب من ثلاثة مليارات ميل للوصول إلى بلوتو.\n وأكد الخبراء أن المسبار الفضائي وصل في الوقت المناسب، حيث بيّنت الصور والمعلومات التي أرسلها المسبار أن مناخ بلوتو سيختفي.\n ووفقًا للموقع الإلكتروني لصحيفة “ديلي ميل” البريطانية كشفت المعلومات التي أرسلها المسبار أن مناخ كوكب بلوتو أكثر رقة وأخف وغير واضح مما كان يعتقد سابقًا، وربما يكون في الواقع في عملية الاختفاء والانهيار.\n وأشارت بعض الأبحاث من قبل إلى أن معدل الضغط على سطح الكوكب نحو 15 microbars، لكن أوضحت القياسات الجديدة التي قام بها New Horizons أن الضغط بالكوكب أقل من نصف الرقم السابق، حيث يبلغ الضغط على الكوكب نحو 100.000 microbars مرة أقل من الضغط على سطح الأرض، كما تتجمد الغازات على الكوكب وتسقط على السطح.\n ويعد الوقت الذي وصل فيه المسبار الفضائي New horizons للكوكب هو الوقت الأفضل والأفضل ليزود العلماء عن معلومات جديدة عن هذا الكوكب القزم. سمات الفضاء كوكب بلوتو ناسا ",
    "date_extracted": "2015-07-31 04:22:20"
}