{
    "url": "http://www.3alyoum.com/news/local/a/جامعة-الملك-خالد-تستضيف-طلاب-برنامج-مو/",
    "title": "جامعة الملك خالد تستضيف طلاب برنامج “موهبة” الصيفي الـ15",
    "author": "",
    "content": " حسن عسيري- عين اليوم\n استقبل وكيل جامعة الملك خالد الدكتور مرعي بن حسين القحطاني، بمقر الجامعة بأبها اليوم طلاب برنامج موهبة الصيفي الـ15 الذي تحتضنه الجامعة بالتعاون مع مركز الملك عبدالعزيز ورجاله للموهبة والإبداع، والذي يستمر لمدة شهر خلال فترة الصيف الحالي.\n وأوضح المشرف على مركز الموهبة والإبداع بالجامعة الدكتور ظافر الحماد أن البرنامج استقبل 100 طالب من جميع أنحاء المملكة لهذا العام، وقال: “سيستمر البرنامج لمدة شهر كامل يشارك من خلاله الجميع في عدد من البرامج والمشروعات العلمية، في عدة مسارات تراعي ميولهم وقدراتهم واحتياجاتهم في التنمية العلمية، واقتصاد المعرفة بهدف دفعهم ليصبحوا أحد أسباب النهضة العلمية والاقتصادية التي ينشدها المسؤولون عن التعليم والتنمية”.\n من جهته بين رئيس البرنامج الدكتور حامد آل غرامة أن من أهداف البرنامج لهذا العام نشر وترسيخ مبادئ الإيمان والأمن والوسطية، إضافة إلى نبذ التطرف والغلو، وتنمية الشعور بالانتماء إلى وطن واحد والإثراء العلمي والمعرفي للطالب في عدد من المجالات كالكيمياء، والفيزياء والأحياء وعلوم الحاسب الآلي، مع مشاركة الطلاب تنفيذ ورش التخطيط والبحث العلمي وتوجيه أنظارهم للمجالات الوظيفية واختيار مهنة المستقبل، والتعرف على أساليب التعلم الحديثة، وقال: “سيتم تنفيذ زيارات لعدد من كليات الجامعة والمؤسسات الحكومية المدنية والعسكرية ذات الاهتمام بالعلوم والتقنية”.\n يشار إلى أن الجامعة وفرت للبرنامج قاعات علمية مجهزة بوسائل تعليم حديثة، وأجهزة الحاسب الآلي، إضافة إلى توفير مواقع لممارسة الرياضة وتنظيم زيارات سياحية بالمنطقة وزيارات علمية مع توفير سكن ووجبات يومية. سمات ابها جامعة الملك خالد مرعي بن حسين القحطاني ",
    "date_extracted": "2015-07-31 04:17:26"
}