{
    "url": "http://www.3alyoum.com/news/local/a/استشهاد-الحربي-بالقطيف-يكشف-سيناريو-ج/",
    "title": "استشهاد الحربي بالقطيف يكشف سيناريو جديداً لاغتيال رجال الأمن",
    "author": "",
    "content": " عين اليوم – متابعات\nكشفت مصادر مطلعة، عن سيناريو جديد يتبعه الإرهابيون لتنفيذ اعتداءاتهم على رجال الأمن، وهو السيناريو الذي تم تنفيذه حرفياً في حادثة استشهاد الجندي سامي الحربي يوم الثلاثاء الماضي ببلدة الجش بالقطيف.\nوأبانت المصادر، أن السيناريو يعتمد على تحريك سيارة مهمتها إثارة اشتباه رجال الأمن، وجعلهم يوقفونها، وأثناء بدء رجال الأمن مباشرة تفتيشها، يتقدم الارهابيون على متن سيارة أخرى أو دراجة نارية، فيطلقون النار على رجال الأمن، ومن ثم الفرار من الموقع، طبقاً لصحيفة “مكة”.\nوأوضحت أن الشهيد الحربي، أثناء تحركه بالدورية الأمنية ببلدة الجش، اشتبه بسيارة كانت تسير في شارع الخزان، فأوقفها وترجل من الدورية متجها نحو السيارة لتفتيشها، وأثناء ذلك جاء شخصان على سيارة من نوع كورولا، وأطلقوا عليه النار، حيث استشهد في الحال. سمات القطيف سامي الحربي سيناريو ",
    "date_extracted": "2015-08-01 20:24:55"
}