{
    "url": "http://www.3alyoum.com/news/a/أمير-عسير-فوز-أبها-بعاصمة-السياحة-العر/",
    "title": "أمير عسير: فوز أبها بعاصمة السياحة العربية 2017م يضاعف المسؤولية لعمل وجهد أكبر",
    "author": "",
    "content": " عين اليوم – أبهــا\n أكد صاحب السمو الملكي الأمير فيصل بن خالد بن عبدالعزيز أمير منطقة عسير رئيس مجلس التنمية السياحية بالمنطقة أن فوز مدينة أبها عاصمة للسياحة العربية 2017 م يجعل المسؤولية مضاعفة لعمل وجهد أكبر لإظهار أحقية المدينة الحالمة والرائعة بهذا اللقب.\n وقال سموه في تصريح صحفي عقب رعايته حفل افتتاح مهرجان أبها يجمعنا مساء اليوم بممشى الضباب : ” ستحتاج مدينة أبها إلى العمل منا جميعا وجُهد مضاعف ” ، مشيراً سموه إلى أنه سيتم العمل مع صاحب السمو الملكي الأمير سلطان بن سلمان بن عبدالعزيز رئيس الهيئة العامة للسياحة والتراث الوطني، ومع جميع الجهات الحكومية ذات العلاقة لتظهر مدينة أبها كعادتها بمظهر لائق بها وبأهلها الطيبين ، مؤكدا أن الفعاليات لم تُغفل فئة الشباب وصُممت خصيصاً بما يتناسب معهم ويحقق تطلعاتهم .\n وكان حفل افتتاح مهرجان أبها يجمعنا شمل قصيدتين للشاعرين زياد بن نحيت ، وفهد الشهراني، وأوبريت “الحزم” من كلمات سعيد بن مانع، وألحان سمير مبروك، وتنفيذ عبدالرحمن الزهراني ، وإخراج فارس الشهري ، قُدمت فيه 6 لوحات فنية، بمشاركة عدد من الفرق الشعبية بمنطقة عسير كالخطوة، والعرضة الجنوبية، والدمة، والزامل، والقزوعي، إضافة إلى أوبريت آخر بعنوان “كلنا الوطن” من كلمات الشاعر سعيد الشواطي، وألحان وغناء خالد حامد، وإخراج سعيد حامد.\n كما شمل الحفل عروض الليزر وأضواء الجبال ، وعروض الضوء والصوت والألعاب النارية. سمات أبها أمير عسير الأمير فيصل بن خالد بن عبدالعزيز ",
    "date_extracted": "2015-07-27 18:42:34"
}