{
    "url": "http://www.3alyoum.com/news/a/أكبر-صفقة-عقارية-في-بريدة-لإنشاء-مشروع/",
    "title": "أكبر صفقة عقارية في بريدة لإنشاء مشروع برج ومول ومنطقة تجارية ترفيهية",
    "author": "",
    "content": " غالب السهلي – بريدة\n أعلن اليوم الأحد عن صفقة عقارية كبرى في مدينة بريدة تمثلت في شراء أراض استثمارية في أبرز موقع في المدينة لصالح شركة القصيم الزراعية التي وافقت جمعيتها العمومية مؤخرا على تعديل نشاطات الشركة وإضافة نشاطات جيدة ورفع توصية بتعديل المسمى إلى (شركة القصيم).\n حيث اشترت الشركة 50% من الأرض المملوكة لشركة وابل العربية للاستثمار المحدودة والتي تقع في تقاطع ط سمات شركة القصيم الزراعية صفقة عقارية مشروع برج ",
    "date_extracted": "2015-07-26 22:29:24"
}