{
    "url": "http://www.3alyoum.com/sports/a/الاتحاد-يفرد-عضلاته-ويتعاقد-مع-الغاني/",
    "title": "الاتحاد يفرد عضلاته.. ويتعاقد مع الغاني مونتاري",
    "author": "",
    "content": " عين اليوم – جدة\nنجح نادي الاتحاد بشكل رسمي في حسم التعاقد مع الغاني الدولي علي سولي مونتاري بعقد يمتد لموسمين.\nوتمكن عضو شرف نادي الاتحاد منصور البلوي، من اقناع مونتاري والتوقيع للاتحاد بـمبلغ 1.6 مليون يورو كمقدم للتعاقد.\nواجتاز اللاعب الغاني الفحوصات الطبية في مدينة ميلانو ليصبح جاهز للانضمام لتدريبات المدرب لازا بولوني.\nو قال مونتاري في تصريح خاص لإذاعة ستار إف إم الغانية: “كنت أدرس فكرة العودة إلى غانا واللعب مع فريق اشانتي كوتوكو، لكني قررت عدم الذهاب إليهم في الوقت الحالي رغم أني أحب هذا الفريق كثيراً، وأتمنى أن العب له يوما ما. سمات الاتحاد سولي مونتاري منصور البلوي ",
    "date_extracted": "2015-07-27 18:40:08"
}