{
    "url": "http://www.3alyoum.com/news/pol/a/أردوغان-يصف-اتهام-بلاده-بالتعاون-مع-دا/",
    "title": "أردوغان يصف اتهام بلاده بالتعاون مع داعش بـ”الدعاية السوداء”",
    "author": "",
    "content": " عين اليوم – جاكرتا\nنفى الرئيس التركي رجب طيب اردوغان بقوة الجمعة الاتهامات بان تركيا تساعد تنظيم الدولة الاسلامية، متهما “قوى سوداء” بنشر دعاية اعلامية خاطئة حول بلاده.\n وخلال زيارة الى اندونيسيا، قال الرئيس ان تركيا عانت من “خسائر كبيرة” في معركتها ضد الارهابيين، الا انها مصممة على مواصلة القتال، في اشارة الى العمليات العسكرية التي اطلقتها بلاده خلال الايام القليلة الماضية.\n وبدأت تركيا الاسبوع الماضي عمليات عسكرية ضد تنظيم الدولة الاسلامية في اعقاب تفجير انتحاري مدمر داخل اراضيها وافقت بعده على السماح الولايات المتحدة باستخدام قاعدة انجرليك الجوية الاستراتيجية القريبة من الحدود السورية لشن غارات ضد التنظيم المتطرف.\n ولكن وبعد استهدافها للتنظيم مبدئيا، اصبحت الحملة العسكرية التركية تتركز على حزب العمال الكردستاني حيث شنت القوات الجوية التركية سلسلة غارات جديدة ضد مواقع الحزب المحظور.\n واتهم الحزب الكردي انقرة بالتواطؤ مع تنظيم الدولة الاسلامية، فيما اتهم حزب الشعب الديموقراطي التركي الموالي للاكراد اردوغان باستخدام الضربات الجوية ضد الجهاديين “غطاء” لتحقيق هدفه الرئيسي بالقضاء على حزب العمال الكردستاني.\n ورغم ان اردوغان لم يشر صراحة الى حزب العمال الكردستاني، الا انه قال ان “القوى السوداء” تنشر معلومات خاطئة حول تركيا، مؤكدا ان الاتهامات ضد تركيا “لا اساس ولا تبرير لها”.\n وقال “لم تكن تركيا ضالعة مطلقا في مثل هذا السيناريو (…) ولن تشارك فيه مطلقا”.\n وشككت وزارة الخارجية السورية هذا الاسبوع في جهود تركيا لقتال الدولة الاسلامية، مشيرة الى ان هناك عوامل داخلية تتحكم في ذلك.\n وانتقد اردوغان من جاكرتا كذلك الدول التي قال انها تحاول “القاء اللوم على تركيا” لانها لم تتمكن من رصد مواطني تلك الدول الذين يسافرون الى الخارج للانضمام الى صفوف تنظيم الدولة الاسلامية. سمات أردوغان تركيا حزب العمال داعش ",
    "date_extracted": "2015-07-31 15:03:14"
}