{
    "url": "http://www.3alyoum.com/news/a/شاهد-الملك-سلمان-يحيي-أحد-السياح-أثناء/",
    "title": "شاهد ..الملك سلمان يحيي أحد السياح أثناء قضاء إجازته الخاصة في فرنسا",
    "author": "",
    "content": " \nعين اليوم – متابعات\nتداول ناشطون عبر وسائل التواصل الالجتماعي مقطع فيديو يظهر فيه وصول خادم الحرمين الشريفن سلمان بن عبد العزيز إلى جنوب فرنسا لقضاء عطلة تمتد 3 أسابيع و كان  الملك سلمان بن عبد العزيز قد أصدر أمراً ملكياً يقضي بقيام ولي العهد وزير الداخلية الأمير محمد بن نايف بن عبد العزيز بإدارة شؤون المملكة خلال فترة الإجازة، الأولى للملك منذ توليه المسؤولية. سمات فرنسا وصول الملك سلمان ",
    "date_extracted": "2015-07-31 04:16:18"
}