{
    "url": "http://www.3alyoum.com/news/local/a/مواطنة-تستنجد-بوزير-الصحة-لاستعادة-وظ/",
    "title": "مواطنة تستنجد بوزير الصحة لاستعادة وظيفتها",
    "author": "",
    "content": " لجين الأحمدي – عين اليوم\n طالبت المواطنة صباح السلمي وزير الصحة المهندس خالد الفالح بإنصافها في إعادة وظيفتها التي سُلبت منها ظلمًا بحسب ما ذكرت، حيث إنها خريجة بكالوريوس (إدارة مستشفيات وخدمات صحية) ومصنفة مهنيًا من الهيئة الطبية للتخصصات (أخصائي إداري)، كما أن لديها خبرة 6 سنوات بالعمل في مستشفيات القطاع الخاص، إضافة إلى الشركة المتعاقدة مع مستشفى شرق جدة.\n وتعود تفاصيل مطالبات السلمي لوزير الصحة بإنصافها بعد أن تقدمت إلى إحدى الوظائف الإدارية بمستشفى شرق جدة بتاريخ 1435/7هـ، حيث تم ترشيحها والاتصال بها لإجراء المقابلة الشخصية التي اجتازتها لثلاث مرات بنجاح، وتضيف: في 1436/2هـ تم التواصل معي من قسم الموارد البشرية حيث تم إبلاغي بالقبول النهائي للوظيفة المرشحة لها، وتم تسليمي أوراق الكشف الطبي للوظيفة وأبلغت حينها أن جميع أوراقي مكتملة وذلك بتاريخ 1436/2/19هـ.\n وأوضحت أنه لم تتبق عليها سوى كتابة العقد الذي أخبرتها عنه مديرة الموارد البشرية بأنه سيتم توقيعها عليه بعد فترة من اجتياز مشكلات التوظيف لدى المستشفى، وفي هذه الفترة تم إعطاء السلمي مهمة الإشراف على التمريض والذي تولت إدارته لفترة تعدت الخمسة أشهر، وتصف أنه خلال هذه الفترة كانت تتردد على الموارد البشرية للسؤال عن عقدها الذي تنتظره، لتتفاجأ بعدها بأنه تم إبلاغها أنه لا وظيفة لها في المستشفى.\n وقد قامت بعدها بالتقدم بشكوى للشؤون الصحية بجدة ومن ثم بشكوى لإمارة منطقة مكة المكرمة، حيث إنها على أساسها أصدرت اللجنة قرارين الأول قضى بإقالة المتلاعبين في وظائف مستشفى شرق جدة، والقرار الثاني نص على توظيف السلمي على الشاغر في المستشفى.\n لتؤكد بعدها أن قرار اللجنة لم يطبق حتى الآن حيث إنها لا تزال تطالب بوظيفتها التي حرمت منها والتي هي حق لها، خاصة أنها وصلت لآخر مرحلة في التقديم عليها وهي إجراء الكشف الطبي والذي بعده يتم توقيع العقد. سمات جدة مستشفى مواطنة وزارة الصحة وظيف ",
    "date_extracted": "2015-08-02 22:52:31"
}