{
    "url": "http://www.3alyoum.com/news/a/إعداد-القادة-بهارفارد-يكشف-رؤية-محمد/",
    "title": "“إعداد القادة” بهارفارد يكشف رؤية محمد بن سلمان لبناء جيل قيادي",
    "author": "",
    "content": " عين اليوم – بوسطن\n أكد المشرف على برنامج إعداد القادة في جامعة هارفارد وعضو هيئة الخبراء في الجامعة الدكتور مساعد الأحمد أن برنامج إعداد القادة الذي أقامته مؤسسة محمد بن سلمان بن عبدالعزيز الخيرية (مسك) بالتعاون مع جامعة هارفارد في مدينة بوسطن الأمريكية يعكس رؤية صاحب السمو الملكي الأمير محمد بن سلمان بن عبد العزيز ولي ولي العهد النائب الثاني لرئيس مجلس الوزراء وزير الدفاع رئيس مجلس إدارة مؤسسة مسك الخيرية لمؤسسة مسك واهتمامه ورعايته لها وفي كل ما من شأنه خدمة شباب الوطن وحرصه عليهم.\n وعد برنامج قادة المستقبل أحد البرامج المتميزة التي تبنتها مؤسسة مسك الخيرية بالتعاون مع أعرق الجامعات الأمريكية من أجل إعداد جيل من الشباب القيادي المتميز.\n وقال في تصريح لوكالة الأنباء السعودية بمناسبة احتفاء مؤسسة محمد بن سلمان بن عبدالعزيز الخيرية ( مسك ) في بوسطن مؤخرا بإتمام ثلاثين طالباً وطالبة لبرنامج إعداد القادة في جامعة هارفارد لصيف العام الحالي 2015م ” إن هذا البرنامج يعكس رؤية صاحب السمو الملكي الأمير محمد بن سلمان بن عبد العزيز ولي ولي العهد النائب الثاني لرئيس مجلس الوزراء وزير الدفاع ورئيس مجلس إدارة مؤسسة مسك الخيرية للمؤسسة واهتمامه ورعايته لها وفي كل ما من شأنه خدمة شباب الوطن وحرصه عليهم.\n وأوضح الدكتور الأحمد أن الطلاب يقومون خلال برنامج إعداد القادة بدراسة بعض المقررات الجامعية مع بقية طلاب الجامعة النظاميين وبعد إتمامهم لهذا البرنامج بنجاح فإنهم يخولون للقبول في جامعة هارفارد والدراسة فيها، مشيراً إلى أن ” مسك الخيرية ” حصلت على مئة مقعد لمرشحيها للمشاركة في برنامج إعداد القادة في جامعة هارفارد بالرغم من صعوبة القبول في هذا البرنامج”.\n وبين أنه يتقدم للبرنامج ما بين 7 آلاف إلى 10 آلاف طالب وطالبة سنويًا من جميع أنحاء العالم, حيث يتم قبول عدد محدود لا يتجاوز الألف فيما تتطلب إجراءات الفرز والمقابلات الشخصية واختيار الطلاب وإنهاء إجراءاتهم والحصول على التأشيرة المخصصة للسفر إلى الولايات المتحدة الكثير من الوقت والجهد.\n وقال “بدأنا التجربة بنخبة متميزة من طلاب مدارس الرياض هذا العام والعام الماضي, وسيجرى التوسع في القبول في العام المقبل بمشيئة الله ليشمل جميع المتميزين ونخبة النخبة من طلاب وطالبات جميع المدارس في مختلف أنحاء المملكة”.\nوأكد الدكتور الأحمد أن مؤسسة مسك الخيرية في طور إعداد وإنشاء عدة برامج أخرى بالشراكة مع جامعة هارفارد يتمكن من خلالها الطلاب الدراسة في عدد من التخصصات في هذه الجامعة المتميزة.\n من جهته أوضح الملحق الثقافي في سفارة خادم الحرمين الشريفين لدى الولايات المتحدة الأمريكية الدكتور محمد العيسى في تصريح مماثل أن البرنامج سيكون له مردود كبير على الطلاب والطالبات بحيث ستكون طموحاتهم عالية وسيبحثوا عن الجامعات المتميزة ليلتحقوا بها, داعيًا الطلبة إلى الاستفادة من هذا البرنامج.\n بدورها أشادت عميدة الدراسات الصيفية في جامعة هارفارد الدكتورة ساندرا ندف بالشراكة بين الجامعة والمؤسسة ، وكذلك بالمستوى العلمي والأخلاقي العالي للطلبة والطالبات السعوديين.\n أما مدير البرنامج في جامعة هارفارد الدكتور وليام هالينجر فأكد أن هذا البرنامج يساعد الطلاب والطالبات على فهم الحياة الأكاديمية ومنهج جامعة هارفارد الدراسي.\n مما يذكر أن ثلاثين طالباً وطالبة أنهوا مؤخرا الدورة الصيفية لبرنامج إعداد القادة في جامعة هارفارد في خطوة أولى على سلم القيادة في المستقبل.\n وأمضى الطلبة والطالبات سبعة أسابيع ينهلون من مختلف أنواع العلوم والمعارف ويزاولون مختلف الأنشطة العلمية في جامعة هارفارد جنبًا إلى جنب مع طلاب الجامعة الأساسيين وفي نفس الفصول الدراسية.\n وحفلت الفصول بحلقات نقاش علمية ومعرفية تراوحت بين مواد الاقتصاد والتاريخ وعلم الاجتماع وعلم النفس والعلاقات الدولية واللغات, فيما تخطط مؤسسة مسك الراعية لهذه المبادرة إلى توسيع دائرة الطلاب والطالبات الملتحقين بالبرنامج لتشمل المتميزين على مستوى المملكة العربية السعودية. سمات إعداد القادة محمد بن سلمان مسك هارفارد ",
    "date_extracted": "2015-08-02 22:50:35"
}