{
    "url": "http://www.3alyoum.com/news/local/a/إبصار-رفض-بعض-الجهات-دخول-المعاقين-يؤ/",
    "title": "“إبصار”: رفض بعض الجهات دخول المعاقين يؤجل إطلاق “بناء الأمل”",
    "author": "",
    "content": " علي السحاري – عين اليوم\n ألقت جمعية إبصار الخيرية للتأهيل وخدمة الإعاقة البصرية المسئولية على عدد من الجهات السياحية والترفيهية بمحافظة جدة لرفضهم استضافة 40 معاقًا بصريًا ومرافقيهم ضمن برنامج بناء الأمل الصيفي الذي تنظمه الجمعية سنويًا، وهوما يعني عدم مواكبتهم لرؤية الهيئة العامة للسياحة والآثار والتي تؤكد دائمًا أهمية الوصول الشامل وتنظيم وتطوير معايير ومتطلبات ذوي الاحتياجات الخاصة من حيث ضوابط واشتراطات التراخيص للمرافق والأنشطة السياحية التي تمكن ذوي الإعاقة على حد سواء من الاستفادة منها، الأمر الذي يصعب من مهمة الجمعية في دمج فئات المستفيدين من ذوي الإعاقة البصرية والتعايش مع المجتمع على اختلاف اهتماماته.\n وأعرب محمد توفيق بلو أمين عام الجمعية – مدير حملة إبصار الوطنية عن استيائه وأسفه من رفض عدد من المرافق السياحية بمدينة جدة استقبال أطفال برنامج بناء الأمل بحجة أن أماكنهم غير مهيأة للمعاقين وأن الأولوية للمصطافين، الأمر الذي أدى إلى تأجيل إطلاق برنامج بناء الأمل وإعادة جدولته في الوقت الذي فشلت فيه الجمعية من إقناع مسؤولي تلك الجهات وتهرب بعضهم من التواصل مع أمانة الجمعية ورفض فتح قنوات التواصل المباشر معهم لأعذار واهية.\n وأوضح أن إدارة تنسيق البرنامج قد تواصلت مع “حديقة فقيه أكواريوم المائية” لجدولة رحلة لأطفال الجمعية من المعاقين بصريا ومرافقيهم وعدد من كبار السن ضمن أهداف البرنامج الميدانية في تجربة ليست بجديدة مع المركز للتعرف على حياة البيئة البحرية والتي تعتبر من أهم المرافق الطبيعية التي بإمكان أي طفل معاق بصريًا أن يستوعب أهميتها والحفاظ عليها من خلال التعلم الترفيهي باستخدام الحواس، إلا أن مسئولي المركز رفضوا استقبال البرنامج بحجة أن المكان غير ملائم للتعامل مع ذوي الإعاقات، وهوالأمر الذي تكرر مع إدارة “روائع المكتبات” التي رفضت رفضًا قاطعًا استقبال ذوي الإعاقة البصرية بحجة عدم تهيئة مقومات الوصول الشامل بالألعاب المائية وهوما أفقد على المستهدفين فرصة زيادة مهاراتهم الذهنية والحركية ودمجهم إجتماعيًا بصورة طبيعية وإزالة الحواجز والعوائق النفسية التي تمنع ظهورهم في المرافق الاجتماعية.\n وطالب الهيئة العامة للسياحة والآثار بالنظر في وضع هذه المنشآت السياحية والترفيهية التي تفتقد لأبسط مقومات استمتاع ذوي الإعاقة بكافة المرافق السياحية كسائر أقرانهم، ووقف نشاط أي منشأة سياحية تمنع دخول المعاقين وخدمتهم، مطالبًا الهيئة كذلك بتأهيل العاملين في تلك المرافق بكيفية التعامل مع ذوي الاحتياجات الخاصة، وتبني حملة توعوية تستهدف الرقي في التعامل من قبل تلك المنشآت للتعامل مع ذوي الإعاقة وتحقيق “الوصول الشامل”، منوهًا بأهمية السياحة كمنظومة من الخدمات والبرامج يجب أن توفرها كافة تلك المرافق الترفيهية للمعاقين وأكد أهمية الحاجة إلى المزيد من الاهتمام بسياحة المعاقين داخليًا.\n يذكر أن برنامج بناء الأمر الصيفي هوبرنامج تعليمي ترفيهي للاطفال المعاقين بصريا ينظم سنويًا لينفرد محليًا وإقليميًا في أسلوبه الجديد لدمج الأطفال المعاقين بصريا في المجتمع، الأمر الذي جعله أحد البرامج المرشحة للفوز بجوائز محلية وعالمية في مجال تمكين الأشخاص ذوي الإعاقة البصرية، وينطلق البرنامج الذي ينظم هذا العام تحت شعار “عشان كل طفل” ليدعم حملة إبصار الوطنية لاكتشاف عيوب الإبصار المبكر لدى الأطفال وذلك من خلال العديد من الفعاليات التي تستهدف زيارة المرافق الحكومية والخاصة والترفيهية والسياحية التي يحتاجها المعاق بصريًا وإتاحة الفرصة لأداء أموره الحياتية باستقلالية وهو ما يجسد قيمة الوعي الذي تتبناه الجمعية لخدمة مستفيديها. سمات ابصار محمد توفيق بلو ",
    "date_extracted": "2015-07-31 04:17:22"
}