{
    "url": "http://www.3alyoum.com/news/golobal/a/تعرّف-على-خبيرة-التجنيد-في-داعش-وأسالي/",
    "title": "تعرّف على خبيرة التجنيد في داعش وأساليبها لاستقطاب البريطانيات",
    "author": "",
    "content": " عمر ابراهيم – عين اليوم\nكتبت أقصى محمود وهي جهادية بريطانية قائمة لطالبات المدارس اللائي يرغبن في الانضمام  لمتشددي الدولة الاسلامية “داعش” حسبما نشرته صحيفة الميرور البريطانية في عددها الصادر صباح اليوم الأحد.\nالطالبة ذات الواحد والعشرين ربيعاً التي غادرت منزل عائلتها في غلاسجو لبدء حياة جديدة مع مجموعة الإرهابيين كتبت دليلاً إرشادياً  – خطوة بخطوة – للأشياء التي يجب أن تستوفيها المجندات المحتملات قبل أن يغادرن إلى سوريا.\nوتشمل هذه الاشياء علي شيء خاص للأزواج الجدد، باعتبار أن كثيراً من الفتيات الشابات اللائي يسافرن إلى البلد الذي مزقته الحرب يتزوجن محاربي داعش.\nوقالت طالبة المدرسة الخاصة سابقاً “أحضرن معكن نوعية جيدة من الملابس الداخلية وحمالات صدر”.\n“اذا تزوجتن أو تخططن للزواج فقد ترغبن في إحضار أشياء تحببن ارتداءها في خلوة مع أزوجكن”.\n“إذا رغبتن في جلب ملابس لفصلي الصيف والشتاء أحبذ أن تحضرن ملابس قصيرة لارتدائها في حضرة أزواجكن لإبهاجهم”\nولم تقف عند هذا الحد بل شاركتهن النصح حول منتجات التجميل، والادوية والالكترونيات التي يجب أخذها معهن كما أشارت إلى فيتامينات ومسكنات آلام الحمل. كما نصحتهن حول الطريقة التي يغادرن بها إلى سوريا دون كشفهن وأن لا ينسخن أي معلومات قد يشتبه فيها.\nأقصى التي غادرت اسكتلندا في نوفمبر 2013 أخبرت أسرتها عن خططها عندما وصلت الحدود التركية وهي تنتظر العبور إلى سوريا.\nواتهمت أقصى بأنها إحدى المجندات الرئيسيات للإناث لمجموعة الارهابيين وأن لها من الأساليب التي تستطيع أن تغري بها الفتيات للالتحاق بهذه المجموعات الآثمة.\nوبحسب المعلومات الامنية فإن 600 بريطانية التحقن بداعش في سوريا.\nوبدلاً من الاستمتاع بحياتهن الخاصة قد تم السيطرة عليهن أارغمن على البقاء في المنازل معظم اوقاتهن واجبرن على ارتداء مرايل ليخبأن شكل اجسامهن وقفازات سوداء طويلة وخمار اسود.\nوبعد زواجهن من المقاتلين الدواعش الكثيرات منهن يضربن من قبل ازواجهن ويتعرضن لإساءة المعاملة لدرجة الامتهان.\nويعتقد أن اقصى محمود هي زعيمة لكل المليشيات الاناث اللائي يحرسن شوارع داعس في معقلهم الرقة ويتسلحن بأسلحة اتوماتكية ويراقبن سلوك النساء ويعاقبهن اذا قمن بأي سلوك مخالف\n  سمات التجنيد بريطانية داعش ",
    "date_extracted": "2015-08-02 22:52:01"
}