{
    "url": "http://www.3alyoum.com/finance/a/مؤشر-الأسهم-السعودية-يغلق-على-تراجع-حا/",
    "title": "مؤشر الأسهم السعودية يغلق على تراجع حاد بنسبة 3.20%",
    "author": "",
    "content": " عين اليوم – الرياض\n أغلق مؤشر سوق الأسهم السعودية في مطلع تداولاته الأسبوعية على تراجع حاد بـ 291.03 نقطة بنسبة 3.20% عند مستوى 8807.24 نقطة بتداولات تجاوزت 5 مليارات ريال.\n وشهدت تداولات اليوم ارتفاع أسهم 3 شركات فقط في قيمتها وتراجعت أسهم 161 شركة,وظل سهم شركة واحدة فقط بدون تغير،في الوقت الذي بلغ فيه عدد الأسهم المتداولة اليوم أكثر من 187.5 مليون سهم توزعت على أكثر من 108.1 ألف صفقة.\n وسجلت عدد من الأسهم اغلاقات على النسبة القصوى في مختلف قطاعات السوق خاصة في القطاعات التي سجلت أكبر تراجع في مؤشراتها وهي البتروكيماويات والقطاع العقاري ،في حين سجل سهمي شركة الدريس ورعاية ارتفاعات محدودة لم تتجاوز 0.9%.\n وجاءت أسهم شركات سابك ,والإنماء والخدمات الأرضية وملاذ للتأمين, والراجحي وإعمار الأكثر نشاطاً بالقيمة ،فيما جاءت أسهم شركات الإنماء ودار الأركان ,وإعمار وزين السعودية ,وكيان وسابك على قائمة أكثر الأسهم نشاطا بالكمية.\n وجاء هذا الهبوط الحاد في مؤشر السوق بسبب تراجع قطاعات السوق الخمسة عشر وتصدرها قطاع التأمين بنسبة 5.15% ثم قطاع التشييد والبناء بنسبة 4.98% تلاه قطاع الاستثمار الصناعي 4.43% و قطاع البتروكيماويات 4.36%، و قطاع النقل 3.82% ثم التطوير العقاري 3.41% و قطاع الزراعة 3.37% ثم قطاع الطاقة بنسبة 3.36% و قطاع الأسمنت بتراجع بنسبة 2.99% ثم قطاع الاعلام والنشر بنسبة 2.92% وقطاع التجزئة بنسبة 2.55% وقطاع المصارف بنسبة 2.48% فيما كان قطاع الاتصالات أقل قطاعات السوق المتراجعة بنسبة 1.76%.\n وشهدت تداولات السوق اليوم صفقتين خاصتين على سهم مصرف الراجحي بإجمالي كمية تجاوزت 715 ألف سهم بقيمة تجاوزت 46.4 مليون ريال. سمات الأسهم السعودية تداول مؤشر ",
    "date_extracted": "2015-08-02 22:50:32"
}