{
    "url": "http://www.3alyoum.com/news/pol/a/مقتل-طفل-فلسطيني-في-هجوم-لمتطرفين-يهود/",
    "title": "مقتل طفل فلسطيني في هجوم لمتطرفين يهود في الضفة الغربية",
    "author": "",
    "content": " عين اليوم – القدس\nقال مسؤولون من شرطة الاحتلال الإسرائيلي إن من يشتبه بانهم متطرفون يهود أضرموا النيران في منزل بالضفة الغربية المحتلة مما أدى إلى مقتل طفل فلسطيني عمره 18 شهرا وإصابة شقيقه ذي الاربع سنوات ووالديهما اليوم الجمعة.\n وقالت المتحدثة باسم الشرطة الاسرائيلية لوبا سمري ان شعار “بطاقة السعر” الذي استخدمه اسرائيليون متطرفون في السابق كتب على جدران منزل العائلة الذي اضرمت فيه النيران بقرية قريبة من مدينة نابلس بالضفة الغربية.\n وأضافت المتحدثة “هذا هجوم يشتبه ان له دوافع قومية.”\n وهذا أسوأ هجوم ينفذه متطرفون إسرائيليون منذ احراق شاب فلسطيني حتى الموت ردا على مقتل ثلاثة اسرائيليين على يد خاطفيهم قبل عام.\n وأدت النيران إلى إلحاق الدمار بالمنزل الواقع في كفر دوما. وكانت العائلة نائمة فيما يبدو اثناء الهجوم. ووصلت قوات الامن إلى مكان الحادث.\n وتعرض منزل مجاور لاضرار جسيمة ايضا لكنه كان خاليا ولم تقع اي اصابات. وقال المسؤولون إن المصابين الثلاثة من المنزل الاول نقلوا إلى مستشفيات اسرائيلية.\n وألقي باللوم على جماعة “بطاقة السعر” في احراق مساجد في الضفة الغربية خلال السنوات القليلة الماضية. وغالبا ما كانت تلك الهجمات تأتي ردا على اجراءات اسرائيلية ضد مستوطنات شيدت بطريقة غير قانونية.\n وهدمت إسرائيل بنايتين في مستوطنة بيت ايل في وقت سابق هذا الأسبوع. سمات إسرائيل الضفة الغربية فلسطين ",
    "date_extracted": "2015-07-31 12:13:19"
}