{
    "url": "http://www.3alyoum.com/sports/a/إقبال-جماهيري-كبير-على-متجر-الأهلي-لشر/",
    "title": "إقبال جماهيري كبير على متجر الأهلي لشراء الأطقم الجديدة",
    "author": "",
    "content": " نايف عبدالله – عين اليوم\n شهد مقر متجر النادي الأهلي مساء اليوم إقبالا جماهيريا كبيرا، وتواجدت جماهير النادي منذ وقت مبكر مع أول يوم لبيع الأطقم الجديدة الخاصة بفريق كرة القدم الأول لموسم 2015/ 2016\n وأشادت جماهير النادي بأسلوب العرض داخل المتجر و بالتنظيم وأبدت سعادتها بالأطقم الجديدة وجودتها وطريقة تصميمها التي تحاكي أطقم كبار الأندية العالمية\n و ساهم توافر الأطقم بكميات كبيرة وبجميع المقاسات في زيادة الإقبال على اقتنائها وبألوانها وتصاميمها الثلاثة من كافة الفئات العمرية\n وكان رواد متجر النادي قد حرصوا كذلك على اقتناء بقية منتجات المتجر ، كما سيتواصل البيع في متجر النادي خلال الأيام المقبلة .\n يذكر أن عبدالله بترجي عضو فريق عمل الاستثمار والتسويق تواجد منذ وقت مبكر في مقر المتجر وتابع سير العمل والتنظيم الخاص ببيع المنتجات . سمات الأطقم الجديدة النادي الأهلي متجر الأهلي ",
    "date_extracted": "2015-08-02 22:53:47"
}