{
    "url": "http://www.3alyoum.com/technology/a/جوجل-تحذف-تطبيقاً-لحماس-بدعوى-تشجيع-ال/",
    "title": "جوجل تحذف تطبيقاً لحماس بدعوى تشجيع الكراهية",
    "author": "",
    "content": " داليا أبوالعيش – عين اليوم\n قالت صحيفة “يسرائيل هيوم”، أمس الأحد، عبر موقعها الإلكتروني، إن شركة جوجل حذفت أحد التطبيقات التي أطلقتها حركة حماس على متجر جوجل، الذي يخدم الأجهزة التي تعمل بنظام أندرويد.\n وبحسب الصحيفة الإسرائيلية، فإن الحركة كانت تستخدم التطبيق “لتحسين الاتصال مع مؤيديها”، كما تضمن التطبيق معلومات تاريخية حول حماس واستعراضا لنشاطاتها.\n وقالت شركة جوجل الأمريكية إنها تزيل التطبيقات التي تخرق سياستها، كالتطبيقات غير القانونية أو التي تشجع الكراهية. سمات تطبيق جوجل حماس ",
    "date_extracted": "2015-07-27 18:41:55"
}