{
    "url": "http://www.3alyoum.com/news/local/a/الأرصاد-تتوقع-تكون-السحب-الرعدية-على-3-م/",
    "title": "الأرصاد تتوقع تكون السحب الرعدية على 3 مناطق",
    "author": "",
    "content": " عين اليوم – الرياض\n توقّعت الرئاسة العامة للأرصاد وحماية البيئة في تقريرها عن حالة الطقس لهذا اليوم ـ بمشيئة الله تعالى ـ سماءً غائمة جزئياً على جنوب وغرب وأجزاء من شمال وشرق المملكة مع فرصة لتكون السحب الرعدية على مرتفعات (عسير ،جازان والباحة) قد تمتد حتى المرتفعات بين منطقتي المدينة المنورة وتبوك و على الأجزاء الجنوبية للمنطقة الشرقية والرياض.\n كما توقّعت الأرصاد نشاطاً للرياح السطحية مثيرة للأتربة والغبار مع طقس شديد الحرارة على مناطق شمال ووسط المملكة و مكة المكرمة والمدينة المنورة و جنوب غرب المملكة تشمل السواحل الجنوبية للبحر الأحمر.\n وأورد التقرير أن حركة الرياح السطحية على البحر الأحمر ستكون ـ بمشيئة الله تعالى ـ جنوبية غربية الى غربية تتحول إلى شمالية غربية بسرعة 15-35 كم/ساعة تصل إلى 40كم/ساعة على الجزء الجنوبي ، وارتفاع الموج من متر إلى مترين ، وحالة البحر متوسط الموج إلى مائج ، بينما تكون حركة الرياح السطحية على الخليج العربي شرقية الى جنوبية شرقية بسرعة 15 – 35 كم/ساعة ، وارتفاع الموج من نصف متر إلى متر ونصف ، وحالة البحر خفيف إلى متوسط الموج. سمات الارصاد الامطار السحب الطقس ",
    "date_extracted": "2015-08-01 14:46:59"
}