{
    "url": "http://www.3alyoum.com/news/local/a/المتوفون-في-حادثة-الطائرة-السعودية-3-م/",
    "title": "المتوفون في حادثة الطائرة السعودية.. 3 من عائلة بن لادن وطيار أردني",
    "author": "",
    "content": " إبراهيم الحذيفي – عين اليوم ذكرت تقارير إعلامية أن ‏المتوفون في حادثة الطائرة السعودية الخاصة التي تحطمت ظهر أمس الجمعة في مطار بلاكبوش ببريطانيا هم: ١- والدة رجل الأعمال سعد بن لادن. ٢- شقيقته: سناء بن لادن. ٣- زوج شقيقته سناء: د. زهير هاشم. ٤- قائد الطائرة، وهو أمريكي من أصول أردنية. سمات الطائرة السعودية بريطانيا بن لادن ",
    "date_extracted": "2015-08-01 08:00:59"
}