{
    "url": "http://www.3alyoum.com/news/local/a/رئيس-فرع-هيئة-سابق-يتهم-رجل-أمن-بمحاولة/",
    "title": "رئيس فرع هيئة سابق يتهم رجل أمن بمحاولة قتله",
    "author": "",
    "content": " عين اليوم – متابعات\nكشف كاتب العدل والرئيس السابق لهيئة الأمر بالمعروف والنهي عن المنكر في محافظة تنومة بمنطقة عسير محمد السيد، عن محاولة رجل أمن قتله دهساً بالسيارة قبل عدة أيام، مؤكداً أن الجاني حاول الانتقام منه لأنه قبض عليه قبل أكثر من عام في قضية إخلال بالآداب العامة.\nوأشار وفقاً لما أوردته صحيفة “مكة”، إلى أن تلك المحاولة لم تكن الأولى، حيث تعرض لمضايقة أثناء سيره بسيارته من قبل رجل الأمن، غير أن وجود إحدى نقاط التفتيش على الطريق جنبه أذيته.\nوأوضح السيد أن المشكلة تتمثل في أنه لم يتم معاقبة رجل الأمن ومحاكمته حينما أُلقي القبض عليه في تلك القضية، مشيراً إلى أنه لم يُتخذ فيها الإجراء اللازم والرادع، وتم حفظها في قسم الشرطة.\nوأكد أن الشرطة الآن تحفظت على الجاني، بعدما حاول قتله، معتبراً أن ما تعرض له كان نتيجة للتخاذل عن إيقاع العقوبة به. سمات تنومة رجل أمن عسير قتل هيئة ",
    "date_extracted": "2015-07-31 12:13:24"
}