{
    "url": "http://www.3alyoum.com/sports/a/شاهد-تصريح-لاعب-الاتحاد-مونتاري-بعد-ال/",
    "title": "شاهد..تصريح لاعب الاتحاد مونتاري بعد المؤتمر الصحفي في ميلانو",
    "author": "",
    "content": " \nعين اليوم – متابعات\nتحدث لاعب الاتحاد الجديد مونتاري في تصريح له بعد المؤتمر الصحفي في ميلانو حيث ذكر في أن انتقاله للاتحاد يعتبر صفحة جديدة وتحدٍ جديد له فقد سمع الكثير عن النادي والانتصارات التي حققها كما انه سمع الكثير عن جمهوره الرائع الذين دائماً ما يملاون الملاعب وهم حقاً يحبون ناديهم لذلك لاأستطيع الانتظار إلى لقائهم وهذا مايدور في مخيلتي الان فذهابي إلى هناك ليس للنزهة فأنا ذاهب هناك للعمل جاهداً للفوز وتحقيق البطولات مع الاتحاد ونريد من الجمهور الحضور دائماً لأن ذلك سيساعدنا على الفوز وإسعادهم. سمات المؤتمر الصحفي لاعب الاتحاد ",
    "date_extracted": "2015-07-31 04:16:45"
}