{
    "url": "http://www.3alyoum.com/news/a/الخطوط-الكويتية-تحقق-في-سماح-أحد-طياري/",
    "title": "الخطوط الكويتية تحقق في سماح أحد طياريها بدخول ممثلة إباحية لقمرة القيادة",
    "author": "",
    "content": " \nعين اليوم – هيفاء عبدالله\n أصدرت الخطوط الجوية الكويتية بياناً توضيحياً بشأن ما نُشر اليوم (الأحد) حول سماح أحد طياريها بإدخال راكبتين إلى قمرة القيادة بالمخالفة للنظام خلال إحدى رحلاتها من لندن إلى نيويورك والتي اوضحت انها كانت في عام ٢٠١٣.\n وقالت الشركة إنها علمت بالخبر اليوم وستقوم بإجراء تحقيق شامل حوله، للتأكد من مدى صحته ومن ثم اتخاذ الإجراء اللازم وفقاً لما هو معمول به في الخطوط الجوية الكويتية في مثل هذه الحالات.\n وكانت صحيفة “ديلي ستار” البريطانية قد نشرت اليوم صوراً لكابتن إحدى طائرات الخطوط الجوية الكويتية، مشيرة إلى قيامه بدعوة إحدى ممثلات الأفلام الإباحية وبرفقتها فتاة أخرى إلى قمرة القيادة، حيث قاموا بتدخين السجائر وشرب الخمر والتقاط عدد من الصور داخل كابينة القيادة، فيما ظهرت إحدى الفتاتين ببعض الصور وهي ترتدي الكاب الخاص بكابتن الطائرة الذي يحمل شعار دولة الكويت وتعبث في أزرار التحكم.\n ووفقا للصحيفة، فإن إحدى المسافرات عندما سألت الكابتن عن سماحه بخرق القواعد وتدخين السجائر، قال لها: “أنا من يضع القواعد داخل الطائرة” Next Previous   سمات الخطوط الكويتية طيار قمرة القيادة ",
    "date_extracted": "2015-07-27 18:39:36"
}