{
    "url": "http://aawsat.com/home/article/421786/المنطقة-الآمنة-شمال-سوريا-قريبًا-وممنوعة-على-الأكراد-و«النصرة»",
    "title": "المنطقة الآمنة شمال سوريا قريبًا.. وممنوعة  على الأكراد و«النصرة»",
    "author": "بيروت: ثائر عباس",
    "content": "قالت مصادر تركية رسمية لـ«الشرق الأوسط» إن قيام المنطقة الآمنة في الشمال السوري «مسألة وقت» وإن الأتراك باشروا فعليا التحرك لترجمة الاتفاق مع الأميركيين، وإن الطائرات الأميركية بدأت تأتي إلى قاعدة إنجرليك، وسوف تبدأ العمليات على الأرض خلال الأسبوع الحالي أو بداية الأسبوع المقبل.\n\n في غضون ذلك, أكدت المصادر أنه لن يسمح للتنظيمات الكردية باستغلال العملية العسكرية للسيطرة على المناطق التي يخرج منها «داعش»، وأن سيطرتهم لن تتجاوز مدينة عين العرب (كوباني) الحدودية. وشددت على أن تركيا لن تسمح لجبهة النصرة بأن توجد هناك في المنطقة، وأن حركة «أحرار الشام» لن تكون عائقا، وسيكونون متعاونين «وإلا سوف يقضون على أنفسهم».\n\n وكشف مصدر مطلع في المعارضة السورية لـ«الشرق الأوسط»، عن اتجاه لإجراء تغيير في (الحكومة السورية المؤقتة) لمواكبة المرحلة المقبلة. وقال إن القيادة التركية عقدت سلسلة اجتماعات مع قادة المعارضة السورية لوضعها في أجواء التطورات الأخيرة عند الحدود مع سوريا والاتفاق الأميركي - التركي.\n\n \n\n المزيد...",
    "date_extracted": "2015-08-04 18:06:04"
}