{
    "url": "http://aawsat.com/home/article/420681/منزل-زعيم-روسي-يعرض-للبيع-مقابل-44-مليون-دولار",
    "title": "منزل زعيم روسي يعرض للبيع مقابل 4.4 مليون دولار",
    "author": "القاهرة: «الشرق الأوسط أونلاين»",
    "content": "يعرض للبيع منزل عاش فيه الزعيم الثوري الروسي ليون تروتسكي، على جزيرة بويوكادا قبالة إسطنبول، مقابل 4.4 مليون دولار، حسبما أعلنت إحدى الصحف التركية، وهو مكون من 18 غرفة و5 حمامات وملحقة به قطعة أرض كبيرة، ويقع على مساحة 950 مترا مربعا ويطل على بحر مرمرة.\nوقد بني المنزل المؤلف من 3 طوابق قبل 150 عاما ومعه قطعة أرض مساحتها 3600 متر مربع، على ما أوضح الإعلان.\nوقال الرئيس السابق لبلدية الجزيرة، مصطفى فارساكوغلو لوكالة الصحافة الفرنسية، إن تروتسكي عاش 4 سنوات في هذا المنزل بعدما احترق منزله الأول على جزيرة بويوكادا أيضا، وأضاف أن المنزل بحاجة لأعمال ترميم واسعة كما أنه غير مجهز للتدفئة.\nوقال رئيس البلدية السابق: «إنه مبنى مصنف، ومن سيشتريه لا يمكنه أن يحوله إلى مسكن أو مطعم أو فندق». وأوضح وسيط عقاري في الجزيرة طالبا عدم الكشف عن اسمه: «حاولنا في السابق بيع هذا المنزل، لكن من دون جدوى، فلا أحد يريده. ولم يقم مالك المنزل، وهو من إسطنبول، بأعمال الترميم اللازمة».\nيذكر أن ليون تروتسكي قد طرد من الاتحاد السوفياتي عام 1929 بقرار من ستالين وأبعد إلى تركيا حيث بقي سنوات قليلة قبل أن يواصل منفاه في دول أخرى. وقد اغتيل في المكسيك عام 1940.",
    "date_extracted": "2015-08-02 22:59:11"
}