{
    "url": "http://aawsat.com/home/article/423111/الاتحاد-يقترب-من-الأرجنتيني-موراليز",
    "title": "الاتحاد يقترب من الأرجنتيني موراليز",
    "author": "جدة: «الشرق الأوسط»",
    "content": "ينتظر أن يعلن فريق الاتحاد، التعاقد مع لاعب الوسط الأرجنتيني ماكسيميليانو موراليز رسميا لمدة ثلاثة مواسم بداية من الموسم الجديد.\nوكان منصور البلوي المشرف العام على الفريق الكروي، أكد التوصل لاتفاق مع نادي أتلانتا الإيطالي على ضم اللاعب.\nويأتي التعاقد مع موراليز (28 عاما) لتعزيز قائمة المدرب الروماني لازلو بولوني في الموسم القادم.\nوسجل موراليز 57 هدفا في مسيرته الكروية وصنع 54 هدفا لزملائه في 305 لقاءات لعب 194 منهم في التشكيل الأساسي.\nوسبق لموراليز اللعب لنادي «إف سي موسكو» الروسي قبل أن ينتقل لأتلانتا عام 2011.\nومع الفريق الإيطالي لعب موراليز 130 لقاء سجل خلالها 18 هدفا، وصنع 21 آخرين.\nيذكر أن الفحوصات الطبية التي خضع لها الغاني مبارك واكاسو (25 عامًا) من قبل الشريك الاستراتيجي لنادي الاتحاد بمدينة ميلانو الإيطالية، حسمت انضمامه لصفوف الفريق بعد إظهارها سلامة اللاعب ومنحت الضوء الأخضر للإدارة للتوقيع رسميًا معه.\nوعلمت الـ«الشرق الأوسط» أن التوقيع مع الغاني سيكلف الخزينة الاتحادية ما يتجاوز المليوني يورو سنويًا، لينضم لمواطنه سولي علي مونتاري وكان صاحب الـ25 عامًا مثل فريق سيلتيك الأسكوتلندي على سبيل الإعارة الموسم الماضي قادمًا من روبين كازان الروسي الذي لعب له منذ 2013، فيما سبق للاعب أن مثل أندية فيا ريال وإسبانيول والتشي بإسبانيا ولعب مع منتخب بلاده 31 مباراة دولية سجل خلالها 9 أهداف.\nوكانت المفاوضات الاتحادية مع اللاعب جرت عن طريق «الفاكس» إلى حد وصف الإعلام الغاني قبل أن يتخذ منحى جادًا لإتمام التفاوض خلال اليومين الماضيين والتوصل لاتفاق على كافة بنود العقد، حيث بينت أن اللاعب صديق مقرب من مواطنه مونتاري وأنهما سيشكلان ثنائيًا خطيرًا في وسط الميدان لفريق الاتحاد.",
    "date_extracted": "2015-08-06 01:44:51"
}