{
    "url": "http://aawsat.com/home/article/420526/«البنك-السعودي-للاستثمار»-يتصدر-وسائل-التواصل-الاجتماعي-في-الشرق-الأوسط",
    "title": "«البنك السعودي للاستثمار» يتصدر وسائل التواصل الاجتماعي في الشرق الأوسط",
    "author": "",
    "content": "في تميز جديد يضاف إلى سجله، تصدر «البنك السعودي للاستثمار» قائمة البنوك الأكثر متابعة على وسائل التواصل الاجتماعي على مستوى الشرق الأوسط، حسب مسح أجرته «عرب آد» عن قطاع البنوك في الشرق الأوسط، حيث بلغ عدد المتابعين لحساب البنك السعودي على «تويتر» أكثر من 600 ألف، وأكثر من 800 ألف معجب على «فيسبوك».\nيذكر أن أسبابا كثيرة ساهمت في تحقيق «البنك السعودي للاستثمار» هذه الصدارة، أهمها عمله الدؤوب وحرصه الدائم على تقديم أفضل الخدمات والمنتجات لعملائه بما يلائم احتياجاتهم ومتطلباتهم البنكية، ومعرفته التامة بأهمية وسائل التواصل الاجتماعي في الوصول إلى أكبر شريحة ممكنة في المجتمع، وبأنها منصة مهمة لتعريف عملاء «البنك السعودي للاستثمار» بكل ما هو جديد، والرد على استفساراتهم.",
    "date_extracted": "2015-08-02 23:07:03"
}