{
    "url": "http://aawsat.com/home/article/419946/كاليفورنيا-تخفض-استهلاك-المياه-في-يونيو-دون-الحدود-المستهدفة",
    "title": "كاليفورنيا تخفض استهلاك المياه في يونيو دون الحدود المستهدفة",
    "author": "سكرامنتو (ولاية كاليفورنيا): «الشرق الأوسط»",
    "content": "أعلنت السلطات في كاليفورنيا أن سكان الولاية خفضوا من استهلاكهم للمياه في يونيو (حزيران) الماضي بنسبة تجاوزت 27 في المائة، أي أكثر من الحد المستهدف الذي أعلنه الحاكم الديمقراطي جيري براون في أولى لوائح إجبارية من نوعها بالولاية، وسط استمرار موجة الجفاف الكارثية.\nيجيء نجاح جهود ترشيد استهلاك المياه في أول شهر بعد إصدار براون لهذه اللوائح، فيما شهد شهر يونيو ارتفاعا قياسيا في درجات الحرارة بالولاية.\nوقالت فيليشيا ماركوس رئيسة مجلس تنظيم الموارد المائية في كاليفورنيا: «نحتاج إلى أن نواصل ذلك».\nواقترحت جهات رقابية بولاية كاليفورنيا الأميركية في الآونة الأخيرة فرض غرامة قياسية قيمتها 1.5 مليون دولار على الإدارة الشمالية للري بشمال الولاية، لاتهامها بتجاهل القيود الطارئة الخاصة بترشيد استهلاك المياه عن طريق استمرار سحب المياه السطحية.\nويواجه سكان مدن كاليفورنيا وبلداتها مطالب بترشيد استخدام المياه، وإلا عوقبوا بتوقيع غرامات تصاعدية، وذلك في ضوء لوائح جديدة تمثل أول خفض إجباري من نوعه للمياه في تاريخ الولاية بسبب استمرار موجات الجفاف.\nوحتى الآن، فإن القيود المقترحة تركز على المناطق العمرانية، فيما تم استثناء قطاع الزراعة الذي يقول معهد كاليفورنيا للسياسات العامة إنه يستخدم 80 في المائة من إجمالي الاستهلاك.\nودخلت كاليفورنيا عامها الرابع من موجات الجفاف الشديد حيث وصلت كتل الجليد على قمم الجبال التي عادة ما توفر نحو ثلث احتياجات الولاية من المياه عند أدنى مستوى قياسي لها، مما أجبر المزارعين على حرث رقعة زراعية تصل إلى آلاف الأفدنة.\nولا تسمح متنزهات كاليفورنيا لرواد الشواطئ بالاغتسال للتخلص من آثار الرمال والملح العالقة بأجسامهم، في إطار خطة للحفاظ على المياه مع استمرار موجة الجفاف التي تعاني منها الولاية.",
    "date_extracted": "2015-08-01 20:35:24"
}