{
    "url": "http://aawsat.com/home/article/421241/تفاقم-أزمة-اللاجئين-والمهاجرين-في-أوروبا-من-كاليه-إلى-البحر-المتوسط",
    "title": "تفاقم أزمة اللاجئين والمهاجرين في أوروبا.. من كاليه إلى البحر المتوسط",
    "author": "لندن: «الشرق الأوسط»",
    "content": "تتافقم الأزمة المتعلقة باللاجئين والمهاجرين الهاربين إلى القارة الأوروبية من أزمات في الشرق الأوسط وأفريقيا، وتبرز في كاليه الفرنسية مع محاولة اللاجئين والمهاجرين العبور إلى المملكة المتحدة وفي البحر المتوسط حيث أنقذ خفر السواحل الإيطالي 1800 مهاجر.\n\n ودعت بريطانيا وفرنس أمس دولا أخرى في الاتحاد الأوروبي لمساعدتهما في التصدي لأزمة متنامية في شمال فرنسا سببها آلاف المهاجرين الذين يحاولون العبور لإنجلترا بشكل غير مشروع وخطير. وأصبح ميناء كاليه الفرنسي مقصدا لأعداد هائلة من المهاجرين الذين يدخلون أوروبا هربا من الفقر والعنف في الشرق الأوسط وأفريقيا.\n\n وأثارت محاولات تقوم بها مجموعات كبيرة من المهاجرين يقدر عددهم بنحو خمسة آلاف للعبور ليلا عن طريق نفق للسكك الحديدية يربط بين فرنسا وبريطانيا غضب الرأي العام وعطلت بشدة حركة البضائع بين البلدين.\n\n وقالت وزيرة الداخلية البريطانية تيريزا ماي ونظيرها الفرنسي برنار كازنوف في مقال رأي مشترك نشر في صحيفة «صنداي تلغراف» البريطانية اليمينية: «لا توجد حلول سهلة وحل هذه المشاكل ليس بيد بريطانيا وفرنسا بمفردهما».\n\n وتابع المسؤولان في المقال: «الكثير من الموجودين في كاليه ويحاولون عبور القنال وصلوا هناك عبر إيطاليا واليونان ودول أخرى. ولهذا السبب نضغط على دول أعضاء أخرى وعلى الاتحاد الأوروبي بأكمله - للتعامل مع المشكلة من جذورها».\n\n وقتل عدد من الأشخاص في محاولة دخول بريطانيا حيث يعتقدون أن أمامهم احتمالات أفضل لحياة جديدة. وجاء النداء المشترك فيما طرحت بريطانيا - حيث وضعت الأزمة ضغوطا على رئيس الوزراء ديفيد كاميرون للتحرك - تفاصيل عن إجراءات أمنية إضافية جرى الاتفاق عليها مع الرئيس الفرنسي فرنسوا هولاند يوم الجمعة. وقال مكتب كاميرون إن بريطانيا ستمول زيادة كبيرة في عدد أفراد الحراسة الخاصة الذين يراقبون المدخل الفرنسي لنفق السكك الحديدية الذي يمر تحت البحر. وسيتم استخدام أسوار جديدة وكاميرات مراقبة وأجهزة رصد بالأشعة تحت الحمراء لتحسين الأمن.\n\n وزادت السلطات الفرنسية بالفعل عدد أفراد الشرطة في المنطقة.\n\n وقوبل رد الفعل الرسمي تجاه الأزمة أمس بانتقادات من تريفور ويلموت أسقف كنيسة إنجلترا بوصفه يفتقر للإنسانية. وقال ويلموت في مقابلة مع صحيفة «أوبزرفر» البريطانية: «لقد أصبح العالم قاسيا على نحو متزايد وعندما نصبح قساة مع بعضنا البعض وننسى إنسانيتنا فسينتهي بنا الحال إلى مواقف صدامية».\n\n وهناك مخاوف من أن التوجهات الرسمية البريطانية والفرنسية تزيد من العنصرية ضد المهاجرين. وهذه هي المشكلة التي تتصاعد في ألمانيا وعدد من دول أوروبا الشرقية التي شهدت عمليات عدة لاستهداف تجمعات اللاجئين. وأصبحت رحلات المهاجرين أكثر صعوبة وخطورة مع الإجراءات الجديدة.\n\n وعلى صعيد آخر، أعلن خفر السواحل الإيطالي أمس أن نحو 1800 مهاجر أنقذوا من سبعة قوارب مكتظة أول من أمس بينما عثر على خمس جثث في قارب مطاطي كبير كان يقل 212 شخصا آخرين. وقالت متحدثة باسم خفر السواحل أمس إنه تم العثور على الجثث خلال عملية الإنقاذ، مضيفة أن سبب الوفاة لم يعرف بعد.\n\n ويعتقد أن 3500 من المهاجرين واللاجئين لقوا حتفهم في البحر المتوسط العام الماضي وأن قرابة ألفين قتلوا حتى الآن هذا العام. ويهرب كثيرون من الفقر والعنف في الشرق الأوسط وأفريقيا. وقالت مفوضية الأمم المتحدة لشؤون اللاجئين إن رغم أنه لم تتوفر بعد تفاصيل عن جنسيات من أنقذوا أمس السبت فإن ربع من وصلوا هذا العام جاءوا من إريتريا تليها نيجيريا ثم الصومال والسودان وسوريا.\n\n وتقول المفوضية إن نحو 90 ألف مهاجر وصلوا إيطاليا عبر البحر حتى الآن هذا العام وكانت قد استقبلت 170 ألف مهاجر في 2014. ويتطلع كثير من الوافدين الجدد إلى الانتقال سريعا إلى دول شمال أوروبا الأغنى بما في ذلك بريطانيا عبر ميناء كاليه الفرنسي.\n\n وأثارت محاولات تقوم بها مجموعات كبيرة من آلاف المهاجرين للعبور ليلا عن طريق نفق للسكك الحديدية يربط بين فرنسا وبريطانيا غضبا شعبيا وعطلت بشدة حركة البضائع بين البلدين.",
    "date_extracted": "2015-08-03 20:46:41"
}