{
    "url": "http://aawsat.com/home/article/423121/الأهلي-يكسب-لومونت-السويسري-برباعية",
    "title": "الأهلي يكسب لومونت السويسري برباعية",
    "author": "جدة: محمد باسنيد",
    "content": "كسب فريق الأهلي مباراته التجريبية أمس أمام لومونت السويسري 4 - 1، في إطار استعداداته للموسم الجديد.\nوسجل أهداف الأهلي كل من: إسلام سراج، وعمر السومة (هدفين)، ووليد باخشوين.\nأكدت مصادر خاصة لـ«الشرق الأوسط» أن الجهاز الفني لفريق الأهلي بقيادة المدرب السويسري كريستيان غروس، يعمل حاليًا على المفاضلة بين عدد من العناصر التي توجد معه في المعسكر الإعدادي للموسم المقبل في سويسرا؛ حيث يتجه للاستغناء عن اسمين من العناصر الموجودة معه في المعسكر، وذلك لتقليص القائمة التي سيدخل بها الموسم الجديد. وستتضح الصورة حيال هذا الأمر بعد عودة الفريق إلى جدة وقبل الدخول في المرحلة الإعدادية الثالثة والأخيرة لانطلاقة الموسم التي يتخللها مباراة تجريبية وحيدة أمام الجزيرة الإماراتي في أبوظبي، حدد لها موعد مبدئي منتصف شهر أغسطس (آب) الحالي.\nمن جهة أخرى، كشفت مواجهة فريق الأهلي التجريبية، أول من أمس، أمام فريق نيوشاتل (درجة أولى)، عن كثير من النقاط المهمة للجهاز الفني.\nوانتهت المباراة بالتعادل الإيجابي بثلاثة أهداف لكل فريق بعد تأخر الأهلي مرتين في المباراة ونجح حسين المقهوي في تقليص النتيجة بتسجيل الهدف الأول، وفي الشوط الثاني سجل الأهلي هدف التعادل الثاني بعد كرة خاطئة من حارس مرمى نيوشاتل قبل أن يعود نيوشاتل لتسجيل الهدف الثالث.\nواستطاع الأهلي العودة قبل نهاية اللقاء بدقيقة بتسجيل مهاجم الفريق مهند عسيري للهدف الثالث والتعادل.\nوشهدت المباراة مشاركة لاعب فريق الأهلي وليد باخشوين لأول مرة بعد ابتعاده عن المشاركة في جميع المباريات التجريبية السابقة نتيجة دخوله مرحلة البرنامج التأهيلي واللياقي الخاص به بعد إجرائه لعملية جراحية نهاية شهر رمضان الماضي.\nوحرص مدرب الأهلي على منح الأسماء البديلة والشابة المنضمة حديثًا لقائمة الفريق الأول في المشاركة منذ انطلاقة اللقاء للوقوف على مستوياتهم الفنية، بينما تعد مواجهة فريق لي مونت السويسري، مساء أمس، من أقوى التجارب التي خاضها فريق الأهلي في معسكره الخارجي قبل العودة السبت المقبل، إلى جدة التي شهدت الظهور الأول للاعب اليوناني إيوانيس فيتفا مع فريقه الجديد.\nيذكر أنه تمت مخاطبة فريقي الجزيرة الإماراتي والكويت الكويتي خلال الأيام الماضية لإقامة مباراة ودية، ويقف أمام إكمال هذه الخطوة لإقامة المباراة في جدة عدم جاهزية ملعب مدينة الملك عبد الله الرياضية بجدة لاستضافة المباراة حيث طرح مسيرو الفريق إمكانية خوض المباراة في إحدى الدول الخليجية مع أحد أنديتها التي لقيت موافقة الجهاز الفني.\nوعلمت «الشرق الأوسط» عن تلقي مسؤولي فريق الأهلي موافقة نادي الجزيرة الإماراتي لإقامة المباراة في العاصمة الإماراتية أبوظبي، وما زالت المشاورات قائمة من قبل الجهازين الإداري والفني لتحديد موعدها الذي يأتي قبل انطلاقة الموسم بعدة أيام.\nمن جانب آخر، تجاوز اللاعب اليوناني إيوانيس والمنضم حديثًا لصفوف فريق الأهلي، الكشف الطبي بنجاح، حيث شارك في الحصة التدريبية الصباحية، أمس الأربعاء، التي فرضها الجهاز الفني بعد أن غاب عن مران، أول من أمس، لخضوعه للفحوصات الطبية واستكمال أوراقه (التأشيرة الخاصة به) حتى يتسنى له العودة مع البعثة الأهلاوية التي تختتم معسكرها الحالي يوم السبت المقبل، وتركزت الحصة التدريبية الصباحية على النواحي اللياقية المكثفة والمهارات من جهة استلام الكرة ودقة التسليم قبل أن يجري مناورة مصغرة على جزء من الملعب طبق من خلالها الكثير من الجمل الفنية.\nمن جانب آخر، كشف موقع «مكاني» الإلكتروني الخاص بحجز وشراء تذاكر المباريات، عن البطاقة التي تم اعتمادها لتذاكر فريق النادي الأهلي الموسمية تحت مسمى (بطاقة العضوية الموسمية) التي تترقب الجماهير طرحها خلال الأيام القليلة القادمة؛ حيث تتزين بشعار النادي وتاريخ تأسيسه، بالإضافة لرقم التذكرة والاسم وفئة العضوية (الدرجة الموحدة بطاقة خضراء بالإضافة لبطاقة فضية وذهبية للمنصة بالدرجتين).\nويأتي قرب تدشين مسيري النادي الأهلي لتذاكره الموسمية الخاصة بمباريات الفريق الأول كإحدى الخطوات الرائدة التي أعلنت عنها الإدارة في وقت سابق كأول نادٍ سعودي يقوم بتسويق تذاكره بشكل موسمي كما هو معمول به في الأندية العالمية في ظل تطوير مخططاته الاستثمارية وزيادة مداخيلها المالية.",
    "date_extracted": "2015-08-06 01:44:44"
}