{
    "url": "http://aawsat.com/home/article/421151/إغلاق-المسجد-الأقصى-لساعات-لتمكين-المتطرفين-اليهود-من-أداء-صلواتهم",
    "title": "إغلاق المسجد الأقصى لساعات لتمكين المتطرفين اليهود من أداء صلواتهم",
    "author": "تل أبيب: «الشرق الأوسط»",
    "content": "أغلقت الشرطة الإسرائيلية غالبية بوابات المسجد الأقصى في وجه المصلين المسلمين، ومنعت كل من هو دون سن الخمسين من دخوله، وذلك في سبيل تسهيل دخول ثلاثين يهوديًا متطرفًا إلى باحته. وقد فوجئ المصلون بوجود رئيس جهاز المخابرات العامة، يورام كوهن، بين «الزائرين»، واعتبروا ذلك «استفزازًا على مستوى عالٍ». فيما اعتقلت قوات الأمن الإسرائيلية عددًا من الشبان الفلسطينيين الذين تصدوا للمتطرفين اليهود ودفعوهم إلى الهرب.\nوكانت جماعات تابعة لمنظمات «الهيكل»، دعت إلى تنفيذ عمليات اقتحام جماعية صباح الأحد، بدعوى «استمرار الصلوات لمناسبة ذكرى خراب الهيكل». ودعت الشباب اليهودي إلى الحضور إلى الأقصى باللباس العسكري، حتى يثيروا الفزع في نفوس الفلسطينيين، ويمنعوا الشرطة الإسرائيلية من إبعادهم. و«بشروا» اليهود بقرار من محكمة الصلح في القدس، رفض فيه القاضي طلب الشرطة محاكمة مصلّ يهودي لأنه استخدم البوق في باحة الأقصى. ووزعوا نص القرار الذي يقول إنه «مثلما يُتاح للمسلمين إدخال الطبول إلى الأقصى، ينبغي السماح لليهود بأن يستخدموا البوق»، متجاهلا حقيقة أن البوق هو جزء من الدعوة للصلاة اليهودية، كما هو الآذان لدى الإسلام، بينما الطبول تستخدم للاحتفالات الدينية.\nوقد فرضت الشرطة الإسرائيلية حصارًا على الحرم القدسي، ودفعت بقوات كبيرة على جميع مداخله، وأغلقت جميع أبواب المسجد باستثناء أربعة، هي: باب المغاربة، الذي يستخدم لإدخال اليهود والسياح، وباب السلسلة، وباب المجلس، وباب حطة التي أبقت عليه مفتوحًا، بعد أن أقامت حواجز عسكرية عليه.\nوأعلنت الشرطة أنها لن تسمح للمصلين والمصليات المسلمات ما دون سن الخمسين بدخول الأقصى، حتى إشعار آخر. وحتى من سمحت لهم بالدخول، تم احتجاز بطاقات هوياتهم.\nودخل المتطرفون اليهود وسط هتافات المصلين المسلمين وتكبيراتهم، فيما رفع المصلون المحرومون من الدخول صور الشهيد الرضيع علي دوابشة، الذي أحرق حيا هو وشقيقه ووالداه في قرية دوما في الضفة الغربية، وقد كتب عليها باللغات الثلاث؛ العربية والعبرية والإنجليزية: «قتلة أطفال». وقد حاولت الشرطة تفريقهم بالقوة، واعتدت بالضرب على الكثير منهم، واعتقلت خمسة شبان، بينهم جرحى. وألقت عليهم قنابل صوتية ودخانية ومسيلة للدموع. لكن المصلين تمكنوا من طرد المتطرفين، الذين هرعوا يفرون من وجوههم عبر باب المغاربة.\nوذكرت الشرطة العسكرية أنها اعتقلت ثلاثة من المتطرفين اليهود الذين اقتحموا الأقصى، مع الشبان اليهود الآخرين، وأنها ستقدمهم للمحاكمة لأنهم خرقوا أوامر الجيش.\nوفي خطوة غير مسبوقة، قالت مصادر في دائرة الأوقاف الإسلامية، إن رئيس جهاز «الشاباك»، يورام كوهين، دخل المسجد الأقصى لأول مرة، مما أثار قلقهم من خطر تخطيط عمليات اقتحام منظمة في المستقبل. ويخشى الفلسطينيون من إقدام الحكومة الإسرائيلية على تقسيم باحات المسجد بين المصلين اليهود والمسلمين، كما حصل في الحرم الإبراهيمي بالخليل.\nيُشار إلى أن انتهاكات الأقصى والاعتداء على المصلين فيه، لم تتوقف منذ أحداث «ذكرى خراب الهيكل»، قبل أسبوع، وأن الحكومة الإسرائيلية لم تتخذ أي قرار للحد منها.\nمن جهة ثانية، نددت «مؤسسة الأقصى للوقف والتراث» في إسرائيل بافتتاح مقهى، أمس، على أرض مقبرة «مأمن الله» الإسلامية التاريخية في القدس الشرقية المحتلة. وكانت البلدية الإسرائيلية قد أجلت افتتاح المقهى لأسابيع، بعدما أثار الأمر غضبًا عارمًا في أوساط المسلمين، إذ ينطوي المشروع على سلسلة أضرار للمقدسات، من نبش القبور، إلى انتهاك الحرمات، ونهب أراضي الوقف، وحتى بيع الخمور. واعتبرت المؤسسة الأمر «سلسلة أخرى من مسلسل الانتهاك بحق هذه المقبرة». وقالت إن «مقبرة (مأمن الله) العريقة والتاريخية، وتزيد مساحتها على مائتي دونم، هي مقبرة يعود تاريخها إلى ما قبل 1400 عام، ومدفون فيها عدد من صحابة الرسول الكريم. وقد تعرضت هذه المقبرة وما زالت تتعرض إلى أقسى أنواع الانتهاك من قبل المؤسسة الإسرائيلية، التي تضرب بعرض الحائط الحد الأدنى من الاعتبارات الأخلاقية والإنسانية، فقد تم اقتطاع أجزاء كبيرة منها لإقامة الفنادق والحدائق العامة».\nوتابعت: «يعد افتتاح هذا المقهى سلسلة أخرى من مسلسل الانتهاك بحق هذه المقبرة، بعد المباشرة في بناء ما يسمى متحف (التسامح) على جماجم أموات المسلمين الذين ووروا التراب في هذه المقبرة، كما أن الجزء المتبقي من المقبرة (20 دونما) التي ما زالت شواهد القبور تشهد على إسلاميتها، يتعرض بشكل يومي للتدنيس والانتهاك، وتمارس في جنباتها (المقبرة) أعمال الرذيلة. ومع كل هذا ما زلنا نؤكد أن مقبرة (مأمن الله) بكامل مساحتها، هي مقبرة إسلامية عريقة، وما يجري من تغييرات عليها لا يغير من حقيقة الأمر؛ أنها مقبرة إسلامية إلى يوم الدين».",
    "date_extracted": "2015-08-03 20:46:18"
}