{
    "url": "http://aawsat.com/home/article/420721/الأسهم-السعودية-تغلق-تداولاتها-على-تراجع-حاد-بنسبة-320",
    "title": "الأسهم السعودية تغلق تداولاتها على تراجع حاد بنسبة 3.20",
    "author": "الرياض: «الشرق الأوسط أونلاين»",
    "content": "أغلق مؤشر سوق الأسهم السعودية في مطلع تداولاته الأسبوعية على تراجع حاد بـ 291.03 نقطة بنسبة 3.20 في المائة عند مستوى 8807.24 نقطة، بتداولات تجاوزت 1.3 مليار دولار (5 مليارات ريال).\nوشهدت تداولات اليوم ارتفاع أسهم 3 شركات فقط في قيمتها، وتراجعت أسهم 161 شركة، وظل سهم شركة واحدة فقط بدون تغير، في الوقت الذي بلغ فيه عدد الأسهم المتداولة اليوم أكثر من 187.5 مليون سهم توزعت على أكثر من 108.1 ألف صفقة.\nوسجلت عدد من الأسهم اغلاقات على النسبة القصوى في مختلف قطاعات السوق، خاصة في القطاعات التي سجلت أكبر تراجع في مؤشراتها؛ وهي البتروكيماويات والقطاع العقاري، في حين سجل سهما شركة الدريس ورعاية ارتفاعات محدودة لم تتجاوز 0.9 في المائة.",
    "date_extracted": "2015-08-02 22:58:34"
}