{
    "url": "http://aawsat.com/home/article/420876/مونتاري-البلوي-أقنعني-بالانتقال-للاتحاد-في-4-دقائق-فقط",
    "title": "مونتاري: البلوي أقنعني بالانتقال للاتحاد في 4 دقائق فقط",
    "author": "جدة: إبراهيم القرشي",
    "content": "كشف الغاني سولي مونتاري المنضم حديثًا لصفوف فريق الاتحاد، إن مفاوضاته للانتقال لصفوف الفريق السعودي، لم تستغرق سوى 4 دقائق مع المشرف على فريق الكرة منصور البلوي، قبل أن يتفق معه على كل شيء، مبينًا أن العرض الاتحادي كان مميزًا.\nمن جهة ثانية، خاض فريق الاتحاد رابع مواجهاته الودية بمعسكره المقام بمدينة ميلانو الإيطالية يوم أمس أمام فريق بافينو الإيطالي، وشهدت المواجهة الودية المشاركة الأولى للمحترف الغاني سولي مونتاري.\nمن جانب آخر، تدرس إدارة نادي الاتحاد خيارين بشأن الاستغناء عن الثنائي الروماني سان مارتين والبولندي زوكالا، يقضي الأول بمنحهما حرية الانتقال بعد التوقيع على مخالصة مالية وتسوية كل الأمور المالية معهما، والثاني تسويق اللاعبين للاستفادة المالية من المدة المتبقية من عقديهما مع النادي.\nوكانت إدارة نادي الاتحاد قد تعاقدت مع اللاعبين خلال فترة الانتقالات الشتوية الماضية بعقد يمتد لموسمين ونصف العام، فيما لا يزال رحيلهما مرهونًا بحسم إدارة النادي للخيارات الأجنبية خلال الساعات المقبلة، حيث تتأهب للإعلان رسميًا عن تعاقدها مع المحترف الغاني مبارك واكاسو (25 عامًا) للانضمام للفريق، والتوقيع مع يوهاندري أوروزكو الذي ينتظر أن ينهي كل إجراءاته المتعلقة بالجنسية «اللبنانية» ليتم التعاقد معه رسميًا للانضمام لصفوف الفريق.\nفيما أشارت وسائل إعلامية رومانية إلى عودة الثنائي مارتين وزوكالا إلى ناديهما ستيوا بوخارست، بعد توقيعهما مخالصة مالية مع النادي السعودي.\nمن جهة أخرى، كشفت مصادر مطلعة لـ«الشرق الأوسط» عن تحركات اتحادية للبدء في الإعلان عن حزمة الرعاة الثانية خلال الأيام القليلة المقبلة عبر تسميه الراعي الرسمي للنادي، وعدد من الرعاة الفرعيين الذين تم الاتفاق معهم.\nوقال مصدر مطلع أن تأخر الإعلان عن الحزمة الثانية يأتي لرغبة الاتحاديين في حسم الراعي الرسمي، وسط محاولات تبذل للبدء في إعلان الرعاة الفرعيين أولاً.\nفي المقابل، أبدت الجماهير الاتحادية تفاؤلا كبيرا بمساعي إدارة ناديها الحثيثة لتدعيم صفوف الفريق وإعداده للمنافسة على البطولات.\nوكان إبراهيم البلوي رئيس نادي الاتحاد أكد أن الوضع المالي في ناديه جيد، معلنًا عن التزام إدارة ناديها بصرف رواتب اللاعبين والعاملين بالنادي بدءًا من شهر أغسطس (آب) الحالي دون تأخير.\nوأشار البلوي إلى أن جماهير ناديه هي المحرك الأساسي لعمل الإدارة باعتبارهم صناع القرار، مؤكدًا على حرصه منذ توليه سدة المسؤولية في النادي العمل على إعادة الفريق لسابق عهده، بطلاً ومنافسًا على البطولات لإرضاء جماهيره العاشقة والمحبة.\nفي الوقت الذي أكد منصور البلوي المشرف التنفيذي على إدارة الكرة بالنادي وعضو شرفه البارز إلى أن ما قامت به إدارة ناديه إلى الآن لا يتجاوز 30 في المائة من المشروع الذي يعمل عليه، مشيرًا إلى أنه مع اكتمال عقود الرعاية والشراكات سيدرك الجميع أنه ليس وحده مع كان يعمل بل هناك رجال سهروا ليلاً ونهارًا من أجل أن يصلوا بهذا المشروع بعمل مختلف ومميز.\nوأوضح أن المشروع الذي يعمل عليه في الاتحاد سيكون مفرحًا لجماهير ناديه، منوهًا بالعلاقة المميزة التي تربطه بهم، مشيرًا إلى أن استراتيجية السابقة إبان رئاسة النادي التي لاقت انتقادات واسعة في تلك الفترة، أصبحت الآن هي الفكر الاحترافي المتطور، منوهًا بأنه لم يقم في الاتحاد آنذاك بأي أمر خطأ وليس ذنبه أن البعض لم يكن يستوعب ذلك في تلك الفترة.",
    "date_extracted": "2015-08-03 20:44:45"
}