{
    "url": "http://aawsat.com/home/article/420931/بعثة-أثرية-تبدأ-البحث-عن-مقابر-جديدة-لملوك-الفراعنة",
    "title": "بعثة أثرية تبدأ البحث عن مقابر جديدة لملوك الفراعنة",
    "author": "الأقصر: «الشرق الأوسط»",
    "content": "شرعت بعثة أثرية مصرية، برئاسة وزير الآثار الدكتور ممدوح الدماطي، في القيام بأعمال حفر وتنقيب في منطقة وادي الملوك، الغنية بمقابر ملوك الفراعنة، في غرب مدينة الأقصر التاريخية بصعيد مصر، للبحث عن مقابر جديدة لملوك مصر القديمة.\nوكانت أولى محطات الحفر والتنقيب قرب مقبرة الملك رمسيس الثالث، وسط توقعات بالعثور على مقابر جديدة.\nوتضم البعثة في عضويتها المدير العام لآثار الأقصر مصطفى وزيري، والأثريين صلاح الماسخ، ومحمد محمود خليل، بجانب مجموعة متخصصة في أعمال الحفر والتنقيب الأثري.\nوقالت مصادر أثرية في الأقصر، لوكالة الأنباء الألمانية (د.ب.أ)، إن قيام بعثة أثرية مصرية بأعمال حفر وتنقيب بحثا عن مقابر جديدة لملوك مصر القديمة يتزامن مع قيام بعثة أثرية مصرية - أميركية مشتركة بأعمال استكمال تنظيف وترميم لثلاث مقابر شيدها نبلاء الفراعنة، في منطقة العساسيف، بجبل القرنة التاريخي، غرب الأقصر.\nوفي سياق متصل، بدأ فريق عمل بمنطقة آثار مصر العليا، في تنفيذ مخطط وضعه وزير الآثار الدكتور ممدوح الدماطي، لتطوير المنطقة المحيطة بمعبد الملك سيتي الأول في غرب الأقصر.",
    "date_extracted": "2015-08-03 20:48:16"
}