{
    "url": "http://aawsat.com/home/article/422106/أميركا-تسلم-مصر-5-أبراج-لدبابات-«أبرامز-إم1-إيه1»",
    "title": "أميركا تسلم مصر 5 أبراج لدبابات «أبرامز إم1 إيه1»",
    "author": "القاهرة: «الشرق الأوسط أونلاين»",
    "content": "ذكر بيان للسفارة الأميركية بالقاهرة، اليوم (الثلاثاء)، أن الولايات المتحدة قامت في 31 يوليو (تموز) الماضي بتسليم خمسة أبراج لدبابات \"أبرامز ام1 ايه1\" في القاعدة الجوية بشرق القاهرة، وذلك \"في إطار الدعم الأمني الأميركي المستمر لمصر\"، حسب البيان.\n\n وستقوم الولايات المتحدة أيضا بتسليم 14 برجا إضافيا لدبابات \"ام1 ايه1\" في شهر أغسطس (آب) الحالي، ومع استمرار الإنتاج سيتم تسليم المزيد من الأبراج طبقا لمواعيد محددة، بالإضافة إلى أن الولايات المتحدة ستواصل تقديم المتابعة للدعم والصيانة، فضلا عن تدريب القوات البرية المصرية.\n\n وقد تم نقل الأبراج، التي تم تصنيعها في ولاية أوهايو، جوا مباشرة من الولايات المتحدة، كما تم تسليمها على الفور إلى مصنع الدبابات المصري للإنتاج المشترك المصري - الأميركي لدبابات \"ام1 ايه1\".\n\n وصرح الجنرال تشارلز هوبر كبير مسؤولي الدفاع في السفارة الأميركية بأن الإنتاج المشترك لدبابات (ام1 ايه1) في مصر يعطي الشعب المصري والقوات المسلحة المصرية قدرات اقتصادية وأمنية قوية، حيث أن تسليم الأبراج سيتيح الفرصة لأكثر من 2000 مواطن مصري للعمل في مصنع الإنتاج، فضلا عن تزويد القوات المسلحة بوسائل إضافية لمحاربة التطرف في المنطقة.\n\n وأكد البيان أن التزام الولايات المتحدة هذا العام بتقديم الدعم العسكري المقدر بحوالى 1.3 مليار دولار، يأتي في إطار مساندة جهود مصر الأمنية والعسكرية لمواجهة الإرهاب على عدة جبهات.\n\n ويعتبر تسليم أبراج الدبابات واستئناف الإنتاج المشترك الخاص بتصنيع دبابات أبرامز \"ام1 ايه1\" بمثابة أحدث الخطوات التي اتخذتها الولايات المتحدة لدعم الشراكة الأمنية مع مصر والتي استمرت لأكثر من 30 عاما.",
    "date_extracted": "2015-08-04 18:05:58"
}