{
    "url": "http://aawsat.com/home/article/420741/اتحاد-الطائرة-بعثة-المنتخب-لم-تعلم-بوجود-حفل-غنائي-على-متن-المركب",
    "title": "اتحاد الطائرة: بعثة المنتخب لم تعلم بوجود حفل غنائي على متن المركب",
    "author": "جدة: مروان المالكي",
    "content": "رغم عدم تحميله المسؤولية، لقوله إنه لم يعلم بوجود حفل غنائي، كما أنه لم يستطع سحب أفراد البعثة لكون السهرة جرت على متن مركب في نهر النيل، فإن اتحاد الطائرة السعودي قرر إعفاء الإداري المرافق لبعثة المنتخب السعودي للناشئين للكرة الطائرة عبد الله الجبر من منصبه، وتكليف خالد مطر للقيام بمهمته في إدارة معسكر الأخضر المقام هذه الأيام في القاهرة.\n\n وكان مقطع فيديو مثير للجدل انتشر عن طريق «سناب شات»، ظهرت فيه بعثة المنتخب السعودي للناشئين للكرة الطائرة في حفل عشاء بالقاهرة ويبدو أحد اللاعبين على المسرح وسط تفاعل أصدقائه وفي وجود المدرب وإداريي البعثة، مما دفع إدارة اتحاد اللعبة إلى إصدار بيان توضيحي تضمن قرارا بإبعاد إداري الفريق من منصبه.\n\n وأصدر الاتحاد السعودي للكرة الطائرة اليوم بيانا إعلاميا قال إنه «بناء على ما ورد من معلومات تفيد بحضور بعثة المنتخب السعودي للناشئين لحفل غنائي خلال معسكره الإعدادي بمصر ومشاركة بعض اللاعبين فيه، لذا فإننا نؤكد اطلاعنا على حيثيات الموضوع وفقا لما تم تداوله في بعض وسائل الإعلام، حيث قام الاتحاد بتكليف عضو مجلس الإدارة عبد الله العدوان بالذهاب لمعسكر المنتخب للتحقيق في الأمور كافة».\n\n وأكد البيان أن نتائج التحقيق أشارت إلى أن الحفل الذي جرى في إحدى السفن السياحية كان بدعوة من متعهد المعسكرات، وبمشاركة عدد من المنتخبات، ومن ضمنها المنتخب المغربي، ورؤساء ووفود البطولة الأفريقية للكرة الطائرة التي اختتمت مؤخرا في القاهرة، حيث حضرت البعثة السعودية الحفل دون العلم بالبرنامج المعد بهذه المناسبة.\n\n كما تم التأكد من عدم صحة ما ذكر في بعض وسائل الإعلام ومواقع التواصل الاجتماعي بأن الحفل جرى في أحد الملاهي الليلية، حيث كان الحفل في إحدى السفن السياحية التي احتضنت الكثير من مثل هذه المناسبات.\n\n وقال البيان إن «مجلس الإدارة في الاتحاد يرفض بشدة حضور مثل هذه المناسبات التي تتضمن مثل هذه الفقرات مهما كان موقعها انطلاقا من القيم الدينية والنهج التربوي الذي نحرص على تأصيله في أبنائنا اللاعبين». وأشار إلى أن مجلس الإدارة يؤكد بناء على التقرير الذي قدمه عضو مجلس الإدارة عبد الله العدوان عقب نهاية التحقيقات مع مسؤولي البعثة السعودية إعفاء الإداري المرافق عبد الله الجبر لعدم ضبطه لمسار الأمور خصوصا مع تعذر مغادرة الحفل كون السفينة في عرض النيل مع تكليف خالد مطر بالقيام بالمهمة.\n\n وفي ختام البيان، شدد فهد الحريشي، رئيس مجلس إدارة الاتحاد السعودي للكرة الطائرة، على حرص الاتحاد على أن تكون مشاركة البعثات بأفضل ما تكون عليه الانضباطية الإدارية والفنية وفق توجيهات الرئاسة العامة لرعاية الشباب واللجنة الأولمبية السعودية، مشددا على رفضه لأي خروج عن الضوابط في مشاركات المنتخبات والأندية محليا وخارجيا.",
    "date_extracted": "2015-08-02 22:59:16"
}