{
    "url": "http://aawsat.com/home/article/420706/مقتل-طيار-وإصابة-آخر-بتحطم-طائرة-روسية-أثناء-عرض-جوي-جنوب-شرقي-موسكو",
    "title": "مقتل طيار وإصابة آخر بتحطم طائرة روسية أثناء عرض جوي جنوب شرقي موسكو",
    "author": "لندن: «الشرق الأوسط أونلاين»",
    "content": "قتل طيار وأصيب آخر عندما تحطمت طائرة هليكوبتر خلال عرض جوي أقيم في اقليم ريازان الروسي اليوم (الاحد).\n\n وخلال أحد العروض في الحدث الذي أقيم على بعد نحو 200 كيلومتر جنوب شرقي موسكو، تحطمت الطائرة الهليكوبتر وهي من طراز مي-28 ، فيما أظهرت لقطات صورتها وكالة أنباء \"رويترز\" شخصا وهو يخرج من وسط الحطام بعد أن اشتعل فيه النيران.\n\n من جهتها، نسبت وكالة الاعلام الروسية الى الكولونيل جنرال فيكتور بونداريف قائد القوات الجوية الروسية، قوله \"القائد توفي. الطيار الثاني حي. قال الطيار الثاني ان عطلا في الاجهزة سبب الحادث\".",
    "date_extracted": "2015-08-02 22:57:28"
}