{
    "url": "http://aawsat.com/home/article/422931/فقدان-الروسية-ناتاليا-مولتشانوفا-أسطورة-الغطس-الحر-بالمياه-الإسبانية",
    "title": "فقدان الروسية ناتاليا مولتشانوفا أسطورة الغطس الحر بالمياه الإسبانية",
    "author": "القاهرة: «الشرق الأوسط أونلاين»",
    "content": "اختفت الروسية ناتاليا مولتشانوفا، التي تعد أعظم غطاسي العالم في الغطس الحر، في البحر قبالة شواطئ مدينة إيبيزا الإسبانية، ويعتقد إنها قد توفيت، حسبما ذكرت صحيفة «ديلي تلغراف» البريطانية.\nوتعد مولتشانوفا، البالغة من العمر 53 عاما، صاحبة 41 رقما قياسيا عالميا في الغطس الحر الذي يتطلب البقاء لأطول فترة ممكنة تحت الماء دون تنفس، وحصلت على 23 لقبا عالميا.\nوقال ابنها أليكسي إنها نزلت إلى المياه يوم الأحد الماضي، والسماء زرقاء والبحر هادئ، لكنها لم تظهر على السطح مجددا، ويومان من عمليات البحث المكثفة لم يسفرا عن العثور عليها.\nويقول رئيس الاتحاد العالمي للغطس الحر كيمو لاتينين «كانت نجمة غطس حر من الطراز الأول، واعتقدنا جميعا أنه لا شيء يمكن أن يؤذيها». ويضيف «لكننا نلعب مع المحيط، وحينما تلعب مع المحيط فإنك تعلم من الأقوى».\nوبمجرد توارد الأنباء عن فقدانها، قاد زملاؤها الغطاسون عمليات بحث، وطلبوا المساعدة عن طريق اللاسلكي، حيث انتشر أسطول من المراكب الخاصة وقوات حرس الحدود المحلية تدعمه طائرة مروحية، والشيء نفسه تم يوم الاثنين. ويوم الثلاثاء، استخدمت السلطات «روبوت» يعمل تحت الماء وقادرا على البحث بمحيط 500 متر.\nوقد صرح ابنها أليكسي بأنه لا يعتقد أن والدته لا تزال على قيد الحياة.\nوألفت مولتشانوفا، وهي سباحة سابقة، سلسلة من الكتب عن الغطس الحر، حيث كانت تعمل بالجامعة الروسية للتعليم البدني والرياضة والشباب والسياحة. ورقمها القياسي في الغطس الحر من دون زعانف هو 71 مترا تحت سطح الماء (233 قدما)، والذي حققته في مايو (أيار) الماضي بمدينة «دهب» المصرية. كما أنها احتفظت بالرقم القياسي العالمي للبقاء تحت الماء والذي بلغ تسع دقائق وثانيتين.",
    "date_extracted": "2015-08-06 01:44:26"
}