{
    "url": "http://aawsat.com/home/article/422006/ولي-ولي-العهد-السعودي-يغادر-اليوم-إلى-عمان-للقاء-الملك-عبد-الله-الثاني",
    "title": "ولي ولي العهد السعودي يغادر اليوم إلى عمان للقاء الملك عبد الله الثاني والمسؤولين في الأردن",
    "author": "جدة: {أونلاين ـ الشرق الأوسط}",
    "content": "قال الديوان الملكي السعودي، أن الأمير محمد بن سلمان بن عبد العزيز ولي ولي العهد النائب الثاني لرئيس مجلس الوزراء وزير الدفاع السعودي سيدأ غداً الثلاثاء زيارة للمملكة الأردنية الهاشمية، تلبية لدعوة من العاهل الأردني الملك عبد الله الثاني بن الحسين.\n وقال الديوان الملكي في بيان صدر الليلةـ أن ولي ولي العهد السعودي سيلتقي خلال الزيارة الملك عبد الله الثاني، وعدداً من المسؤولين في الأردن، لبحث العلاقات وأوجه التعاون بين البلدين.\n ",
    "date_extracted": "2015-08-04 18:07:46"
}