{
    "url": "http://aawsat.com/home/article/420611/نيويورك-تضيء-برجها-الشهير-دفاعًا-عن-الحيوانات-المهددة",
    "title": "نيويورك تضيء برجها الشهير دفاعًا عن الحيوانات المهددة",
    "author": "القاهرة: «الشرق الأوسط أونلاين»",
    "content": "في بادرة تعد الأولى من نوعها لتوعية الرأي العام العالمي بمخاطر اندثار الحيوانات المختلفة، أضيئت صور متحركة ضخمة لحيوانات مهددة بالانقراض أمس (السبت) على واجهة ناطحة السحاب الأميركية الشهيرة «إمباير ستيت بيلدينغ» في نيويورك.\nوقد عرضت الصور على الواجهة الجنوبية للبرج الشهير بارتفاع 114 مترا وعرض 56 مترا وعلى امتداد 33 طابقا، وكان بالإمكان رؤية هذه الصور من مسافة بعيدة.\nوتصدرت صورة الأسد سيسيل، الذي اصطاده طبيب أسنان أميركي في زيمبابوي أخيرًا، صور عدد كبير من الحيوانات من ثدييات وطيور وحشرات وغيرها من الأنواع المهددة بالانقراض.\nوبثت هذه الصور التي يستمر عرضها ثماني دقائق وتترافق مع موسيقى وإنارة خاصة، مرة كل ربع ساعة بين الساعة التاسعة مساء ومنتصف الليل بالتوقيت المحلي (الساعة الواحدة والرابعة فجر اليوم الأحد بتوقيت غرينتش). وقد استخدمت أضواء كاشفة قوية جدا خلال بث هذه الصور من سطح مبنى مجاور.\nويقف وراء فكرة هذا المشروع، التي ولدت قبل أربع سنوات، المخرج لوي فبسيهويوس مؤسس منظمة «أوسييناك بريزيرفيشن سوساييتي» الذي حاز فيلمه «ذي كوف» حول المجزرة السنوية التي يذهب ضحيتها آلاف الدلافين في اليابان، جائزة أوسكار أفضل وثائقي في عام 2010.\nوقال فيشر ستيفنز منتج «ذي كوف»: «أراد (المخرج) استخدام المبنى الذي يتمتع بأكبر دلالة رمزية، وهو بالنسبة له (إمباير ستيت بيلدينغ)»، مضيفا أن الهدف هو توعية الرأي العام بالأجناس المهددة بالانقراض دون اندثارها.\nوسبق لبرج «إمباير ستيت بيلدينغ» أن أنير باللون الأحمر عام 2011 في إشارة إلى المجزرة التي ندد بها فيلم «ذي كوف». وقد رحب القيمون عليه بسرعة بالفكرة الجديدة.\nوأوضح أنطوني مالكين، رئيس «إمباير ستيت بيلدينغ ريالتي تراست»، الذي يملك ناطحة السحاب الشهيرة، أن «(إمباير ستيت بيلدينغ) هو نموذج عالمي للاستدامة، والمنشأة الفنية التي بثت على واجهته تدعو الناس إلى التفكير بالطريقة نفسها حيال حياة الحيوانات على الأرض».",
    "date_extracted": "2015-08-02 22:59:13"
}