{
    "url": "http://aawsat.com/home/article/422111/«النصرة»-تخطف-خمسة-مقاتلين-جدد-في-برنامج-التدريب-الأميركي-للمعارضة-السورية",
    "title": "«النصرة» تخطف خمسة مقاتلين جدد في برنامج التدريب الأميركي للمعارضة السورية",
    "author": "لندن: «الشرق الأوسط أونلاين»",
    "content": "خطفت جبهة النصرة ذراع تنظيم القاعدة في سوريا، من جديد خمسة مقاتلين على الاقل كانوا قد تلقوا تدريبات في اطار برنامج التدريب الاميركي للمعارضة السورية المعتدلة في شمال غربي البلاد، بعد أيام من خطفها ثمانية مقاتلين آخرين.\n\n وقال مدير المرصد السوري لحقوق الانسان رامي عبد الرحمن لوكالة الصحافة الفرنسية «خطفت جبهة النصرة بين يوم الاثنين واليوم (الثلاثاء) خمسة مقاتلين على الاقل من الفرقة 30 في قرية قاح الحدودية مع تركيا».\n\n وكانت جبهة النصرة خطفت ثمانية عناصر من «الفرقة 30»، بينهم قائد الفرقة العقيد نديم الحسن مساء الاربعاء، قرب مدينة اعزاز في ريف حلب الشمالي، حسبما أفاد المرصد، إلّا أنّ وزارة الدفاع الاميركية نفت الأمر.\n\n كما اشار عبد الرحمن إلى أنّ جبهة النصرة «قامت باقتحام مخيم للنازحين في قرية قاح كان المقاتلون قد التجؤوا اليه الاثنين». مضيفًا «شوهد اختطاف خمسة مقاتلين» متابعًا «لكن عدد المختطفين قد يكون أكثر من ذلك».\n\n وذكر عبد الرحمن أيضًا أنّ جبهة النصرة «تقوم بمطاردة المقاتلين» الذين تلقوا تدريبات في اطار البرنامج الاميركي في محافظة ادلب (شمال غرب) كما في ريف حلب (شمال).\n\n وينتمي المقاتلون إلى مجموعة من 54 عنصرًا من «الفرقة 30»، تلقوا تدريبات عسكرية في تركيا، واجتازوا منتصف يوليو (تموز)، الحدود إلى داخل سوريا لمحاربة تنظيم «داعش».\n\n وكانت جبهة النصرة قد هاجمت الجمعة مقرًا للفرقة في المنطقة نفسها، ووقعت اشتباكات بينها وبين المدافعين عن المقر، تسببت بمقتل 25 متطرفًا من تنظيم النصرة وسبعة من المقاتلين والموالين لهم الذين جاؤوا لمؤازرة الفرقة، حسب حصيلة للمرصد الذي أشار إلى تزامن الاشتباكات مع غارات نفذها الائتلاف الدولي.",
    "date_extracted": "2015-08-04 18:05:56"
}