{
    "url": "http://aawsat.com/home/article/420731/روسيا-تنفّذ-عملية-في-القوقاز-وتقتل-8-من-«داعش»",
    "title": "روسيا تنفّذ عملية في القوقاز وتقتل 8 من «داعش»",
    "author": "لندن: «الشرق الأوسط أونلاين»",
    "content": "أعلنت اجهزة الامن الروسية، اليوم (الاحد)، أنّها قتلت ثمانية متطرفين بايعوا تنظيم «داعش» ويقفون وراء هجمات في منطقة القوقاز.\n\n وقالت اللجنة الوطنية لمكافحة الارهاب في بيان نشرته وكالات الانباء الروسية، إنّ القوات الخاصة اشتبكت مع «مجموعة من المسلحين» في منطقة احراج جبلية قرب الشيشان، من دون تحديد تاريخ حصول العملية. مضيفة أنّه «نتيجة للاشتباك، تم القضاء على ثمانية مسلحين».\n\n كما أشارت اللجنة إلى أنّ المسلحين «انضموا وبايعوا أخيرًا تنظيم داعش الارهابي العالمي»، وكانوا متورطين في قتل شرطيين وجرائم اخرى. وتابعت أنّ احد القتلى هو آدم تاغيلوف الذي قاد هجوما في العاصمة الشيشانية غروزني في ديسمبر (كانون الأول) 2014. وقتل حينها 14 ضابط أمن حين اقتحم مسلحون عددًا من المباني في غروزني في اليوم الذي يلقي الرئيس الروسي فلاديمير بوتين خطابه إلى الامة.\n\n وفي يونيو (حزيران) الماضي، أعلن مقاتلون متطرفون من اربع جمهوريات من القوقاز الروسي مبايعة تنظيم «داعش»، في تسجيل صوتي نشر على الانترنت، وقبل التنظيم المتطرف هذه المبايعة وعين «والياً» على القوقاز.\n\n وتقدر روسيا أنّ آلافا من مواطنيها سافروا إلى سوريا للقتال في صفوف تنظيم «داعش»، وغالبيتهم من منطقة القوقاز التي تشهد حركة تمرد منذ أن خاضت موسكو حربين مع الانفصاليين في الشيشان.",
    "date_extracted": "2015-08-02 22:57:26"
}