{
    "url": "http://aawsat.com/home/article/422471/طارق-الحميد/الأسد-يلعب-والآخرون-يضيعون-الوقت",
    "title": "الأسد يلعب.. والآخرون يضيعون الوقت!",
    "author": "",
    "content": "أقل ما يمكن قوله الآن عن الأزمة السورية أن بشار الأسد يمارس اللعب، بينما يضيع الآخرون الوقت، والأرواح، والفرص، لحماية ما تبقى من سوريا، وأمن المنطقة. وهذا ما يظهر من خلال ما نشر للآن بعد المفاوضات الثلاثية، الخليجية الأميركية الروسية، في قطر حول سوريا.\nالواضح أن هناك تطورات دبلوماسية تكشفها جملة من التصريحات المتضاربة، خصوصا الأميركية والروسية. الآن عملية إضاعة الوقت بسوريا ما زالت مستمرة، بينما يستمر الأسد في القتل، والتلاعب. فبينما أعلنت واشنطن عن سماحها للقيام بغارات جوية للمساعدة في صد أي هجوم ضد المعارضة التي تلقت تدريبات على يد الأميركيين، حتى لو كان الهجوم من قوات موالية للأسد، حذر وزير الخارجية الروسي سيرغي لافروف بأن من شأن تلك الغارات أن تعقد جهود القتال ضد «داعش»، قائلا إن هذا الوضع «مخالف للقانون الدولي، ويمثل عقبة في طريق تشكيل جبهة موحدة لمكافحة الإرهاب»! بينما يقول وزير الخارجية الأميركي جون كيري، وهو محق، إن وحشية الأسد هي ما جلب الجماعات المتطرفة إلى سوريا. وعليه، فإذا كان كيري يقول ذلك، ويدركه، فلماذا كل هذا الانتظار، والتسويف؟\nوبالنسبة للروس، فكيف يمكن اعتبار الأسد طرفا بدحر «داعش» وهو يواصل ارتكاب كل هذه الجرائم، ويستعين بالميليشيات الشيعية الإرهابية، من حزب الله، وغيره؟ والسؤال للروس أيضًا: هل كان «داعش» موجودا بسوريا قبل عامين، أو منذ انطلقت الثورة بشكل سلمي.. أم أنه ظهر بعد حماية الروس للأسد، سياسيا وعسكريا، وتدخل الإيرانيين، وبعد أن أطلق الأسد، ونظام العراق وقت نوري المالكي، قيادات إرهابية هي من يقود تنظيم داعش حاليا؟ بل ومتى سمعنا عن استهداف الأسد لـ«داعش» بشكل جدي؟\nالأكيد أن «داعش» هو نتاج جرائم وخبث الأسد، لكنه أيضًا، أي «داعش»، نتاج الإهمال الدولي بالعراق وسوريا، ولكل منهما تفصيل مختلف. ولذا فلا يمكن القول بأن الأسد حليف ضد الإرهاب، لأن ذلك مثير للسخرية، وبمقدار السخرية التي يثيرها قول المتحدث باسم البيت الأبيض بأن «نظام الأسد ملتزم بالنصيحة التي قدمناها له بعدم اعتراض أنشطتنا داخل سوريا»، فهذا طبيعي لأن الأسد لا يفهم إلا لغة القوة، ولو أنذره الأميركيون، مثلا، افعل كذا وإلا تحركنا، وضمن إطار زمني محدد، لرأينا واقعا آخر، وليس ما يردده الوزير كيري بأنه لا حل عسكريا بسوريا، التي كل ما يحدث فيها الآن هو عمل عسكري عدواني، وجرائم ترتكب من قبل الأسد، وإيران.\nولو كان هناك تحرك دولي فاعل لتوحيد المعارضة السورية، ولجم المتطرفين، وذلك عبر دعم نوعي حقيقي للجيش السوري الحر، لرأينا تغييرات حقيقية، أولها رضوخ الأسد، وحلفائه، للتعاطي بجدية مع الحلول السياسية، وعدا عن ذلك فإن الأسد يلعب، والآخرون يضيعون الوقت، والأرواح، والفرص!",
    "date_extracted": "2015-08-06 01:42:39"
}