{
    "url": "http://aawsat.com/home/article/422061/«السهم-الذهبي»-تحرر-«العند»-والحوثيون-يعدمون-أسرى-جنوبيين",
    "title": "«السهم الذهبي» تحرر «العند».. والحوثيون يعدمون أسرى جنوبيين",
    "author": "صنعاء: عرفات مدابش عدن: محمد علي محسن الرياض: ناصر الحقباني ونايف الرشيد",
    "content": "حققت المقاومة الشعبية الجنوبية بدعم من قوات التحالف، أمس نصرا جديدا، وذلك باستعادتها السيطرة على «قاعدة العند» العسكرية الاستراتيجية في محافظة لحج بجنوب البلاد، حيث تمكنت هذه القوات من بسط سيطرتها الكاملة على القاعدة الجوية. وقال الناطق باسم قاعدة العند قائد نصر لـ«الشرق الأوسط» إن تحرير العند، جاء في ضوء استئناف عملية «السهم الذهبي» التي حررت عدن، والتي بدأت في تحرير محافظتي لحج وأبين، وضمنها «العند».\n\n وأشار نصر إلى هروب جماعي لميليشيات الحوثي والرئيس السابق علي عبد الله صالح، التي تركت مواقعها وسط تقدم رجال المقاومة وقوات الجيش، منوها إلى أن قائد الحوثيين بالقاعدة الجوية المعين حديثا يرافقه خبراء إيرانيون شوهدوا وهم يفرون شرقا تجاه قيادة المحور.\n\n وأكد مصدر عسكري لـ«الشرق الأوسط» أن قوة عسكرية مكونة من نحو 4 آلاف مقاتل ونحو 400 آلية عسكرية التفت على القاعدة من جهة منطقة الصبيحة (غربا)، في الوقت الذي قامت فيه الجبهات الأمامية على الطريق العام إلى مدينة الحوطة، عاصمة محافظة لحج، بمشاغلة قوات المتمردين من الجهة الشرقية، وقد قتل وجرح في المعارك أمس نحو 50 من عناصر الميليشيات إضافة إلى أسر العشرات منهم.\n\n على صعيد آخر, قال المتحدث باسم المقاومة الجنوبية، علي شايف الحريري، لـ«الشرق الأوسط» إن الميليشيات الحوثية وقوات صالح «نفذت عملية إرهابية، حيث قامت بإعدام أسرى جنوبيين (12 أسيرًا)، من فصيلة القائد الشهيد البطل بن هرهرة، بطريقة بشعة، في واقعه خطيرة وانتهاك واضح لحقوق الأسرى والمعاهدات الدولية وعمل لا إنساني يتنافي وقيم تعاليم الإسلام»، وأكد أنه «بهذا العمل الشنيع، فإن هذه الميليشيات تضع نفسها، قيادة وجماعات، في دائرة ضيقة وتغلق أمامها أي أبواب للنجاة».\n\n \n\n المزيد...",
    "date_extracted": "2015-08-04 18:06:02"
}