{
    "url": "http://aawsat.com/home/article/421341/اللجنة-الأولمبية-الدولية-تطالب-بتحليل-مياه-البرازيل-قبل-انطلاق-أولمبياد-2016",
    "title": "اللجنة الأولمبية الدولية تطالب بتحليل مياه البرازيل قبل انطلاق أولمبياد 2016",
    "author": "لندن: «الشرق الأوسط أونلاين»",
    "content": "أعلنت اللجنة الأولمبية الدولية عن رغبتها في أن تخضع تلوث المياه في البرازيل للتحليل الدقيق قبل انطلاق دورة الألعاب الأولمبية 2016 بمدينة ريو دي جانيرو، في الصيف المقبل؛ وذلك منعا لإصابة الرياضيين بمختلف أنواع الفيروسات والبكتريا.\n\n وتتبع اللجنة الأولمبية الدولية هذا الإجراء تنفيذا لتوصيات منظمة الصحة العالمية.\n\n من جهته، قال ريتشارد بادجيت رئيس اللجنة الطبية التابعة للجنة الأولمبية الدولية خلال اجتماع الجمعية العمومية للجنة في كوالالمبور أمس الأحد: «منظمة الصحة العالمية تنصح بإخضاع المياه للتحليل للتأكد من خلوها من الفيروسات». وأضاف: «لقد قلنا دائما أنّنا نرغب في اتباع نصائح الخبراء في هذا الأمر ولذلك سنتحدث مع السلطات في ريو من أجل القيام بالتحليلات».\n\n ومن الواضح أن مياه مدينة باهيا دي جوانابارا التي ستستضيف سباقات المراكب الشراعية خلال الأولمبياد، بالإضافة إلى مياه كوباكابانا التي ستشهد انطلاق منافسات السباحة في المياه المفتوحة، تعاني من نسبة تلوث تثير مخاطر حول الصحة العامة للرياضيين.",
    "date_extracted": "2015-08-03 20:43:20"
}