{
    "url": "http://aawsat.com/home/article/423076/روبرت-داوني-جونيور-يتصدر-قائمة-«فوربس»-لأعلى-الممثلين-دخلاً-في-العالم",
    "title": "روبرت داوني جونيور يتصدر قائمة «فوربس» لأعلى الممثلين دخلاً في العالم",
    "author": "لندن: «الشرق الأوسط»",
    "content": "تصدر روبرت داوني جونيور، بطل فيلم «آيرون مان»، (الرجل الحديدي)، قائمة «فوربس» لأكثر ممثلي العالم دخلاً، أمس، التي ضمت لأول مرة ممثلين من بوليوود وهوليوود معا.\nوتحصل داوني (50 عاما) على ما يقدر بنحو 80 مليون دولار خلال الفترة من يونيو (حزيران) 2014 إلى يونيو 2015، مدفوعا بنجاح فيلمه هذا العام «أفينجرز إيدج أوف ألترون» الذي جنى أكثر من 1.3 مليار دولار بأنحاء العالم.\nوجاء الممثل الصيني المخضرم ونجم الرياضات القتالية جاكي شان (61 عاما) في المركز الثاني، وقالت «فوربس» إنه تحصل على 50 مليون دولار في العام الماضي من أعمال مشتركة بين هوليوود والصين؛ مثل «دراغون بليد»، وكذلك من التسويق الإعلاني.\nوجاء في المركز الثالث نجم هوليوود فين ديزل، بدخل قدر بنحو 47 مليون دولار، وهو ما يرجع بشكل أساسي لدوره في فيلم ومنتجات «فاست آند فيوريس»، وهو ما ينطبق أيضا على برادلي كوبر، وآدم ساندلر، وتوم كروز.\nوتحصل ساندلر (48 عاما) على 41 مليون دولار خلال العام الماضي، وهو ما يرجع جزئيا إلى اتفاقات الإنتاج التي وقعها مع استوديوهات «سوني» و«نتفليكس».\nوشملت قائمة العشرة الأوائل أيضا نجوم بوليوود أميتاب باتشان، وسالمان خان، وأكشاي كومار.\nوتشارك باتشان (72 عاما) وخان (49 عاما) المركز السابع بدخل يقدر بنحو 33.5 مليون دولار لكل منهما. وجاء كومار (47 عاما) في المركز التاسع بدخل قدر بنحو 32.5 مليون دولار.\nوتضع «فوربس» قائمتها لدخول الفنانين مستندة إلى أرقام مستقاة من مصادر مثل «نيلسن» و«بوكس أوفس موجو» و«آي إم دي بي»، وتحتسب الدخول بعد استقطاع الضرائب المقدرة والمصروفات الإدارية. وتنشر في وقت لاحق قائمتها لأعلى الممثلات ربحا.",
    "date_extracted": "2015-08-06 01:45:08"
}