{
    "url": "http://aawsat.com/home/article/420951/علماء-عمر-المجال-المغناطيسي-للأرض-4-مليارات-عام",
    "title": "علماء: عمر المجال المغناطيسي للأرض 4 مليارات عام",
    "author": "لندن: «الشرق الأوسط»",
    "content": "ذكر علماء أن عُمر المجال المغناطيسي للأرض، الذي يحمي الغلاف الجوي من الأشعة الضارة، 4 مليارات عام على الأقل. ويزيد هذا 550 مليون عام على العمر الذي كان معتقدا في السابق. واعتمد العلماء بجامعة روتشستر في نيويورك على تحليل بلورات عُثر عليها غرب أستراليا. ومع فقدان الشمس كتلتها ببطء، تلفظ جزيئات يُمكن أن تؤدي إلى تأكّل الغلاف الجوي للأرض. ويحمي المجال المغناطيسي الأرض من هذه الرياح الشمسية.\nوكان التقدير السابق لعمر المجال المغناطيسي يقف عند 3.45 مليار سنة، ووُضع في عام 2010، وينتج المجال المغناطيسي للأرض عن حركة الحديد المنصهر في لُبها الخارجي. وحتى يحدث هذا، لا بد أن تنبعث الحرارة بصفة منتظمة.\nوفي حديث لـ«بي بي سي»، قال جون تاردونو، الأستاذ في جامعة روتشستر والمتخصص بعلم فيزياء الأرض: «ذرات الحديد تدور بمحاذاة نسبية مع المجال المغناطيسي للأرض، وتحفظ هذه المعلومة إلا إذا تم تسخين المادة بما يتجاوز ما يطلق عليه درجة حرارة كوري».\nوأضاف تاردونو الخبير البارز في المجال المغناطيسي للأرض: «عندما يتم تسخين معدن لأعلى من درجة حرارة كوري، فإنه يفقد هذه المعلومة». وجرى فصل الآلاف من بلورات معدن الزركون على نحو يدوي من صخور بغرب أستراليا، لأن أساليب الفصل المغناطيسي كان من شأنها تلويث العينات.\nواستخدم مجهر أيونات الحديد لتحديد عُمر الزركون. ورصد المجهر وجود رصاص ويورانيوم. وأتاح تضاؤل النشاط الإشعاعي تحديد العُمر.\nثم جرى تحديد مستوى المغنطة باستخدام جهاز لقياس المغناطيسية. وأوضح جون تاردونو أن «قياس مغنطة الزركون يعتبر بمثابة تحد تكنولوجي، لذا أعددنا جهازا خاصا لقياس المغناطيسية من أجل هذه الدراسات».\nومضى قائلا: «الحدث الذي كوّن القمر يعني أنه لن يكون بمقدورنا رؤية ما الذي حدث في أول 100 مليون سنة من حياة الأرض، إذ إن المعلومات مُحيت بفعل هذا الحدث». وأضاف: «للحصول على بيانات أقدم، يجب أن نتأكد من أن الزركون حُفظ ولم يُعد تسخينه لأعلى من درجة حرارة كوري».",
    "date_extracted": "2015-08-03 20:45:02"
}