{
    "url": "http://aawsat.com/home/article/422486/بعد-تطهير-لحج-أبين-المحطة-التالية-للمقاومة-اليمنية",
    "title": "بعد تطهير لحج.. أبين المحطة التالية للمقاومة اليمنية",
    "author": "صنعاء: عرفات مدابش  ـ عدن: محمد علي محسن الرياض: نايف الرشيد",
    "content": "أكدت مصادر في الجيش الوطني والمقاومة الموالية للشرعية في اليمن، أمس، أنه بعد تحرير محافظة لحج بالكامل، بما فيها قاعدة العند، من المتمردين، ستكون الوجهة المقبلة هي محافظة أبين. وأضافت المصادر التي كانت تتحدث لـ«الشرق الأوسط»، أن الميليشيات الحوثية والقوات الموالية للرئيس السابق علي عبد الله صالح، «باتت مخلخلة وتعاني التفكك بعد صدمة العمليات العسكرية القوية والمباغتة للجيش الوطني والمقاومة التي حققت نتائج إيجابية وملموسة».\n\n وتحدثت المصادر عن جريمة جديدة ارتكبتها الميليشيات الحوثية بحق أحد الجرحى، وقالت إن «أحد المواطنين كان يريد إسعاف ابنه المصاب في منطقة العشش بالعند، غير أن نقطة للحوثيين استوقفته وقام أحد عناصر الميليشيات بإطلاق النار على الشاب المصاب وأرداه قتيلا»، وقال لوالده: «الآن اذهب وأسعفه».\n\n وفي تعز، تواصلت المواجهات العنيفة بين القوات الموالية للشرعية، وميليشيات المتمردين. وفي ظل تحقيق المقاومة تقدما ميدانيا في تعز، رد الحوثيون بقصف عشوائي على المنازل والأحياء الآهلة بالسكان.\n\n في غضون ذلك، أكد نائب مدير عام مطار عدن الدولي، عبد الرقيب العمري، وصول قوات إماراتية ضمن دول التحالف بقيادة السعودية، إلى المطار بهدف تأمين محيطه، تمهيدًا لاستئناف الرحلات الدولية خلال اليومين المقبلين. وقال العمري إن «العمل لا يزال متواصلا مع الجهات ذات العلاقة لاستكمال البنى الأساسية لمطار عدن الدولي، ومعاودة استئناف الرحلات». ولفت العمري إلى أنه جرى تجهيز صالتين لوصول الركاب ومغادرتهم بشكل عاجل.\n\n دبلوماسيًا، جدد مبعوث الأمم المتحدة إلى اليمن إسماعيل ولد الشيخ أحمد، أمس، دعوته لوقف إطلاق النار وفقا لخطة تتضمن انسحاب الحوثيين من المدن الرئيسية لتفسح المجال أمام عودة حكومة الرئيس عبد ربه منصور هادي. وشدد ولد الشيخ أحمد، في تصريحات لقناة «سي بي سي» التلفزيونية المصرية، أنه «يجب أن يكون هناك انسحاب ووقف لإطلاق النار والاتفاق عليهما».\n\n وشدد على أهمية توفير الأجواء التي تسمح للحكومة «بالعودة إلى صنعاء والمدن الكبرى». وأضاف بقوله: «هذا أساسي جدا».\n\n ...المزيد",
    "date_extracted": "2015-08-06 01:45:34"
}