{
    "url": "http://aawsat.com/home/article/422081/بريطانيا-تقرر-تمديد-حملتها-ضد-«داعش»-في-العراق-لمدة-سنة",
    "title": "بريطانيا تقرر تمديد حملتها ضد «داعش» في العراق لمدة سنة",
    "author": "لندن: «الشرق الأوسط أونلاين»",
    "content": "قال وزير الدفاع البريطاني مايكل فالون، اليوم (الثلاثاء)، إنّ بلاده ستمدد حملتها الجوية في العراق ضد تنظيم «داعش» سنة، مشيرًا إلى أنّها ستستخدم مقاتلات تورنادو في شن الضربات حتى مطلع 2017 على الاقل.\nوكانت بريطانيا قالت إنّ استخدام مقاتلات تورنادو، سيستمر حتى مارس (آذار) 2016، أي بعد عام مما كان مقررًا، ومن ثمّ تخرج الطائرات من الخدمة. لكن فالون صرّح أثناء زيارة للعراق، أنّ الطائرات المتمركزة في قبرص لديها قدرات، مما يعني أن استخدامها يجب أن يستمر فترة أطول.\nكما أفاد فالون لهيئة الاذاعة البريطانية (بي.بي.سي)، «أثبتت أسراب طائرات التورنادو جدارتها في الحملة الجوية، بفضل الاسلحة الدقيقة التي تملكها وبفضل مهام الاستطلاع والمراقبة التي تقوم بها عندما لا تشن الغارت». وتابع «عبر الاميركيون وحلفاء آخرون عن تقدير خاص لمساهمة التورنادو، ولهذا السبب سنستمر في استخدامها سنة أخرى».\nيذكر أنّ غارات التحالف الدولي بقيادة الولايات المتحدة، شنت عشرات الغارات الجوية في العراق وسوريا خلال الايام القليلة الماضية، فيما تسعى لاضعاف شوكة المقاتلين الذين يسيطرون على مساحات واسعة في البلدين في اطار مسعاهم لاقامة دولة «الخلافة الاسلامية».\nوبريطانيا جزء من التحالف بقيادة الولايات المتحدة؛ لكن برلمانها يدعم شن الضربات في العراق فقط وليس سوريا.\nوقبل حوالى عشرة ايام فقط، شنّت تركيا أولى ضرباتها ضد التنظيم المتطرف في سوريا، كما بدأت في مهاجمة مقاتلين أكراد.",
    "date_extracted": "2015-08-04 18:06:11"
}