{
    "url": "http://aawsat.com/home/article/420851/لقاء-الدوحة-الثلاثي-سيبحث-محاربة-«داعش»-وميليشيات-إيران-في-سوريا",
    "title": "لقاء الدوحة الثلاثي سيبحث محاربة «داعش» وميليشيات إيران في سوريا",
    "author": "الرياض: فهد الذيابي - القاهرة: أحمد الغمراوي  وسوسن أبو حسين",
    "content": "شهدت القاهرة أمس حوار «مكاشفة» مع وزير الخارجية الأميركي جون كيري بحثت خلاله الملفات الأمنية الإقليمية.\n\n وقال كيري بعد حوار «صريح» مع نظيره المصري سامح شكري، إن «هناك توافقًا وتصحيحًا للكثير من سوء الفهم... وواشنطن ملتزمة بتقديم كل الدعم العسكري لمصر».\n\n في غضون ذلك، عقد وزراء خارجية دول مجلس التعاون مساء أمس في الدوحة اجتماعًا تنسيقيًا للتحضير لاجتماع مع كيري اليوم لبحث الاتفاق النووي مع إيران والأزمة السورية.\n\n ومن المرتقب أن تشهد الدوحة اليوم أيضًا اجتماعًا ثلاثيًا بين كيري ونظيره الروسي سيرغي لافروف، ووزير الخارجية السعودي عادل الجبير. ورجح أديب الشيشكلي، سفير الائتلاف السوري لدى الخليج، تعاونًا لمكافحة الإرهاب في سوريا ومواجهة تنظيمي «داعش» و«النصرة» والميليشيات القادمة من إيران والعراق.\n\n ...المزيد",
    "date_extracted": "2015-08-03 20:43:40"
}