{
    "url": "http://aawsat.com/home/article/420096/امرأة-هندية-تصارع-تمساحًا-بأواني-الطهي",
    "title": "امرأة هندية تصارع تمساحًا بأواني الطهي",
    "author": "نيودلهي - لندن: «الشرق الأوسط»",
    "content": "لجأت سيدة هندية للدفاع عن حياتها ضد تمساح بضربه بأواني الطهي حسبما أفاد مسؤولون أمس السبت. وكانت سابيتري سامال (37 عاما) تغسل الصحون في خور بالقرب من منزلها في منطقة كيندرابارا بولاية أوريسا عندما اندفع تمساح عملاق نحوها.\nوقال بي كي باتنايك، وهو مسؤول كبير في شؤون الغابات، في تصريح عبر الهاتف من كيندرابارا: «قبض التمساح على الساق اليمنى (للمرأة) لكنها صدت هذا الهجوم الشرس». وأضاف: «قالت إنها ضربت التمساح على رأسه وعينيه بوعاء من الألمنيوم وملعقة خشبية وتركها بعد هذا الصراع». وصرخت سامال مطالبة بالمساعدة من الناس حولها الذين هرعوا إلى مكان الحادث ونقلوها إلى المستشفى.\nوهناك موجة من هجمات التماسيح في القرى الواقعة حول حديقة بهيتاركانيكا، بحسب المسؤولين. ولقي اثنان من القرويين حتفهما في مثل تلك الهجمات خلال الأشهر القلائل الماضية.",
    "date_extracted": "2015-08-02 23:00:53"
}