{
    "url": "http://aawsat.com/home/article/422876/أحمد-قطان-يهنئ-مصر-قيادة-وشعبا-بتدشين-قناة-السويس-الجديدة",
    "title": "أحمد قطان يهنئ مصر قيادة وشعبا بتدشين قناة السويس الجديدة",
    "author": "القاهرة: «الشرق الأوسط أونلاين»",
    "content": "قال السفير أحمد بن عبد العزيز قطان، سفير خادم الحرمين الشريفين لدى مصر مندوب المملكة العربية السعودية الدائم لدى جامعة الدول العربية، إن «الأمير محمد بن سلمان بن عبد العزيز آل سعود ولي ولي عهد المملكة العربية السعودية النائب الثاني لرئيس مجلس الوزراء وزير الدفاع، سوف يترأس وفد المملكة لحضور حفل افتتاح قناة السويس الجديدة، مشاركًا الشعب المصري الشقيق فرحته بهذا الإنجاز الرائع».\n\n وأكد قطان في بيان اليوم (الأربعاء)، أنه «يؤكد ما قاله خادم الحرمين الشريفين الملك سلمان بن عبد العزيز - حفظه الله - بأن المملكة العربية السعودية تقف إلى جانب حكومة مصر وشعبها الشقيق، وموقف المملكة تجاه مصر واستقرارها وأمنها ثابت لا يتغير، وما يربط البلدين الشقيقين نموذج يحتذى في العلاقات الاستراتيجية والمصير المشترك».\n\n وتقدم قطان بالتهنئة والأمنيات الطيبة لمصر قيادة وحكومة وشعبًا بمناسبة تدشين قناة السويس الجديدة غدًا (الخميس)، مؤكدًا أن هذا الصرح العالمي والإنجاز الرائع الذي تم إنشاؤه في وقت قياسي، وهو أمر ليس بغريب على إرادة الشعب المصري الذي طالما واجه الكثير من التحديات واستطاع بفضل الله وعونه التغلب عليها وتجاوزها، منوها بأن هذا المشروع العملاق يُشكل إنجازًا ستنعكس نتائجه على مختلف المجالات السياسية والاقتصادية والاجتماعية ليس في مصر وحدها؛ بل سيخلق صرحًا اقتصاديًا هامًا في المنطقة العربية بأسرها، وسيفتح آفاقًا من التعاون الاقتصادي والاستثماري بين مصر وسائر دول الوطن العربي والعالم بأسره.\n\n وأضاف قطان أن مصر بلد مهم ليس في منطقة الشرق الأوسط فحسب؛ ولكن في العالم كله، وهي دولة محورية يجب علينا جميعًا أن نساندها بقوة لتعود إلى مكانتها الطبيعية التي كانت عليها. وتابع بقوله: «لا شك أنه منذ أن تولى الرئيس عبد الفتاح السيسي منصبه وهناك اختلاف كبير في كل شيء، فها هي مصر تعقد مؤتمرات ناجحة كالمؤتمر الاقتصادي ثم القمة العربية وتفتتح مشروعات ضخمة كمشروع قناة السويس الجديدة الذي نحتفل بتدشينه، وها هي الاستثمارات تتدفق من رجال الأعمال من كافة دول العالم لثقتهم في مصر وقيادتها وحكومتها».",
    "date_extracted": "2015-08-06 01:45:49"
}