{
    "url": "http://aawsat.com/home/article/420691/«العمل-المالي»-لمكافحة-جرائم-غسل-الأموال-تمنح-السعودية-مقعد-مراقب",
    "title": "«العمل المالي» لمكافحة جرائم غسل الأموال تمنح السعودية مقعد مراقب",
    "author": "الرياض: «الشرق الأوسط أونلاين»",
    "content": "أصدرت مجموعة العمل المالي (FATF) لمكافحة جرائم غسل الأموال وتمويل الإرهاب وانتشار التسلح خلال اجتماعها العام الثالث من الدورة السادسة والعشرين الذي عُقد في مدينة بريزبن في استراليا في التاسع من شهر رمضان 1436ه الموافق السادس والعشرين من شهر يونيو (حزيران) 2015م، قراراً بالإجماع يقضي بالموافقة على منح المملكة العربية السعودية مقعد مراقب في المجموعة تمهيداً لحصولها على العضوية الكاملة وفقاً لسياسات وإجراءات العمل الداخلية للانضمام إلى المجموعة.\n\n وقالت مؤسسة النقد العربي السعودي في بيان صحافي اصرته اليوم، إن قرار المجموعة جاء عقب الاستماع إلى نتائج تقرير الزيارة الميدانية التي قام بها وفد رفيع المستوى من المجموعة للمملكة برئاسة رئيس المجموعة خلال الفترة 1-4 يونيو 2015م، أشاد خلالها الرئيس وأعضاء فريق الزيارة بدور المملكة البارز في مكافحة جرائم غسل الأموال وتمويل الإرهاب وانتشار التسلح من خلال برنامج متكامل تشارك فيه جميع السلطات المعنية في المملكة الأعضاء في اللجنة الدائمة لمكافحة غسل الأموال التي يرأسها محافظ مؤسسة النقد العربي السعودي، فيما أبدى الفريق قناعته التامة بأهمية عضوية المملكة في دعم الجهود الإقليمية والدولية في مكافحة تلك الجرائم.\n\n الجدير بالذكر أن المملكة سبق أن تلقت طلباً من مجموعة العمل المالي (FATF) بالانضمام إلى المجموعة التي تضم في عضويتها 34 دولة والمفوضية الأوروبية ومجلس التعاون لدول الخليج العربية، وعدداً من المراقبين من المنظمات المختصة.",
    "date_extracted": "2015-08-02 23:01:25"
}