{
    "url": "http://aawsat.com/home/article/421011/«التلفزيون-الأفريقي»-جسر-إعلامي-بين-العالم-العربي-وأفريقيا",
    "title": "«التلفزيون الأفريقي» جسر إعلامي بين العالم العربي وأفريقيا",
    "author": "نواكشوط: الشيخ محمد",
    "content": "أعلن في العاصمة السنغالية دكار عن إطلاق البث التجريبي لقناة «التلفزيون الأفريقي»، وهي قناة تلفزيونية خاصة تحاول أن تكون الجسر الإعلامي الأول من نوعه لنقل ما يجري في العالم العربي إلى المتلقي الأفريقي باللغتين الفرنسية والإنجليزية.\nويتولى الإشراف على إدارة التلفزيون الأفريقي الإعلامي عبد الله محمدي الذي يدير في نفس الوقت عدة مؤسسات إعلامية في أفريقيا ومنطقة الساحل، وهو مراسل تلفزيوني سابق لعدة محطات عربية، كما سبق أن عمل مراسلاً لصحيفة «الشرق الأوسط» في منطقة غرب أفريقيا حتى عام 2003.\nوقال عبد الله محمدي في تصريح لـ«الشرق الأوسط» إن «أفريقيا تعد المنطقة الأكثر نموًا في العالم وساحة استقطاب القوى العالمية، ما جعل الاهتمام بها أمرا ضروريا وحيويا لاعتبارات سياسية واقتصادية واستراتيجية»، مشيرًا إلى أن «العلاقات بين أفريقيا والعالم العربي تبقى مهمة لمنطقتين شهدتا تاريخا مشتركا اختلطت فيه عوامل الثقافة والدين، من هنا تكمن الحاجة إلى خلق جسر تواصل يربط أفريقيا بالعالم العربي».\nوأوضح محمدي أن المشروع الجديد «يخاطب المتلقي الأفريقي بلغته لتعريفه بما يجري في العالم العربي من أحداث اقتصادية وثقافية وسياسية وإنسانية»، مضيفًا أن «العرب ابتعدوا عن أفريقيا، في وقت يحصل المواطن الأفريقي على معلومات مشوشة عما يدور في المنطقة العربية، وهو مستهدف من جهات متعددة تريد إبعاده عن ثقافته».\nوبحسب ما أعلن عنه فإن القناة الجديدة تعتمد على مكاتب مجهزة في عواصم بلدان غرب أفريقيا، بالإضافة إلى مكتبين في العاصمة المغربية الرباط والموريتانية نواكشوط، مع طاقم أفريقي شاب من ذوي المواهب وخضع أفراده لتكوين وفق أساليب الإعلام التلفزيوني الحديث.\nوبدأت القناة البث عبر الأقمار الصناعية ضمن عدد من الباقات الأفريقية، بينما كشفت عن سعيها للاعتماد بشكل كبير على البث عبر الإنترنت وعبر التطبيقات على جميع المنصات لتكون أكثر قربًا من المتلقي في منطقة تشهد نموًا سريعًا.\nوفي ما يخص محتوى القناة، قال محمدي إنهم سيسعون إلى «إنتاج تقارير وبرامج تعتمد المهنية»، بينما ستعتمد القناة نوعًا من «الحياد الإيجابي» في بعض القضايا التي تهم المنطقة، كما سيكون التركيز واضحًا على الاقتصاد وتدبير الشأن الديني في منطقة تواجه التشدد والغُلو، مع المساعدة في نشر ثقافة السلام والأخوة بين الشعوب، على حد تعبيره.",
    "date_extracted": "2015-08-03 20:47:53"
}