{
    "url": "http://aawsat.com/home/article/421586/لندن-14-سنة-سجنًا-لمضارب-في-قضية-التلاعب-بـ«ليبور»",
    "title": "لندن: 14 سنة سجنًا لمضارب في قضية التلاعب بـ«ليبور»",
    "author": "لندن: «الشرق الأوسط»",
    "content": "أدانت محكمة في لندن توم هايز، المضارب السابق في الحي المالي في لندن، بتهمة التلاعب بأسعار الفائدة بين البنوك المعروفة باسم «ليبور»، وأصدرت حكمًا بـ14 سنة في حقه.\nوهايز، البالغ من العمر 35 عامًا، هو أول شخص يحاكم في لندن بتهمة التلاعب في سعر الفائدة بين البنوك ليبور بعد سبع سنوات من التحقيق العالمي حول دفع البنوك وشركات السمسرة نحو 9 مليارات دولار كغرامات متصلة بهذه القضية.\nوقد تثبتت المحكمة من أن هايز، كان في قلب المؤامرة الرامية إلى التلاعب في أسعار الفائدة. وقد اعترف سابقًا بممارسة العمل، الذي أدين به بغرض التربح، غير أنه أكد أن عملية التلاعب بأسعار الفائدة بين البنوك، كانت شائعة، وأن مسؤوليه كانوا على اطلاع بما كان يقوم به.\nوعمل هايز في بنك «سيتي غروب» الأميركي، الذي طرد منه في 2010، كما عمل في بنك «يو بي إس» السويسري.",
    "date_extracted": "2015-08-04 18:06:40"
}