{
    "url": "http://aawsat.com/home/article/420516/شراكة-عالمية-بين-«لو-ميريديان»-ومجموعة-«ليجو»-لتوفير-لعب-مجانية-للعائلات",
    "title": "شراكة عالمية بين «لو ميريديان» ومجموعة «ليجو» لتوفير لعب مجانية للعائلات المسافرة",
    "author": "",
    "content": "أعلنت «ستاروود العالمية للفنادق والمنتجعات»، المسجلة في بورصة نيويورك تحت الرمز (NYSE: HOT)، عن شراكة عالمية بين «لو ميريديان للفنادق والمنتجعات» و«مجموعة ليجو» لتقديم ألعاب مجانية للترحيب بالأطفال الذين يقومون بتسجيل أسمائهم في أي من فنادق العلامة التي تزيد على مائة فندق ومنتجع حول العالم. وتزامنًا مع موسم سفر العائلات خلال فصل الصيف، سوف يتم تحية الأطفال الذين تصل أعمارهم إلى 12 عامًا بلعبة «ليجو» مجانًا للاستمتاع خلال إقامتهم وأخذها معهم إلى المنزل كتذكار من أسفارهم.\nوبهذه المناسبة، قال برايان بوفينيللي، النائب الأول للرئيس والمدير العالمي للعلامة التجارية في «لو ميريديان» و«ويستن»: «يسهم السفر في توسيع رؤية الطفل للعالم، الأمر الذي يوسع بدوره العقول الإبداعية المحبة للاستطلاع، وتشجع شراكتنا الحصرية مع (مجموعة ليجو) العائلات على الاستمتاع بوجهتهم من خلال لعبة مجانية مبتكرة، مما يعزز الروابط الأسرية وتنشئ ذكريات لا شك أنها ستستمر إلى آخر العمر، وتقوم لعبة (ليجو) بتهيئة وضبط الأمر لذلك عند الوصول إلى فنادقنا».\nوتعد لعبة «ليجو» الترحيبية أول ملمح سوف يتم تقديمه ضمن برنامج «لو ميريديان العائلي» متعدد الأوجه عبر أنحاء العلامة، الذي سينطلق الخريف المقبل. وسوف يركز البرنامج على التجارب التنويرية والابتكارية للعائلة بأسرها، لإطلاق العنان لأخيلتهم في المنشأة الفندقية، والاستمتاع بالوجهة المحلية للآباء والأطفال على السواء.\nمن جانبه، أوضح سورين بوروب، مدير أول المنتج للبضائع والعروض الترويجية في «مجموعة ليجو»، أن «المجموعة تولي اهتمامًا كبيرًا للإبداع والاستكشاف، ويعدان أمرين أساسيين لديها، وكان لـ(لو ميريديان) نفس الروح والعقلية للمفهوم الترحيبي للعائلات، لتمكين المزيد من الأطفال في أنحاء العالم من الحصول على تجربة عملية في البناء من (ليجو)».",
    "date_extracted": "2015-08-02 23:06:51"
}