{
    "url": "http://aawsat.com/home/article/421131/وصول-خادم-الحرمين-الشريفين-للمملكة-المغربية-في-إجازة-خاصة",
    "title": "وصول خادم الحرمين الشريفين للمملكة المغربية في إجازة خاصة",
    "author": "طنجة: «الشرق الأوسط»",
    "content": "وصل خادم الحرمين الشريفين الملك سلمان بن عبد العزيز إلى مدينة طنجة بالمملكة المغربية أمس، في إجازة خاصة، وكان في استقباله بمطار طنجة، رئيس الحكومة المغربية عبد الإله ابن كيران، ووالي طنجة محمد يعقوبي، والقائد المنتدب للحامية العسكرية بطنجة محمد المرابط، ورئيس الجماعة الحضرية لطنجة فؤاد العماري، ورئيس مجلس عمالة طنجة عبد الحميد ابرشان، ورئيس المجلس العلمي محمد كنون، والرئيس الأول لمحكمة الاستئناف عبد السلام ميسار، والوكيل العام للملك لدى محكمة الاستئناف بالنيابة بوشعيب الماحي، ومدير جمارك منطقة الشمال الغربي حسن حلو، ووالي أمن طنجة مولود أوخويا، والقائد الجهوي للدرك الملكي محمد الغربي، والقائد الجهوي للقوات المساعدة عبد الله أوقصر، والقائد الجهوي للوقاية المدنية عز الدين الخويلي.\n\n كما كان في استقبال خادم الحرمين الشريفين، الأمير سعود بن عبد الله بن محمد، والدكتور عبد الرحمن بن محمد الجديع سفير السعودية لدى المغرب، والعقيد ركن نبيل العايد الملحق العسكري لدى المغرب، وأعضاء السفارة السعودية لدى المغرب، وعدد من المسؤولين، توجه بعدها الملك سلمان بن عبد العزيز في موكب رسمي إلى المقر المعد لإقامته.\n\n وقد وصل في معية خادم الحرمين الشريفين كل من: الأمير خالد بن فهد بن خالد، والأمير منصور بن سعود بن عبد العزيز، والأمير طلال بن سعود بن عبد العزيز، والأمير سطام بن سعود بن عبد العزيز، والأمير الدكتور حسام بن سعود بن عبد العزيز، والأمير محمد بن عبد الرحمن بن عبد العزيز، والأمير خالد بن سلمان بن عبد العزيز، والأمير نايف بن سلمان بن عبد العزيز، والأمير راكان بن سلمان بن عبد العزيز، والدكتور إبراهيم بن عبد العزيز العساف وزير المالية، والدكتور عادل بن زيد الطريفي وزير الثقافة والإعلام، وحازم بن مصطفى زقزوق رئيس الشؤون الخاصة لخادم الحرمين الشريفين، وخالد بن صالح العباد رئيس المراسم الملكية، وفهد بن عبد الله العسكر نائب السكرتير الخاص لخادم الحرمين الشريفين مساعد رئيس الديوان الملكي للشؤون التنفيذية، وعقلا بن علي العقلا نائب رئيس الديوان الملكي المكلف، والفريق أول حمد بن محمد العوهلي رئيس الحرس الملكي المكلف، وتميم بن عبد العزيز السالم مساعد السكرتير الخاص لخادم الحرمين الشريفين.",
    "date_extracted": "2015-08-03 20:45:20"
}