{
    "url": "http://aawsat.com/home/article/420086/آمال-ماهر-تطرب-جمهور-مهرجان-قرطاج-الدولي",
    "title": "آمال ماهر تطرب جمهور مهرجان قرطاج الدولي",
    "author": "تونس: «الشرق الأوسط»",
    "content": "بحلاوة صوتها وإحساسها المرهف شدت المطربة المصرية آمال ماهر بأجمل أغانيها وأدت لعمالقة الفن العربي عندما صعدت مرة ثانية على مسرح قرطاج الأثري لينتشي الجمهور الذي حضر حفلها الليلة الماضية.\nواستمتع الجمهور الكبير بصوت الفنانة المتألقة عندما غنت أجمل أغانيها «رايح بيا فين» و«سكة السلامة» و«في ايه بينك وبينها» و«من السنة للسنة» كما قدمت الأغنية التراثية التونسية «سيدي منصور» التي تفاعل معها بحماس ورددها بإتقان.\nوقالت الفنانة التي كانت ترتدي فستانا أسود مخاطبة جمهورها «أهلا بيكم.. أنا فخورة أني واقفة على مسرح قرطاج اليوم في ظل الظروف اللي نمر بها لكن نحن أقوى من أي ظروف».\nوأضافت وسط هتاف الجماهير «إن شاء الله دائما تونس أحلى مكان في الدنيا وإن شاء الله يكون يوم جميل وتستمتعوا».\nواستمرت الفنانة المصرية في الغناء لتقدم باقة من أجمل أغاني عمالقة الفن العربي مثل أم كلثوم وعبد الحليم حافظ وسط تفاعل الجمهور الذي عاد لزمن الفن الجميل بجمال صوتها وحلاوته وقدرتها على أداء الأغاني الطربية.\nوقالت واحدة من الجماهير عقب الحفل «جميلة جدا استمتعنا.. آمال أطربتنا بصوتها الجميل وحضورها الرائع».\nوأضافت «نشعر أنها سعيدة بتلقائيتها ونشعر أنها سعيدة بالحضور إلى قرطاج ومررت شعورها إلى جمهورها... حفل رائع».\nولم تكن الفنانة المصرية قد اشتهرت كثيرا عندما صعدت لأول مرة على المسرح الأثري بقرطاج عام 2006 لكنها سحرت الجماهير بأدائها الرائع للأغاني الطربية وأغانيها الخاصة لا سيما الأغنية الشهيرة «إيه بينك وبينه».\nواعتبرت المصرية آمال ماهر نجمة الدورة 51 لمهرجان قرطاج الدولي الذي يستمر حتى الثامن عشر من أغسطس (آب) الحالي.",
    "date_extracted": "2015-08-02 23:08:07"
}