{
    "url": "http://aawsat.com/home/article/422866/حبوب-منع-الحمل-قد-تقي-من-سرطان-الرحم",
    "title": "حبوب منع الحمل قد تقي من سرطان الرحم",
    "author": "القاهرة: «الشرق الأوسط أونلاين»",
    "content": "ذكر مجموعة من العلماء اليوم (الأربعاء) أن حبوب منع الحمل يمكنها أن توفر حماية طويلة الأمد للوقاية من سرطان الرحم وأنه كلما استخدمت لفترة أطول تراجع بشكل أكبر خطر الإصابة بالسرطان.\nوقال فاليري بيرال، وهو أستاذ بجامعة أكسفورد في بريطانيا، شارك في الإشراف على هذه الدراسة «الأثر القوي لموانع الحمل التي تؤخذ عن طريق الفم في الوقاية من الإصابة بسرطان الجدار الداخلي للرحم، وهو الأثر الذي يستمر لعشرات السنين بعد التوقف عن تعاطي حبوب منع الحمل، يعني استمرار استفادة النساء اللاتي كن يستخدمن هذه الحبوب في العشرينات من العمر أو أصغر عندما يصبحن في الخمسينات أو سن أكبر وهي الفترة العمرية التي تصبح فيها الاحتمالات الإصابة بالسرطان أكثر شيوعا».\nوتابع قائلا: «البحوث السابقة أوضحت أيضا أن حبوب منع الحمل تمنع كذلك الإصابة بسرطان المبيض. اعتاد الناس على القلق من أن حبوب منع الحمل قد تسبب السرطان لكن الحبوب تقلل خطر الإصابة بالسرطان في الأجل الطويل».\nوقام الفريق الذي أشرف عليه بيرال بجمع البيانات لبحثهم - الذي نشر في دورية «لانست أونكولوجي» المتخصصة في علم الأورام، عن 27276 امرأة مصابة بسرطان في الجدار الداخلي للرحم شملتها 36 دراسة من أميركا الشمالية وأوروبا وآسيا وأستراليا وجنوب أفريقيا مستخدمين جميع الأدلة الوبائية تقريبا التي جرى جمعها عن تأثير وسائل منع الحمل التي تؤخذ عن طريق الفم.\nووجد الباحثون أنه كل خمس سنوات من تناول حبوب منع الحمل فإن خطر الإصابة بسرطان جدار الرحم يقل بنحو 25 في المائة.",
    "date_extracted": "2015-08-06 01:44:30"
}