{
    "url": "http://aawsat.com/home/article/421546/مدرب-الشباب-يطلب-استبعاد-نجوم-محليين-من-الفريق",
    "title": "مدرب الشباب يطلب استبعاد نجوم محليين من الفريق",
    "author": "الرياض: أحمد العرياني",
    "content": "قدم مدرب فريق الشباب الأوروغواياني ألفارو غوتيريز قائمة مبدئية باللاعبين المستبعدين المطلوب تسويقهم وإعارتهم للموسم الحالي.\nوطلبت الإدارة المكلفة وأعضاء الشرف المؤثرين من المدرب الانتظار حتى نهاية المعسكر الخارجي يوم الجمعة المقبل، والعودة لمدينة الرياض لمناقشته بشكل شامل.\nوعلمت «الشرق الأوسط» أن القائمة تضم لاعبا أجنبيا ولاعبين محليين معروفين، وهو الأمر الذي دفع مسيري النادي لطلب الانتظار ومناقشة الفارو غوتيريز بشكل مباشر.\nمن جهة أخرى، واصل الشباب مسلسل انتصاراته في مبارياته الودية التي يخوضها في معسكره الإعدادي المقام في مدينة ميرلو الهولندية، وجاء الانتصار الشبابي في سادس ودياته على حساب فريق ليرس الهولندي بنتيجة 2 - صفر في اللقاء الذي أقيم مساء أول من أمس.\nودخل المدرب الأوروغواياني الفارو غوتيريز على الأسماء التي سيبدأ بها موسمه حين زج بكل من محمد العويس، وعبد الله الأسطا، وسلطان الدعيع، وعبد الله الفهد، وحسن معاذ، وأحمد عطيف، وعبد الملك الخيبري، وعبد المجيد الصليهم، ورافينها، وعبد الرحمن خير الله، وأفونسو.\nتألق العويس في بداية المباراة وتصدى لفاول خطير على رأس منطقة الجزاء، وبعد مرور (19 دقيقة) نجح قائد الشباب أحمد عطيف من تسجيل الهدف الأول من تسديدة فوق حارس المرمى.\nفي الشوط الثاني زج غوتيريز بكل من منصور جوهر، وحمد الجيزاني، وصالح القميزي، وساري عمرو، وماجد المرشدي، وسياف البيشي، وعبد الرحمن الخيبري، وعبد الله السبيعي، وإسماعيل مغربي، وموسى الشمري، وعبد العزيز البيشي.\nأضاف القميزي الهدف الثاني لصالح الشباب من هجمة مرتدة سدد فيها الكرة من فوق حارس المرمى.\nوفي السياق ذاته، سيخوض فريق الشباب لقاءه الودي الأخير مساء يوم غد الأربعاء عندما يلاقي فريق الريان القطري، وسيكون يوم الخميس هو اليوم الختامي في معسكر الفريق بمدينة ميريلو الهولندية.",
    "date_extracted": "2015-08-04 18:06:57"
}