{
    "url": "http://aawsat.com/home/article/421121/انطلاق-«السهم-الذهبي»-لتحرير-أبين-ولحج",
    "title": "انطلاق «السهم الذهبي» لتحرير أبين ولحج",
    "author": "صنعاء: عرفات مدابش  عدن: محمد علي محسن",
    "content": "وصلت أمس الأحد تجهيزات عسكرية مقدمة من دول التحالف لدعم الجيش بعدن، وقال مصدر عسكري لـ«الشرق الأوسط» إن من بين التجهيزات العسكرية عشرات الدبابات وناقلات الجند والمدرعات. وبحسب المصدر فإن التجهيزات العسكرية هذه ستخصص لدعم وحدات الجيش الذي يتم تجهيزه بعدد من مديريات محافظة عدن. وأضاف أن هذه الأسلحة التي وصلت خلال اليومين المنصرمين ستعزز جبهات القتال في المحافظات الجنوبية.\n\n وأوضح أن المقاومة الشعبية والجيش الوطني، في محافظة لحج، تسلما خلال اليومين الماضيين دبابات من نوع «لوكلير» الحديثة مقدمة من دول التحالف والتي دخلت في خط المواجهات وضربت أوكار ميليشيات الحوثي في منطقة صبر بلحج.\n\n وأشار إلى أن تزويد المقاومة والجيش الوطني بالدبابات والعربات والمدرعات الحديثة والمتطورة ساهم وبشكل كبير في قلب المعادلة العسكرية لمصلحة الجيش والمقاومة، إذ تمكنت المقاومة والجيش من خلال تلك القوة من تطهير مناطق شاسعة من ميليشيا الحوثي وصالح في لحج وعدن، وتتجه حاليا لاستكمال تطهير بقية المناطق.\n\n وفي سياق متصل قال قيادي بارز في المقاومة في جنوب اليمن لـ«الشرق الأوسط» إن عملية «السهم الذهبي» التي حررت عدن، استؤنفت مجددا، أمس، وذلك من أجل تحرير محافظتي أبين ولحج من قبضة الميليشيات الحوثية وقوات المخلوع علي صالح، مؤكدا أنها «دخلت مرحلة التنفيذ».\n\n ومن ناحية ثانية لقي العشرات من عناصر الميليشيات الحوثية، أمس، مصرعهم على يد المقاومة الشعبية في محافظة البيضاء، وقالت مصادر محلية لـ«الشرق الأوسط» إن المقاومة اعترضت تعزيزات كانت في طريقها من المحافظات الشمالية إلى محافظة أبين الجنوبية المجاورة للبيضاء، وإن عددا من الآليات العسكرية جرى تدميرها في الكمين الذي أعقبه هجوم على تلك القوات، وتشهد أبين مواجهات مسلحة عنيفة بين القوات الموالية لهادي، من جهة والحوثيين وقوات صالح، من جهة أخرى، وتسعى قوات هادي والمقاومة إلى استعادة السيطرة على مدينة زنجبار، عاصمة المحافظة، والتي باتت تلك القوات على تخومها، بعد تحرير منطقتي دوفس والكود من عناصر الميليشيات، وفي السياق ذاته، قال شهود عيان إن تعزيزات عسكرية أرسلت من عدن باتجاه أبين (شرقا)، وذلك بهدف تعزيز قدرات المقاتلين هناك، وفي الوقت ذاته، ما زالت المعاركة محتدمة في جبهة مديرية لودر، وقال مصدر في المقاومة بأبين لـ«الشرق الأوسط» إن المقاومة الشعبية الجنوبية في لودر تواصل تقدمها في جبهات القتال محافظة أبين وتعمل بتنسيق مع دول التحالف على السيطرة على الخط الساحلي، مؤكدا أن هذا التقدم يأتي رغم أن المقاومة لم تتلق دعما، مناسبا، رغم المعارك الضارية التي خاضتها ضد الميليشيات وقوات صالح وتمكنها من تطهير بعض المواقع وكانت على وشك تحرير مدينة لودر، لولا حصول الحوثيين على تعزيزات عسكرية كبيرة من المحافظات الشمالية عبر محافظة البيضاء.\n\n وفي جبهة الضالع، قالت مصادر في المقاومة الشعبية لـ«الشرق الأوسط» إن دبابات المقاومة الشعبية الجنوبية في الضالع قصفت ميليشيات الحوثي والمخلوع صالح التي تحاول الوصول إلى الشريط الحدودي سناح وتلحق بها خسائر في العتاد والأرواح للمرة الرابعة خلال 3 أيام، وإن ذلك تزامن ذلك مع استمرار حشد ميليشيات الحوثي والمخلوع صالح قواتها، منذ يومين، إلى مدينة قعطبة، شمال الضالع، وخلال الأيام الماضية، صدت المقاومة في الضالع سلسلة هجمات كبيرة للحوثيين الذي يسعون إلى الدخول إلى المدينة، دون أن يتمكنوا من ذلك في ظل صمود مقاتلي المقاومة.\n\n إلى ذلك، كثف طيران التحالف، أمس، غاراته على قاعدة العند العسكرية الاستراتيجية في محافظة لحج، بشمال عدن، وقال شهود عيان لـ«الشرق الأوسط» إن غارات مكثفة شنتها طائرات التحالف على القاعدة العسكرية التي تخضع لحصار مطبق من قبل المقاومة الشعبية والقوات العسكرية الموالية للرئيس عبد ربه منصور هادي، منذ بضعة أيام، بعد معارك ضارية شهدها محيط القاعدة مع الميليشيات الحوثية والقوات الموالية للرئيس المخلوع علي عبد الله صالح، وذكرت المصادر الخاصة أن الغارات دمرت مخازن ومخابئ مموهة، أقامها الحوثيون، وفي الحوطة، عاصمة لحج، تواصل المقاومة تقدمها ببطء نحو المدينة، وأبرز ما يتم التركيز عليه، هو تطهير المناطق المحيطة بالمدينة من القناصة.\n\n كما شنت طائرات التحالف العربي غارات على معسكر اللواء 15 في زنجبار بمحافظة أبين، شرق عدن جنوب اليمن، وأشارت مصادر في المقاومة الشعبية لـ«الشرق الأوسط» إلى أن الغارة أسفرت عن تدمير عدة آليات عسكرية، كانت تحمل أسلحة وذخائر في طريقها لدعم المتمردين، وأضافت أن أصواتا ضخمة سمعت في محيط المكان، نتيجة لانفجار الأسلحة والذخائر كما أدت إلى مصرع وإصابة عشرات المتمردين. وتزامنت غارات طيران تحالف إعادة الأمل مع هجوم للمقاومة الشعبية على المعسكر الموالي للرئيس اليمني المخلوع علي عبد الله صالح.",
    "date_extracted": "2015-08-03 20:46:16"
}