{
    "url": "http://aawsat.com/home/article/421856/العبادي-يتهم-أطرافًا-سياسية-باستغلال-«الحشد-الشعبي»",
    "title": "العبادي يتهم أطرافًا سياسية باستغلال «الحشد الشعبي»",
    "author": "بغداد: حمزة مصطفى",
    "content": "انتقد رئيس الوزراء العراقي حيدر العبادي أطرافا سياسية عراقية بسبب محاولة بغضها استغلال وجود «الحشد الشعبي» لحسابات سياسية. وصرح العبادي أمس بأن «تعاون وتضافر جهود الجميع من كتل سياسية ووسائل الإعلام سيسير بالبلد إلى الإصلاح وبر الأمان، لكننا نرى أن هناك تصارعا بين الكتل على المناصب وحتى التضحيات للأبطال المقاتلين أصبحت مثار صراع بين الكتل». وأشار إلى أن فتوى «المرجعية الدينية كانت للتطوع لـ(الجهاد) الكفائي تحت مظلة الدولة وعلم الدولة وأن المنظومة الأمنية واحدة لا تتجزأ، وبالتالي على الجميع إلى العمل بروح الفريق الواحد لأن التعاون أفضل من الصراع».\n\n واتهم العبادي أمس «أطرافا سياسية» لم يسمها بالوقوف ضد الإجراءات الإصلاحية التي قال: إن حكومته تسعى إلى تطبيقها. وقال العبادي خلال كلمة له في المؤتمر الأول لـ«التعايش بين الشباب» إن «أي خطوة نخطوها للإصلاح تقابل بالرفض ومنها ما يتعلق بتخفيض رواتب المسؤولين وكذلك شمول المسؤولين بالقطع المبرمج للكهرباء». وأضاف العبادي أن «البلاد تواجه تحديا خطيرا متمثلا بخطر العصابات الإرهابية الظلامية والتي يواجهها أبطالنا في جبهات القتال تحت الحر الشديد من أجل كرامة ووحدة بلدنا وأبنائه». وجاءت كلمة العبادي في وقت يشهد العراق مظاهرات يومية منذ الأسبوع الماضي في مدن عدة على تردي الخدمات في البلاد وسط غضب شعبي من إهدار المال العام والرواتب العالية للمسؤولين.\n\n وجدد العبادي تأييده للمظاهرات الجماهيرية المتواصلة في عدد من المحافظات الوسطى والجنوبية بالإضافة إلى بغداد، قائلا: «إننا لا نريد أن نسكت صوتا يعترض وإننا معهم من أجل تحسين الخدمات والإصلاح وقد أصدرنا أوامرنا للقوات الأمنية بضرورة حسن التعامل مع المتظاهرين وأن القوات الأمنية التي تقاتل في جبهات القتال هي من حمت المتظاهرين وأن العامل المشترك بينهما يتمثل بخدمة الوطن والمواطن». كما أكد العبادي أنه «بات من الأهمية تفعيل مبدأ من أين لك هذا للجميع وأن تقوم هيئة النزاهة بتشكيل فرق خاصة للتحقق من الأموال». وأوضح أن «أي خطوة نخطوها للإصلاح تقابل بالرفض ومنها ما يتعلق بتخفيض رواتب المسؤولين وكذلك شمول المسؤولين بالقطع المبرمج للكهرباء»، عادا أن «الهدر الأكبر للثروات يتمثل بسوء التخطيط والتنظيم المتبع في تنفيذ المشاريع».\n\n وفي هذا السياق، أكد عضو البرلمان العراقي عن ائتلاف دولة القانون محمد الشمري في حديث لـ«الشرق الأوسط» أن «العبادي تسلم السلطة في ظروف صعبة حيث كان تنظيم داعش على أسوار بغداد كما أن المؤسسة العسكرية كانت شبه منهارة والفساد ينخر كل مفاصل الدولة وسوء الخدمات وسوء الإدارة يضاف إلى ذلك فتور في العلاقات الإقليمية والدولية وما هو موجود منها لم يجر توظيفه بطريقة صحيحة في توحيد الموقف العراقي حيال ما يجري». وأضاف الشمري الذي ينتمي والعبادي إلى نفس الكتلة (دولة القانون التي يتزعمها نوري المالكي والتي تشهد انقسامات وخلافات حادة بين عدد من أقطابها) أن «العبادي جاء مكبلا بقيود وثيقة الاتفاق السياسي وهو ما يعني استمرار الشراكة والمشاركة في السلطة على قاعدة المحاصصة والتوافقات والتي من شأنها إجهاض أي مشروع حقيقي للإصلاح». وأوضح الشمري أن «العبادي كان يتعين عليه مواجهة كل هذه التحديات جملة واحدة وهو بالفعل بدأ بخطوات معينة في محاربة الفساد وسوء الإدارة كما أنه عمل على بث روح جديدة في العلاقة بين أطراف العملية السياسية من خلال إعادة جسور الثقة مع جميع المكونات السياسية من خلال رغبته في استيعاب الجميع».\n\n وردا على سؤال بشأن الاتهامات لأطراف من داخل البيت الشيعي في محاربتها للعبادي، قال الشمري إن «هذا صحيح حيث إن خطوات العبادي الإصلاحية كشفت خللا في الدولة وبالتالي فإن الأطراف المتضررة والتي كانت جزءا من آلية الفساد لم يرق لها هذا الأمر فبدأت تتحرك بروح أنانية من أجل الوقوف بوجه هذه الإصلاحات حيث إنه عندما تنتصر الأنانية والمصالح الشخصية فإن هذا مدعاة لأن يتحرك من يعتقد أن هذه الإصلاحات ستطاله يوما في محاولة عرقلتها وبعضهم بالفعل أطراف داخل التحالف الوطني الذي ينبغي أن يكون أكثر حرصا من سواه على نجاح رئيس الوزراء لأن هذا النجاح يسجل له».\n\n لكن وزير شؤون المحافظات الأسبق عضو البرلمان العراقي السابق القاضي وائل عبد اللطيف أكد من جانبه لـ«الشرق الأوسط» أنه «في الوقت الذي يتوجب فيه على القائد الناجح أن لا يتأثر بما يقوله هذا الطرف أو ذاك أو يشكو من هذه الحالة أو تلك حيث يمكنه إسكاتهم جميعا بالإجراءات الناجحة والخطط السليمة التي يجب أن تكون دستورية وقانونية بالدرجة الأساس ولكن لا بد من التأكيد هنا أن (نوري) المالكي لعله أول من يسعى لعرقلة جهود العبادي الإصلاحية». وأضاف عبد اللطيف أن «السؤال الذي يطرح نفسه هنا هو هل كل قرارات العبادي صحيحة حتى يشكو الآخرين؟ الجواب لا، حيث إن العبادي مثلا أقدم وبأمر ديواني على تنظيم راتب رئيس الجمهورية بينما يجب أن ينظم ذلك بقانون لا بأمر من رئيس الوزراء ثم إن هناك ثلاثة قوانين للرواتب بدءا من رئيس الجمهورية ونوابه إلى رئيس الوزراء والنواب والدرجات الخاصة نقضتها المحكمة الاتحادية ولكن لم يجر التعامل معها بطريقة صحيحة». وأضاف أن «وجود ثلاثة نواب لرئيس الجمهورية ومثلهم لرئيس الوزراء إنما يمثل هدرا بالمال العام لأن هؤلاء تخصص لهم موازنة تشغيلية وليس فقط رواتبهم أو مخصصاتهم بل حتى لو بقينا في إطار الرواتب فإنه إذا كان راتب الوزير 12 مليون دينار عراقي فإن مخصصاته تفوق الخمسين مليونا». وأكد وجود «أبواب للإنفاق لا تخطر على بال وهي تحتاج إلى معالجات وليس إلى شكاوى لأن المسؤول يجب عليه اتخاذ إجراءات بينما نحن المواطنين ممن لا نمتلك قرارا من حقنا نشكو».",
    "date_extracted": "2015-08-04 18:08:10"
}