{
    "url": "http://aawsat.com/home/article/421406/بارزاني-يتعهد-بالانتقام-من-«داعش»-لاعتدائه-على-الإيزيديين",
    "title": "بارزاني يتعهد بالانتقام من «داعش» لاعتدائه على الإيزيديين",
    "author": "لندن: «الشرق الأوسط أونلاين»",
    "content": "تعهد رئيس اقليم كردستان العراق مسعود بارزاني، اليوم (الاثنين)، بالانتقام من تنظيم \"داعش\" المتطرف الذي اعتدى بوحشية على ابناء الطائفة الايزيدية في صيف 2014.\n\n وقال بارزاني في كلمة ألقاها في محافظة دهوك بمناسبة مرور عام على احتلال سنجار من قبل التنظيم \"بعد كارثة سنجار وعدت بابا شيخ (رجل الدين الايزيدي) باني سوف أضحي بروحي من اجل الانتقام من الذين غدروا بالايزديين\". واضاف \"الذين ارتبكوا هذه الجريمة لن نتركهم ولو بقي منهم رجل واحد وسوف نلاحقهم سواء بالطرق العسكرية او القانونية\".\n\n وفي الثالث من أغسطس (آب) العام الماضي قام المتطرفون باجتياح قضاء سنجار معقل الطائفة الايزيدية الذي كان تحت سيطرة قوات البشمركة الكردية في محافظة نينوى.\n\n ونفذ التنظيم مذابح بحق الطائفة الايزيدية بعد انسحاب قوات البشمركة، وصفتها الامم المتحدة محاولة لتنفيذ ابادة جماعية، وكانت واحدة من مبررات قيام التحالف الدولي بقيادة الولايات المتحدة التدخل جوا ضد التظيم بعد ايام من وقوع المجازر.\n\n وتمكنت قوات البشمركة مدعومة بالتحالف الدولي من استعادة مساحات من اراضي سنجار لاحقا، لكن لاتزال مساحات شاسعة تقع تحت سيطرة التنظيم.\n\n وقال بارزاني في خطابه \"هم (تنظيم الدولة) تركوا آلافا من جثثهم في ساحات المعارك، ولكن هذا غير كاف بحقهم مقارنة بالجريمة التي ارتكبوها\".\n\n وأصدرت حكومة اقليم كردستان حصيلة باعداد قتلى ونازحي الايزيديين الذين بلغوا 400 ألف نازح بين ثلاثة ملايين في العراق منذ مطلع عام 2014.\n\n ووفقا لاحصائيات حكومة الاقليم، فان 1280 شخصا قتل خلال هجوم المتطرفين على مدينة سنجار، فيما توفي 280 بسبب سوء الظروف، ولا يزال 841 شخصا في عداد المفقودين.\n\n وبحسب الحصيلة، فان 5800 شخص خطفوا من قبل التنظيم الذي حول النساء لسبايا. ولم يتمكن سوى نحو ألفين منهم من الفرار.",
    "date_extracted": "2015-08-03 20:42:41"
}