{
    "url": "http://aawsat.com/home/article/420491/السعودية-مطار-الملك-خالد-الدولي-من-أسرع-المطارات-نموًا-في-المنطقة",
    "title": "السعودية: مطار الملك خالد الدولي من أسرع المطارات نموًا في المنطقة",
    "author": "جدة: فهد البقمي",
    "content": "شهدت العاصمة السعودية الرياض تقلبات جوية شديدة خلال الساعات الأولى من صباح يوم أمس، أدى إلى تدنٍ في مستوى الرؤية الأفقية، مما تسبب في تأجيل عدد من الرحلات القادمة والمغادرة من مطار الملك خالد الدولي.\nمن جهتها، أعلنت الهيئة العامة للطيران المدني تأجيل وتحويل وجهات بعض رحلات الطيران في مطار الملك خالد الدولي بالرياض؛ نظرًا لتقلب الأجواء.\nوطلبت «الهيئة» من المسافرين التواصل مع خطوط الطيران لمعرفة أي مستجدات حول مواعيد رحلاتهم.\nوقال يوسف العبد، مدير عام مطار الملك خالد الدولي، لـ«الشرق الأوسط»، إن «عدد الرحلات التي جرى تحويلها من المطار هي خمس رحلات جرى تحويلها إلى مطار الملك فهد الدولي في الدمام، بينما استؤنفت الحركة الجوية في المطار بعد تحسن الأجواء ووضوح الرؤية، مشيرًا إلى أن تعليق الرحلات المؤقت يهدف في المقام الأول للمحافظة على سلامة المسافرين إلا أن حالة الظروف المناخية عادة ما تؤثر على الحركة الجوية في مطارات العالم كافة، مشيرًا إلى أن متوسط الرحلات القادمة والمغادرة من مطار الملك خالد يصل إلى 500 رحلة.\nمن جانبه، أكد عبد الرحمن الفهد، مساعد مدير الخطوط السعودية للعلاقات العامة، أن الرحلات القادمة من رفحاء وكولومبو والقاهرة للرياض غيّرت وجهتها للدمام؛ بسبب الغبار.\nويعد مطار الملك خالد الدولي واحدًا من أسرع المطارات نموًا في حركة المسافرين في المنطقة، الأمر الذي دفع الهيئة العامة للطيران المدني بصفتها المسؤولة عن الارتقاء بصناعة النقل الجوي في البلاد إلى طرح جملة من المشروعات التطويرية العاجلة التي تساهم في تناغم المطار مع نمو الحركة الجوية، ومن المشروعات التي يجري تنفيذها، تطوير الصالة الخامسة، بالإضافة إلى مشروع مماثل للصالة الثالثة والرابعة.\nويرتبط المطار داخليًا بأكثر من 26 مطارًا إلى جانب ارتباطه بالمطارات الدولية، وتعمل في المطارات الكثير من شركات الطيران العالمية التي تسير رحلاتها من وإلى المطار، باعتباره أحد أهم المطارات على خريطة النقل الجوي نتيجة النمو الاقتصادي الذي تشهده السعودية.\nوكانت الرئاسة العامة للأرصاد وحماية البيئة توقّعت في تقريرها عن حالة الطقس، سماء غائمة جزئيًا إلى غائمة على جنوب وغرب السعودية تمتد حتى شمال غربي البلاد، وكذلك على منطقتي الشرقية والرياض، بينما يتوقع هطول أمطار رعدية على مناطق عسير والباحة وجازان ونجران تمتد إلى مرتفعات منطقتي مكة المكرمة والمدينة المنورة وتكون من متوسطة إلى غزيرة (خاصة على منطقتي عسير وجازان)، في حين تتهيأ الفرصة لهطول أمطار رعدية على الأجزاء الجنوبية والغربية من منطقتي الشرقية والرياض.\nوتوقعت الأرصاد تأثر الرؤية الأفقية بالعوالق الترابية والأتربة المثارة على مناطق شمال ووسط السعودية تمتد حتى مناطق جنوب غرب وغرب، مع طقس معتدل الحرارة على المصايف شديد الحرارة على شرق ووسط وشمال السعودية.",
    "date_extracted": "2015-08-02 23:06:35"
}