{
    "url": "http://aawsat.com/home/article/422496/50-امرأة-إيرانية-في-السجن-بسبب-النشاط-المدني",
    "title": "50 امرأة إيرانية في السجن بسبب النشاط المدني",
    "author": "طهران: عادل السالمي",
    "content": "من المتوقع أن تصدر منظمة العفو الدولية، اليوم، نداء عاجلا للتحرك من أجل إطلاق سراح المحامية والناشطة الإيرانية نرجس محمدي، بعد أن أعادتها السلطات من مستشفى طالقاني إلى سجن «أفين»، رغم تقارير طبية تؤكد تدهور حالتها الصحية وضرورة بقائها تحت المراقبة الطبية المشددة.\n\n ونقل موقع «جمعية مدافعي حقوق الإنسان» في إيران، عن أسرة محمدي، قولها إن قوات الأمن الإيراني، نقلت المتحدثة باسم جمعية مدافعي حقوق الإنسان إلى سجن أفين بعد يوم من دخولها إلى المستشفى بسبب تعرضها لـ«شلل عضلي جزئي» دام ثماني ساعات.\n\n من جانبها، قالت المحامية وناشطة حقوق الإنسان الإيرانية ليلى علي أكرمي لـ«الشرق الأوسط»، إن «السلطة القضائية لم تتعامل مع الملف بصورة قانونية»، وتابعت تقول: «لا يوجد دليل ولا أي منطق يبرر سجنها».\n\n وعن عدد معتقلات الرأي في إيران، قال المحامية إكرامي: «عددهن خمسون امرأة ناشطة إيرانية في السجن بسبب النشاط المدني، ولا توجد إحصائيات رسمية تظهر عدد النساء السجينات عموما في إيران».\n\n وقالت الباحثة الإيرانية رها بحريني لـ«الشرق الأوسط»، إن «منظمة العفو الدولية تتابع منذ سنوات حالة نرجس محمدي وتنظم حملات من أجل الدفاع عنها، لأن محمدي تعتبر من أبرز ناشطات حقوق الإنسان في إيران التي تعرضت للاعتقال عدة مرات من قبل السلطات الإيرانية».\n\n ...المزيد",
    "date_extracted": "2015-08-06 01:43:44"
}