{
    "url": "http://aawsat.com/home/article/421671/معاقبة-طالب-أميركي-نشر-تعليقات-على-الإنترنت",
    "title": "معاقبة طالب أميركي نشر تعليقات على الإنترنت",
    "author": "دالاس - لندن: «الشرق الأوسط»",
    "content": "عاقبت جامعة تكساس المسيحية أحد طلابها بعد أن نشر تعليقات على الإنترنت اعتبرت مهينة عرقيا بشأن الأحداث الجارية؛ من بينها أعمال الشغب في بالتيمور بولاية ميريلاند، وتنامي نفوذ تنظيم «داعش».\nوقالت الجامعة إن الطالب هاري فينسنت، 19 عاما، انتهك اثنتين من قواعد السلوك الطلابية فيما يخص «إلحاق الضرر البدني أو المعنوي» وانتهاج «سلوك غير منضبط». وعوقب بعدم المشاركة في الأنشطة الطلابية خارج المناهج الدراسية لمدة عام وعدم استخدام المنشآت غير العلمية مثل الكافيتريا ومركز الترفيه.\nومن بين التعليقات التي جلبت عليه العقاب ما كتبه على «فيسبوك»: «هؤلاء المجرمون.. في بالتيمور يحتاجون إلى الشحن والنفي إلى الصحراء الأفريقية. ربما حينها يدركون مدى ما نقدمه لهم (من ثروة وتعليم جامعي ورعاية طبية.. إلخ».\nوقال فينسنت لـ«رويترز»: «أتحمل مسؤولية تعليقاتي. أنا كتبتها. أعتذر إذا أهانت التعليقات أي شخص». وأضاف: «لكني عند موقفي بأن ما قلته لا ينتهك أي قانون ويحميه الدستور».\nوقال فينسنت إن تظلمه من العقوبة قوبل بالرفض وإنه قرر عدم حضور المحاضرات خلال فصل الخريف.\nوقالت متحدثة باسم الجامعة إن أحد القوانين الاتحادية المتعلقة بالخصوصية يحول دون تعليق جامعة تكساس المسيحية على تفاصيل العملية التأديبية للطالب.\nوقالت الجامعة في بيان: «تتوقع جامعة تكساس المسيحية أن يتصرف طلابها بطريقة تتماشى مع وظيفتها؛ وهي تعليم الأفراد التفكير والعمل بوصفهم قادة أخلاقيين ومواطنين مسؤولين في مجتمع عالمي».",
    "date_extracted": "2015-08-04 18:10:11"
}