{
    "url": "http://aawsat.com/home/article/422901/القيادة-السعودية-تهنئ-رئيس-وشعب-جمهورية-بوليفيا-بمناسبة-ذكرى-الاستقلال",
    "title": "القيادة السعودية تهنئ رئيس وشعب جمهورية بوليفيا بمناسبة ذكرى الاستقلال",
    "author": "جدة: «الشرق الأوسط أونلاين»",
    "content": "بعث خادم الحرمين الشريفين الملك سلمان بن عبد العزيز، ببرقية تهنئة للرئيس إيفو موراليس أيما رئيس جمهورية بوليفيا بمناسبة ذكرى استقلال بلاده.\nوأعرب الملك سلمان باسمه واسم شعب وحكومة السعودية عن أصدق التهاني وأطيب التمنيات بالصحة والسعادة للرئيس البوليفي، ولحكومة وشعب بوليفيا الصديق اطراد التقدم والازدهار.\nكما بعث نائب خادم الحرمين الشريفين الأمير محمد بن نايف، ببرقية مماثلة لتهنئة الرئيس إيفو موراليس أيما رئيس جمهورية بوليفيا.",
    "date_extracted": "2015-08-06 01:45:45"
}