{
    "url": "http://aawsat.com/home/article/419516/رأي-في-طبق",
    "title": "رأي في طبق",
    "author": "",
    "content": "* التقييم: 5 نجوم (*****)\n\n \n\n * اسم الطبق: سمك السي باس المشوي مع الكوسة Sea bass with courgettes\n\n \n\n * أين: مطعم «تشاكس» Chucs في مايفير\n\n \n\n * المذاق: يعتبر هذا النوع من السمك من الأنواع المحببة بالنسبة لعدد كبير من الذواقة لأنه خفيف ويمكن التحكم بمذاقه بحسب الخلطة\n\n والتتبيلة، في «تشاكس» يعتمد الطاهي على بساطة المطبخ الإيطالي وعدم خلط الكثير من المكونات ليبرز كل منها على حدة، والسي باس الذي يقدمه بسيط جدا ويعتمد على النوعية الجيدة للسمك والشي بطريقة صحيحة إلى جانب الكوسة المشوية أيضا مع القليل من الملح والبهار.\n\n \n\n * العنوان: 30B Dover Street، London W1S 4NB، England",
    "date_extracted": "2015-08-01 15:03:26"
}