{
    "url": "http://aawsat.com/home/article/417571/«المقاييس-والجودة»-الأول-من-نوفمبر-بدء-التطبيق-الإلزامي-للائحة-الفنية-الخاصة",
    "title": "«المقاييس والجودة»: الأول من نوفمبر بدء التطبيق الإلزامي للائحة الفنية الخاصة بمتطلبات إطارات المركبات الجديدة",
    "author": "الرياض: «الشرق الأوسط أونلاين»",
    "content": "أعلن مجلس إدارة الهيئة السعودية للمواصفات والمقاييس والجودة، أن الأول من شهر نوفمبر(تشرين الثاني) المقبل سيشهد بدء التطبيق الإلزامي للائحة الفنية السعودية رقم 2857 الخاصة بمتطلبات مقاومة الدوران والتماسك على السطح الرطب لإطارات المركبات الجديدة المستوردة أو المنتجة أو المباعـة فـي المملكـة العربية السعودية، وذلك في إطار جهود البرنامج السعودي لكفاءة الطاقة الهادف إلى الحد من الهدر المتزايد في معدلات استهلاك الطاقة في مختلف القطاعات.\n\n وأوضح مجلس إدارة الهيئة أن اللائحة الفنية المذكورة قد حددت الحدود القصوى لمقاومة الدوران والحدود الدنيا لتماسك الإطار على السطح الرطب، طبقاً لتصنيف الإطارات المتعارف عليها C1 و C2و C3 وكذلك حددت مستويات التصنيف إلى ست مستويات ( ممتاز- جيد جداً – جيد – متوسط – سيئ – سيئ جداً ) ، مقدرة معدل ترشيد الطاقة بعد تطبيق هذه اللائحة بنسبة 2 إلى 4 %.\n\n وأكد المجلس أن الجدول الزمني لتطبيق اللائحة بالنسبة لمتطلبات مقاومة الدوران يبدأ على مرحلتين الأولى تمتد من 1 نوفمبر 2015 حتى 31 أكتوبر(تشرين الاول) 2019 والمرحلة الثانية تمتد من 1 نوفمبر 2019 لما بعد ذلك، وبالنسبة لتماسك الإطار على السطح الرطب يجب تنفيذ الحدود الدنيا للإطارات (C1) اعتبارا من 1 نوفمبر 2015 ، وبالنسبة إلى الإطارات (C2) اعتبارا من 1 نوفمبر 2018 ، و بالنسبة إلى الإطارات (C3) اعتبارا من 1 نوفمبر 2020 .\n\n كما أوضح المجلس أنه يمكن الحصول على بطاقات الكفاءة لكل الإطارات المتداولة من قبل المصنعين أو وكلائهم أو المستوردين عن طريق البوابة الإلكترونية المعدة بهذا الخصوص.\n\n ويأتي ذلك بعد اعتماد مجلس إدارة الهيئة اللائحة الفنية لإجراءات تسجيل البيانات وإصدار بطاقة كفاءة استهلاك الطاقة في المركبات والاطارات والتي توضح الإجراءات الفنية التنظيمية لتطبيق كل من اللائحة الفنية السعودية رقم 2847 الخاصة بمتطلبات بطاقة اقتصاد الوقود لمركبات الخدمة الخفيفة الجديدة، والتي تم الإلزام بها في مرحلتها الأولى في الأول من أغسطس(آب) 2014، وانطلقت المرحلة الثانية منها في يناير(كانون الثاني) 2015 ، فيما ستكون المرحلة الثالثة والخاصة بترخيص الهيئة للشركات باستعمال البطاقة في مطلع العام المقبل 2016. وأيضاً اعتماد المجلس لللائحة الفنية السعودية رقم 2857 الخاصة بمتطلبات مقاومة الدوران والتماسك على السطح الرطب لإطارات المركبات والتي سيتم الالزام بها في 1 نوفمبر 2015، إضافة إلى اللائحة الفنية السعودية رقم 2864 الخاصة بالمعيار السعودي لاقتصاد الوقود (SAUDI CAFE) للمركبات الخفيفة المضافة إلى المملكة العربية السعودية (2016-2020) والتي ستدخل حيز التطبيق الإلزامي في الأول من يناير 2016.\n\n وكان المركز السعودي لكفاءة الطاقة بالتعاون مع وزارة التجارة والصناعة، وهيئة المواصفات، ومصلحة الجمارك قد عقد سلسلة من ورش العمل للتعريف بمتطلبات مقاومة الدوران والتماسك على الأسطح الرطبة للإطارات، ودورها في تحسين كفاءة الطاقة للمركبات، إذ أقيمت تلك الورش في مقرات الغرف التجارية الصناعية في الرياض وجدة والمدينة المنورة والقصيم وحائل والمنطقة الشرقية وسكاكا وأبها وجازان وتبوك وغيرها من مناطق المملكة.",
    "date_extracted": "2015-07-31 04:31:40"
}