{
    "url": "http://aawsat.com/home/article/418501/بعد-التتويج-بالدوري-رئيس-نادي-الزمالك-يعلن-استقالته",
    "title": "بعد التتويج بالدوري.. رئيس نادي الزمالك يعلن استقالته",
    "author": "القاهرة: «الشرق الأوسط أونلاين»",
    "content": "أعلن مرتضى منصور، رئيس نادي الزمالك المصري، عن تنحيه من رئاسة القلعة البيضاء بعد التتويج بلقب الدوري المحلي بعد غياب دام 11 عاما.\nوقال منصور، في تصريحات بعد فوز الزمالك على طلائع الجيش 3-2 أمس الأربعاء: «اتخذت قرار الاستقالة من رئاسة الزمالك، وسوف يتم عقد اجتماع طارئ الخميس لمجلس الإدارة، وسيتم فتح باب الترشح للانتخابات على رئاسة النادي بعد 45 يوما».\nكما أكد منصور إلغاء القرار الصادر مسبقا من مجلس الإدارة بشطب عضويات كل من ممدوح عباس رئيس النادي الأسبق، ورؤوف جاسر نائب الرئيس الأسبق، وهاني شكري العضو المستقيل.\nوكان منصور قد نجح في إقناع الجمعية العمومية لناديه بالتصديق على قرار شطب عضويات الثلاثي بشكل رسمي قبل أن تتدخل وزارة الرياضة وترفض اعتماد القرار.\nكما طالب منصور بعد تتويج الزمالك رسميا بلقب الدوري الثاني عشر في تاريخه كلا من أحمد سليمان ومصطفى عبد الخالق وهاني شكري بالعودة لمجلس الإدارة والتراجع عن استقالاتهم.\nإلى ذلك، تواصلت احتفالات جماهير الزمالك في شوارع العاصمة القاهرة، وبخاصة في محيط مقر النادي بمنطقة المهندسين، غرب القاهرة، كما شارك في الاحتفالات عدد من اللاعبين السابقين بالفريق أبرزهم أحمد حسام ميدو ومحمود عبد الرازق شيكابالا، بالإضافة إلى رئيس النادي مرتضى منصور الذي حمله الجمهور على الأعناق احتفالا بلقب غاب عن الفريق لأكثر من عقد من الزمان.\nوكان نادي الأهلي، غريم الزمالك وصاحب العدد القياسي لمرات الفوز بالدوري المصري (37 مرة)، قد أهدى الزمالك الدرع بالتعادل أمام فريق سموحة السكندري بهدف لكل منهما، قبل أن يعزز الزمالك صدارته وأحقيته باللقب أمس بالفوز 3-2 على مضيفه طلائع الجيش في الجولة قبل الأخيرة من البطولة.\nكما حرص العديد من جماهير نادي الزمالك، وأيضا الصفحة الرسمية للنادي على موقع التواصل الاجتماعي «فيسبوك»، على تذكر ضحايا حادث ملعب الدفاع الجوي، في فبراير (شباط) الماضي، والذي شهد مقتل 22 من مشجعي نادي الزمالك بسبب التدافع، حسبما أعلنت الحكومة المصرية آنذاك، وذلك من خلال نشر صورهم مصحوبة بعبارة «دوري الشهيد».",
    "date_extracted": "2015-07-31 04:34:08"
}