{
    "url": "http://aawsat.com/home/article/419771/رغم-الانتشار-الأمني-الكثيف-آلاف-العراقيين-في-مظاهرة-«الكهرباء»-في-بغداد",
    "title": "رغم الانتشار الأمني الكثيف.. آلاف العراقيين في مظاهرة «الكهرباء» في بغداد",
    "author": "بغداد: حمزة مصطفى",
    "content": "لم تستفق الحكومة العراقية من صدمة الأربعاء الماضي حين قطعت عدة قطارات من محطة السكك الرئيسية ببغداد لتقطع جانب الكرخ بوصفه أحدث أساليب الاحتجاج على سلسلة النواقص التي يعانيها المواطن العراقي وفي المقدمة منها نقص الكهرباء والرواتب والخدمات البلدية.\n\n وزير النقل العراقي باقر جبر الزبيدي الذي التقى ممثلين عن متظاهري السكك بسبب التأخير في تسليم رواتبهم إلا أنه وطبقًا للتصريحات الصحافية التي أدلى بها عقب اللقاء الذي اعتذر فيه قائدو القطارات عما حصل جراء استخدامهم موارد الدولة في قطع الطرقات فإن هناك عقوبات يؤمل أن تصدر بعد غد (الاثنين) بحق من وصفهم بـ«الغرباء» الذين رافقوا القادة الذين أخرجوا عربات القطار لكي يغلقوا بها جانب الكرخ من العاصمة بغداد، وهو ما جعل قائد عمليات بغداد الفريق الركن عبد الأمير الشمري إلى أن يحضر بسرعة إلى مكان الحادث بعد أن راجت نظرية مؤامرة مفادها أن هناك نية لقطع مدينة الكاظمية شمال بغداد.\n\n وفي الوقت الذي ينتظر فيه سلسلة الإجراءات التي تنوي وزارة النقل اتخاذها بحق المخالفين فإن المظاهرات الخاصة بالنقص الحاد في الكهرباء والذي تزامن مع موجة حر غير مسبوقة في عموم العراق بلغت فيها درجات الحرارة نصف درجة الغليان فقد امتدت المظاهرات من البصرة التي قتل أحد متظاهريها الأسبوع الماضي إلى الناصرية ومن ثم إلى بغداد التي احتضنت أكبر وأشهر ميادينها (ساحة التحرير) مظاهرة كبرى حضرها الآلاف من العراقيين عنوانها الوحيد كما قال لـ«الشرق الأوسط» أحد منظميها نبيل جاسم: «نقص الطاقة والخدمات»، مضيفًا أن «المظاهرات حق مكفول دستوريًا ونحن لا نتظاهر من أجل شيء غير مشروع، بل من أجل أن تستجيب الحكومة لمطالب الشعب، لا سيما الكهرباء التي هي أحد الحقوق الأساسية للمواطنين على أي حكومة، سواء هذه الحكومة أو الحكومات السابقة التي أنفقت عشرات المليارات على ملف الطاقة ولم يحصل أي تحسن».\n\n وأكد جاسم أن «مما يؤسف له أن الفهم السائد للمظاهرات بات فهما غير صحيح، حيث كثيرًا ما باتت تنسب لها الأجندات والتسييس ودخول المندسين، وهذه الأمور كلها غير صحيحة، ومن الممكن فرزها بسهولة»، متسائلاً: «أين هو التسييس في من شعاره فقط هو توفير الطاقة وإحالة المقصرين إلى القضاء طبقًا للبيان الذي أعددناه لأننا لا نريد أن نتظاهر ونمضي، بل نضع آليات وحلولاً لمواجهة هذه الأزمة وأول هذه الحلول هو عدم الصمت عن سنوات الفشل الكهربائية الماضية»، مشيرًا إلى أن «ملف الإخفاق هذا لا تتحمله الحكومة الحالية فقط، بل كل الحكومات السابقة، حيث نتحدث عن 12 عامًا».\n\n ولم تمنع الإجراءات الحكومية بتكليف القوات الأمنية إغلاق بالطرق المؤدية إلى موقع المظاهرة في ساحة التحرير وسط بغداد من مناطق العلاوي والصالحية وجسر الجمهورية وشارع السعدون آلاف المتظاهرين من الوصول إلى ساحة التحرير مشيًا على الأقدام على الرغم من حرارة الجو وانتشار قوات مكافحة الشغب بكثافة في محيط موقع المظاهرة، حيث تم منع سيارات البث المباشر التي كانت تروم نقل المظاهرة على الهواء. ورفع المتظاهرون شعارات وهتافات نددت بالفشل الحكومي، لا سيما على صعيد ملف الطاقة والكهرباء، مطالبين بإقالة وزير الكهرباء قاسم الفهداوي.\n\n لكن المتحدث الرسمي باسم وزارة الكهرباء مصعب المدرس قال لـ«الشرق الأوسط»، إن «المسؤولية لا تتعلق بوزارة الكهرباء فقط، بل هي أزمة عامة في البلد وأسبابها مختلفة من بينها بناء محطات طاقة على الغاز، بينما نعاني نقصا في الغاز، بالإضافة إلى موضوع الوقود الذي هو من مسؤولية وزارة النفط».\n\n وأوضح أن «هناك لجنة طاقة هي المسؤولة عن هذا الملف بالكامل ووزارة الكهرباء تنفذ ما يقع عليها وهي تتحمل جزءًا من المسؤولية، لكن ليس كل المسؤولية بحيث يجري اختزال الأزمة بالوزارة والوزير».\n\n الناشطة المدنية يسرى مجيد قالت من جانبها لـ«الشرق الأوسط»، إن «هذه المظاهرات حقيقية ليس فيها تسييس أو أجندات، بل هي من أجل الشعب الذي ظلم كثيرًا بسلسلة طويلة من الوعود ولم يعد أمامه من وسيلة للاحتجاج سوى المظاهرات التي كفلها الدستور العراقي، ومع ذلك يريدون مصادرتها منا».\n\n إلى ذلك، تضاربت مواقف المرجعيات الدينية الشيعية من المظاهرات. ففي الوقت الذي دعا فيه خطيب مسجد الكوفة التابع للتيار الصدري إلى أن حل أزمة الكهرباء يتطلب رفع المولدات العملاقة عن منازل ومقرات عمل الوزراء ليشعروا بمعاناة المواطنين وجعلهم يعيشون بين معاناة الكهرباء الوطنية والمولدة الأهلية ليجدوا الحلول السريعة لمشكلة الطاقة الكهربائية، فإن خطيب جمعة النجف التابع للمجلس الأعلى الإسلامي صدر الدين القبانجي حذر مما سماه استغلال المظاهرات بسبب الأزمة الخدمية والكهرباء سياسيًا، كما حذر من اندساس عناصر لها مآرب تهدف لإسقاط التجربة العراقية ونقل صورة أن العراق غير مستقر.\n\n من جهته، شن ممثل المرجع الشيعي الأعلى آية الله علي السيستاني هجومًا على الجهات المسؤولة بسبب التقصير في حل أزمة الكهرباء. وقال ممثل المرجعية في كربلاء أعبد المهدي الكربلائي: «يعاني الموطنون في معظم المناطق من نقص كبير في الخدمات العامة، ولا سيما الكهرباء التي تمس الحاجة إليها للحد الضرورة القصوى مع ارتفاع درجات الحرارة إلى درجات قياسية في الصيف الحالي». وأضاف: «كان من المتوقع من الحكومات المتعاقبة أن تولي اهتمامًا خاصًا لحل المشكلة وأن تقرر وتنفذ خططًا صحيحة لسد النقص من هذه الخدمة الأساسية، ولكن المؤسف أن كل حكومة تضع اللوم على قبلها وهي لا تقوم بما يلزمها لتخفيف معاناة المواطنين الذين يعانون من جوانب أخرى، ومنها عدم توفير فرص العمل المناسب الذي يحقق لهم العيش الكريم، حيث إن هناك نسبة عالية من البطالة في البلد كما هو معلوم». وأشار الكربلائي إلى أن «الحكومات المتعاقبة أغفلت وضع خطط استراتيجية لمعالجة المشكلة رغم الإمكانيات الكبيرة في العراق ولو استغلت بشكل صحيح لما بقيت بطالة بالإضافة إلى الفساد المالي والإداري الذي هو أم البلايا، وكذلك الإرهاب والوضع الأمني».",
    "date_extracted": "2015-08-01 08:18:57"
}