{
    "url": "http://aawsat.com/home/article/419911/نائب-الرئيس-اليمني-يصل-إلى-عدن",
    "title": "نائب الرئيس اليمني يصل إلى عدن",
    "author": "الرياض: «الشرق الأوسط أونلاين»",
    "content": "وصل إلى مدينة عدن اليوم (السبت) نائب الرئيس اليمني رئيس مجلس الوزراء خالد بحاح ومعه عدد من الوزراء في زيارة أولى للمدينة منذ تحريرها من المتمردين الحوثيين والمخلوع علي عبد الله صالح بدعم من قوات التحالف العربي.\n\n وذكرت مصادر يمنية أنه من المقرر أن يشرف نائب الرئيس اليمني خلال هذه الزيارة على جهود الحكومة لإنجاز أعمال الإغاثة ومواصلة العمليات العسكرية لتأمين محافظة عدن وتحرير باقي المحافظات.\n\n من جانبه، أكد بحاح أن وصوله إلى مطار عدن الدولي اليوم لم يكن مفاجئا. كما أضاف بحاح، في تصريحات صحافية اليوم، أن وصوله وعددًا من المسؤولين إلى عدن لم يكن مفاجئًا وكان مخططًا له كما كان مخططا تحرير مدينة عدن من الحوثيين والقوات الموالية للرئيس السابق علي صالح.\n\n وأفادت مصادر يمنية إلى أن محافظ عدن نائف البكري وعددا من المسؤولين كانوا باستقبال بحاح، وانتقلوا معه لزيارة الجرحى في عدد من المستشفيات.",
    "date_extracted": "2015-08-01 20:34:47"
}