{
    "url": "http://aawsat.com/home/article/418171/الديوان-الملكي-ولي-ولي-العهد-السعودي-يزور-مصر-في-زيارة-عمل-رسمية",
    "title": "الديوان الملكي: ولي ولي العهد السعودي يزور مصر في زيارة عمل رسمية",
    "author": "جدة: «الشرق الأوسط»",
    "content": "أعلن الديوان الملكي السعودي، في بيان له أمس، أن الأمير محمد بن سلمان بن عبد العزيز ولي ولي العهد النائب الثاني لرئيس مجلس الوزراء وزير الدفاع، سيقوم اليوم بزيارة عمل رسمية إلى جمهورية مصر العربية.\nويلتقي ولي ولي العهد السعودي خلال الزيارة الرئيس المصري عبد الفتاح السيسي وعددًا من المسؤولين في مصر، لبحث العلاقات وأوجه التعاون بين البلدين.",
    "date_extracted": "2015-07-31 04:31:34"
}