{
    "url": "http://aawsat.com/home/article/416121/السعودية-سقوط-مقذوف-عسكري-من-جهة-اليمن-على-منطقة-نجران-وإصابة-فتاة-وطفلين",
    "title": "السعودية: سقوط مقذوف عسكري من جهة اليمن على منطقة نجران وإصابة فتاة وطفلين",
    "author": "نجران: «الشرق الأوسط أونلاين»",
    "content": "أوضح المتحدث الإعلامي للدفاع المدني بمنطقة نجران جنوب السعودية المقدم علي بن عمير الشهراني \"أن الدفاع المدني باشر بلاغاً عند الساعة 5:20 عصر يوم أمس (الأحد) عن سقوط مقذوف عسكري من داخل الحدود اليمنية على منزل بمدينة نجران، ما نتج عنه إصابة فتاة وطفلين سعوديين\". وأضاف أنه جرى نقلهم للمستشفى، كما نفذت الإجراءات اللازمة وفق الخطط المعتمدة لذلك.",
    "date_extracted": "2015-07-27 17:13:46"
}