{
    "url": "http://aawsat.com/home/article/416321/«يوغا-تابلت-2-إني-بن»-من-«لينوفو»-كومبيوتر-لوحي-متعدد-الاستخدامات",
    "title": "«يوغا تابلت 2 إني بن» من «لينوفو»: كومبيوتر لوحي متعدد الاستخدامات",
    "author": "لندن: «الشرق الأوسط»",
    "content": "جهاز «لينوفو يوغا تابلت 2 إني بن» (طراز 10 بوصات) يعمل ببرنامج تشغيل «ويندوز»، إلا أن تجربته كانت سيئة بسبب لوحة المفاتيح المزعجة. أما جهاز «يوغا تابلت 2 إني بن» الأصغر حجما (8 بوصات) ويباع بسعر 300 دولار فلا يأتي مع نظام «ويندوز».\nجهاز «يوغا إني بن» هو تابلت أنيق وصغير الحجم مع تصميم مبتكر ومحول رقمي متعدد الاستخدامات، ولكن ليس بالضرورة أن يعتبر منصة جيدة لاستخدامات الأعمال الجادة.\nما الذي تعنيه كلمة «إني - بن»؟ أن الخاصية الرئيسية لجهاز «يوغا تابلت 2 إني بن» (Yoga Tablet 2 Anypen) هي ميزة التحويل الرقمي المتطورة. يمكنك استخدام قلم رصاص، أو قلم حبر جاف، أو أي شيء آخر ذي طرف معدني بمقاس (1 مم) أو أكبر. أغلب الأجهزة اللوحية تتطلب وجود قلم التسجيل الرقمي بطرف مقاس (5 ملم) على الأقل. ينبغي عليك تجنب استخدام السكاكين مع ذلك الجهاز، ولكن كل ما سوى ذلك يمكنك الكتابة به على الجهاز اللوحي. كما يمكنك بطبيعة الحال استخدام أصابعك في الكتابة.\n\n* أجهزة جديدة\n* هناك ميزة أخرى فريدة من نوعها في تصميم جهاز «يوغا تابلت 2 إني بن» وهي الأسطوانة الموجودة على إحدى حواف الجهاز وتتيح تركيب بطارية أكبر بكثير من البطارية العادية التي يستوعبها الجهاز المسطح العادي. كما يسمح أنبوب البطارية كذلك بالقبضة التي تستخدم فيها كل أصابعك، مع عدم وضع الإبهام بالقرب من الشاشة.\nيأتي جهاز «يوغا تابلت 2 إني بن» من كلا الحجمين (بشاشة 10 و8 بوصات) بمسند يستقر على أنبوب البطارية. وهو يوجد في مكانه على زاوية بمقياس 42، و85، و180 درجة، كما يمكنك ضبط الزوايا فيما بين ذلك نظرا لمقدار الاحتكاك الكبير. والميزة الأكثر تفردا هي ذلك المنفذ في مسند الجهاز لتعليق الجهاز على الحائط، أو لتخزينه، أو لالتقاط مقاطع الفيديو السينمائية عن بعد.\nفيما عدا ذلك، فإن جهاز «يوغا تابلت 2 إني بن» (ببرنامج تشغيل ويندوز) ليس إلا تابلت صغير الحجم يعمل بنسخة ويندوز 8.1. وميزته الرئيسية تكمن في التمتع باستخدام حزمة برامج أوفيس 365 لمدة عام كامل مجانا.\nوتشمل مواصفات الجهاز، وحدة المعالجة المركزية طراز (باي تريل أتوم)، مع 2 غيغا بايت من ذاكرة النظام (دي دي أر3/ 1066)، وشاشة مقاس 8 بوصة (1920×1200) تعمل باللمس، وقرص صلب سعة 32 غيغا بايت. والمواصفات العامة للجهاز جيدة، ولكن لا توجد مساحة كافية على القرص الصلب لتشغيل ويندوز.\n\n* الخصائص والأداء\n* من واقع التجربة التي أجرتها مجلة «بي سي وورلد»، فإن جهاز «يوغا تابلت 2 إني بن» يبدو متفاعلا بما فيه الكفاية، من حيث اختبار التشغيل واختبار الإبداع. أن ذلك مستوى جيد مقارنة بمشغلات (آتوم) من الجيل الماضي، إلا أنها ليست على غرار مشغلات (كور) من «إنتل». أما الأداء العام، في واقع الأمر، فقد كان مماثلا بصورة كبيرة للنسخة (10 بوصات) من الجهاز.\nيبلغ عمر البطارية 6 ساعات و58 دقيقة، ولقد خضعت للقياس من قبل اختبار مجلة «بي سي» لإجهاد البطاريات التي تعمل من دون انقطاع.\nأما الوسائط المتعددة والاتصال في الجهاز، فقد عرض جهاز «يوغا تابلت 2 إني بن» فيلما بدرجة وضوح 1080 بشكل جيد، وكان الصوت مناسبا. هناك كمية كبيرة جهارة الصوت بالجهاز، وهي كافية لتشويه الصوت إذا ما استمر تشغيل الجهاز لفترات طويلة. غير أن فصل الإستيريو يعد أفضل من المتوسط، نظرا لوضع مكبرات الصوت عند نهاية أنابيب البطارية. ويسمح منفذ بطاقة الذاكرة الخارجية بتوسيع مساحة التخزين بالجهاز إذا أردت الاحتفاظ بمجموعة من أفلامك المفضلة عليه.\nالمنافذ الوحيدة في جهاز «يوغا تابلت 2 إني بن» هي منفذ السماعة ومنفذ (يو إس بي) والذي يمكن استخدامه للتخزين المؤقت وكذلك لشحن الجهاز، أو بالعكس، لشحن أجهزة أخرى. إن وجود مثل تلك البطارية الكبيرة في الجهاز يعتبر ميزة مفيدة، حيث يبلغ تردد شبكة «واي - فاي» (802.11 a / b / g / n)، كما أن هناك البلوتوث للاتصال بمختلف الأجهزة الأخرى. وبسبب عدم وجود منافذ للفيديو، فليس أمامك وسيلة لعرض الأفلام إلا الشاشة ذات (8 بوصات).\nوكما هو الحال مع أي تابلت جدير بهذا الاسم، توجد الكاميرات: إحداها بدرجة وضوح 8 ميغابيكسل لالتقاط الصور، والكاميرا الأمامية بـ1.6 ميغابيكسل للدردشة المرئية عبر «سكايب» وما شابه ذلك.\n\n* الحجم مقابل الوزن\n* عند الحديث عن الحوسبة الجوالة الخاصة بالأعمال، فإن البعض يوصي وبصفة عامة بالشاشات ولوحات المفاتيح الأكبر حجما. ومع ذلك، عند الحديث عن أجهزة التابلت، فإن الحجم الأصغر يعني الوزن الأخف (يزن جهاز «يوغا تابلت 2 إني بن» نحو 0.94 رطل) وسهولة الحمل الإمساك بالجهاز. وكما أن جهاز «يوغا تابلت 2 إني بن» يأتي ببرمجيات أندرويد، فمن دون المحول الرقمي للجهاز، فإن قرار شراء الحجم (8 بوصات) أو (10 بوصات) يعد قرار معقدا وصعبا.\nالموديل 8 بوصات يعتبر جيدا كتابلت، ولكن هل ينبغي عليك اختيار العمل ببيئة ويندوز؟ بالنسبة للأعمال الجادة، فإن أدوات الشاشة والنصوص صغيرة حتى مع التكبير حتى مستوى 150 في المائة. وقد يكون لزاما عليك التكبير حتى مستوى 200 في المائة (من الإعدادات المخصصة) قبل أن يعتاد بصرك العمل باستخدام ويندوز. وعند هذه النقطة فإن نقاط البيكسل الزائدة لا فائدة منها.\nإن جهاز «يوغا تابلت 2 إني بن» (مع ويندوز) من أجهزة التابلت الجيدة ذات وقت تشغيل طويل يسمح لك باستخدام أي شيء للكتابة على الشاشة. وبالنسبة لمهام التابلت، والأعمال الخفيفة المتقطعة من حين لآخر، فهو جهاز مناسب بكل المقاييس.\nوبالنسبة لمهام الأعمال المكثفة، عليك الذهاب للإصدار (10 بوصات) ولكن ينبغي أن تتخلى عن لوحة مفاتيح «لينوفو» الهجينة طراز (BC800).",
    "date_extracted": "2015-07-31 04:34:43"
}