{
    "url": "http://aawsat.com/home/article/418991/نص-«إعلان-القاهرة»",
    "title": "نص «إعلان القاهرة»",
    "author": "",
    "content": "بناءً على توجيه خادم الحرمين الشريفين والرئيس عبد الفتاح السيسي، فقد اتفق الجانبان على وضع حزمة من الآليات التنفيذية في المجالات التالية:\n1 - تطوير التعاون العسكري والعمل على إنشاء القوة العربية المشتركة.\n2 - تعزيز التعاون المشترك والاستثمارات في مجالات الطاقة والربط الكهربائي والنقل.\n3 - تحقيق التكامل الاقتصادي بين البلدين والعمل على جعلهما محورًا رئيسيًا في حركة التجارة العالمية.\n4 - تكثيف الاستثمارات المتبادلة السعودية والمصرية بهدف تدشين مشروعات مشتركة.\n5 - تكثيف التعاون السياسي والثقافي والإعلامي بين البلدين لتحقيق الأهداف المرجوة في ضوء المصلحة المشتركة للبلدين والشعبين الشقيقين، ومواجهة التحديات والأخطار التي تفرضها المرحلة الراهنة.\n6 - تعيين الحدود البحرية بين البلدين.\nويتطلع الجانبان إلى التنفيذ الكامل لما تقدم في إطار من التواصل المستمر والتنسيق على أعلى المستويات بين البلدين اللذين يمثلان جناحي الأمة العربية والإسلامية، ويعملان معًا من أجل ضمان تحقيق الأمن القومي العربي والإسلامي واستمرار ازدهارهما.",
    "date_extracted": "2015-07-31 04:31:16"
}