{
    "url": "http://aawsat.com/home/article/418641/بدء-محادثات-إنقاذ-اليونان-وسط-أجواء-يسودها-التوتر",
    "title": "بدء محادثات إنقاذ اليونان وسط أجواء يسودها التوتر",
    "author": "أثينا: عبد الستار بركات",
    "content": "شدد أمس (الخميس) رئيس الوزراء اليوناني ألكسيس تسيبراس، زعيم حزب سيريزا اليساري، على ضرورة عقد مؤتمر استثنائي للحزب خلال شهر سبتمبر (أيلول) المقبل لتوضيح الأمور ورسم خطة الحزب حلال المرحلة الجديدة، معربا عن الحاجة لمناقشة المعضلات الاستراتيجية التي تطرحها المرحلة الجديدة التي دخلت فيها البلاد، مؤكدا على تحمل الجميع المسؤولية في بقاء أول حكومة يسارية في أوروبا بعد الحرب العالمية الثانية أو اقتيادها إلى الانهيار على يد برلمانيها.\nكما دعا تسيبراس إلى اتخاذ خطوة أخرى إلى الأمام، وطرح إجراء استفتاء داخل الحزب يوم الأحد المقبل، للحكم مباشرة، لتحقيق وجهة نظر أولئك الذين يعتقدون أن «الحزب يجب أن يحصل على صياغة القرار قبل المصادقة على الاتفاق الذي يتم التباحث فيه مع الدائنين على أساس ما تم التوصل إلية في 13 يوليو (تموز) الحالي»، مؤكدا على أن المجتمع سيكون أكثر أمانا، والحال الاقتصادي سيكون أفضل بتحقيق الاتفاق المشار إليه.\nودعا رئيس الوزراء اليوناني المنشقين في الحزب والذين صوتوا ضد مشاريع القوانين المرتبطة ببرنامج الإنقاذ الثالث، إلى احترام قرارات الأغلبية، قائلا: «يجب التوقف عن جنون الرأي الذاتي والثنائية غير المسبوقة داخل المجموعة البرلمانية، وعلينا أن نفهم أنه داخل حزبنا لا يوجد يساريون أقل أو أكثر تشددا، وأنه من العبث أن يقول البعض إنهم يصوتون ضد مشاريع القوانين لكنهم يواصلون دعم الحكومة».\nوقال رئيس الوزراء اليوناني إنه سوف يستمر في محاربة الدائنين الدوليين للحفاظ على سيادة بلاده، مشيرا إلى أنه «تم اختيار طريق التسوية الصعب بسبب عدم وجود أي بديل، وإن أي شخص يعتقد خلاف ذلك للخروج من الأزمة عليه أن يقول علنا وبصراحة ما هو البديل، ولا بد من معرفة أن الإفلاس غير المنضبط يقود إلى الخروج من اليورو واللجوء إلى دعم من صندوق النقد الدولي، وأن احتياطات النقد الأجنبي ستؤدي إلى انخفاض قيمة العملة الجديدة لدرجة كبيرة، الشيء الذي يترتب عليه إجراءات تقشفية أكثر صرامة ومعاناة لا تقارن». وقال تسيبراس: «من لا يعرف ذلك.. إما أعمى أو يخفي الحقيقة».\nفي غضون ذلك، وصل جميع مسؤولي المؤسسات الدائنة الأربع إلى أثينا لمناقشة برنامج الإنقاذ الثالث لليونان في أجواء سياسية متوترة بسبب معارضة الجناح اليساري في حزب سيريزا الحاكم لشروط التمويل، والتدابير التقشفية الصعبة التي يفرضها الدائنون على الشعب اليوناني.\nوكانت المفاوضات حول هذه المساعدة الجديدة التي قدرت قيمتها بما بين 82 و86 مليار يورو عند توقيع الاتفاق في قمة بروكسل في الثاني عشر من يوليو قد بدأت على المستوى التقني في مطلع الأسبوع دون أي صعوبة. وأشارت السلطات اليونانية إلى أنه لم تظهر أي مشكلة تنظيمية، في الوقت الذي أثبت فيه بيار موسكوفيسي، المفوض الأوروبي، أنه يجري حاليا التفاوض في ظروف تعاون إيجابية.\nوذكرت أولغا يروفاسيلي، الناطقة باسم الحكومة اليونانية، أن فكرة التوصل إلى اتفاق تقر بالتصويت، وأن الدائنين سوف يستأنفون خلال ثلاثة أشهر عمليات التقييم الفصلية كما في 2010. ووفقا للمصادر فإن الجهات الدائنة تعتقد أن إجمالي الناتج الداخلي اليوناني سيتراجع هذه السنة بنسبة 2 أو 3 في المائة، مقابل توقعات بالنمو 0.5 في المائة، وأن المالية العامة ستشهد عجزا أوليا دون تكلفة الدين نسبته 1 في المائة، مقابل توقعات تتحدث عن فائض بنسبة 1 في المائة، ويشكل كل هذا خسارة بقيمة 3.6 مليار يورو مقارنة بالتوقعات.\nمن جانبها، صرحت كريستين لاغارد، المديرة العامة لصندوق النقد الدولي، بأن مقرضي اليونان الدوليين لن يكون أمامهم خيار سوى القبول بتخفيف شروط ديون أثينا، قائلة: «إعادة هيكلة الديون أمر حتمي».\nوانضم صندوق النقد الدولي إلى الاتحاد الأوروبي والبنك المركزي الأوروبي في الأعوام الماضية في إقراض اليونان عدة مرات لإنقاذها من أزمة ديون، فيما انضم حاليا للدائنين أيضًا في برنامج الإنقاذ الثالث صندوق آلية الاستقرار الأوروبية، حيث تم إرسال مندوب لتصبح الجهات الدائنة لليونان أربعا بدلا من ثلاث في السابق. ويبقى ديلان كوستيو ممثلا للمفوضية الأوروبية، بينما عين رئيسان جديدان لفريقي البنك المركزي الأوروبي وصندوق النقد الدولي هما على التوالي راسموس روفر وديليا فيلكوليسكو. كما عين نيكولا جاماريولي رئيسا لبعثة الآلية الأوروبية للاستقرار الهيئة الجديدة التي تشارك في المفاوضات.\nوعلى الرغم من سماح البنك المركزي الأوروبي بإعادة فتح بورصة أثينا، فإنه ليس هناك حتى الآن مرسوم حكومي بتحديد كيفية تنفيذ ذلك. وبالإشارة إلى الأجواء الأقل توترا من قبل بين أثينا ودائنيها فقد يظهر خلاف حول نقاط محددة، ويبدو أن بعض الدائنين، خصوصا صندوق النقد الدولي، يرغبون في أن تمرر أثينا في البرلمان إصلاحات جديدة بعد تلك التي أقرت في 15 و22 يوليو الحالي.\nويرى الصندوق والولايات المتحدة الأميركية أن أعباء ديون اليونان لا يمكن الاستمرار في تحمل أعباء خدمتها، ويؤيدان تخفيف بعض شروط الديون المستحقة للمقرضين الدوليين. لكن الحكومات الأوروبية ترفض هذه الفكرة وهي تتفاوض مع أثينا بشأن المزيد من أموال الإنقاذ. وقالت لاغارد «حتى تنجح اليونان.. وأيضا أي برنامج.. فلا بد من إجراء إعادة هيكلة». وأعربت لاغارد عن ثقتها في قدرات صندوق النقد الدولي على العمل مع الحكومة اليسارية اليونانية برئاسة أليكسيس تسيبراس، على الرغم من انتقاداتها سياسات الصندوق.\nوأكد تسيبراس في مقابلة مع إذاعة «كوكينو» ثقته في «إمكان التوصل إلى خفض كبير للدَين العام بدءا من نوفمبر (تشرين الثاني) المقبل»، بعد تعهد الاتحاد الأوروبي وصندوق النقد الدولي بدراسة الأمر، ورأى أن «المهم جدا هو حصول أثينا على تعهد (من الدائنين) بخفض للديون في نوفمبر المقبل، بعد التدقيق الأولي في برنامج المساعدة المالية».",
    "date_extracted": "2015-07-31 04:29:19"
}