{
    "url": "http://aawsat.com/home/article/419626/وفاة-4-أشخاص-أثناء-هبوط-طائرة-خاصة-سعودية-جنوب-بريطانيا",
    "title": "وفاة 4 أشخاص أثناء هبوط طائرة خاصة سعودية جنوب بريطانيا",
    "author": "جدة: أسماء الغابري",
    "content": "سجل مكتب تحقيقات الطيران التابع لهيئة الطيران المدني بالسعودية، سقوط طائرة خاصة تحمل تسجيلاً سعوديًا في مطار بلاكبوش في جنوب بريطانيا؛ وذلك في الساعة 14:08 بالتوقيت المحلي.\nوأعلنت الهيئة العامة للطيران المدني أمس (الجمعة)، عبر حسابها في «تويتر» عن تحطم طائرة سعودية خاصة في مطار بلاكبوش البريطاني الساعة 2:08 مساء.\nوأكدت الهيئة أن التقرير الأولي يفيد بوجود 4 أشخاص على متنها، مشيرة إلى أن «مكتب تحقيقات الطيران سيعيّن ممثلاً معتمدًا، لمساندة مكتب التحقيقات البريطاني بالتحقيق في الحادث».\nووفقًا لمصادر تحدثت لـ«الشرق الأوسط» أمس، فقد أكدت أن عدد الركاب الأربعة توفوا وهم: رجاء هاشم وهي والدة شخص يدعى سعد بن لادن، وابنتها سناء، وزوج ابنتها الدكتور زهير هاشم، موضحة أن قائد الطائرة الذي يحمل الجنسية الأردنية والأميركية توفي هو الآخر.\nوأشارت المصادر إلى أن حالة الطائرة كانت ممتازة، وأجريت لها الصيانة في وقت قريب، وكان متوجهة من إيطاليا إلى بريطانيا. وحول أسباب وقوع الحادث قالت المصادر، إن الطائرة سقطت وهي في حالة الاستعداد للهبوط وسقطت على مقربة من المطار.",
    "date_extracted": "2015-08-01 08:19:44"
}