{
    "url": "http://aawsat.com/home/article/419196/اتفاق-تاريخي-بين-الهند-وبنغلاديش-لتبادل-جيوب-حدودية",
    "title": "اتفاق تاريخي بين الهند وبنغلاديش لتبادل جيوب حدودية",
    "author": "لندن: «الشرق الأوسط أونلاين»",
    "content": "تطبق الهند وبنغلاديش اليوم (الجمعة)، اتفاقا تاريخيا حول منطقة حدودية يتيح لخمسين ألف شخص يقيمون في جيوب على جانبيها، اختيار الانتماء إلى أحد هذين البلدين بعد حرمان من الهوية طيلة عقود.\n\n وكان نارندرا مودي رئيس الوزراء الهندي ونظيرته البنغلاديشية شيخة حسينة، وقعا هذا الاتفاق حول ترسيم الحدود بين بلديهما مطلع يونيو (حزيران) خلال زيارة رئيس الحكومة الهندية إلى بنغلاديش.\n\n وأدى الاتفاق إلى حل نهائي للحدود التي تمتد على نحو أربعة آلاف كلم بين البلدين، وإلى إنهاء وضع يسمم علاقاتهما منذ 1971. وحرب انفصال باكستان الشرقية التي أدت إلى قيام بنغلاديش.\n\n ويواجه نحو 50 ألف شخص يعيشون في جيوب بنغلاديشية في الهند وجيوب هندية في بنغلاديش، الحرمان من التعليم والعناية الصحية والخدمات العامة، بسبب عدم ارتباطهم بحكوماتهم.\n\n وسيرفع المسؤولون عن البلدين أعلام كل منهما، في 162 جيبا - 111 جيبا نقلت إلى بنغلاديش و51 إلى الهند - بعد دقيقة واحدة من منتصف ليل السبت بالتوقيت المحلي (18:01 تغ الجمعة).\n\n ونظمت احتفالات كبيرة قبل هذه اللحظة التاريخية، مع أن وفاة الرئيس الهندي الأسبق إي.بي.جي كالام، ألقت بظلالها على المراسم.\n\n وفي تصريح لوكالة الصحافة الفرنسية، قالت بارول خاتون (35 سنة) إحدى ساكني جيب كوت بنجي الهندي: «هذه أهم لحظة في حياتي. لا أستطيع أن أعبر عمّا أشعر به اليوم»، مضيفة «أريد أن أصبح مواطنة بنغلاديشية مع الحقوق التي تترتب على ذلك». وتذكرت إبعادها من مستشفى بينما كانت تضع مولودها لأنها لم تتمكن من إبراز بطاقة هوية.\n\n وسيتولى كل بلد السيادة على الجيوب الواقعة في أراضيه.\n\n وسيستطيع السكان الذين يعيشون في كل جيب، البقاء فيه أو مغادرته إلى الجانب الآخر من الحدود. ويستطيع السكان الحصول على الجنسية التي يختارونها في هذه الجيوب التي لن تبقى موجودة.\n\n وكانت بنغلاديش أعطت موافقتها على هذا الاتفاق منذ 1974؛ لكن البرلمان لم يعمد إلى تبنّيه إلا الشهر الماضي.",
    "date_extracted": "2015-07-31 14:55:37"
}