{
    "url": "http://aawsat.com/home/article/417666/«المرآة-السحرية»-تخبرك-بحالتك-الصحية-كلما-نظرت-فيها",
    "title": "«المرآة السحرية».. تخبرك بحالتك الصحية كلما نظرت فيها",
    "author": "القاهرة: «الشرق الأوسط أونلاين»",
    "content": "طور مجموعة من الباحثين مرآة قادرة على إجراء فحص طبي لمن يستخدمها ومعرفة إذا كان يعاني من أي مرض ومدى إمكانية إصابته بالأمراض مستقبلا.\nوبحسب صحيفة «ديلي ميل» البريطانية فإن مرآة «Wize Mirror» والمزودة بعدد من المجسات والماسحات الضوئية والكاميرات، تقوم بعمل فحص للمستخدم في كل مرة يدخل فيها إلى دورة المياه.\nوبعد الوقوف أمامها لمدة دقيقة، تعطي المرآة الذكية نتيجة والتي تكشف الحالة الصحية للشخص، علاوة على منحه نصيحة خاصة ينفذها خلال اليوم.\nوتستخدم المرآة، التي وصفت بـ«السحرية» ولا تزال قيد التطوير، ماسحات ضوئية ثلاثية الأبعاد وكاميرات متعددة الأطياف ومجسات غاز لقياس مستوى الصحة العامة للمستخدم.\nويمكن للمرآة قياس الأنسجة الدهنية، وقراءة تعبيرات الوجه ومدى نضارته بالدماء في محاولة للوصول مبكرا للعلامات التحذيرية التي تشير لوجود أمراض خطيرة. ومن المفترض أن يقدم الباحثون وصفهم للمرآة المبتكرة في ورقة بحثية ثم تخضع للاختبارات المعملية العام المقبل.\nومن خلال استطلاع الوجه يمكن للمرآة ملاحظة علامات الضغط، بينما مجسات الغاز يمكنها أخذ عينات من الزفير لفحص مكوناته والتي تشير إلى مدى شرب المستخدم للخمور وتدخينه للسجائر. بينما الماسحات الضوئية ثلاثية الأبعاد تقيس شكل الوجه للتوصل إلى التغير في الوزن، أما الكاميرات متعددة الأطياف سيتم استخدامها لمعرفة معدل نبضات القلب ومستويات الهيموغلوبين في الدم.",
    "date_extracted": "2015-07-31 04:35:49"
}