{
    "url": "http://aawsat.com/home/article/419896/فأر-يتسبب-في-إرغام-طائرة-هندية-على-أن-تعود-أدراجها",
    "title": "فأر يتسبب في إرغام طائرة هندية على أن تعود أدراجها",
    "author": "القاهرة: «الشرق الأوسط أونلاين»",
    "content": "تسبب الاشتباه في وجود فأر صغير داخل طائرة هندية تابعة لشركة «إير إنديا»، كانت متوجهة إلى نيويورك، في أن تعود أدراجها بعد ساعتين على إقلاعها، خوفا من وجود الفأر، حسبما قال مسؤول في الشركة الهندية لوكالة الصحافة الفرنسية.\nوأوضح المسؤول الذي طلب عدم الكشف عن اسمه: «عادت رحلة الخميس الماضي إلى نيودلهي بسبب احتمال وجود فأر فيها». وتابع: «لم نتأكد من وجود الفأر إلا أن الطائرة أعيدت حفاظا على سلامة الركاب».\nوليست هذه الحادثة هي الأولى التي يطال حادث مماثل هذه الشركة الوطنية التي تعاني صعوبات مالية كبيرة؛ إذ إنها لم تسجل أي أرباح منذ عام 2007، وغالبا ما تصل حيوانات من أنواع مختلفة إلى طائراتها عبر العربات التي تنقل وجبات الطعام.\nففي مايو (أيار) الماضي، اضطرت طائرة تقوم برحلة داخلية إلى الهبوط بعدما رصد طاقمها فئرانا تعدو في ممرات الطائرة. وفي يونيو (حزيران) نشرت صورة عبر وسائل التواصل الاجتماعي تظهر رأس فأر يخرج من قطعة خبز صغيرة موضوعة على صينية الطعام. وقد نفت شركة الطيران وجود هذا الحيوان الزاحف، ولم تؤكد صحة الصورة؛ لأن أي راكب لم يتقدم بشكوى.\nويذكر أن هذه القوارض التي تعشق قضم الكابلات، تشكل خطرا خلال الرحلة الجوية؛ لأنها قد تلحق أضرارا بالطائرة.",
    "date_extracted": "2015-08-01 14:59:13"
}