{
    "url": "http://aawsat.com/home/article/417941/بعثة-الحكام-تصل-إلى-التشيك-على-دفعتين",
    "title": "بعثة الحكام تصل إلى التشيك على دفعتين",
    "author": "الرياض: «الشرق الأوسط»",
    "content": "وصلت بعثة الحكام المشاركين في المعسكر الخارجي الإعدادي لدوري عبد اللطيف جميل للمحترفين، ودوري أندية الدرجة الأولى إلى جمهورية تشيك، بعد المغادرة من مطار الملك خالد بالرياض ومطار الملك فهد الدولي بالدمام. \nويقام المعسكر تحت إشراف عضو مجلس إدارة الاتحاد السعودي لكرة القدم ورئيس لجنة الحكام الرئيسية لكرة القدم عمر المهنا. وتضم البعثة كلا من عضو لجنة الحكام الرئيسية المحاضر يوسف ميرزا، والمدرب السعودي المختص باللياقة البدنية عدنان البطيح، والمنسق الإعلامي أحمد الحسين. وقد استغرقت الرحلة 13 ساعة، فيما تخلف الحكم المساعد ماجد سرور لظروفه العملية. كما اتفقت اللجنة الرئيسية مع عدد من المحاضرين الدوليين، حيث سيتولى المحاضر الدولي الهايتي قادري التمارين اللياقية والإشراف العام على الاختبارات اللياقية للحكام بمساعدة الوطني عدنان البطيح، كما تم الاتفاق مع محاضرين لإلقاء محاضرات بجانب التمارين العملية، وهم المحاضر الدولي الأميركي ايسي بهامز والإنجليزي ري.\nوبدأ الاجتماع بكلمة لرئيس اللجنة، رحب فيها بالحكام الموجودين بالمعسكر ونقل لهم سلام وتحيات رئيس مجلس إدارة الاتحاد العربي لكرة القدم أحمد عيد وكل أعضاء مجلس الإدارة، مؤكدا أن اللجنة سعت لجلب أفضل المحاضرين للاستفادة من خبراتهم العريضة والمكتسبة من خلال إشرافهم على العديد من المعسكرات والتجمعات التي تقام تحت إشراف الاتحاد الدولي والأوروبي، متمنيا من جميع الحكام الانضباط سواء في الحضور للتمارين أو المحاضرات والمحافظة على أوقات الصلاة، حيث ستقام جميع الصلوات جماعة في المسجد المخصص لأداء الفريضة، مشددا على أنه يجب عكس الصورة الحسنة لاسم السعودية من خلال التعامل الجيد طوال فترة المعسكر، وكذلك المحافظة الهدوء.\nوعقدت اللجنة اجتماعا تنسيقيا مع الحكام، أوضحت من خلاله البرنامج الزمني للمعسكر، وشرحا مفصلا للعمل اليومي، حيث سيبدأ البرنامج من بعد صلاة الفجر بالتمارين اللياقية تحت إشراف المدرب قادري، ومحاضرات لمدة ثلاث ساعات تحت إشراف المحاضرين إيسي وري، ثم يبدأ البرنامج المسائي بمحاضرة للمحاضر السعودي يوسف ميرزا، حيث تشتمل على عدة اختبارات ومناقشة بعض الحالات التحكيمية، ومن ثم تمرين عملي يتم من خلاله تطبيق بعض الحالات التحكيمية بناء على التقرير المرفوع من اللجنة للمحاضرين والتركيز على نقاط الأكثر أخطاء في الموسم الماضي لتقويتها، والتركيز على عدد من المواد التي تخدم الحكم أثناء قيادة المباريات.\nالجدير بالذكر أن لجنة الحكام ضمت 14 حكما، منهم 5 حكام ساحة و9 مساعدين شباب لأول مرة ينضمون للمعسكر ويشكلون 25 في المائة من الحكام المشاركين فيه، وتسعى اللجنة لوجود الحكام الشباب ودمجهم مع حكام الخبرة للوصول والاستفادة الكبيرة من خلال هذا المعسكر أو المعسكرات المقبلة.\nويذكر أيضا أن المعسكر يمتد إلى أحد عشر يوما، يعود بعدها الجميع للسعودية تأهبا لانطلاق الموسم الرياضي الجديد.",
    "date_extracted": "2015-07-31 04:34:18"
}