{
    "url": "http://aawsat.com/home/article/419936/القبض-على-امرأة-حاولت-القفز-إلى-داخل-البيت-الأبيض",
    "title": "القبض على امرأة حاولت القفز إلى داخل البيت الأبيض",
    "author": "لندن: «الشرق الأوسط أونلاين»",
    "content": "ذكرت محطة «سي بي إس نيوز» أن البيت الأبيض أغلق لفترة وجيزة مساء أمس الجمعة، بعد أن قفزت امرأة من فوق الحاجز المواجه لسياج قصر الرئاسة.\n\n وقالت المحطة إن جهاز الخدمة السرية اعتقل المرأة التي لم يُكشف النقاب عن هويتها، كما أنهى إغلاق البيت الأبيض.\n\n وجرى تعزيز إجراءات الأمن في محيط البيت الأبيض بعد أن تسلق أحد المحاربين القدامى في الجيش الأميركي خدم في العراق في سبتمبر (أيلول) الماضي، السياج المحيط به حاملاً سكينًا وتسلّل إلى داخل أحد المباني قبل أن يعتقله أحد ضباط الخدمة السرية.",
    "date_extracted": "2015-08-01 20:34:54"
}