{
    "url": "http://aawsat.com/home/article/416466/الجبير-يدين-«عدوانية»-إيران-و«طائفية»-المالكي",
    "title": "الجبير يدين «عدوانية» إيران و«طائفية» المالكي",
    "author": "الرياض: ناصر الحقباني بغداد: حمزة مصطفى",
    "content": "أدان وزير الخارجية السعودي عادل الجبير التصريحات «العدوانية» لإيران تجاه دول المنطقة، معتبرا تلك التصريحات بأنها «لا تعبر عن نوايا بلد يسعى إلى إقامة علاقات جيدة»، خصوصا بعد إبرام الدول الست الكبرى الاتفاق النووي مع طهران.\n\n وقال الجبير في مؤتمر صحافي مشترك مع وزيرة خارجية الاتحاد الأوروبي فيديريكا موغيريني في الرياض أمس إن «تصريحات الإيرانيين ضد السعودية ربما تعود لهزيمة حلفائهم باليمن». وأضاف: «نرفض العدوانية الإيرانية ضد السعودية ودول المنطقة».\n\n من جهة أخرى، انتقد الجبير سياسة نوري المالكي، نائب الرئيس العراقي، وقال: إن «سياسة المالكي الطائفية أدت إلى خراب العراق».\n\n من جهتها، أشادت موغيريني بالسعودية، قائلة إن الاتحاد الأوروبي يعول على الرياض ودورها المهم على الصعيد الدولي.\n\n ودعت موغيريني طهران إلى الانتقال من موقف المجابهة إلى التفاوض في المنطقة، معتبرة أن الأيام المقبلة ستكون الفيصل للتحقق من نوايا إيران.\n\n في غضون ذلك، وصل وزير الخارجية الإيراني محمد جواد ظريف إلى بغداد أمس بعد توقفه مساء أول من أمس في النجف حيث قدم تقريرا للمرجع الشيعي الأعلى آية الله علي السيستاني عن سير المفاوضات مع القوى الغربية التي انتهت بإبرام اتفاق منتصف الشهر الحالي.\n\n وفي مؤتمر صحافي مع نظيره العراقي إبراهيم الجعفري في بغداد، قال ظريف، الذي أجرى جولة في المنطقة شملت الكويت وقطر، إن «إيران تبعث برسالة سلام لكل دول المنطقة، بعد الاتفاق النووي»، داعيا الجميع «إلى عدم الخوف من ذلك الاتفاق».\n\n ...المزيد",
    "date_extracted": "2015-07-31 04:31:05"
}