{
    "url": "http://aawsat.com/home/article/419001/الكويت-القبض-على-خلية-إرهابية-لا-علاقة-لها-بتفجير-«الصادق»",
    "title": "الكويت: القبض على خلية إرهابية لا علاقة لها بتفجير «الصادق»",
    "author": "الكويت: ميرزا الخويلدي",
    "content": "أعلنت السلطات الكويتية، أمس، عن تفكيك خلية إرهابية على علاقة بتنظيم داعش، قاتل بعض أفرادها مع التنظيم في العراق وسوريا. في حين أكدت وزارة الداخلية الكويتية أن هذه الشبكة لا علاقة لها بتفجير جامع الإمام الصادق في الصوابر في 26 يونيو (حزيران) الماضي، والذي أدى لمقتل 27 شخصا وإصابة 227 آخرين.\n\n ويبلغ عدد أفراد الخلية الذين تم القبض عليهم أربعة أفراد، وكان خامسهم قد لقي مصرعه في العراق، وهم كويتيون. وقالت وزارة الداخلية الكويتية أمس إن «هؤلاء الإرهابيين اعترفوا بتلقي دورات في علوم التنظيم الإرهابي والفكر الضال المنحرف، إلى جانب تدريبات متقدمة على حمل السلاح، وشاركوا في الأعمال القتالية في كل من سوريا والعراق».\n\n في حين ذكر مصدر أمني في وزارة الداخلية الكويتية أن شبكة تنظيم داعش التي أعلن عن الكشف عنها وإلقاء القبض على أفرادها «لا علاقة لها» بالتفجير الانتحاري الذي وقع في مسجد الصادق الشهر الماضي وأعلن تنظيم داعش مسؤوليته عنه. وقال المصدر لـ«رويترز» إن هذه «خلية جديدة وتم الكشف عنها نتيجة الجهود الأمنية الاستباقية»، نافيا أن تكون الخلية الجديدة خططت لتنفيذ عمليات في أي من الكويت أو دول الخليج العربية، مبينا أن أنشطة عناصرها تركزت في سوريا والعراق.\n\n وقالت وزارة الداخلية الكويتية إن «هؤلاء الإرهابيين اعترفوا بتلقي دورات في علوم التنظيم الإرهابي والفكر الضال المنحرف إلى جانب تدريبات متقدمة على حمل السلاح، وشاركوا في الأعمال القتالية في كل من سوريا والعراق». ويشتبه في أن أحد الموقوفين «قام بدعم وتسهيل سفرهم للمشاركة في العمليات الإرهابية في العراق»، وآخر «قتل في إحدى العمليات الإرهابية في العراق».\n\n وذكرت الوزارة في بيانها أسماء الأشخاص الخمسة المتهمين، وهم: مبارك ملفي (مواليد 1986)، انضم وقتل بإحدى العمليات الإرهابية بالعراق.. وفهد حمد (مواليد 1990)، وقد عثر في منزله على كتب تكفيرية تحث على القتال والإرهاب، بالإضافة إلى علم تنظيم داعش الإرهابي.. ومحمد حمد (مواليد 1986)، والذي انضم وقاتل مع تنظيم داعش في الموصل بالعراق.. وفالح ناصر (مواليد 1982)، والذي انضم وتدرب مع التنظيم الإرهابي في الموصل بالعراق وشارك بالقتال.. ومحمد فلاح (مواليد 1990)، والذي قام بدعم وتسهيل إجراءات سفرهم للمشاركة في العمليات الإرهابية بالعراق. وقالت الوزارة إنها أحالت القضية للنيابة العامة.\n\n وكانت الكويت قد شهدت في 26 من الشهر الماضي هجوما انتحاريا على مسجد الإمام الصادق بالصوابر خلف عددا كبيرا من الضحايا. ووجهت السلطات الكويتية اتهامات بالإرهاب لتسعة وعشرين شخصا في ما يتصل بهذا الهجوم الذي نفذه انتحاري سعودي. وبين هؤلاء المتهمين كويتيون وسعوديون وباكستانيون ومقيمون من فئة البدون، حيث تراوحت الاتهامات بين القتل مع سبق الإصرار والترصد وحيازة المتفجرات.\n\n ومنذ حادث التفجير الإرهابي في المسجد، بدأت الكويت حملة أمنية على المتطرفين. وقال وزير الداخلية الشيخ محمد خالد الحمد الصباح إن بلاده «في حالة حرب» مع المتشددين.",
    "date_extracted": "2015-07-31 04:28:48"
}