{
    "url": "http://aawsat.com/home/article/418821/سقوط-مقذوفات-عسكرية-على-نجران-أطلقت-من-داخل-اليمن",
    "title": "سقوط مقذوفات عسكرية على نجران أطلقت من داخل اليمن",
    "author": "نجران: «الشرق الأوسط»",
    "content": "سقطت مقذوفات عسكرية اليوم في مدينة نجران (جنوب السعودية) أطلقت من داخل الأراضي اليمنية، وطبقًا للمقدم علي الشهراني المتحدث الإعلامي للدفاع المدني بمنطقة نجران فإن فرق الدفاع المدني بمدينة نجران باشرت ظهر اليوم حادثة سقوط مقذوف عسكري من داخل الأراضي اليمنية نتج عنه إصابة مقيمين أحدهما من الجنسية الباكستانية والآخر من الجنسية الهندية حيث جرى نقلهما إلى المستشفى.\n\n وأشار الشهراني خلال تصريحاته إلى أن الجهات المختصة باشرت في إجراءات إعادة الأوضاع إلى ما كانت عليه وفق الخطط المعتمدة لذلك.",
    "date_extracted": "2015-07-31 04:31:28"
}