{
    "url": "http://aawsat.com/home/article/419576/قائد-عسكري-يمني-خطة-لحصار-صنعاء-خلال-15-يومًا",
    "title": "قائد عسكري يمني: خطة لحصار صنعاء خلال 15 يومًا",
    "author": "جدة: سعيد الأبيض ـ صنعاء: عرفات مدابش الرياض: نايف الرشيد",
    "content": "كشف قائد عسكري يمني موالٍ للرئيس عبد ربه منصور هادي عن أن المقاومة اليمنية الجنوبية أعدت خطة لاستكمال تحرير باقي المدن الجنوبية والانتقال عبر محورين، إلى مدينتي تعز ومأرب، لتحريرهما من قبضة المتمردين، ثم الوصول إلى مشارف العاصمة ومحاصرتها بهدف إبعاد الحوثيين وحلفائهم من أنصار الرئيس السابق علي عبد الله صالح، منها، في غضون 15 يومًا.\n\n وقال العميد عبد الله الصبيحي، قائد عملية تحرير عدن لـ«الشرق الأوسط»، إن «القوات الموالية للشرعية وضعت استراتيجية لتنفيذها خلال الأيام المقبلة، بالتنسيق مع قوات التحالف، تتمثل في تطهير أكبر مساحة من الأراضي اليمنية الواقعة تحت سيطرة الانقلابيين»، مشيرًا إلى أنه «تم وضع كل الاحتمالات التي يمكن أن تواجه القوات، مثل انتشار القناصة وزرع الألغام في مساحات مختلفة ومتنوعة». وأوضح أن القوة العسكرية التي ستنفذ العملية يفوق عددها ألفي جندي معهم عناصر من المقاومة الشعبية، بإسناد من طيران التحالف.\n\n دبلوماسيًا، قالت مصادر مطلعة لـ«الشرق الأوسط»، إن المبعوث الأممي لليمن، إسماعيل ولد الشيخ أحمد، لا يزال يجري لقاءاته في القاهرة مع أطراف يمنية وعربية في محاولة لإحياء العملية السياسية في اليمن بعد فشل مشاورات جنيف و3 هدن إنسانية. وتحدثت المصادر عن «تفاؤل كبير بشأن التوصل إلى اتفاق، في وقت قريب»، رغم أنها أكدت أيضًا وجود «عقبات وعراقيل تعترض سير المشاورات». مضيفة أن «التطورات الميدانية التي شهدتها جبهات القتال، أخيرًا، عكست نفسها، بشكل كبير، في طبيعة طروحات كل الأطراف».\n\n في غضون ذلك، وصلت إلى مطار عدن أمس رابع طائرة إغاثية سعودية محملة بعشرة أطنان من المستلزمات الطبية لمرضى الفشل الكلوي, يرافقها فريق من مركز الملك سلمان للإغاثة والأعمال الإنسانية وفريق من الهيئة العالمية لأطباء عبر القارات.\n\n ...المزيد",
    "date_extracted": "2015-08-01 08:18:19"
}