{
    "url": "http://aawsat.com/home/article/418921/وفاة-المعارض-الروسي-ليتفينينكو-قد-تمثل-خطرًا-على-سكان-لندن",
    "title": "وفاة المعارض الروسي ليتفينينكو  قد تمثل خطرًا على سكان لندن",
    "author": "لندن: «الشرق الأوسط»",
    "content": "أفاد تحقيق بريطاني في وفاة الضابط الروسي السابق بجهاز المخابرات السوفياتي (كيه جي بي)، ألكسندر ليتفينينكو، بأن عددا غير معروف من سكان لندن قد يكونون قد تعرضوا لمخاطر في واقعة تسممه بنظير مشع عام 2006 مما يرقى إلى أن يكون «هجوما نوويا في شوارع» العاصمة البريطانية.\nوكان ليتفينينكو (وكان من أشد منتقدي الكرملين والرئيس الروسي فلاديمير بوتين قبل مقلته عام 2006) قد توفي بعد أسابيع من تناوله الشاي الأخضر الممزوج بالنظير المشع «بلوتونيوم - 210» في فندق «ميلينيوم» الفاخر وسط لندن. واتهم ليتفينينكو وهو على فراش الموت الرئيس الروسي فلاديمير بوتين بإصدار أوامر بقتله، لكن الكرملين ينفي دوما تورطه في ذلك.\nوقال ريتشارد هورويل، المحامي المكلف بالدفاع عن شرطة لندن، في تصريحات لجهة تحقيق بريطانية في الحادث: «لن نعرف مدى خطورة تعرض الجمهور في الشوارع للبلوتونيوم وما الآثار البعيدة الأمد على سكان لندن». وأضاف: «قام الشخص الذي رتب إحضار (البلوتونيوم – 210) إلى وسط المدينة بذلك دون أي اعتبار لحياة البشر. قال السيد إيمرسون (المحامي الذي يمثل ماريانا أرملة ليتفينينكو).. إنه هجوم نووي على شوارع لندن. هذا التصريح له ما يبرره».\nوأدى الجدل الذي ثار في أعقاب وفاة ليتفينينكو إلى تردي العلاقات البريطانية - الروسية إلى أدنى حد لها في فترة ما بعد الحرب الباردة.\nوأكد هورويل أن الشرطة تريد محاكمة روسيين اثنين هما ديمتري كوفتون وآندريه لوجوفوي (وهو ضابط سابق بالمخابرات الروسية لكنه أصبح نائبا برلمانيا منتخبا) في بريطانيا بتهمة القتل. وينفي كل من الرجلين أي تورط لهما في الحادث، ورفضت روسيا تسليمهما.\nوجاء في التحقيق أن آثار البلوتونيوم رصدت في أرجاء لندن بمناطق زارها الرجلان منها مكاتب وفنادق وطائرات وحتى استاد نادي آرسنال لكرة القدم.\nواعتبر هورويل أنها «الأدلة العلمية التي تدين لوجوفوي وكوفتون».",
    "date_extracted": "2015-07-31 04:29:04"
}