{
    "url": "http://aawsat.com/home/article/419956/كلينتون-تدعو-لإنهاء-الحصار-نهائيًا-عن-كوبا",
    "title": "كلينتون تدعو لإنهاء الحصار نهائيًا عن كوبا",
    "author": "لندن: «الشرق الأوسط أونلاين»",
    "content": "دعت وزيرة الخارجية الأميركية السابقة المرشحة لانتخابات الحزب الديمقراطي للرئاسة الأميركية هيلاري كلينتون، أمس، الجمعة، مجددًا إلى إنهاء الحصار الأميركي المفروض على كوبا.\n\n وقالت كلينتون في كلمة، في ميامي، التي تضم أكبر جالية كوبية في الولايات المتحدة: «نحن في حاجة إلى إنهاء الحصار المفروض على كوبا نهائيا».\n\n وأضافت كلينتون أمام نحو 300 شخص في جامعة فلوريدا الدولية في جنوب شرقي الولايات المتحدة: «يجب علينا أن نستبدل به (الحصار) مقاربة أكثر ذكاء تعزز قدرات المؤسسات الكوبية والمجتمع المدني الكوبي والجالية الكوبية الأميركية لتشجيع التقدم والحفاظ على الضغط على النظام».\n\n وجاء كلام كلينتون بعد نحو أسبوعين من إعادة فتح السفارتين في عاصمتي الدولتين، في خطوة أنهت أكثر من نصف قرن من القطيعة الدبلوماسية.\n\n وكانت وزيرة الخارجية الأميركية بين 2009 و2013 تؤيد علنًا تطبيع العلاقات مع كوبا أي قبل التقارب الذي أعلن عنه في ديسمبر (كانون الأول) الماضي، من قبل الرئيسين الأميركي باراك أوباما، والكوبي راوول كاسترو.\n\n وكانت تدعو خصوصا إلى رفع الحظر الاقتصادي المفروض على الجزيرة الشيوعية منذ عام 1962.\n\n وفي مواجهة معارضة الجمهوريين، الذين يشكلون غالبية في الكونغرس، والذين حذروا من أنهم سيفشلون التصويت على رفع الحصار، رأت كلينتون أن الانتخابات الرئاسية عام 2016 ستكون حاسمة في هذا الشأن.\n\n وقالت: «لا يمكننا العودة إلى سياسة فشلت، داعية الجمهوريين إلى الاستماع لمطالب الشعب الكوبي».\n\n وأضافت أن «الغالبية الساحقة (من الكوبيين) تريد تقاربا أكبر مع الولايات المتحدة. يريدون شراء منتجاتنا وقراءة كتبنا وتصفح الإنترنت والتعلم من شعبنا. يريدون إدخال بلادهم في القرن الحادي والعشرين».\n\n وبدفاعها عن رفع الحصار على كوبا أصبحت كلينتون في مواجهة مباشرة مع المرشحين الجمهوريين مارك روبيو وجيب بوش اللذين صنعا مسيرتيهما السياسيتين في ولاية فلوريدا، ويعارضان هذا التقارب، معتبرين أنه يشكل مكافأة للأخوين كاسترو.\n\n والجالية الكوبية في فلوريدا تتمتع بنفوذ كبير، ويسعى المرشحون لكسب أصواتها. ويعيش في فلوريدا نحو نصف الكوبيين المقيمين في الولايات المتحدة، والبالغ عددهم نحو مليوني شخص.\n\n وكتب روبيو المتحدر من أصول كوبية في تغريدة على موقع «تويتر» للرسائل القصيرة: «بعد فشل محاولة (هيلاري) كلينتون إحياء العلاقات مع (الرئيس الروسي فلاديمير) بوتين، تريد أن تفعل الشيء ذاته الآن مع كاسترو وهذا خطأ أيضا».\n\n ورد الحاكم السابق لفلوريدا جيب بوش أيضًا على تصريحات كلينتون. قائلاً إن «طلب كلينتون إلغاء الحظر ومبادئ الحرية والديمقراطية للشعب الكوبي مقابل لا شيء يشكل إهانة لمعاناة العائلات المتحدرة من كوبا والمقيمة في فلوريدا».",
    "date_extracted": "2015-08-01 20:35:03"
}