{
    "url": "http://aawsat.com/home/article/417776/أسعار-النفط-تتراجع-في-أطول-موجة-هبوط-خلال-عام",
    "title": "أسعار النفط تتراجع في أطول موجة هبوط خلال عام",
    "author": "لندن: «الشرق الأوسط»",
    "content": "تراجعت أسعار النفط أمس في أطول موجة من الخسائر اليومية في عام مع تفاقم تخمة المعروض العالمي الذي طغى على الدعم المحتمل للخام من انخفاض الدولار والنزول المتوقع لمخزونات الخام الأميركية.\nوأظهر مسح لـ«رويترز» أول من أمس أن الدول الأعضاء في منظمة البلدان المصدرة للبترول (أوبك) أنتجت نحو ثلاثة ملايين برميل يوميا من النفط فوق حجم الطلب اليومي في الربع الثاني مقارنة مع نحو مليوني برميل يوميا في الأشهر الثلاثة الأولى من العام.\nويجتمع مجلس الاحتياطي الاتحادي (البنك المركزي الأميركي) في وقت لاحق أمس، لكن توقعات السوق برفع أسعار الفائدة في سبتمبر (أيلول) تتضاءل بما أدى إلى انخفاض الدولار أمام سلة من العملات.\nوانخفض سعر مزيج برنت في العقود الآجلة تسليم شهر أقرب استحقاق 42 سنتا إلى 88.‏52 دولار للبرميل بحلول الساعة 08:50 بتوقيت غرينتش متجها لتكبد سادس خسائره اليومية على التوالي في أطول موجة هبوط من نوعها منذ يوليو (تموز) 2014.\nوبلغ خام برنت أدنى مستوى له في الجلسة عند 28.‏52 دولار أمس الثلاثاء، مسجلا أقل سعر له منذ الثاني من فبراير (شباط) بعدما أثار هبوط الأسهم الصينية مخاوف بشأن متانة اقتصاد أكبر مستهلك للسلع الأولية في العالم.\nونزل الخام الأميركي في عقود سبتمبر 33 سنتا إلى 65.‏47 دولار للبرميل.\nوتعافت أسعار النفط من أدنى مستوياتها في عدة أشهر مساء أول من أمس الثلاثاء بعدما أظهرت بيانات من معهد البترول الأميركي انخفاض مخزونات الخام التجارية الأميركية بواقع 9.‏1 مليون برميل في الأسبوع الماضي مقابل توقعات محللين بانخفاضها 184 ألف برميل، غير أن مستوى المخزون البالغ 462 مليون برميل الذي أعلنه معهد البترول الأميركي - مقارنة مع 383 مليونا في بداية العام الحالي - يعكس مدى الوفرة في المعروض الأميركي.\nوفي موسكو نقلت وكالة «إنترفاكس» الروسية للأنباء عن وزير الطاقة ألكسندر نوفاك قوله إنه لا نية لدى روسيا لمناقشة خفض إنتاج النفط مع منظمة البلدان المصدرة للبترول (أوبك) أثناء زيارة الأمين العام للمنظمة عبد الله البدري لموسكو اليوم الخميس.\nوبحسب «رويترز» ذكر نوفاك أنه لا يرى أي «خروج عن المعهود» في أسواق النفط، واصفا تراوح سعر الخام بين 50 و65 دولارا للبرميل بأنه أمر «متوقع».\nوقررت أوبك الإبقاء على سقف إنتاج النفط دون تغيير لتبدأ معركة الدفاع عن حصتها في السوق. ورفضت روسيا أيضا وهي أكبر منتج للنفط في العالم اتخاذ أي إجراء لدعم أسعار الخام التي هبطت إلى أقل من النصف منذ العام الماضي.",
    "date_extracted": "2015-07-31 04:33:18"
}