{
    "url": "http://aawsat.com/home/article/417631/احترس-خط-يدك-يكشف-أسرار-شخصيتك",
    "title": "احترس.. خط يدك يكشف أسرار شخصيتك",
    "author": "القاهرة: «الشرق الأوسط أونلاين»",
    "content": "هل فكرت يوما أن خط يدك أو شكل توقيعك على الأوراق يمكن أن يكشف جوانب مهمة من شخصيتك؟ هذا ما أوضحته جريدة «هافنغتون بوست» الأميركية نقلا عن ديفيد ديويت، المتخصص في علم تحليل الشخصية عن طريق خط اليد «graphology».\nفقد قام ديويت بتحليل خط اليد لعدد من الأشخاص، فتوصل إلى عدد من الاستنتاجات المثيرة للاهتمام، وقال ديويت إنه إذا كان خط يد الشخص صغير الحجم، فهذا يدل على أنه شخص منطو، وعلى العكس، فإن كان خط يد الشخص كبيرا، فهذا يدل على أنه شخص منفتح، لديه ثقة كبيرة في ذاته ويجيد التعامل مع الآخرين.\nوأضاف ديويت أنه «إذا كان خط الشخص متوسط الحجم فهذا يدل على أنه شخصية عاقلة متزنة، يسهل التعامل معها».\nبالإضافة إلى ذلك فإن كان الشخص يترك مسافة كبيرة بين كل كلمة والأخرى، فإن ذلك يدل على حبه للحرية، أما إذا كان يترك مسافة صغيرة بين الكلمات فهذا يدل على زيادة القيود والضغوط النفسية التي تعرض لها.\nأما الأشخاص الذين يكون توقيعهم عبارة عن خط كبير أو خط ذي شكل مختلف لا يوضح الاسم بسهولة، بدلا من التوقيع باسمهم كاملا، فهؤلاء الأشخاص قد يشعرون بالإحباط والملل بسهولة، أما أولئك الذين يوقعون باسمهم كاملا فهم أشخاص اجتماعية تحب الظهور.",
    "date_extracted": "2015-07-31 04:35:50"
}