{
    "url": "http://aawsat.com/home/article/418981/ولي-ولي-العهد-السعودي-للسيسي-مباحثاتنا-تؤكد-متانة-الروابط-الأخوية-بين-البلدين",
    "title": "ولي ولي العهد السعودي للسيسي: مباحثاتنا تؤكد متانة الروابط الأخوية بين البلدين",
    "author": "جدة: «الشرق الأوسط»",
    "content": "شدد الأمير محمد بن سلمان بن عبد العزيز ولي ولي العهد السعودي النائب الثاني لرئيس مجلس الوزراء وزير الدفاع، على أن المباحثات التي أجراها مع الرئيس المصري عبد الفتاح السيسي، أمس، في القاهرة، تؤكد على متانة الروابط بين البلدين، والرغبة الجادة في تعميق التعاون وتوثيقه في جميع المجالات، وذلك وفقًا لرؤية خادم الحرمين الشريفين الملك سلمان بن عبد العزيز، والرئيس عبد الفتاح السيسي.\nوقال في برقية شكر للرئيس المصري عبد الفتاح السيسي بعد انتهاء زيارته لمصر: «يطيب لي وأنا أغادر بلدكم أن أعرب لكم عن بالغ امتناني وتقديري على ما لقيته والوفد المرافق من كرم الضيافة وحسن الاستقبال، ولقد أثبتت المباحثات المشتركة التي عقدناها متانة الروابط الأخوية بين بلدينا، والرغبة الجادة في تعميق التعاون وتوثيق العلاقات وتعزيزها في كافة المجالات، وفقًا لرؤية مقام خادم الحرمين الشريفين الملك سلمان بن عبد العزيز آل سعود، ورؤيتكم، لما فيه مصلحة الشعبين، متمنيًا لكم دوام الصحة والسعادة، ولبلدكم وشعبكم الأمن والأمان واطراد التقدم والنماء».\nوفي وقت لاحق، غادر الأمير محمد بن سلمان بن عبد العزيز ولي ولي العهد النائب الثاني لرئيس مجلس الوزراء وزير الدفاع مصر بعد زيارة عمل، وكان في وداع الأمير محمد بن سلمان لدى مغادرته مطار القاهرة الدولي الفريق أول صدقي صبحي القائد العام للقوات المسلحة وزير الدفاع والإنتاج، وأحمد قطان سفير خادم الحرمين الشريفين لدى مصر مندوب السعودية الدائم لدى جامعة الدول العربية، والعقيد ركن عبد الله الجاسر الملحق العسكري السعودي لدى مصر، وأعضاء السفارة السعودية في القاهرة، وعدد من المسؤولين في مصر.\nويضم الوفد الرسمي لولي ولي العهد الدكتور مساعد العيبان وزير الدولة عضو مجلس الوزراء، وعادل الجبير وزير الخارجية، وخالد العيسى وزير الدولة عضو مجلس الوزراء رئيس الديوان الملكي المكلف، وخالد الحميدان رئيس الاستخبارات العامة.\nويضم الوفد المرافق لولي ولي العهد أحمد الخطيب المستشار في الديوان الملكي، وفهد العيسى المستشار في الديوان الملكي، ومساعد البراك مساعد أمين مجلس الوزراء في مجلس الشؤون السياسية والأمنية، وسعود القحطاني المستشار في الديوان الملكي، وياسر الرميان المستشار في الديوان الملكي.",
    "date_extracted": "2015-07-31 04:31:13"
}