{
    "url": "http://aawsat.com/home/article/418446/هل-تحلّ-جزيرة-لا-ريونيون-الفرنسية-لغز-اختفاء-الرحلة-«أم-أتش-370»-الماليزية؟",
    "title": "هل تحلّ جزيرة لا ريونيون الفرنسية لغز اختفاء الرحلة «أم أتش 370» الماليزية؟",
    "author": "لندن: «الشرق الأوسط أونلاين»",
    "content": "أعلن نجيب رزاق رئيس الوزراء الماليزي، اليوم (الخميس)، أنّ حطام الطائرة الذي عثر عليه في جزيرة لاريونيون الفرنسية في المحيط الهادئ يعود «على الارجح» إلى طائرة «بوينغ 777» ، فيما تتزايد التكهنات بأن يكون حطام الرحلة المفقودة «ام اتش 370».\n\n وكتب رزاق في بيان على فيسبوك أن «التقارير الاولية توحي بأنّ الحطام على الارجح من طائرة «بوينغ 777»؛ لكن علينا التحقق ما إذا كان يعود إلى الرحلة «ام اتش 370».\n\n وأثار الحطام الذي عثر عليه في جزيرة لاريونيون، الأمل في الكشف أخيرًا عن مصير الطائرة التابعة للخطوط الجوية الماليزية التي اختفت بشكل غامض في 8 مارس (آذار) 2014 وعلى متنها 239 شخصًا.\n\n ولم يوضح رزاق تحديدًا التقارير التي يتحدث عنها؛، لكن مسؤولين ماليزيين أفادوا في وقت سابق اليوم، بأنّه عُثر على قطعة حطام من جناح طائرة «بوينغ 777» يبلغ طولها حوالى مترين وهي تعرف باسم جنيح.\n\n وتوجه محققون ماليزيون متخصصون اليوم، إلى جزيرة لاريونيون الفرنسية في المحيط الهندي، لمعاينة حطام الطائرة الذي عثر عليه أمس، ويشتبه بأنه لطائرة الرحلة «ام اتش 370» التابعة للخطوط الجوية الماليزية.\n\n وأفاد مصدر قريب من خلية التحقيق المكلفة النظر في المسألة، بأنّ قطعة الحطام، ويبلغ طولها مترين، عثر عليها عمال جمعية مكلفة تنظيف الشواطئ في سان اندريه دو لاريونيون.\n\n كما أوضح شهود أنّ الحطام «كان مليئًا بالاصداف وكأنه كان في الماء لفترة طويلة».\n\n ولا يميل محققو هيئة الدرك الفرنسي للنقل الجوي إلى أي فرضية في الوقت الحالي، فهم لا يزالون يبحثون عن معلومات مثل الرقم المتسلسل من أجل تحديد هوية الركام.\n\n وختم مصدر قريب من التحقيق بالقول «من المبكر جدًا اصدار استنتاجات. في الوقت الراهن يجب علينا أن نحدد إلى أي طراز ينتمي هذا الحطام. عندما نفعل ذلك يمكن أن نحدد الشركة» التي كانت الطائرة تتبع لها.\n\n وانضمت إلى التحقيق الفرنسي استراليا التي تنسق عمليات البحث الدولية في المحيط الهندي للعثور على الطائرة المفقودة.\n\n من جانب آخر، أعلن المتحدث باسم الهيئة الاسترالية لسلامة النقل لوكالة «ايه ايه بي» «لقد حصلنا على بعض الصور لقطعة (الحطام) ونقوم بعرضها حاليًّا على شركات مصنعة لتحديد ماهيتها».\n\n كما أعلن وزير النقل والبنى التحتية الاسترالي، أن العثور على الحطام «تطور مهم جدًا، وإذا تبين أنه فعلًا يعود إلى الرحلة (ام اتش 370)، فإنّه سيتيح لأسر الضحايا أن تبدأ بطي الصفحة».\n\n من جهته، أعلن وزير النقل الماليزي ليو تيونغ لاي ارسال «فريق للتحقيق» في المكان. وقال «أيًّا يكن الحطام الذي عُثر عليه يجب أن يخضع لمزيد من التحقق، كي يكون بوسعنا أن نؤكد ما إذا كان يخص الرحلة (ام اتش 370) أم لا». مضيفًا «لهذا السبب أرسلنا فريقًا للتحقيق في هذه المسائل ونأمل بأن نتمكن من التحقق من الامر في اسرع وقت ممكن».\n\n واعتبرت الخطوط الجوية الماليزية اليوم، أنه «من المبكر جدا التكهن» حول مصدر الحطام الذي اشارت إليه بأنّه «جنيح».\n\n والجنيح هو جناح صغير متصل بالحافة الخلفية لجانح الطائرة يشغّله الطّيار لتوجيه الطائرة لدى اقلاعها وهبوطها ودورانها.\n\n ومن جهته، أشار الخبير الفرنسي في سلامة النقل الجوي كزافييه تييلمان إلى «أوجه شبه لا تصدق بين جنيح بوينغ 777 والحطام الذي عثر عليه»، حسبما كتب في تغريدة على تويتر. مضيفًا أنّ العثور على هذا الجنيح في لاريونيون، لا يعني أنّ الطائرة سقطت بالضرورة بالقرب من الجزيرة الفرنسية، بل إنّها قد تكون سقطت قبالة سواحل استراليا كما يعتقد المحققون والتيارات البحرية هي التي جرفت هذه القطعة من الحطام إلى حيث عُثر عليها.\n\n ولكن بعض خبراء الطيران لا يتفقون مع فرضية أنّ هذه قطعة من حطام الطائرة المفقودة، إذ يقول بعضهم إنّها قد تكون قطعة من حطام طائرة ايرباص «ايه 310» التابعة للخطوط اليمنية التي سقطت في 2009 قبالة سواحل جزر القمر، أو لطائرة ثنائية المحرك سقطت جنوب لاريونيون في 2006.\n\n وكانت طائرة البوينغ 777 اختفت بشكل غامض في 8 مارس (آذار) 2014، بعد ساعة من اقلاعها من كوالالمبور متجهة إلى بكين وعلى متنها 239 شخصا.\n\n ولم يعثر على أي اثر للطائرة على على الرغم من عمليات البحث المكثفة التي قادتها استراليا في المحيط الهندي، لتصبح هذه الكارثة الجوية أحد أكبر الالغاز في تاريخ الطيران المدني.",
    "date_extracted": "2015-07-31 04:28:32"
}