{
    "url": "http://aawsat.com/home/article/419016/المقاومة-الشرعية-تتقدم-في-أبين-وتسيطر-على-عاصمة-لحج-وتنتظر-توجيهات-لاقتحام-قاعدة",
    "title": "المقاومة الشرعية تتقدم في أبين وتسيطر على عاصمة لحج.. وتنتظر توجيهات لاقتحام قاعدة العند",
    "author": "الحديدة: وائل حزام",
    "content": "تواصل القوات الموالية للرئيس عبد ربه منصور هادي والمقاومة الشعبية تقدمها في جبهتي محافظتي لحج وأبين، في حين أكدت مصادر يمنية مطلعة أن القوات اليمنية مدعومة بضربات جوية من التحالف العربي، استعادت مواقع على مشارف عدن كان الحوثيون يستخدمونها في إطلاق صواريخ على المدينة الساحلية الجنوبية.\n\n وقالت مصادر محلية في أبين لـ«الشرق الأوسط»، إن «المقاومة تمكنت من السيطرة على جبل يسوف الاستراتيجي في مديرية لودر وجرى تطهيره كامل من الميليشيات الحوثية، وعثرت المقاومة على أخاديد وأنفاق قامت بحفرها الميليشيات في الأشهر الماضية واستخدامها للاختباء من ضربات قوات التحالف».\n\n وفي محافظة لحج، الواقعة إلى الجنوب الشرقي للعاصمة صنعاء، تمكنت المقاومة الشعبية من السيطرة على مدينة الحوطة عاصمة المحافظة بعد احتدام معارك ضارية مع الميليشيات الحوثية وقوات علي عبد الله صالح، وذلك في الوقت الذي تقوم فيه المقاومة الشعبية بمحاصرتها قاعدة العند العسكرية الاستراتيجية من كل الاتجاهات وتنتظر صدور التوجيهات باقتحام القاعدة التي تتريث المقاومة في اقتحامها بسبب وجود أكثر من 1500 معتقل بداخلها من المحافظات الجنوبية.\n\n وذكر مصدر في المقاومة الشعبية في لودر لـ«الشرق الأوسط» أنه «جرى أسر عدد من المقاتلين الحوثيين بينهم ثلاثة أطفال لا تتجاوز أعمارهم 13 عاما من العمر». واعتبر المصدر أن ذلك يُعد «جريمة في حق الأطفال ومخالفا للقوانين الدولية». وذكرت المعلومات في أبين أن المعارك انتقلت إلى عقبة ثرة الاستراتيجي لتطهيرها من الحوثيين، وتعد هذه الجبهة - العقبة هي طريق استراتيجي للفرار الرئيسي التي تتغذى منه قوات الحوثيين وأنصارهم من قوات الرئيس السابق علي عبد الله صالح خاصة منها العسكرية والبشرية من صنعاء عبر محافظة البيضاء، وسط البلاد.\n\n وسيطرت المقاومة الشعبية بمدينة تعز وسط اليمن، على موقع استراتيجي كان في قبضة الحوثيين والقوات الموالية للرئيس السابق علي صالح.\n\n وقال مصدر من المقاومة الشعبية، إن المقاومة سيطرت على تبة مسعود بمديرية مشرعة بعد هجوم شنته على قرية حدنان بجبل صبر. وأكد المصدر أن المقاومة غنمت عددا من الدوريات العسكرية التابعة للحوثيين وقوات صالح، موضحًا أن الاشتباكات ما زالت مستمرة بين الطرفين في حدنان، حيث تسعى المقاومة لتحريرها من قبضة الحوثيين وقوات صالح.\n\n وفي سياق آخر، نفذت المقاومة الشعبية هجومًا استهدف دورية عسكرية تابعة للحوثيين شرق مدينة تعز، أسفر عن مقتل أربعة وإصابة ثلاثة آخرين من الحوثيين. وتشهد مدينة تعز اشتباكات عنيفة بين الطرفين منذ زحف الحوثيين وقوات صالح إليها منذ نحو أربعة أشهر، وخلفت تلك المواجهات عشرات القتلى والجرحى بينهم مدنيون.\n\n ويقول مصدر مقرب من المقاومة لـ«الشرق الأوسط»، إن «المعارك اشتدت بين المقاومة المسنودة من الجيش الوطني وميليشيات الحوثي وأنصارهم من قوات صالح في المحافظة، حيث جرت اشتباكات عنيفة بينهم في منطقة المناخ ووصيناء والمرور والضباب وصرب وفي القرب من إدارة الأمن وقيادة المحور، وقتل فيها أكثر من 20 مسلحا حوثيا، بالإضافة إلى نصب كمين من قبل المقاومة في منطقة البرح غرب مدينة تعز سقط فيها قتلى وجرحى من الحوثيين».\n\n وأضاف المصدر: «بعد الاستيلاء على موقع الكشار الاستراتيجي من قبل المقاومة شوهدت مدرعات تابعة لميليشيات الحوثيين وقوات المخلوع تتجه باتجاه مشرعة وحدنان بصبر عند نقطة الضريبة في محاولة لاستعادة موقع الكشار الاستراتيجي، وأنباء عن مقتل أكثر من عشرة من ميليشيات الحوثي وأكثر من 20 جريحا في اشتباكات مع المقاومة في مديرية مشرعة وحدنان بصبر».\n\n وأكد المصدر لـ«الشرق الأوسط»، أن «المقاومة في صبر من اقتحام معقل الميليشيات الحوثية في حدنان واستطاعت السيطرة على قبة مسعود الاستراتيجية، بالإضافة إلى استهداف دورية عسكرية لميليشيا الحوثي والمخلوع أمام مدينة الصالح بالحوبان وقتل وجرح من فيه، وذلك في عملية نوعية ثانية للمقاومة الشعبية خلال ساعة واحدة بعد استهدافهم لدورية عسكرية ﺟﻮﻟﺔ ﺍﻟﻘﺼﺮ جوار معسكر قوات الأمن الخاصة».\n\n وفي الوقت التي تستمر فيه الاشتباكات في تعز، تقدمت المقاومة الشعبية في شارع الأربعين والستين والمجلية والنقطة الرابعة.\n\n وكان العميد الركن صادق سرحان، قائد اللواء 22 مدرع رئيس المجلس العسكري بتعز، قام بزيارة للوحدات العسكرية في جبهات القتال التي تشهد مواجهات مع الميليشيات الحوثية منذ أربعة أشهر، وخلال زيارته أكد العميد سرحان في لقاء جمعه مع المقاتلين العسكريين والمدنيين الموالين للشرعية، أن «الأيام المقبلة لن يجد المتمردون مكانًا للاختباء فيه وسنرفع رايات النصر في ربوع اليمن، وعلى المتمردين أن يرحلوا من تعز لغير رجعة».\n\n وقال العميد سرحان، إن «رجال المقاومة والقوات العسكرية يلقنون ميليشيا صالح والحوثي دروسا في كل الجبهات، مشيرا إلى أن التمرد المعتدي على تعز ليس له طلب سياسي أو اجتماعي غير القتل واستعباد أبناء المدينة ونشر الخراب والدمار».\n\n ودعا رئيس المجلس العسكري بتعز وحدات الجيش المنضوية في قتال الحوثيين وميليشيا صالح للاستعداد للأيام المقبلة وبناء القوات المسلحة الوطنية التي قال عنها: «إنها لن تكون مرتمية لأحضان العائلة أو الحزب أو الجماعة»، وخاطبهم: «بكم أنتم سنحرر تعز أولا، بكم سنرفع رايات الحرية والنصر في تعز وربوع اليمن، وقيادة المجلس العسكري سيكونون في مقدمة الصفوف للدفاع عن تعز وفي كل الخنادق والمواجهات سنكون حاضرين. والميادين هي التي ستفرز الشجعان والرجال».",
    "date_extracted": "2015-07-31 04:28:53"
}