{
    "url": "http://aawsat.com/home/article/418156/لاجئون-يخاطرون-باقتحام-نفق-المانش-للعبور-إلى-بريطانيا-بأي-ثمن",
    "title": "لاجئون يخاطرون باقتحام نفق المانش للعبور إلى بريطانيا {بأي ثمن}",
    "author": "كاليه (فرنسا) - لندن:  «الشرق الأوسط»",
    "content": "يشهد جانبا نفق المانش الذي يربط بريطانيا وفرنسا حالة من الفوضى بعد محاولة مئات المهاجرين اقتحامه من الجانب الفرنسي للوصول إلى المملكة المتحدة، مجازفين بكل شيء حتى بحياتهم.\n\n وسجلت ليل الثلاثاء/ الأربعاء محاولة تسلل 1500 مهاجر بعد رقم قياسي سابق سجل يوم الاثنين الماضي بمحاولة عبور ألفي شخص.\n\n وتعهدت حكومتا بريطانيا وفرنسا أمس بتشديد الإجراءات الأمنية حول ميناء كاليه الفرنسي عقب تسجيل تاسع حالة وفاة لمهاجر (سوداني) غير شرعي، أمس، بعد عملية التدافع. كما أصيب شاب مصري بجروح خطيرة في باريس إثر تعرضه لصدمة كهربائية بينما كان يحاول خلسة ركوب قطار يوروستار المتجه إلى بريطانيا.\n\n وكشف وزير الداخلية الفرنسي برنار كازنوف أن «فرنسا سترسل 120 شرطيا إضافيا إلى ميناء كاليه». وتحول الوضع إلى ساحة لتبادل الاتهامات عندما دعا كازنوف شركة «يوروتانل» المشغلة للنفق إلى تحمل المسؤولية أيضًا تجاه تحسين حالة الأمن.\n\n في المقابل، طالبت الشركة فرنسا وبريطانيا بتسديد قرابة 10 ملايين يورو أنفقتها لتعزيز الأمن في مواكبة أزمة المهاجرين في كاليه.\n\n وتشكل بريطانيا الوجهة الحلم لآلاف المهاجرين غير الشرعيين المستعدين لتحمل المخاطر للوصول إلى ما يعتبرونه مستقبلا أفضل لهم ولعائلاتهم.\n\n وتعد بريطانيا، التي تستعد لتشديد قوانين الهجرة، سادس دولة أوروبية من حيث طلبات اللجوء بعد ألمانيا والسويد وإيطاليا وفرنسا والمجر.\n\n ...المزيد",
    "date_extracted": "2015-07-31 04:30:53"
}