{
    "url": "http://aawsat.com/home/article/418616/مفكرة",
    "title": "مفكرة",
    "author": "",
    "content": "* إنتاج‬\nخصصت الحكومة الليثوانية عبر «معهد الفيلم الليثواني» ميزانية قدرها نصف مليون دولار لإنتاجاتها من الأفلام \nللعام المقبل. تبعًا لحجم الإنتاجات المحدود، سيكفي هذا المبلغ لإنتاج 28 فيلما بينها عشرة أعمال طويلة.\n\n‫* تمثيل ‬\nتوم كروز لن يتخلى عن سلسلة «المهمّـة: مستحيلة». الجزء الخامس المقرر له أن يعرض مطلع الشهر القادم أغسطس (آب)، لن يكون الأخير. أعلن الممثل أن الجزء السادس سينطلق للتصوير في منتصف العام المقبل.\n\n‫* تصوير ‬\nوافقت الممثلة الشابة إيلي فانينغ على ببطولة «كل الأماكن الصحيحة» المأخوذ من حكايات كوميكس غير معروفة ولا تنتمي إلى الشائع من روايات السوبر هيرو. الإسباني ميغويل أريتا سيقوم بإخراج الفيلم.",
    "date_extracted": "2015-07-31 04:34:50"
}