{
    "url": "http://aawsat.com/home/article/417736/13-رواية-تتنافس-في-القائمة-الطويلة-لجائزة-مان-بوكر-2015",
    "title": "13 رواية تتنافس في القائمة الطويلة لجائزة مان بوكر 2015",
    "author": "لندن: «الشرق الأوسط»",
    "content": "نشرت القائمة الطويلة لجائزة مان بوكر 2015 للرواية باللغة الإنجليزية التي تبلغ قيمتها المالية 50 ألف جنيه إسترليني (87 ألف دولار) أمس الأربعاء وضمت 13 عملا من بينها رواية للكاتب مارلون جيمس من جامايكا.\nوترشح جيمس للفوز بالجائزة عن ثالثة رواياته «إيه بريف هيستوري أوف سيفن كيلينجز» التي تتناول محاولة اغتيال المغني بوب مارلي وما تبعها من أحداث في جامايكا خلال السبعينات وبداية الثمانينات من القرن الماضي. ومن بين المرشحين أيضا أن انرايت الفائزة بالجائزة في 2007 وكتاب من نيجيريا والهند ونيوزيلندا وآيرلندا والولايات المتحدة وبريطانيا.\nوتعلن القائمة القصيرة للجائزة التي ستضم ستة أسماء فقط في 15 سبتمبر (أيلول) بينما سيعلن اسم الفائز أو الفائزة في 13 أكتوبر (تشرين الأول) في لندن.\nوقدمت الجائزة لأول مرة في 1969 وضمت قائمة الفائزين بها سابقا أسماء عمالقة بمجال الأدب على مدى العقود الأربعة الماضية من بينهم هيلاري مانتل وايريس ميردوك وايان ماكيوان، إضافة إلى سلمان رشدي.\nوتغيرت قواعد الجائزة في 2013 لتفتح الباب أمام كتاب من خارج بريطانيا ودول الكومنولث.\nوباعت الرواية الفائزة بالجائزة في العام الماضي «ذي نارو رود تو ذي ديب نورث» للمؤلف ريتشارد فلاناجان نحو 800 ألف نسخة بأنحاء العالم.",
    "date_extracted": "2015-07-31 04:37:18"
}