{
    "url": "http://aawsat.com/home/article/416861/لاصق-كهربائي-يساعد-على-التئام-الجروح-بشكل-أسرع",
    "title": "لاصق كهربائي يساعد على التئام الجروح بشكل أسرع",
    "author": "القاهرة: «الشرق الأوسط أونلاين»",
    "content": "قام مجموعة من العلماء البريطانيين بتطوير لاصق كهربائي للجروح، يمكن أن يساعد على التئام الجروح التي يصعب علاجها بشكل أسرع من لاصق الجروح التقليدي.\n\n وأطلق العلماء على اللاصق اسم «جيكو»، وأوضحوا أن حجمه سيكون في حجم ساعة اليد، وسيقوم بإرسال صدمات كهربائية صغيرة إلى الجسم، وهو ما سيعزز تدفق الدم ومن ثم علاج الجروح.\n\n وقام العلماء، الذين ينتمون لكلية لندن الإمبراطورية، باختبار اللاصق على 20 مريضا يعانون من جروح بمناطق مختلفة من أجسامهم، حيث قام المرضى بوضع اللاصق على الجروح أربع ساعات يوميا، لمدة خمسة أيام.\n\n وتوصل العلماء إلى أن هذا اللاصق قد يساعد على التئام الجروح بشكل أسرع وأكثر فاعلية من الوسائل الأخرى.\n\n ويحاول العلماء تقييم ما إذا كان اللاصق يمكن أن يساعد في علاج أمراض الشرايين الطرفية وقرحة القدم.",
    "date_extracted": "2015-07-31 04:36:14"
}