{
    "url": "http://aawsat.com/home/article/419236/7-عادات-يومية-تقلل-من-مستوى-ذكائك",
    "title": "7 عادات يومية تقلل من مستوى ذكائك",
    "author": "القاهرة: «الشرق الأوسط أونلاين»",
    "content": "هناك الكثير من العوامل ابتداء من التكنولوجيا ومرورا بعاداتنا الغذائية، ونمط حياتنا قد تقلل من مستوى ذكائنا، وقد أوضحت بعض التقارير الحديثة أن مستوى الذكاء قد انخفض لدينا بشكل ملحوظ في السنوات الـ50 الماضية.\nوذكر خبراء، لجريدة «ديلي تلغراف» البريطانية أن هناك 7 عادات قد يفعلها الشخص يوميا يمكنها أن تقلل من مستوى ذكائه، وهذه العادات هي:\n1 - الاستهلاك الزائد للدهون المشبعة:\nتوجد الدهون المشبعة بكثرة في المنتجات الحيوانية مثل السمن وفي الزيوت النباتية ومن أهمها زيت النخيل وزيت جوز الهند، وقد أوضحت الدراسات أن الوجبات الغذائية الدسمة تضعف المرونة الإدراكية، والذاكرة، وتؤدي إلى الاكتئاب.\n2 - تعدد المهام:\nقد يعتقد الشخص أن تعدد المهام يزيد من قدراته العقلية، إلا أنه على العكس يمكن أن يضر بعقل الشخص وتفكيره، فهو يمنع التركيز الدقيق والفكر الخلاق.\n3 - كثرة استخدام «غوغل»:\nإن كثرة استخدام محرك البحث غوغل قد يجعل الشخص كسولا لا يسعى للقراءة والتعب من أجل فهم شيء ما وهو ما يقلل من مداركه ومستوى ذكائه بشكل كبير.\n4 - الإكثار من تناول الفاكهة:\nقد أظهرت دراسة في جامعة كاليفورنيا أجريت في عام 2012 على مجموعة من الفئران أن الفركتوز الموجود في الفواكه والعسل والخضراوات، قد يساهم في تقليل مستوى الذكاء حيث يؤثر في قدرة الأنسولين على مساعدة خلايا المخ في تحويل السكر إلى طاقة للتفكير.\n5 - مشاهدة التلفزيون:\nحيث أوضحت دراسة حديثة أن مشاهدة التلفزيون لفترة طويلة يمكن أن تسبب تغيرات كبيرة في المخ، وتسبب تدمير خلاياه، وتقلل من مستوى الذكاء أيضا.\n6 - اضطرابات النوم:\nإن اضطرابات النوم واضطرابات الساعة البيولوجية قد تضعف قدرات المخ وتتسبب في شيخوخة خلاياه قبل الأوان.\n7 - مضغ العلكة:\nرغم اعتقاد الكثيرين أن العلكة تساعد على التركيز وتزيد الذكاء، فإن هناك دراسة حديثة أوضحت أن مضغ العلكة قد يلهي الشخص ويشتته عن التركيز، وبالتالي يؤثر على عقله وتفكيره.",
    "date_extracted": "2015-07-31 19:36:24"
}