{
    "url": "http://aawsat.com/home/article/419176/رجل-أعمال-تركي-يبيع-شركته-ويمنح-237-ألف-دولار-لكل-موظف",
    "title": "رجل أعمال تركي يبيع شركته ويمنح 237 ألف دولار لكل موظف",
    "author": "القاهرة: «الشرق الأوسط أونلاين»",
    "content": "وصف رجل الأعمال التركي نيفزات آيدين، مدير وأحد مؤسسي شركة «Yemek Sepeti»، بأنه أفضل صاحب شركة بالعالم، وبالطبع يحلم أي موظف بالعمل معه.\nوبينما يخشى أي موظف الاستغناء عنه إذا تم بيع الشركة التي يعمل بها، قام آيدين ببيع شركته للمنتجات الغذائية إلى شركة «Delivery Hero» الألمانية العملاقة مقابل 589 مليون دولار، لكنه قام بتوزيع 27 مليون دولار من إجمالي الصفقة على موظفي الشركة البالغ عددهم 114، ليكون متوسط نصيب كل منهم 237 ألف دولار؛ أي نحو 150 ضعفًا لراتبهم الشهري في الشركة.\nوفي حوار مع موقع «سي إن إن» الإخباري الأميركي، قال المتحدث باسم الشركة الألمانية، إن «القيمة المالية التي تم تخصيصها لكل فرد تم تحديدها بناء على دورهم في نجاح الشركة، وعدد السنوات التي عملوا خلالها بالشركة وما يمكنهم تقديمه خلال المستقبل».\nوروى آيدين، 39 عامًا، قصته في مقابلة مع صحيفة «حورييت» التركية، وقال إنه أسس الشركة في عام 2000 برأسمال 71 ألف يورو، ونجاحها يأتي نتيجة العمل الجماعي، ولهذا قرر مكافأة موظفيه. وقال: «تاريخ (Yemek Sepeti) لم يكتب بين عشية وضحاها، إنني أؤمن بالعمل الجماعي، وأعتقد أن النجاح يكون مصدرًا أكبر للسعادة إذا تمت مشاركته مع بقية الفريق».",
    "date_extracted": "2015-07-31 14:55:45"
}