{
    "url": "http://aawsat.com/home/article/415596/الهلال-يواجه-غاز-سبور-التركي-ودّيًا-اليوم",
    "title": "الهلال يواجه غاز سبور التركي ودّيًا اليوم",
    "author": "الرياض: فارس السبيعي",
    "content": "يخوض الفريق الأول بنادي الهلال في الساعة السادسة والنصف من مساء اليوم أولى مواجهاته الودية عندما يلتقي بفريق غاز ينتاب سبور التركي على ملعب كوفسيتي، وتترقب الجماهير الهلالية هذه المواجهة لمشاهدة محترفي الفريق الجدد البرازيليين كارلوس إدواردو وإلتون ألميدا والسعودي يونس العليوي، وتتطلع إلى أن يكون هذا الثلاثي وتحديدًا ألميدا وإدواردو إضافة قوية للفريق في الموسم المقبل وحتى يوم أمس لم يتأكد نقل هذه المباراة تلفزيونيا من الجانب الهلالي.\nالجدير بالذكر أن الهلال سيلاقي الخميس المقبل فريق اخيسار سبور التركي، والعين الإماراتي الأحد المقبل بينما لم تتأكد المواجهة الرابعة بعد، وتواصل إدارة الكرة اتصالاتها عبر عدد من الوسطاء المختصين لترتيب لقاء ودي رابع.",
    "date_extracted": "2015-07-27 17:16:53"
}