{
    "url": "http://aawsat.com/home/article/416091/صينية-تضيف-درسًا-جديدًا-لغريزة-الأمومة",
    "title": "صينية تضيف درسًا جديدًا لغريزة الأمومة",
    "author": "القاهرة: «الشرق الأوسط أونلاين»",
    "content": "في مشهد قاس صورته كاميرات المراقبة، لقيت امرأة مصرعها بأحد المراكز التجارية في الصين. وكانت السيدة تحاول إنقاذ طفلها الرضيع من السقوط معها في القسم العلوي من سلم كهربائي بمركز تجاري في مدينة جينغتشو بمقاطعة هوبي وسط الصين.\n\n ويظهر التسجيل المصور امرأة في سن الثلاثين تقريبا خلال صعودها على سلم كهربائي، ولدى وصولها إلى الأعلى تحمل بيديها طفلها الرضيع، انهارت فجأة الأرضية تحت قدميها بسبب سوء الصيانة على الأرجح.\n\n وقد أثارت تلك الحادثة التي وقعت السبت الماضي تعاطف الصينيين معها، وتصدرت هذه الحادثة المؤثرة العناوين في كثير من المواقع الإخبارية اليوم (الاثنين)، وأعرب أكثر من نصف مليون صيني عن تأثرهم عبر شبكة «سينا ويبو»، أكبر موقع للتدوينات في البلاد، خصوصا من خلال إضاءة شموع افتراضية تحية لروح هذه المرأة، وقد اعتبر أحد المدونين على الإنترنت أن هذه المرأة تمثل «النموذج الأسمى لغريزة الأمومة».\n\n وقد نجحت الأم في لحظاتها الأخيرة في إبعاد الخطر عن طفلها بمساعدة موظفات في المتجر، ولكنهن لم يستطعن تجنيب الأم السقوط داخل السلم المتحرك.\n\n وجرى استخراج جثة المرأة بعد أكثر من أربع ساعات من الجهود المضنية لفريق الإنقاذ الذي قام أفراده بفتح الآلة المشغلة للسلم المتحرك لسحب الجثة.",
    "date_extracted": "2015-07-27 17:18:21"
}