{
    "url": "http://aawsat.com/home/article/418761/سلمى-حايك-تحضر-افتتاح-فيلمها-الجديد-«النبي»",
    "title": "سلمى حايك تحضر افتتاح فيلمها الجديد «النبي»",
    "author": "لوس أنجليس: «الشرق الأوسط»",
    "content": "خطت نجمة هوليوود سلمى حايك بابتسامة مشرقة على البساط الأحمر لدى وصولها لحضور العرض الأول لفيلمها الجديد «النبي» في لوس أنجليس.\nويحكي الفيلم المأخوذ عن كتاب صدر عام 1923 للأديب اللبناني الأصل جبران خليل جبران قصة الميترا الفتاة العنيدة التي تقيم صداقة مع الشاعر المسجون مصطفى. وقالت حايك التي شاركت في إنتاج فيلم الرسوم المتحركة وقامت بالأداء الصوتي لشخصية كاميلا والدة الميترا لـ«رويترز» بأن أفضل أسلوب لعرض هذه القصة هو الرسوم المتحركة. \nوقالت: «يمكن التعبير بشكل أفضل عن طريق الفن والموسيقى والشعر.. الفيلم يحكي عن الحرية والرسوم المتحركة تعطينا الحرية لنكون أكثر إخلاصا لجوهر الفيلم». وأخرج الفيلم وكتبه رودجر اليرز الذي أخرج من قبل فيلم «الأسد الملك» أو «لايون كينغ» الشهير. وفي فيلم «النبي» سجن مصطفى بسبب شعره الذي يعبر عن التمرد الذي اعتبر خطرا على المجتمع. ويشرح لالميترا كيف أنه يهرب من سجنه بعقله.\nوقالت حايك بأن الممثل ليام نيسون الذي يقوم بالأداء الصوتي لشخصية مصطفى مثله مثل كل العاملين بالفيلم جذبته القصة فقبل المشاركة في هذا الإنتاج المحدود. وقالت «إنه كتاب مبدع.. بيعت منه أكثر من 120 مليون نسخة على مستوى العالم. كتاب محبوب جدا لذلك كان من المهم عرضه بطريقة صحيحة. يمكنني القول: إن كل من عمل في الفيلم شارك فيه بقلبه ولم يدفع أجر لأحد». ويبدأ عرض الفيلم للجمهور يوم السابع من أغسطس (آب) في نيويورك ولوس أنجليس ويعرض في بقية أرجاء الولايات المتحدة في وقت لاحق من الشهر نفسه.",
    "date_extracted": "2015-07-31 04:36:29"
}