{
    "url": "http://aawsat.com/home/article/418681/قلق-نصراوي-بسبب-«إصابة»-مورا",
    "title": "قلق نصراوي بسبب «إصابة» مورا",
    "author": "الرياض: عبد الله الهلابي",
    "content": "تعرض المهاجم الأوروغواياني رودريقز مورا إلى إصابة عضلية في ذهاب نهائي كأس الليبرتادوريس، مما أجبره على الخروج من المباراة، ورغم توقيع النصر مع اللاعب، فإن رئيس نادي ريفربلايت الأرجنتيني نفى أن يكون ناديه قد وقع على أي تنازل رسمي للنصر السعودي، إلا أن وكيل أعمال اللاعب أكد على أن تصريحات رئيس ريفربلايت غير صادقة، مشيرا إلى أن اللاعب مرتبط بعقد رسمي مع النصر، وأجرى مورا يوم أمس عددًا من الكشوفات الطبية للوقوف على أثر الإصابة، ومن المرجح أن يسعى الجهاز الطبي إلى معالجة اللاعب قبل لقاء الإياب يوم الخميس المقبل.\nومن جانبه، أكد مصدر مسؤول في نادي النصر أنهم يتابعون باهتمام إصابة مورا، وأكد كذلك على أن توقيعهم مع اللاعب ونادي ريفربلايت رسمي وموثق.\nوأشار المصدر نفسه إلى أن اللاعب سوف يكون موجودًا في النمسا في السابع من شهر أغسطس (آب) المقبل للانضمام لتدريبات الفريق الجماعية.\nومن جانب آخر، يواصل الفريق النصراوي تدريباته اليومية في معسكره المقام في النمسا، وشدد مدرب الفريق الأوروغواياني خورخي دا سيلفا على تكثيف الجرعات اللياقية للاعبين بالإضافة إلى عدم إغفال الجوانب التكتيكية، التي يهدف من خلالها المدرب إلى خلق الانسجام بين اللاعبين.\nتجدر الإشارة إلى أنه رغم عدم نقل اللقاء الودي عبر أي وسيلة إعلامية، الذي خسره النصر في شوطه الثاني بأربعة أهداف دون مقابل فإن الشوط الأول شهد مشاركة أحمد عكاش الذي قدم مستويات مطمئنة حسب ما أشارت مصادر خاصة لـ«الشرق الأوسط» ليطمئن مدربه دا سيلفا على مركز الظهير الأيسر الذي يغيب عنه قائد الفريق حسين عبد الغني 6 مباريات، بسبب إيقافه من لجنة الانضباط على خلفية أحداث نهائي كأس الملك.",
    "date_extracted": "2015-07-31 04:29:39"
}