{
    "url": "http://aawsat.com/home/article/419426/ألماني-يفجر-منزله-وبداخله-زوجته-وابنته",
    "title": "ألماني يفجر منزله وبداخله زوجته وابنته",
    "author": "بيتيغهايم -بيسنغن:  «الشرق الأوسط»",
    "content": "ألقت الشرطة في ولاية بادن فورتمبيرج جنوب غربي ألمانيا القبض على رجل أقدم على تفجير منزله ببلدة بيتيغهايم - بيسنغن القريبة من مدينة لودفيغسهافن وبداخله زوجته وإحدى بناته.\nوقالت شرطة مكافحة الجريمة إنها ألقت القبض على الرجل (55 عاما) مساء الخميس في غابة صغيرة على أطراف المدينة.\nوأفاد رجال الشرطة أن الرجل عرض أمس الجمعة أمام قاضي التحقيقات، الذي وجه إليه تهمة الشروع في القتل.\nووفقا لبيانات الشرطة والادعاء العام فإن الرجل توجه مخمورا الخميس إلى مفتاح التحكم في الغاز في قبو المنزل وقام بفتحه، وقد لاحظت الزوجة (42 عاما) والابنة (13 عاما) ذلك فسارعتا بمغادرة المنزل. وغادر الرجل المنزل كذلك قبل انفجار البيت، إلا أنه تعرض لبعض الحروق السطحية.\nوقالت الشرطة إن أحدا غيره لم يصب بأذى، إلا أن البيت أصيب بأضرار مادية تصل إلى 300 ألف يورو.\nورجح المحققون وجود مشاكل عائلية بين الرجل وزوجته دفعته إلى الإقدام على تفجير منزله.",
    "date_extracted": "2015-08-01 08:19:21"
}