{
    "url": "http://aawsat.com/home/article/419831/4-ملايين-يورو-تنقل-«ميسي-اليونان»-للأهلي",
    "title": "4 ملايين يورو تنقل «ميسي اليونان» للأهلي",
    "author": "جدة: محمد باسنيد",
    "content": "صادقت إدارة النادي الأهلي على تميز «الشرق الأوسط»، بتعاقدها رسميا مع اللاعب اليوناني أيوانيس فيتفاتزيدس (25 عاما) من فريق جنوا الإيطالي.\nووقع الأهلي عقدا لمدة سنتين مع أفضلية التمديد لسنتين أخريين، ليكون أيوانيس رابع اللاعبين الأجانب في صفوف الأهلي في الموسم المقبل، ويغلق النادي ملف اللاعبين الأجانب، وهو ما تمت الإشارة له في عدد أمس.\nوتم اختيار اللاعب عن طريق مدرب الفريق كريستيان غروس بسرية تامة، ودارت المفاوضات بعيدا عن الإعلام، وساهم لاعب الأهلي أمير كردي الذي سبق له اللعب في اليونان في نقل صورة كاملة عن النادي الأهلي وطبيعة البلد، الأمر الذي أسهم في إقناعه حتى تكللت المفاوضات بالنجاح.\nوبحسب المصادر، كلف أيوانيس خزينة النادي مبلغ 4 ملايين يورو شاملة مقدم العقد والرواتب.\nويتميّز اللاعب بقدرته على اللعب خلف المهاجمين والميل إلى اللعب في الأطراف، مع دقة تمريراته، ومهاراته الفردية العالية، وإجادته التسديدات من الوضعية المتحركة، وعرفت موهبة اللاعب في اليونان واشتهر بلقب «ميسي اليونان».\nوانضم أيوانيس لمنتخب بلاده الأول وهو في سن 19 عاما، وشارك في كأس العالم الأخيرة بالبرازيل والتصفيات الأوروبية برصيد مباريات دولية يتجاوز 25 مباراة.\nوكان اللاعب في الموسمين الأخيرين محط أنظار القطبين ميلان ويوفنتوس، وفي وقت سابق قدم له عرض رسمي من الإنتر بمبلغ 14 مليون يورو ورفضته وقتها إدارة جنوا لحاجتها للاعب.\nوبذلك تكمل إدارة النادي الأهلي ملفات اللاعبين غير السعوديين بعد أن أتمت في الأسابيع الماضية إجراءات انتقال اللاعب السويدي نبيل بهوي، مع استمرار الثنائي العربي، السوري عمر السومة، والمصري محمد عبد الشافي، للموسم الثاني على التوالي.\nوينتظر أن يجري اللاعب الفحص الطبي الشامل وينضم بعد ذلك خلال الساعات القليلة المقبلة إلى معسكر الفريق الإعدادي الحالي في مدينة لوزان السويسرية.\nوكان الأهلي قد كسب مباراته التجريبية الرابعة التي جمعته بفريق بيل بينيه السويسري، بأربعة أهداف مقابل هدفين، سجلت عن طريق سلمان المؤشر وأسامة هوساوي ومهند عسيري وصالح العمري، حيث واصل الجهاز الفني لفريق الأهلي إشراك جميع عناصره الجاهزة على مدار الشوطين بالدخول في كل شوط بتشكيلة، وفضل خلال المباريات الماضية إراحة عدد من العناصر التي تواصل برامجها التأهيلية؛ وهم: وليد باخشوين، ومعتز هوساوي، وعبد الإله بخاري.\nوينتظر أن تشهد المباريات المقبلة مشاركة وليد باخشوين ومعتز هوساوي بعد إكمال الإعداد البدني، وخاض فريق الأهلي مساء أمس مباراته التجريبية الخامسة أمام فريق مورجيس السويسري.\nمن جهة أخرى، أعلنت الأمانة العامة للنادي الأهلي عن فتح باب الترشح لانتخاب رئيس وأعضاء مجلس إدارة النادي بدءا من الخميس 14/ 10/ 1436هـ ولمدة 15 يوما، وهو ما أشارت له «الشرق الوسط» في عدد أمس، على أن تعقد الجمعية العمومية غير العادية يوم الأحد الأول من شهر ذي القعدة المقبل بمشيئة الله تعالى بمقر النادي.\nوتقرر أن يبدأ استقبال ملفات الراغبين في الترشح لرئاسة وعضوية مجلس الإدارة من أعضاء الجمعية العمومية مستوفي الشروط، من الساعة السادسة مساء وحتى الساعة التاسعة مساء في مقر النادي بوجود لجنة مكلفة من الرئاسة العامة لرعاية الشباب.\nيذكر أن المرشح الوحيد لرئاسة مجلس إدارة النادي حتى الآن هو مساعد بن هليل الزويهري.\nعلى صعيد آخر، حقق متجر النادي الأهلي الإلكتروني الذي تم إطلاقه مؤخرا عن طريق بوابة «أي مول»، مبيعات تجاوزت المليون الريال بعد إطلاقه بساعات قليلة، حيث تم بيع ألفي تيشرت من الأطقم الجديدة الذي دشنها النادي منتصف شهر يوليو (تموز) الماضي بالشراكة مع شركة «بوما» العالمية، ويلقى إقبالا كبيرا من قبل جماهير النادي في جميع مناطق المملكة. وأكد بدر الشمري مدير الموقع الإلكتروني التابع للبريد السعودي، عبر حسابه الشخصي بموقع التواصل الاجتماعي «تويتر»، أن عدد المبيعات وصل إلى ألفي تيشرت خلال ساعتين، وأنه تم تأمين كمية إضافية لتغطية الطلب الكبير من قبل الجماهير، وأن المبيعات شاملة لجميع المناطق السعودية وجميع الدول.",
    "date_extracted": "2015-08-01 08:19:12"
}