{
    "url": "http://aawsat.com/home/article/419846/صحف-الأرجنتين-تبدد-آمال-النصر-في-مشاركة-مورا-بـ«السوبر»",
    "title": "صحف الأرجنتين تبدد آمال النصر في مشاركة مورا بـ«السوبر»",
    "author": "الرياض: عبد الله الهلابي",
    "content": "أكدت صحف أرجنتينية، أن اللاعب الأوروغوياني ردريغو مورا يحتاج إلى ما لا يقل عن أسبوعين حتى يتعافى من الإصابة التي تعرض لها في ذهاب نهائي الليبرتادوريس، الأمر الذي يضائل فرصة مشاركته مع النصر في كأس السوبر السعودية في 12 أغسطس (آب) الحالي.\nوكانت إدارة النصر تواصلت مع اللاعب ووكيله من أجل الاطمئنان على إصابته ومتابعة الفحوصات.\nوكان النصر أدى تدريباته المعتادة يوم أمس (الجمعة) على فترتين صباحية ومسائية مكثفة اشتملت على الجري بسرعات مختلفة، ولم يشارك في التدريبات المهاجم نايف هزازي والذي تعرض لإصابة في تدريب أول من أمس (الخميس) وأظهرت الفحوصات الطبية وجود تمزق في أربطة المفصل تستدعي راحته لمدة أسبوع.\nكما شارك في التدريبات عوض خميس رغم تعرضه لخلع في الكتف في تدريب أول من أمس، ولكن يحسب للجهاز الطبي بنادي النصر إعادة الكتف لوضعه الطبيعي بسرعة فائقة مما ساهم في عدم تفاقم الإصابة.\nومن جانب آخر، يواصل حارس المرمى عبد الله العنزي ولاعب الوسط أحمد الفريدي برامجهما التأهيلية، حيث يجري العنزي عددًا من التدريبات الخاصة في مركز تأهيل متخصص في لندن، وحسب المركز فإن العنزي سوف يكون جاهزًا بشكل نهائي في الأول من شهر سبتمبر (أيلول).\nومن جانبه، ما زال الفريدي في المراحل النهائية للتعافي بعد عملية الرباط الصليبي ويجري الفريدي تأهيله في مركز متخصص للتأهيل بعد عملية الرباط الصليبي في فرنسا.\nتجدر الإشارة إلى أن إبراهيم غالب قرر أن يكون تأهيله النهائي في نادي النصر.\nالجدير بالذكر أن سفارة المملكة العربية السعودية لدى النمسا سوف تحتفي مساء اليوم (السبت) ببعثة الفريق النصراوي التي يجري معسكره هناك.",
    "date_extracted": "2015-08-01 08:19:16"
}