{
    "url": "http://sabq.org/imDgde",
    "title": "شاهد.. إطلاق شبكة مياه تخدم 14 حياً في الطائف",
    "author": "عبدالله البرقاوي-سبق-الرياض:",
    "content": " عبدالله البرقاوي-سبق-الرياض: أعلنت شركة المياه الوطنية، انتهائها من تنفيذ مشاريع مائية -شبكة مياه- في محافظة الطائف تخدم 14 حياً، في إطار مضيها قدماً في تطبيق خططها الاستراتيجية لتطوير البنى التحتية ورفع الكفاءة التشغيلية للقطاعين المائي والبيئي، وذلك وفقاً لأعلى معايير الجودة والأداء التشغيلي لمدينة الطائف، وسعياً منها لتقديم أفضل وأرقى الخدمات لعملائها وتنفيذ المشاريع الخدمية التي تلبي احتياجاتهم.   وأوضح مدير أعلى خدمات الأصول والمشاريع بمكة المكرمة والطائف المهندس سعيد العمري، أن شركة المياه الوطنية نفذت عدداً من المشاريع المائية في مدينة الطائف بتكلفة إجمالية بلغت أكثر من (162) مليون ريال، شملت مد شبكة مياه تصل إلى (14) حياً من أحياء محافظة الطائف، وهي (أم السباع، العنود، المنتزه، أم القرى، الصناعية، المعارض، الوشحاء، مخطط وهبي، وادي النمل، النسيم، مخطط القحطاني، والشرفية، والحمدة).   وكشف \"العمري\"، أن أطوال الخطوط الرئيسية والشبكات المنفذة بالأحياء بلغت أكثر من (121) كلم، وأن عدد التوصيلات المنزلية التي تم تنفيذها في هذا المشروع بلغت أكثر من (2750) توصيلة، مشيراً إلى أن المشروع سيقدم خدمة لشريحة واسعة من المنازل في أحياء الطائف طال انتظارها لهذه الخدمات منذ أكثر من (40) عاماً.   وبين: \"المشروع يعد أول مشروع شبكات وتوصيلات منزلية وضعته الشركة في أولوياتها بمحافظة الطائف، طبقت فيه المواصفات الموحدة للشركة، واستخدمت فيه تقنيات فنية متقدمة من أبرزها اللحام الكهربائي للوصلات المنزلية لضمان تلافي فواقد في كميات المياه داخل الشبكات\".   وأوضح مدير إدارة المشاريع الرأسمالية بمدينة الطائف المهندس محمد الربيعي، أن هناك عدداً من الأحياء المرتبطة بمصادر تغذية مائية جاهزة تم إدخال الأجزاء المنتهية منها للخدمة، وهي جزء من حي النسيم ومخطط القحطاني\".   وأضاف: \"تم إدخال الخط الرئيسي قطر (800) ملم المنفذ بشارع وادي (وج) للخدمة لدعم الشبكات القائمة في الأحياء التي كانت تعاني من عدم وصول المياه بسبب ضعف الضغط، بالإضافة إلى إنهاء معاناة العملاء بالمناطق المرتفعة بشكل نهائي، كما سيتم ربط (6) أحياء على خزان الشهداء الذي تبلغ سعته (50) ألف متر مكعب، وهي أحياء (أم السباع، العنود، المنتزه، المعارض، الصناعية، أم القرى)\".   واختتم \"الربيعي\" حديثه عن الانتهاء من الترتيبات اللازمة لتشغيل المياه وضخها للأحياء بالتنسيق مع المختصين بالمؤسسة العامة لتحلية المياه المالحة؛ حيث تم إعداد خطة بذلك توضح المهام والمسؤوليات التي تتكفل بها كل من تحلية المياه وشركة المياه الوطنية.   ودعت شركة المياه الوطنية كافة عملائها لمراجعة مراكز خدمة العملاء بإدارة القطاع والخدمات البيئية بحي المثناة بوادي (وج) لتسجيل كافة البيانات الخاصة بخدمة الاشتراك؛ ذلك لضخ كميات المياه إلى المنازل، وسيتم إشعار العملاء بملصقات على عدادات المياه للزيارة وإطلاق الخدمة.       ",
    "date_extracted": "2015-08-02 23:22:17"
}