{
    "url": "http://sabq.org/ouDgde",
    "title": "\"مجاهدو جازان\" يحبطون تهريب كمية من الحشيش",
    "author": "عمر عريبي- سبق- جازان:",
    "content": " عمر عريبي- سبق- جازان: أوضح  الناطق الإعلامي بفرع المجاهدين بالإنابة محمد الوعاني لـ\"سبق\"، عن تمكن دوريات المجاهدين بقطاع فيفا، من ضبط ومصادرة60 بلاطة من مادة الحشيش المخدرة.   وفي عملية أخرى، تمكنت الدوريات المساندة، التابعة لإدارة المجاهدين بمنطقة جازان، من ضبط 34 بلاطة حشيش خلال الـ 48 ساعة ماضية. ",
    "date_extracted": "2015-08-03 21:31:27"
}