{
    "url": "http://sabq.org/0hDgde",
    "title": "\"البقمي\" يحتفل بزفاف نجله \"رائد\"",
    "author": "سبق- مكة المكرمة:",
    "content": " سبق- مكة المكرمة: احتفل الشيخ مسلط بن بنيه البقمي، شيخ قبيلة هذيل البقوم، بزفاف نجله \"رائد\"، وسط حضور عدد من المسؤولين والوجهاء والأعيان والأهل والأصدقاء.   وأقيم الاحتفال في إحدى قاعات الأفراح بمحافظة تربة، وتفاعَلَ الحضور مع القصائد والأوبريت الإنشادي المُعَدّ لهذه المناسبة. ",
    "date_extracted": "2015-08-01 15:06:45"
}