{
    "url": "http://sabq.org/guDgde",
    "title": "ضبط ٩ وافدين يعملون تحت أشعة الشمس الحارقة في طريف",
    "author": "سبق-طريف:",
    "content": " سبق-طريف: ضبط مكتب العمل بمحافظة طريف بمنطقة الحدود الشمالية اليوم الاثنين ٩ وافدين مخالفين لنظام العمل، يعملون تحت أشعة الشمس الحارقة في عدد من المشاريع، وذلك ضمن حملات تفتيشية.   يأتي هذا فيما قال مدير فرع وزارة العمل بمنطقة الحدود الشمالية، حامد العازمي، في تصريح لـ \"سبق\" إن فرق التفتيش ستواصل حملاتها التفتيشية لضبط المخالفين لنظام العمل وفقاً لتوجيهات الوزير ونائبه التي تقضي بإيجاد بيئة عمل مناسبة حسب نظام العمل لكل من يعمل بالقطاع الخاص بالمملكة العربية السعودية. ",
    "date_extracted": "2015-08-03 21:31:28"
}