{
    "url": "http://sabq.org/KNCgde",
    "title": "بالفيديو .. أم تنقذ طفلها قبل أن يسحقها السلم الكهربائي",
    "author": "أيمن حسن- سبق:",
    "content": " أيمن حسن- سبق: في واقعة مأساوية تمكنت أم، السبت الماضي، من إنقاذ طفلها قبل أن يسحقها السلم الكهربائي بأحد الأسواق  التجارية في مقاطعة هوبي الصينية.   وقالت مجلة \"تايم\" الأمريكية، إن الأم زيان لويجيان، 30 عاماً، كنت تصعد السلم الكهربائي حاملة طفلها، حين سقطت إحدى القطع الأرضية المغطية للسلم، وفي لحظة دفعت الأم بطفلها بعيداً؛ حيث تلقته عاملتان بالسوق، بينما مدّت الأم يدها للعاملتين محاولة الخروج لكن درجات السلم المتحرّك سحبتها لأسفل لتلقى مصرعها سحقاً في الحال.. وبثّت المجلة الفيديو المروّع على موقعها.   ونقلت \"تايم\" عن وسائل إعلام صينية، أن عمال الإطفاء تمكنوا من استعادة جثة الأم بعد 4 ساعات.. فيما كشفت التحقيقات، أن أحد عمال الصيانة نسي أن يثبّت مسامير القطعة الأرضية أعلى السلم عقب قيامه بالصيانة.   ",
    "date_extracted": "2015-07-27 18:15:11"
}