{
    "url": "http://sabq.org/uoDgde",
    "title": "الرياح تتسبب بانقطاع الكهرباء عن \"ربوة تيماء\"",
    "author": "بدر الجبل- سبق- تيماء:",
    "content": " بدر الجبل- سبق- تيماء: تسببت الرياح التي ضربت محافظة تيماء اليوم في انقطاع التيار الكهربائي عن بعض أحياء المحافظة، واستمرت لما يزيد عن ساعة قبل أن تعود تدريجياً.   وأكد أحد سكان حي الربوة بتيماء أن حيهم أكثر الأحياء تضرراً بعد أن استمر الانقطاع لأكثر من ساعة، في حين أن الأحياء الأخرى اقتصر الانقطاع فيها على دقائق ولأكثر من مرتين.   وأشار إلى أن التيار الكهربائي انقطع أول أمس عن الحي أيضاً، مطالباً إدارة الكهرباء بإجراء مزيد من الصيانة والاحتياطات خاصة خلال هذه الأوقات التي تشهد ارتفاعاً في درجات الحرارة.   من جهته، قال مصدر مسؤول لــ \"سبق\" إن الرياح الشديدة والغبار أديا إلى فصل أكثر المغذيات عن المحافظة، مفيداً بأن فرق الصيانة تمكنت من معالجة الانقطاع.   وكانت الرئاسة العامة للأرصاد وحماية البيئة قد نبهت عن حالة من تشكيلات من السحب المنخفضة ومتوسطة الارتفاع قد تتخللها سحب رعدية ممطرة تصحب بنشاط الرياح السطحية، تؤدي إلى تدن في مدى الرؤية الأفقية في منطقة تبوك، وتنتهي في الساعة الحادية عشرة من مساء اليوم. ",
    "date_extracted": "2015-08-02 23:21:33"
}