{
    "url": "http://sabq.org/WnDgde",
    "title": "\"مدني المدينة\" ينتشل جثمان مواطن سقط في بئر يدوية",
    "author": "خالد الشاماني- سبق- المدينة المنورة:",
    "content": " خالد الشاماني- سبق- المدينة المنورة: انتشلت فرق الدفاع المدني بالمدينة المنورة صباح اليوم، جثمان مواطن يبلغ من العمر 19 عاماً، سقط في بئر بمركز الهميج ١٨٠ كلم شرق المدينة المنورة، وسلمت الجثة إلى جهات الاختصاص.   وقال نائب الناطق الإعلامي بمديرية الدفاع المدني بمنطقة المدينة المنورة، النقيب نايف محمد الجهني، إن مركز التحكم والتوجيه بالإدارة العامة للدفاع المدني بالمدينة المنورة، تبلغ عند الساعة ٥:٤٤ من يوم الأحد عن حادثة سقوط شخص ببئر في مركز الهميج١٨٠ كلم شرق المدينة المنورة، وعلى الفور هرعت فرق الدفاع المدني اللازمة إلى الموقع.   وبيَّن \"الجهني\" أنه عند وصول الفرق للموقع تبين أن الحادث عبارة عن سقوط مواطن يبلغ من العمر ١٩ سنة بداخل في بئر يدوية بعمق ٢٠ م، ويصل ارتفاع منسوب الماء بداخلها إلى أربعة أمتار، ونتج عن الحادثة وفاة المواطن، وانتشال جثمانه وتسليم الموقع لجهة الاختصاص.   ويتقدم الدفاع المدني بمنطقة المدينة المنورة بخالص العزاء وصادق المواساة لذوي المتوفي، سائلين الله له المغفرة والرحمة، وأن يلهم ذويه الصبر والسلوان. ",
    "date_extracted": "2015-08-02 23:21:42"
}