{
    "url": "http://sabq.org/6tDgde",
    "title": "\"أبيات\" تقيم معرضاً لمتسابقي التصوير والخط العربي في الأيام المقبلة",
    "author": "علي القرني- سبق- الرياض:",
    "content": " علي القرني- سبق- الرياض: تقيم شركة أبيات معرضاً فنياً خلال الأيام القليلة القادمة للمشاركين في مسابقتي التصوير الفوتوغرافي والخط العربي، التي أطلقتها الشركة خلال شهر رمضان المبارك بفرعيها في مدينتي الدمام والرياض بالمملكة العربية السعودية.      وتأتي هذه المسابقة التي استمرت طيلة شهر كامل امتداداً للجهود التي تبذلها الشركة في مجال المسؤولية الاجتماعية، ودعم المواهب الشابة بالمملكة، وتقديم الجوائز، والتحفيزعلى بذل المزيد من الجهد والمساعدة في الارتقاء بالمواهب والوصول بها إلى أعلى المستويات.   ويستمر المعرض في فرعي الشركة بالدمام والرياض لمدة يومين (5-6) أغسطس، يتم بعدها الإعلان عن أسماء الفائزين عبر لجنة متخصصة، وسيحصل الفائز بالمركز الأول بمسابقة التصوير الضوئي على \"10,000\" ريال، فيما سيحصل الفائز بالمركز الثاني على \"7,500\" ريال، أما صاحب المركز الثالث فسيحصل على \"5,000\" ريال. وسيحصل الفائز بالمركز الأول في مسابقة الخط العربي على \"10,000\" ريال، فيما سيحصل الفائز بالمركز الثاني على \"7,500\" ريال، أما صاحب المركز الثالث فسيحصل على \"5,000\" ريال.   وتأتي نسخة هذا العام من المسابقة تأكيداً على الدور الرائد لشركة أبيات في إبراز صور الحياة المجتمعية والإنسانية والمعالم الحضارية في كافة المجالات، بالإضافة إلى مساعدة المصورين والفنانين في مجال الخط العربي المحترفين والهواة والموهوبين ودعمهم وإبراز أعمالهم وتعريف المجتمع بها. ",
    "date_extracted": "2015-08-03 20:36:19"
}