{
    "url": "http://sabq.org/UOCgde",
    "title": "5 مصابين جراء سقوط مقذوف على الطوال والخوبة",
    "author": "عمر عريبي - سبق - جازان:",
    "content": " عمر عريبي - سبق - جازان: باشرت فرق الدفاع المدني بلاغاً عن سقوط مقذوفات من داخل الأراضي اليمنية، على أحياء سكنية تابعة لمحافظتي الطوال والخوبة، ما أسفر عن إصابة خمسة أشخاص.   وقال نائب المتحدث الرسمي باسم مديرية الدفاع المدني بمنطقة جازان الرائد محمد بن حسن آل صمغان: \"باشرت الفرق الموقع في الساعة 11:00 من صباح اليوم الاثنين، وتم نقل المصابين إلى المستشفى لتلقي العلاج، واتخاذ الإجراءات اللازمة\". ",
    "date_extracted": "2015-07-27 18:14:10"
}