{
    "url": "http://sabq.org/2nDgde",
    "title": "\"سلطان بن سلمان\" يدعم أسرة أكبر حرفي توفي منذ شهرين بنجران",
    "author": "علي حفول- سبق- نجران:",
    "content": " علي حفول- سبق- نجران: قدم رئيس الهيئة العامة للسياحة والتراث الوطني، رئيس اللجنة الإشرافية لبرنامج \"بارع\" الأمير سلطان بن سلمان بن عبد العزيز، دعماً مادياً لأسرة أكبر حرفي بمنطقة نجران توّفي منذ شهرين تقريبا.   وعبر أبناء \"الحرفي\" عن شكرهم وتقديرهم للأمير سلطان بن سلمان على هذه المبادرة والدعم السخي غير المستغرب منه، مؤكدين أن هذا الموقف واحد من اللمحات الإنسانية المتعددة له، حيث كان والدهم يحظى في حياته بالدعم والمؤازرة منه.   وقالوا: \"نسأل الله ـ عز وجل ـ أن يجعل هذا العمل في موازين حسنات الأمير سلطان بن سلمان، إنه سميع مجيب\".   وتعهد أبناء الحرفي بتقديم المزيد من الجهد ومواصلة العمل في هذه الحرفة التي تعلموها منذ الصغر.   يذكر أن \"الحرفي المتوفى\" يعد من أكبر الحرفيين في السعودية والمسجلين في البرنامج الوطني للحرف والصناعات اليدوية \"بارع\"، وله عدة مشاركات داخلية وخارجية، من أبرزها مشاركته في سوق عكاظ وملتقى السفر والاستثمار السياحي بمدينة الرياض، ومشاركته في مهرجان \"صيف نجران\"، ومهرجان \" كلنا نحب التراث\" كما درب العديد من الشباب في عملية البناء بالطين وحرفة الحياكة، وقدم الكثير من الأعمال الحرفية في المنطقة، وله عدد من المنتجات الحرفية في أسواق نجران التراثية. ",
    "date_extracted": "2015-08-02 23:22:00"
}