{
    "url": "http://sabq.org/MqDgde",
    "title": "\"الطيران المدني\" تأسف وتحقق بملابسات \"فيديو سيدات مطار ينبع\"",
    "author": "ماجد الرفاعي-عبدالله الراجحي - سبق- ينبع:",
    "content": " ماجد الرفاعي-عبدالله الراجحي - سبق- ينبع: وجّه رئيس الهيئة العامة للطيران المدني سليمان الحمدان بفتح تحقيق في فيديو متداول يُظهر سيدات في مطار ينبع ينتظرن السفر إلى جدة، ورفضت إحدى الأجهزة العاملة في المطار دخولهن للجلوس على المقاعد بدلاً من الجلوس في الأرض.   وأوضح مساعد رئيس هيئة الطيران المدني للاتصال والتسويق وائل سرحان لـ\"سبق\" أنه سيتم معرفة ملابسات الحادثة، واتخاذ الإجراء الذي يضمن عدم تكرار ذلك، سواء كان توفير سكن في حال تأخر الرحلات لأي ظرف كان أو مكان للراحة من قبل شركات الطيران أو إدارة المطار.   وقال: \"الهيئة العامة للطيران المدني تؤكد لجمهور المسافرين أن كل القطاعات العاملة في جميع مطارات المملكة بالإضافة للشركات الوطنية تتعاون للخروج بأفضل الخدمات للمسافرين، وهو أمر من أولوياتها ويحرص جميع مسؤولي الهيئة عليه\".   وأعربت الهيئة العامة للطيران المدني عن أسفها للمقطع المتداول، والذي يُظهر بعض العائلات والأطفال في مطار ينبع بعد تأخر رحلتهم وعدم السماح لهم بالجلوس في صالات الانتظار الدولية؛ لوصول رحلة دولية. ",
    "date_extracted": "2015-08-03 20:35:44"
}