{
    "url": "http://sabq.org/RL1aCd",
    "title": "إدارة المتعة",
    "author": " د . طارق الحبيب ",
    "content": " تختلف حاجات البشر وتتنوع ما بين المادية والمعنوية، الذاتية والاجتماعية، وتتشكل مع مرور الوقت كقيمة في نفس الإنسان تهيمن على تفاصيل حياته.\n ويغالي البعض في الجدية حتى يتناسى المرونة التي تفرضها متغيرات الحياة؛ فيفقد بذلك مراحل ومحطات في حياته، متجاهلاً ذاته الإنسانية المتطلبة والراغبة للتغير؛ لا لشيء إلا لمتعة التغيير نفسه.\n وبينما يهمش البعض حاجاته النفسية ويضيق الحياة بالنظرة المتطرفة الحادة التي تشكل له مخزوناً عالياً من الإنهاك والإجهاد؛ نجد على النقيض مَنْ يتمادى في إشباع رغباته الآنية؛ المعقول منها والمتناقض مع المعايير المتزنة، ويسرف في تلبية الحاجات دون حدود أو ضوابط ودون خطوط ثابتة ترسم له منهجاً في الحياة.\n وما بين الفريقين تتولد إشكالية الموازنة، فعندما يفقد الإنسان تلك الموازنة الفطرية، فإنه يقع في أزمة إدارة الذات وفهمها، وبالتالي يخسر كيفية التعامل مع حقوقها وواجباتها.\n لقد خلق الله الإنسان كياناً متكاملاً يستحيل فصل احتياجاته ويتعذر تحجيمه داخل أطر صارمة أو مائعة يصعب عليه الحد منها.\n وكما يجد الكثير راحته في مقدار ما يقدمه من أعمال تشعره بقيمته وأهميته؛ يفتقد البعض استشعار المتعة عندما لا يوفق بين مستوى عطائه وجهده، وبين استكشاف مواطن رفاهيته وتحقيق مستوى عالٍ من النقاهة النفسية- إن صح التعبير-.\n ولقد أشارت مجمل الدراسات النفسية إلى أن العمل الذي تتخلله راحة هو بمثابة رحلة مستمرة من تحقيق النجاحات المختلفة، وفي المقابل فإن افتقاد الإنسان للهدف وعدم إلزام نفسه بأعمال فردية تحقق له مكاسب اجتماعية حيوية؛ يفقده لذة متعة الحياة، مهما كانت إمكانياته المادية أو الشخصية.\n ومن ذلك يتضح أن المتعة في أصلها حاجة يشكلها دافع، وبالتالي فلا حياة متناغمة متكيفة بدون أهداف عملية تتخللها متعة ناعمة تتوافق مع الطبيعة البشرية السوية.\n وكما أن للأداء والإنجاز مهارات يتحقق من خلالها الرضا؛ فإن للمتعة تقنيات يتحقق معها الصفاء الذهني والاستقرار النفسي والراحة الجسدية.\n ولعل الأزمة الحقيقية تكمن في إساءة البعض التعامل مع أوقات المتعة والاستجمام؛ حيث يفشل البعض في استثمار أوقات فراغه ويختصره بجملة \"أنها مملة\"، ولعل ذلك يشير إلى ما يلي:\n استنكار الذات والجري عبثاً وراء تحقيق المكاسب المادية وتجاهل الجانب المعنوي.\n الفقد بكل أشكاله: فالشخص الذي تعرض لفقد رمز في حياته، سواء كان شخصاً أو مكانة، يتجنب لحظات الاسترخاء؛ لأنه من خلالها يسترجع مواقف القلق والإحباط.\n القلق: حيث يفتقد الشخص القلِق الراحة ولا يجيد التعامل مع لحظات الراحة؛ خوفاً من شعوره بالتقصير أو وصفه بالإهمال.\n إن إدارة المتعة تعتمد في المقام الأول على تقبل المتعة كمفهوم وحاجة ورغبة ونشاط حيوي نفسي يكتسب من خلالها الفرد خبرات جديدة في التعامل مع الذات والآخرين، فكلما منح الإنسان نفسه فرصة اللقاء معها في مواقف تأمل واسترخاء كلما كان أكثر اطلاعاً على جديد أفكاره وأهدافه، ويمكن تلخيص فنيات إدارة المتعة بالنقاط التالية:\n أن تؤمن أن ليس أفضل العمل هو أكثره عدداً، وإنما أكثره إتقاناً.\n بعض الممارسات تبدو صعبة في بدايتها، ولكن مع المحاولة والتجارب تصبح أسلوباً في الحياة.\n أنت الشخص الوحيد الذي تعلم ما يناسب ميولك واحتياجاتك، فلا تحاول أن تتبع الآخرين أو تتقمص أدوارهم وسلوكهم بما لا يتوافق مع سماتك وتكوينك الخاص.\n اختر لنفسك التغيرات التي تعبر عما تريده أنت.\n العطاء مشروع لا يتجزأ: فكما تعطي لذاتك بهجة العمل فهي تستحق التنزه في متع الحياة ضمن ضوابط الشرع والعرف.\n المتعة ليست مهمة عليك إنجازها، وإنما حاجة عليك إشباعها.\n إن جوهر المتعة هو أن تتحرر من حجم الضغوط وأنت تشعر أنك تستحق ذلك فعلاً.\n وفي رؤيتي النفسية أن الاستمتاع الحقيقي هو أن تصطحب في رحلتك المبتهجة من يتوافق معك فكرياً ونفسياً، ويحتضن احتياجك ويتفهم اهتماماتك.\n تصرف كما لو كنت سعيداً، فإنْ لم تكن معتاداً للمتعة فستجد صعوبة في ممارستها في بداية الأمر.\n  \n أ.د. طارق الحبيب\n بروفيسور واستشاري الطب النفسي\n الأمين العام لاتحاد الأطباء النفسيين العرب\n ويتلقى الدكتور الاستفسارات عبر البريد الإلكتروني:\n [email protected] /* */  ",
    "date_extracted": "2015-07-26 16:47:01"
}