{
    "url": "http://sabq.org/8dDgde",
    "title": "خلاط إسمنت يمثل خطراً بأحد المتنزهات ببيشة",
    "author": "سعود الدعجاني – سبق – بيشة:",
    "content": " سعود الدعجاني – سبق – بيشة: وثق أحد المواطنين وجود خلاط إسمنت وخرسانة منذ فترة بأحد المتنزهات بجنوب بيشة، القريب من استراحة البلدية، ويشكل تواجده خطراً على الأطفال لوجود جنازير كبيرة قد تؤذيهم، وكذلك فوهة الخرسانة قد تهوي بهم للأرض وهي خطيرة على مرتادي الحديقة وخصوصاً الأطفال .   و ذكر المواطن سعيد الحارثي أن أحد سكان بيشة وقد سبق أن قدم للحديقة قبل عدة أسابيع وشاهد خلاطاً غير مستخدم في الحديقة، وتوقع أنه سوف يسحب في أيام، لكنه كرر الزيارة للحديقة بعد ثلاثة أسابيع ووجد خلاط الخرسانة في محله، ويلعب به الأطفال حيث يشكل خطراً كبيراً على الأطفال لوجود جنازير كبيرة قد تقطع أطراف الجسم وفوهة الخرسانة ترتفع وتهوي وتشكل خطورة عليهم، مستغرباً من بقائه طوال هذه المدة في الحديقة دون إزالته لخطورة الوضع، مطالباً الجهة المعنية التحرك قبل أن يتسبب في إيذاء أحد. ",
    "date_extracted": "2015-07-31 04:39:38"
}