{
    "url": "http://sabq.org/KrDgde",
    "title": "\"صحة الجوف\" تُنهي التعاقد مع 30 طبيباً أردنياً بتخصصات مختلفة",
    "author": "سبق- الجوف:",
    "content": " سبق- الجوف: أنهت \"صحة الجوف\" المكلفة بالتعاقد مع عدد من الأطباء بالمملكة الأردنية الهاشمية أعمالها، وأبرمت عقوداً مع أكثر من 30 طبيباً، تمت مقابلتهم في العاصمة الأردنية عمان، وتَرَأّس اللجنة مدير عام الشؤون الصحية بمنطقة الجوف حسين بن الراوي الرويلي، بحضور أعضاء اللجنة.   وبيّن \"الرويلي\" أن اللجنة سَرّعت بإنهاء أعمال التعاقدات وتسهيل إجراءاتها بدعم من سفارة المملكة بدولة الأردن؛ مشيراً إلى أن اللجنة استطاعت أن تُنجز أعمالها في وقت قياسي، وتم اختيار تخصصات مهمة ذات خبرات مميزة؛ مؤكداً أن اللجنة وبتوجيه من وزير الصحة حرصت على استقطاب كوادر ذات خبرات عالية؛ للعمل على سد الاحتياج في مستشفيات المنطقة؛ مقدماً شُكره وتقديره لوكيل وزارة الصحة للتخطيط وتنمية الموارد البشرية على تسهيل كل الإجراءات التي ساهمت في إنجاح أعمال اللجنة بالشكل المطلوب. ",
    "date_extracted": "2015-08-03 20:38:51"
}