{
    "url": "http://sabq.org/sjDgde",
    "title": "\"ابن بار\" ينقذ حياة والده يتبرع له بكليته في بلقرن",
    "author": "سويد الحارثي- سبق- بلقرن:",
    "content": " سويد الحارثي- سبق- بلقرن: ضرب سعد بن عوضة بن سابر القرني، من أهالي عفراء بلقرن، أروع أمثلة بر الوالدين، بتبرعه بكليته لوالده، منهياً بذلك معاناته مع الغسيل الكلوي، إثر إصابته بالفشل الكلوي.   وشهد مستشفى الملك فيصل التخصصي بالرياض إجراء عملية زراعة كلية الابن لوالده، عوضة سابر القرني، رجل الأمن المتقاعد، وذلك عقب مطابقة التحاليل والفحوصات الطبية التي أجريت لهما، وقد تكللت العملية بالنجاح، حيث يتمتع الأب والابن بصحة جيدة. ",
    "date_extracted": "2015-08-01 20:37:20"
}