{
    "url": "http://sabq.org/0nDgde",
    "title": "\"عمل الجوف\" يضبط مخالفات لقرار منع العمل تحت الشمس",
    "author": "سبق-الجوف:",
    "content": " سبق-الجوف: تَمَكّن مكتب العمل بمنطقة الجوف، من ضبط مخالفات لقرار منع العمل تحت أشعة الشمس في المشاريع الإنشائية بالمنطقة.   يأتي ذلك حرصاً من وزارة العمل على توفير بيئة عمل آمنة من مخاطر العمل، ورفع كفاءة وسائل السلامة المهنية؛ لحماية العاملين من المخاطر والحوادث.   وقد تمكّنت فِرَق التفتيش في مكتب العمل بالجوف، من ضبط مخالفي قرار منع العمل تحت أشعة الشمس؛ حيث تم رصد مخالفات في عدد من المنشآت.    وأكد مدير عام فرع الوزارة بالجوف عبد العزيز الرويلي أن الحملات ستتواصل لضبط المخالفين لنظام العمل، وحث المنشآت وأصحاب العمل على اتخاذ الاحتياطات اللازمة لحماية العمال من الأخطار.         ",
    "date_extracted": "2015-08-02 23:22:01"
}