{
    "url": "http://sabq.org/WmDgde",
    "title": "\"جامعة المجمعة\" تطلق حزمة دبلومات لخريجى الثانوية وما يعادلها",
    "author": "نافل السبيعي –سبق- المجمعة:",
    "content": " نافل السبيعي –سبق- المجمعة: أطلقت عمادة خدمة المجتمع والتعليم المستمر بجامعة المجمعة، حزمة من الدبلومات التأهيلية لخريجي الثانوية العامة أو ما يعادلها تؤهل الملتحقين بها بعد تخرجهم لسوق العمل.   وبدأ القبول والتسجيل لهذه الدبلومات، اليوم الأحد؛ باعتماد من وزارة الخدمة المدنية, وهي دبلوم حاسبات (سيسكو) ودبلوم فندقة وسياحة وأنظمة وتسويق وتحرير وسكرتارية ونظم ومعلومات جغرافية وإدارة مكتبية ومعاملات مصرفية.   وتنفذ البرامج بالتنسيق مع كلية المجتمع بالتعاون مع الأقسام العلمية ذات العلاقة في الجامعة؛ حيث مقر البرامج في كل من المجمعة والرياض وحفر الباطن.   وتأتي هذه الخطوة بتوجيهات مدير الجامعة الدكتور خالد بن سعد المقرن, وبمتابعة مستمرة وإشراف مباشر من عميد خدمه المجتمع والتعليم المستمر بالجامعة الدكتور عمر بن مساعد الشريوفي.   يُذكر أن انطلاق التسجيل في هذه البرامج تأتي تزامناً مع المشروع الوطني (هدف) الذي تنفده وزارة التعليم ووزارة العمل (تعليم وعمل), والذي يسهم في بناء أفراداً صالحين يشاركون في بناء الوطن؛ حيث يمكن زيارة الموقع الإلكتروني لعمادة خدمة المجتمع والتعليم المستمر للاطلاع على المزيد من المعلومات وضوابط القبول والتسجيل في هذه البرامج. ",
    "date_extracted": "2015-08-02 23:22:04"
}