{
    "url": "http://sabq.org/yNCgde",
    "title": "مكة.. اعتماد الخطة التدريبية لرؤساء وأعضاء لجان الانتخابات البلدية",
    "author": "هادي العصيمي- سبق- مكة المكرمة:",
    "content": " هادي العصيمي- سبق- مكة المكرمة: اعتمدت اللجنة المحلية للانتخابات البلدية بمكة المكرمة، الخطة التدريبية لرؤساء وأعضاء اللجان الانتخابية لمراكز الانتخابات المحلية في دورتها الثالثة؛ اعتباراً من 20 شهر شوال الجاري؛ وذلك لتدريبهم على الاستمارات (من 101 حتى 119).     وبيّن منسق عام اللجنة المحلية إيهاب بن جميل الرفاعي، أن الخطة التدريبية التي وُضعت من قِبَل لجنة التدريب برئاسة عضو اللجنة المحلية الدكتور طلال بن مبارك الحربي، تأتي وفق رؤية وزارة الشؤون البلدية والقروية لتأسيس منهجية عالية الدقة؛ لتنفيذ خطة الانتخابات البلدية في دورتها الثالثة 1436/ 1437هـ؛ حيث تم وضع الأُطُر العامة؛ وفق القواعد التنظيمية المنصوص عليها في التعميم للبرنامج التدريبي.     وأشار إلى أنه ستُعقد يوم الأربعاء 20 شوال ورشة عمل تحضيرية للمدربين؛ للتعريف بمنهجية التدريب، وإعدادهم لتنفيذ البرنامج التدريبي، وتوضيح منهجية الحقيبة التدريبية وآلية التدريب عليها، والتمارين اللازمة لجودة التدريب، وسيعقبها عقد دورة تدريبية يوم الاثنين 25 شوال لرؤساء ورئيسات اللجان والمدربات.   وأضاف: \"ثم عقد دورة تدريبية يوم الثلاثاء 26 شوال لأعضاء اللجان؛ لتعريفهم بالحملة الانتخابية ودورها في تنفيذها، يليها عقد دورة يوم الأربعاء 27 شوال لعضوات اللجان؛ فيما سيُعقد يوم الخميس 28 شوال لقاء عام، بحضور أمين العاصمة المقدسة رئيس اللجنة المحلية للانتخابات البلدية بأم القرى الدكتور أسامة بن فضل البار، ومدير عام التعليم بمنطقة مكة المكرمة محمد الحارثي، ومشاركة كل العاملين في اللجان الرجالية والنسائية؛ للإعلان عن انطلاقة الانتخابات البلدية في دورتها الثالثة، التي ستبدأ -بمشيئة الله تعالى- في غرة شهر ذي القعدة القادم\".     وأفاد \"الرفاعي\" أنه تم تخصيص يوم الاثنين 2 ذو القعدة؛ لتدريب جميع الأعضاء العاملين بالمراكز الانتخابية، الذين لم يتمكنوا من الحضور في الأيام الرئيسة؛ وذلك بمقر التدريب بمكتب الوسط؛ لافتاً النظر إلى أن اليوم التدريبي يبدأ من الساعة الثامنة صباحاً، وينتهي الساعة الواحدة ظهراً، ويتكون من جلستين، مدة كل جلسة ساعتين؛ مشيراً إلى أن مكاتب التعليم (بنين وبنات) ستقوم بعقد اجتماعات مع مديري ومديرات المدارس للتعريف بالانتخابات.   واختتم: \"سيقوم مديرو ومديرات المدارس بنقل المعرفة لجميع المعلمين والمعلمات، عن طريق الاجتماعات وحث منسوبي المدارس على المشاركة في الانتخابات، مع الاستفادة من نظام الرسائل النصية \"sms\"؛ لمخاطبة المدارس لأولياء أمور الطلاب للمشاركة في الانتخابات ودعوتهم لها\". ",
    "date_extracted": "2015-07-27 18:14:44"
}