{
    "url": "http://sabq.org/MMCgde",
    "title": "زلزال بقوة 6.9 درجات يضرب ولاية ألاسكا الأمريكية",
    "author": "واس- سيدني:",
    "content": " واس- سيدني: ضرب زلزال بقوة 6.9 درجات جزراً في ولاية ألاسكا الأمريكية، الليلة الماضية.   وأوضحت هيئة المسح الجيولوجي الأمريكية أن الزلزال وقع على بعد 100 كيلومتر جنوب غربي نيكولسكي، ولم ترد تقارير فورية عن وقوع ضحايا أو أضرار. ",
    "date_extracted": "2015-07-27 18:15:54"
}