{
    "url": "http://sabq.org/UqDgde",
    "title": "إغلاق مطار في إندونيسيا إثر خروج طائرة عن المَدْرَج",
    "author": "سبق- وكالات:",
    "content": " سبق- وكالات: لايزال مطار مدينة بادانج الإندونيسية مغلقاً، اليوم الإثنين، بعد أن تجاوزت طائرة ركاب تقل 178 شخصاً المَدْرَج بسبب هطول أمطار غزيرة؛ بحسب مسؤول في شركة طيران.   وحسب وكالة الأنباء الألمانية \"د ب أ\"، قال بيني بوتار بوتار؛ المتحدث باسم شركة طيران سيتي لينك؛ المشغّلة للطائرة، إن ثلاثة أشخاص كانوا على متن الطائرة أصيبوا بجروحٍ طفيفة في الحادث الذي وقع في مطار مينانجكاباو الدولي مساء الأحد.   وقال: إن الطائرة، التي تخدم على مسار جاكرتا - بادانج، تمّ سحبها إلى مكان آمن.   وأشار بيني؛ إلى أن الحادث تسبّب في تأخير رحلات عدة. ",
    "date_extracted": "2015-08-03 20:36:18"
}