{
    "url": "http://sabq.org/YvDgde",
    "title": "إطلاق خدمة التحقق الإلكتروني من الإجازات بـ\"الملك فهد الطبية\"",
    "author": "سبق- الرياض:",
    "content": " سبق- الرياض: أطلقت مدينة الملك فهد الطبية خدمة التحقق من الإجازات الطبية وإجازات المرافقة؛ وذلك عبر موقعها الإلكتروني، وهي إحدى الخدمات الإلكترونية التي تتيح لمراجعي المدينة الطبية ولكل المستفيدين من خدماتها، آلية سريعة وسهلة للتأكد من صحة الإجازات.   وأوضحت: \"ففي حال كانت الإجازة صحيحة ومسجلة في النظام، يظهر (الوثيقة مسجلة في النظام، اسم المريض، عدد أيام الإجازة، تاريخ بداية الإجازة، تاريخ انتهاء الإجازة )، وفي حال كانت الإجازة غير صحيحة وغير مسجلة بالنظام أو المعلومات المدخلة يظهر خطأ (الوثيقة غير مسجلة في النظام)\".   وأكد المدير التنفيذي المشارك لشؤون المرضى بمدينة المك فهد الطبية الدكتور أحمد أبو عباة، أن هذه الخدمة الجديدة تأتي كترجمة لتوجهات مدينة الملك فهد الطبية في الرفع من مستوى الخدمات المقدمة للمرضى والمراجعين، ويمكن الاستفادة منها من خلال الدخول لموقع المدينة الطبية الإلكتروني www.kfmc.med.sa والذهاب إلى خيار خدمات المرضى، واتباع الخطوات (التحقق من الإجازات- إدخال رقم السجل الطبي- إدخال الرقم التسلسلي للإجازة الموجود في وثيقة الإجازة المرضية الورقية، ثم الضغط على زر التأكيد) لتظهر نتيجة الإدخال وتفاصيل الإجازة المرضية.   وقال \"أبو عباة\": \"تتمنى مدينة الملك فهد الطبية من جميع مَن لديهم استفسارات عن الإجازات، الدخول إلى هذه الخدمة للتقليل من حجم التعاملات الورقية\". ",
    "date_extracted": "2015-08-04 18:27:59"
}