{
    "url": "http://sabq.org/2pDgde",
    "title": "الهلال يكسب ودية العين.. ويخسر الشمراني بـ\"كدمة\"",
    "author": "سبق- الرياض:",
    "content": " سبق- الرياض: تغلّب فريق الهلال الأول لكرة القدم على نظيره العين الإماراتي بهدفين لهدف، في اللقاء الودي الذي جمعهما مساء اليوم الأحد، في ثالث مبارياته الودية بمعسكره التحضيري المقام حاليًا في \"النمسا\".   وأحرز \"محمد الشلهوب\" الهدف الأول بتسديدة قوية من خارج منطقة الجزاء في الدقيقة 13، فيما أعلنت تسديدة اللاعب \"خالد كعبي\" الهدف الثاني للهلال في الدقيقة 74.   وبدأ مدير الجهاز الفني اليوناني \"جوريجوس دونيس\" المباراة بكل من (عبدالله السديري، عبدالله الشامخ، أحمد شراحيلي، ديجاو، محمد جحفلي، ياسر الشهراني، محمد القرني، محمد الشلهوب، كارلوس إدواردو، سالم الدوسري، يوسف السالم).   فيما زجّ في الشوط الثاني بكل من (فهد الثنيان، عبدالله الحافظ، كواك، عبدالله الزوري، محمد البريك، فيصل درويش، عبدالكريم القحطاني، خالد كعبي، ناصر الشمراني، يونس العليوي). يُشار إلى أن اللاعب \"عبدالله الشامخ\" تلقّى بطاقة حمراء في الدقيقة 29 من عمر اللقاء.    من جانب آخر، أوضحت شركة \"بوبا العربية\" شريك النادي في قطاع التأمين والرعاية الصحية عن تعرض اللاعب \"ناصر الشمراني\" لكدمة في مفصل القدم أثناء لقاء \"العين الإماراتي\" الودي.         ",
    "date_extracted": "2015-08-02 23:23:11"
}