{
    "url": "http://sabq.org/4oDgde",
    "title": "محافظ ظهران الجنوب لـ \"سبق\": إصابتي شائعة روجها ضعفاء النفوس",
    "author": "بندر آل عوض- سبق- ظهران الجنوب:",
    "content": " بندر آل عوض- سبق- ظهران الجنوب: نفى محافظ ظهران الجنوب محمد فلاح القرقاح صحة الأنباء التي تواردت عن إصابته نتيجة سقوط مقذوفات من داخل الأراضي اليمنية صباح اليوم الأحد على محافظة ظهران الجنوب، والتي لم ينتج عنها أي إصابات، ولله الحمد.   وقال القرقاح عبر اتصال أجرته معه \"سبق\": \"ولله الحمد لم أصب بأي مكروه وكذلك المواطنون، وما تناقله بعض ضعفاء النفوس مجرد شائعة \".   وقدم القرقاح شكره وتقديره لـ \"سبق\" على تحريها الدقة ومصداقيتها عند نقل الأحداث، مؤكداً أن الصدق دائما هو شعار الصحيفة. ",
    "date_extracted": "2015-08-02 23:21:30"
}