{
    "url": "http://sabq.org/QeDgde",
    "title": "شاهد.. \"سماء أبها\" تُضيء بعروض الصوت والضوء والألعاب النارية",
    "author": "سبق –ابها:",
    "content": " سبق –ابها: تضيء سماء مدينة أبها، بعروض الصوت والضوء والألعاب النارية، يومياً، في حديقة بحيرة السد، ضمن فعاليات مهرجان أبها يجمعنا.   وتستمر العروض التي تنفذها إحدى الشركات العالمية ٤٠ يوماً، يتخللها أوبريت \"الحزم\" ومسابقات ثقافية للأطفال وعروض بهلوانية، تقوم بها أحد أهم الفرق الصينية، وأيضاً نوافير مائية، وعروض الصور الوطنية والبيئة على امتداد ٣٠٠ متر على سد أبها.   وأوضح مدير عام الشركة الوطنية السياحية \"سياحية\" المهندس صالح قدح، أن الفعالية تحظى باهتمام الزوار للمنطقة كباراً وصغاراً، ويقبل على مشاهدتها الآلاف يومياً على مدرج بحيرة السد الذي يستوعب أماكن لجلوس حوالي ٢٠٠٠ شخص، توفر بجانبها حديقة أبها الترفيهية القريبة.   وأضاف: \"الفعالية من الفعاليات التي تميز منطقة عسير على امتداد سنوات طويلة، وهي تحظى برعاية مجلس التنمية السياحي بالمنطقة برئاسة أمير المنطقة رئيس المجلس فيصل بن خالد بن عبدالعزيز\".       ",
    "date_extracted": "2015-07-31 19:27:47"
}