{
    "url": "http://sabq.org/oaDgde",
    "title": "\"الشريف\" ملازم أول بـ\"شرطة القرارة\"",
    "author": "سبق- مكة المكرمة:",
    "content": " سبق- مكة المكرمة: قلّد مدير مركز شرطة القرارة العقيد عواض دغيليب العتيبي، الملازم عايض بن فهد آل زيد الشريف، إلى رتبة ملازم أول، بعد صدور أمر بترقيته.   وتلقّى \"الشريف\" التهاني والتبريكات من اﻷهل والأصدقاء والزملاء بهذه المناسبة.   وأعرب \"الشريف\" عن شكره وتقديره لولاة اﻷمر، على الثقة الغالية؛ معتبراً هذه الترقية حافزاً له لبذل المزيد من الجهد والعمل؛ لخدمة دينه، ثم المليك والوطن. ",
    "date_extracted": "2015-07-31 04:39:55"
}