{
    "url": "http://sabq.org/UlDgde",
    "title": "اصطدام \"إسعاف\" بعمود كهربائي بعد مباشرتها حادثاً مرورياً",
    "author": "فهد كاملي- سبق- جازان:",
    "content": " فهد كاملي- سبق- جازان: تعرضت فرقة مركز إسعاف أبو عريش لحادث مروري، مساء أمس، بعد قيامها بإيصال أحد المصابين في حادث آخر قامت الفرقة بمباشرته، ولم يصب أحد من المسعفين بأي أذى.   وأوضح المتحدث الرسمي بهيئة الهلال الأحمر بجازان بيشي الصرخي قائلاً: إنه عند الساعة العاشرة مساء كانت الفرقة قد باشرت حادث تصادم، ونقلت المصاب إلى مستشفى أبو عريش العام، وعند عودتها انحرفت سيارة الإسعاف عن مسارها، مما أدى إلى ارتطامها بعمود كهربائي، ولم يَصْب المسعفون بأي أذى. ",
    "date_extracted": "2015-08-02 23:25:14"
}