{
    "url": "http://sabq.org/stDgde",
    "title": "شاهد.. العربات المعلقة تستهوي سائحي وزوار منتجعات عسير",
    "author": "سبق- أبها:",
    "content": " سبق- أبها: استهوت العربات المعلقة (التلفريك)، التي تسبح في سماء منتجعات منطقة عسير، السائحين على ارتفاعات شاهقة.   وأوضح رئيس الشركة الوطنية السياحية \"سياحية\" صالح قدح أن العربات تقل أكثر من ١٠٠٠ شخص بالساعة بين جبال السراة الشاهقة وإصدار تهامة الدافئة، مؤكداً على ضرورة توعية السياح بالالتزام بقواعد ركوب هذه العربات، وعدم الإساءة لها بالتكسير أو الكتابة.   وبين قدح أن صيانة العربات المعلقة تتم بالتعاون مع الشركات المصنعة من النمسا وسويسرا منوها بأن الشركة السياحية الوطنية قد وضعت استراتيجية لبرامج الصيف، تشمل كافة مرافقها ومنتجعاتها السياحية، بما يمتع زوار المنطقة.   على جانب آخر كشف صالح قدح عن محاولات الشركة استقطاب الشركات العالمية في مجال المقاهي والأغذية والمشروبات الساخنة، غير أنه اعترف بأن العائق هو قصر تعاملات تلك الشركات على المدن الكبرى في السعودية، مطالبا في الإطار ذاته وزارة التجارة بدعم المواقع السياحية بمنع احتكار الشركات الكبرى في المدن الكبرى لهذه الشركات ليكون للمدن الأخرى وللمواقع السياحية في المملكة نصيب من هذه الشركات العالمية.   وأكد أن الشركة الوطنية السياحية هيأت منتجعاتها السياحية بالمنطقة التي تضم أكثر من 700 وحدة سكنية في كل من مدينة أبها والحبلة والسودة والفرعاء والمطار وساحل البحر الأحمر الحريضة ومركز أبها الدولي للمعارض.   ولفت في ختام حديثه إلى أن المديرية العامة للمياه قامت بتجهيز المنطقة المطلة على سد أبها وإزالة الأعشاب والحشائش والصخور وتنظيف المواقع المحيطة بشكل كامل، مما يساهم في تجميل الموقع وزيادة متعة المشاهدة على البحيرة ومن جهة وعلى مدينة أبها من جهة أخرى من على حديثة سطح فندق قصر أبها ومن الفلل والشقق السكنية التي يتجاوز عددها 300 وحدة بمنتجع أبها الجديدة، فضلا عن تجهيز منتجع الحبلة وإطلالته على القرية القديمة، وبناء مسرح بشكل جمالي من الحجر الطبيعي يتسع لألف شخص بلغت تكلفته أكثر من 5 ملايين ريال، وذلك لإقامة العروض الشعبية والندوات والبرامج الترفيهية والثقافية في الموقع.         ",
    "date_extracted": "2015-08-03 20:34:11"
}