{
    "url": "http://sabq.org/wtDgde",
    "title": "عرض \"الفرص\" بجمعية الثقافة والفنون بجدة.. غداً",
    "author": "سبق- جدة:",
    "content": " سبق- جدة: تتضمن فعاليات الموسم الأول لعروض الأفلام، والذي تنظمه جمعية الثقافة والفنون بجدة، بمقرها بالكورنيش، عرض فيلم \"الفرص\" للمخرج فواز الزهراني، وذلك في التاسعة والنصف من مساء يوم غدٍ الثلاثاء.   وتنظم الجمعية عقب العرض، جلسة نقاش حول الفيلم وفكرته، والذي يدور في إطار اجتماعي ولمدة نصف ساعة. ",
    "date_extracted": "2015-08-03 20:38:36"
}