{
    "url": "http://sabq.org/QxDgde",
    "title": "إيقاف القبول بالدبلومات في جامعة تبوك مؤقتاً",
    "author": "بدر الجبل- سبق- تبوك:",
    "content": " بدر الجبل- سبق- تبوك: أكدت جامعة تبوك توقف القبول في برامج الدبلومات؛ ابتداء من العام الدراسي الحالي حتى الانتهاء من تطوير البرامج من قبل وزارة التعليم.   وقال المشرف العام على إدارة الإعلام والمتحدث الرسمي باسم جامعة تبوك الدكتور سمير بن موسى النجدي: \"نظراً لكثرة الاستفسارات حول برامج الدبلومات، نؤكد أنه تم التواصل مع عميد عمادة خدمة المجتمع والتعليم المستمر بجامعة تبوك الدكتور ناصر العنزي\".   وأضاف: \"لقد تواصلت الجامعة، ممثلة بالعمادة، مع وزارة الخدمة المدنية حيال برامج الدبلومات؛ وأفادت وزارة الخدمة المدنية بأنه وبعد دراسة موضوع خريجي الدبلومات التربوية المقدم من عمادات خدمة المجتمع والتعليم المستمر بالجامعات؛ قررت الوزارة إغلاق برامج الدبلومات بتلك الجامعات وعدم القبول عليها ابتداء من العام الدراسي الحالي 1436/ 1437هـ حتى يتم الانتهاء من تطوير البرامج بمعرفة وزارة التعليم\".   وأردف \"النجدي\": \"سيتم الإعلان عن التقديم لبرامج الدبلومات عندما ترد الموافقة من وزارتي التعليم والخدمة المدنية باعتماد التطوير والتصنيف والتنفيذ من قبل كلية التربية بالجامعة\". ",
    "date_extracted": "2015-08-04 18:27:39"
}