{
    "url": "http://sabq.org/0RCgde",
    "title": "بالفيديو .. هبوط عنيف لطائرة هولندية وسط العواصف",
    "author": "أيمن حسن- سبق:",
    "content": " أيمن حسن- سبق: كشف فيديو تمّ بثّه على موقع \"يو تيوب\" عن هبوطٍ عنيفٍ لطائرة الخطوط الجوية الهولندية \"كيه إل إم\"، في مطار \"سخيبول\" بأمستردام، وذلك وسط عاصفة بلغت سرعتها 120 كيلو متراً في الساعة.   وقالت صحيفة \"الديلي ميل\" البريطانية، إن الواقعة التي تكشف عن مهارة الطيار، حدثت يوم السبت الماضي.   ووصفت الصحيفة صعوبة الهبوط بقولها: كانت الطائرة من طراز \" بوينج 777\"، تتأرجّح يميناً ويساراً وهي تلمس الأرض، بينما كانت العواصف تضربها بقوة.     ",
    "date_extracted": "2015-07-31 04:38:56"
}