{
    "url": "http://sabq.org/eyDgde",
    "title": "بالصور.. تضاريس فيفاء تمنع إيصال محول كهربائي يخدم الأهالي",
    "author": "عبد الرحمن الفيفي- سبق- فيفاء:",
    "content": " عبد الرحمن الفيفي- سبق- فيفاء: يعاني أهالي جبال فيفاء جراء انقطع الكهرباء منذ شهور بصورة مستمرة، مشيرين إلى أن المحولات أصبحت تالفة أو على وشك التلف، بعدما تم تركيبها عن طريق الطائرات المروحية ضمن مشروع إيصال الكهرباء قبل عقود، وذلك قبل شق الطرق في جبال فيفاء.   ورصدت \"سبق\" أجزاء من بقعة العذر وعدة منازل بها تعاني من انقطاع التيار الكهربائي منذ أربعة أيام، حيث تسببت العواصف الرعدية التي شهدتها المحافظة في تعطل أحد المحولات الكهربائية ومنعت وصول التيار لعدة منازل.   وقال الأهالي: \"المحول المتعطل يخدم أكثر من 15 أسرة إضافة إلى المحال التجارية والشقق المفروشة، فضلاً عن مكتب التربية والتعليم بالمحافظة وغيرها من الجهات الأخرى\".   وأضافوا: \"شركة الكهرباء تجاهلت بلاغات المواطنين ورفضت تغيير المحول بحجة أنه يبعد عشرات الأمتار عن الطريق العام وأنها لن تتمكن من الوصول إليه إلا بعد شقّ طريق يسهل ذلك\".   وقال المواطن أحمد مصلح الفيفي إن المواطنين تكفلوا بنقل المحول على حسابهم الخاص إلى الموقع، إلا أن الشركة اعتذرت عن العمل بذريعة تلف سلاسل الونشات التي ترفع المحول وعدم إمكانية العمل بها لإيصال المحول.   وقال المواطن يحيى حسين الفيفي: \"تم تسهيل كل الأمور لشركة الكهرباء، إلا أنها لا تستجيب لحاجة المواطنين الملحة لإعادة التيار\".   من جهة أخرى؛ وجّه محافظ فيفاء محمد بن عبدالله الغزي لجنة إلى الموقع، للوقوف على شكاوى المواطنين والتوجيه بما يلزم لإنهاء معاناة الأهالي.   وقال مدير وحدة كهرباء فيفاء سليمان الفيفي لـ\"سبق\": \"لا يوجد طريق موصل للمحول القديم، حيث تم تركيبه سابقا من ضمن مشروع فيفاء بالطائرات آنذاك\".   وأضاف: \"مندوب الشركة حضر بالمحول الجديد وعرض على المجاورين خيارين، إما السماح بفتح طريق لتتمكن الرافعة من تركيبه، أو إنشاء محول جديد على الشارع، بحسب ما تقتضيه التضاريس\".   وأردف: \"نحن مستعدون للعمل فوراً في حالة الاستجابة لأحد الخيارين المتاحين\".      \n  \n \n  \n \n  \n ",
    "date_extracted": "2015-08-04 18:27:09"
}