{
    "url": "http://sabq.org/kjDgde",
    "title": "اكتشاف 4 إصابات بـ\"السكري\" و\"الضغط\" لزوار \"صيف ينبع 36\"",
    "author": "سبق- ينبع:",
    "content": " سبق- ينبع: نجح الكادر الطبي لجناح القطاع الصحي بمهرجان صيف ينبع 36، في الكشف عن أربع إصابات بمرض السكري وضغط الدم، أخطرها لأحد الزوار الذي أصيب بهبوط حاد في ضغط الدم وكاد يسقط مغشياً عليه، يوم أمس الجمعة.   وقال أحد الكوادر الطبية بالقطاع إنهم نجحوا في نقل الزائر مباشرة للمستشفى حيث ظهر عليه التعرق الشديد ورعشات خفيفة، مضيفاً أنهم بعد أن تأكدوا من تلك الأعراض، أبلغوه بضرورة نقله للمستشفى، إلا أنه لم يكترث للأمر لولا إصرارهم.   وأوضح مدير العلاقات العامة بالقطاع الصحي، راني خشيم، أن جناح القطاع الصحي بمهرجان صيف ينبع 36 يقوم بتقديم خدمات صحية مجانية، من خلال الكشف عن أمراض السكري وضغط الدم لزوار المهرجان، مبيناً أنه تم اكتشاف أربع حالات إصابة بالسكري لأشخاص لم يكتشفوا ذلك لعدم ذهابهم للمستشفى، وإجراء فحوصات دورية للكشف عن هذه الأمراض. وأضاف: باشر الكادر الطبي تلك الحالات التي تم تحويلها للمستشفى لتلقي العلاج اللازم، فيما تم نقل أحد مرضى ضغط الدم مباشرة للمستشفى نتيجة تعرضه لهبوط حاد في ضغط الدم لولا عناية الله ثم تدخل الكادر الطبي لإنقاذه.   وحققت \"صحة ينبع\" نجاحاً كبيراً بالمشاركات المتوالية في مهرجانات ينبع المختلفة تم خلالها اكتشاف العديد من حالات مرض السكر وضغط الدم، بالإضافة إلى إقلاع أكثر من 45 شخصاً عن التدخين من خلال ركن مكافحة التدخين، بقيادة مدرب متمكن ومعتمد هو ماجد الرفاعي، الذي نجح في إقناعهم بترك التدخين من خلال التحاور المباشر مع المدخن وتوعيته. ",
    "date_extracted": "2015-08-01 20:37:52"
}