{
    "url": "http://sabq.org/OMCgde",
    "title": "مقتل 20 شخصاً في تبادل لإطلاق النار خلال حفل زفاف بأفغانستان",
    "author": "سبق- وكالات:",
    "content": " سبق- وكالات: قُتل 20 شخصاً على الأقل وأُصيب عشرة آخرون، في تبادلٍ لإطلاق النار خلال حفل زفاف في شمال أفغانستان، حسبما أعلن مسؤولون الإثنين.   ونقلت وكالة أنباء \" فرانس برس\" عن المتحدث باسم شرطة المنطقة جواد ؛ أن \"تبادلاً لإطلاق النار وقع ليل الإثنين بين مسلحين خلال حفل زفاف في منطقة ده صلاح في ولاية بغلان؛ ما أدّى إلى مقتل 20 شخصاً وإصابة 10 آخرين.   وبدأ إطلاق النار عقب اغتيال أحد أقارب رجل شرطة بالحفل، وعلى الفور بدأ تبادل النيران في الحفل الذي كان يحضره نحو 400 مدعو.   وهناك مخاوف من تزايد أعداد الضحايا مع حصر القتلى والمصابين. ",
    "date_extracted": "2015-07-27 18:15:17"
}