{
    "url": "http://sabq.org/8NCgde",
    "title": "قائد أمن المنشآت يقلّد \"شراحيلي\" رتبته الجديدة",
    "author": "سبق- جازان:",
    "content": " سبق- جازان: قلَّد قائد قوة أمن المنشآت العميد بحري عبدالله حمود الوشيح، وكيل الرقيب أحمد علي شراحيلي؛ رتبته الجديدة، مباركاً له على الترقية، ومتمنياً له التوفيق في حياته العملية ومزيداً من العطاء. ",
    "date_extracted": "2015-07-27 18:15:56"
}