{
    "url": "http://sabq.org/YcDgde",
    "title": "وحدة عناية مركزة بمستشفى الملك فهد بتبوك تثير حالة من الجدل",
    "author": "بدر الجبل –سبق- تبوك:",
    "content": " بدر الجبل –سبق- تبوك: أثار افتتاح وحدة عناية مركزة بمستشفى الملك فهد بتبوك اليوم جدلاً في الأوساط الصحية بالمنطقة، بحجة أنها لا ترتقي ولا تعكس ميزانية وزارة الصحة الضخمة التي تنفقها الدولة لتحسين الخدمات الصحية، بينما يؤكد بيان \"صحة تبوك\" أنها ستكون إضافة مميزة للأسرّة بالمنطقة.   وأكد مصدر مطلع لــ \"سبق\":  أن العناية المركزة تم بناؤها على سقف غرفة الطوارئ الذي لا يحتمل الإنشاء الجديد ولم يصمم لذلك، وتم سقفها بزنك يستخدم عادة للمستودعات، فضلاَ عن كونها مطلة على الشارع العام بشكل مباشر ما يجعلها عرضة للعوادم، والضجيج، والغبار، ومتعلقات الهواء ولا يمكنها أن تكون مكانًا صحيًا مناسبًا لتنويم مرضى العناية المركزة.   وأضاف المصدر: تم بناء جسر حديدي سقفه من الزنك بينها وبين العناية القديمة والتي لم تسلم من العبث أيضًا حيث تم افتتاح دورة مياه بكامل منافعها من مرحاض وغيره يستخدمه كادر العناية، بحجة أنها للمرضى ومن المعروف أن مرضي العناية لا يستطيعون الحراك لأنهم إما في غيبوبة، أو تحت التخدير، وبين المصدر أن غرفة العناية المركزة غير نظامية ومخالفة للمعايير الصحية المخصصة لمثل هذه المنشآت كما أنها مخالفة لاشتراطات السلامة. ووفقًا \"لبيان صحة تبوك \" فإن مدير عام الشؤون الصحية بمنطقة تبوك افتتح صباح اليوم الخميس وحدة العناية المركزة، ووحدة  العزل بالعناية، وعيادة الأمراض التنفسية، وعيادة فحص النساء وذلك بمستشفى الملك فهد بتبوك.    وبين مدير مستشفى الملك فهد بتبوك سليمان علي أبو ذراع، خلال الافتتاح أنه تم إنشاء وحدة عناية مركزة جديدة لتساهم مع مستشفيات المنطقة لتقديم أفضل الخدمات الصحية وهي على أحدث المواصفات ومجهزة بجميع الأجهزة والكوادر الطبية والفنية اللازمة، فيما أكد مدير عام الشؤون الصحية بمنطقة تبوك الصيدلي محمد علي الطويلعي، أن هذه العناية المركزة تساند مستشفيات المنطقة حيث ستكون إضافة مميزة للأسرة بالمنطقة وخصوصًا أسرة العناية المركزة.     ",
    "date_extracted": "2015-07-31 04:38:01"
}