{
    "url": "http://sabq.org/4gDgde",
    "title": "\"أخضر الناشئين\" يفتتح مشواره بـ4 في شباك \"فلسطين\"",
    "author": "سبق- عمان:",
    "content": " سبق- عمان: تغلب المنتخب السعودي للناشئين لكرة القدم على نظيره الفلسطيني بأربعة أهداف دون مقابل في اللقاء الذي جمعهما اليوم على ملعب البتراء بالعاصمة الأردنية عمان ضمن منافسات بطولة غرب آسيا لكرة القدم.   وأنهى المنتخب السعودي الشوط الأول بهدفين سجلهما نايف الماس في الدقيقة العاشرة وعلي الشيخي في الدقيقة 18, وفي الشوط الثاني أضاف حمد العدوان الهدف الثالث عند الدقيقة 81 واختتم علي العساف الأهداف بتسجيله الهدف الرابع من ركلة جزاء عند الدقيقة 87 .   حضر اللقاء سفير خادم الحرمين الشريفين لدى المملكة الأردنية الدكتور سامي الصالح ومدير عام المنتخبات السعودية السنية عبدالله المصيليخ .   يذكر أن المنتخب السعودي سيخوض ثاني لقاءاته بعد غد الأحد أمام المنتخب العراقي. ",
    "date_extracted": "2015-08-01 07:52:04"
}