{
    "url": "http://sabq.org/ifDgde",
    "title": "عائلة سعودية تنجو من حريق بشقتها في \"نهضة تبوك\"",
    "author": "نواف الغضوري-سبق- تبوك:",
    "content": " نواف الغضوري-سبق- تبوك: نجت عائلة سعودية، اليوم من حريق اندلع في شقتها السكنية، فيما تتولى الشرطة التحقيقات للتأكد من احتمال وجود شبهة جنائية.   وقال المتحدث الإعلامي باسم مديرية الدفاع المدني بمنطقة تبوك العقيد ممدوح العنزي: \"تلقى مركز التحكم والتوجيه بالإدارة العامة للدفاع المدني بمدينة تبوك بلاغاً بالحادث في الساعة 12:50 ظهر اليوم الجمعة\".   وأضاف: \"انتقلت فرقتان وسيارات السلالم إلى موقع الحادث في حي النهضة، وتبين أن النيران اندلعت في شقة بالدور الثالث من المبنى\".   وأردف: \"تمكنت الفرق من إنقاذ رجل وامرأة بعدما أصيبا بحروق واختناق جراء الحريق\". وقال المتحدث الإعلامي باسم هيئة الهلال الأحمر بتبوك خالد مرضي العنزي لـ \"سبق\": \"ثلاث فرق إسعافية وفرقة طبية متقدمة وفرقة من الصحة باشرت الحادث\".   وأشارت مصادر إلى أن المصابين رجل وزوجته في العقد الثالث من عمريهما وقد أصيبا بحروق من الدرجة الثالثة، كما أصيب شخص ثالث بضيق تنفس جراء الحادث. وأضاف \"العنزي\": \"نقلت الفرق الرجل وزوجته وهما في حالة حرجة إلى مستشفى الملك خالد لتلقي العلاج، فيما رفض المصاب الثالث النقل\". ",
    "date_extracted": "2015-07-31 19:27:31"
}