{
    "url": "http://sabq.org/4tDgde",
    "title": "لأول مرة في تاريخ السعودية.. أحد أحفاد الملك عبدالعزيز يرأس مجلس الوزراء",
    "author": "خالد علي– سبق– جدة:",
    "content": " خالد علي– سبق– جدة: للمرة الأولى في تاريخ المملكة، يترأس أحد أحفاد الملك عبدالعزيز -يرحمه الله- جلسة مجلس الوزراء التي انعقدت اليوم الاثنين، بعد أن أناب الملك سلمان بن عبدالعزيز -يحفظه الله- نظراً لسفره خارج المملكة في إجازة خاصة، صاحب السمو الملكي الأمير محمد بن نايف ولي العهد -يحفظه الله- لإدارة شؤون الدولة.   ووفقاً لوكالة الأنباء الألمانية، فإن هذه المرة تعد الأولى في تاريخ المملكة التي يرأس فيها أحد الأحفاد مجلس الوزراء، حيث لم يعرف من قبل أن أياً من أحفاد الملك عبدالعزيز -يرحمه الله- ترأس مجلس الوزراء.   ورأس نائب خادم الحرمين الشريفين الأمير محمد بن نايف بن عبدالعزيز آل سعود -حفظه الله- الجلسة التي عقدها مجلس الوزراء بعد ظهر اليوم الاثنين في قصر السلام بجدة.   وفي بداية الجلسة، رفع نائب خادم الحرمين الشريفين الشكر والعرفان لخادم الحرمين الشريفين الملك سلمان بن عبدالعزيز آل سعود -حفظه الله- على توجيهاته السديدة وجهوده الدؤوبة في خدمة الحرمين الشريفين وقاصديهما من الحجاج والمعتمرين والزوار، وقال سموه: \"إن تدشينه -رعاه الله- خلال شهر رمضان المبارك لخمسة مشروعات في المسجد الحرام يأتي في إطار حرصه -أيده الله- على كل ما فيه عناية ورعاية للحرمين الشريفين لأداء رسالتهما الإسلامية العظيمة لجميع المسلمين، والتيسير على ضيوف الرحمن، ليؤدوا مناسكهم وسط منظومة متكاملة من الخدمات\".    ويلقب سمو الأمير محمد بن نايف في الأوساط العالمية بـ\" قيصر مكافحة الإرهاب\"؛ لنجاحه في مكافحة الإرهاب وجهوده لمكافحة التنظيمات الإرهابية، والتي جعلته يتعرض لعدة محاولات اغتيال خطيرة كادت أن تودي بحياته، خاصة وأنه من أبرز الشخصيات القوية التي وقفت في وجه الإرهاب للقضاء عليه. ",
    "date_extracted": "2015-08-03 20:34:05"
}