{
    "url": "http://sabq.org/WlDgde",
    "title": "\"غرفة نجران\" تطرح 50 وظيفة في مجال التعليم والتدريب",
    "author": "واس- نجران:",
    "content": " واس- نجران: تنظّم الغرفة التجارية الصناعية في منطقة نجران, يوم غدٍ, لقاءً وظيفياً من الساعة التاسعة صباحاً حتى الثالثة عصراً, لطرح 50 وظيفة من قِبل إحدى الشركات الوطنية المتخصّصة في مجالي التعليم والتدريب.   وأوضح مسؤول التدريب بغرفة نجران عبدالله الصقري، أنه سيتم البدء بتدريب الموظف لمدة سنتين, عبر دراسته أحد الدبلومات التي صُممت من قِبل الشركة لتلبية احتياجاتها في جميع القطاعات الإدارية والميدانية، مشيراً إلى أن هذه الدبلومات معتمدة من قِبل المؤسسة العامة للتدريب الفني والمهني.   وأكّد أن البرنامج التدريبي يشتمل على مكافأة شهرية قدرها 3000 ريال، على أن يكون الراتب 5000 ريال بعد التوظيف. ",
    "date_extracted": "2015-08-02 23:22:22"
}