{
    "url": "http://sabq.org/mpDgde",
    "title": "الوحدة يُجدد عقد \"برناوي\" 4 مواسم",
    "author": "عبدالعزيز السلمي- سبق- جدة:",
    "content": " عبدالعزيز السلمي- سبق- جدة: جدد هشام مرسي رئيس مجلس إدارة نادي الوحدة عقد اللاعب عبدالخالق برناوي لمدة أربعة مواسم قادمة أثناء وجود الفريق في معسكره الإعدادي بالقاهرة.   وعبر اللاعب عن سعادته للتجديد لنادي الوحدة مقدمًا امتنانه لإدارة النادي على حرصها واهتمامها بتجديد العقد، موضحًا أن جماهير الوحدة هي أحد أهم أسباب تجديد العقد. ",
    "date_extracted": "2015-08-02 23:23:18"
}