{
    "url": "http://sabq.org/soDgde",
    "title": "عبدالله بن مساعد: إقامة السوبر في لندن فكرة \"هلالية- نصراوية\"",
    "author": "محمد أبو شعر- سبق- متابعة:",
    "content": " محمد أبو شعر- سبق- متابعة:  كشف الأمير عبدالله بن مساعد بن عبدالعزيز الرئيس العام لرعاية الشباب رئيس اللجنة الأولمبية العربية السعودية أنه تم اتخاذ إجراءات وتدابير مشتركة للحد من مديونيات الأندية وسيتم تطبيقها ابتداء من الموسم المقبل.   وقال الأمير عبدالله بن مساعد في تصريح صحفي عقب نهاية اجتماعه مع رئيس وأعضاء اتحاد القدم: \"مثل هذه اللقاءات إيجابية وقد اتفقت مع زملائي في الاتحاد أن نلتقي كل 6 أشهر، وهذا الأمر يأتي من منطلق حرصنا على مصلحة الرياضة بشكلٍ عام وتطويرها حتى تعم الفائدة للجميع\".   وأضاف: تحدثنا اليوم بشكلٍ كبير عن ديون الأندية وهو الأمر الذي يشكل لنا ولاتحاد القدم قلقاً كبيراً، وتم الاتفاق على تطبيق إجراءات وتنظيم مالي جديد ابتداء من الموسم الرياضي القادم يشمل اعتماد مكتب محاسبي موحد لأندية الممتاز، وإعلان سنة مالية تنتهي بنهاية شهر يونيو من كل عام وهي التي توافق ميزانيات الأندية ونهاية الموسم، مشيراً إلى أنه سيتم منع الأندية من المركز الأول وحتى الخامس وفقا لمتوسط الترتيب خلال المواسم الأربعة الماضية من تسجيل لاعبين أجانب في حال تجاوزت مديونياتها 50 مليون كما سيتم حرمانها من تسجيل لاعبين محليين حال تجاوزت مديونياتها 40 مليون وكذا حيال بقية المراكز بنسب متفاوتة على أن يطبق هذا الأمر على جميع الأندية في مختلف مراكزها، وينتظر أن يكون هذا الإجراء أولي على أن يتبعه قرارات أخرى في السنوات القادمة.   وبين الرئيس العام لرعاية الشباب أنه تم التشاور مع عدد من رؤساء الأندية حول هذا المقترح وتلقى مباركتهم وإحساسهم بهذه المشكلة الحقيقية التي تواجه الأندية. وحول إقامة كاس السوبر في لندن قال: \" إن القرار له إيجابيات عديدة وقد جاء بعد طلب من ناديي الهلال والنصر واتفاقهما مع اتحاد كرة القدم، مشيدا بها كخطوة أولى ستقدم اللاعب السعودي بالصورة الأفضل أمام كل المتابعين كما أنها فرصة جيدة لإبراز قدرات لاعبينا\".   وعن عودة المباريات لملعب الأمير عبدالله الفيصل بجدة قال: \" الآن تتم مرحلة الفحص لأساسيات الملعب للتأكد من سلامته وتحمله الإنشائي، وفي حال إيجابية التقرير فان الملعب سيكون جاهزا بعد يناير المقبل بإذن الله\".   وفيما يخص مشروع خصخصة الأندية، قال: \" هذا الملف تم الانتهاء منه فيما يخص الرئاسة العامة لرعاية الشباب، والرفع به إلى الجهات العليا، ولدي تفاؤل أن المشروع سيقر وسيحقق نقله كبيرة على مستوى الرياضة السعودية\".   وحول موافقة وزير الشؤون الاجتماعية الدكتور ماجد القصبي على تأسيس جمعية رياضية تحت مسمى (جمعية رعاية لاعبي كرة القدم القدامى)، قدم الأمير عبدالله بن مساعد شكره لوزير الشؤون الاجتماعية على تبني هذا المقترح الذي سعت الرئاسة لإقراره وهذا تعاون غير مستغرب مضيفا: في بداية الأمر تحدث معي لاعب المنتخب السعودي السابق ونادي النصر الدولي ماجد عبدالله حول طلب مساعدتهم مع وزارة الشؤون الاجتماعية لإعلان الجمعية، وتم رفع المقترح من قبلنا مع شرح كامل للوزارة حياله، فنحن نهتم ونقدر كل عمل رياضي يصب في مصلحة الرياضة واللاعبين حاليين أو معتزلين وهنا يطيب لي أن أشكر ماجد عبدالله على جهوده. ",
    "date_extracted": "2015-08-02 23:21:35"
}