{
    "url": "http://sabq.org/sgDgde",
    "title": "الحكام يواصلون تدريباتهم العملية والتطبيقية في معسكر التشيك",
    "author": "سبق- الرياض:",
    "content": " سبق- الرياض: وسط متابعة دقيقة من عضو الاتحاد العربي السعودي لكرة القدم، رئيس لجنة الحكام الرئيسية \"عمر بن صالح المهنا\"؛ تواصل البرنامج الخاص بحكام دوري عبداللطيف جميل ودوري الدرجة الأولى، في المعسكر الخارجي الذي يقام حالياً بجمهوية التشيك؛ حيث طبق المحاضرون البرنامج المعدّ مسبقاً باحترافية؛ حيث يبدأ البرنامج من بعد صلاة الفجر بالتمرين اللياقي، وقد حرص المدرب المختص في اللياقة البدنية المحاضر الدولي \"قادري\" على قياس المعدل اللياقي لجميع الحكام بإجراء بعض التمارين اللياقية، كما قام في اليوم التالي بإجراء اختبار \"يويو\" لمعرفة جاهزية الحكام لإجراء اختبار اللياقة البدنية الذي سيقام يوم الجمعة القادم، فيما يحرص المدرب على رفع لياقة جميع الحكام ليكونوا عند درجة موحدة، كما حرص أيضاً على تقوية عضلة البطن وبعض تمارين التقوية للعضلات بشكل عام.   أما في الجانب النظري تحت إشراف المحاضر الإنجليزي \"أوليفر ري\"، وفي قاعة المحاضرات تم التركيز على عدة نقاط تهمّ الحكم السعودي؛ حيث بدأ بمحاضرة عن العمل الجماعي وكيفية التواصل بين الحكام، وكذلك الاجتماع الفني بين الحكام ما قبل المباراة، وشرح كيفية الإدارة، مؤكداً أن هذا يعد من أهم عوامل النجاح لإدارة أي مواجهة، ثم قام المحاضر بإجراء مناقشات بشكل جماعي بعد توزيع المجموعات، وقام بعرض عدة حالات تحكيمية عبر شاشة \"البروجكتر\"، وتتمثل في: العقوبات الإدارية، ومتى يجب استخدام هذه العقوبات للوصول لنجاح أي مباراة يقوم الحكم بقيادتها، بعد ذلك أجرى اختباراً في القانون مستخدماً جهاز تحكم لكل حكم؛ حيت تتم الإجابة بشكل سريع، وقام بعدها بعرض النتائج، وتحصل الحكم الشاب \"سامي الجريس\" على المركز الأول بنسبة \"78%\" وقام المحاضر بتكريمه.   فيما ألقى الإنجليزي \"ري\" محاضرة عن كيفية إخراج المباراة، معتمداً على المناقشة بشكل مجموعات، بحيث يقوم من كل مجموعة حكم يطرح الرأي الخاص بها، وفي الختام يقوم المحاضر بتصحيح الأخطاء وشرح الحالات بشكل دقيق، وتأتي هذه الخطوة لتوحيد قراءة الأخطاء والثبات في القرار داخل الملعب.   هذا، ويقوم المحاضر السعودي \"يوسف ميرزا\" في الفترة المسائية بإجراء الاختبارات في القانون سواء باللغتين العربية والإنجليزية، كذلك حالات الفيديو وحالات التسلل، كما قام بإجراء اختبارات على شكل مجموعات، فيما تتم بعد التصحيح مراجعة الأسئلة والحالات الأكثر أخطاء ولمعرفة سبب الأخطاء وتصحيحها.   وفي التمرين العملي الذي يقام تحت إشراف المحاضرين الفنيين والمدربين، والذي يمتد ساعتين يومياً؛ حيث يتم التسخين وتجهيز الحكام من قبل مدرب اللياقة المحاضر الدولي \"قادري\"، ومساعدة المدرب الوطني \"عدنان البطيح\"؛ ليتم توزيع الحكام بعدها على مجموعتين تضم كل مجموعة حكام ساحة ومساعدين، ويشرف الإنجليزي \"ري\" على المجوعة الأولى، فيما يشرف على المجموعة الثانية المحاضر السعودي \"يوسف ميرزا\"، وتؤدي كل مجموعة بعض التمارين والتطبيق العملي داخل الملعب. ",
    "date_extracted": "2015-08-01 07:52:09"
}