{
    "url": "http://sabq.org/WiDgde",
    "title": "الدفاع المدني يحذر من مخاطر الأمطار والسيول بجازان",
    "author": "فهد كاملي- سبق- جازان:",
    "content": " فهد كاملي- سبق- جازان: حذرت مديرية الدفاع المدني بمنطقة جازان، اليوم، من مخاطر الأمطار والسيول، بعد توفر معلومات باستمرار التقلبات الجوية التي تشهدها المنطقة حالياً.   ودعا المتحدث الإعلامي للدفاع المدني بمنطقة جازان بالإنابة، محمد بن صمغان، المواطنين والمقيمين بالمنطقة لأخذ الحيطة والحذر، وعدم الاقتراب من بطون الأودية، خاصة خلال هذه الفترة التي تشهد فيها المنطقة تقلبات جوية، ولا تزال الفرصة مهيأة لهطول المزيد من الأمطار، حسب ما يرد من تحذيرات من الرئاسة العامة للأرصاد وحماية البيئة.   وشدد \"صمغان\" على أهمية الالتزام بتعليمات الدفاع المدني، وعدم المغامرة بالنزول إلى الأودية أثناء جريانها، منبهاً إلى أن هناك بعض الأودية تجري بها السيول في وقت سريع، وبشكل مباغت. ",
    "date_extracted": "2015-08-01 20:37:25"
}