{
    "url": "http://sabq.org/0LCgde",
    "title": "إصابة فتاة وطفلين بنجران بمقذوف عسكري قادم من اليمن",
    "author": "هادي آل كليب- سبق- نجران:",
    "content": " هادي آل كليب- سبق- نجران: أُصيب طفلان وفتاة سعوديون عصر اليوم، إثر سقوط مقذوف عسكري من داخل الحدود اليمنية على منزلهم بمدينة نجران.    وأوضح المتحدث الإعلامي للدفاع المدني بمنطقة نجران، المقدم علي بن عمير آل جرمان الشهراني، أن رجال الدفاع المدني باشروا بلاغاً في تمام الساعة 5:20 من عصر هذا اليوم الأحد عن سقوط مقذوف عسكري من داخل الحدود اليمنية على منزل بمدينة نجران؛ ما نتج منه إصابة فتاة وطفلين سعوديين؛ وتم نقلهم للمستشفى.   وقال المقدم علي الشهراني إنه تم تنفيذ الإجراءات اللازمة وفق الخطط المعتمدة لذلك.  \n  \n  \n \n  \n \n  \n ",
    "date_extracted": "2015-07-26 22:31:25"
}