{
    "url": "http://sabq.org/8fDgde",
    "title": "أمين المدينة يترأس الاجتماع الرابع للجنة المحلية للانتخابات البلدية",
    "author": "يوسف سفر-سبق-المدينة المنورة:",
    "content": " يوسف سفر-سبق-المدينة المنورة: ترأس معالي أمين منطقة المدينة المنورة الدكتور خالد بن عبد القادر طاهر، رئيس اللجنة المحلية للانتخابات البلدية بمنطقة المدينة المنورة، أمس الخميس الاجتماع الرابع للجنة المحلية، وذلك بصالة الاجتماعات بمكتب معاليه بمقر الأمانة، بحضور أعضاء اللجان المحلية وممثلي الجهات الحكومية المشاركة في الانتخابات الحكومية.    وخلال الاجتماع تم مناقشة قرارات سبق اعتمادها في الاجتماعات السابقة، إضافة إلى الاطلاع على الاستعدادات لبدء العملية الانتخابية في موعدها المحدد في مطلع ذي القعدة القادم.   كما اسُتعرض في الاجتماع مراكز الانتخابات البالغ عددها 77 مركزاً انتخابياً مقسمة على 10 دوائر في داخل المدينة، و18 دائرة في المحافظات. مبيناً أن كل دائرة تشتمل على مركز واحد مخصص لقيد الناخبات بإجمالي 28 مركزاً انتخابياً نسوياً في المدينة المنورة ومحافظاتها. كما تم استعراض مراكز تسجيل المرشحين والمرشحات في المدينة المنورة.   كذلك تم مناقشة تأثيث وتجهيزات المراكز الانتخابية، إضافة إلى نماذج العمل. كما تم في الاجتماع تحديد لقاءات مع المواطنين للتعريف بالانتخابات البلدية مع بداية الأسبوع القادم.   وعُقد تحديد يوم الأحد الموافق 17/ 10/ 1436 لقاء مع المواطنين في بلدية قباء، فيما تم تحديد يوم الاثنين الموافق  18/ 10/ 1436 للقاء المواطنين في بلدية العيون، وتم تحديد يوم الثلاثاء الموافق 19/ 10/ 1436 للقاء المواطنين في بلدية العوالي، وتم تحديد يوم الأربعاء الموافق 20/ 10/ 1436 للقاء المواطنين في الحي التراثي المديني بحديقة الملك فهد للمناطق التابعة في نطاق بلديات (البيداء، أحد، العقيق، العاقول، الفريش، الصويدرة وإبيار الماشي). كما ناقش المجتمعون الزيارات التي سيقوم بها أعضاء اللجان للمراكز الانتخابية في المحافظات للاطلاع على سير العمل فيها. ",
    "date_extracted": "2015-07-31 22:26:10"
}