{
    "url": "http://sabq.org/6rDgde",
    "title": "\"شرطة القصيم\" تتوصل لجانٍ قتل شاباً بآلة حادة في \"أبانات\"",
    "author": "سبق- القصيم:",
    "content": " سبق- القصيم: تمكّن مركز شرطة أبانات (غرب القصيم) من ضبط جانٍ يبلغ من العمر 29 سنة، متهمٌ بالاعتداء على شاب آخر 27 سنة، في بلدة الغضياء شمال غربي مركز أبانات بآلةٍ حادة أدت إلى وفاته.   وقال الناطق الإعلامي بشرطة منطقة القصيم الرائد بدر السحيباني: إن الجاني قام بتسديد عدة طعنات في جسد الضحية أدت إلى وفاته متأثراً بما لحق به من إصابات قبل أن يلوذ بالفرار، مشيراً إلى أن إجراءات البحث والتحري ساهمت في تحديد هوية الجاني والقبض عليه وضبط السلاح الذي استخدمه في الحادثة.   ولفت \"السحيباني\" إلى أنه جرى إيقاف المتهم والذي أقر بإقدامه على فعلته لخلافٍ وقع بينهما؛ حيث صادق على أقواله شرعاً، فيما تم إيداع الجثمان بمستشفى الرس العام؛ لإخضاعه لفحوص الطب الشرعي بعد استكمال إجراءات الضبط الجنائي للواقعة. ",
    "date_extracted": "2015-08-03 20:35:23"
}