{
    "url": "http://sabq.org/CNCgde",
    "title": "شاهد.. \"الإخبارية\" تشيد بمهنية \"صحفي سبق\" في \"تعفن جثة زهرة\"",
    "author": "عبدالحكيم شار- سبق- متابعة:",
    "content": " عبدالحكيم شار- سبق- متابعة: أشادت قناة \"الإخبارية\" السعودية بتحقيق محرر \"سبق\" فهد المنجومي، الذي تسبب في إعفاء 4 قيادات صحية في مكة المكرمة، وإحالة جميع الممارسين الصحيين إلى لجنة النظر في مخالفات نظام مزاولة المهن الصحية.   وقال برنامج \"الراصد\" الذي عرضته القناة تحت عنوان \"مهنية صحفي تكشف عن حادثة \"تعفن جثة زهرة\" وتعفي قيادات صحية\": \"سجّل المحرر في صحيفة \"سبق\" الزميل فهد المنجومي موقفاً إنسانياً وبطولياً وعملاً صحفياً مميزاً قد يكون الأول من نوعه في صحافتنا المحلية، بعد أن قاد للكشف عن حادثة تعفّن جثة الطفلة زهرة، وتسبب في فصل 4 من المديرين في القطاع الذي يعمل فيه، عندما نشر الحقيقة بكل شجاعة\".   ووجّه فهد المنجومي، في مستهلّ مداخلته في الحلقة، كلمة لإدارة مستشفى الملك فيصل بالششة بمكة المكرمة، ممثلةً في الدكتور رائد قطب الذي حقق للمستشفى اعترافات الزمالة السعودية للتخصصات المختلفة، مشيراً إلى أنه لم يتسبب في إعفائه، وإنما كان مجرد ناشر للخبر والحقيقة.   وقال \"المنجومي\" متحدثاً عن كيفية حصوله على معلومات القضية: حصلت على معلومات ووثائق تؤكد هذه القضية، مشيراً إلى علمه بنبأ نقل الطفلة المتوفاة التي كانت تعاني من مرض المنغوليا إلى المستشفى بتاريخ 26 رمضان الماضي وذلك بحضور والدتها، وقد فارقت الطفلة الحياة بعد فشل محاولات إنعاشها، مشيراً إلى تأخر ذوي الطفلة في إحضار هويتها وأوراقها الثبوتية مما أدى إلى عدم تسليمهم الجثة في نفس اليوم\".   وأضاف: \"جرى بعد ذلك تحويلها لثلاجة المعيصم؛ حيث كان من المفترض تحويلها لمستشفى الولادة بحكم الاختصاص، وبقيت بثلاجة الموتى بالمعيصم هناك خمسة أيام تقريباً إلى أن تم العثور عليها بالصدفة عند توصيل جثة أخرى للغرفة المخصصة للجثث\".   ونفى \"المنجومي\" نشر \"سبق\" ما تم تداوله عن وصف جثة الطفلة زهرة بـ\"فأر ميت\"، تعليقاً على حالة الإهمال والتجاهل التي لقيتها الجثة، مؤكداً أن ما شجّعه على نشر هذه القضية هي حالة الشفافية والمسؤولية في وزارة الصحة ومديرية الشؤون الصحية بمنطقة المكرمة، معرباً عن شكره لمدير عام الشؤون الصحية بمنطقة مكة المكرمة الدكتور مصطفي بلجون، مشدداً على أن كلمة الحق يجب أن تقال من أي مكان، ومشيداً بروح التعاطي الإيجابي لوزارة الصحة وتفاعلها البنّاء مع وسائل الإعلام وعدم حساسيتها لكل ما يُنشر عنها من نقد وشكاوى.   ",
    "date_extracted": "2015-07-27 18:14:34"
}