{
    "url": "http://sabq.org/4iDgde",
    "title": "الآن.. عاصفة ترابية تضرب العاصمة",
    "author": "سبق- الرياض:",
    "content": " سبق- الرياض: تشهد العاصمة الرياض، الآن، عاصفة رملية كثيفة تضرب مختلف مناطقها، وكانت قد توقّعت الرئاسة العامة للأرصاد تأثر الرؤية الأفقية بالعوالق الترابية والأتربة المُثارة على مناطق شمال المملكة ووسطها؛ تمتد حتى مناطق جنوب غرب وغرب المملكة، مع طقس معتدل الحرارة على المصايف شديد الحرارة على شرق ووسط وشمال المملكة.   وكانت قد أعلنت هيئة الطيران المدني عن تأجيل وتحويل وجهات بعض رحلات الطيران في مطار الملك خالد الدولي بالرياض؛ نظراً لتقلبات الأجواء في العاصمة. ",
    "date_extracted": "2015-08-01 20:37:39"
}