{
    "url": "http://sabq.org/wdDgde",
    "title": "مليونان وتسعمائة ألف ريال لمستفيدي جمعية نفع الخيرية خلال رمضان بجدة",
    "author": "فهد العتيبي - سبق - جدة:",
    "content": " فهد العتيبي - سبق - جدة: صدر تقرير جمعية نفع الخيرية بجدة عن شهر رمضان الماضي، حيث كشف التقرير عن مصروفات الجمعية التي بلغت (مليونين وتسعمائة وخمسة وستين ألفاً وأربعمائة واثنين وعشرين ريالاً)، ساهمت الجمعية خلالها بتسيير عدد من البرامج ذات العلاقة بالأيتام والأسر المحتاجة وبرامج إفطار الصائم وعدد من البرامج الصحية وتأثيث المنازل .   وأكد مدير عام جمعية نفع الخيرية سعيد بن إبراهيم الزهراني أن حكومة خادم الحرمين الشريفين حفظها الله ممثلة في وزارة الشؤون الاجتماعية تولي الأسر المحتاجة والأيتام من خلال البرامج اهتماماً كبيراً حيث كان نصيب الجمعية من هذا الدعم مبلغ \"مليون ومائتي ألف ريال\" ساهمت إلى جانب تبرعات أهل الخير من رجال الأعمال في نجاح تنفيذ عدد من البرامج خلال شهر رمضان الماضي، والتي تؤكد تكاتف المجتمع السعودي.   وأضاف \"الزهراني\" أنه تم توزيع 2500 سلة رمضانية للأسر المحتاجة كمعونة لشهر رمضان بتكلفة إجمالية بلغت نصف مليون ريال، كما أقامت الجمعية حفل إفطار سنوياً جمعت فيه بين الأيتام و الكفلاء حضره 550 أسرة مع أبنائهم، وتوزيع 15 ألف و جبة جافة و17,106 آلاف وجبة ساخنة طيلة شهر رمضان لإفطار الصائمين بتكلفة إجمالية بلغت (310,272 ريالاً)، منوهاً بنجاح حملة سكري صديقي والتي استفاد منها ألف ومائتا مريض سكري .   ولفت إلى أنه تم إنفاق مبلغ (91.400 ريال) لمشروع كسوة العيد لعدد 457 يتيماً تكفلهم الجمعية، وأشار إلى أنه تم إنفاق (1,457,200) ريال مساعدات للأيتام و الأسر المستفيدة من خدمات الجمعية، كما تم توزيع زكاة الفطر على 4154 أسرة مستحقة بلغ عدد أفرادها 21192 فرداً بتكلفة إجمالية وصلت 151,980 ريالاً. فيما أكد أنه تم تأثيث 148 منزلاً بالتجهيزات الكهربائية من منازل أسر الأيتام و أسر محتاجة بقيمة إجمالية مقدارها (454,570 ريالاً). ",
    "date_extracted": "2015-07-31 04:38:58"
}