{
    "url": "http://sabq.org/WVCgde",
    "title": "\"السلمي\" يحتفل بزفاف نجله \"صالح\"",
    "author": "سبق - جدة:",
    "content": " سبق - جدة: احتفل الشيخ سرور بن صالح السلمي، بزواج نجله صالح بن سرور السلمي، أحد منسوبي بلدية رابغ، على ابنة الشيخ عون الله بن عازم السلمي، وسط حضور لفيف من الأهل والأصدقاء ووجهاء المجتمع، في ليلة شعّت بالأفراح وتلألأت بالتهاني والتبريكات، بأحد قاعات محافظة الجموم الكبرى. ",
    "date_extracted": "2015-07-31 04:40:33"
}