{
    "url": "http://sabq.org/WuDgde",
    "title": "أسرة \"الحارثي\" يشكرون ولي العهد لتوجيهه بنقل ابنهم لـ \"قوى الأمن\"",
    "author": "فهد العتيبي- سبق- الطائف:",
    "content": " فهد العتيبي- سبق- الطائف: رفعت أسرة الجندي عبدالمحسن بن عاضة الحارثي، من منسوبي الإدارة العامة للدفاع المدني بجدة، شكرها وتقديرها لنائب خادم الحرمين الشريفين صاحب السمو الملكي الأمير محمد بن نايف بن عبدالعزيز -حفظه الله-، بعد أن تم نقل ابنهم اليوم من مستشفى الملك عبدالعزيز التخصصي بالطائف، إلى مستشفى قوى الأمن بالرياض، عبر طائرة الإخلاء الطبي، معربين عن سعادتهم بالتجاوب من سموه الكريم، ومؤكدين أن ذلك ليس بغريب على سموه الكريم، حيث إنه دائمًا مع أبنائه رجال الأمن ولا يغفلهم، ويحرص دومًا على تلبية طلباتهم.   وكان نائب خادم الحرمين الشريفين صاحب السمو الملكي الأمير محمد بن نايف بن عبدالعزيز، قد وجّه بنقل الجندي عبدالمحسن عاضة الحارثي من مستشفى الملك عبدالعزيز بالطائف إلى مستشفى قوى الأمن الداخلي بالرياض، وتم نقله اليوم عن طريق طيران الإخلاء الطبي، وذلك بعدما تعرض لإصابة خطيرة أثناء إنقاذ أطفال من الألعاب النارية، حيث انفجرت إحداها في وجهه وأفقدته إحدى عينيه مع بعض الكسور، وألزمته التنويم بمستشفى الملك عبدالعزيز التخصصي بالطائف.   وكانت \"سبق\" قد تابعت الحادثة، حيث كان الجندي عبدالمحسن الحارثي يقضي إجازة العيد مع أسرته في منطقة غزايل جنوب محافظة الطائف عندما شاهد مجموعة من الأطفال من جيرانهم، أكبرهم يبلغ الثانية عشرة من عمره، يلهون بالألعاب النارية الخطرة يوم العيد على سطح منزلهم، حتى إن بعضهم كاد يتسبب بحريق.   وحاول \"الحارثي\" إيقافهم دون استطاعة حتى توجه نحوهم؛ حيث كانوا يُطلقون القنابل المُضيئة عبر القواعد الحديدية من الأرض، ودفع تلك القاعدة بقدمه وسقطت، ولكنها توجهت نحوه وانطلقت مُنفجرةً في وجهه، ما أدى لفقدانه عينه اليسرى في الحال. كما تعرض وجهه لسبع كسور، أثناء محاولته إنقاذ المنزل والأطفال ووالدتهم من تلك الألعاب النارية الخطرة، مضحيًا بنفسه بعد انفجارها في وجهه. ",
    "date_extracted": "2015-08-04 18:28:12"
}