{
    "url": "http://sabq.org/ciDgde",
    "title": "أحمد باري يحتفل بزواج نجله حسام",
    "author": "سبق - جازان:",
    "content": " سبق - جازان: احتفل عضو المجلس البلدي بمحافظة صامطة والمشرف التربوي الأسبق  بتعليم منطقة جازان أحمد محمد باري بزواج نجله الدكتور حسام، وذلك على كريمة حسن بن حسن آل خيرات بقصر رويال بمحافظة صامطة. وقد حضر جمع غفير من المعازيم الأهل والاقارب والمحبين للعروسين وازدانت ليلة الفرح بالأهازيج والفلكلور الشعبي ألجازاني، حيث عاش الحضور البهجة والفرح والسرور بمشاركتهم الأستاذ أحمد باري ونجله حسام فرحة العمر ودخوله القفص الذهبي.  وفق الله العروسين وجمع بينهما في خير والتهنئة موصولة من الزميل أحمد إبراهيم المبارك مدير العلاقات العامة بصحيفة سبق الإلكترونية. ",
    "date_extracted": "2015-08-01 15:06:33"
}