{
    "url": "http://sabq.org/aLCgde",
    "title": "انتشال غريقين في مياه راكدة بوادي لجب بجازان",
    "author": "فهد كاملي - سبق - جازان:",
    "content": " فهد كاملي - سبق - جازان: انتشلت فرقة الدفاع المدني بمحافظة الريث اليوم جثتي غريقين من مياه راكدة في وادي لجب بمحافظة الريث.   وأوضح نائب المتحدث الرسمي لمديرية الدفاع المدني بمنطقة جازان الرائد محمد بن حسن آل صمغان أن غرفة القيادة والتوجيه تبلغت عن الغرق في تمام الساعة الحادية عشرة وتم الانتقال للموقع وانتشال الجثتين ونقلهما إلى مستشفى الريث.   وحذر الرائد آل صمغان من خطورة الأودية والمياه الراكدة خاصة في المناطق الجبلية. ",
    "date_extracted": "2015-07-26 22:31:43"
}