{
    "url": "http://sabq.org/KwDgde",
    "title": "مطار الملك عبدالعزيز بجدة يستقبل أول دفعة حجيج",
    "author": "عبدالله الراجحي- سبق- جدة:",
    "content": " عبدالله الراجحي- سبق- جدة: أنهت جوازات مطار الملك عبدالعزيز بجدة، مساء أمس، دخول 16 حاجاً من الجنسية الماليزية يحملون تأشيرات حج لهذا العام 1436هـ قدموا على الخطوط الماليزية.   وأوضح مدير جوازات مطار الملك عبدالعزيز الدولي العقيد سليمان محمد اليوسف أن رحلة الخطوط الماليزية القادمة من كوالالمبور كان من ضمن ركابها أول وفد من ضيوف الرحمن وعددهم 16 حاجاً من الجنسية الماليزية يحملون تأشيرات حج لهذا العام.   وأضاف: تم استقبالهم في الصالة الأجنبية والترحيب بهم وتقديم التسهيلات اللازمة لهم وبعد ذلك تم إنهاء إجراءات دخولهم للبلاد.   وأشار \"اليوسف\" إلى أنه تم استكمال جميع التجهيزات اللازمة لاستقبال حجاج بيت الله الحرام من القوة البشرية متمثلة بالضباط والأفراد والمفتشات الموزعين على مختلف الصالات، لافتاً إلى أن التجهيزات الآلية والفنية جاهزة في جميع الصالات. ",
    "date_extracted": "2015-08-04 18:27:54"
}