{
    "url": "http://sabq.org/2cDgde",
    "title": "وفاة والد الزميل \"السبيت\"",
    "author": "سبق- الرياض:",
    "content": " سبق- الرياض: توفي الشيخ إبراهيم بن عتيق آل سبيت، والد الزميل بإذاعة القرآن الكريم، ومقدم برنامج \"بك أصبحنا\" سبيت السبت، وأدّيت الصلاة عليه بعد صلاة عصر اليوم، في جامع عتيقة بالرياض.   ويتقبل الزميل \"السبيت\" العزاء في منزلهم الكائن بحي الشفا بالرياض، خلف سيتي مول، أو على جوال  0560999520. ",
    "date_extracted": "2015-07-31 04:39:51"
}