{
    "url": "http://sabq.org/kaDgde",
    "title": "زلزال بقوة 4.3 درجات يضرب جنوب الأردن",
    "author": "واس- عمّان:",
    "content": " واس- عمّان: ضرب زلزال بلغت قوته 4.3 درجات على مقياس ريختر، اليوم، منطقة البحر الميت جنوب الأردن.   وأكد مصدر في الدفاع المدني الأردني في بيان صحفي، أن الزلزال كان على عمق 10 كيلو مترات، وضرب المناطق الوسطى للأردن، وهي: (عمّان، ومادبا، والسلط)، كما شعر به سكان المناطق الشمالية في مدينة إربد، والمناطق الجنوبية في الكرك والطفيلة، ومناطق في فلسطين المحتلة.   ولم ترِد أنباء فورية عن وقوع خسائر بشرية أو مادية جراء الزلزال. ",
    "date_extracted": "2015-07-31 04:39:43"
}