{
    "url": "http://sabq.org/otDgde",
    "title": "\"الزهراني\" يحتفل بزواجه",
    "author": "سبق- الباحة:",
    "content": " سبق- الباحة: ﺍﺣﺘﻔﻞ وائل محمد حمدان الزهراني، بزواجه من كريمة عبد ربه صالح الزهراني، من أهالي قرية عشبه بمحافظة المندق، ﺑﺤﻀﻮﺭ ﺟﻤﻊٌ ﻛﺒﻴﺮ ﻣﻦ ﺍﻷﻗﺎﺭﺏ والأصدقاء والأعيان الذين هنأوا العروسين.   \"سبق\" تهنئ \"الزهراني\" وتتمنى للعروسين حياة زوجية سعيدة. ",
    "date_extracted": "2015-08-03 20:37:51"
}