{
    "url": "http://sabq.org/EMCgde",
    "title": "مؤسِّس \"لينكدإن\": \"اعتبر نفسك بين عائلتك\" .. كذبة الشركات الكبيرة",
    "author": "مروان المريسي- سبق- متابعة:",
    "content": " مروان المريسي- سبق- متابعة: قال ريد هوفمان؛ مؤسِّس شبكة لينكدإن؛ التي تعد أكبر شبكة اجتماعية ثرية ببيانات التوظيف، إن العلاقة بين الموظِّفين غالباً ما تتسم بغياب الشفافية، وإنه يسعى عبر كتابه الذي أصدره بعنوان \"التحالف\"، إلى التأكيد أن الوظيفة لا ينبغي أن تُؤخذ في الحسبان أنها ستكون دائمة، وأن الولاء يُقاس بالمصلحة، كما شدّد على أن العلاقة بين الشركة والموظف ينبغي ألا تنتهي برحيل الموظف.   وفي كتابه الذي لخّص أبرز ما فيه موقع vox.com، أشار إلى ما يعتبرها أكبر كذبة تمرّرها الشركات على موظفيها، وهي عبارة: \"اعتبر نفسك بين عائلتك\"، وفي الوقت ذاته أكّد أن الشركات ليست وحدها التي تكذب؛ فالموظفون أيضاً يكذبون، وأما أشهر كذباتهم، فهي: \"في الحقيقة .. أخطط للبقاء في هذه الشركة طيلة حياتي المهنية\". ",
    "date_extracted": "2015-07-27 18:15:18"
}