{
    "url": "http://sabq.org/6lDgde",
    "title": "رفع تعليق تداول سهم \"موبايلي\" ..غدا",
    "author": "سبق- الرياض",
    "content": " سبق- الرياض: أعلنت هيئة السوق المالية رفع تعليق تداول سهم شركة اتحاد اتصالات (موبايلي)، ابتداءً من غد الاثنين 18 شوال؛ حيث ستعلن الهيئة عن تطورات ونتائج إجراءات التحقق من المخالفات المرتكبة لنظام السوق المالية ولوائحه التنفيذية والمتسببين فيها عند الانتهاء منها.   كان إعلان الهيئة بتاريخ 12 رمضان قد أشار لاستمرار تعليق تداول سهم شركة اتحاد اتصالات (موبايلي) في السوق المالية السعودية (تداول) حتى تقوم الشركة بإعادة إصدار قوائمها المالية الموحدة المعدَّلة لعام 2014م والقوائم المالية الموحدة المعدَّلة للربع الأول من 2015م ونشرها على موقع السوق المالية السعودية (تداول).   وفي 14 شوال أعلنت \"موبايلي\" قوائمها المالية الموحدة المعدَّلة لعام 2014م والقوائم المالية الموحدة المعدَّلة للربع الأول من 2015م ونشرتها على موقع السوق المالية السعودية (تداول).   وسجلت شركة اتحاد اتصالات \"موبايلي \" خسائر مالية بلغت 945 مليون ريال خلال النصف الأول من العام الحالي 2015م، قياساً بأرباح 403.2 مليون ريال تم تحقيقها خلال نفس الفترة من عام 2014م.   وأوضحت الشركة، في بيان لها اليوم على موقع السوق المالية \"تداول\"، أنها حققت خسائر خلال الربع الثاني بلغت 900 مليون ريال، مقابل أرباح 92 مليون ريال لنفس الفترة من العام الماضي، وبارتفاع في الخسارة بنسبة 1923% عن الربع السابق، لتبلغ بذلك خسارة السهم 1.23 ريال مقابل ربح 0.52 ريال.   وعزت الشركة سبب الخسارة بشكل رئيسي إلى تسجيل مخصص إضافي للديون المشكوك في تحصيلها من شركة \"زين\" السعودية بمبلغ 800 مليون ريال، إضافة إلى ارتفاع مصاريف الزكاة بقيمة 81 مليون ريال، والزيادة في مصاريف الاستهلاكات بمبلغ 45 مليون ريال؛ نتيجة لإعادة تقييم طريقة رسملة بعض الأصول الثابتة وتعديل استهلاك بعض الفترات. ",
    "date_extracted": "2015-08-02 23:23:46"
}