{
    "url": "http://sabq.org/KgDgde",
    "title": "البحرين تدين العمل الإجرامي الذي أدى لاستشهاد الرضيع الفلسطيني",
    "author": "واس– المنامة:",
    "content": " واس– المنامة: دانت مملكة البحرين أمس بشدة العمل الإجرامي الذي نتج منه استشهاد الرضيع الفلسطيني علي سعد دوابشة، وإصابة والديه وشقيقه بجروح من جراء إحراق مستوطنين منزلهم بالضفة الغربية.     وقالت وزارة الخارجية البحرينية في بيان اليوم: إن مملكة البحرين تدين بشدة هذا العمل الإجرامي، مؤكدة أن قوات الاحتلال الإسرائيلي تتحمَّل وحدها مسؤولية هذه الجريمة النكراء التي جاءت نتيجة للحماية الإسرائيلية لاعتداءات وجرائم المستوطنين المتواصلة والمتفاقمة ضد أبناء الشعب الفلسطيني الأعزل.     كما شدَّد البيان على أن استمرار الاستيطان من قِبل قوات الاحتلال يتناقض تماماً مع قواعد القانون الدولي والشرعية الدولية وقرارات الأمم المتحدة ذات الصلة، إضافة إلى أنها عقبة رئيسية تهدد الجهود الإقليمية والدولية كافة المبذولة لاستئناف مباحثات السلام. ",
    "date_extracted": "2015-08-01 07:51:31"
}