{
    "url": "http://sabq.org/0bDgde",
    "title": "وفاة المقدم \"مطلق\"",
    "author": "سبق – الرياض:",
    "content": " سبق – الرياض: توفي، ضابط الأمن العام السابق، المقدم مطلق بن عبدالرحمن المطيري، بعد رحلة علاجية بالولايات المتحدة الأمريكية، عن عمر يناهز الـ 65 عاماً.   وصلي عليه بعد صلاة الظهر اليوم الخميس في جامع الراجحي بالرياض، ودفن بمقبرة النسيم في مدينة الرياض.    الفقيد والد كل من: دكتور التجميل والترميم، خالد المطيري، والأستاذة في جامعة كاليفورنيا في سان دييجو بالولايات المتحدة الأمريكية، غادة المطيري، وبروفيسور طب الأسرة، الدكتور عامر المطيري، واستشارية طب الأشعة، الدكتورة هبة المطيري، وأخصائي طب الأسنان، الدكتور أحمد المطيري، ويتقبل العزاء في منزل اللواء، عايض بن شويمي، بحي النرجس، جوال: 0533616655  -  0598504161   ",
    "date_extracted": "2015-07-31 04:39:54"
}