{
    "url": "http://sabq.org/QbDgde",
    "title": "عاصفة ترابية تشلّ الحركة المرورية في القنفذة",
    "author": "سبق- القنفذة:",
    "content": " سبق- القنفذة: شهدت محافظة القنفذة وسواحلها، اليوم، هبوب عاصفة ترابية شديدة أدت إلى الحدّ من مدى الرؤية الأفقية وشلل الحركة المرورية على طريق الساحل \"جدة – جازان\".   وتسببت العاصفة في توقف الحركة الملاحية لقوارب الصيد، وشوهدت المركبات متوقفة على جانب الطريق الساحلي نظراً لانعدام الرؤية تماماً.   وتكرر انقطاع الكهرباء في بعض القرى جنوب القوز بسبب شدة الرياح وتأثيرها على الخطوط الكهربائية. ",
    "date_extracted": "2015-07-31 04:38:26"
}