{
    "url": "http://sabq.org/SnDgde",
    "title": "بالفيديو.. \"سبق\" تعرض لحظة سقوط الطائرة الصغيرة في \"حبلة عسير\"",
    "author": "عبدالله البرقاوي، ياسر العتيبي-سبق- الرياض:",
    "content": " عبدالله البرقاوي، ياسر العتيبي-سبق- الرياض: حصلت \"سبق\" على مقطع فيديو صورت من خلاله لحظة الهبوط الاضطراري لطائرة صغيرة في منطقة الحبلة بعسير، اليوم.   وكان الصبي \"أيمن الأحمري\" البالغ من العمر ١٤ عاماً قد صور بهاتفه الجوال لحظة الهبوط الاضطراري للطائرة واصطدامها بالأرض.   وكشف الفيديو طيران الطائرة على مستوى منخفض، ويبدو أن قائدها كان يحاول الهبوط قبل أن تصطدم الطائرة بالأرض.   يشار إلى أن المعلومات الأولية أكدت سلامة قائد الطائرة ومرافقيه وعدم تسجيل وفيات أو إصابات خطيرة، فيما باشرت جهات الإنقاذ والجهات الأمنية الحادثة.   ",
    "date_extracted": "2015-08-02 23:21:02"
}