{
    "url": "http://sabq.org/wOCgde",
    "title": "تبوك.. الاجتماع الثاني للجنة الإشراف على انتخابات المجالس البلدية",
    "author": "سبق- تبوك:",
    "content": " سبق- تبوك: عقدت لجنة الإشراف المحلية على انتخابات المجالس البلدية بمنطقة تبوك، اليوم، اجتماعها الثاني برئاسة رئيس اللجنة أمين منطقة تبوك المهندس محمد بن عبدالهادي العمري وحضور أعضاء وعضوات اللجنة، وذلك في قاعة المؤتمرات والندوات بأمانة المنطقة.   وقال عضو اللجنة وكيل الأمين للخدمات المهندس إبراهيم بن أحمد الغبان: \"اللجنة اطلعت على البرنامج الزمني لأعضاء المجالس البلدية في الدورة الثالثة لعام 1436/ 1437هـ، وتمت مناقشة الخطة المكانية لتدريب رؤساء وأعضاء اللجان الانتخابية الرجالية والنسائية حسب الخطط\".   وأضاف: \"تقرر تنظيم ورشتي عمل؛ تقام الأولى وهي الرئيسة في مدينة تبوك يحضرها كافة رؤساء أعضاء اللجان الانتخابية النسائية من خلال مواقع التدريب في بلدية محافظة الوجه ويتبعها بلدية المنجور وبلدية بداء وبلدية محافظة أملج ويتبعها بلدية الشبحة وبلدية محافظة ضباء ويتبعها بلدية أشواق، وبلدية محافظة تيماء ويتبعها بلدية القليبة وبلدية محافظة حقل ويتبعها بلدية بلدية البدع، وأمانة منطقة تبوك ويتبعها أربعة مراكز نسائية وبلدية بئر بن هرماس\".   وأردف \"الغبان\": \"لجنة الإشراف المحلية اطلعت على المراكز الانتخابية الرجالية والنسائية المعتمدة في نطاق اللجنة المحلية للانتخابات وهي 13 مركزاً للرجال وأربع مراكز نسائية في مدينة تبوك، بالإضافة إلى 16 مركزاً للرجال و12 مركزاً للنساء موزعة على محافظات ومراكز منطقة تبوك؛ ليصبح الإجمالي 45 مركزاً انتخابيا في المنطقة بعد أن تم تغيير مواقع بعض المراكز لوجود ترميمات وذلك بمعرفة اللجنة\".   وتابع: \"اللجنة بدأت في وضع اللوحات بمسميات كل مركز انتخابي رجالي أو نسائي ورقمه وتزويد هذه المراكز بأجهزة فاكس وآلة تصوير مع التنسيق مع إدارة التعليم لتوفير وسيلة للتواصل مع كافة رؤساء اللجان الانتخابية في المراكز الانتخابية الرجالية والنسائية وتكليف رؤساء وأعضاء لجان الانتخابات بحضور ورش العمل التدريبية لمرحلة قيد الناخبين وتسجيل المرشحين التي سيتم عقدها في نطاق كل لجنة محلية يوم 18 من هذا الشهر بمدينة تبوك قبل بداية مرحلة قيد الناخبين التي تبدأ في 17 ذي القعدة القادم وتستمر حتى اليوم الأول من شهر ذو الحجة القادم 1436هـ\".   وقال \"الغبان\": \"تمت مناقشة الخطة الأمنية والعملية الانتخابية وأمن مراكز الانتخابات بكافة مراحل العملية الانتخابية كما تم الاطلاع على تشكيل لجنة الفصل في الطعون المعنية بالمخالفات الانتخابية ودليل عمل اللجان المحلية وتوزيع المراكز الانتخابية على الأعضاء والعضوات والمراقبة العملية لسير الانتخابات\".   وأضاف: \"اختير المهندس محمد بن عبد الهادي العمري لمراقبة المركز الانتخابي بمقر برنامج جمعية الأمير فهد بن سلطان الاجتماعي، وعضو اللجنة سعود بن محمد الغيثي لمراقبة مركزي مدرسة سعد بن وقاص ومدرسة أبو عبيدة عامر الجراح بحي السليمانية، والدكتور عبد الرحمن السميري لمراقبة المركزين الانتخابيين بمدرسة صلاح الدين بحي المهرجان ومدرسة الحارث بن أوس بحي الفيصلية الشمالية\".   وأردف: \"اختير عضو اللجنة المهندس إبراهيم بن أحمد الغبان لمراقبة المركز الانتخابي في مدرسة الفاروق بحي الفيصلية الجنوبية، والمركز الانتخابي بمدرسة ابن دريد بحي البساتين، والدكتور عمر أبو هاشم لمراقبة مركزي الانتخابات بمدرسة عمورية الابتدائية في حي الصالحية ومدرسة أبو بكر الصديق بحي النهضة، وعضو اللجنة عبد العزيز بن محمد الفرشوطي لمراقبة المركزين الانتخابيين في المدرسة السعودية بحي العزيزية ومدرسة زيد بن الحارث في حي الخالدية، والعميد أحمد الحبلاني لمراقبة المركزين الانتخابيين في مدرسة الإسكان الخيري بحي النهضة وثانوية البحتري في حي القادسية\".   وبخصوص المراكز النسائية؛ قال المهندس \"الغبان\": \"ستتم مراقبة المركزين النسائيين بالمتوسطة \"12\" بحي الشرفية وفي المدرسة 21 الثانوية للبنات من قبل العضوة أميرة المباركي، والعضوة نجلاء الشامان للمركزين الانتخابيين الثانوية الخامسة بحي المنتزه، والثانوية \"19\" في حي الروضة\". ",
    "date_extracted": "2015-07-27 18:14:27"
}