{
    "url": "http://sabq.org/iyDgde",
    "title": "شاهد.. \"ضوء سعودي\" يجمع 63 مصوراً من مختلف مناطق المملكة بالأردن",
    "author": "خالد السويلمي- سبق- عمان:",
    "content": " خالد السويلمي- سبق- عمان: شهد معرض \"ضوء سعودي\" المقام في دولة الأردن وذلك في قاعة الأميرة فخر النساء زيد في المركز الثقافي بتنظيم من جمعية الثقافة والفنون بمنطقة الحدود الشمالية عدد كبير من المصورين السعوديين.   وكان رئيس مجلس إدارة الجمعية العربية السعودية للثقافة والفنون سلطان البازعي قد دشن المعرض بحضور مسؤول الشؤون الاقتصادية والثقافية بسفارة خادم الحرمين الشريفين بالأردن حاتم خياط ومشرف الشؤون الثقافية بالملحقية الثقافية بالأردن حسين الشهراني ومدير فرع جمعية الثقافة والفنون بالحدود الشمالية تركي رضيمان ورئيس الجمعية الأردنية للتصوير علي كتانه.   ووقد تجول \"البازعي\" في أنحاء المعرض واستمع إلى شرح مفصل عن الصور المشاركة من مشرف المعرض مفرح السويلمي التي شملت جوانب مضيئة من أنحاء الوطن بعد ذلك أقيم حفل خطابي بسيط قدمت فيه الطفلة لمى القحطاني قصيدة وطنية، مكرماً الجهات المشاركة والرعاة    وأوضح مدير فرع الجمعية بالحدود الشمالية تركي رضيمان لـ\"سبق\" أن المعرض اشمل على ٧٥ عملاً فوتوغرافياً لـ ٦٣ مصوراً سعودياً من مختلف مناطق المملكة العربية السعودية.  \n  \n \n  \n \n  \n ",
    "date_extracted": "2015-08-04 18:27:08"
}