{
    "url": "http://sabq.org/0oDgde",
    "title": "\"أخضر الأولمبياد الخاص\" يختتم الألعاب العالمية بـ 23 ميدالية",
    "author": "واس - الرياض:",
    "content": " واس - الرياض: اختتمت بعثة المملكة العربية السعودية للأولمبياد الخاص مشاركتهم في منافسات دورة الألعاب العالمية الصيفية للأولمبياد الخاص الدولي التي تستضيفها حاليا مدينة لوس أنجلوس الأمريكية، بتحقيق ثلاث ميداليات جديدة رفعوا بها رصيد السعودية في الدورة إلى 23 ميدالية.   وحقق منتخب كرة السلة المركز الثالث والميدالية البرونزية في لعبة كرة السلة أثر تغلبهم على منافسهم اليوناني في مباراة تحديد المركزين الثالث والرابع بنتيجة 34/ 15.   كما حقق العداء ثامر عبد المحسن أحمد المركز الثاني والميدالية الفضية في سباق 1500 متر، وحقق منتخب تنس الطاولة المكون من أحمد الفادن، وعبد المحسن الرشيد المركز الثاني والميدالية الفضية في منافسات الزوجي.   وشاركت السعودية بـ 24 لاعباً من ذوي الإعاقة الذهنية في المحفل العالمي بجانب 15 دولة عربية تتنافس مع 177 دولة في 25 رياضة أولمبية.   من جانبه، وصف نائب رئيس وفد المملكة المشارك في الدورة خالد الأحمد مشاركة السعودية بالمميزة.   وشدد الأحمد على أن رياضة الاحتياجات الخاصة تحظى بدعم كبير من لدن القيادة الرشيدة. ",
    "date_extracted": "2015-08-02 23:23:31"
}