{
    "url": "http://sabq.org/EvDgde",
    "title": "إنقاذ \"رجال الاتصالات الأربعة\" العالقين بقمة جبل أيا بالمرقبان",
    "author": "عوض الفهمي- سبق- أضم:",
    "content": " عوض الفهمي- سبق- أضم: تمكّنت فرقة من الدفاع المدني بمحافظة أضم من إنقاذ 4 أشخاص - سعودي ومصري وباكستانيين - تابعين لإحدى شركات الاتصالات بعد أن علقوا بجبل \"أيا\" بمركز المرقبان التابع لمحافظة أضم.   وكان الأشخاص الأربعة قد صعدوا لقمة الجبل من أجل العمل على إنشاء برج جديد، وبعد وصولهم تعطل إطاران من إطارات السيارة؛ ما دفعهم إلى النزول من الجبل سيراً على الأقدام لكنهم وصلوا لمنطقة وعرة جداً ولم يتمكنوا من النزول، وقاموا بإبلاغ الدفاع المدني بمركز ثقيف بمحافظة الطائف.   تمّ التنسيق مع \"مدني\" محافظة أضم الذي تمكّن من تحديد موقعهم، وانتقلت فرقة الدفاع المدني بقيادة الرقيب أول صالح ساري المالكي؛ بمتابعة مدير إدارة الدفاع المدني بمحافظة أضم الرائد محمد ياسين العيافي؛ ووصلت إلى موقع قريب منهم، ثم أكملت الفرقة ما تبقى من المسافة سيراً على الأقدام حتى وصلت إليهم؛ حيث اتضح أنهم أربعة أشخاص: سعودي ومصري وباكستانيان، وقد قام الدفاع المدني بتقديم المياه المبردة لهم قبل العمل على إنزالهم. ",
    "date_extracted": "2015-08-04 18:28:04"
}