{
    "url": "http://sabq.org/8oDgde",
    "title": "حسم مصير \"خليجي 23\" في اجتماع أمناء الاتحادات.. غداً",
    "author": "فايز الأسمري - سبق - الرياض:",
    "content": " فايز الأسمري - سبق - الرياض: تحسم اللجنة الدائمة لأمناء سر الاتحادات الخليجية والعراق واليمن، والتي ستنعقد لمدة يومين في دولة الكويت الشقيقة بدءا من يوم غد الاثنين، مصير النسخة الثالثة والعشرين من دورة كأس الخليج العربي لكرة القدم والمقرر إقامتها في دولة الكويت الشقيقة أو تأجيلها أو تحويلها إلى دولة أخرى، حيث سيتم الاطلاع على آخر المستجدات المتعلقة بالاستضافة من قبل الاتحاد الكويتي، كذلك ستشهد الاجتماعات مناقشة إنشاء الاتحاد الخليجي العربي لكرة القدم.   هذا ويشارك أحمد بن عبدالرحمن الخميس الأمين العام للاتحاد العربي السعودي لكرة القدم في اجتماعات اللجنة كممثل للمملكة العربية السعودية.  ",
    "date_extracted": "2015-08-02 23:23:28"
}