{
    "url": "http://sabq.org/QiDgde",
    "title": "الأرصاد: توقع هطول أمطار رعدية على مناطق بعسير",
    "author": "سبق- أبها:",
    "content": " سبق- أبها: أصدرت الرئاسة العامة للأرصاد وحماية البيئة تنبيهات جوية لسكان مناطق في عسير السودة، أبها الواديين، رجال ألمع، الشعبين والنماص، تفيد باحتمال هطول أمطار رعدية. وقالت \"الرئاسة\": \"الأمطار ستكون متوسطة إلى غزيرة وستكون مصحوبة بزخات من البرد مع هبوب رياح نشطة، وذلك من الساعة الثانية مساء إلى السادسة مساء اليوم السبت\". ",
    "date_extracted": "2015-08-01 20:37:27"
}