{
    "url": "http://sabq.org/8cDgde",
    "title": "\"الأمير سلطان بن سلمان\" يكرم \"عَامِل نظافة\" أعاد \"شنطة ذهب\" لصاحبها",
    "author": "علي حفول- سبق- نجران:",
    "content": " علي حفول- سبق- نجران: وجه رئيس الهيئة العامة للسياحة والتراث الوطني \"الأمير سلطان بن سلمان بن عبد العزيز\"؛ بشكر صاحب إحدى الوحدات السكنية بنجران، وتكريم عامل نظافة يعمل بالوحدة السكنية؛ بمبلغ مالي؛ تقديراً لأمانته في إعادة شنطة الذهب لصاحبها.   وقامت الهيئة العامة للسياحة والتراث الوطني ممثلة بفرع نجران؛ بتكريم أحد ملاك الوحدات السكنية وعامل نظافة من الجنسية السيريلانكية جراء أمانتهما وإعادة شنطة ذهب لصاحبها الذي اتضح تواجده بمكة المكرمة وحضر لاستلام مفقوداته.   من جانبه قدم صاحب المفقودات شكره وتقديره لصاحب الوحدة السكنيّة وعامل النظافة؛ لأمانتهما. ",
    "date_extracted": "2015-07-31 04:38:10"
}