{
    "url": "http://sabq.org/erDgde",
    "title": "\"التجارة\" تستدعي 2504 سيارات \"جينيسيس\" لخلل في الإطارات",
    "author": "سبق- الرياض:",
    "content": " سبق- الرياض: أعلنت وزارة التجارة عن استدعاء 2504 سيارات \"هيونداي جينيسيس\" موديل 2015؛ وذلك لوجود احتمالية تسرب الهواء من الإطارات، والذي قد يعرضها للتلف.   ودعت الوزارة إلى التواصل مع الوكيل؛ لإجراء الإصلاحات اللازمة مجاناً. ",
    "date_extracted": "2015-08-03 20:35:37"
}