{
    "url": "http://sabq.org/0gDgde",
    "title": "مصرع وإصابة 5 أشخاص إثر حادث تصادم عند هجرة \"سعد\" بالرياض",
    "author": "عبير الرجباني- سبق- الرياض:",
    "content": " عبير الرجباني- سبق- الرياض: لقي شخص مصرعه، وأُصيب أربعة آخرون مساء اليوم، إثر حادث مروري مأساوي على طريق الرياض عند هجرة سعد شرق.   وأوضح المتحدث الرسمي للهلال الأحمر بمنطقة الرياض عبدالله المريبض أن فرق الهلال الأحمر السعودي بمنطقة الرياض باشرت حادث تصادم بعد هجرة سعد شرق.   وأضاف المريبض بأنه نتج من الحادث حالة وفاة واحدة و4 إصابات، منها حالة حرجة، وثلاثة متوسطة. لافتاً إلى أنه تم تقديم الخدمة الطبية من قِبل 4 فرق إسعافية واستجابة متقدمة وإسعاف جوي، وتم نقل الحالات للمنشآت المناسبة. ",
    "date_extracted": "2015-08-01 07:51:38"
}