{
    "url": "http://sabq.org/ufDgde",
    "title": "واشنطن تصف مقتل طفل فلسطيني حرقاً بأنه \"هجوم إرهابي وحشي\"",
    "author": "سبق- وكالات:",
    "content": " سبق- وكالات:  نددت الولايات المتحدة \"بأشد العبارات\" اليوم بـ\"الهجوم الإرهابي الوحشي\" في الضفة الغربية المحتلة والذي أدى إلى مقتل طفل فلسطيني حرقًا بعدما أضرم مستوطنون إسرائيليون متطرفون النار في منزل ذويه.   وقالت الخارجية الأميركية في بيان -بحسب وكالة الأنباء الفرنسية- \"نرحب بالأمر الذي أصدره رئيس الوزراء (الإسرائيلي بنيامين) نتانياهو لقوات الأمن باللجوء الى كل السبل المتوافرة لديها لاعتقال القتلة (الذين ارتكبوا) ما سماه عملاً ارهابياً وإحالتهم أمام القضاء\".   وخوفاً من الدخول في دوامة عنف جديدة بين الإسرائيليين والفلسطينيين، دعت الخارجية الأميركية أيضا \"كل الأطراف إلى الحفاظ على الهدوء وتفادي تفاقم الوضع إثر هذا الحادث المأسوي\".   وكان الطفل الفلسطيني علي الدوابشة (18 شهراً) قتل حرقًا وأصيب والداه وشقيقه بجروح خطرة الجمعة عندما قام متطرفون إسرائيليون بحرق منزلهم في بلدة دوما في الضفة الغربية المحتلة.   وتواصل الإدارة الأميركية انتقاد الاستيطان الإسرائيلي في الضفة الغربية إلا أنها مع ذلك تبقي تحالفها العسكري مع إسرائيل ودعمها الدبلوماسي لها. ",
    "date_extracted": "2015-07-31 19:27:17"
}