{
    "url": "http://sabq.org/WMCgde",
    "title": "بالفيديو: الفوزان \"جمع الست و\"البيض\" لا يجوز ..و\"فقيهان\": لا بأس",
    "author": "عبدالحكيم شار- سبق- متابعة:",
    "content": " عبدالحكيم شار- سبق- متابعة: أفتى عضو اللجنة الدائمة للإفتاء وعضو هيئة كبار العلماء الدكتور صالح بن فوزان الفوزان، بعدم جواز الجمع بين صيام أيام الست من شوال وصيام الأيام البيض في نية واحدة؛ داعياً إلى صيامها كلٌّ على حِدَة؛ بينما رأى أستاذان للفقه أنه لا بأس من صيامها.   وقال مجيباً على سؤال: \"هل يجوز للمسلم أن يجمع بين صيام ست من شوال وصيام أيام البيض بنية واحدة\" بقوله: \"لا، ما يجمع بينهم، يصوم الست من شوال على حدة، ويصوم الأيام البيض على حدة\".   وأضاف \"الفوزان\": \"يُرجى للإنسان أن يُحَصّل الأجور الثلاثة كلها (صيام الست من شوال، وصيام الأيام البيض، وصيام الاثنين والخميس)\".   بينما رأى كل من أستاذ الفقه المشارك بجامعة القصيم الدكتور خالد بن عبدالله المصلح، وأستاذ الفقه المقارن بالمعهد العالي للقضاء الدكتور عبدالعزيز بن فوزان الفوزان، أنه لا بأس بالجمع بين صيام الست من شوال والأيام البيض؛ حيث قال \"المصلح\": \"لا حرج أن يجمع أكثر من نية في صيام واحد، إذا كان من المسنونات فينوي صيام ثلاثة أيام من كل شهر، وصيام الأيام الست من شوال؛ مستدلاً بقوله ﷺ: (إنما الأعمال بالنيات وإنما لكل امرئ ما نوى)\".     ",
    "date_extracted": "2015-07-27 18:14:54"
}