{
    "url": "http://sabq.org/qjDgde",
    "title": "8 مصابين جراء تصادم على طريق \"الرياض- الدمام\"",
    "author": "عبير الرجباني- سبق- الرياض:",
    "content": " عبير الرجباني- سبق- الرياض: أصيب ثمانية أشخاص بإصابات متفرقة جراء حادث تصادم مروري وقع على طريق \"الرياض- الدمام\". وقد باشرت  ثمانية من فرق الهلال الأحمر السعودي وفرقتا استجابة متقدمة موقع الحادث الذي وقع لـ 13 سيارة أمام محطة هلا.   وقال المتحدث الرسمي باسم الهلال الأحمر بمنطقة الرياض عبدالله المريبض: \"الحادث أسفر عن حالة إصابة خطيرة وثلاث حالات متوسطة وأربع حالات طفيفة\". وأضاف: \"تم تقديم الخدمة الطبية الطارئة للمصابين ونقل الحالات إلى المستشفيات لتلقي العلاج اللازم، فيما تمركزت إحدى الفرق بالموقع\". ",
    "date_extracted": "2015-08-01 20:37:51"
}