{
    "url": "http://sabq.org/utDgde",
    "title": "\"ثقافة جدة\" تعرض 3 أفلام في الموسم الأول من العروض السينمائية",
    "author": "سبق - جدة:",
    "content": " سبق - جدة:  شهدت الليلة الثانية من ليالي الموسم الأول لعروض الأفلام بجمعية الثقافة والفنون بجدة، أمس  حضورًا كثيفًا من فنانين وإعلاميين ومحبي الأفلام، والذين حضروا لمقر الجمعية منذ وقت مبكر، مشيدين بخطوة الجمعية بعرض الأفلام السينمائية، ودعمها للفنانين الممثلين والمؤلفين والمخرجين.   وفي كلمة بهذه المناسبة أكد مدير جمعية الثقافة والفنون بجدة عمر الجاسر اعتزاز الجمعية باحتضانها للأفلام الهادفة وعرضها دعمًا وتشجيعًا للفنانين والمواهب من مؤلفين ومخرجين، وطالب الجميع بدعم هؤلاء المواهب، مشيرًا إلى أن أبواب الجمعية مفتوحة للجميع بلا استثناء، لأنها تهدف دائمًا لتقديم كل ما يخدم الحراك الثقافي والفني بمختلف مجالاتهم, ودعم وتشجيع المواهب في كافة مجالات الإبداع.    بعد ذلك تم عرض الفيلم الأول، وهو فيلم للمخرجة الصغيرة جنى مازن صفطة، مدته خمس دقائق، بعنوان \"هدر الطاقة\"، والذي طرح موضوع توفير الكهرباء عن طريق الطاقة الشمسية، وقد لاقى الفيلم إعجاب الحضور لما يحمله من فكرة هادفة.   بعد ذلك تم عرض فيلم \"ثلاثة في واحد\"، بطولة: حيدر حكمي ومنار شاهين، وهو فيلم عن قصة اجتماعية من إخراج منار شاهين ثم أقيمت مناقشة عنه من قبل الحضور الذين أشادوا بهذه التجربة السينمائية.   عقب ذلك تم عرض الفيلم الثالث وهو الفيلم الاجتماعي \"حياة\" من إخراج ماجد عزي، وبطولة: منار شاهين ولمار وعماد اليوسف، وقد طرح هذا الفيلم قصة اجتماعية لم يسبق تناولها من قبل في أعمال فنية، وبعد العرض أقيمت مناقشة حول الفيلم، حيث تباينت الآراء حول قصته، ولكن بشكل عام أشاد الحضور بالفيلم وبكونه تجربة جديدة للكثير من المشاركين، ولكنهم يستحقون التقدير على تجربتهم، وعلى ما قدموه من عمل مميز.    وقد شارك في النقاش مجموعة من الفنانين والإعلاميين، ومنهم فهد غزولي ونزار السليماني ويحيي بقاش وأحمد سرور وخالد علي واعتدال السباعي وهوازن باداود، وقامت قناة الثقافية السعودية بتصوير هذه الأمسية، وأجرى مذيع القناة صالح القرني لقاءات مع الفنانين المشاركين ومع مجموعة من الحضور.   وفي ختام الأمسية التقطت الصور التذكارية، ثم قام الحضور بزيارة معرض \"العيدية\" المقام بصالة \"عبدالحليم رضوي\" بالجمعية، والذي يضم أعمالاً فنية تشكيلية لمجموعة من الفنانين والتشكيليين، حيث أبدى الحضور إعجابهم بما شاهدوه من لوحات وأعمال فنية مميزة.   ",
    "date_extracted": "2015-08-03 20:38:38"
}