{
    "url": "http://sabq.org/ovDgde",
    "title": "القبض على جناة سلبوا مقيمين مبلغاً مالياً بوادي الدواسر",
    "author": "خلف الدوسري- سبق- وادي الدواسر:",
    "content": " خلف الدوسري- سبق- وادي الدواسر: كشفت مصادر خاصة لـ\"سبق\" عن أن الجهات الأمنية بشرطة محافظة وادي الدواسر، تمكنت في وقت قصير من التعرف إلى شخصين متهمين بسلب مبلغ مالي كبير من 3 مقيمين، عقب متابعتهم بسيارتهم الخاصة حتى خروجهم من المحافظة.   وتُبيّن التفاصيل أن قائد سيارة \"مقيم\" يرافقه 2 من جنسية عربية، أبلغوا دوريات أمن طرق المثلث بمحافظة وادي الدواسر، صباح أمس الاثنين، عن تعرضهم للسلب وسرقة مبلغ مالي كبير وجهازي جوال على طريق \"وادي الدواسر- نجران\"، من شخصين على سيارة هايلكس قبل أن يلوذا بالفرار.   وأضافت المصادر: سُجل بلاغ المقيم وحوّل لشرطة وادي الدواسر وتجاوبت سريعاً، وتم البحث والتحري وتتبع مواصفات السيارة وأوصاف الجناة في وقت قياسي للغاية؛ حيث ضُبط شخصان وتم التعرف إليهما من قبِل المبلغين مساء أمس الاثنين، وجارٍ استكمال إجراءات التحقيق معهما بمركز الشرطة. ",
    "date_extracted": "2015-08-04 18:28:08"
}