{
    "url": "http://sabq.org/gsDgde",
    "title": "لندن تنوي فرض غرامات على \"المتباهين بسياراتهم\"",
    "author": "سبق – وكالات:",
    "content": " سبق – وكالات: يعتزم مجلس لندن فرض إجراءات صارمة، تستهدف مالكي السيارات الرياضية الفارهة، التي تحدث ضوضاء في مقاطعة نايتسبريدج، وتسبب إزعاجًا للسكان.   وحسب موقع \" سكاي نيوز عربية\"، يشكو السكان في مقاطعة نايتسبريدج بلندن من أن مالكي هذه السيارات يتسابقون بها في أوقات متأخرة من الليل ويحدثون ضوضاء شديدة بمحركات سياراتهم الرياضية، التي تتنوع بين فيراري ولامبورجيني وبوجاتي.   ويخطط المجلس المحلي بالمدينة لتقديم مقترح خاص يحظر التسابق بالسيارات، أو إصدار ضوضاء شديدة بمحركاتها أو السير في مواكب أو تشغيل الموسيقى الصاخبة وغيرها من المخالفات، ومن المتوقع أن يقدم مجلس لندن القرار الخاص في سبتمبر بعد طرحه للمناقشة العامة. ",
    "date_extracted": "2015-08-03 20:36:15"
}