{
    "url": "http://sabq.org/0OCgde",
    "title": "صيانة 1200 مكيف وترميم 300 مبنى مدرسي بالرياض",
    "author": "عيسى الحربي- سبق- الرياض:",
    "content": " عيسى الحربي- سبق- الرياض: أنهت الإدارة العامة للتعليم بمنطقة الرياض صيانة التكييف في 1200 مبنى مدرسي من أصل 1800 مبنى تابع للإدارة، خلال شهري شعبان ورمضان الماضيين، فيما يستكمل حالياً ترميم 300 مبنى مدرسي.   وشارك مدير إدارة المباني المهندس سليمان العلوي في اجتماع لجنة الاستعداد للعام الدراسي القادم اجتماعها صباح اليوم الاثنين برئاسة محمد بن عبدالله المرشد المدير العام للتعليم بمنطقة الرياض بقاعة الاجتماعات الرئيسة بالإدارة.   وحضر الاجتماع نائب رئيس اللجنة مساعد المدير العام للشؤون المدرسية حمد الشنيبر وأعضاء اللجنة من مديري الإدارات والمشرفين التربويين.   وقال منصور بن إبراهيم الحسين عضو لجنة الاستعداد مشرف الإعلام التربوي: \"ناقش المشاركون في الاجتماع عدداً من الموضوعات، حيث تحدث رئيس قسم المقررات سعود الباز عن إيصال الكتب للمدارس\".   وأشار \"الباز\" إلى أن الإدارة قامت بإيصال الكتب للمرحلة الابتدائية للبنين، ولم يتم إيصال كتب المرحلة المتوسطة والثانوية بسبب عدم استلام كتب أكثر من مقرر للمرحلتين المتوسطة والثانوية، مما يتطلب إعادة إيصالها مرة أخرى رغم ما في هذا من زيادة المصاريف على الإدارة، حيث يتم إيصال الكتب من قبل المتعهد بناء على الرد.   وتعهد مدير المستودعات منصور الربيش بإيصال الكتب خلال 15 يوماً من وصولها إلى المستودعات، فيما يتوقع أن توزع الكتب الموجودة حالياً في المستودعات نهاية الشهر الحالي بعد الانتهاء من توزيع كتب المرحلة الابتدائية. ",
    "date_extracted": "2015-07-27 18:14:24"
}