{
    "url": "http://sabq.org/WqDgde",
    "title": "تعرف على شرط \"تعليم الليث\" للتنازل عن الهاكر \"مرجوج هزازي\"",
    "author": "عوض الفهمي- سبق- الليث:",
    "content": " عوض الفهمي- سبق- الليث: رفعت إدارة \"تعليم الليث\" تنازلها للشرطة عن الشاب \"تركي\" المعروف بالهاكرز \"مرجوج هزازي\"، شريطة أن يقدم تعهداً خطياً لدى الجهات المختصة بعدم تكرار ذلك السلوك مع إدارة التعليم أو غيرها، وأن يلتزم بأنظمة وتعليمات الدولة بهذا الخصوص.   وأبدى الشاب \"تركي\" اعتذاره لإدارة \"تعليم الليث\"، عبر حسابه على \"تويتر\"؛ جراء ما قام به من اختراق لأحد أنظمتها قبل فترة؛ حيث كانت إدارة التعليم قد تقدمت بطلب مقاضاته لدى الجهات المختصة؛ لما قام بنشره في وسائط التواصل الاجتماعي وفي إحدى القنوات الفضائية.   وقال الهاكر \"هزازي\" في تغريداته إنه بتواصله مع مدير \"تعليم الليث\"، اتضح له عدم صحة ما قام به من سلوك، حتى وإن كانت نيته طيبة تجاه الإدارة، مضيفاً أنه قدّم اعتذاره للإدارة واستعداده للتعاون معهم في أي شيء يحتاجونه منه، شاكراً مدير التعليم على ما لمسه من تعامل طيب تجاهه.   يُذكر أن \" تركي\" والمعروف بـ\"مرجوج هزازي\" تم القبض عليه بشرطة مطار الرياض أثناء توجهه إلى دبي مؤخراً، وتم التواصل مع الجهات الأمنية المختصة بالقضية.   وبالتواصل مع الناشط الحقوقي المختص بمتابعة قضية الشاب \"تركي\"، علي آل حطاب، أفاد أن قيام تركي بهذا التصرف كان ناتجاً عن صغر سنه وعدم إلمامه بالأنظمة والتعليمات، وأنه تراجع عن ذلك فور معرفته بخطئه، وقد أبدى أسفه لإدارة التعليم التي كانت بدورها متفهمة للوضع.   وأكد \"آل حطاب\" أنه وجد تجاوباً من قبل مدير \"تعليم الليث\" الذي أبدى استعداده للتنازل عنه مقابل تقديمه تعهداً خطياً بعدم تكرار ذلك، مؤكداً أن الشاب \"تركي\" كان في طريقه إلى دبي؛ لإجراء مقابلة شخصبة مع إحدى الشركات الكبرى هناك، والتي ترغب في الاستفادة من خدماته، لكنه تم القبض عليه أثناء سفره بمطار الرياض وأودع التوقيف.   وأكد مدير \"تعليم الليث\" مرعي البركاتي أن إدارة التعليم يهمّها في المقام الأول بحكم رسالتها التربوية تعديل السلوك الخاطئ، وعدم التلاعب بالبيانات التي تم الاطلاع عليها من قبل الهاكر \"تركي\"، مؤكداً أن \"تركي\" سيظل ابناً من أبنائنا يحمل مهارة ينبغي تشجيعها وتوجيهها التوجيه الصحيح الذي يحقق استثمارها، وهذا ما تسعى له وزارة التعليم وإدارة التعليم بالليث. ",
    "date_extracted": "2015-08-03 20:35:42"
}