{
    "url": "http://sabq.org/cyDgde",
    "title": "شاهد.. فتاة تؤدب متحرشاً بعصا مكنسة في سوق بالدمام",
    "author": "سبق- الدمام:",
    "content": " سبق- الدمام: تداول مغردون على موقع التواصل الاجتماعي مقطع فيديو لفتاة تؤدب شاباً حاول التحرش بها، حيث قامت بضربه بعصا المكنسة.   ويظهر الفيديو الفتاة وهي تلاحق المتحرش في أحد الأسواق وتنهال عليه ضرباً بعصا مكنسة، أمام المَارة، فيما فرّ الشاب هارباً.   ولم يتبين في مقطع الفيديو تاريخ وقوع الحادثة أو تفاصيل أكثر عنها.         ",
    "date_extracted": "2015-08-04 18:27:21"
}