{
    "url": "http://sabq.org/4fDgde",
    "title": "بالفيديو .. الأهلي يعلن تعاقده مع \"ميسي اليونان\"",
    "author": "محمد أبو شعر- سبق:",
    "content": " محمد أبو شعر- سبق: أعلنت إدارة النادي الأهلي عبر حسابها في موقع التواصل الاجتماعي \"تويتر\"، أنها أنهت إجراءات التعاقد مع اللاعب الدولي اليوناني جيانيس فيتفاتزيدس كمحترف رابع أجنبي ينضم للكتيبة الأهلاوية قادماً من نادي جنوى الإيطالي، بعقد يمتد لعامين مع أفضلية التوقيع لعامين آخرين.   ويتميز اللاعب بقدرته على اللعب خلف المهاجم والميل على اللعب في الأطراف مع دقة تمريراته ومهاراته الفردية العالية وإجادته للتسديدات في الوضعية المتحركة.   وعرفت موهبة اللاعب في اليونان وكانت شهرته فيها \"ميسي اليونان\"، وانضم خلال مسيرته إلى منتخب بلاده الأول وهو في سن 19 عاماً شارك خلالها في كأس العالم وتصفياته والتصفيات الأوروبية برصيد مباريات دولية يتجاوز 25 مباراة.   وكان اللاعب في الموسمين الأخيرين محط أنظار قطبي ميلان ونادي اليوفي وفي وقت سابق قدم له عرض رسمي من نادي الإنتر بمبلغ 14 مليون يورو في عرض رفضته وقتها إدارة جنوى لحاجتها إلى اللاعب.   وبذلك تكمل إدارة النادي ملفات اللاعبين غير السعوديين بعد أن تمت في الأسابيع الماضية إجراءات انتقال اللاعب السويدي نبيل بهوي، مع استمرار الثنائي العربي، السوري عمر السومة والمصري محمد عبد الشافي للموسم الثاني على التوالي.     ",
    "date_extracted": "2015-07-31 22:26:44"
}