{
    "url": "http://sabq.org/0eDgde",
    "title": "بالصور.. رابع طائرات السعودية الإغاثية تصل مطار عدن مُحَمّلة بـ10 أطنان",
    "author": "عبدالحكيم شار، (تصوير: عبدالملك سرور)- سبق- عدن:",
    "content": " عبدالحكيم شار، (تصوير: عبدالملك سرور)- سبق- عدن: وصلت الطائرة الإغاثية السعودية الرابعة إلى مطار عدن الدولي، اليوم الجمعة، مُحَمّلة بـ10 أطنان من المستلزمات الطبية لمرضى الفشل الكلوي، يرافقها فريق إغاثي من مركز الملك سلمان للإغاثة والأعمال الإنسانية وفريق من منظمة \"أطباء عبر القارات\".   وتأتي هذه المساعدات إنفاذاً لتوجيهات خادم الحرمين الشريفين الملك سلمان بن عبدالعزيز آل سعود -حفظه الله- بتقديم مساعدات عاجلة للشعب اليمني الشقيق، وأمر صاحب السمو الملكي الأمير محمد بن سلمان بن عبدالعزيز ولي ولي العهد النائب الثاني لرئيس مجلس الوزراء وزير الدفاع، بتأمين طائرات شحن تابعة لقيادة القوات الجوية السعودية؛ لتسيير جسر جوي لنقل المساعدات الإغاثية والإنسانية التي يقدّمها مركز الملك سلمان للإغاثة والأعمال الإنسانية.     وأوضح المتحدث الرسمي للمركز رأفت الصباغ، أن هذه الرحلة المخصصة للمواد والمستلزمات والأدوية والمحاليل الطبية لمرضى غسيل الكلى، تأتي ضمن برنامج خُصص لذلك؛ مشيراً إلى أن الجسر الإغاثي مستمر ضمن خطط وبرامج أعدت لهذا الغرض، بالتنسيق مع اللجنة العليا للإغاثة التابعة للحكومة الشرعية اليمنية، وخلية الإجلاء والعمليات الإنسانية بوزارة الدفاع، وبإشراف ومتابعة مباشرة من المستشار بالديوان الملكي المشرف العام على مركز الملك سلمان للإغاثة والأعمال الإنسانية الدكتور عبدالله بن عبدالعزيز الربيعة.   وأبان \"الصباغ\"، في تصريح صحفي اليوم، أن المواد الطبية التي وصلت على متن هذه الطائرة، ستُوَزّع على المستشفيات والمراكز الطبية في اليمن؛ بما يضمن وصولها لمستحقيها.  \n \n  \n \n  \n \n  \n \n  \n \n  \n \n  \n \n  \n \n  \n \n  \n \n  \n \n  \n \n  \n \n  \n \n  \n \n  \n \n  \n \n  \n \n  \n \n  \n \n  \n \n  \n \n  \n \n  \n \n  \n \n  \n ",
    "date_extracted": "2015-07-31 19:27:13"
}