{
    "url": "http://sabq.org/ysDgde",
    "title": "6 ملايين معتمر وصلوا إلى المملكة خلال موسم العمرة",
    "author": "خالد الشاماني- سبق- المدينة المنورة:",
    "content": " خالد الشاماني- سبق- المدينة المنورة: وصل قرابة ستة ملايين معتمر إلى المملكة خلال موسم العمرة وحتى نهاية شهر رمضان المبارك 1436هـ.   وقد بلغ عدد المعتمرين نحو خمسة ملايين و949 ألف زائر، ويعود العدد الأكبر من هذا الرقم لجمهورية مصر وباكستان.   وكانت الرئاسة العامة لشؤون المسجد الحرام والمسجد النبوي قد هيأت الأجواء المناسبة للمعتمرين طوال موسم العمرة في المسجد الحرام والمسجد النبوي؛ مما أتاح لهم أداء عبادتهم بكل يسر وسهولة.   وتستمر الرئاسة العامة لشؤون المسجد الحرام والمسجد النبوي في تقديم أرقى الخدمات لمرتادي الحرمين الشريفين في كل وقت. ",
    "date_extracted": "2015-08-03 20:34:40"
}