{
    "url": "http://sabq.org/wRCgde",
    "title": "الحكم بالإعدام على سيف الإسلام القذافي والسنوسي والبغدادي",
    "author": "سبق- وكالات:",
    "content": " سبق- وكالات: أصدرت محكمة في طرابلس تابعة لميليشيات \"فجر ليبيا\" حكماً بالإعدام على سيف الإسلام القذافي، ورئيس المخابرات السابق عبد الله السنوسي، والبغدادي المحمودي، وآخرين. ",
    "date_extracted": "2015-07-31 04:39:45"
}