{
    "url": "http://sabq.org/TL1aCd",
    "title": "تفكيك هيكل",
    "author": " عادل الماجد ",
    "content": " أصدر المفكِّر العراقي د. سيّار الجميل قبل سنوات كتاباً، فكّك فيه المؤرخ المصري د. محمد حسنين هيكل، في كتاب أسماه (تفكيك \"هيكل\").   ومما ساعد د. سيّار في تفكيك \"هيكل\" أن تركيب إنتاج هيكل من المركب البسيط الذي يسهل تفكيكه؛ فهو رغم غزارة إنتاجه، وقربه من الأحداث السياسية منذ الملكية حتى اليوم، عدا بعض سنوات السادات، ورغم أن الاستخبارات المصرية في خدمته دوماً، إلا أنه تفكك في عدد من النقاط، أهمها ثلاث نقاط:  1- كل توقعاته فشلت منذ الأربعينيات الميلادية: توقع استمرار الملكية في مصر فسقطت بعد ثلاث سنوات. وتوقع اكتساح الشيوعية لأوروبا وانكفاء أمريكا إلى الداخل وحدث عكس ذلك؛ إذ سقطت الشيوعية وانفتحت أمريكا على العالم. وتوقع سقوط الملكيات في العالم العربي ليحل محلها اليسار العربي فاستقرت الملكيات، وانزاح كابوس اليسار حتى من المعارضة. وعشرات التوقعات التي وقع عكسها.    2- ليس لديه شجاعة المفكرين وتحمُّل قناعاته؛ فموجاته أكثر من موجات الراديو، وأسرع تبدلاً منها؛ فتموج مع قيام أي متغير سياسي؛ فكان معجباً بالملكية في مصر، ثم معجباً بانقلاب يوليو 52م، والثورة المفتعلة بعده، وأُعجب بعدم تدخل مصر بشؤون الدول في الخمسينيات، ثم أعجب بدور مصر العظيم كما أسماه في القضاء على البرجوازية في العالم العربي بالتدخل حتى بالجيش كما في اليمن، وهلل للوحدة مع سوريا، ثم هلل للانفصال، واعتبر الحرب مع \"المحتل الإسرائيلي\" هي معركة الأبد لرمي اليهود في البحر، وأن فلسطين من النهر للبحر، وعاد بعد سنوات ليثبت أن السلام مع إسرائيل هو الحل الوطني والقومي، وأيد العراق في دخول الكويت، وقال إنه بداية لتغيير شامل في الخليج والمغرب والأردن، لكنه تدارك نفسه لما رأى أن السياسة المصرية مع إخراجه ولو بالقوة، واعتبر \"صدام\" يهدد الوجود العربي كله.. أما تبدُّل مواقفه من الربيع العربي فهو لا يحتاج للتذكير؛ فهو مع كل رئيس جديد، ويخدم كل قوى تحكم ولو على حساب الحقيقة.   3- غالب كتبه تصدر بعد موت شهوده؛ فهو يستدل دوماً بالأموات الذين يشهدون لصدق معلوماته، ويثنون على مواقفه البطولية.. بل لا يكاد يموت \"سياسي\" أو \"مفكر\" عالمي حتى يذكر لنا \"هيكل\" أنه اجتمع معه على مأدبة، وتناقشا في قضايا كثيرة.. والغريب أنه لا يقابل إلا الراحلين من الشخصيات، ولا يمدحه إلا الأموات من عباد الله.   لهيكل أن يؤلف ويكتب ويبغض أهل الخليج كما يحلو له، ولمريديه أن يصفقوا له، ويعبِّروا عن غضبهم من أجله.. وأقل حقوقنا تفكيك هيكل رغم كثرة \"صواميله\".  ",
    "date_extracted": "2015-07-27 18:15:26"
}