{
    "url": "http://sabq.org/ijDgde",
    "title": "\"الشمراني\" يحتفل بزواجه",
    "author": "سبق- باشوت:",
    "content": " سبق- باشوت: احتفل الشاب أحمد بن عبدالعزيز آل ساهر الشمراني، بزواجه من كريمة -المغفور له بإذن الله- أحمد بن عبدالخالق آل أحمد الشمراني؛ في قاعة الأسطورة بمدينة باشوت، مساء أمس . ",
    "date_extracted": "2015-08-01 20:38:11"
}