{
    "url": "http://sabq.org/etDgde",
    "title": "‏الطائف تتأهب لانطلاق \"سوق عكاظ 9\".. برعاية \"سبق\"",
    "author": "سبق- الطائف:",
    "content": " سبق- الطائف: انتهت محافظة الطائف من الاستعدادات والتحضيرات النهائية لانطلاق النسخة التاسعة من سوق عكاظ (1436هـ 2015م)، التي ترعاها \"سبق\" إلكترونياً، في ظل مشاركة واسعة للجهات الحكومية المعنية.   وكان محافظ الطائف فهد بن معمر قد ترأس الاجتماع الثالث للجنة التنفيذية لسوق عكاظ الذي ناقش حفل الافتتاح، ومهام الجهات الحكومية الأمنية والخدمية ذات العلاقة بالسوق، فضلاً عن استعراض برامج السوق والفعاليات.   وقال \"بن معمر\": \"الأمير خالد الفيصل مستشار خادم الحرمين الشريفين أمير منطقة مكة المكرمة ورئيس اللجنة الإشرافية لسوق عكاظ أصدر تعليماته بتوفير كافة الدعم للمشاريع الجديدة التي يشهدها السوق هذا العام، علماً بأن الطائف تسعد باستقبال زوارها وضيوفها من المثقفين، الأدباء، المفكرين، والإعلاميين\".   وأضاف: \"خطة العمل التنفيذية لسوق عكاظ في نسخته التاسعة ركزت على عدد من الأهداف تشمل، إبراز الدور التاريخي والحضاري والثقافي للملكة العربية السعودية، وتنمية وتطوير المشروع الاستثماري لهيئة السياحة والآثار، وتطوير البنية الأساسية للسوق، وتهيئة المواقع الأثرية في السوق كوجهة سياحية جاذبة، وإنشاء قاعدة معلومات، ووضع نظام إداري ومالي للسوق\".   وأردف: \"نثمن جميع الجهات الحكومية الأمنية والخدمية في محافظة الطائف لدعم نجاح سوق عكاظ، عبر تقديمها مجموعة من الخدمات المساندة، مشيراً إلى دعم الهيئة العامة للسياحة والتراث الوطني الخطة التنفيذية، بالموارد البشرية والمالية، حيث تحرص على أن يكون سوق عكاظ الوجهة السياحية الأولى للملكة العربية السعودية على المستوى العربي والعالمي، كما تعمل على إجراء تقويم دوري للبرامج والفعاليات المنفذة في السوق\".   وتابع: \"(مركز ماس) التابع لهيئة السياحة والتراث الوطني يتولى مسؤولية إجراء الدراسات والإحصائيات لسوق عكاظ سنوياً، ونشيد بمشاركة إدارة الدفاع المدني في تأمين وسائل السلامة لموقع السوق وأنشطته وبرامجه وخلال فترة السوق، فيما أمنت مديرية الشؤون الصحية عيادات متنقلة مجهزة لخدمة الزوار، إلى جانب توفير فرق إسعافية مجهزة من الهلال الأحمر\".   وأشار \"بن معمر\" إلى مشاركة فرع وزارة المياه في الطائف في تأمين المياه لموقع السوق خلال فترة فعاليات سوق عكاظ، وإيصال الشركة السعودية للكهرباء التيار الكهربائي لموقع السوق حسب الأحمال المطلوبة، وتأمين شركة الاتصالات السعودية خطوط هاتف خلال فترة فعاليات السوق.   هذا وقد نفذت أمانة محافظة الطائف عدداً من المشاريع في موقع السوق، وتشمل صيانة وتجهيز البوابة الجديدة لسوق عكاظ، ونافورة المدخل، وممرات واستراحات الزوار أثناء تجولهم داخل السوق وتمتد على مساحة تقدر بـ40 ألف متر مربع من المسطحات الخضراء، فضلا عن تطوير وصيانة جادة عكاظ، وإنشاء شبكة للري، وتجهيزمواقف سيارات على مساحة (200×200 متر مربع) إلى جوار مدخل السوق الشرقي.   وأقرت الهيئة العامة للسياحة والتراث الوطني تقديم الدعم الإداري لسوق عكاظ، حيث سيساهم عدد من منسوبي المركز الرئيس وفرع الهيئة في محافظة الطائف في تنظيم فعاليات سوق عكاظ المختلفة، من خلال المشاركة في اللجان المعنية، كما يعمل المدير التنفيذي للسوق على تنسيق أعمال تلك اللجان.   وتعمل الهيئة على تنفيذ مجموعة من الأعمال الهادفة إلى إنجاح سوق عكاظ هذا العام، تشمل تنفيذ أنشطة تسويقية لمساندة السوق وتحقيق الجذب السياحي من خلال مراكز المعلومات السياحية، والهاتف السياحي، ورسائل الجوال.   واعتمدت الهيئة العامة للسياحة والتراث الوطني تنفيذ مجموعة من الأنشطة التسويقية مساندة للجهود التي تنفذها لجان السوق، بهدف الإسهام في زيادة الجذب السياحي للسوق.   وتشمل هذه الخطة نشر مقالات وتقارير إعلامية في وسائل الإعلام المختلفة والوسائل التابعة للهيئة، والنشر في المجلات المتخصصة الصادرة من الهيئة مثل: ترحال وسياحة سعودية وفويجر، إلى جانب التوثيق الإعلامي لأنشطة السوق\".   جدير بالذكر أن الهيئة دعمت البرامج السياحية الخاصة بسوق عكاظ، عبر التنسيق مع منظمي الرحلات السياحية لتسيير رحلات سياحية من مناطق المملكة لزيارة السوق، ومحافظة الطائف أثناء تنظيم فعاليات السوق، مع تقديم الدعم الفني والتسويقي للمنظمين لضمان نجاح تلك الرحلات. ",
    "date_extracted": "2015-08-03 20:34:21"
}