{
    "url": "http://sabq.org/mtDgde",
    "title": "\"مستشفى تيماء\": نقلنا 522 مريضاً لمستشفيات متخصصة",
    "author": "بدر الجبل- سبق- تيماء:",
    "content": " بدر الجبل- سبق- تيماء: كشفت مستشفى تيماء العام أنها نقلت 522 مريضاً لتلقى العلاج في مستشفيات متخصصة خارج المنطقة، بمعدل 87 حالة شهرياً، خلال النصف الأول من عام 2015، في حين تعامل طاقمها مع 39 ألف مراجع في ذات الفترة.   وأوضح مدير مستشفى تيماء العام عبدالعزيز سليمان الشولي، أن المستشفى العام أنجز خلال النصف الأول، من  الفترة من 1 يناير إلى 30 يونيو من العام 2015م، خدمة 39225 مراجعاً للطوارئ والعيادات منهم 22042 تمت خدمتهم في قسم الطوارئ، بمعدل 3674 مريضاً  شهرياً، و 17183 قدمت لهم الخدمات العلاجية في العيادات الخارجية بمعدل 2864 مراجعاً شهرياً.   وأضاف: \"نوّم في المستشفى 1466 مريضاً بمعدل 244 منوماً شهرياً، كما بلغ عدد إجراء العمليات الجراحية للمرضى 320 عملية جراحية بمعدل 53 عملية شهرياً، فيما ولد خلال النصف الأول للعام  297 مولوداً، وبمعدل 50 ولادة في الشهر.   وتابع \"الشولي\": بلغ عدد الفحوصات الإشعاعية 8657 فحصاً شهرياً  1443 فحصاً، والفحوصات المخبرية 210937 فحصاً، وبمعدل 35156 فحصاً شهرياً، وتم تحويل 522 مريضاً لتلقي العلاج في مستشفيات متخصصة خارج المنطقة بمعدل 87 شهرياً، ومتوسط نسبة إشغال الأسرّة 35% شهرياً.   وأوضح أن عدد القوى العاملة بالمستشفى شمل ثلاثة أطباء استشاريين، و18 طبيباً أخصائياً، كذلك 23 طبيباً مقيماً، وخمسة أخصائيين، و198 ممرضاً، و60 فنياً و55 إدارياً، و16 صيدلياً، وبلغ عدد عمال عقود التشغيل والصيانة والتغذية 204 عمال. ",
    "date_extracted": "2015-08-03 20:36:26"
}