{
    "url": "http://sabq.org/myDgde",
    "title": "متنزهات وحدائق الباحة تتألق بأجواء رائعة وفعاليات متنوعة",
    "author": "سبق- الباحة:",
    "content": " سبق- الباحة: تشهد مدينة الباحة ومتنزهات رغدان والأمير مشاري، والشكران، والخلب، والثروة بالقرى، وحديقة بلخزمر، وأماكن الاستقطاب الصيفي بمنطقة الباحة والمحافظات التابعة لها، إقبالا كبيرا من المصطافين والزوار، وسط أجواء ربيعية ونسمات باردة عليلة.   وأقيمت عشرات الفعاليات الثقافية، والتراثية، والشعبية، والفنية، والرياضية، التي تقام في تلك المواقع وغيرها، فيما تواصل قوافل المصطافين توافدها للمنطقة وسط زخات المطر، والضباب، التي تشهدها المنتزهات.   ويشهد صيف هذا العام شهد زيادة في أعداد السياح مقارنة بالأعوام السابقة، من مختلف مدن ومناطق المملكة ودول الخليج العربي، فيما تستمر كافة الإدارات والمؤسسات والقطاعات المعنية، في تقديم كافة منظوماتها الخدمية للسياح والمصطافين القادمين إلى المنطقة.   وأكد مدير إدارة التطوير السياحي بإمارة منطقة الباحة، سعيد بن ناصر بن ريحان، أن المنطقة تشهد حاليا بفضل من الله ودعم مستمر من أمير المنطقة الأمير مشاري بن سعود، ومتابعة مستمرة وحثيثة وميدانية من وكيل الأمير الدكتور حامد بن مالح الشمري عددا من المشاريع السياحية التي سيكون لها دورها المستقبلي في الجذب السياحي في الأعوام القادمة.   وأشار إلى تنوع فعاليات الصيف التي تلبى كافة رغبات وشرائح المجتمع، كمهرجان العسل والألعاب الترفيهية وحديقة الحيوانات، ومهرجان التسوق والترفيه، ومعارض الأسر المنتجة، والقرى التراثية، والدورات والمسابقات الرياضية.         ",
    "date_extracted": "2015-08-04 18:27:12"
}