{
    "url": "http://sabq.org/olDgde",
    "title": "هندية تصارع تمساحاً بأواني الطهو والملاعق بعدما أمسك ساقها",
    "author": "سبق- وكالات:",
    "content": " سبق- وكالات: صارعت ربة منزل في شرق الهند تمساحاً باستخدام أواني الطهو، حسبما أفاد مسئولون هنود.   كانت سابيتري سامال (37 عاماً) تغسل الصحون في مجرى مائي بالقرب من منزلها بمنطقة كيندرابارا بولاية أوريسا عندما اندفع تمساح عملاق نحوها.   وحسب وكالة الأنباء الألمانية \"د ب أ\"، قال بي كي باتنايك، مسؤول كبير في شؤون الغابات، في تصريح عبر الهاتف من كيندرابارا: \"قبض التمساح على الساق اليمنى (للمرأة) لكنها صدّت هذا الهجوم الشرس\".   وأضاف: \"قالت إنها ضربت التمساح على رأسه وعينيه بوعاء من الألمنيوم وملعقة خشبية وتركها بعد هذا الصراع\".   وصرخت سامال؛ مطالبة بالمساعدة من الناس حولها الذين هرعوا إلى مكان الحادث ونقلوها إلى المستشفى.   وهناك موجة من هجمات التماسيح في القرى الواقعة حول حديقة بهيتاركانيكا، بحسب المسؤولين.. ولقي اثنان من القرويين حتفهما في مثل تلك الهجمات خلال الأشهر القلائل الماضية. ",
    "date_extracted": "2015-08-02 23:22:28"
}