{
    "url": "http://sabq.org/6pDgde",
    "title": "شاهد.. مدن العالم وكأنك طائر محلّق أعلاها!",
    "author": "مروان المريسي- سبق- متابعة:",
    "content": " مروان المريسي- سبق- متابعة: تتجول مجموعة من المصورين الروس، أطلقوا على أنفسهم اسم \"AirPano\" حول العالم لالتقاط صور جوية بانورامية تحبس الأنفاس.   يهدف هؤلاء المصوّرون إلى جعل المشاهد يرى هذه الصور كما لو كان طائراً محلقاً أعلاها، ويستخدم هؤلاء المصورون طائرات هيلوكوبتر، كما يستخدمون طائرات \"درون\" يتم التحكم بها عن بعد، فضلاً على استخدامهم المناطيد أحياناً، ويمكن الاطلاع على المزيد من صورهم عبر موقعهم الإلكتروني: airpano.com                 ",
    "date_extracted": "2015-08-02 23:22:24"
}