{
    "url": "http://sabq.org/usDgde",
    "title": "تكريماً للأسد \"سيسل\" إمباير ستيت\" يضيء بصور الحيوانات المهددة بالانقراض",
    "author": "أحمد علي- سبق- القاهرة:",
    "content": " أحمد علي- سبق- القاهرة: اختارت نيويورك أن تكرم الأسد سيسل وغيره من الأنواع المهددة بالانقراض على طريقتها الخاصة، فقامت بعرض صور للحيوانات المهددة على واجهة مبنى \"إمباير ستيت\"، وهو واحد من أهم العوامل السياحية بها، وعبارة عن  ناطحة سحاب ضمن الأشهر بنيويورك،  في سياق تصوير الفيلم الوثائقي الجديد لقناة ديسكفري، \"سباق الانقراض\"، والمقرر عرضه في ديسمبر، وهو فيلم وثائقي لتسليط الضوء على الحيوانات المهددة بالانقراض.   والعرض ليوم واحد، وهو جزء من البرنامج الترويجي للفيلم الوثائقي القادم عن الحيوانات المهددة بالانقراض، وضم  الطيور والنمور والدببة على المبنى، بالإضافة إلى صور الأسد سيسيل الأسد، الذي أعلنت السلطات أنه قتل في زيمبابوي، بصورة غير قانونية من قبل طبيب أمريكي في مطلع الشهر الجاري.   تم عرض صور الحيوانات على طول 106 أمتار، وسط حشود ضخمة من المشاهدين والسائحين الذين توقفوا لالتقاط الصور للحيوانات المهددة بالانقراض، وشمل العرض 160 نوعاً من الحيوانات، بما فيها ثدييات بحرية وحشرات، واستغرقت مدة العرض ثماني دقائق، وكان يكرر كل 15 دقيقة، وأمكن رؤية الحيوانات على واجهة المبنى من مسافة 20 مبنى تقريباً، وتم استخدم أكثر من 40 جهاز عرض كبيراً لإظهار بريق الصور على واجهته.       ",
    "date_extracted": "2015-08-03 20:36:13"
}