{
    "url": "http://sabq.org/ytDgde",
    "title": "اعتماد أسماء المقبولين على وظائف برامج التشغيل الذاتي بـ \"صحة الباحة\"",
    "author": "ياسر العتيبي- سبق- الباحة:",
    "content": " ياسر العتيبي- سبق- الباحة: اعتمد مدير عام الشؤون الصحية بمنطقة الباحة الدكتور غرم الله بن عبدالله سدران، بحضور مدير إدارة برامج التشغيل الذاتي بصحة الباحة راشد بن علي الزهراني أسماء المقبولين على وظائف برامج التشغيل الذاتي بالمنطقة.   وأوضح مدير إدارة العلاقات العامة والإعلام والتوعية الصحية بالمنطقة محمد بن علي سليمان، أن المدير العام وجه باستكمال إجراءات تعيينهم بأسرع وقت لينضموا إلى زملائهم العاملين في المستشفيات وليكونوا دعماً للخدمات الصحية بالمنطقة.    وبلغ عدد تلك الوظائف واحد وتسعون وظيفة في عدد من التخصصات الطبية، شملت \"التمريض\" بخمسة وعشرين وظيفة، ذكور وإناث \"أخصائيون وفنيون\" وشملت تخصصات \"الإسعاف والطوارئ\" بعشرين وظيفة وعدد من التخصصات الأخرى كالعمليات والرنين المغناطيسي والمختبرات والأسنان والتعقيم والفيزياء الطبية والوبائيات والعلاج الطبيعي والبصريات والتخصصات النفسية والاجتماعية والتغذية. ",
    "date_extracted": "2015-08-03 20:34:09"
}