{
    "url": "http://sabq.org/0jDgde",
    "title": "\"البدراني\" يحتفل بزواجه",
    "author": "سبق- الرس:",
    "content": " سبق- الرس: احتفل الشاب نايف بن فايز بن راجح البدراني، بزواجه من كريمة عِوَض حمدان الشعيلي بمحافظة الرس، بحضور مشايخ قبائل ووجهاء، وأقارب وأصدقاء العريس.   \"سبق\" تهنئ \"البدراني\"، وتتمنى له حياة زوجية سعيدة. ",
    "date_extracted": "2015-08-01 20:38:07"
}