{
    "url": "http://sabq.org/qdDgde",
    "title": "نائب الملك يواسي أبناء الشريف الفعر في وفاة أخيهم \"منصور\" بالطائف",
    "author": "فهد العتيبي - سبق - الطائف :",
    "content": " فهد العتيبي - سبق - الطائف : بعث صاحب السمو الملكي الأمير محمد بن نايف بن عبدالعزيز ولي العهد، نائب رئيس مجلس الوزراء، وزير الداخلية، برقية عزاء لأبناء الشريف سلطان الفعر، في وفاة شقيقهم منصور بن سلطان الشريف والذي وافته المنية يوم السبت الماضي، وصُليَ عليه في المسجد الحرام، ودفن في مقابر المعلاه .    وجاء في برقية سموه : نسأل الله تعالي أن يشمله بمغفرته ورضوانه ويسكنه فسيح جناته وأن يلهمكم والأسرة جميل الصبر والسلوان، و\"إنا لله وإنا إليه راجعون\" .   من جانب آخر عبّر أبناء الشريف سلطان الفعر وأبناء الفقيد عن شكرهم وتقديرهم على هذه اللفتة الكريمة من صاحب السمو الملكي الأمير محمد بن نايف بن عبدالعزيز ولي العهد نائب رئيس مجلس الوزراء وزير الداخلية، سائلين المولى عز وجل أن يديم عليه نعمة الصحة والعافية وأن يديم على هذه البلاد أمنها وعزها إنه سميع مجيب.   وكانَ قد تلقى اللواء متقاعد الشريف أحمد بن سلطان الفعر، اتصالاً هاتفيًا من الأمير خالد الفيصل أمير منطقة مكة المكرمة ومستشار خادم الحرمين الشريفين، للمواساة في أخيه الشريف منصور بن سلطان الفعر .    ودعا سموه الكريم له بالمغفرة والرحمة وتعازيه لإخوان الفقيد وأبنائه وجماعته الاشراف بالطائف، فيما شكر الشريف أحمد الفعر هذه اللفتة الكريمة من سموه الكريم، وقال: كان لها كبير الأثر في تخفيف مصابنا في أخينا الشريف منصور، وهذا ليس غريبًا على هذه الأسرة المباركة الكريمة، والأمير خالد الفيصل سباق لكل خير، ندعو الله سبحانه وتعالى أن يحفظه ويسدد خطاه ويجعلها في موازين حسناته .   وكان قد انتقل إلى رحمة الله تعالى، الشريف منصور بن سلطان الفعر، يوم السبت الماضي، وصُليَ عليه الأحد بعد صلاة الظهر في المسجد الحرام.    ويُذكر أن الشريف منصور من الشعراء والأدباء الذين أثروا الساحتين الأدبية والثقافية، وصاحب دار الشريف للطباعة والنشر، وكان أحد أعضاء نادي جدة الأدبي. ",
    "date_extracted": "2015-07-31 04:37:58"
}