{
    "url": "http://sabq.org/WrDgde",
    "title": "خادم الحرمين يهنئ حاكم عام جامايكا بذكرى استقلال بلاده",
    "author": "واس - الرياض:",
    "content": " واس - الرياض: بعث خادم الحرمين الشريفين الملك سلمان بن عبدالعزيز آل سعود برقية تهنئة لفخامة الرئيس باتريك ألين حاكم عام جامايكا بمناسبة ذكرى استقلال بلاده.   وأعرب الملك باسمه واسم شعب وحكومة المملكة العربية السعودية عن أصدق التهاني وأطيب التمنيات بالصحة والسعادة لفخامته، ولحكومة وشعب جامايكا الصديق اطراد التقدم والازدهار. ",
    "date_extracted": "2015-08-03 20:34:57"
}