{
    "url": "http://sabq.org/4mDgde",
    "title": "\"تنبيه متقدم\" .. تشكيلات سحب رعدية ماطرة بالطائف",
    "author": "فهد العتيبي- سبق- الطائف:",
    "content": " فهد العتيبي- سبق- الطائف: أطلقت مصلحة الأرصاد وحماية البيئة تنبيهاً متقدماً عن تشكيلات من السحب الرعدية الممطرة، ستتكوّن - بإذن الله - على محافظة الطائف اليوم.   وأكّد المتحدث الاعلامي بالإدارة العامة للدفاع المدني بمحافظة الطائف العقيد ناصر بن سلطان الشريف، وصول تنبيه متقدم من مصلحة الأرصاد وحماية البيئة عن تشكيلات من السحب المنخفضة والمتوسطة الارتفاع يتخللها سحب رعدية ممطرة مصحوبة بنشاط في الرياح السطحية على محافظة الطائف ومرتفعات المنطقة.   وكانت الطائف قد شهدت أمس، أمطاراً خفيفة؛ أسهمت في تلطيف الأجواء الصيفية، وأنعشت الحركة السياحية لديها التي تُلاقي إقبالاً مُتزايداً نظير المقومات التي تتمتع بها. ",
    "date_extracted": "2015-08-02 23:22:13"
}