{
    "url": "http://sabq.org/QnDgde",
    "title": "أوقاف الراجحي تختتم برنامجها السنوي لدعم رواتب المعلمين بجمعيات تحفيظ القرآن الكريم",
    "author": "سبق- الرياض:",
    "content": " سبق- الرياض: أنهت إدارة أوقاف صالح عبدالعزيز الراجحي تنفيذ برنامجها السنوي لدعم الجمعيات الخيرية لتحفيظ القرآن الكريم، للعام الدراسي (1435هـ- 1436هـ)، وذلك بالتكفل برواتب المعلمين والمعلمات في جمعيات تحفيظ القرآن الكريم في مختلف مناطق المملكة، بالإضافة إلى إكمال تنفيذ برنامج دعم برامج وأنشطة حلقات جامع الراجحي بحي الملك فهد بمدينة الرياض بتكلفة تزيد عن (5.5) خمسة ملايين وخمسمائة ألف ريـال.   صرّح بذلك الأستاذ عبدالسلام بن صالح الراجحي الأمين العام لإدارة الأوقاف، مؤكداً حرص إدارة الأوقاف على تشجيع حفظ كتاب الله الكريم وتعلمه وفهمه، وذلك دعماً للمسيرة الخيّرة لهذه الجمعيات المباركة، وامتثالاً لقول رسولنا الكريم صلى الله عليه وسلم: (خيركم من تعلم القرآن وعلمه).   وأوضح الراجحي أن هذه المساهمة شملت عدداً من البرامج التي تعنى بحفظ القرآن الكريم وتعلمه حيث شمل الدعم تكفل إدارة الأوقاف برواتب (703) معلمين ومعلمات لمدة سنة دراسية كاملة في (112) جمعية خيرية لتحفيظ القرآن الكريم على مستوى مناطق المملكة، بالإضافة لدعم رواتب (48) معلماً وإدارياً لحلقات تحفيظ القرآن الكريم بجامع الراجحي بحي الملك فهد بالرياض، ورعاية أنشطتها بما فيها الدورة الصيفية المكثفة، وسداد إيجار الدور النسائية لتحفيظ القرآن الكريم التابعة لمجمع حلقات جامع الشيخ صالح الراجحي بحي الملك فهد.   وبيّن الراجحي أن إدارة الأوقاف تواصلت مع الجمعيات الخيرية لتحفيظ القرآن الكريم على مستوى المملكة، بطلب ترشيح عدد من معلمي ومعلمات كل جمعية بحسب نسبة أعداد المعلمين والدارسين فيها إلى العدد الإجمالي للمعلمين على مستوى المملكة، حيث يتم دعم رواتبهم لمدة عام دراسي كامل.   وأشار الراجحي إلى المشروعات التي قامت بها إدارة الأوقاف في مجالات تعليم ونشر وخدمة كتاب الله الكريم من خلال إنشاء المجمعات التعليمية لتحفيظ القرآن الكريم للبنين والبنات وإدارة وتشغيل مدارس الصالحية الأهلية للبنين والبنات في محافظة جدة، بالإضافة إلى تنفيذ برنامج نشر المصحف الشريف الذي يعنى بطباعة المصحف الشريف وتوزيعه مجاناً على المسلمين في عدد من دول العالم بالتنسيق مع سفارات المملكة العربية السعودية في الخارج بتكلفة إجمالية لهذه المشروعات بلغت (92.3) مليون ريـال   واختتم الراجحي تصريحه بحمد الله وشكره أن يسر لإدارة الأوقاف ما يعينها على تقديم خدماتها الخيرية التعليمية والدعوية والاجتماعية في بلادنا المباركة في ظل ما نعيشه من أمن ورخاء بقيادة خادم الحرمين الشريفين وسمو ولي عهده الأمين وسمو ولي ولي العهد حفظهم الله، كما قدم شكره وتقديره لوزير الشؤون الإسلامية والأوقاف والدعوة والإرشاد المشرف العام على الجمعيات الخيرية لتحفيظ القرآن الكريم بالمملكة فضيلة  الشيخ صالح بن عبدالعزيز آل الشيخ على جهوده ومتابعته الدؤوبة لأعمال الجمعيات ومنجزاتها، وسأل العلي القدير أن يجعل هذه الأعمال التي تقوم بها إدارة الأوقاف في ميزان حسنات الموقف الوالد الشيخ صالح بن عبدالعزيز الراجحي رحمه الله والعاملين في إدارة الأوقاف. ",
    "date_extracted": "2015-08-02 23:21:44"
}