{
    "url": "http://sabq.org/caDgde",
    "title": "الداخلية الكويتية تعلن ضبط شبكة إرهابية تنتمي لـ\"داعش\"",
    "author": "واس- الكويت:",
    "content": " واس- الكويت: ضبطت الأجهزة الأمنية الكويتية شبكة إرهابية تنتمي لتنظيم \"داعش\" الإرهابي، وتضم خمسة متهمين كويتيي الجنسية.   وقالت وزارة الداخلية الكويتية في بيان نشرته وكالة الأنباء الكويتية اليوم إن \"هؤلاء الإرهابيين اعترفوا بتلقي دورات في علوم التنظيم الإرهابي والفكر الضال المنحرف، إلى جانب تدريبات متقدمة على حمل السلاح، وشاركوا في الأعمال القتالية في كل من سوريا والعراق\".   وأكدت الوزارة أنها لن تألو جهداً في ضبط كل من تسوّل له نفسه العبث بأمن الوطن بكل الحزم والشدة، ولن تتهاون في اتخاذ كل إجراءاتها الوقائية ضد كافة أعمال الإرهاب وضبط عناصره.   وقد تمت إحالة المتهمين إلى النيابة العامة بقضية جنايات أمن دولة. ",
    "date_extracted": "2015-07-31 04:38:53"
}