{
    "url": "http://sabq.org/scDgde",
    "title": "شاهد.. مسن يوثّق بالفيديو لحظات السطو على أغنامه بصامطة",
    "author": "فهد كاملي - سبق - جازان:",
    "content": " فهد كاملي - سبق - جازان: لجأ مسن لتركيب كاميرات مراقبة بعد عدة عمليات تمت من خلالها سرقة عشرات الأغنام من حوش منزله، حيث وثق آخر عملية سرقة والتي كانت غرة شهر شوال، وذلك بعد أن فشل في معرفة الجاني خلال العمليات السابقة.   وقال محمد الأهدل لـ\"سبق\": أغنامي تعرضت للسرقة عدة مرات وأبلغت الجهات الأمنية ولكن دون جدوى، الأمر الذي جعلني أستعين بكاميرات مراقبة لرصد الجاني.   وأردف: تقدمت في غرة شوال ببلاغ للجهات الأمنية بمحافظة صامطة مرفق بطيتها مقطع الفيديو الذي تم توثيقه عن طريق كاميرات المراقبة ولكن لم يتم التوصل للجاني إلى الآن.      ",
    "date_extracted": "2015-07-31 04:38:14"
}