{
    "url": "http://aawsat.com/home/article/415781/بواخر-الوقود-ترسو-على-ميناء-المكلا-بسلام",
    "title": "بواخر الوقود ترسو على ميناء المكلا بسلام",
    "author": "جدة: أسماء الغابري",
    "content": "أعلنت السلطات المحلية في المكلا، رسو بواخر الوقود بسلام في ميناء المدينة التي تعتبر العاصمة الإقليمية لمحافظات حضرموت جنوبي اليمن، في وقت يتزامن معه ارتفاع وتيرة حركة الملاحة البحرية وتزايد وصول ناقلات التجار الحضارم.\n\n وشهدت مدينة عدن المحررة رسو أكبر سفينة إغاثية تصل إلى اليمن، وهي السفينة التي أبحرت إلى اليمن تنفيذا لتوجيهات خادم الحرمين الشريفين الملك سلمان بن عبد العزيز الذي وجه بمساعدات إنسانية عاجلة يستفيد منها، في المناطق الجنوبية كل من: الشيخ عثمان، البريقة، دار سعد، خور مكسر، المعلا، التواهي، وكريتر.\n\n وأبلغ «الشرق الأوسط» عبد العزيز العكبري رئيس لجنة الخدمات في المجلس الأهلي الحضرمي، وهو المجلس المشرف على إدارة مدينة المكلا، أن الحركة الملاحية في الميناء منذ تسلمه من «القاعدة» قبل أكثر من شهرين تسير بصورة طبيعية وبوتيرة متزايدة.\n\n وبحسب العكبري «لا تخلو أرصفة الميناء من الناقلات والبواخر المختلفة والسفن الخشبية التي تنقل الغذاء والدواء والمشتقات النفطية التي ساهمت كثيرا في تلبية احتياجات السوق المحلية في المحافظة والمحافظات المجاورة».\n\n وأوضح العكبري أن العاملين في مؤسسة موانئ البحر العربي اليمنية يعملون بجهد مضاعف رغم التحديات والصعوبات من أجل خدمة حضرموت والمحافظات المجاورة في ظل هذه المرحلة الاستثنائية الحرجة التي تشهدها البلاد بعد سيطرة الميليشيات الحوثية على الدولة وإدخالها في أتون حروب وصراعات تدور رحاها منذ أشهر.\n\n وبيّن العكبري أن ميناء المكلا ومنذ بداية الأحداث الاستثنائية التي شهدتها المكلا في الثاني من أبريل (نيسان) الماضي قام بتذليل الصعوبات والمعوقات كافة، وباشر تقديم أوجه التسهيلات الممكنة للتجار ورجال الأعمال والشركات الملاحية.\n\n والمعروف أن إدارة الميناء سعت منذ تسلم المجلس الأهلي لإدارة الميناء إلى طمأنة الشركات الملاحية العالمية بأن ميناء المكلا مستمر في نشاطه الملاحي وفي جاهزية كاملة لاستقبال البواخر بأنواعها المختلفة.\n\n ونوّه رئيس لجنة الخدمات إلى أن خزانات منشآت شركة النفط اليمنية فرع ساحل حضرموت الواقعة في مدينة المكلا بمنطقة خلف تستقبل هذه الأيام شحنة من مادة الديزل تبلغ 15 ألف طن متري على متن ناقلة الديزل (GEMA) القادمة من دولة الإمارات العربية، فيما تتواجد في الرصيفين رقم 1 و2 الكثير من السفن الخشبية القادمة من دول الخليج العربي والصومال وتحمل على متنها المواد الغذائية المتنوعة ومواد إغاثة وغيرها، ومن المتوقع أن تصل خلال الساعات المقبلة ناقلة بترول قادمة من دولة الإمارات العربية.\n\n في هذه الأثناء، جرى الإعلان أمس عن وصول سفينة درب الخير، وهي أكبر سفينة إغاثية تصل إلى اليمن منذ بدء عمليات العمليات العسكرية لتحرير اليمن في مارس (آذار) الماضي.\n\n ويأتي وصول سفينة درب الخير إلى ميناء عدن جنوبي اليمن تنفيذا لتوجيهات خادم الحرمين الشريفين الملك سلمان بن عبد العزيز التي نفذها مركز الملك سلمان للإغاثة والأعمال الإنسانية. وأكد رأفت الصباغ المتحدث الرسمي للمركز الملك سلمان للإغاثة الإنسانية أن السفينة تحمل على متنها 3540 طنا من المواد الغذائية والطبية، شملت 100 ألف سلة غذائية بوزن 3000 طن، و450 طنا من التمور، إضافة إلى 90 طنا من المستلزمات الطبية.\n\n وأوضح الصباغ أن المديريات التي ستستفيد من المساعدات هي المنصورة، الشيخ عثمان، البريقة، دار سعد، خور مكسر، المعلا، التواهي، وكريتر.\n\n ويذكر أن سفينة درب الخير هي جزء من منظومة متكاملة لقوافل وجسور إغاثية ومساعدات إنسانية بحرية وبرية وجوية وجزء من البرامج التي ينفذها مركز الملك سلمان للإغاثة والأعمال الإنسانية.",
    "date_extracted": "2015-07-27 17:11:11"
}