{
    "url": "http://aawsat.com/home/article/413786/«القاعدة»-تتراجع-عن-وعودها-بمغادرة-المكلا-وتعتقل-ضباطًا-عسكريين-متقاعدين",
    "title": "«القاعدة» تتراجع عن وعودها بمغادرة المكلا.. وتعتقل ضباطًا عسكريين متقاعدين",
    "author": "المكلا: أحمد الجعيدي",
    "content": "تراجع تنظيم القاعدة في اليمن، عن وعوده بمغادرة مدينة المكلا (جنوب)، مؤكدا أنه باق فيها، وفي المقابل قام بحملة اعتقالات طالت ضباطا وعسكريين متقاعدين.\n\n وقال القيادي الميداني في تنظيم القاعدة أبو عمر النهدي في خطاب ألقاه على جمع من المتظاهرين المحتجين على السياسات التي تمارسها «القاعدة» على أبناء مدينة المكلا جنوب اليمن، والتي تسيطر عليها «القاعدة» منذ 2 أبريل (نيسان) الماضي: «إن التنظيم لم يأت بموافقتكم، ولن يستطيع أحد أن يخرجنا من حضرموت.. لأني أنا من أبناء حضرموت، ونحن من هنا ومن أبناء حضرموت». وأضاف: «أن نقاتل الحوثي في الجبهات، ونخسر الدماء، ثم نرحل، فهذا غير منصف». وهو ما يتنافى مع الوعود التي قدمها التنظيم للمواطنين عبر ممثليه، والتي قضت بأن يخرجوا خارج مدينة المكلا فور زوال خطر تقدم ميليشيات الحوثي والرئيس المخلوع علي عبد الله صالح، تجنبًا لتحويل المدينة لساحة حرب بين التنظيم والقوات الحكومية، وتجنبًا لتكرار سيناريو تدمير مدينة زنجبار في محافظة أبين في عام 2012، التي كان يسيطر عليها التنظيم، وحولها لساحة مواجهة بينه وبين القوات الحكومية، مما أدى لدمار شامل، وتهجير كامل لسكانها.\n\n واتهم النهدي رئيس لجنة الأمن والدفاع التابعة لمجلس حضرموت العميد محمد سعيد الجريري بمحاولة تصفية عناصر التنظيم، قائلاً: «الجريري أراد تصفيتنا، ونحن لم نفعل له شيئا، وليس لدينا عداء مع أحد»، مضيفًا: «إنه رغم وجود خلافات مع الضباط فإننا عندما دخلنا المكلا لم نعمد إلى تنفيذ عمليات قتل وتصفية لهم، بل مددنا أيدينا إلى الجميع من كل الطوائف، وكل المكونات الموجودة، فنحن نجتمع على عدة أمور، منها ضرب أي وسيلة تؤدي لاقتراب الاقتتال الداخلي، وحفظ النسيج الاجتماعي بحضرموت». وأشار النهدي للأمر الذي أغضب التنظيم، وهو حصوله على بعض المخاطبات التي تمت بين رئيس اللجنة العميد محمد سعيد الجريري، وجهات داعمة له، أدرج فيها الجريري التنظيم ضمن قائمة المستهدفين من قبل القوات التابعة للجنة الأمن والدفاع البالغ عددها 3 آلاف متطوع.\n\n وكانت المدينة قد شهدت يوم أمس مسيرة ومظاهرة جماعية نفذها المئات، تندد باعتقال «القاعدة» لخمسة من الضباط العسكريين المتقاعدين من الجيش اليمني، والمؤسسين والمنظمين لمعسكرات لجنة الأمن والدفاع، كما سبق للتنظيم اعتقال رئيس اللجنة العميد الجريري في 29 أبريل الماضي، على خلفية إنشائه للمعسكرات التدريبية، وأطلقت سراحه بعد يوم واحد، ليغادر بعدها إلى خارج البلاد، إلا أن التنظيم عاد ليعتقل خمسة من أبرز أعضاء اللجنة في منتصف يوليو (تموز) الحالي، بحجة شكاوى عدد من المتطوعين بالمعسكرات، أفادت بعدم استلامهم لمخصصات مالية كانت مرصودة لهم، وهو الأمر الذي نفى عدد من قيادات اللجنة لـ«الشرق الأوسط» أن يكون السبب الرئيس في اعتقال الضباط.\n\n وقال العقيد غالب حسين المرفدي، الناطق باسم لجنة الأمن والدفاع، إن هذه المظاهرة نظمت من أجل التضامن مع الضباط المشرفين على التدريبات العسكرية في المعسكرات التابعة للجنة الأمن والدفاع المعتقلين، والمطالبة بإطلاق سراحهم، وإن عملية الاعتقال جاءت بسبب حدوث بعض الإشكاليات الداخلية التي تتعلق بصرف حوافز الجنود كما تقول «القاعدة»، موضحًا أن عملية تدريب المجندين تعد تطوعًا، وأن القائمين على هذا المشروع بذلوا ويبذلون جهدا كبيرا في جمع التبرعات والمساعدات من رجال الخير لأجل توفير احتياجات التدريب، وتوفير حوافز المجندين، وأن ازدياد أعداد المجندين الذين يصل عددهم إلى أكثر من 3 آلاف مجند متطوع سبب ضائقة مالية لدى اللجنة، أدت إلى تعثر عملية صرف الحوافز.",
    "date_extracted": "2015-07-24 08:49:39"
}