{
    "url": "http://aawsat.com/home/article/412506/التوقعات-بإيرادات-أقل-من-المتوقع-من-«أبل»-تهوي-بسهمها",
    "title": "التوقعات بإيرادات أقل من المتوقع من «أبل» تهوي بسهمها",
    "author": "لندن: «الشرق الأوسط»",
    "content": "توقعت شركة أبل، أول من أمس، إيرادات للربع الرابع أقل من تقديرات المحللين، ولم تحقق المستويات المستهدفة لمبيعات هواتفها الذكية آيفون؛ مما دفع سهمها للهبوط بأكثر من 6 في المائة في التعاملات اللاحقة على الإغلاق ببورصة وول ستريت.\n\n وقالت «أبل» إنها باعت 5ر47 مليون هاتف آيفون في الربع الثالث من سنتها المالية بزيادة قدرها 35 في المائة عن الفترة نفسها من العام السابق. لكن بعض المحللين كانوا توقعوا مبيعات تبلغ نحو 49 مليون هاتف.\n\n وتوقعت الشركة إيرادات تتراوح من 49 مليار دولار إلى 51 مليار دولار للربع الرابع أو أقل من متوسط التقديرات في مسح لتومسون «رويترز» (آي بي آي إس) البالغ 1ر51 مليار دولار.\n\n وقالت «أبل» إنها باعت 5ر47 مليون هاتف آيفون في الربع الثالث بزيادة قدرها 35 في المائة عن مستواها قبل عام لكن بانخفاض قدره 22 في المائة من 2ر61 مليون هاتف في الربع الثاني.\n\n وأضافت أن قيمة مبيعاتها من هواتف آيفون في الصين في الربع الثالث تضاعفت بأكثر من المثلين لتصل إلى 23ر13 مليار دولار مقارنة مع الفترة المماثلة من العام السابق.\n\n وهبطت أسهم «أبل» أكثر من 6 في المائة في التعاملات اللاحقة على الإغلاق بعد أن أنهت جلسة التداول في سوق ناسداك منخفضة نحو 1 في المائة عند 75ر130 دولار.\n\n وقالت الشركة إن صافي أرباحها قفز إلى 68ر10 مليار دولار أو 85ر1 دولار للسهم في الربع الثالث المنتهي في 27 من يونيو (حزيران) من 75ر7 مليار دولار أو 28ر1 دولار للسهم قبل عام.\n\n وكان محللون توقعوا ربحا قدره 81ر1 دولار للسهم وفقًا لمسح تومسون «رويترز» (آي بي آي إس).\n\n وزادت الإيرادات 5ر32 في المائة إلى 61ر49 مليار دولار متجاوزة توقعات وول ستريت البالغة 43ر49 مليار دولار.\n\n وعمليًا سجلت شركة «أبل» زيادة في أرباحها بنسبة 33 في المائة في ربعها المالي الماضي ء، غير أن المستثمرين ما زالوا قلقين حيث جاءت مبيعات هواتف «آي فون» دون تقييمات المحللين.\n\n وارتفعت إيرادات الشركة بنسبة 59 في المائة مقارنة بالفترة نفسها من عام 2014، وسجلت الشركة إيرادات قياسية من وراء خدمات بينها «آب ستور»، حسبما أفاد تيم كوك الرئيس التنفيذي لشركة «أبل».\n\n وارتفعت الإيرادات من وراء منتجات أخرى مثل ساعة «أبل» الذكية «أبل ووتش» وسماعات الرأس «بيتس» ومشغل الموسيقى «آي بود» بنسبة 49 في المائة إلى 6ر2 مليار دولار (4ر2 مليار يورو)، بحسب الشركة.\n\n وقد فتحت الأسهم الأميركية على انخفاض أمس، بعد نتائج مخيبة للآمال من شركات تكنولوجيا عملاقة مثل «أبل» و«مايكروسوفت».\n\n تراجع مؤشر داو جونز الصناعي 23ر26 نقطة بما يعادل 15ر0 في المائة ليصل إلى 06ر17893 نقطة في حين نزل مؤشر ستاندرد آند بورز 500 بمقدار 04ر8 نقطة أو 38ر0 في المائة ليسجل 17ر2111 نقطة وهبط مؤشر ناسداك المجمع 74ر61 نقطة أو 19ر1 في المائة إلى 38ر5146 نقطة.\n\n من جهتها، تراجعت الأسهم الأوروبية في المعاملات المبكرة أمس، بتراجع سهم إيه آر إم لتصميم الرقائق بعد نتائح مخيبة للآمال من عميلها المهم شركة أبل، بينما يكسب موسم نتائج الشركات زخمًا في أوروبا والولايات المتحدة.\n\n وتراجع مؤشر يوروفرست 300 لأسهم الشركات الأوروبية الكبرى 5ر0 في المائة إلى 06ر1589 نقطة بعد أن نزل 1ر1 في المائة في الجلسة السابقة.\n\n وكان سهم إيه آر إم أكبر متراجع بخسائر 1ر4 في المائة. ورغم إعلان الشركة ارتفاع أرباح الربع الثاني من العام 32 في المائة قال المتعاملون إن الشركة تأثرت بالنتائج المخيبة للآمال من «أبل».\n\n وتصدر سهم إيزي جت ثاني أكبر شركة طيران اقتصادي في أوروبا المكاسب على مؤشر الأسهم القيادية الأوروبية حيث قفز 4ر4 في المائة لتوقعات بنمو الأرباح السنوية بما يصل إلى 14 في المائة.\n\n وفي أنحاء أوروبا فتح مؤشر فايننشال تايمز 100 البريطاني منخفضًا 8ر0 في المائة في حين تراجع كاك 40 الفرنسي 5ر0 في المائة ونزل مؤشر داكس الألماني 8ر0 في المائة.\n\n من ناحيتها، تراجعت الأسهم اليابانية أمس، بعد ست جلسات متتالية من المكاسب مع تعرضها لضغوط من هبوط أسهم «أبل» والشركات المرتبطة بها في البورصة الأميركية بعد أن أعلنت شركة التكنولوجيا العملاقة توقعات للإيرادات أقل من تقديرات السوق.\n\n وهبط مؤشر نيكي القياسي 2ر1 في المائة لينهي الجلسة عند 67ر20593 نقطة. وعلى مدى الجلسات الست السابقة حقق المؤشر مكاسب تزيد على خمسة في المائة.\n\n وانخفض مؤشر توبكس الأوسع نطاقًا 1ر1 في المائة إلى 37ر1655 نقطة ونزل مؤشر جيه بي إكس - نيكي 400 بنفس النسبة إلى 20ر14938 نقطة.\n\n ",
    "date_extracted": "2015-07-23 19:30:52"
}