{
    "url": "http://aawsat.com/home/article/414001/المركزي-التركي-يخفض-الفائدة-للحد-من-تراجع-الليرة",
    "title": "المركزي التركي يخفض الفائدة للحد من تراجع الليرة",
    "author": "القاهرة: «الشرق الأوسط أونلاين»",
    "content": "خفض البنك المركزي التركي، اليوم (الجمعة)، أسعار الفائدة على الودائع الدولارية، في محاولة منه لكبح جماح تراجع الليرة التركية مقابل الدولار، بعد أن زادت الاضطرابات على الحدود التركية - السورية من مخاوف المستثمرين بشأن تدخل تركي صريح ضد تنظيم داعش الإرهابي.\nوتراجع سعر الليرة في أوائل تعاملات اليوم (الجمعة) 0.75 في المائة إلى مستوى 2.74 ليرة للدولار الواحد.\nوخفض البنك معدلات الفائدة المطبقة على الودائع بالدولار واليورو من 3.5 في المائة إلى 3 في المائة لأسبوع اعتبارًا من الاثنين 27 يوليو (تموز)، على أن يتم تعديل هذه النسبة يوميًا.\nوفور صدور هذا الإعلان تحسن سعر الليرة التركية، وأصبح الدولار يساوي 2.73 ليرة واليورو 2.99 ليرة تركية.",
    "date_extracted": "2015-07-25 02:04:38"
}