{
    "url": "http://aawsat.com/home/article/413996/إشادة-مصرية-بنتائج-زيارة-شكري-للسعودية",
    "title": "إشادة مصرية بنتائج زيارة شكري للسعودية",
    "author": "القاهرة: سوسن أبو حسين",
    "content": "التقى وزير الخارجية المصري سامح شكري أمس مع وزير خارجية الإمارات الشيخ عبد الله بن زايد آل نهيان حيث يأتي اللقاء في إطار التنسيق المتواصل والمستمر بين البلدين الشقيقين.\n\n وذكر المتحدث باسم وزارة الخارجية أن المشاورات أكدت على متانة وصلابة العلاقات المصرية الإماراتية ووحدة الأهداف، كما تناول اللقاء سبل تعزيز العلاقات الثنائية بين البلدين وسبل تطويرها في كل المجالات وبحث الأوضاع الإقليمية في فلسطين والعراق وليبيا واليمن وسوريا والعراق فضلاً عن مكافحة الإرهاب والاتفاق النووي بين إيران ومجموعة الست الكبرى وملف القوة العربية المشتركة.\n\n وأوضح المتحدث أن المشاورات أكدت مدى التوافق في الرؤى بين البلدين الشقيقين.\n\n وأضاف المتحدث أن الوزير شكري توجه فور انتهاء زيارته إلى الإمارات إلى دولة الكويت الشقيقة لإجراء مشاورات مع نائب رئيس الوزراء وزير الخارجية الشيخ صباح خالد الحمد الصباح حول سبل مزيد من العلاقات الثنائية والتشاور حول القضايا التي تهم البلدين الشقيقين.\n\n وكان شكري قد أشاد بحفاوة استقباله في المملكة العربية السعودية واللقاءات التي عقدت. وكذلك نتائج الزيارة والاهتمام المتبادل بين خادم الحرمين الشريفين الملك سلمان بن عبد العزيز والرئيس المصري عبد الفتاح السيسي، فيما أوضحت بعض المصادر أن جماعة الإخوان تحاول نشر شائعات لإفساد العلاقات وأمور كثيرة رفض المصدر الإفصاح عنها واكتفى بالتأكيد على العلاقات الاستراتيجية بين مصر والدول الثلاث.\n\n وذكر المتحدث الرسمي للخارجية أنه خلال استقبال خادم الحرمين الشريفين الملك سلمان بن عبد العزيز آل سعود لسامح شكري وزير الخارجية في ختام زياراته للمملكة بناء على تكليف من الرئيس عبد الفتاح السيسي فقد نقل لخادم الحرمين تقدير واعتزاز الرئيس، ولمستوى العلاقات الاستراتيجية التي تربط بين البلدين، واستعرض وجهة نظر ورؤى القيادة المصرية إزاء سبل تعزيز العلاقات الثنائية والعمل المشترك في هذه المرحلة الدقيقة من تاريخ المنطقة بأسرها وسبل تعزيز العمل العربي المشترك.\n\n وقد عبر خادم الحرمين الشريفين عن بالغ اعتزازه بالرئيس عبد الفتاح السيسي وبشعب مصر، واستعرض رؤية المملكة حيال سبل الارتقاء بمستوى العلاقات الثنائية إلى آفاق أرحب في كافة مناحيها، وكذلك إزاء الأوضاع والقضايا الإقليمية، وقد عكس اللقاء متانة العلاقات بين الدولتين والتوافق بين القيادة في البلدين والرغبة والنية الصادقة المتبادلة لتعزيز العلاقات ونقلها لمستويات أكبر في المرحلة القادمة وتعزيز العمل المشترك بما يخدم مصالح البلدين ويحقق طموحات وتطلعات شعبيهما وتقوية العمل العربي المشترك لتحقيق الاستقرار الإقليمي والسعي لإنهاء الأزمات في المنطقة العربية.",
    "date_extracted": "2015-07-24 17:53:15"
}