{
    "url": "http://aawsat.com/home/article/416146/كيف-تقضي-على-كسل-منتصف-النهار-في-4-خطوات؟",
    "title": "كيف تقضي على كسل منتصف النهار في 4 خطوات؟",
    "author": "القاهرة: «الشرق الأوسط أونلاين»",
    "content": "تعاني نسبة كبيرة من الأشخاص حالة من الكسل في منتصف النهار، خصوصا خلال فترات العمل، ويرجع العلماء ذلك إلى تعرض نسبة كبيرة من الأشخاص إلى موجة من التعب وفقدان التركيز وتراجع مستويات الطاقة.\nوحسب صحيفة «الديلي ميل» البريطانية، ينصح الدكتور سال نورتون ببعض الأشياء التي، في تجربته الخاصة، يمكن أن تساعد في الحفاظ على أعلى مستويات الطاقة الخاصة بك ومواجهة موجات الانخفاض خلال الظهيرة ومنها:\n\n1 - تجنب السكريات\nفالاعتقاد الرائج، هو اللجوء لجرعات كبيرة من السكريات حتى تزيد معدل الطاقة بالجسم عند إحساسنا بالخمول والكسل، ولكن يفضل تناول وجبات خفيفة معتدلة تجمع العناصر الغذائية المفيدة للجسم من الكربوهيدرات والدهون والبروتين.\n\n2 - تجنب الغذاء الثقيل\nمن أكثر الأسباب التي تشعر بالكسل والركود في فترة الظهيرة، هو تناول غذاء ثقيل، يستهلك فيه الجسم طاقة كبيرة للهضم، فالطعام الذي نأكله في وجبة الغداء يحول الدم بعيدا عن الدماغ للمساعدة في عملية الهضم، ويتركنا في موجات من السبات العميق.\n\n3 - خذ استراحة\nكثير منا يعملون في طبيعية عمل مرهقة، يلتزمون في مكاتبهم لساعات طويلة دون أن يشعروا أنه مر عليهم أكثر من ثلاث ساعات من دون استراحة أو حركة، على الرغم أن الأبحاث تؤكد أن المزيد من ساعات العمل أمام الكومبيوتر لا تعني المزيد من الإنتاج.\nلذلك ينصح بأخذ استراحة بعيدا عن شاشات الكومبيوتر، وممارسة بعض التمارين الرياضية البسيطة التي تعطيك دفعة جديدة من الطاقة وتجعلك تنجز أعمالك المكلف بها.\nوتشير الدراسات إلى أن قليلا من التمارين، حتى لو كانت قصيرة، أو سيرا على الأقدام لمدة نصف ساعة في وقت الغداء، يزيد من الطاقة، ويعزز الحالة المزاجية إلى الأفضل.\n\n4 - اختطف فنجان من القهوة\nتناول الكافيين بشكل كبير قد يعد نوعًا من أنواع الإدمان، لكن تناول فنجان يومي في منتصف النهار بعد الغداء، يفيد ويغير الحالة المزاجية، ولكن ينصح بتجنب القهوة والكافيين عامة في وقت لاحق من فترة ما بعد الظهر، حتى لا تصاب بالأرق.",
    "date_extracted": "2015-07-27 17:12:16"
}