{
    "url": "http://aawsat.com/home/article/414701/3-قتلى-في-زلزال-ضرب-شمال-باكستان",
    "title": "3 قتلى في زلزال ضرب شمال باكستان",
    "author": "لندن: «الشرق الأوسط أونلاين»",
    "content": "قتل ثلاثة أشخاص على الأقل، في زلزال بقوة 5.1 درجة، ضرب المناطق الشمالية لباكستان في ساعة مبكرة اليوم (السبت)، حسب مسؤولين.\n\n وقال مركز الرصد الجيولوجي الأميركي، إنّ الزلزال ضرب على عمق 26 كلم، وكان مركزه على بعد 15 كلم إلى شمال شرقي إسلام آباد.\n\n وأفاد شير أكبر خان، مسؤول كبير في الشرطة في بلدة أبوت آباد (شمال غرب) على بعد 50 كلم عن إسلام آباد، أنّ امرأتين وطفلاً في التاسعة من العمر، قتلوا عندما انهار منزلهم. وقال لوكالة الصحافة الفرنسية، إنّ «منزلاً من الطين على مشارف أبوت آباد، انهار بسبب الزلزال، مما أسفر عن مقتل امرأتين وصبي بينما أصيبت قاصر بجروح».\n\n كما أوضح خان أن القتيلتين تبلغان 25 و48 من العمر، بينما الطفلة الجريحة تبلغ نحو الستة أعوام.\n\n وشعر بالزلزال سكان الكثير من المدن في ولايتي البنجاب (شرق) وخيبر بختنخوا (شمال غرب)، حسبما أفاد غلام رسول، المسؤول في مركز الأرصاد الباكستاني.\n\n وقال سكان العاصمة الباكستانية إن المباني والسيارات اهتزت إثر وقوع الزلزال عند الساعة 1:59 صباحًا بالتوقيت المحلي (20:59) الجمعة.\n\n وقدر مسؤولو الأرصاد المحليون قوة الزلزال بـ4.6 درجات على عمق لا يتجاوز 10 كيلومترات.\n\n ويذكره أنّ باكستان تقع على جزء من منطقة التقاء الصفائح التكتونية الهندية والأوراسية، مما يجعلها عرضة للزلازل.\n\n وفي 8 أكتوبر (تشرين الأول) عام 2005، تعرضت باكستان لزلزال بقوة 7.6 درجة أودى بحياة أكثر من 73 ألف شخص وشرد نحو 3.5 مليون، وخصوصًا في المنطقة الخاضعة لسيطرتها في كشمير.\n\n كما دمر زلزال بقوة 7.7 درجة الكثير من المناطق في ولاية بلوشستان (جنوب غرب) في سبتمبر (أيلول) 2013، وأدى إلى مقتل 370 شخصًا وتشريد 100 ألف.",
    "date_extracted": "2015-07-25 15:39:16"
}