{
    "url": "http://aawsat.com/home/article/414656/سعد-المهدي/هل-ستفعلها-اللجنة-الأولمبية؟",
    "title": "هل ستفعلها اللجنة الأولمبية؟",
    "author": "",
    "content": "لا يوجد فاصل زمني بين نشاط موسم وما يليه، فإن توقفت المنافسات بدأت الاستعدادات هذا حال الأنشطة الرياضية وعالمها الخاص في كل الدنيا، هذا يعني أنه إذا لم توجد جهات تعنى بتقييم أداء كل موسم إن كان ناد أو اتحاد فالاجتهادات الفردية إن وجدت ستصطدم بأمور كثيرة تعيق عملها، أقله عدم التجاوب مع التوصيات التي تخرج بها من عملية جرد الموسم لأنها تأخذ الطابع والشكل الذي لا تتخلله مساءلة متخصصة، ولا تتبعه محاسبة ملزمة.\nفي اللائحة الموحدة للأندية ما يضمن عقد اجتماعات سنوية تضمن اطلاع منسوبي النادي على كل التفاصيل بما فيها المالية، لكن منسوبو النادي الذين يحق لهم ذلك هم أعضاء الجمعية العمومية سارو المفعول، وهم في الغالب مئات أو بضعة آلاف في أندية جماهيرها بالملايين، مما يعني عدم أهمية وجدوى اجتماعات كهذه من حيث العدد مما يستوجب تشكيل لجنة متخصصة من داخل هذه الجمعيات تتولى جرد كشف الحساب الذي يعين على معرفة أين كانت المشاكل والصعوبات التي تخللت الموسم، وكيف يمكن مواجهتها، وتستشرف الموسم المقبل.\nفي الأندية كما هي الاتحادات مراكز قوى تتحكم بالقرارات، وتسير الأمور كما ترى هي، وهذا يمكن تفهمه لو أن الأمر سينتهي بمحاسبة ومساءلة، لكن ذلك في أقصى حالاته ينتهي بإغلاق الملفات في الاتحادات أو بالاستقالات في الأندية، اللجنة الأولمبية علقت الجرس من خلال ورشة عمل تحمل نتائجها بوادر طيبة، لكن لا بد أن نلمس كمراقبين وجماهير ملامح سريعة لذلك تبدأ بتغيير شكل مسابقات وأنشطة الألعاب الأولمبية، نريد ما يجبر الإعلام والجماهير على التعايش من جديد مع واقع هذه الألعاب ونجومها بدءا بتحسن القاعات وبرامج المسابقات وانتهاء بتطوير النقل التلفزيوني.\nالإصلاح من رأس الهرم يعطي شعورا بالارتياح، لكنه ارتياح واهم لا يحقق الأهداف، ولا يجلب الخلاص، والعمل من القاعدة بطيء وممل، والمزج بينهما فن إداري يحتاج لكفاءات خلاقة مبدعة هي ما نحتاجه، فالمتوفر لنا من الكوادر البشرية والبنية التحتية كثير وكاف لو تم العمل عليه بحسن تصرف وعزيمة جادة لأمكن استعادة توازننا المفقود، إن قواعدنا في ألعاب السلة واليد والطائرة والقوى والكاراتيه وغيرها تغري أي جهة رياضية لأن تستخرج منها ما يزيد على الحاجة وما يمكنها من وضعها في المكان الذي تستحقه، الأمر يحتاج إلى عمل لكنه ليس بالصعب.\nمن المؤسف أن نستمع لحلول دون معرفة المشاكل، أو أن نختلق مشاكل ونسارع فيما نعتقد أنه حلول مثل التجنيس والمواليد؟ من غير الطبيعي أن نعتقد أن الجماهير تتعمد عدم الحضور والتشجيع، أو أن الإعلام يتجاهل ولا يدعم غير كرة القدم، ونحن نعلم يقينا أننا لم نفعل ما يجب من أجل جعل الألعاب الأولمبية رياضات شيقة وممتعة كما هي فعلا، تجرى منافساتها في أماكن جاذبة، ولوائح وأنظمة مسابقاتها تصنع الإثارة، وتلهب الحماس، وتأخذ حصتها من ميزانيات الأندية وجماهير المدرجات.\nهل ذلك في تفكير القائمين على اللجنة الأولمبية أرجو ذلك بل أتمناه.",
    "date_extracted": "2015-07-25 02:03:53"
}