{
    "url": "http://aawsat.com/home/article/413421/الوحدة-يقترب-من-ضم-مهاجم-فرنسي-لصفوفه",
    "title": "الوحدة يقترب من ضم مهاجم فرنسي لصفوفه",
    "author": "مكة المكرمة: «الشرق الأوسط»",
    "content": "اقترب نادي الوحدة من الظفر بخدمات مهاجم يحمل الجنسية الفرنسية، ومن أصول سنغالية في فترة الانتقالات الصيفية الحالية.\nوتسعى إدارة نادي الوحدة لتعزيز صفوف فريقها الأول بلاعبين مميزين من أجل تحقيق نتائج إيجابية في الموسم الجديد، الذي يتوقع أن يكون موسما ساخنا وقويا وحافلا بالإثارة والتشويق.\nوأكد نادي الوحدة الصاعد حديثا لدوري عبد اللطيف جميل للمحترفين أنه دخل في مفاوضات نهائية مع مهاجم دون الكشف عن هويته في الوقت الحالي. وأشار النادي إلى أن اللاعب سينضم لمعسكر فريق الوحدة المقامة في العاصمة المصرية القاهرة تمهيدًا للانتقال رسميا إلى الفريق الكروي.\nوقال النادي في تغريدة عبر حسابه على شبكة التواصل الاجتماعي «تويتر»: «مفاوضات نهائية مع مهاجم فرنسي من أصل سنغالي للفريق الكروي الأول، وسيلتحق بالمعسكر للتجربة وإجراء الكشف الطبي تمهيدًا لانضمامه لكتيبة الفرسان».",
    "date_extracted": "2015-07-24 08:52:22"
}