{
    "url": "http://aawsat.com/home/article/412491/النفط-يهبط-وسط-زيادة-في-المخزونات-الأميركية",
    "title": "النفط يهبط وسط زيادة في المخزونات الأميركية",
    "author": "لندن: «الشرق الأوسط»",
    "content": "انخفضت أسعار النفط أمس ولامست العقود الآجلة للخام الأميركي أدنى سعر لها في ثلاثة أشهر ونصف، وأظهرت بيانات معهد البترول الأميركي أول من أمس الثلاثاء زيادة قدرها 3.‏2 مليون برميل في مخزونات الخام في الولايات المتحدة الأسبوع الماضي في حين توقع محللون انخفاضا بنفس القدر.\nوجرى تداول الخام الأميركي دون 50 دولارا للبرميل حيث هبط إلى 75.‏49 دولار أدنى سعر له منذ السادس من أبريل نيسان بانخفاض قدره 11.‏1 دولار خلال اليوم.\nوتراجع مزيج برنت 80 سنتا إلى 24.‏56 دولار للبرميل الساعة 14:06 بتوقيت غرينتش.\nوبحسب «رويترز» قال تاماس فارجا، المحلل في «بي في إم أويل» في لندن: «تأثرت الأسعار بما أعلنه معهد البترول الأميركي الليلة الماضية عن زيادة مخزون الخام الأميركي».\nمن جهتها، أظهرت بيانات من إدارة معلومات الطاقة الأميركية أمس أن مخزونات النفط التجارية في الولايات المتحدة ارتفعت الأسبوع الماضي لتظل فوق المتوسط الموسمي في خمس سنين، في حين تراجعت مخزونات البنزين وزادت مخزونات المقطرات.\nوأشارت البيانات إلى أن مخزونات النفط الخام الأميركية زادت 5.‏2 مليون برميل في الأسبوع الماضي، في حين كانت توقعات المحللين تشير إلى انخفاض قدره 3.‏2 مليون برميل.\nوارتفعت المخزونات إلى 89.‏463 مليون برميل لتتجاوز المتوسط الموسمي في خمس سنوات لهذا الأسبوع بواقع 100 مليون برميل.\nوزادت مخزونات الخام في مركز تسليم العقود الآجلة في كاشينج بولاية أوكلاهوما 813 ألف برميل.\nوزاد إنتاج المصافي 45 ألف برميل يوميا وفق ما أظهرته بيانات الإدارة. وارتفع معدل تشغيل المصافي 2.‏0 نقطة مئوية.\nوقالت إدارة معلومات الطاقة إن مخزونات البنزين انخفضت بمقدار 7.‏1 مليون برميل مقارنة مع توقعات محللين في استطلاع لـ«رويترز» بزيادة قدرها 925 ألف برميل.\nوأظهرت البيانات أن مخزونات نواتج التقطير - التي تشمل الديزل وزيت التدفئة - ارتفعت بمقدار 235 ألف برميل مقارنة مع توقعات بزيادة قدرها 8.‏1 مليون برميل.\nوزادت واردات الولايات المتحدة من النفط الخام بمقدار 587 ألف برميل يوميا.",
    "date_extracted": "2015-07-23 19:30:49"
}