{
    "url": "http://aawsat.com/home/article/414941/منع-5-من-لاعبي-روما-من-دخول-إندونيسيا",
    "title": "منع 5 من لاعبي روما من دخول إندونيسيا",
    "author": "جاكرتا: «الشرق الأوسط»",
    "content": "شعرت جماهير كرة القدم في إندونيسيا بسعادة كبيرة لمتابعة نادي روما الإيطالي في جاكرتا لأول مرة بعد وصوله لاعبيه، الجمعة، للاستعداد للموسم الجديد، لكن بالنسبة لمسؤولي المطار ربما لم يكن الأمر كذلك. \nوأبلغ مسؤولون النادي الإيطالي أنه لن يتم السماح بدخول خمسة من لاعبيه إلى إندونيسيا بعد وصول البعثة إلى جاكرتا لأول مرة في تاريخ النادي استعدادا لبرنامج من الأحداث بمشاركة روما وإندونيسيا. \nواللاعبون الخمسة هم سيدو دومبيا وجرفينيو وفيكتور ايبارو وادم ليايتش وأنطونيو سانابريا وبدلا من السماح بدخولهم للاشتراك في منافسات البرنامج تقرر عودتهم إلى روما. \nولم يحدد روما سبب عدم السماح لهذا الخماسي بدخول إندونيسيا.\nويخوض روما آخر فترة من الاستعداد الخارجي للموسم الجديد بعدما شارك في كأس الأبطال الدولية الودية في أستراليا حيث فاز هناك على ريال مدريد بركلات الترجيح وخسر أمام مانشستر سيتي بالطريقة ذاتها. \nوشعر ايتالو زانزي المدير التنفيذي لروما بإحباط بسبب عدم السماح للاعبيه بدخول إندونيسيا ونقل موقع النادي عنه قوله للصحافيين بمقر فندق الفريق في جاكرتا: «الاستقبال الذي حظينا به في المطار والشوارع والفندق هو بكل تأكيد أفضل استقبال أشاهده في أي مكان». \nوأضاف: «عانينا من موقف مؤسف في المطار وكان محبطا جدا بعدم السماح لخمسة من لاعبي الفريق بالدخول. إنهم في طريقهم إلى روما. هذا محبط لنا عند الأخذ في الاعتبار المجهود الكبير الذي بذلناه حتى نصل إلى هنا.. إنها خسارة كبيرة للاعبين الذين قاموا بكل ما عليهم للوجود هنا، وبالنسبة إلى أنصار الفريق في إندونيسيا أيضا».\nوتتمتع كرة القدم بشعبية هائلة في إندونيسيا وقد توجهت إلى المطار وفود غفيرة لاستقبال فريق روما.",
    "date_extracted": "2015-07-26 17:08:20"
}