{
    "url": "http://aawsat.com/home/article/415116/جدل-بين-ديمقراطيي-الكونغرس-حول-الاتفاق-النووي-وتنامي-جهود-«اللوبيات»-الإسرائيلية",
    "title": "جدل بين ديمقراطيي الكونغرس حول الاتفاق النووي.. وتنامي جهود «اللوبيات» الإسرائيلية لعرقلته",
    "author": "واشنطن: محمد علي صالح -  لندن: «الشرق الأوسط»",
    "content": "بينما دافع عدد من الديمقراطيين في الكونغرس علنًا عن الاتفاق النووي بين إيران والقوات الست، فضّل بعضهم عدم التعليق، أو استعمال عبارات مبهمة وغير واضحة، مثل: «سأصوت حسب ما يريح ضميري» أو «سأصوت بما يخدم الوطن». في الوقت ذاته، قال البيت الأبيض إن الرئيس باراك أوباما «لا يشك مطلقًا في تأييد الديمقراطيين في الكونغرس»، رغم تهديد اللوبي اليهودي القوي بـ«إسقاط كل عضو كونغرس يؤيد الاتفاق».\n\n ونقل تلفزيون «فوكس» اليميني الذي يميل نحو معارضة الاتفاق، أول من أمس، تصريحات لقادة ديمقراطيين في الكونغرس تفيد بأنهم سيصوتون على الاتفاق حسب ما يخدم مصلحة البلاد، لا حسب مصلحة الحزب الديمقراطي، أو الرئيس أوباما.\n\n ومن جانبه، قال السناتور بنجامين كاردين الديمقراطي والممثل لولاية ماريلاند: «ليست هذه مسألة عن الحزب الذي أنتمي إليه، ولا مسألة دعم الرئيس. لطالما سألت نفسي: ما هي مصلحة الوطن في هذه المسألة؟». ويبدو، حسب التقارير الصحافية التي صدرت الأيام الأولى بعد التوقيع على الاتفاق في فيينا، أن قادة الحزب الجمهوري كانوا متأكدين من حصولهم على عدد كاف من الأصوات للتصدي للاتفاق. وذلك بسبب ظهور معارضة قوية ومبكرة خلال المفاوضات النووية في العاصمة النمساوية. ويسعى الجمهوريون إلى الحصول على تأييد 13 من الديمقراطيين في مجلس الشيوخ، وإجمالي 67 صوتًا لازمًا لإسقاط «فيتو» الرئيس أوباما المؤكد. وأكدت مصادر جمهورية أن ما يقارب 15 عضوًا ديمقراطيًا في مجلس الشيوخ «يظهرون شكوكًا» في الاتفاق. لكن، كان ذلك قبل أن يبدأ أوباما سلسلة اجتماعات في البيت الأبيض، فضلاً عن اتصالات تلفونية مع الديمقراطيين في الكونغرس. كما استبقت تكهّنات الجمهوريين اجتماع وزير الخارجية جون كيري، ووزير الطاقة إرنست مونيز، ووزير الخزانة جاك ليو، بأعضاء الكونغرس الأربعاء الماضي. وفي ظل الجدل العاصف والهجوم الذي بدا منسّقًا من جانب الجمهوريين، وجد بعض الديمقراطيين أنفسهم منحازين إلى الرئيس أوباما وإلى الوزراء الثلاثة الذين كلفهم بإقناع الكونغرس.\n\n وعلى الرغم من ذلك، يظل الجمهوريون على موقفهم، حيث أكد السناتور جون باراسو الجمهوري والممثل لولاية وايومي في تصريح لتلفزيون «فوكس»: «توجد شكوك مشتركة من جانب الحزبين»، في إشارة إلى أن أصوات الديمقراطيين غير مضمونة.\n\n ومن جانبه، قال السناتور توم كوتون (جمهوري، ولاية أركنسا)، وهو محارب سابق في حربي العراق وأفغانستان، لتلفزيون «إن بي سي»، إن الديمقراطيين «لا يمكن أن يقبلوا بثمن الاتفاق، حتى إذا قبلوا بالاتفاق». كما أشار إلى أن «القضية الأهم» هي أن أكثر من 150 مليار دولار كانت مجمدة في دول غربية، ستتاح لإيران حسب بنود الاتفاق. وأضاف: «تظل إيران الراعية الأولى للإرهاب، وتظل الأولى الخارجة عن القانون، وتظل الأولى المناهضة للولايات المتحدة». ثم تساءل: «أي شخص عاقل يظن أن الإيرانيين سيغيرون سلوكهم؟ أقول إن هذا ليس محتملاً، وذلك لأنه، قبل تسع سنوات فقط، كانوا يحاولون قتلي وقتل جنودي (في العراق)».\n\n في المقابل، دافعت السناتور ديان فاينشتاين (ديمقراطية، ولاية كليفورنيا عن الاتفاق، وقالت في تصريحات لتلفزيون «سي بي إس»: «أعتقد أننا نملك فرصة واحدة.. ولا يمكن تجاهل حقيقة أن روسيا والصين والمملكة المتحدة وفرنسا وألمانيا وقعت جميعها على الاتفاق».\n\n وحذرت فاينشتاين من أن الشركات الأميركية سوف «تخسر كثيرًا» ما إن رفضت الولايات المتحدة الاتفاق، وذلك لأن شركات دول أخرى، خاصة البريطانية منها والفرنسية والألمانية، سوف «تهرول» نحو إيران لعقد صفقات، وتأسس لها فروعًا. وأضافت: «يحتمل جدًا، وبصرف النظر عن تأييد أميركا للاتفاق، أن تنهي هذه الدول عقوباتها تجاه إيران، آجلاً أم عاجلاً». أما صحيفة «وول ستريت جورنال» فأشارت إلى أن جهود البيت الأبيض لإقناع الكونغرس بالموافقة على الاتفاق حققت «نجاحًا صغيرًا بعد نجاح صغير»، وذلك «رغم أن كثيرًا من الديمقراطيين يظلون باقين على الحياد، علنًا على الأقل». أما جريدة «واشنطن بوست»، فأكدت على وجود انقسام وسط يهود أميركا، بين معارضين ومؤيدين ومترددين. وذكرت أن من بين المترددين، واحدة من أكبر المنظمات اليهودية الأميركية، وهي رابطة معاداة التشهير (أي دي إل)، حيث قال رئيسها إبراهام فوكسمان: «قراناه (الاتفاق). لا نؤيده. لكن، يمكن إقناعنا به». وأضاف: «سنقدم سلسلة من الأسئلة لأعضاء الكونغرس، وسنطلب منهم سلسلة من الإجابات. في هذه المرحلة، نحن نعارض. توجد مخاطر كثيرة، وعلامات استفهام كثيرة. في نهاية المطاف، يجب أن يثبت الإيرانيون أننا نستطيع الاعتماد عليهم». كما قال إنه، عكس كثير من نقاد الاتفاق، لا يشكك في دوافع الرئيس أوباما، لكنه يعترض على قول أوباما أنه «إما الاتفاق أو الحرب». وسأل فوكسمان: «هل هذا يعني أن الذين لا يريدون الاتفاق هم دعاة حرب؟» وأجاب: «هذا غير عادل بالنسبة لنا». وقال جيرمي بن عمي، رئيس منظمة «جي ستريت» المعتدلة، إنه يؤيد الاتفاق، لكنه يعي أن «المعركة ستكون تاريخية.. ستكون معركة الجيل». كما قال إن منظمته جمعت ما بين مليوني وثلاثة ملايين دولار لإدارة حملة دعائية في الكونغرس، وفي الإعلام، لصالح الاتفاق.\n\n ومن جانب المعارضين، تتفوق أعداد وإمكانات المنظمات المعارضة للاتفاق في حملتها عن مثيلتها في قسم المؤيدين. وعلى رأس هذه، منظمة العمل السياسي الأميركي - الإسرائيلي (أيباك) التي قالت: «سنبذل كل ما نستطيع لإنقاذ المنطقة، وأصدقائنا، ومصالحنا، من مزيد من الإرهاب الإيراني». ويتوقع أن يرفع المعارضون الإسرائيليون من عدد زياراتهم إلى الولايات المتحدة لتعزيز مجهودات «اللوبي». ويذكر من بين هؤلاء: إسحاق هرتسوغ، زعيم حزب الاتحاد الصهيوني، الذي، رغم أنه في المعارضة، قال إنه سيتعاون مع رئيس الوزراء الإسرائيلي، بنيامين نتنياهو، لوقف ما اعتبره «الاتفاق الخطير».\n\n ومن الجانب البريطاني، خفّفت لندن السبت تحذيراتها للرعايا البريطانيين الذين يريدون السفر إلى إيران، بعد أكثر من أسبوع على توقيع الاتفاق النووي بين طهران والقوى العظمى. وأعلنت وزارة الخارجية البريطانية: «ما زلنا ننصح بعدم زيارة بعض المناطق، ولا سيما الحدود مع العراق وباكستان وأفغانستان. لكننا ألغينا النصيحة السابقة التي كانت تقضي بالامتناع عن السفر إلى معظم أنحاء إيران إلا لسبب وجيه».\n\n ومن جهته، قال وزير الخارجية البريطانية، فيليب هاموند: «نعتقد أن المخاطر تغيرت، ومرد ذلك جزئيًا إلى تراجع العداء مع حكومة الرئيس الإيراني حسن روحاني».",
    "date_extracted": "2015-07-26 17:07:14"
}