{
    "url": "http://aawsat.com/home/article/413721/وزير-الدفاع-الأميركي-مشاركة-سنة-العراق-في-الحملة-ضد-«داعش»-أساسية",
    "title": "وزير الدفاع الأميركي: مشاركة سنة العراق في الحملة ضد «داعش» أساسية",
    "author": "بغداد: حمزة مصطفى",
    "content": "قام وزير الدفاع الأميركي آشتون كارتر بزيارة غير معلنة إلى بغداد أمس، أجرى خلالها مباحثات مع نظيره العراقي خالد العبيدي تناولت مختلف جوانب العمليات العسكرية.\n\n ووصل كارتر إلى العاصمة العراقية بواسطة طائرة نقل عسكرية قادما من المملكة العربية السعودية.\n\n وقالت وزارة الدفاع العراقية في بيان إن الوزيرين العبيدي وكارتر «بحثا سبل تدعيم التعاون العسكري بين البلدين»، مضيفة أن الجانب العراقي شدد على «ضرورة مساهمة المجتمع الدولي في إعادة بناء المناطق المحررة»، معتبرًا أن «العراق يمثل خط الدفاع الأول عن أمن الشرق الأوسط وأن قتاله ضد قوى الإرهاب يصب بالنتيجة في حماية مصالح العالم المتحضر». كما طمأن الوزير العراقي نظيره الأميركي بأن «نهج الإصلاح وإعادة بناء المؤسسة العسكرية يسير بخطى مدروسة».\n\n وقام كارتر بزيارة لقوات جهاز مكافحة الإرهاب حيث شاهد عناصرها الذين ارتدوا زيا أسود أثناء تدريبهم على إطلاق النار على نماذج أهداف. وأشاد بالقوات الخاصة العراقية وعبر عن أسفه لسقوط قتلى وجرحى منهم في المعارك. وقال كارتر إنه سيلتقي أيضا بزعماء سنة خلال زيارته، مشيرا إلى أن المشاركة السنية في الحملة أساسية لنجاحها.\n\n وجاءت زيارة كارتر إلى بغداد في وقت كشف فيه مصدر أمني عراقي مسؤول، لـ«الشرق الأوسط»، عن تخلي واشنطن عن الفيتو الخاص بمشاركة فصيلين مدعومين من إيران، هما «عصائب أهل الحق» وكتائب «حزب الله»، في العمليات القتالية.\n\n وقال المسؤول الأمني الذي طلب عدم الإشارة إلى اسمه أو هويته «كان الأميركيون قد أبلغوا القيادة العراقية أن طائراتهم لن تشارك في عمليات قتالية تكون فيها على الأرض العصائب والكتائب، وفي المقابل كان هذان الفصيلان يتحفظان على مشاركتهما في العمليات العسكرية في إطار القوات العراقية في حال شارك طيران التحالف الدولي، غير أن هناك على ما يبدو تفاهما أميركيا - إيرانيا بعد توقيع الاتفاق النووي مؤخرا أدى إلى رفع الفيتو الأميركي عن هذين الفصيلين مقابل رفع تحفظ الفصيلين عن مشاركة الطيران الأميركي مع الإبقاء على تحفظهما بشأن رفض وجود قوات أميركية على الأرض العراقية وكذلك إقامة قواعد عسكرية ثابتة».\n\n ...المزيد",
    "date_extracted": "2015-07-24 08:49:29"
}