{
    "url": "http://aawsat.com/home/article/413956/وزير-الدفاع-الأميركي-يصل-إلى-أربيل-للقاء-بارزاني",
    "title": "وزير الدفاع الأميركي يصل إلى أربيل للقاء بارزاني",
    "author": "لندن: «الشرق الأوسط أونلاين»",
    "content": "وصل اشتون كارتر وزير الدفاع الاميركي، اليوم (الجمعة)، إلى أربيل عاصمة اقليم كردستان العراق، الذي أصبحت قواته أحد أقوى شركاء الولايات المتحدة في المعركة ضد تنظيم «داعش».\n\n وبعد لقاء جمعه أمس مع نظيره العراقي خالد العبيدي في بغداد، بحثا خلاله سبل تدعيم التعاون العسكري بين البلدين في مختلف جوانب العمليات العسكرية، من المتوقع أن يلتقي اليوم خلال الزيارة التي لم يعلن عنها مسبقًا، مع مسعود بارزاني رئيس الاقليم، ويتفقد القوات الاميركية التي تقدم المشورة والتدريب لقوات الأمن الكردية المعروفة باسم البشمركة.\n\n وفي الوقت الذي عبر مسؤولو وزارة الدفاع الاميركية (البنتاغون)، عن أسفهم لاخفاقات الجيش العراقي الذي انهار أمام تقدم تنظيم «داعش» في شمال العراق العام الماضي، دأبوا دوما على امتداح الاكراد.\n\n وتمكنت قوات البشمركة من اجبار مقاتلي التنظيم على التقهقر في شمال العراق ووسعوا من الحدود الرسمية لمنطقتهم شبه المستقلة وحصلوا على مساعدات عسكرية دولية وعززوا صورتهم في الخارج.\n\n وفي تصريحاته للصحافيين قبل الزيارة قال كارتر، إن القوات الكردية هي «قوات برية قوية وناجحة». وصرح بأنه يتطلع إلى لقاء بارزاني وهو زعيم مخضرم لقوات حاربت صدام حسين عشرات السنين.\n\n وفي شهادته امام الكونغرس في وقت سابق من الشهر، قال كارتر إن «الاكراد نموذج لما نبحث عنه.. قوات برية فعالة قادرة على الدفاع عن نفسها متماسكة يمكنها السيطرة على أراض والحفاظ عليها».\n\n ومن المتوقع أن تتطرق محادثات كارتر في أربيل اليوم، إلى مطالب الاكراد من الاسلحة والمعدات.\n\n وكان البنتاغون قد أفاد بأنه يدرس مطالب الاكراد ومنها الحصول على عربات مقاومة للألغام الارضية.\n\n يذكر أنّ خسارة الجيش العراقي للرمادي كانت أسوأ هزيمة مني بها منذ أن اجتاح التنظيم المتطرف شمال العراق الصيف الماضي. وحدث ذلك رغم غارات جوية يومية تقودها الولايات المتحدة لدعم القوات العراقية على الأرض.",
    "date_extracted": "2015-07-24 16:29:16"
}