{
    "url": "http://aawsat.com/home/article/414221/تحركات-اتحادية-لحسم-صفقة-«اللاعب-الآسيوي»",
    "title": "تحركات اتحادية لحسم صفقة «اللاعب الآسيوي»",
    "author": "جدة: إبراهيم القرشي",
    "content": "ناقش منصور البلوي، المشرف التنفيذي على إدارة الكرة بنادي الاتحاد، مع المدرب الروماني لازلو بولوني، يوم أمس، الخيارات الأجنبية التي يضمها الفريق، إلى جانب بحث حسم ملف اللاعب الآســــــيوي خلال الفتــــرة المقبلة. وأشـــــارت المصــــــادر إلى تطرق الاجتمـــــاع للكثير من الأمور المتعلقة بالفريــــــق، ومدى قناعة المدرب الروماني بالمحترفين: الروماني ســــــان مارتين، والبولندي زوكالا، إلى جانب عدد من المتطلبـــــات الفنية للفريق خلال المرحلة المقبلة.\nوأبانت المصادر عدم قناعة المدرب الروماني بشكل كبير باللاعب البولندي زوكالا، في ظل رغبته بلاعب يفوقه إمكانات فنية يشكل إضافة فعلية مع الفريق، بينما يحظى مارتين بالقبول إلى جانب الفنزويلي جيلمين ريفاس. \nوأبانت المصادر أيضًا وجود رغبة من المدرب في مناقشة إدارة النادي باستبدال البولندي متى ما وجودت خيارات جيده متاحة.\nوكان المشرف التنفيذي لإدارة الكرة حظي بترحيب اللاعبين الذين التقى بهم عند وصوله مقر سكن بعثة الفريق، واستهل البلوي اللقاء بحث اللاعبين على بذل قصارى جهودهم خلال المرحلة المقبلة، للإعداد الجيد لانطلاقة منافسات الموسم الرياضي.\nوكان الفريق خسر أولى مواجهاته الودية أمام فريق ليماسول القبرصي ضمن البرنامج الإعدادي للفريق بمعسكره المقام بمدينة ميلانو الإيطالية بهدف نظيف، عمد خلالها المدرب الروماني إلى إشراك أكبر عدد من اللاعبين للوقوف على إمكاناتهم الفنية وتصور كامل عن الفريق.\nبينما لم تعر الجماهير الاتحادية الخسارة الأولى أي اهتمام، قياسًا بتولي الجهاز الفني الإشراف على الفريق في وقت قصير، إلى جانب أنها مباراة إعدادية تهدف إلى الوقوف على مستوى اللاعبين وتجربة النهج التكتيكي للمدرب.\nمن جهة أخرى، تسارع إدارة الاتحاد في إنهاء كل الأمور المترتبة بلحاق فيصل الخراع، لاعب فريق هجر المنضم حديثًا لصفوف فريق الاتحاد، بعد أن تم التوقيع مع اللاعب على عقد احترافي يمتد لـ5 سنوات ببعثة الفريق الموجودة بمدينة ميلانو الإيطالية للانخراط في التدريبات الجماعية، واستكمال مرحلة الإعداد مع زملائه اللاعبين استعدادًا لانطلاقة منافسات الموسم الرياضي.\nفي الوقت الذي دخلت إدارة الاتحاد في خط المفاوضات مع إدارة نادي الوحدة لشراء المدة المتبقية من عقد اللاعب عساف القرني ليتمكن من الانضمام لتدريبات الفريق الجماعية، في الوقت التي تشير المصادر إلى مغالاة الإدارة الوحدية بمطالبها سيدفع لصرف النظر عن شراء المدة، والانتظار لحين انتهاء عقد القرني في أكتوبر (تشرين الأول) المقبل، للانخراط مع الفريق.\nفي المقابل، تبذل إدارة نادي الاتحاد تحركات مكوكية بشأن حسم ملف الأجنبي الرابع المتمثلة بتعاقد مع اللاعب الآسيوي؛ حيث ينتظر أن يتم حسم الملف في غضون اليومين المقبلين، بالتنسيق مع المدرب الروماني للفريق، الذي سيقوم بالمفاضلة بين عدد من الملفات، لاختيار الأنسب منها.",
    "date_extracted": "2015-07-25 02:00:35"
}