{
    "url": "http://aawsat.com/home/article/414266/الشقيقة-الشهيرة-الكبرى-وعقدة-الشقيقة-الصغرى",
    "title": "الشقيقة الشهيرة الكبرى وعقدة الشقيقة الصغرى",
    "author": "لندن: جوسلين إيليا",
    "content": "في أي مجتمع في العالم، إن كان غربيا أو شرقيا، تكون معاملة الابنة الكبرى أكثر صرامة من معاملة الأهل لشقيقتها الصغرى، والسبب يعود إلى أن الأهل يخوضون تجربة التربية للمرة الأولى ويحاولون قدر المستطاع ضبط الأمور والتعامل معها بحساسية لضمان تربية سليمة ورزينة فتكون النتيجة قسوة في التصرف تجاه الابنة الكبرى، إن كان من ناحية التصرفات والخروج وتلبية الدعوات.. وإذا قارنا وضع الفتاة الكبرى بشقيقتها الصغرى نجد بأن هذه الأخيرة تتحلى دائما بمساحة أكبر من الحرية، لأن الأهل يصبون كل ما في وسعهم لضبط الأمور مع الابنة الكبرى ويتساهلون مع الشقيقة الأصغر سنا.\nوتنمو هذه العقدة مع العمر وتتفاقم، وإذا شاء القدر بأن تصبح الشقيقة الكبرى مشهورة فتتغير حياة الشقيقة الصغرى هي الأخرى ولكن إلى الأفضل.\nكما هو الحال مع أمل علم الدين التي تزوجت من النجم الهوليودي جورج كلوني في سبتمبر (أيلول) الماضي، وبذلك تغيرت حياتها بشكل كبير ولم تكن حياتها هي الوحيدة التي تغيرت، لا بل تغيرت حياة شقيقتها الصغرى تالا التي أصبحت مشهورة بحكم الرابط العائلي ولكنها لم تحرم من حريتها ولم تغير الشهرة حياتها بطريقة تدعوها لبذل جهد أكبر للظهور بشكل رزين ومتزن، على عكس أمل التي أضيفت على كاهلها مسؤولية جديدة إلى جانب كونها محامية ناجحة، فهي تحمل مسؤولية كبرى تجاه المجتمع، فكل تصرفاتها محسوبة وحتى هندامها هو الآخر تحت المجهر وحتى وزنها لأنها أصبحت تلقائيا تعيش حياة النجوم وتحت الأضواء وتشاطر حريتها الشخصية وحياتها مع الناس لأن صورتها أصبحت ملك المجتمع.\nونفس الشيء ينطبق على دوقة كمبردج كيت ميدلتون، فعندما ارتبطت كيت بالأمير وليم بعد قصة حب دامت أكثر من عشر سنوات، كانت تعرف تماما ما ستفضي عنه هذه العلاقة، ووضعت نصب عينيها شيئا وحيدا وهو أنها ستصبح ملك الشعب والمجتمع وبمجرد ارتباطها فلن تعد تملك حياتها الشخصية بكل حذافيرها، خصوصا وأن كل تحركاتها مرصودة وكل تحركاتها في بؤرة الضوء، كيف لا وهي ملكة بريطانيا المستقبلية؟، على عكس شقيقتها الصغرى بيبا التي سرقت الأضواء وتصدرت عناوين الصحف عندما وقفت اشبينة لكايت في العرس الملكي، لدرجة أن وسائل الإعلام تناولت صورها بقدر ما تناولت صور العروسين، واستفادت بهذه الصفقة بيبا وفتحت لها أبواب العمل والشهرة وحتى الكتابة في أرفع الصحف البريطانية، في حين أن كيت تعيش خارج لندن بعيدا عن الأضواء على قدر المستطاع وتهتم برعاية طفليها الأمير جورج والأميرة شارلوت، أما بيبا فهي تتمتع بكامل حريتها، عندما تقوم بحركة ناقصة تحصل على المزيد من التغطية الإعلامية ويصب ذلك في مصلحتها، على عكس ما حدث مع كيت عندما التقط لها مصور باباراتزي فرنسي صورا وهي شبه عارية أثناء عطلة مع زوجها في جنوب فرنسا، أما بيبا فتعيش حياة عادية وغير عادية بنفس الوقت، بسبب القربة التي تجمعها بالعائلة المالكة عن طريق زواج شقيقتها.\nالشقيقة الكبرى غالبا ما تكون حياتها أصعب من شقيقتها الصغرى، فالأهل ينتظرون منها الكثير، مثل: الرزانة، الدراسة، التصرف الجيد في المجتمع، انتقاء الملابس المحتشمة وحتى اجتياز فحص قيادة السيارة من أول مرة والدخول إلى الجامعة بتفوق، أما بالنسبة للشقيقة الأصغر، فالأهل يهتمون بها وبنجاحها ولكن ليس بنفس القدر من الحرص، وهنا نحن نتكلم عن الشقيقات العاديات فما بالك ما إذا أصبحت الشقيقة الكبرى مشهورة مثل المغنية الأسترالية العالمية كايلي مينوغ بالمقارنة مع شقيقتها الصغرى داني، نفس الشيء يحدث معهما، ونفس الشيء يحصل مع العارضتين البريطانيتين بوبي وكارا دو لوفين والممثلة سيينا ميللر وشقيقتها سافانا.\nوتأكيدا على هذه النظرية، نشرت صحيفة «الديلي تلغراف» أخيرا خبرا عن وجود المحامية اللبنانية البريطانية في منزلها مع زوجها المطل على بحيرة كومو في إيطاليا وكانت برفقة شقيقتها الصغرى تالا، وما لفت الصحافة البريطانية هو أن تالا بدت متصالحة مع نفسها بشكل كبير وهي تتناول العشاء في أحد مطاعم المنطقة مع شقيقتها وزوجها، وهذا الشيء كان واضحا من خلال اختيارها فستانا بقصة مثيرة وغريبة بعض الشيء، ولم تغب ابتسامتها العريضة عن ثغرها، فهي تعيش في سنغافورة وهي مطلقة ولديها ابنة تدعى ميا وتبلغ من العمر 12 عاما وتعمل في مجال تنظيم الحفلات وتبدو من خلال هندامها بأنها امرأة حرة وتعرف كيف تعيش حياتها، وشهرة شقيقتها الكبرى ساعدتها أيضا في مشوارها المهني والاجتماعي من دون أن تسرق منها حريتها الشخصية لأنها بالنهاية ليست متزوجة من واحد من أهم وأشهر نجوم هوليوود، وبحسب ما نشرته الصحيفة البريطانية، فإنه كان لا بد من المقارنة ما بين أمل وتالا خلال وجودهما معا في إيطاليا، فابتسامة الشقيقة الشهيرة محسوبة وكل تصرفاتها مدروسة وتحلل من قبل الصحافة والإعلام.\nففي النهاية يمكن القول بأن الشقيقات الصغيرات يأكلن الحصرم في حين أن الشقيقات الشهيرات الكبريات يضرسن.",
    "date_extracted": "2015-07-25 02:00:53"
}