{
    "url": "http://aawsat.com/home/article/414321/ثور-أميركي-ينطح-امرأة-حاولت-التقاط-صورة-سيلفي-معه",
    "title": "ثور أميركي ينطح امرأة حاولت التقاط صورة {سيلفي} معه",
    "author": "سالمون (ولاية إيداهو): «الشرق الأوسط»",
    "content": "ذكر مسؤولون أن ثورا أميركيا «بيسون» مستأنسا نطح امرأة بمتنزه يلوستون القومي الأميركي هذا الأسبوع عندما حاولت التقاط صورة سيلفي معه في خامس هجوم من نوعه يتعرض له السائحون ممن يتجاهلون تحذيرات بعدم الاقتراب من هذه الثدييات.\nوقالت إيمي بارتليت المتحدثة باسم المتنزه إن المرأة البالغة من العمر 43 عاما وابنتها كانتا قد أعطيتا ظهريهما للثور قبل أن ينطح المرأة ليطيح بها في الهواء فيما أصيبت بجروح طفيفة.\nوهذه هي الواقعة الخامسة من نوعها منذ مايو (أيار) الماضي فيما يبلغ وزن الثور الواحد نحو طن، وتعد هذه ثالث زائرة تصاب وهي تحاول التقاط صورة مع ثور أميركي.\nوقالت المتحدثة إنه يجري تحذير ملايين من السائحين الذين يزورون المتنزه كل عام من خلال المنشورات واللافتات وشفاهيا بأن يبتعدوا مسافة 25 مترا على الأقل من الثيران والدب الأشهب.\nويبدو أن بعض الرواد يتجاهلون هذه التحذيرات وهم يتدفقون على المتنزه الذي تبلغ مساحته 8800 كيلومتر مربع ويمتد عبر ولايات وايومنغ ومونتانا وايداهو.\nوقالت بارتليت: «الناس لا يصدقون أنها حيوانات متوحشة أصلا وغير مأمونة الجانب ويمكن أن تكون خطرة».\nوقالت إن ثيران المتنزه التي يبلغ عددها نحو أربعة آلاف لا تعبأ أصلا بوجود الزوار وهي ترعى، وغالبا ما تقترب من أماكن مخيمات السائحين والطرق والمباني وساحات انتظار السيارات، مما يجعل بعض السائحين يتصورون أن بالإمكان الاقتراب منها.\nومضت تقول إن الأمر تطلب نقل أربعة ممن تعرضوا لمثل هذه الحوادث إلى المستشفيات.\nويقول مديرو المتنزه إنهم يفكرون في إجراء تعديلات على سياسات أسهمت في مقتل آلاف من الثور الأميركي النقي السلالة من آخر قطعان برية من الحيوان بالبلاد منذ عام 2000 بدعوى القضاء على انتقال الأمراض للثروة الحيوانية.\nولا يزال ثور يلوستون مثارا لجدل محتدم بشأن خطة إدارية صيغت منذ 15 عاما تسعى إلى الإبقاء على ثلاثة آلاف فقط من عشائر هذا الحيوان فيما لا تسمح بقتله إلا إذا هاجر من المتنزه شتاء قاصدا ولاية مونتانا المتاخمة بحثا عن الغذاء.\nويخشى مربو الماشية في مونتانا من أن تصيب الحيوانات الشاردة من البيسون أبقارهم بمرض البروسيلا - وهو مرض انتشر في المتنزه في بادئ الأمر من الثروة الحيوانية المحلية - ويؤدي إلى إجهاض الأبقار وتعريض وضع الولاية الخالية من المرض للخطر.\nكانت هذه الحيوانات الضخمة الجثة الحدباء الظهر التي تحولت إلى أيقونة تجوب منطقة غرب الميسيسبي بعشرات الملايين إلا أن عمليات الصيد الجائر أدت إلى تناقص أعدادها بدرجة كبيرة بعد أن وجدت ملاذا آمنا لها في يلوستون في مطلع القرن العشرين.",
    "date_extracted": "2015-07-25 02:01:49"
}