{
    "url": "http://aawsat.com/home/article/414921/مكسيس-يحسم-ديربي-ميلانو-في-شينزين",
    "title": "مكسيس يحسم ديربي ميلانو في شينزين",
    "author": "شينزين (الصين):  «الشرق الأوسط»",
    "content": "قاد المدافع الفرنسي فيليب مكسيس فريقه ميلان إلى حسم ديربي مدينة ميلانو أمام جاره إنترميلان، بتسجيله هدف الفوز الوحيد في المباراة الودية بينهما، أمس (السبت)، في مدينة شينزين الصينية ضمن كأس الأبطال الدولية. وسجل مكسيس هدف المباراة الوحيد بطريقة رائعة إثر ركلة ركنية انبرى لها جاكومو بونافونتورا خارج المنطقة، فسددها الدولي الفرنسي السابق على الطائر بيمناه وأسكنها الزاوية اليمنى البعيد للحارس الأرجنتيني خوان بابلو كاريثو في الدقيقة 62.\nودخل كل من مكسيس وبونافونتورا في الشوط الثاني، حيث تحسن أداء ميلان كثيرا، بعدما قام مدربه الجديد لاعب ومساعد مدرب إنترميلان السابق الصربي سينيسا ميهايلوفيتش بالكثير من التغييرات، بينها 6 مع انطلاقة الشوط الثاني، و11 في المباراة بأكملها، بينها الوافدون الجدد الكولومبي كارلوس باكا (من إشبيلية الإسباني مقابل 21 مليون يورو) والبرازيلي لويز ادريانو (من شاختار دانييتسك الأوكراني مقابل 5.60 ملايين يورو) ولاعب الوسط الأرجنتيني الأصل خوسيه ماوري (من بارما بانتقال حر)، فيما لعب الوافد الآخر لاعب الوسط أندريا بيرتولاتشي (من روما مقابل 14 مليون يورو) أساسيا قبل أن يترك مكانه مطلع الشوط الثاني، وهو الفوز الأول لميهايلوفيتش في ديربي ميلانو.\nوأكمل ميلان المباراة بعشرة لاعبين إثر طرد أنطونيو نوتشيرينو في الدقيقة 85.\nمن جهته، أجرى مدرب إنترميلان روبرتو مانشيني 11 تبديلا في المباراة، بيد أن ذلك لم يجنب فريقه الخسارة الثانية على التوالي في كأس الأبطال، بعد الأولى أمام بايرن ميونيخ الألماني صفر - 1 أيضا الثلاثاء الماضي. وسيخوض إنترميلان مباراته الثالثة الأخيرة في الصين ضد ريال مدريد الإسباني غدا الاثنين في غوانغجو.\nأما ميلان فسيلاقي النادي الملكي الأربعاء المقبل في الصين، قبل أن يحل ضيفا على بايرن ميونيخ على ملعب اليانز أرينا في ميونيخ في 4 أغسطس (آب) المقبل.\nوفي مجموعة أميركا، حقق فيورنتينا الإيطالي انتصارا صعبا على بنفيكا البرتغالي وتغلب عليه 5 - 4 بضربات الجزاء الترجيحية بعدما انتهت المباراة بالتعادل السلبي.",
    "date_extracted": "2015-07-26 17:08:09"
}