{
    "url": "http://aawsat.com/home/article/413901/واشنطن-في-المراحل-الأخيرة-من-خطة-إغلاق-غوانتانامو",
    "title": "واشنطن في المراحل الأخيرة من خطة إغلاق {غوانتانامو}",
    "author": "واشنطن - لندن: «الشرق الأوسط»",
    "content": "كشف المتحدث باسم البيت الأبيض جوش إرنست أن البيت الأبيض في المراحل الأخيرة من خطة إغلاق سجن غوانتانامو العسكري في كوبا، حيث تعتقل الولايات المتحدة دون محاكمة متهمين بالإرهاب.\nوأعلن المتحدث خلال المؤتمر الصحافي اليومي أول من أمس أن «الإدارة الأميركية في المراحل الأخيرة من خطة إغلاق سجن غوانتانامو بطريقة مسؤولة وآمنة وعرضها على الكونغرس»، وتابع إرنست: «إنها أولوية بالنسبة إلى الرئيس الأميركي باراك أوباما»، الذي وعد بإغلاق القاعدة العسكرية لدى وصوله إلى البيت الأبيض في يناير (كانون الثاني) 2009.\nولكن في الكونغرس يعارض الجمهوريون الذين يتمتعون بغالبية في مجلسي النواب والشيوخ بشدة إغلاق هذا المعتقل، وبدأوا يضعون عقبات إدارية لمنع نقل السجناء إلى الولايات المتحدة أو الخارج. وتواجه الإدارة أيضا مقاومة في وزارة الدفاع «البنتاغون» لترحيل أولئك الذين ما زالوا ينظر إليهم على أنهم تهديد محتمل إلى بلدانهم.\nولكن هذه العراقيل لم تحل دون الإفراج عن معتقلين فقد غادر 28 سجينا المعتقل في 2014 إلى كازاخستان وأوروغواي وجورجيا وسلوفاكيا.\nوقال المتحدث باسم البيت الأبيض: «لقد أحرزنا الكثير من التقدم. وتراجع عدد السجناء من 127 إلى 116»، وأضاف إرنست أن «إبقاء هذا السجن مفتوحا لا يشكل استخداما مجديا للضرائب».\nوالسجن مصدر لانتهاكات حقوقية مزعومة بما في ذلك إخضاع المعتقلين لمحاكاة الغرق أثناء استجوابهم، ويقول البيت الأبيض إن «الجماعات المتشددة تستخدمه كأداة دعائية في تجنيد مؤيدين للقتال في الولايات المتحدة».\nويناقش مجلس الشيوخ الأميركي مشروع قانون سنويًا لسياسة الدفاع يسمح بإغلاق السجن، لكن بشرط أن يقدم الرئيس أولا خطة تحصل على موافقة الكونغرس.\nوما زال سجن غوانتانامو يثير مناقشات بين المدافعين عن حقوق الإنسان والمسؤولين الأمنيين بشأن هل يجب مقاضاة المشتبه بتورطهم في الإرهاب أمام النظام القانوني المدني الأميركي، أم يعاملون كمقاتلين أعداء بمقتضى قوانين الحرب.\nوإلا أن أوباما توعد باللجوء إلى الفيتو لتعطيل القانون، وقد يقرر في نهاية الأمر بحسب المراقبين اللجوء إلى هذا الخيار لضمان إغلاق المعسكر. كما طالبت كوبا في إطار تطبيع علاقاتها مع الولايات المتحدة، استعادة الأراضي التي تقيم واشنطن عليها قاعدتها العسكرية وسجن غوانتانامو.\nووصل المعتقلون الأوائل إلى المعتقل في 11 يناير 2002، وذلك بعد أربعة أشهر تقريبا على اعتداءات 11 سبتمبر (أيلول) 2001.\nولا يزال 116 سجينا من أصل 680 كعدد أقصى أحصى في 2003، من بينهم 75 يمنيا، مما يشكل إحدى أهم العقبات أمام إغلاق السجن بسبب استحالة إعادتهم إلى بلادهم التي تشهد نزاعا مسلحا.\nوشبه غالبية الموقوفين لم تتم محاكمتهم أو توجيه اتهام لهم. اثنان منهم أقرا بالذنب، وأحيل سبعة أمام محكمة عسكرية من بينهم المتهمون الخمسة في اعتداءات 11 سبتمبر 2001.\nوأعلنت السلطات إمكان الإفراج عن 52 معتقلا، معظمهم بسبب غياب أو عدم كفاية الأدلة ضدهم، وتريد ترحيلهم إلى دولهم أو إلى دول ثالثة، وهو ما حصل بالنسبة إلى أربعة منهم منذ 2010.\nورغم إعادة ستة يمنيين إلى سلطنة عمان في 13 يونيو (حزيران) الماضي، فإن عمليات النقل تبدو متوقفة الآن ربما بمبادرة من وزير الدفاع آشتون كارتر بحسب صحيفة «نيويورك تايمز» الأميركية.",
    "date_extracted": "2015-07-24 08:51:43"
}