{
    "url": "http://aawsat.com/home/article/412741/محكمة-نمساوية-تقضي-بسجن-شيشاني-لانضمامه-إلى-متطرفين-في-سوريا",
    "title": "محكمة نمساوية تقضي بسجن شيشاني لانضمامه إلى متطرفين في سوريا",
    "author": "فيينا: «الشرق الأوسط»",
    "content": "قضت محكمة في النمسا بالسجن خمس سنوات على مواطن من الشيشان لإدانته بالإرهاب عقب سفره إلى سوريا عام 2013، وذلك في أحدث وأقسى حكم تصدره المحاكم النمساوية في قضايا ذات صلة بتنظيم داعش.\nوأدين الشيشاني البالغ من العمر 30 عاما، والذي عرف باسم محمد زد بالإرهاب وحيازة صور إباحية للأطفال، لكن جرت تبرئته من تهمة تلقي تدريب قتالي في سوريا، وكان يواجه السجن عشر سنوات عن تهمة الإرهاب وحدها.\nودفع الشيشاني ببراءته من كل التهم المنسوبة إليه، وقال إنه سافر إلى سوريا فقط لمساعدة اللاجئين والبحث عن ابن قريب له. وقال متحدث باسم المحكمة في بلدة كريمس النمساوية إن الادعاء والشاب الشيشاني سيستأنفان الحكم.\nوفي وقت سابق من الشهر قضت محكمة في فيينا بالسجن عامين ونصف العام على شاب نمساوي، يبلغ من العمر 17 عاما، بعد إدانته بتأييد تنظيم داعش في سوريا. وفي يونيو (حزيران) الماضي أصدرت محكمة نمساوية أحكاما بالسجن على عشرة أشخاص لمدد تصل إلى ثلاث سنوات لمحاولتهم الاتصال بمتشددين في سوريا.\nوفي مايو (أيار) الماضي صدر حكم بالسجن لمدة عامين على صبي من النمسا عمره 14 عاما، بعد إدانته بتحميل كيفية صنع القنبلة على جهاز «بلاي ستيشن».\nوفي نوفمبر (تشرين الثاني) من سنة 2014 أعلنت النيابة في فيينا أن 13 شخصا يشتبه بأنهم قاموا بتجنيد متشددين للقتال في سوريا أوقفوا في إطار حملة مداهمات واسعة جرت في النمسا، استهدفت منازل وأماكن صلاة ومساجد في مختلف أنحاء البلاد، وأضافت أن الحملة التي شارك فيها 900 شرطي سمحت باعتقال 16 شخصا، بينهم 13 ظلوا في التوقيف الاحترازي في إطار تحقيق حول «تجنيد شبان للحرب الأهلية في سوريا». كما ذكرت وزارة الداخلية النمساوية أن أكثر من عشرة مرشحين لـ«الجهاد» أوقفوا في النمسا منذ منتصف أغسطس (آب) الماضي. وقد قدرت الوزارة في سبتمبر (أيلول) الماضي، أن 142 شخصا بينهم 12 امرأة التحقوا من النمسا بصفوف المسلحين في سوريا والعراق.\nوتنوي النمسا أيضا تعزيز قوانينها ضد الحملات الدعائية للمتشددين، وتشعر بالقلق من تأثيرها المتزايد على الشبان.\nوبحسب وزارة الداخلية النمساوية، فإن نحو 150 متشددا حاولوا مغادرة البلاد للقتال في سوريا أو العراق إلى الآن، موضحة أن نصف هؤلاء يتحدرون من الشيشان في القوقاز. وذكرت الوزارة أن ستين من هؤلاء المتشددين عادوا إلى النمسا وقتل 30 في المعارك، وتجري السلطات تحقيقات حول نحو مائة شخص للاشتباه بمشاركتهم في مخطط وصفته بالإرهابي.",
    "date_extracted": "2015-07-23 19:30:30"
}