{
    "url": "http://aawsat.com/home/article/414961/بارتوميو-يتعهد-بمحاربة-انتقال-أفضل-لاعبي-العالم-للدوري-الإنجليزي",
    "title": "بارتوميو يتعهد بمحاربة انتقال أفضل لاعبي العالم للدوري الإنجليزي",
    "author": "لندن: «الشرق الأوسط»",
    "content": "تعهد خوسيب ماريا بارتوميو رئيس نادي برشلونة بطل الثلاثية التاريخية (الدوري والكأس الإسبانية ودوري أبطال أوروبا لكرة القدم) بأنه يكافح من أجل منع أفضل لاعبي العالم من الانتقال إلى الدوري الإنجليزي.\nومن المتوقع أن يصبح الدوري الإنجليزي الممتاز مصدر جذب للاعبين بداية من موسم 2016 - 2017 بعد بيع حقوق البث التلفزيوني للمسابقة مقابل 1.‏5 مليار جنيه إسترليني، ولكن بارتوميو يشعر بقدرة برشلونة على مواجهة هذا التهديد. وقال بارتوميو لهيئة الإذاعة البريطانية (بي بي سي): «سنصارع الدوري الإنجليزي الممتاز، نريد جلب أفضل اللاعبين إلى الدوري الإسباني». وتابع: «صحيح أن الدوري الإنجليزي الممتاز أفضل مسابقة في العالم، ليس فقط على المستوى الرياضي، ولكن أيضا على مستوى الدخل». وفي الأعوام السابقة انتقل أمثال غاريث بيل ولويس سواريز من الدوري الإنجليزي إلى الدوري الإسباني مقابل أرقام فلكية، ولكن من المتوقع انخفاض هذه الظاهرة بفضل العوائد المادية للأندية من جراء مكتسبات بيع حقوق البث التلفزيوني. وأشار بارتوميو: «العقد الجديد لحقوق البث التلفزيوني للدوري الإنجليزي، خطوة ينبغي أن تسير على نهجها باقي الدوريات.. ولكن لا يوجد ناد في العالم يمتلك نفس دخل برشلونة».\nفي المقابل، أعرب بارتوميو عن اعتقاده أن المدير الفني لفريق مانشستر يونايتد لويس فان غال قادر على إعادة الألقاب المحلية والأوروبية لفريقه ليصبح مجددا في طليعة الفرق الأوروبية. واعتبر بارتوميو أن مانشستر يونايتد اختار المدرب الذي يستطيع الذهاب بعيدا معه، متوقعا أن يكون يونايتد من بين الأندية المرشحة للتنافس على لقب دوري أبطال أوروبا هذا الموسم. واستبعد رئيس الفريق الكتالوني أن ينجح الفريق الإنجليزي في ضم نجمه المتألق ليونيل ميسي رغم القوة المالية التي يتمتع بها يونايتد بصفة خاصة والدوري الإنجليزي بصفة عامة.\nجدير بالذكر أن فان غال سبق أن أشرف على تدريب برشلونة في الفترة ما بين عامي 1997 و2000. وشكر بارتوميو فان غال على الفترة الناجحة التي قضاها المدرب الهولندي في برشلونة، مشيرا إلى أن فان غال اكتشف مواهبه من أفضل المواهب التي شهدها الفريق الكتالوني في الأعوام الخمسة عشر الماضية المتمثلة في نجمه تشافي هيرنانديز، إضافة إلى مواهب أخرى كثيرة قدمها فان غال خلال فترة تدريبه لبرشلونة. وتوقع رئيس برشلونة نجاحا كبيرا وقريبا لمانشستر يونايتد في السنوات المقبلة، مشيرا إلى أن يونايتد يعتبر واحدا من أكبر الأندية في العالم.\nواستبعد رئيس النادي الكتالوني احتمالية رحيل اللاعب بيدرو رودريغيز، مؤكدا أن النادي لم يتلق أي عرض في هذا الخصوص، وأن على اللاعب أن يطلب الرحيل إن أراد ذلك، وأن يلتزم بالشرط الجزائي المدرج بعقده. وكانت صحيفة «آس» الإسبانية ذكرت في وقت سابق أن مانشستر يونايتد يتطلع إلى ضم الجناح الشاب من صفوف برشلونة. وأضافت الصحيفة أن الصفقة ستتكلف نحو 24 مليون يورو بجانب 6 ملايين أخرى تتعلق بأداء اللاعب في أولد ترافورد. وقال بارتوميو الذي فاز أخيرا بفترة ولاية جديدة بعد نجاحه في الانتخابات الرئاسية لبرشلونة: «لقد أوضحنا كل شيء.. الفريق أصبح متكاملا ولا نفكر في رحيل أي لاعب.. إذا أراد أحدهم الرحيل فعليه أن يخبرنا بهذا الأمر، ولكن ليس لدينا أي معلومات عن رغبة أي لاعب في الرحيل.. لم نتلق أي عروض». وعاد بارتوميو للتأكيد على استراتيجية النادي في التعامل مع اللاعبين، قائلا: «إذا رحل أحد اللاعبين فإن ذلك سيكون لأنه أراد الرحيل.. نحن لا نرغب في أن يرحل أي أحد». وفي معرض رده عن سؤال حول ما إذا كان الطريق الوحيد أمام أي لاعب للرحيل هو دفع قيمة الشرط الجزائي، أجاب بارتوميو قائلا: «هذا الأمر أوضحه المدرب قبل ذلك ونحن نفكر بنفس الطريقة».\nجدير بالذكر أن سوق الانتقالات الصيفية الحالية تشهد تنافسا مثيرا بين الأندية على نجوم كرة القدم في الفترة التي انقضت من عمر سوق الانتقالات وهي 25 يوما، حيث تم خلالها مجموعة كبيرة من التعاقدات المثيرة. ولعل أكثر المستفيدين حتى الآن في سوق الانتقالات هم الفرق الإنجليزية وعلى رأسهم مانشستر يونايتد، الذي تعاقد مع أسماء كبيرة ومؤثرة، ويأتي بعده كل من ليفربول ومانشستر سيتي اللذين قاما بتعاقدات مهمة وكثيرة أيضا، وفي الدوري الإسباني برزت حتى الآن صفقات أتلتيكو مدريد على حساب القطبين برشلونة وريال مدريد، بينما برز في الدوري الإيطالي يوفنتوس.",
    "date_extracted": "2015-07-26 17:08:29"
}