{
    "url": "http://aawsat.com/home/article/415136/تركيا-تواصل-غاراتها-على-«داعش»-و«الكردستاني»-وتتوقع-نشوء-«مناطق-آمنة»",
    "title": "تركيا تواصل غاراتها على «داعش» و«الكردستاني» وتتوقع نشوء «مناطق آمنة»",
    "author": "بيروت – إسطنبول:  «الشرق الأوسط»",
    "content": "واصلت تركيا، أمس، حملتها العسكرية الواسعة على تنظيمي «داعش» و«حزب العمال الكردستاني» المحظور، وقال رئيس الوزراء التركي أحمد داود أوغلو إنها مستمرة «حتى زوال التهديد الذي يمثله التنظيمان»، فيما تحدث وزير خارجيته مولود جاويش أوغلو عن أن المناطق التي سوف ينسحب منها «داعش» سوف تتحول إلى مناطق آمنة.\nوفيما رفض الناطق بلسان الخارجية التركية تانجوبيلتش اعتبار كلام الوزير «بداية تنفيذ للمنطقة الآمنة»، ممتنعا عن الرد على أسئلة لـ«الشرق الأوسط» بهذا الخصوص، قالت مصادر في مكتب رئيس الوزراء التركي لـ«الشرق الأوسط» إن العملية مستمرة حتى تحقيق أهدافها، وإن الحديث عن منطقة آمنة بالمعنى الحرفي لا يزال مبكرا، مشيرا إلى أن الولايات المتحدة باتت أقرب من أي وقت مضى إلى الرأي التركي الذي ينادي بضرورة إقامة هذه المنطقة لحماية المدنيين السوريين من بطش النظام والتنظيمات الإرهابية في الوقت نفسه، وبما يسمح بإعادة ملايين اللاجئين إلى بلادهم.\nوأعلنت تركيا أمس عن استهداف جديد قام به سلاح الجو التركي الذي وزع مقاطع فيديو للعملية التي استهدف خلالها ثلاثة أهداف لتنظيم داعش في شمال سوريا. وذكرت صحيفة «ديلي صباح» أنّ الأهداف الثلاثة داخل سوريا تقع على بعد 10 و15 كيلومترا من الحدود التركية، وتُستخدم كمقرات وأماكن لتجمع قوات «داعش»، كما قصفت المدفعية التركية ثلاثة أهداف تابعة لتنظيم داعش في سوريا. وأفادت مصادر في رئاسة الوزراء التركية أن «العمليات العسكرية ضد منظمة (بي كا كا) الإرهابية، وتنظيم داعش خارج حدود تركيا متواصلة، وفي هذا الإطار قصفت المدفعية 3 أهداف للتنظيم في سوريا، دون الإشارة إلى توقيت القصف.\nوقال رئيس الوزراء التركي، أحمد داود أوغلو: «إن العمليات العسكرية والأمنية ضد التنظيمات الإرهابية، ليست موجهة ضد هدف واحد، وإنما هي عملية مرحلية ستتواصل ما دامت التهديدات ضد تركيا قائمة». وأكد داود أوغلو أن حكومة بلاده مستعدة للرد بأشد الطرق على عناصر التهديد، طالبًا من الأتراك التعاطي بهدوء مع الوضع، من منطلق الثقة بالدولة والحكومة.\nوبدوره قال وزير الخارجية التركي، مولود جاويش أوغلو، إن غاية بلاده هي القضاء على خطر «داعش»، وإن المناطق الآمنة ستتشكل من تلقاء نفسها بعد إزالة خطر التنظيم من سوريا، وحتى من العراق. وأضاف في مؤتمر صحافي عقده أمس في مقر الخارجية بالعاصمة التركية أنقرة، وأوضح فيه أن قرار تحديد القواعد العسكرية التي ستستخدمها قوات التحالف الدولي في عملياتها ضد «داعش»، سيتم بعد دراسة الموضوع مع الولايات المتحدة الأميركية، مؤكدا استمرار المباحثات بخصوص ذلك. وأشار إلى أن التهديدات الناجمة عن الصراع الدائر في سوريا اتخذت شكلا جديدا بعد ظهور «داعش»، مضيفا: «نحن شجبنا كل أشكال الإرهاب، وقلنا إن الإرهاب ليس له دين، وعرق، ولغة، وإن محاربته لا تتم إلا من خلال استراتيجية شاملة ومشتركة، لأن دولتنا تحارب الإرهاب منذ 40 عاما».\nوردا على سؤال أحد الصحافيين حول انتقال العمليات ضد «داعش»، إلى داخل الأراضي السورية، أجاب جاويش أوغلو: «نمتلك القدرة والقابلية التي تمكننا من مواجهة أي تهديدات أيًّا كان مصدرها، ضمن إطار القانون الدولي»، مبينا أن قاعدة «إنجيرليك» الجوية (في ولاية أضنة) لم تفتح بعد أمام طائرات قوات التحالف الدول في حربها ضد «داعش».",
    "date_extracted": "2015-07-26 17:07:17"
}