{
    "url": "http://aawsat.com/home/article/412651/تيلور-وإد-شيران-يتصدران-جوائز-«إم-تي-في»-للأغاني",
    "title": "تيلور وإد شيران يتصدران جوائز «إم تي في» للأغاني",
    "author": "لندن: «الشرق الأوسط»",
    "content": "تصدرت مغنية البوب تيلور سويفت والمغني وكاتب الأغاني البريطاني إد شيران والمغنية بيونسيه والموسيقي مارك رونسون الترشيحات لجوائز (إم.تي.في) فيديو ميوزيك، حسب ما قالته شبكة تلفزيون «إم.تي.في».\nورشحت سويفت التي حقق ألبومها 1989 أفضل مبيعات في 2014 للفوز بتسع من الجوائز التي ستسلم في 30 أغسطس (آب). ورشح شيران لست جوائز فيما رشح كل من بيونسيه ورونسون للفوز بخمس جوائز. وستتنافس أغاني «باد بلود» لسويفت و«711» لبيونسيه و«ثينكينج أوت لاود» لشيران و«ابتاون فانك» لرونسون على جائزة أفضل أغنية مصورة لهذا العام. ورشحت أغنية «بلانك سبيس» لسويفت لجائزتي أفضل أغنية مصورة لفتاة وجائزة أفضل أغنية بوب مصورة.\nوسيذاع الحفل - الذي يجتذب شريحة الشباب - على الهواء مباشرة من مسرح مايكروسوفت الذي كان يحمل في السابق اسم مسرح نوكيا في لوس أنجليس.",
    "date_extracted": "2015-07-23 19:31:45"
}