{
    "url": "http://aawsat.com/home/article/414376/حملة-اعتقالات-واسعة-في-صفوف-الفلسطينيين-لتسهيل-احتفالات-دينية-في-باحة-الأقصى",
    "title": "حملة اعتقالات واسعة في صفوف الفلسطينيين لتسهيل احتفالات دينية في باحة الأقصى للمستوطنين",
    "author": "تل أبيب: نظير مجلي",
    "content": "في الوقت الذي تشدد فيه سلطات الاحتلال الإسرائيلي إجراءات القمع في القدس الشرقية، بدعوى منع الفلسطينيين من التصدي لليهود في ذكرى الحداد على خراب الهيكل، خرج مئات المصلين في المسجد الأقصى المبارك، في مسيرة بعد صلاة الجمعة، أمس، احتجاجا على قيام مستوطنة يهودية بتوجيه إساءات إلى المسلمين.\nوقد شارك في المسيرة مئات المصلين من الرجال والنساء، الذين رددوا هتافات مناصرة للرسول عليه الصلاة والسلام، ورفعوا المصاحف وإشارة التوحيد. وسبقت المسيرة وقفات احتجاجية بين المسجدين القبلي وقبة الصخرة المشرفة، حيث انطلقت بعدها المسيرة من أمام كافة أبواب المسجد الأقصى الداخلية، فيما تم إغلاق بعض البوابات من الخارج. وفي ظل الاحتشاد الكبير للمصلين والمشاركين في المسيرة الاحتجاجية، سحبت قوات الاحتلال عناصرها المتمركزين عند مداخل الأقصى، فيما قام الشبان والمشاركون في المسيرة بإزالة حواجز الاحتلال الحديدية عند المداخل، وتحطيم كاميرا المراقبة المنصوبة عند باب الأسباط.\nوجاءت هذه المسيرة بعد قيام مركز الإعلام الفلسطيني ببث شريط على الشبكات الاجتماعية يظهر مجموعة من المستعمرين اليهود تتجول في باحة الأقصى بحماية قوة من حرس الحدود الإسرائيلية، والمصليات المسلمات يهتفن «الله أكبر». فقامت إحدى المستوطنات اليهوديات بشتم الرسول الكريم بالعربية، وغادرت مع بقية المستوطنين. وقد أثار هذا الاعتداء مشاعر المسلمين. ودعت مؤسسة القدس الدولية على لسان مديرها العام، ياسين حمود، إلى هبة غضب نصرة للنبي صلى الله وسلم ولمسراه. وقال حمود: «إنه في الوقت الذي تلاحق فيه قوات الاحتلال كل من يصدح بالتكبير بالسجن والتنكيل، فإنها تسمح وتقدّم الحماية للمتطرفين من أجل تدنيس المسجد الأقصى بالاقتحامات المتكررة وتسهل لهم المسيرات الاستفزازية في البلدة القديمة التي يطلقون فيها الإهانات وتعلو أصواتهم بشتيمة أقدس رموز المسلمين، وكل ذلك بحراسة عسكرية ودعم حكومي غير محدود».\nودعا حمود علماء الأمة والمرجعيات الدينية إلى تعبئة الجماهير الإسلامية والعربية وحثها على الخروج بمسيرات عامة مناهضة للاحتلال، بسبب تطاوله على الرموز الإسلامية، وانتهاكه لحرمة مسرى النبي صلى الله عليه وسلم، وغيرة على اعتداءات قوات الاحتلال المتزايدة على المرابطات المقدسيات اللواتي يقمن بواجبهن في حراسة الأقصى والتصدي لاقتحامات المتطرفين. كما دعا حمود المقدسيين وفلسطينيي 1948 إلى تكثيف الوجد في الأقصى وشد الرحال إليه أيام الجمعة والسبت والأحد، تحت شعار «حماية مسرى النبي» صلى الله عليه وسلم، في ظل حشد الجمعيات الصهيونية ودعوتها لاقتحامات جماعية للأقصى بمناسبة «ذكرى خراب الهيكل»، مؤكدًا على أهمية دور المرابطين والمرابطات في حماية الأقصى من مشروع الاحتلال في السيطرة عليه.\nوكانت سلطات الاحتلال قد أقامت المزيد من الحواجز وكثفت الدوريات البوليسية، تمهيدا لقدوم ألوف المصلين اليهود خلال اليومين القادمين إلى منطقة الحرم لإحياء ذكرى خراب الهيكل. فالمعروف أن المستوطنين يعتقدون بغالبيتهم أن الهيكل اليهودي المقدس كان قائما مكان قبة الصخرة. وبعضهم يطالبون بهدم الصخرة وإعادة بناء الهيكل مكانها. ولذلك يأتون لإقامة الصلوات هناك. وقد شنت القوات الإسرائيلية حملة اعتقالات واسعة، طالت مجموعة كبيرة من أبناء البلدة القديمة في القدس المحتلة، فجر أمس الجمعة، بدعوى ردع الفلسطينيين عن استفزاز المصلين اليهود. كما سلمت عددا كبيرا آخر من المقدسيين الاستدعاءات لمراجعة مخابراتها.\nوقال رئيس لجنة أهالي الأسرى والمعتقلين المقدسيين، أمجد أبو عصب، إن هذه الاعتقالات تدل على أن المنظمات والجمعيات اليهودية تنوي القيام بأوسع مشاركة في اقتحام المسجد الأقصى المبارك صباح يوم الأحد المقبل. وحذر من دعوة المستوطنين للشرطة بأن تغلق المسجد أمام المواطنين وفتحه بالكامل أمام المستوطنين لممارسة طقوسهم التلمودية بهذه المناسبة، وتسهيل اقتحام المسجد.\nوفي غضون ذلك، تتواصل عمليات القمع الاحتلالي في مختلف أنحاء الضفة الغربية. ففي الخليل اعتقل سبعة أشخاص. وفي مخيم الدهيشة جنوب بيت لحم، أصيب شابان برصاص قوات الاحتلال، التي اقتحمت المخيم فجر أمس الجمعة. وخلال المسيرة الأسبوعية لأهالي قرية النبي صالح غربي رام الله، احتجاجا على الجدار، أصيب متظاهران بإصابات متوسطة من العيارات النارية لجيش الاحتلال.\nمن جهة ثانية، أصدرت سلطات الاحتلال تعليمات بمنع المواطنين العرب في إسرائيل، من دخول قطاع غزة في الحقبة المقبلة. وبحسب ادعاء الجيش كان يُسمح لهؤلاء المواطنين بالتوجه إلى قطاع غزة من أجل زيارة أقارب من الدرجة الأولى، أو المشاركة في جنازات أو أعراس، والالتقاء مع الزوج أو الزوجة. ووفقا لمعطياته فإن 762 مواطنا عربيا زاروا القطاع في النصف الأول من العام الحالي. وقرر قائد الجبهة الجنوبية في جيش الاحتلال، سامي ترجمان، قبول توصية من منسق أعمال الحكومة الإسرائيلية في المناطق المحتلة، يوآف مردخاي، بـ«تقليص» دخول المواطنين العرب إلى قطاع غزة، بدعوى «الأخطار الأمنية عليهم». وفسر الجيش هذه الخطوة بالقول إن حكومة حماس تحتجز في غزة مواطنا عربيا ومواطنا يهوديا من إسرائيل، وتحاول التعامل معهما كمخطوفين تفاوض على صفقة لإطلاق سراحهما مقابل إطلاق أسرى فلسطينيين من السجون الإسرائيلية.",
    "date_extracted": "2015-07-25 02:04:12"
}