{
    "url": "http://aawsat.com/home/article/413101/ملتقى-شباب-أفريقيا-يناقش-في-العاصمة-الموريتانية-قضايا-التطرف-والبطالة",
    "title": "ملتقى شباب أفريقيا يناقش في العاصمة الموريتانية قضايا التطرف والبطالة",
    "author": "نواكشوط: الشيخ محمد",
    "content": "اختتم بالعاصمة الموريتانية نواكشوط مساء أمس الأربعاء ملتقى شباب أفريقيا، الذي نظم من طرف الحكومة الموريتانية، بمشاركة نحو 300 شاب أفريقي جاءوا لمناقشة مواضيع تتعلق بالتطرف والهجرة السرية والبطالة، بوصفها أبرز التحديات التي تواجه الشباب الأفريقي.\nوأصدر الملتقى جملة من التوصيات تطالب بالرفع من مستوى مشاركة الشباب في تسيير الشأن العام بالقارة الأفريقية، بالإضافة إلى الحد من انتشار البطالة والجهل والتهميش، باعتبارها بوابات تستغلها التنظيمات المتطرفة لاستقطاب الشبان الذين فقدوا الأمل.\nوفي هذا السياق، قالت كومبا با، وزيرة الشباب والرياضة الموريتانية، في اجتماع عقدته مع عدد من نظرائها الأفارقة على هامش الملتقى أمس، إن «التظاهرة التي شهدتها نواكشوط أسست لخلق احتكاك وتبادل للمعارف بين شباب قارتنا لمحاربة التطرف والهجرة السرية وترسيخ دور الشباب في التنمية».\nوأضافت الوزيرة أن «عدد المشاركين في الملتقى وصل إلى 350 مشاركاً، توزعوا على ورشات أطرها خبراء وطنيون ودوليون بغية إصدار توصيات ستدرج في إعلان نواكشوط، الذي سيعرض على الوزراء للمصادقة عليه»، مشيرة إلى أن هذه الورشات «تناولت الكثير من القضايا التي تعيق مسيرة الشباب في دولنا، فنسبة الشباب تصل إلى 60 في المائة من سكان العالم، مما يجعل دوره يمثل حجر الزاوية في التنمية الاقتصادية للدول»، وفق تعبيرها.\nوكان الملتقى الأول من نوعه في نواكشوط قد شهد مشاركة وفود شبابية من موريتانيا ودول المغرب العربي، ودول منظمة استثمار نهر السنغال (مالي، والسنغال، وغينيا) ونيجيريا والكونغو، بالإضافة إلى ممثلين عن عدد من الهيئات والمنظمات الدولية، وبعض أعضاء السلك الدبلوماسي في موريتانيا.\nوخلال فعاليات الملتقى أكد ماريو ساماجا، ممثل برنامج الأمم المتحدة للتنمية في موريتانيا، على «أهمية إشراك الشباب في الخطط التنموية، لما تمثله هذه الفئة العمرية من قوة فاعلة ونشطة في المجتمع»، معلنًا استعداد برنامج الأمم المتحدة للسكان مساعدة البلدان الأفريقية في «مجال تعزيز إشراك الشباب في البناء والتنمية».\nمن جانبه، دعا لاري آندري، سفير الولايات المتحدة الأميركية بنواكشوط إلى «إنشاء شبكة جهوية عابرة للحدود لقادة الشباب والفاعلين في المجتمع المدني العاملين في مجموعاتهم الخاصة لمحاربة التطرف»، مؤكدًا أن «مستقبل القارة الأفريقية مرهون بفهم شبابها لدوره في التنمية المستدامة التي تأخذ بعين الاعتبار الأمن والتقدم في البلاد»، على حد تعبيره.\nفي غضون ذلك، تواجه القارة الأفريقية عمومًا، ومنطقة الساحل على وجه الخصوص، تحديات كبيرة تتمثل في تزايد نفوذ الجماعات المتطرفة التي تتخذ من بؤر الفقر والجهل مراكز لاستقطاب الشباب، بالإضافة إلى تحديات الهجرة السرية التي تودي سنويًا بحياة عشرات الآلاف من الشباب الأفارقة، إما غرقاً في البحر أو عطشًا في الصحراء.",
    "date_extracted": "2015-07-23 19:30:44"
}