{
    "url": "http://aawsat.com/home/article/415491/«إياتا»-أزمة-اليونان-تكبح-نمو-أسواق-الطيران",
    "title": "«إياتا»: أزمة اليونان تكبح نمو أسواق الطيران",
    "author": "جدة: فهد البقمي",
    "content": "أكد الاتحاد الدولي لشركات الطيران «إياتا» أن الطلب على خدمات الطيران لا يزال قويا إلا أن تحولات جديدة ستشهدها مؤشرات حركة الصناعة في آسيا والمحيط الهادي بسبب تداعيات الأزمة اليونانية وتراجع النشاط التجاري في المنطقة الأمر الذي يؤدي إلى كبح جماح نمو الحركة الجوية.\nووفقا لتقرير حركة قياس مؤشر السفر الذي تلقت «الشرق الأوسط» نسخة منه أن نمو الطلب على السفر تحسن خلال الأشهر الماضية من العام الحالي بنسبة تراوحت ما بين 5 و6 في المائة مقارنة بالفترة نفسها من عام 2014. مما يؤكد أن النتائج إيجابية في صناعة النقل الجوي على مستوى العالم باستثناء ما يحدث من تباطؤ في النشاط الاقتصادي والسياحي في اليونان بعد أزمة الديون.\nوقال توني تايلر الرئيس التنفيذي للاتحاد الدولي لشركات الطيران إنه «رغم التفاؤل الكبير في استطلاع قياس مؤشرات الطلب على السفر جوا والأرقام التي أشارت إلى نمو جيد يعكس مدى اعتماد الاقتصادات على الناقلات الجوية كوسيلة مواصلات اقتصادية وسريعة تتماشى مع متطلبات العصر من حيث السرعة والإنجاز، إذ يتم نقل 35 في المائة من البضائع عبر طائرات الشحن الجوي إلى جانب ملايين المسافرين الذي يعبرون مطارات العالم يوميا». مشيرا إلى أن الأزمة التي حلت باليونان قادرة على كبح أداء الأسواق خلال الأشهر المقبلة مما ينعكس بشكل سلبي على حركة الطيران في البلاد.\nوبالعودة إلى الحركة الجوية فإن الناقلات الأوروبية سجلت زيادة في الطلب بنسبة 5.9 في المائة، وبحسب التقرير فإنه يعد نموا قويا رغم المشكلات الاقتصادية في أوروبا. إلا أن تفاقم الأزمة المالية اليونانية قد يجعل هذا الاتجاه الإيجابي تحت ضغط كبير خلال الفترة المقبلة.\nوسجل إجمالي نقل الركاب الدولي في المطارات العالمية نموا بلغ 7 في المائة، حيث سجلت منطقة الشرق الأوسط نموا خلال شهر مايو (أيار) الماضي بلغ 14 في المائة قياسا بنفس الفترة من العام الماضي، حيث جاء مدعوما بنشاط الأعمال في القطاعات غير النفطية التي لا تزال تظهر تحسنا جيدا.\nوأوصى التقرير إدارات المطارات المزدحمة بتوجيه إشارات قوية إلى الحكومات لمعالجة نقاط الاختناق الحرجة في مطاراتهم، ومنها تطبيق الأمان وزيادة معايير السلامة والعمل على تطوير إدارة الحركة الجوية على نحو يمنحها القدرة على التجاوب مع متطلبات ارتفاع الطلب على السفر عبر المطارات خلال السنوات المقبلة. مشيرا إلى أن القدرة الاستيعابية للطائرات حول العالم ارتفعت بمقدار 6.4 في المائة.\nووفقا لإحصاءات «الأياتا» فإن حجم الحركة الجوية سيرتفع عالميا من 68 مليون حركة حاليا إلى 119 مليون حركة بحلول عام 2025، وهو ما يعني تزايد حدة الازدحام في المطارات والأجواء في حين ستنمو بمعدل 4 في المائة سنويا لتصل إلى 214 مليون طن بحلول عام 2025، بمعدل 5.4 في المائة سنويا، مما يضع ضغوطا هائلة على عمل المطارات.\nوكانت شركة «بيونغ» العالمية ذكرت أن احتياج العالم من الطائرات خلال عام 2020 سوف يصل إلى 33.5 ألف طائرة، نصيب منطقة الشرق الأوسط منها 2500 طائرة جديدة، وذلك في ظل النمو المتزايد والإقبال على السفر بالطائرات.",
    "date_extracted": "2015-07-27 17:11:56"
}