{
    "url": "http://aawsat.com/home/article/414231/مسؤول-آسيوي-انكسار-بلاتر-خلط-أوراق-الشيخ-الفهد",
    "title": "مسؤول آسيوي: انكسار بلاتر خلط أوراق الشيخ الفهد",
    "author": "الدمام: علي القطان",
    "content": "كشف مسؤول آسيوي ومقرب جدا من صناع القرار بالاتحاد الآسيوي لكرة القدم لـ«الشرق الأوسط» أن التحالف الذي يقوده الشيخ أحمد الفهد سيضع كل ثقله لصالح الفرنسي ميشيل بلاتيني في الانتخابات المقبلة الاستثنائية للاتحاد الدولي لكرة القدم (الفيفا) لاختيار خليفة للسويسري جوزيف بلاتر الذي أعلن استقالته من منصبه بعد أسابيع فقط من فوزه في الانتخابات نتيجة تورط عدد من الأعضاء المساعدين له في تهم فساد، حيث يتم منذ قرابة الشهرين التحقيق معهم من قبل (إف بي آي).\nوستجرى الانتخابات في السادس والعشرين من شهر فبراير (شباط) من العام المقبل 2016.\nوبين المصدر أن التفاهم الذي تم بين الشيخ أحمد الفهد وجوزيف بلاتر بشأن تولي الفهد قيادة الاتحاد الدولي بعد نهاية الفترة القانونية الجديدة للرئيس الحالي قد أنكسر بعد أن فقد بلاتر نفسه الثقة من عدد من الاتحادات الكروية حول العالم بسبب تهم الفساد، حيث تنهار الثقة يوما بعد يوم في بلاتر، كما أن الفهد الذي يملك تحالفا قويا في قارة آسيا التي تحوي العدد الأكبر من الاتحادات الرياضية في العالم لم يعد قادرا على الاحتفاظ بهذا التحالف بعد تهم الفساد الأخيرة التي هزت الثقة حول العالم في أكبر منظومة عالمية لقيادة لعبة كرة القدم.\nوكان هاشم حيدر رئيس الاتحاد اللبناني وعضو المكتب التنفيذي بالاتحاد الآسيوي وهو عضو التحالف الذي يقوده الفهد قد أكد في حديث خاص لـ«الشرق الأوسط» إن دعمهم لابن الحسين أو أي متقدم آخر خلفا لبلاتر سيكون بشروط أهمها أن يكون موقف لبنان منسجمًا مع مواقف الاتحادات العربية والاتحاد القاري الآسيوي وإلا نخرج عن إجماعهم، وأن يكون المرشح قادرا على محاربة الفساد في هذه اللعبة، مضيفا: «لن ننتخب إلا الشخص المؤهل لمكافحة الفساد»، مؤكدا أنهم يدعمون كذلك تولي مسؤول عربي لرئاسة «الفيفا».",
    "date_extracted": "2015-07-25 02:00:44"
}