{
    "url": "http://aawsat.com/home/article/414281/أنجلينا-جولي-تصور-فيلمًا-عن-مذكرات-ناشطة-كمبودية",
    "title": "أنجلينا جولي تصور فيلمًا عن مذكرات ناشطة كمبودية",
    "author": "لوس أنجليس: «الشرق الأوسط»",
    "content": "أعلنت شركة «نتفليكس» للبث عبر الإنترنت أن أنجلينا جولي هي أحدث كبار صناع السينما المنضمين للشركة حيث ستحول مذكرات مؤلفة كمبودية عن الحرب إلى فيلم روائي.\nوستتولى جولي (40 عاما) إنتاج وإخراج فيلم (أولا قتلوا والدي) والمأخوذ عن مذكرات المؤلفة والناشطة الكمبودية لونغ أونغ أثناء طفولتها إبان حكم الخمير الحمر في كمبوديا عام 1975.\nوقالت جولي عن كتاب أونغ في بيان: «عمق فهمي لتجربة الأطفال مع الحرب والأثر المعنوي الذي تتركه فيهم. وساعدني في التعرف عن قرب لشعب كمبوديا موطن ابني».\nوقالت نتفليكس إن جولي وأونج تعاونتا في كتابة السيناريو وأن مادوكس - ابن جولي بالتبني المولود في كمبوديا - سيشارك في صنع العمل وسيطرح الفيلم حصريا عبر «نتفليكس» في نهاية 2016 كما سيشارك في كبرى المهرجانات السينمائية.\nوسيكون هذا رابع الأفلام التي تخرجها جولي بعد نجاح (إنبروكن) العام الماضي والفيلم المنتظر طرحه (جوار البحر) الذي تمثل فيه بجوار زوجها براد بيت.\nو«نتفليكس» - التي تضم مكتبة إلكترونية لآلاف الأفلام والبرامج التلفزيونية وتطور المحتوى - متاحة في أكثر 50 دولة وهو انتشار تقول الشركة إنه كان دافعا لقبول جولي الفائزة بالأوسكار التعاون معها.\nوقالت جولي: «مثل هذه الأفلام يصعب مشاهدتها لكنها مهمة. يصعب أيضا صنعها. (نتفليكس) تتخطى هذا المستحيل وأنا أتطلع قدما للعمل معهم وسعيدة لأن الفيلم سيصل لعدد كبير من الناس».\nوتعاون بيت زوج جولي مع «نتفليكس» أيضا في الكوميديا الساخرة المنتظرة (آلة الحرب) من تأليف وإخراج ديفيد ميشود التي ستطرح عبر خدمة الشركة وفي دور سينما منتقاة العام القادم.",
    "date_extracted": "2015-07-25 10:06:34"
}