{
    "url": "http://aawsat.com/home/article/413951/طائرة-إغاثية-سعودية-ثالثة-تحط-في-مطار-عدن",
    "title": "طائرة إغاثية سعودية ثالثة تحط في مطار عدن",
    "author": "لندن: «الشرق الأوسط أونلاين»",
    "content": "إنفاذًا لتوجيهات خادم الحرمين الشريفين الملك سلمان بن عبد العزيز، لتقديم المساعدات العاجلة للشعب اليمني الشقيق، وأمر الأمير محمد بن سلمان بن عبد العزيز ولي ولي العهد النائب الثاني لرئيس مجلس الوزراء وزير الدفاع، بتأمين طائرات شحن تابعة لقيادة القوات الجوية الملكية السعودية لتسيير جسر جوي لنقل المساعدات الإغاثية والإنسانية التي يقدمها مركز الملك سلمان للإغاثة والأعمال الإنسانية، وصلت بحفظ الله ورعايته اليوم الطائرة الإغاثية الثالثة إلى مطار عدن الدولي وعلى متنها فريق من المركز برئاسة المدير التنفيذي ماهر الحضراوي.\n\n وأوضح المتحدث الرسمي لمركز الملك سلمان للإغاثة والأعمال الإنسانية رأفت الصباغ، أن هذه الرحلة خصصت للمواد والمستلزمات الطبية وأدوية مرضى السرطان لتستأنف مراكز علاج الأورام في اليمن برامجها العلاجية، مبيناً أن الجسر الإغاثي مستمر ضمن خطط وبرامج أعدت لهذا الغرض بالتنسيق مع اللجنة العليا للإغاثة التابعة للحكومة الشرعية اليمنية، وبإشراف ومتابعة مباشرة من المستشار بالديوان الملكي المشرف العام على مركز الملك سلمان للإغاثة والأعمال الإنسانية الدكتور عبد الله بن عبد العزيز الربيعة.\n\n وأفاد الصباغ بأن المواد الطبية التي وصلت على هذه الطائرة تزن 12 طناً ستوزع على المستشفيات والمراكز الطبية في اليمن بما يضمن وصولها لمستحقيها، مؤكداً أن التنوع في حمولة الطائرات الإغاثية يأتي لتحقيق المتطلبات الأساسية التي يحتاجها المواطن اليمني.\n\n ورفع الدكتور الربيعة الشكر لخادم الحرمين الشريفين الملك سلمان بن عبدالعزيز، وللأمير محمد بن نايف بن عبد العزيز ولي العهد نائب رئيس مجلس الوزراء وزير الداخلية، وللأمير محمد بن سلمان بن عبد العزيز ولي ولي العهد النائب الثاني لرئيس مجلس الوزراء وزير الدفاع، على ما يقدمونه من خدمات إنسانية جليلة يشهد لها العالم في كافة المعمورة.",
    "date_extracted": "2015-07-24 16:29:19"
}