{
    "url": "http://aawsat.com/home/article/414596/«هوندا»-تبدأ-الإنتاج-بمصنع-للسيارات-في-نيجيريا",
    "title": "«هوندا» تبدأ الإنتاج بمصنع للسيارات في نيجيريا",
    "author": "لندن – طوكيو: «الشرق الأوسط»",
    "content": "أعلنت شركة «هوندا موتور» اليابانية أنها بدأت الإنتاج في أول مصانعها لتجميع السيارات في القارة الأفريقية في نيجيريا، في إطار جهود الشركة الساعية لتعزيز وجودها في الأسواق النامية.\nوقالت «هوندا»، ثالث أكبر شركة لإنتاج السيارات في اليابان، في بيان إنها بدأت الإنتاج بمصنعها في مدينة لاغوس في العاشر من يوليو (تموز) الحالي، حيث تخطط لإنتاج سيارتها من طراز «أكورد» بطاقة إنتاجية تبلغ 1000 سيارة سنويا.\nيذكر أن «هوندا» تنتج دراجات نارية في نيجيريا منذ عام 1980. وقال يوسوكي هوري، مدير التشغيل في الشركة «إن حجم إنتاجنا لا يزال صغيرا، وعلى الرغم من ذلك فإننا سنسعى جاهدين إلى توسيع نطاق أعمالنا في أفريقيا في المستقبل».",
    "date_extracted": "2015-07-25 10:06:10"
}