{
    "url": "http://aawsat.com/home/article/413746/الرئيس-الجزائري-يجري-تعديلاً-جزئيًا-في-حكومة-عبد-المالك-سلال",
    "title": "الرئيس الجزائري يجري تعديلاً جزئيًا في حكومة عبد المالك سلال",
    "author": "الجزائر: «الشرق الأوسط»",
    "content": "أجرى الرئيس عبد العزيز بوتفليقة أمس الخميس تعديلا جزئيا في حكومة عبد المالك سلال، طبقا لأحكام المادة 79 من الدستور، شمل تعيين وزيرين جديدين للتجارة والشباب والرياضة، بحسب ما أفاد بيان لرئاسة الجمهورية.\nوتم تعيين بختي بلعايب وزيرا للتجارة، خلفا لعمارة بن يونس الذي واجه انتقادات كبيرة، إثر قرار بتحريره تجارة الخمور، ما اضطر رئيس الوزراء إلى إلغائه. وقد سبق لبلعايب، الذي ينتمي إلى حزب التجمع الوطني الديمقراطي، أن شغل نفس المنصب في سنوات 1990.\nكما عين بوتفليقة الهادي ولد علي، مدير الثقافة في ولاية تيزي وزو، وزيرا للشباب والرياضة، خلفا لعبد القادر خمري الموجود بالمستشفى بالخارج منذ عدة أسابيع.\nويعتبر الهادي ولد علي من المعارضين القدامى للنظام ضمن الحركة الثقافية الأمازيغية بمنطقة القبائل، قبل أن ينضم إلى فريق الحملة الانتخابية لبوتفليقة.\nكما أنهى الرئيس الجزائري مهام وزير الزراعة عبد القادر قاضي وألحق وزارته بوزارة الصيد البحري، التي يقودها سيد أحمد فروخي.\nويعد هذا هو التعديل الثاني لحكومة عبد المالك سلال منذ بداية السنة، في ظل مشاكل اقتصادية تعيشها الجزائر نتيجة تراجع عائدات تصدير النفط والغاز، الذي يعد أهم مورد للعملة الأجنبية للبلاد، وفي وقت يحاول فيه البلد، عضو منظمة أوبك احتواء تداعيات الانخفاض في إيرادات الطاقة.\nوكانت الجزائر قد أقرت خطة لتعزيز الزراعة، والحد من واردات الغذاء مع فرض قيود على واردات السلع، إثر حدوث تراجع حاد في أسعار النفط الخام العالمية، خاصة أن الجزائر تعتمد على الطاقة في 60 في المائة من ميزانية الدولة، وتشكل صادرات النفط والغاز 95 في المائة من إجمالي صادراتها. كما تتوقع الجزائر تراجع إيرادات الطاقة، وأن تبلغ الواردات 3.‏57 مليار دولار، فيما تقول وزارة التجارة إنها تعكف على إعداد قيود على تراخيص الاستيراد، لكنها لم تذكر تفاصيل.\nوكان بوتفليقة عين وزيرين جديدين للطاقة والمالية في مايو (أيار) الماضي ضمن تعديل وزاري واسع النطاق.",
    "date_extracted": "2015-07-24 08:51:06"
}