{
    "url": "http://aawsat.com/home/article/414236/الرائد-والتعاون-يتنافسان-على-الفوز-بخدمات-«مدافع-الهلال»",
    "title": "الرائد والتعاون يتنافسان على الفوز بخدمات «مدافع الهلال»",
    "author": "بريدة: عبد الله العبيد",
    "content": "كشف مصدر مطلع في نادي الرائد لـ«الشرق الأوسط» أن إدارة الأخير اقتربت من حسم صفقة انتقال لاعب خط الوسط بنادي النصر خالد الزيلعي بعقد يمتد إلى نهاية الموسم.\nوكانت إدارة النصر وافقت على إعارة اللاعب، بعد أن أكد المدرب الأوروغوياني خورخي داسيلفا للجهاز الإداري عدم حاجته للاعب وإمكانية عودته الموسم بعد المقبل.\nكما قدمت إدارة الرائد عرضًا رسميًا ليحيى المسلم لاعبها السابق الذي يلعب حاليا مدافعا في فريق الهلال والذي انتقل للأخير أواخر 2012.\nوكشفت ذات المصادر أنه تلقى عرضًا من الرائد بقيمة 700 ألف للسنة الواحدة، إلا أن الغريم التقليدي نادي التعاون دخل على خط المفاوضات وقدم عرض أعلى من الرائد بقيمة 900 ألف للسنة ولمدة سنتين مع أفضلية التجديد لموسم ثالث. وتلقى المسلم عدة عروض من أندية أخرى إلا أنه يفضل العودة لمسقط رأسه مدينة بريدة.\nميدانيًا، استطاع الفريق الكروي الأول بنادي الرائد تحقيق الفوز، في أولى مبارياته الودية أمام منتخب ترينيداد وتوباغو الأولمبي بهدفين مقابل هدف سجل أحدهما اللاعب مشعل العنزي، فيما سجل الهدف الثاني مدافع توباغو خطأ في مرماه.\nودخل المدرب الجزائري عبد القادر عمراني الشوط الأول بالتشكيلة: فهد الشمري وسلطان آليامي وسند شراحيلي وجفين البيشي وعبد الله الحربي وسلطان البرقان وعيد الفارسي وفارس العياف وسلطان السوادي ومشعل العنزي وأمجد راضي. ومنح الجزائري الفرصة لعدد من الأسماء للمشاركة في الشوط الثاني، أسامة الدراجي وعلي خرمي وإبراهيم مدخلي وسعود قرن وسلطان الشريف وإبراهيم الشهوان وعبد الله الحضريتي ورائد الفريدي، وذلك للوقوف على جاهزيتهم البدنية واللياقية. وشهد اللقاء حضور رئيس النادي عبد اللطيف الخضير، الذي تمنى أن يجني الفريق ثمار هذا المعسكر، مؤكدًا بأنه تم ترتيبه بالشكل المطلوب وسط حضور وتكامل غالبية عناصر الفريق وأجهزته المختلفة.\nيذكر أن المعسكر يمتد إلى 16 يومًا، ومن المقرر أن يجري الفريق خلاله ثلاث مباريات ودية. بخلاف لقاء أول من أمس، أمام أولمبي ترينيداد وتوباغو، والذي تعرض فيه المحترف العراقي المهاجم أمجد راضي لإصابة قوية عبارة عن كسر بالأنف بعد احتكاك عنيف من أحد لاعبي أولمبي ترينيداد. سيحتاج على إثرها إلى أسبوعين والعودة للتدريبات مع ارتداء القناع الخاص بالأنف.\nمن ناحية أخرى، انتهى اللقاء الذي جمع الفريق الأول بنادي التعاون مع بني ياس الإماراتي بالتعادل الإيجابي بـ2-2 في أول المواجهات الودية للفريق خلال معسكره في مدينة هورست الهولندية، وعمد المدرب البرتغالي جوزيه غوميز إلى اللعب بتشكيلتين مختلفتين للوقوف على كافة العناصر، وكان التعاون هو صاحب الأولوية في التسجيل عن طريق المهاجم الشاب عبد العزيز الظفيري الدقيقة 15 - 25. فيما عادل بني ياس في الشوط ذاته 32 - 40. وذلك بحضور رئيس النادي محمد القاسم ونائب الرئيس فيصل أبالخيل وأعضاء مجلس الإدارة.\nوسيخوض التعاون لقاءه الودي الثاني أمام الوصل الإماراتي في تاريخ 27 الحالي، بينما سيلعب المباراة الثالثة بمواجهة نيس الهولندي بتاريخ 31 من ذات الشهر، وسيختتم الفريق مواجهاته الودية أمام إيجلز الهولندي في الثاني من أغسطس (آب).\nإلى ذلك تعذر انضمام اللاعبين جهاد الحسين وأحمد سهيل وعبد الرحمن البركة لمعسكر الفريق الأول بمدينة هورست الهولندية لتأخر إصدار التأشيرات من السفارة الهولندية والتي تم تسليمها مع أفراد البعثة، كذلك لم يرافق البعثة إبراهيم الطلحي ومدالله العليان لأسباب تتعلق في جوازات سفرهم، حيث تعمل إدارة النادي على إنهاء إجراءات سفرهم في اليومين القادمين.\nمن ناحية أخرى اتفقت إدارة نادي التعاون مع شركة هرفي لتكون على قمصان الفريق الأول من الأمام في دوري عبد اللطيف جميل للموسم المقبل، حيث سيتم توقيع العقد في مقر النادي خلال نهاية شهر أغسطس.\nمن جانبه عبر رئيس النادي محمد القاسم عن سعادته بهذه الرعاية، والتي تأتي ضمن أهدافهم وخططهم في مجلس الإدارة لتخفيف الأعباء والمصاريف على النادي والمجلس التنفيذي الذي يسجل دائما مواقف الدعم والتكفل بالصفقات ما جعله يصبح مضرب مثل بين الأندية.",
    "date_extracted": "2015-07-25 02:00:51"
}