{
    "url": "http://aawsat.com/home/article/413406/دورتموند-يتطلع-للعودة-إلى-صفوف-الكبار",
    "title": "دورتموند يتطلع للعودة إلى صفوف الكبار",
    "author": "باد راغاز (سويسرا):  «الشرق الأوسط»",
    "content": "عقب الموسم المخيب الذي قدمه في الموسم الماضي، يبدو فريق بروسيا دورتموند حريصا على إعادة ترسيخ أقدامه في صراع المنافسة على لقب الدوري الألماني لكرة القدم (بوندزليغا) في الموسم الجديد، خاصة في ظل سعي هانز يواخيم فاتسكه، الرئيس التنفيذي للنادي، للعودة سريعا إلى المكانة التي تليق باسم النادي العريق.\nوفي مقابلة أجراها مع وكالة الأنباء الألمانية (د.ب.أ)، خلال وجوده بالمعسكر الإعدادي للفريق بمنتجع باد راغاز السويسري، قال فاتسكه: «نسعى بقوة للوجود في المراكز الأربعة الأولى بترتيب بوندزليغا من أجل العودة للعب في بطولة دوري أبطال أوروبا مجددا». وكان دورتموند قد تأهل إلى بطولة الدوري الأوروبي (يوروبا ليغ) في الموسم المقبل بصعوبة بالغة بعدما حصل على المركز السابع في ترتيب الدوري الألماني خلال الموسم المنصرم. وأضاف فاتسكه: «أي فريق يضم في صفوفه لاعبين بحجم (ماتس) هوميلس و(إيلكاي) غوندوغان و(ماركو) رويس و(بيير إيميريك) أوباميانغ، لا يمكن أن يوجد في مثل هذا المركز المتواضع في ترتيب بوندزليغا». وأعرب فاتسكه عن اعتقاده أن القائمة التي يمتلكها دورتموند حاليا تتمتع بالقوة الكافية للمنافسة بقوة مع الأندية التي حصلت على المراكز الأربعة الأولى في ترتيب بوندزليغا الموسم الماضي.\nوتوج بايرن ميونيخ باللقب الموسم الماضي للعام الثالث على التوالي، بفارق كبير من النقاط عن أقرب ملاحقيه فولفسبورغ، صاحب المركز الثاني، فيما حل بروسيا مونشنغلادباخ ثالثا، واكتفى بايرليفركوزن بالحصول على المركز الرابع. وعانى دورتموند من الكثير من المتاعب في آخر موسم لمدربه السابق يورغن كلوب مع الفريق، ليحصل على 46 نقطة فقط من 34 مباراة، متأخرا بفارق 15 نقطة عن باير ليفركوزن، صاحب آخر المراكز المؤهلة لدوري الأبطال. ويأمل فاتسكه أن يسير توماس توشيل، المدير الفني الجديد لدورتموند، على نهج كلوب، الذي قاد الفريق للتتويج بلقب بوندزليغا في مناسبتين وكأس ألمانيا مرة واحدة خلال سبع سنوات أمضاها مع الفريق. وتحدث فاتسكه عن مدرب دورتموند الجديد قائلا: «إنه يتميز بالدقة الفائقة والمرونة في ما يتعلق بالنواحي التكتيكية. دورتموند أكبر دائما من أي فرد، وبطبيعة الحال كان يورغن كلوب عنصرا أساسيا مهما ورمزا بالنسبة لنا، ولكن لا يوجد أحد يعلو فوق بروسيا دورتموند».\nويشكل الخروج من ظل كلوب تحديا لأي مدرب، لكن استعداد توشيل لتولي تلك المهمة يراه فاتسكه أمرا إيجابيا للغاية. وقال فاتسكه: «هذا ما يثير إعجابي حقا بتوشيل، لقد كان مدركا لهذه المهمة وما زال يضع نفسه في القيادة». ويدرك فاتسكه أن الحقب الجديدة لا يمكن أن تبدأ بسهولة خلال عشية وضحاها، حيث أشار إلى أنه «إذا كانت هذه بمثابة حقبة جديدة، فإنه يتعين عليك أن تكون حذرا بعض الشيء، لكنني أود أن أعتبر هذه المرحلة بداية جديدة».",
    "date_extracted": "2015-07-24 08:52:17"
}