{
    "url": "http://aawsat.com/home/article/412541/«دور-للضيافة»-ترعى-مبادرة-«ابتسم-أنت-في-نعمة»",
    "title": "«دور للضيافة» ترعى مبادرة «ابتسم أنت في نعمة»",
    "author": "",
    "content": "* نظمت شركة دور للضيافة بالتعاون مع فريق مبادرة «ابتسم أنت في نعمة»، لدعم مرضى السرطان، حفل إفطار لأطفال مرضى السرطان وعائلاتهم في فندق «مكارم الرياض».\nوعقب الإفطار، بدأت فعاليات اليوم السعودي بعرض فيلم خاص من إنتاج فريق المبادرة عن الفعالية وتم استعراض عدد من التجارب الإنسانية التي تعيشها أسرة مريض السرطان، وقد تزينت زوايا قاعة البانوراما بفندق مكارم الرياض بالديكورات الشعبية والتحف التراثية التي تعكس التقاليد السعودية قديمًا وتجسد أجواء قرقيعان للأطفال وتم توزيع الحلوى والهدايا على الأطفال مع مجموعة من الألعاب الشعبية الترفيهية، حيث تعمل مبادرة ابتسم أنت في نعمة لدعم مرضى السرطان منذ أكثر من سنتين على نشر الوعي بمرض السرطان، وأهمية الكشف المبكر عنه، وتوفير الدعم المعنوي للمرضى وأسرهم وإقامة البرامج التوعوية عنه، إلى جانب تقديم الخدمات والمبادرات التعليمية والترفيهية للمصابين بالسرطان في مختلف أنحاء المملكة.\nوقال الرئيس العام ومؤسس مبادرة ابتسم أنت في نعمة الخيرية، د. محمد رياض السعدون: «نسعى في مبادرتنا لدعم محاربي مرضى السرطان للعمل على توفير خدمات إنسانية لجميع المرضى، إلى جانب العمل على الجوانب النفسية والمعنوية، التي تسهم بشكل كبير في عملية رفع الوعي بين جميع شرائح المجتمع»، لافتًا إلى الرعاية الكريمة من دور للضيافة وفندق مكارم الرياض لفعالياتنا وبرامجنا.",
    "date_extracted": "2015-07-23 19:31:06"
}