{
    "url": "http://aawsat.com/home/article/414736/إريتريا-تطالب-الأمم-المتحدة-بفتح-تحقيق-في-تهريب-البشر",
    "title": "إريتريا تطالب الأمم المتحدة بفتح تحقيق في تهريب البشر",
    "author": "لندن: «الشرق الأوسط أونلاين»",
    "content": "طلبت إريتريا اليوم (السبت)، من الأمم المتحدة، التحقيق في تهريب البشر باتجاه أوروبا، في إشارة إلى تدفق اللاجئين من هذا البلد الذي تتهم حكومته مع ذلك، بالتسبب به، بسبب الانتهاكات الواسعة لحقوق الإنسان.\n\n والإريتريون هم المجموعة الثانية من المهاجرين بعد السوريين الذين يجازفون باجتياز البحر المتوسط للوصول إلى أوروبا.\n\n وتقول المنظمة الدولية للهجرة، إنّ أكثر من 150 ألف مهاجر وصلوا إلى أوروبا بحرًا منذ مطلع السنة الحالية. وأدت عمليات العبور هذه إلى مصرع أكثر من 1900 شخص.\n\n إلى ذلك، أكدت وزارة الخارجية الإريترية في بيان أن «حكومة إريتريا تطلب من مجلس الأمن الدولي، مع أن بعض أعضائه شركاء في هذه الجرائم، التحقيق في هذه المشكلة والتأكد من إحقاق العدل».\n\n وأضافت أنّ «حوادث الوفاة والحرمان وتدمير مستقبل ضحايا تهريب البشر هذا، مقيتة إلى درجة تفوق القدرة على أنّ نورد تفاصيل عنها»، مشيرة إلى أن «هذه الجريمة المنظمة» تجاوزت عمل المافيا.\n\n كما أكدت الحكومة التي اتهمت في الماضي وكالة الاستخبارات المركزية الأميركية (سي آي إيه) ومنظمات الدفاع عن حقوق الإنسان بأنّها تقف وراء حركة النزوح، أنّ لديها «أدلة دامغة» عن هذا التهريب وهي مستعدة لتقديمها «مع بدء إجراءات جديرة بالثقة» في الأمم المتحدة.\n\n وكانت إريتريا قد رفضت في مطلع يونيو (حزيران)، تقريرًا للأمم المتحدة، يشير إلى ارتكاب الحكومة انتهاكات لحقوق الإنسان بشكل «ممنهج وعلى نطاق واسع»، واصفة ذلك بـ«الاتهامات المشينة» التي ترمي إلى زعزعة استقرار البلاد.\n\n وقد وصف تقرير أجراه ثلاثة خبراء مكلفين من مجلس الأمم المتحدة لحقوق الإنسان، كيفية حكم البلاد بيد من حديد خلال الـ22 سنة الأخيرة، من قبل نظام الرئيس أسياس أفورقي. وبعد تحقيق استمر سنة، تحدث الخبراء في التقرير الواقع في 500 صفحة، عن نظام قمعي يتعرض فيه الناس للتوقيف والسّجن والتّعذيب كما قد يختفون أو يقتلون.\n\n ويحمّل التقرير الحكومة الإريترية مسؤولية «انتهاكات لحقوق الإنسان ممنهجة وعلى نطاق واسع»، تدفع نحو خمسة آلاف إريتري للهرب من بلادهم كل شهر. مشيرًا خصوصًا إلى حالات تعذيب بالكهرباء وإيهام بالغرق وتعديات جنسية أو الإرغام على التحديق بالشمس خلال ساعات.\n\n ويتحدى عشرات آلاف الشبان الإريتريين كل عام الأسلاك الشائكة والحقول المزروعة بالألغام وحرس الحدود المسلحين، لمغادرة بلادهم هربًا من قمع شرس وخدمة عسكرية إلزامية غير محددة المدة.",
    "date_extracted": "2015-07-25 23:24:55"
}