{
    "url": "http://aawsat.com/home/article/413751/مصرع-16-مصريًا-وإصابة-6-آخرين-في-حادث-اصطدام-مركبين-بمحافظة-الجيزة",
    "title": "مصرع 16 مصريًا وإصابة 6 آخرين في حادث اصطدام مركبين بمحافظة الجيزة",
    "author": "القاهرة: محمد عبده حسنين",
    "content": "قتل مساء أول من أمس ما لا يقل عن 16 شخصا، وأصيب ستة آخرين بعد غرق مركب، اصطدم بزورق نهري بمحافظة الجيزة المصرية، حيث تتكرر حوادث النقل التي تحصد أرواح المئات من المواطنين كل سنة، في ظل تهاون السلطات في تطبيق معايير السلامة والأمن.\n\n واعتاد المصريون سماع أنباء عن وقوع حوادث مرورية بين الحين والآخر، خاصة على الطرق الصحراوية السريعة، غير أن حوادث الطرق بدأت تمتد مؤخرا إلى مراكب نهر النيل، التي يقصدها آلاف المصريين للتنزه، وإقامة الرحلات وحفلات الزواج، خاصة في مناسبات الأعياد.\n\n ويصل معدل الوفيات جراء حوادث الطرق في مصر إلى 13.2 في المائة لكل مائة ألف شخص، وفقا لآخر إحصاءات منظمة الصحة العالمية.\n\n وقالت وزارة الداخلية المصرية، أمس، إن «مركبا (يستخدم في نقل البضائع) اصطدم بمركب يستقله عدد من المواطنين بمجرى نهر النيل بمنطقة الوراق، دائرة قسم شرطة الوراق بمحافظة الجيزة، ما أسفر عن تحطم المركب وغرق مستقليه». وأضافت أن «قوات الإنقاذ النهري وشرطة البيئة، والمسطحات المائية والأجهزة الأمنية المعنية، انتقلت على الفور إلى المكان، حيث تم إنقاذ ستة مواطنين مصابين وانتشال عدد من الجثث».\n\n وأكد مصدر أمني مسؤول لـ«الشرق الأوسط» استمرار عمليات البحث والإنقاذ على نطاق واسع وداخل مساحات بعيدة، للبحث عن ضحايا آخرين للمركب النيلي، مشددا على استمرار جهود البحث، تنفيذا لتوجيهات اللواء مجدي عبد الغفار، وزير الداخلية.\n\n وقال شهود عيان، إن أكثر من 30 شابا وفتاة كانوا يستقلون المركب، لكن بسبب احتكاكه بزورق آخر فقد توازنه وغرق في النيل، حيث انتقلت سيارات الإسعاف وقوات الإنقاذ النهري والضفادع البشرية، وتم إلقاء القبض على سائق المركب واثنين من معاونيه.\n\n من جهته، أمر المستشار أحمد البقلي، المحامي العام الأول لنيابات شمال الجيزة الكلية، بحبس سائق المركب النهري و3 من مساعديه، لمدة أربعة أيام احتياطيا على ذمة التحقيقات، التي تجري معهم بسبب تسببهم في حادث الاصطدام.\n\n وأسندت النيابة العامة إلى سائق المركب النهري ومساعديه الثلاثة تهمة ارتكاب جريمة القتل الخطأ، ومخالفة الشروط والقواعد الخاصة بالنقل النهري، وأمرت بالتصريح بدفن جثامين المواطنين، عقب ورود تحريات إدارة البحث الجنائي وشرطة المسطحات المائية.\n\n كما قررت النيابة العامة ندب لجنة فنية من هيئة النقل البحري، تتولى فحص حطام المركب النيلي المنكوب، وكذا فحص المركب المتسبب في الحادث، وإعداد تقرير فني بخصوص المسؤولية الجنائية وكيفية وقوع الحادث على وجه الدقة.\n\n ووقعت اشتباكات بين أهالي الضحايا وقوات الأمن بالمنطقة، بعدما قاموا بقطع الطريق وإطلاق أعيرة نارية للتعبير عن غضبهم، وقد دارت مواجهات بالمنطقة، فتوجهت القوات لتفريقهم وإعادة فتح الطريق.\n\n وبينما قرر خالد زكريا العادلي، محافظ الجيزة، صرف مبلغ 20 ألف جنيه لأسرة كل متوفى في حادث غرق مركب الوراق، ومبلغ 5 آلاف جنيه للمصاب، أكد أنه سيتم اتخاذ إجراءات مشددة حيال مراكز التنزه النيلية المخالفة للشروط القانونية والطاقة الاستيعابية لها، وذلك بالتنسيق مع أجهزة وزارة الري والمسطحات المائية ووزارة النقل ومديرية أمن الجيزة، ولفت إلى أنه سيتم مراجعة كل المراكب النيلية، والتأكد من توافر كافة عناصر الأمان والشروط الفنية.\n\n إلى ذلك، أعلن المتحدث العسكري باسم الجيش المصري، أمس، عن مقتل ضابط وثلاثة جنود وإصابة ثلاثة آخرين، إثر انفجار عبوة ناسفة برفح في شمال سيناء. وقال العميد محمد سمير، متحدث الجيش، في بيان نشر على صفحته بموقع «فيسبوك» أمس، إن العبوة الناسفة تم زرعها في إحدى مركبات قوة المداهمة أثناء قيام جنود الجيش بتمشيط الحد الفاصل بين منطقتي المهدية والماسورة برفح.",
    "date_extracted": "2015-07-24 08:49:36"
}