{
    "url": "http://aawsat.com/home/article/412621/برشلونة-يستهل-جولته-الأميركية-بالفوز-على-غالاكسي-وسواريز-يتفوق-على-جيرارد",
    "title": "برشلونة يستهل جولته الأميركية بالفوز على غالاكسي وسواريز يتفوق على جيرارد",
    "author": "كاليفورنيا: «الشرق الأوسط»",
    "content": "استهل برشلونة بطل إسبانيا وأوروبا استعداداته للموسم الجديد بشكل جيد من خلال فوزه على لوس أنجليس غالاكسي الأميركي 2 - 1 في مباراة ودية ضمن بطولة كأس الأبطال الدولية لكرة القدم أقيمت على ملعب روز بول في باسادينا (كاليفورنيا) أمام جمهور غفير بلغ 93226 متفرجا، فيما حقق مانشستر يونايتد الإنجليزي فوزه الثاني في هذه البطولة وجاء على حساب صاحب الأرض سان خوسيه ارثكويكس 3-1.\n\n في المباراة الأولى يدين برشلونة، الفائز بثلاثية الدوري والكأس المحليين ودوري أبطال أوروبا والذي يغيب عنه في جولته الأميركية نجماه الأرجنتيني ليونيل ميسي والبرازيلي نيمار، بفوزه على لوس أنجليس غالاكسي إلى الأوروغوياني لويس سواريز الذي خرج فائزا من مواجهته ضد زميله السابق في ليفربول الإنجليزي ستيفن جيرارد بتسجيله الهدف الأول في الدقيقة 45 قبل أن يضيف سيرجي روبرتو الهدف الثاني في الدقيقة 56 من المباراة التي اختتمها غالاكسي بهدف شرفي في الوقت بدل الضائع عبر تومي ماير (1+90).\n\n ونال برشلونة الذي فرض سيطرته على معظم أوقات اللقاء إعجابا هائلا من قبل الجماهير رغم غياب أبرز نجومه الأرجنتيني ليونيل ميسي والبرازيلي نيمار، اللذين يغيبان عن الكأس الدولية استعدادا للمباريات الرسمية.\n\n وأعرب لويس انريكي مدرب برشلونة بطل إسبانيا وأوروبا عن سعادته بقدرة فريقه على العودة إلى الملاعب بقوة والفوز على غالاكسي في أول مباراة ببرنامج الإعداد للموسم الجديد الشهر المقبل.\n\n وقال انريكي بعد الفوز في مباراته الأولى بكأس الأبطال الدولية الودية: «باعتبارها أول مباراة في فترة الإعداد بعد المران لمدة سبعة أيام.. فإني أشعر بالسعادة، أحببت طريقة لعب الفريق بسبب الجدية وعدم ارتكاب أي أخطاء كبيرة لكن تبقى أمامنا فرصة لمزيد من التطور على كافة الأصعدة.. تعاملنا مع مجريات اللقاء بشكل رائع لكن يجب أن نكرر ذلك ونطوره ونحن نعمل بالفعل على ذلك».\n\n وأجرى انريكي وكذلك بروس ارينا مدرب غالاكسي الكثير من التغييرات بين الشوطين لمنح الفرصة للاعبين الشبان للمشاركة.\n\n ويتطلع انريكي لقيادة برشلونة إلى تحقيق إنجاز تاريخي بحصد كل جوائز البطولات التي سيخوضها هذا العام وقال: «التحدي هو أن أقوم بإنجاز تاريخي وهو الحصول على ما لم يحصل عليه أحد».\n\n ودافع انريكي عن نجم هجومه ميسي الذي تعرض لانتقادات كبيرة من الجماهير الأرجنتينية بعد خسارة نهائي بطولة كوبا أميركا أمام تشيلي. واتهمت الكثير من الجماهير في الأرجنتين نجمهم المفضل وقائد منتخب البلاد بالتسبب في خسارة الفريق للنهائي الثاني على التوالي بعد الإخفاق الذي مني به في نهائي مونديال البرازيل 2014 أمام المنتخب الألماني. لكن انريكي أشار إلى أن ميسي لا يلعب وحده في منتخب بلاده، وإنه يحتاج إلى الراحة.\n\n ورغم ذلك، انفرد ميسي باجتذاب جميع الأضواء نحوه وكأنه الغائب الوحيد عن الفريق الإسباني في رحلته الأميركية، حيث قال انريكي الذي يواجه تحديا كبيرا في إعداد وتهيئة لاعبه الأرجنتيني الفائز بالكرة الذهبية أربع مرات نفسيا في الفترة المقبلة قبل التحديات الكبيرة التي ستواجه برشلونة: «ميسي ليس في الولايات المتحدة الأميركية لأنه يحتاج إلى عطلة. ومن المقرر أن يلحق ميسي بالمباراتين التجريبيتين للفريق أمام فيورنتينا في ختام البطولة الدولية الودية قبل أن يبدأ رحلة البحث عن ألقابه المحتملة في السوبر الأوروبي وكأس السوبر الإسباني قبل انطلاق مسابقة الدوري الإسباني».\n\n وسيخوض برشلونة مباراته المقبلة في البطولة المقامة بالولايات المتحدة أمام مانشستر يونايتد يوم السبت المقبل قبل أن يلتقي مع تشيلسي في 28 يوليو (تموز) الجاري ثم يعود إلى أوروبا ليواجه فيورنتينا في الثاني من أغسطس (آب).\n\n وستكون أول مباراة رسمية لبرشلونة في الموسم الجديد أمام أشبيلية الإسباني في كأس السوبر الأوروبية في 11 أغسطس. وسيلتقي برشلونة بعد ذلك مع أتليتك بلباو في مباراتي ذهاب وإياب بكأس السوبر الإسبانية قبل أن يبدأ الفريق مشواره في الدوري الإسباني في 22 أو 23 أغسطس.\n\n وعلى ملعب «افايا استاديوم» في سان خوسيه، حقق مانشستر يونايتد فوزه الثاني في هذه البطولة الودية الموزعة مبارياتها بين أستراليا والصين وأميركا الشمالية وأوروبا، وجاء على حساب صاحب الأرض سان خوسيه ارثكويكس بثلاثة أهداف للإسباني خوان ماتا في الدقيقة 37. والوافد الجديد الهولندي ممفيس ديباي (37) والبرازيلي الشاب أندريا بيريرا (61) مقابل هدف لفاتاي الاشي في الدقيقة (42) في مباراة شهدت 10 تغييرات لفريق «الشياطين الحمر» في الشوط الثاني حيث شارك الوافد الجديد الآخر الألماني باستيان شفاينشتايغر للمرة الأولى.\n\n وكان فريق المدرب الهولندي لويس فان غال بدأ جولته بالفوز على أميركا المكسيكي بهدف للوافد الجديد الآخر الفرنسي مورغان شنايدرلان.\n\n وعلى ملعب «ريد بول ارينا» في نيوجيرزي، حقق باريس سان جيرمان بطل فرنسا فوزه الثاني، بعد الأول على بنفيكا البرتغالي (3 - 2)، وجاء على حساب فيورنتينا الإيطالي بأربعة أهداف مقابل هدفين. وافتتح سان جيرمان التسجيل في الدقيقة 35 عن طريق بليس ماتويدي إثر هجمة بدأها النجم السويدي زلاتان إبراهيموفيتش ليمرر إلى جريجوري فإن دير فيل الذي هيأها بدوره لماتويدي ليسدد في الشباك.\n\n وبعد ست دقائق، عزز سان جيرمان تقدمه بالهدف الثاني وأحرزه اللاعب الشاب جان كيفن أوغستين إثر تمريرة من ماتويدي. وفي الشوط الثاني، رد فيورنتينا بهدف أحرزه البديل سانشيز خواكين في الدقيقة 60 من ضربة حرة، لكن إبراهيموفيتش رد بعدها بتسع دقائق وأحرز الهدف الثالث لسان جيرمان إثر تمريرة من لوكاس مورا.\n\n وأضاف أوغستين الهدف الثاني له والرابع للفريق الفرنسي في الدقيقة 75 قبل أن يختتم جوسيبي روسي، المولود في نيوجيرسي لكنه يلعب للمنتخب الإيطالي، بتسجيل الهدف الثاني لفيورنتينا من ضربة جزاء في الدقيقة 79.\n\n وتستكمل مباريات الجولة الأميركية - الأوروبية بلقاء تشيلسي بطل إنجلترا مع نيويورك ريد بولز الأميركي في نيوجيرسي، على أن يلعب الجمعة بنفيكا مع فيورنتينا في كونيكتيكت، والسبت في سانتا كلارا (كاليفورنيا) برشلونة مع مانشستر يونايتد، وفي كارولاينا الشمالية سان جيرمان مع تشيلسي.\n\n ويلعب الأحد في نيوجيرسي بنفيكا مع نيويورك ريد بولز، والثلاثاء المقبل في ميريلاند برشلونة مع تشيلسي، وفي مكسيكو سيتي بنفيكا مع أميركا المكسيكي.\n\n وتختتم المباريات الأميركية الأربعاء المقبل بمباراة مانشستر يونايتد وسان جيرمان، قبل الانتقال إلى أوروبا حيث يلتقي برشلونة مع فيورنتينا في ملعب الأخير في فلورنسا في الثاني من أغسطس ثم تشيلسي مع فيورنتينا في الخامس منه على ملعب «ستامفورد بريدغ» في لندن.",
    "date_extracted": "2015-07-23 19:31:32"
}