{
    "url": "http://aawsat.com/home/article/414561/رغم-انتهائها-قبل-70-عامًا-الحرب-بين-الصين-واليابان-لا-تزال-مستمرة",
    "title": "رغم انتهائها قبل 70 عامًا.. الحرب بين الصين واليابان لا تزال مستمرة",
    "author": "بيجين: أنا فيفيلد",
    "content": "أقيم على هامش احتفال الصين بالذكرى السبعين لحرب الشعب الصيني ضد الاستعمار الياباني، والحرب على الفاشية، متحف في بيجين يضم مجموعة من التحف تعود لزمن الحرب، ومن بينها الأعلام، والميداليات، والأسلحة الموضوعة في عرض خاص تحت أرضية زجاجية.\n\n تقول لي ياكي (22 عاما) وهي طالبة جامعية تقضي فترة التدريب الصيفي في المتحف: «نريد أن تظل اليابان تحت أقدامنا»، فيما يقف شباب وأطفال لالتقاط الصور فوق غرفة العرض الزجاجية، وهم يبتسمون ويشيرون بعلامة النصر بأصابعهم، بينما يضبط أحد الرجال قدمه بعناية فوق العلم الياباني. وعلى مقربة من ذلك كانت هناك طاولة تحمل لافتة تقول: «الصين قبلت استسلام اليابان».\n\n وقبل شهور كانت بكين وطوكيو تتحركان في طريق تحسين العلاقات، حيث دعي شينزو آبي، رئيس وزراء اليابان، لحضور عرض عسكري ضخم مقرر إقامته في ميدان تيانانمين في الثالث من سبتمبر (أيلول) المقبل، وهو ميعاد يوم (النصر الصيني)، لكنه لم يقرر حتى الآن إذا كان سيذهب أم لا، وهناك أنباء عن اجتماع قمة مع الرئيس الصيني شي جين بينغ خلال خريف هذا العام.\n\n لكن في الوقت نفسه، رفعت آلة الدعاية الصينية من حدة خطابها المضاد لليابان، مما يعطي انطباعا بأنها تسعى لإثارة المخاوف من النزعة العسكرية اليابانية الجديدة لتركيز الانتباه على التهديدات الأجنبية، أكثر من جهود الرئيس شي المضنية حول مركزية سلطاته في البلاد.\n\n وفي هذا الصدد يقول شي يانمي، وهو محلل صيني من بكين يعمل لدى المجموعة الدولية للأزمات: «إن النزعة القومية المضادة لليابان مرتفعة للغاية وقابلة للاشتعال»، مشيرًا إلى أن السلطات الصينية كانت قد أطلقت موجة مماثلة من القومية المضادة لليابان خلال فترة التسعينات، ثم كانت جزءا من الجهود الرامية إلى تأجيج مشاعر الوحدة الوطنية عقب حادثة ميدان تيانانمين الشهيرة، وأضاف أنه «من الصعب إعادة الجني مرة أخرى عقب إخراجه من القمقم».\n\n ويوم الثلاثاء وجهت الصين انتقادات حادة إلى اليابان حول تقريرها الدفاعي السنوي، والذي يصف الجهود الصينية لتوسيع وجودها في البحار الصينية الشرقية والجنوبية بمثابة تطورات «أحادية الجانب». واتهمت بكين طوكيو بالمبالغة الشديدة في «التهديدات العسكرية الصينية»، وبمحاولة إثارة التوترات في المنطقة، ولكنها في الوقت ذاته يبدو أنها تحاول تجنب عرقلة الجهود الكبيرة لتحسين العلاقات ما بين البلدين. أما اليوم فهناك المعرض الخاص الذي يضم آلاف الصور والآثار، التي تعرض لأول مرة، واتساقا مع مشروع الرئيس شي الطموح لتنشيط الحكم الشيوعي، وتأمين مستقبل الحزب الشيوعي الصيني، يؤكد هذا المعرض على دور الحزب في تأمين النصر للصين، مع إشارات تفيد بـ«الشجاعة والحكمة الاستثنائية» للحزب، والإشادة بالقيادة الحالية للرئيس شي.\n\n غير أن هذا المعرض ليس إلا جزءا صغيرا من الجهود التي تشرف عليها الدولة الصينية لتذكير الشعب بالفظائع اليابانية لزمن الحرب. كما تقوم المحفوظات الوطنية الصينية خلال الشهر القادم بنشر مجموعة مختارة من اعترافات جرائم الحرب اليابانية، في وقت تسعى فيه سلطات البلاد إلى تعزيز المواد الإعلامية المرتبطة بزمن الحرب.\n\n وهناك فيلم بعنوان «الرقص وسط لهيب المعركة»، وهو عبارة عن قصة حب لفتاة صينية أنقذت جنديا روسيا أصيب على يد القوات اليابانية، ومسلسل تلفزيوني بعنوان «الموجات»، ويدور حول مجموعة من الشباب المثقفين الذين شكلوا فريقا للرماية الميدانية خلال الحرب، وساهموا بجهودهم في القضية الثورية. وفي هذا الإطار يشير محللون سياسيون إلى أن السبب وراء هذا النوع من الأعمال الدرامية المضادة لليابان، والذي يلقى شعبية جيدة الآن هو هروبها بسلالة من أيدي الرقابة الصينية عن الأنواع الأخرى من الأعمال الفنية.\n\n وهناك أيضا 183 عرضا فنيا مستقلا مدعوما من الحكومة، 128 عرضا منها جديدة، وهي تطوف أرجاء البلاد من مواقع مثل شركة أوبرا بكين والمسرح القومي للأطفال.\n\n وقد نظم متحف جيش التحرير الشعبي الصيني معرضا للوحات الفنية والخطوط من أجل «الاحتفال بالشعب وبالضباط والجنود الذين قدموا مساهمات استثنائية خلال الحرب»، كما أفادت بذلك وسائل الإعلام الرسمية هناك.\n\n وعلى صعيد منفصل، قامت مجموعة مكونة من أكثر من 50 طفلا يابانيا، مات أقاربهم في الصين أثناء الحرب وتربوا من خلال التبني لدى عائلات صينية، بزيارة المنطقة التي تربوا فيها الأسبوع الماضي، إثر دعوة وجهت لهم من الحكومة الصينية. وقد غمرت وسائل الإعلام الحكومية بعشرات الصور المعبرة عن امتنانهم للكرم الصيني في أعقاب الانسحاب الياباني بعد الحرب.\n\n \n\n * خدمة {واشنطن بوست} خاص بـ {الشرق الأوسط}",
    "date_extracted": "2015-07-25 10:05:24"
}