{
    "url": "http://aawsat.com/home/article/414991/اتهام-محقق-متقاعد-في-شرطة-لوس-أنجليس-بالسطو-على-بنك",
    "title": "اتهام محقق متقاعد في شرطة لوس أنجليس بالسطو على بنك",
    "author": "لوس أنجليس: «الشرق الأوسط»",
    "content": "وجه ممثلو ادعاء اتحاديون اتهامات لمحقق متقاعد في إدارة شرطة لوس أنجليس اعتقلته السلطات، بعد أن أبلغت أسرته عنه بالسطو على بنك، وذلك بعد أن قال للمحققين: «أنا في ورطة.. أعتقد أنه ينبغي أن يكون لدي محامٍ».\nواعتقل راندولف بروس أداير (70 عامًا) الأسبوع الماضي لصلته بحوادث سطو على خمسة بنوك في مقاطعة أورانج بين مارس (آذار) ويوليو (تموز)، وألقي باللوم فيها على شخص أطلق عليه اسم لص سنوبيرد.\nوتتهم الشكوى الجنائية التي رفعت ضده في المحكمة الجزئية الأميركية أول من أمس (الجمعة) أداير بالسطو على بنك واحد في مسقط رأسه بلدة رانكو سانت مارغاريتا، على بعد نحو 100 كيلومتر إلى الجنوب الشرقي من لوس أنجليس.\nولم تتضمن الشكوى الجنائية دافعًا للجريمة، لكن في شهادة ملحقة أشار عميل في مكتب التحقيقات الاتحادي إلى أداير على أنه «مقامر عتيد» لديه دخل ثابت، وأنه تم العثور على إيصالات رهان من مضمار سباق ديل مار بقيمة نحو 1100 دولار في سيارته.\nوجاء في الشهادة أن أداير اعتقل بعد أن اتصلت زوجته وابنته وزوج ابنته بالسلطات لإبلاغها بأنهم تعرفوا على صورته التي التقطتها كاميرات مراقبة بالبنك، في نشرة لمكتب التحقيقات الاتحادي عن لص سنوبيرد. وكتب ضابط في مكتب التحقيقات الاتحادي في الشهادة أنه عندما أطلعت السلطات أداير الذي تقاعد من منصب محقق في إدارة شرطة لوس أنجليس عام 1988 على الصور، أجاب: «أنا في ورطة.. أعتقد أنه ينبغي أن يكون لدي محامٍ».\nوتم العثور على مسدس محشو في سيارة أداير وفقا لوثائق المحكمة. ويحتجز أداير بدلا من دفع كفالة 205 آلاف دولار، ويتوقع أن يمثل أمام المحكمة يوم الاثنين. ويواجه أقصى عقوبة بالحبس لمدة 20 عامًا في سجن اتحادي في حالة إدانته.",
    "date_extracted": "2015-07-26 17:06:07"
}