{
    "url": "http://aawsat.com/home/article/414271/انطلاق-فعاليات-مهرجان-جرش-للثقافة-والفنون-في-دورته-الثلاثين",
    "title": "انطلاق فعاليات مهرجان جرش للثقافة والفنون في دورته الثلاثين",
    "author": "عمان: محمد الدعمة",
    "content": "انطلقت الخميس فعاليات مهرجان جرش للثقافة والفنون في دورته الثلاثين لهذا العام في مدينة جرش الأثرية الواقعة على بعد 45 كيلومترا شمال عمان\nوقال رئيس اللجنة العليا لمهرجان جرش عقل بلتاجي إن المهرجان هذا العام، تجمعُ عمقَ التاريخِ بطيبِ الحاضرِ، لتقدمَّ في هذه الدورةِ قيمةً مضافةً كبرى لأسسِ الفنِ والفكرِ والأدبِ التي يواصلُ المهرجانُ تقديمَها سنويًا، حتى باتَ اليومَ واحدًا من أبرز مهرجاناتِ الثقافةِ والفنونِ في المنطقةِ.\nوأضاف بلتاجي: «إذ نُدركُ ونحنُ نفتتحُ مهرجانَ جرش حجمَ النارِ والدمارِ الذي يتنازعُ منطقتَنا العربيةَ ويزرعُ الحزنَ والأسى والخوفَ في قلوبِ الناس، فإننا نسعى من خلالِ وجودِ هذا المهرجان؛ بشكلهِ ومضمونهِ إلى تكريسهِ مصدرًا لتوسيعِ آفاقِ المعرفةِ أمامَ الناسِ من خلالِ مضاميِنه المعرفيةِ والفنيّةِ الراقية، التي تعكسُ الإبداعَ الإنساني وما ينطوي عليه من تنوّعٍ، وترتقي بالذائقةِ العامةِ لتنعكسَ إيجابيًا على السلوكِ الفردي والجماعي.\nوسيشهدُ فعالياتٍ ثقافيةٍ مميزةٍ شعرًا وفنًا تشكيليًا وأناشيد دينية وموسيقى، وفعالياتٍ غنائيةٍ كبيرةٍ لنجومٍ عربٍ وأردنيين، وعروض فنية لفرق استعراضية محلية وأجنبية، إلى جانبِ انعقادِ مؤتمرِ اتحاد كُتّاب آسيا وأفريقيا في المركزِ الثقافي الملكي، من ضمنِ برنامجِ فعالياتِ مهرجانِ جرش، الذي سيتواصلُ لمدةِ عشرةِ أيام.\nويشارك في المهرجان لهذا العام فنانون أردنيون وعرب، فعلى المسرح الجنوبي مسرح النجوم العرب والأردنيين سيقف عدد من الفنانين والفرق أمثال صوت الأردن عمر العبد اللات، الفرقة الهاشمية للإنشاد، الفنان رامي عياش، والفنانة يارا، والفنان جوزيف عطية والفنانة غادة عباسي، وليلة أردنية للفنانين (سهير عودة، وجهاد سركيس، ويحيى صويص، وسامر أنور)، وفرقة نادي الجيل للتراث الشركسي، والفنانة نانسي عجرم، والفنان وائل كفوري، والفنانة مايا دياب والفنان هاني متواسي، والفنان الكويتي عبد الله الرويشد.\nويشهد المسرح الشمالي مشاركات لفنانين وفرق محلية وعربية وعالمية أمثال أشهر عازفي الكمان الفنان جاسر حاج يوسف من فرنسا، فرقة كيرو بينانا للفلامنكو من إسبانيا، وفرقة ثلاثي تريو جبران من فلسطين، وأوركسترا حيدوتي من البلقان، وفرقة إبداع من فلسطين، فرقة Acat of congress من أميركا، الفنانة معلومة منت الميداح من موريتانيا، وفرقة الأولة بلدي من مصر، وفرقة ديرين للموسيقى من تركيا، والفرقة الصينية. وليلة أردنية للمطربين محمد أبو غريب، وأحمد عبندة، وبيسان كمال، ومحمد الحوري.\nوعلى هامش المهرجان تعرض المنتجات التي تعبر عن تراث وتاريخ وحضارة الأردن، حيث يشاهد الزائر في شارع الأعمدة والساحة الرئيسة معرض الحرف والصناعات التقليدية، والسوق الحرفية، ومعرض الفن التشكيلي، ومعرض المنتجات الريفية والصناعات الغذائية في إطار تمكين المجتمع المحلي اقتصاديا واجتماعيا، الذي يأتي بدعم من برنامج تعزيز الإنتاجية الاقتصادية والاجتماعية التابع لوزارة التخطيط والتعاون الدولي، ومعرض منتجات الجمعيات الخيرية التابعة لوزارة التنمية الاجتماعية، والسوق الحرفية في موقع جرش الأثري.\nوفي إطار الشراكة مع وزارة الثقافة وضمن فعاليات «جرش مدينة الثقافة الأردنية لعام 2015» يتم استضافة فرق عالمية وعربية مشاركة في المهرجان كفرقة «كاثاك دانس» من الهند و«جمعية الربيع الفني القسنطيني» من الجزائر وفرقة الرقص والموسيقى القومية «منغوليا الداخلية الصينية» من الصين و«فرقة إبداع الفنية» من فلسطين.\nيذكر أن برنامج فعاليات المهرجان يستمر حتى الأول من أغسطس (آب) المقبل.",
    "date_extracted": "2015-07-25 02:00:55"
}