{
    "url": "http://aawsat.com/home/article/415351/القوات-العراقية-تستعيد-جامعة-الأنبار-من-مسلحي-«داعش»-بعد-معارك-عنيفة",
    "title": "القوات العراقية تستعيد جامعة الأنبار من مسلحي «داعش» بعد معارك عنيفة",
    "author": "لندن «الشرق الأوسط أونلاين»",
    "content": "قالت قيادة العمليات المشتركة العراقية في بيان، إن قوات الأمن دخلت جامعة الانبار في جنوب مدينة الرمادي بمحافظة الانبار، واشتبكت مع مسلحي تنظيم \"داعش\" داخل حرمها.\n\n وأطلقت قوات الامن والجماعات المسلحة المتحالفة معها في أبريل (نيسان)، عملية عسكرية في محافظة الانبار بغرب العراق لاستعادتها من أيدي \"داعش\".\n\n وجاء في البيان الذي بثه التلفزيون الرسمي \"نزف لكم بشرى دخول جهاز مكافحة الارهاب إلى جامعة الانبار وهم الآن يخوضون معارك تطهيرها من بقايا داعش الارهابي ورفع المتفجرات وفتح الطرق\".\n\n كما أكمل البيان أن \"القوات الامنية التي تتقدم باتجاه حي التأميم القريب، واجهت مواقع تنظيم داعش المحصنة بالمتفجرات والاسلاك الشائكة\".\n\n من جهته، قال فالح العيساوي عضو مجلس محافظة الانبار، إن القوات الخاصة والجيش والشرطة الاتحادية تمكنت من دخول حرم الجامعة في وقت مبكر من اليوم (الاحد)، مدعومة بغارات مكثفة من التحالف الذي تقوده الولايات المتحدة.\n\n ويشن التحالف غارات على العراق وسوريا المجاورة منذ أغسطس (آب) 2014.\n\n كما أفاد العيساوي لوكالة \"رويترز\" للأنباء بأن \"القوات الحكومية تكتيكيا تفرض سيطرة كاملة على مجمع الجامعة واستغلت فرصة تقهقر مقاتلي داعش لتحقيق التقدم باتجاه حي التاميم في الجزء الجنوبي من الرمادي\". مشيرًا إلى أن جماعات الحشد الشعبي المسلحة لم تشارك في العملية.",
    "date_extracted": "2015-07-26 17:04:56"
}