{
    "url": "http://aawsat.com/home/article/414461/حزب-الله-يدفع-باتجاه-إخراج-مقاتلي-المعارضة-السورية-من-الزبداني-من-دون-أسلحتهم",
    "title": "حزب الله يدفع باتجاه إخراج مقاتلي المعارضة السورية من الزبداني من دون أسلحتهم",
    "author": "بيروت: نذير رضا",
    "content": "قال مصدر بارز في المعارضة السورية لـ«الشرق الأوسط» إن حزب الله اللبناني، يضغط على المقاتلين المعارضين في الزبداني للخروج من المدينة، ضمن تسوية تقضي بانسحابهم من دون أسلحتهم «والضغط عليهم للاستسلام»، في حين يجتمع المبعوث الدولي ستيفان دي ميستورا اليوم السبت مع فصائل المعارضة في إسطنبول، للبحث في القضايا الميدانية.\nكانت معلومات قد تحدثت عن اجتماعات يعقدها ممثلون عن «حركة أحرار الشام» التي تسيطر على أحياء في الزبداني، الواقعة في ريف دمشق الغربي، مع أطراف دولية لإنجاز اتفاق يقضي بـ«خروج آمن» للمقاتلين المعارضين من الزبداني، بعد أسابيع على إطلاق حزب الله والقوات الحكومية حملتهم إلا أن المصدر المعارض، نفى لـ«الشرق الأوسط» وصول القضية إلى مستوى مناقشة اتفاق، قائلاً إن حزب الله «يدفع باتجاه تسوية مشابهة، تعني استسلامًا للمقاتلين المعارضين، تختلف عن اتفاقات حمص القديمة (مايو /أيار 2014) لجهة عدم السماح للمقاتلين بالاحتفاظ بأسلحتهم الفردية». وتابع أن الحزب «بدأ استنزاف المقاتلين المعارضين في الداخل، منذ الأربعاء، بعد السيطرة على سهل الزبداني، وإغلاق آخر الأنفاق التي كان يستخدمها المقاتلون في الداخل للتحرك والتسليح». وأردف المصدر المعارض أن حزب الله، يرفض أن تبقى الأحياء في الداخل بعهدة مقاتلين معارضين يحتفظون بأسلحة فردية على غرار اتفاقات سابقة في بلدة المعضمية أو غيرها في ريف دمشق، بل إن الحزب «يضغط كي يستسلم المقاتلون المعارضون.. ولكن لا يمكن التعويل على وعوده لأنه سينكثها». واستطرد «في حال تم الاتفاق على خروج مقاتلي المعارضة، فإن الوجهة المحتملة لانسحابهم ستكون باتجاه شمال سوريا، حيث تتمتع حركة أحرار الشام بنفوذ واسع».\nجاءت هذه الاقتراحات بعد إعلان ناشطين في ريف دمشق تقدمًا محدودًا للثوار. إذ أبلغ إسماعيل الداراني، عضو مجلس الثورة السورية في ريف دمشق «الشرق الأوسط»، أن الثوار تقدّموا في الزبداني من جهة الشلاح، وتمكنوا من استعادة نقطتي تمركز للقوات الحكومية هي بناء سمير غانم على طريق سرغايا وبناء الططري على طريق الشلاح، مشيرًا إلى «وقوع عدة إصابات بين عناصر الجيش». كذلك تحدث عن «احتراق حاجز العقبة بالكامل وتدمير آلياته واغتنام شيلكا وعربة (بي إم بي) BMP وأسلحة»، وقال إن المواجهات أسفرت عن وقوع «عشرات القتلى لحزب الله وقوات النظام». وذكر الداراني أيضًا أن قوات النظام وحزب الله: «قصفت من حاجز الحوش وخدام وقلعة التل على المدينة»، وتحدث عن سقوط مئات القذائف من حواجز الحوش والمعسكر والأتاسي وخدا، إلى جانب صواريخ من نوع «فيل» الشديدة الانفجار التي استهدف الزبداني.\nفي غضون ذلك، تتواصل المساعي لإيجاد حلول ميدانية، إذ أفادت وكالة الأنباء الألمانية بأن فريق المبعوث الأممي للأزمة السورية ستيفان دي ميستورا، يبحث في تركيا اليوم «المستجدات الميدانية للإحاطة بالأعمال العسكرية في الداخل السوري مع 11 فصيلا عسكريا سوريا معارضا». ونقلت الوكالة عن مصدر عسكري سوري معارض - رفض الكشف عن اسمه - قوله إن «الاجتماع سيكون غدًا (اليوم) في إسطنبول بعدما كان المقترح له مدينة غازي عنتاب، وسيحضره معاون دي ميستورا السفير رمزي عز الدين رمزي وزميلته مواطنته المصرية مروة فؤاد بينما سيغيب دي ميستورا لتغيرات في برنامج مواعيده كما بلغنا».\nوأضاف المصدر الذي سيحضر اجتماع الغد في إسطنبول أن «قادة فصائل عسكرية أو ممثلين عنهم سيطرحون أمام فريق دي ميستورا المستجدات العسكرية بغية حثه على تضمين تقريره، المرتقب نهاية الشهر الجاري إلى مجلس الأمن، حقائق ووقائع ميدانية موثقة عن الأعمال الهمجية والقصف بالبراميل الذي يقوم به الجيش السوري بحق المدنيين والأبرياء، وتدمير البنى التحتية للبلاد، وتهجير السكان بغية إفراغ المناطق من البيئة الحاضنة للثورة»، وفق تعبيره.\nوأضاف المصدر العسكري المنشق أن «دي ميستورا أمام خيارين في تقريره: فإما أن يكون واقعيًا ويصف الأحداث ويسمي الأشياء بتسمياتها وذلك قد يعرضه لـ(فيتو) روسي، أو أن يذكر النظام عمومًا والجرائم التي ارتكبها من دون ذكر اسم الأسد أو أسماء أخرى. وحسبما فهمنا مسبقًا وتحت ذريعة التوازن فإن دي ميستورا يميل إلى إعداد (تقرير متوازن) يقدمه إلى مجلس الأمن، ونحن نريد أن نؤكد لفريقه أن النظام رفض إيقاف إطلاق النار في معارك الزبداني، وحتى عندما كان يعلن أنه يوافق على وقف إطلاق النار في هدن سابقة، كان يعود ويخرق الالتزام. لذلك يجب أن يفهم العالم كله في كل وقت أن نظام الأسد لا يؤمَن، ولا يعمل على حل سياسي». وتابع المصدر «قبل أيام طرح وقف إطلاق النار في الزبداني مقابل وقف إطلاق النار في الفوعة (بلدة شيعية في ريف إدلب بشمال البلاد)، إلا أنه رفض ذلك، ثم عاد ووافق جزئيًا بضغط من إيران لكنه لم يلتزم نهائيا».\nوذكر المصدر لوكالة الأنباء الألمانية أسماء بعض الفصائل المقاتلة التي من المتوقع أن تشارك في الاجتماع وهي «أحرار الشام» و«ثوار الشام» و«جبهة الأصالة والتنمية» و«أجناد الشام» و«الفرقان» و«جيش الإسلام» وغيرها.",
    "date_extracted": "2015-07-25 02:04:20"
}