{
    "url": "http://aawsat.com/home/article/412611/التعاون-يجدد-عقد-العليان-لموسمين",
    "title": "التعاون يجدد عقد العليان لموسمين",
    "author": "بريدة: «الشرق الأوسط»",
    "content": "جددت إدارة نادي التعاون عقد لاعب الفريق الأول لكرة القدم مد الله العليان لمدة موسمين مع إمكانية التمديد لموسم ثالث. وجرى توقيع العقد الجديد في مقر النادي بحضور محمد القاسم رئيس النادي، وعلي الشايعي أمين عام النادي، وعبد الله الفوزان مسؤول الاحتراف، بالإضافة إلى اللاعب، وجاء التجديد بناء على توصية من البرتغالي غوميز مدرب الفريق ورغبة الإدارة في المحافظة على اللاعبين المميزين.\nمن جانبه أبدى مد الله العليان سعادته الغامرة بالتجديد للتعاون، وقال: «لم أتخيل نفسي خارج أسوار هذا النادي الذي لعبت فيه من فئة الناشئين حتى الفريق الأول، الحمد لله تم التجديد بناء على رغبة الطرفين»، مشددًا على أنه سيبذل ما بوسعه من أجل خدمة ناديه بالشكل المأمول منه ومن جميع زملائه.\nالجدير ذكره أن رئيس النادي ذكر في حوار لـ«الشرق الأوسط» ونشر أمس أنه تم تقديم عرض له لمدة خمس مواسم للعليان ورفض من قبله ثم تم الاجتماع معه، بحضور فيصل أبا الخيل نائب رئيس مجلس الإدارة وكذلك علي الشايعي الأمين العام للنادي، قبل أسبوع وتم تقديم عرض جديد له أعلى من السابق لمدة موسمين فقط ورفضه أيضًا، لكن في ما يبدو أن العرض الجديد احتوى مزايا حازت على قناعة اللاعب بالتوقيع.\nمن ناحية أخرى، فرض البرتغالي غوميز مدرب الفريق فترتين تدريبيتين في اليوم الأول لمعسكر الفريق في مدينة هورست الهولندية، إذ تركز المران الصباحي على الجوانب البدنية ورفع المعدل اللياقي داخل صالة الألعاب، بينما كانت الفترة المسائية على الملعب الرئيسي حيث بدأ بعمليات الإحماء والركض وسط الحواجز، أعقبها بتنفيذ عدد من الجمل التكتيكية من خلال مناورة على منتصف الملعب.",
    "date_extracted": "2015-07-23 19:31:26"
}