{
    "url": "http://aawsat.com/home/article/414726/بورتريه-تيري-هنري-آخر-إبداعات-الرسم-بالفم-لفنان-إنجليزي",
    "title": "بورتريه تيري هنري.. آخر إبداعات الرسم بالفم لفنان إنجليزي",
    "author": "القاهرة: «الشرق الأوسط أونلاين»",
    "content": "كشف الفنان الإنجليزي هنري فرايزر عن آخر أعماله الفنية التي يقوم برسمها عبر فمه فقط، وذلك بعدما أصيب بالشلل في عام 2009، لكن الجديد هذه المرة أنه قدم «بورتريه» رائعا جدا لأسطورة فريق آرسنال السابق، الفرنسي تيري هنري.\nويظهر في اللوحة التي نشرها فرايزر على حسابه الخاص على موقع «تويتر»، هنري، اللاعب السابق وأحد رموز نادي آرسنال، خلال احتفاله بأحد أهداف بطريقته الشهيرة بالركض ثم التزحلق على ركبتيه، وكتب فرايزر «آخر رسوماتي بالفم.. إنني أستطيع فقط أن أستخدم فمي».\nوفرايزر لاعب سابق في المنتخب الإنجليزي وفريق ساراسينس للرجبي، وتعرض للشلل من كتفه إلى الأسفل نتيجة سباحته في مياه ضحلة خلال عطلة مع أسرته في البرتغال، ومن ثم فإنه لا يفعل أي شيء سوى بفمه.\nوقبل نحو أسبوعين، نشر فرايزر عملا فنيا يجسد الأسطورة الإنجليزية ديفيد بيكام.",
    "date_extracted": "2015-07-25 23:25:05"
}