{
    "url": "http://aawsat.com/home/article/414506/مظاهرات-الخدمات-في-البصرة-تكشف-عن-بوادر-صراع-«شيعي-ـ-شيعي»",
    "title": "مظاهرات الخدمات في البصرة تكشف عن بوادر صراع «شيعي ـ شيعي»",
    "author": "البصرة: فارس الشريفي",
    "content": "مع بلوغ درجة الحرارة ما فوق سقف الـ«50» درجة مئوية في وسط وجنوب العراق، حسب الأنواء الجوية، والتردي الواضح في ساعات تجهيز الكهرباء للمواطنين والخدمات، شهدت مدن عراقية عدة مظاهرات ليلية احتجاجًا على سوء خدمة الكهرباء، حيث تطورت في البصرة إلى مقتل وجرح متظاهرين، وتحولت فيما بعد لعراك باللكمات داخل مجلس المحافظة.\n\n ورفع مجلس محافظة البصرة، أول من أمس، جلسته الاعتيادية الأسبوعية، إثر حدوث مشادة كلامية بين نائب رئيس مجلس المحافظة المنتمي لكتلة المحافظ وإحدى عضوات المجلس، تطور فيما بعد إلى اشتباك بالأيدي بين أعضاء كتلة المواطن، التي يتزعمها عمار الحكيم رئيس المجلس الإسلامي الأعلى، وكتلة بدر المنضوية في ائتلاف دولة القانون التي يتزعمها نوري المالكي رئيس الوزراء العراقي الأسبق.\n\n المظاهرات التي خرجت في مناطق شمال البصرة نهاية الأسبوع الماضي، جاءت بعد يوم واحد على تصريحات أدلى بها نائب رئيس الجمهورية العراقي نوري المالكي، التي وصف فيها الخدمات في المدينة النفطية الأغنى بالعراق (البصرة) بالمتراجعة وأن أهلها لن يصبروا طويلا، وأضاف في تصريحات صحافية خلال زيارته للمدينة، أن «الحكومة الحالية غير قادرة على النهوض بواقع محافظة البصرة، ولا حتى الاستفادة من الأموال التي تحصل عليها».\n\n وأضاف أن «واقع المحافظة قد تراجع بشكل كبير، وفي حال لم تتم معالجته، فإن أهالي البصرة لن يستطيعوا الصبر إلى ما لا نهاية، إذ إنهم ينتجون النفط ويحرمون حتى من نظافة شوارعهم وأن الأمر يحتاج إلى التفاتة قوية».\n\n وتابع المالكي قائلا، إن «الكل يتاجر بأهل البصرة مع مظلوميتها الكبيرة وعدم الاهتمام بها، وإن ممثلي المحافظة في البرلمان يجب أن يكون لهم صوت قوي، وسأقف معهم لإصلاح الوضع الموجود على الأرض باتجاه تحقيق الخدمات وتخفيف المعاناة على المواطنين».\n\n المظاهرات في البصرة أدت إلى مقتل وجرح أربعة أشخاص من المتظاهرين جراء إطلاق النار عليهم من قبل قوات أمنية على خلفية سوء الخدمات المقدمة إلى أقضية ونواحي شمال البصرة، خصوصا فيما يتعلق بقضية التيار الكهربائي.\n\n وقال مصدر في حديث لـ«الشرق الأوسط» إن «مشادة كلامية حدثت في الجلسة الأخيرة لمجلس المحافظة كانت بين نائب رئيس المجلس وليد كيطان المنتمي إلى كتلة المواطن، وعضو المجلس أمطار رحيم من كتلة بدر المنضوية في ائتلاف دولة القانون تحولت بعد ذلك إلى مشادة كلامية مع رئيس كتلة بدر الشيخ أحمد السليطي».\n\n وأضاف أن «المشادات تحولت إلى عراك بالأيدي بين أعضاء الكتلتين الشيعيتين الأكبر في المجلس، حتى وصل الأمر إلى قيام حمايات أعضاء الكتلتين بإشهار أسلحتهما كل في وجه الآخر، قبل أن تتدخل القوة الأمنية المكلفة بحماية مبنى ومحيط مجلس المحافظة لفض الاشتباكات».\n\n وتابع أن «المشادة جاءت على أثر الخلافات بين الكتل المكونة لمجلس المحافظة وقضية الخدمات المقدمة للمواطنين وغيرها من الأمور، التي في مقدمتها الموقف من المحافظ المنتمي لكتلة الحكيم».\n\n وبين أن «المحافظ استدعى سرايا عاشوراء، التابعة لحزب الحكيم، لحمايته وحماية ديوان المحافظة، الأمر الذي حصل سابقا خلال المظاهرات، مما قد يحول الصراع إلى مسلح بين أقطاب القوى الشيعية في مجلس محافظة البصرة».\n\n إلى ذلك، قال المحلل الاستراتيجي الدكتور محمد فيصل في حديث لـ«الشرق الأوسط»، إن «البصرة المدينة الغنية بالنفط، التي تعتبر المصدر الأساسي لخزينة الدولة العراقية مهددة حاليا بالسقوط في منزلق التناحر والاقتتال، إذا ما بقيت القوى الشيعية الأكبر في مجلس المحافظة على مواقفها، وسعي قياداتها في بغداد إلى جر الخلافات لها، وهي المدينة التي كانت شبه مستقرة».\n\n وأضاف أن «هناك خلافا واضحا ما بين زعيم المجلس الإسلامي الأعلى عمار الحكيم، ورئيس ائتلاف دولة القانون نوري المالكي، وأن الرجلين لن يتهاونا في موضوع السيطرة على ثاني أكبر المدن العراقية، ومركزها النفطي، وذات المقاعد الكثيرة في البرلمان، لذا تجدهما لن يدخرا جهدا في سبيل أحكام السيطرة على المدينة دون الاكتراث للمواطنين ومصالحهم، وخصوصا أن عرفنا أن رئيس الوزراء الحالي ضعيف ولا يريد أن يخسر أيا منهما».",
    "date_extracted": "2015-07-25 10:05:23"
}