{
    "url": "http://aawsat.com/home/article/414606/اخبار-سريعة",
    "title": "اخبار سريعة",
    "author": "",
    "content": "* «مازيراتي» تتصدر مزادًا لبيع سيارات السباق الكلاسيكية\n* لندن - برلين: «الشرق الأوسط» بيعت في العاصمة الألمانية برلين سيارة سباق طراز «مازيراتي 350 إس» - تم تجديدها عام 2003 باستخدام مكونات من سيارات أخرى - بسعر بلغ 272360 يورو (304100 دولار) لتتصدر مزادا لبيع سيارات سباق كلاسيكية.\nكانت سيارة مازيراتي مشابهة قد شاركت في سباق ميلي ميغليا للسيارات في إيطاليا عام 1956 بقيادة سترلينغ موس، قد تم بيعها في يونيو (حزيران) الماضي في مزاد نظمته صالة «أوكشناتا».\nوقد تم بيع سيارة سباق طراز «برابام» قادها السائق الأسطوري الألماني المولد يوشن ريندت مقابل 235220 يورو (262 ألف دولار) وهو تقريبا نصف الثمن الذي توقعه المحللون. وكان ريندت قد سيطر على موسم سباق «فورميولا 2» عام 1967 بالسيارة البريطانية «برامبام بي تي 23» قبل أن يتحول إلى سباق «فورميولا 1».\n\n* «كيا» تحتل المركز الثاني في دراسة للجدوى المبدئية عام 2015\n* لندن – دبي: «الشرق الأوسط» سجلت «كيا موتورز» إنجازا لافتا في يونيو (حزيران) الماضي باحتلال علامتها التجارية المركز الثاني في دراسة الجودة المبدئية التي أجرتها مؤسسة «جيه دي باور» لأوسع الطرز انتشارًا في قطاع صناعة السيارات في عام 2015. وحققت «كيا موتورز» تقدمًا بمقدار 20 نقطة مقارنة بأفضل أداء سابق لها في عام 2014، الأمر الذي يقدمها أربعة مراكز على منافساتها لتبلغ المركز الثاني في الترتيب العام (من بين الـ33 علامة تجارية للسيارات).\nوحققت «كيا» هذه النتيجة بفضل الأداء الجيد لمركبتين من مركباتها الأكثر مبيعًا، أي سول وسورينتو، في حين احتلت طرز ريو وأوبتيما وكادينزا وسبورتاغ وغراند كارنيفال أحد المراكز الثلاثة الأولى في فئاتها.\n\n* مبيعات «هيونداي» تنخفض في الخارج وترتفع في سوقها الكورية المحلية\n* لندن - سيول: «الشرق الأوسط» ذكرت شركة «هيونداي موتور» الكورية الجنوبية لصناعة السيارات، أن مبيعاتها خلال شهر يونيو (حزيران) الماضي انخفضت بنسبة 1.2 في المائة، مقارنة بنفس الشهر من العام الماضي، وأرجعت ذلك لانخفاض الطلب في الأسواق الخارجية.\nونقلت وكالة «يونهاب» الكورية الجنوبية للأنباء عن «هيونداي» القول، إنها باعت 408026 سيارة في يونيو الماضي مقارنة بـ412835 سيارة خلال نفس الشهر من العام الماضي. وقالت الشركة، إن مبيعاتها في سوقها المحلية بلغت 62802 سيارة بارتفاع بنسبة 4.8 في المائة، مقارنة بنفس الفترة من العام الماضي، ولكن انخفضت المبيعات الخارجية بنسبة 2.‏2 في المائة لتسجل 345224 سيارة.\nوأوضحت الشركة، أن مبيعاتها انخفضت خلال الفترة الممتدة من يناير (كانون الثاني) حتى يونيو الماضيين بنسبة 3.2 في المائة، مقارنة بنفس الفترة من عام 2014 لتصل إلى 2416626 سيارة.",
    "date_extracted": "2015-07-25 10:06:17"
}