{
    "url": "http://aawsat.com/home/article/414431/«داعش»-يسيطر-على-50-كيلومترًا-من-الشريط-الحدودي-والأكراد-موجودون-على-ثلثيه",
    "title": "«داعش» يسيطر على 50 كيلومترًا من الشريط الحدودي.. والأكراد موجودون على ثلثيه",
    "author": "بيروت: نذير رضا",
    "content": "تقلص نفوذ تنظيم داعش على الحدود السورية – التركية، إلى مساحات ضيقة، لا تتخطى الخمسين كيلومترًا، ومحصورة في منطقة حدودية شمال حلب، تمتد من مدينة جرابلس، وصولاً إلى شمال بلدة صوران – أعزاز، فيما تسيطر قوات «وحدات حماية الشعب الكردي» على نحو ثلثي مساحة الشريط الحدودي البالغة مساحته 800 كيلومتر، بحسب ما يقول مدير «المرصد السوري لحقوق الإنسان» رامي عبد الرحمن لـ«الشرق الأوسط».\nولم يكن هذا الانحسار بالنفوذ ليتحقق، لولا معارك ضارية خاضها مقاتلون أكراد، وحلفاؤهم من «الجيش السوري الحر» في «غرفة عمليات بركان الفرات»، مدعومين بضربات جوية للتحالف العربي والدولي ضد الإرهاب، خلال الأشهر الماضية، بدأت باستعادة السيطرة على مدينة كوباني (عين العرب) السورية في أقصى ريف حلب الشمالي الشرقي، وامتدت إلى الرقة والحسكة. وانتزع هؤلاء المقاتلون من قوات «داعش»، السيطرة على معبر تل أبيض الحدودي مع تركيا، والشريط الحدودي التابع لمحافظة الرقة، فيما خاض المقاتلون معارك أخرى في محافظة الحسكة.\nويحكم الأكراد اليوم السيطرة على الشريط الحدودي مع تركيا، بدءًا من نهر دجلة في أقصى شمال شرقي سوريا، وصولاً إلى شرق نهر الفرات (الفاصل بين كوباني وجرابلس)، ولا تقطعها إلا سيطرة القوات الحكومية السورية على معبر القامشلي مع تركيا.\nومن كوباني، تنقطع حدود السيطرة من جرابلس إلى صوران أعزاز (شمال حلب)، التي يسيطر عليها «داعش»، فيما تسيطر قوات الجيش السوري الحر و«جبهة النصرة» على مساحة من الشريط الحدودي تمتد من معبر أعزاز، وصولاً إلى الحدود الإدارية لعفرين (ثاني أكبر المدن الكردية في سوريا)، وتمتد سيطرة الأكراد على تلك البقعة الحدودية من عفرين إلى جبل الأكراد، تقطعها قرى تابعة لريف إدلب، تسيطر عليها قوات المعارضة السورية، فيما يحتفظ النظام بسيطرته على معبر كسب، في شمال غربي البلاد.\nعمليًا، ستستهدف القوات التركية قوات «داعش» في تلك البقعة الممتدة في جرابلس إلى شمال صوران أعزاز، وقد تعرضت ثلاث مواقع لـ«داعش» فيها لضربات جوية تركية.\nويرى رامي عبد الرحمن في تصريحات لـ«الشرق الأوسط» أن «تدخل الأتراك سيمنع أي تقدم للوحدات الكردية باتجاه منبج، كما سيمنع اتصال مناطق نفوذ الأكراد شرق ضفة نهر الفرات، بشمال عفرين، وهي مناطق تسكنها أغلبية عربية وتركمانية»، مشيرًا إلى أن وحدات حماية الشعب الكردي، هي فرع من حزب العمال الكردستاني (بي كي كي) المعادية لتركيا، وبالتالي «تتوجس أنقرة من سيطرتهم على كامل الشريط الحدودي». ولفت إلى أن تركيا «كانت دربت قوات تركمانية سورية في المنطقة، لتوليتها على تلك المناطق الحدودية، وبالتالي، يمنعها تمدد القوات الكردية إلى تلك المنطقة، من السيطرة عليها».\nوإذ يرى أن التدخل في هذا الوقت، حاسم بالنسبة لتركيا لمنع تمدد الأكراد، يعرب عبد الرحمن عن استغرابه من التدخل التركي في هذا الوقت، قائلاً: «من سمح بإدخال 50 ألف مقاتل متشدد إلى سوريا، كيف بات فجأة عدوًا لداعش؟».\nويسيطر الأكراد اليوم، على أكثر من 6500 كيلومتر مربع، بينها ألف قرية عربية. وتقول مصادر كردية لـ«الشرق الأوسط» بأن المنطقة الحدودية الممتدة من رأس العين إلى تل أبيض، تناهز الـ110 كيلومترات، و«لولا المقاتلون العرب، لما تحررت تلك المساحات».\nوتورد المصادر هذه الأرقام، في رد على مزاعم بمعاداة العرب في المنطقة، رغم أن ناشطين يتساءلون عن أسباب تواجد قوات كردية في منطقة صرين مثلاً، وهي منطقة عربية بالكامل، كما في تل أبيض التي يشكل العرب 90 في المائة من سكانها.",
    "date_extracted": "2015-07-25 01:59:43"
}