{
    "url": "http://aawsat.com/home/article/412646/مهرجان-«باليو»-في-سويسرا-يحتفي-بالموسيقى-الفولكلورية",
    "title": "مهرجان «باليو» في سويسرا يحتفي بالموسيقى الفولكلورية",
    "author": "نيون - لندن: «الشرق الأوسط»",
    "content": "يحتفل مهرجان «باليو» في سويسرا هذا الأسبوع بدورته الأربعين بمشاركة نجوم كبار أمثال ستينغ وروبي ويليامز، كما يحتفي في الوقت ذاته برموز الموسيقى الفولكلورية. والمهرجان الذي يقام على مدى أسبوع في بلدية نيون بدأ مهرجانا للموسيقى الفلكلورية في 1976 بحضور 1800 شخص، لكنه تحول إلى مهرجان كبير يقام في الهواء الطلق وحضره 230 ألف شخص في العام الماضي في سبعة مسارح، حسب «رويترز».\nوافتتح المهرجان مغني البوب روبي ويليامز، وتتوالى الحفلات لاحقا بعروض لفنانين وفرق أمثال فريق موسيقى الروك «كينغز أوف ليون»، وفريق «فيثلس»، والمغني ستينغ، والموسيقي ديفيد جيتا.\nكما يشهد المهرجان التفاتة للماضي بعروض مستمدة من الجذور لفريق «ماليكورن» والمغنية جوان بيز اللذين اشتهرا في 1976 وشاركا في المهرجان عام 1982.\nوقال دانيال روسالا، مؤسس ومدير المهرجان، في كتيب للدورة الـ40 للمهرجان: «قررنا أن نخصص جزءا صغيرا للحنين للماضي، وندعو إليه بعض قدامى الفنانين الذين كانت لهم إسهامات بارزة على مدى الأعوام الأربعين الماضية».\nوعلى مدى الأعوام الماضية شهد المهرجان مشاركة موسيقيين من مختلف الأطياف، كما يخصص مساحة لعروض السيرك.\nوقال جاك مونيه، مدير برنامج المهرجان: «في البداية كان مخصصا للموسيقى الفلكلورية بشكل أساسي. ولاحقا انفتحنا على آفاق أرحب، مثل الموسيقى البرازيلية، وموسيقى أميركا الجنوبية، ومؤخرا الروك والهيب هوب وإلكترو»، ويستمر مهرجان باليو حتى 26 يوليو (تموز) الحالي.",
    "date_extracted": "2015-07-23 19:31:44"
}