{
    "url": "http://www.okaz.com.sa/new/Issues/20150726/Con20150726785639.htm",
    "title": "10454 سريراً بمستشفيات منطقة مكة عام 1440",
    "author": " إبراهيم علوي (جدة)",
    "content": " تربعت منطقة مكة المكرمة على قمة هرم المشاريع الصحية المنفذة والمعتمدة والجاري تنفيذها، مقارنة ببقية مناطق المملكة، وينتظر أن ترفع هذه المشاريع الطاقة السريرية في مستشفيات المنطقة والمحافظات التابعة لها إلى 10 آلاف سرير خلال السنوات الخمس المقبلة.\n وكان مستشار خادم الحرمين الشريفين، أمير منطقة مكة المكرمة، صاحب السمو الملكي الأمير خالد الفيصل قد أكد في وقت سابق على أهمية إيصال الخدمات الصحية لإنسان المنطقة في كافة المحافظات والمراكز، مشددا على ضرورة استكمال هذه المشاريع وفق الجدول الزمني المعد لها دون تعثر، لتحقق الهدف الرئيس من إنشائها، ولتقدم الخدمة الطبية التي يحتاجها قاصدو المشاعر المقدسة، وأبناء المنطقة.\n وأوضحت الشؤون الصحية في منطقة مكة المكرمة أنه من المتوقع ارتفاع عدد الأسرة في مستشفيات المحافظات والمراكز التابعة لها من 8500 سرير إلى أكثر من 10 آلاف سرير، مشيرة إلى أن استراتيجيتها أخذت في الاعتبار واقع الخدمات العلاجية والوقائية، إضافة إلى مؤشر أداء القوى العاملة في القطاعات الصحية بالمنطقة، إذ بلغ عدد المستشفيات الحكومية والخاصة فيها نحو 445 مستشفى، تضم حاليا 8504 أسرة وستقفز بحلول العام 1440 إلى أكثر من 10454 سريرا، فيما بلغ عدد المراكز الصحية 6951 مركزا، سترتفع إلى 10059 بعد خمسة أعوام، مبينة أن عدد القوى العاملة في المجالات الصحية بالمنطقة، البالغ نحو 36877 موظفا، سيصبح بحلول عام 1440 نحو 70085 موظفا.\n وكشف التقرير أن المشاريع الجاري تنفيذها هي: البرج الطبي في مستشفى الولادة والأطفال بجدة (إحلال) بسعة 400 سرير، البرج الطبي في مستشفى العيون بجدة (إحلال) بسعة 200 سرير، مستشفى الصحة النفسية بجدة (إحلال) بسعة 500 سرير، مستشفى الجموم بسعة 100 سرير، مستشفي مكة المكرمة (الشرائع) بسعة 500 سرير، مستشفى النساء والولادة في القنفذة بسعة 200 سرير، مستشفى الأمل والصحة النفسية في الطائف بسعة 500 سرير، ومستشفى الأطفال في الطائف بسعة 300 سرير.\n وتتضمن قائمة المشاريع تحت الطرح والترسية: البرج الطبي في مستشفى الملك فيصل بمكة المكرمة بسعة 200 سرير، مستشفى الولادة والأطفال في مكة المكرمة بسعة 300 سرير، مستشفى ثريبان في القنفذة بسعة 50 سريرا، مستشفى المظيلف في القنفذة بسعة 50 سريرا، البرج الطبي في مستشفى الملك فهد بمكة المكرمة بسعة 200 سرير، مستشفى نمرة في القنفذة بسعة 50 سريرا، مستشفى جنوب القنفذة بسعة 100 سرير، مستشفى أم الدوم في الطائف بسعة 50 سريرا، مستشفى الليث يلملم بسعة 100 سرير، مستشفى شمال جدة بسعة 300 سرير، البرج الطبي في مستشفى الملك فهد بجدة بسعة 200 سرير، برج الولادة والأطفال في الطائف بسعة 500 سرير، البرج الطبي في مستشفى الملك عبدالعزيز بمكة بسعة 300 سرير.\n أما المشاريع المنجزة فتشمل: مستشفى الملك فيصل في الطائف بسعة 500 سرير، مستشفى قياء بالحارث بسعة 50 سريرا، مجمع الملك عبدالله شمال جدة بسعة 500 سرير وبتكلفة 362 مليونا و796 ألف ريال، تشغيل العيادات الخارجية، وأقسام الطوارئ ووحدات العناية المركزة والتنويم والتشغيل الجزئي لقسم العمليات وتجهيز السجلات الطبية وقسم الأشعة وإنشاء مختبر مركزي، وتجهيز مقر لبنك الدم، وإنشاء مركز الأسنان، وتطوير قسم المناظير، ومستودع بمساحة 1000م2، ومركز غسيل كلوي، ومركز التدريب والتطوير، وإنشاء مركز الأورام، ومستشفى شرق جدة بسعة 300 سرير وبتكلفة إجمالية قدرها 310 ملايين ريال (اكتملت مراحل الانشاء بنسبة 100% ومراحل التجهيز والتوظيف اكتملت بنسب كبيرة وتم تشغيله جزئيا)، إضافة إلى البرج الطبي بمستشفى الملك فهد بسعة 270 سريرا وبتكلفة 97.151.502 ريالا، ومشروع مركز الأمير عبدالمجيد لأمراض الكلى بمستشفى الملك فهد بتكلفة إجمالية قدرها 46.813.371 ريالا، مركز صحي بريمان، مركز صحي ثول، مركز صحي حي الصفا، مركز صحي أبحر الشمالية، ومركز حي المحجر.\n   ",
    "date_extracted": "2015-07-26 16:44:38"
}