{
    "url": "http://www.okaz.com.sa/new/Issues/20150723/Con20150723785131.htm",
    "title": "وزارة الحرس الوطني",
    "author": "",
    "content": " بحضور نائب وزير الحرس الوطني عبدالمحسن بن عبدالعزيز التويجري، أقامت وزارة الحرس الوطني أمس حفل الاستقبال والمعايدة لمنسوبيها بمناسبة عيد الفطر، تبادل خلاله الجميع التهاني والتبريكات بهذه المناسبة. ",
    "date_extracted": "2015-07-23 17:39:28"
}