{
    "url": "http://www.okaz.com.sa/new/Issues/20150724/Con20150724785372.htm",
    "title": "دي ماريا إلى حديقة الأمراء",
    "author": " وكالات (باريس)",
    "content": " كشفت تقارير إعلامية فرنسية أن فريق مانشستر يونايتد الإنجليزي وافق على رحيل الدولي الأرجنتيني انخيل دي ماريا إلى فريق باريس سان جيرمان، بطل الدوري والكأس الفرنسية خلال فترة الانتقالات الصيفية الحالية.\nووفقا لتقرير نشرته مجلة (فرانس فوتبول) الفرنسية، فإن الرئيس التنفيذي للشياطين الحمر إد وودوارد عقد محادثات مع المدير الرياضي للنادي الباريسي (كللت بالنجاح)، لوضع اللمسات الأخيرة على صفقة الأرجنتيني، الذي يستعد لمغادرة ملعب أولد ترافورد بعد قضائه عاما واحدا في الملاعب الإنجليزية.\nوحسب ادعاءات المجلة الفرنسية الشهيرة، فقد وافق باريس سان جيرمان على دفع مبلغ 65 مليون يورو لقدومه إلى ملعب حديقة الأمراء، ومن المرجح أن يتم الإعلان الرسمي عن الصفقة الجمعة.\nوكافح دي ماريا صاحب الـ(27 عاما) للحصول على مركز أساسي له في تشكيلة المدرب الهولندي لويس فان غال في النصف الثاني من الموسم، رغم البداية الجيدة له في البريميرليج.\nوالجدير بالذكر أن نجم التانغو انضم إلى مانشستر يونايتد صيف العام 2014 قادما من ريال مدريد الإسباني مقابل 59.7 مليون جنيه إسترليني، بينما أنفق فريق الشياطين الحمر مبلغ 80 مليون جنيه إسترليني لتعزيز صفوفه، حيث ضم الهولندي ممفيس ديباي والألماني باستيان شفاينشتايجر والفرنسي مورغان شنايدرلين والإيطالي ماتيو دارميان في الميركاتو الصيفي الحالي.\n ",
    "date_extracted": "2015-07-24 05:53:59"
}