{
    "url": "http://www.okaz.com.sa/new/Issues/20150723/Con20150723785192.htm",
    "title": "المانيو يفاضل بين مولر وبيدرو",
    "author": " وكالات (مانشستر)",
    "content": " اعلن الهولندي لويس فان غال مدرب فريق مانشستر يونايتد الانجليزي عن اقتراب وصول مهاجم قوي للفريق خلال الايام القادمة ليكون مع الفريق بداية من الموسم الجديد. وافادت صحيفة الموندو ديبورتيفو ان المدرب الهولندي يرغب في التعاقد مع مهاجم مميز بديلا لرحيل روبن فان بيرسي مع نهاية اعارة الكولومبي فالكاو مع الفريق. وطرحت الصحيفة الاسماء المطروحة على قائمة تعاقدات اليونايتد الهجومية في فترة الانقتالات الصيفية الحالية ويعد الثنائي توماس مولر مهاجم البايرن وبيدرو رودريغيز مهاجم برشلونة هما من ابرز الاسماء المرشحة للانضمام إلى الاولد ترافورد. ويدخل بجانبهما كل من ايكاردي مهاجم الانتر، الكسندر لاكازيتي مهاجم ليون الفرنسي، موراتا مهاجم اليوفي الايطالي، نيكولاس جايتان لاعب بنفيكا البرتغالي، أوباميانغ مهاجم بوروسيا دورتموند بجانب الالماني كيفن فولاند.\n ",
    "date_extracted": "2015-07-23 17:43:09"
}