{
    "url": "http://www.okaz.com.sa/new/Issues/20150724/Con20150724785359.htm",
    "title": "الشبرمي: تخلف غالب لا يحتاج تأويلات",
    "author": " مسعد العضياني (الرياض)",
    "content": " أكد فيصل الشبرمي وكيل أعمال لاعب محور الارتكاز بالفريق الأول لكرة القدم إبراهيم غالب أن سبب عدم التحاقه مع بعثة الفريق إلى النمسا جاء نتيجة اتفاق بينه وبين الإدارة. وزاد: بقي إبراهيم في الرياض ليواصل العلاج الطبيعي في النادي تحت إشراف الإدارة الطبية، ومن المحتمل أن يلتحق بالفريق في معسكره الحالي في وقت لاحق، وأضاف «الحديث عن غالب ينطبق على عبدالله العنزي وأحمد الفريدي اللذين لم يضمهما داسيلفا إلى المعسكر، وهو أمر طبيعي جدا كون المدرب يعتمد في المعسكر إعداد اللاعبين الجاهزين وليس المصابين».\nوحول موعد عودة غالب مجددا إلى الملاعب عقب إصابته بالرباط الصليبي قال: بحسب تأكيداته وتأكيد الطبيب المعالج له فإنه سيكون جاهزا في الجولتين الأولى والثانية من دوري عبداللطيف جميل للمحترفين.\n ",
    "date_extracted": "2015-07-24 05:52:13"
}