{
    "url": "http://www.okaz.com.sa/new/Issues/20150723/Con20150723785102.htm",
    "title": "التأمين الصحي يشمل 10٫5 مليون شخص",
    "author": " سعاد الشمراني (الرياض)",
    "content": " أفصح الأمين العام المساعد للشؤون الفنية بمجلس الضمان الصحي التعاوني المهندس وائل الدهاسي عن أن عدد المؤمن لهم يزيد على 10.5 مليون مؤمن يحصلون على خدمات الرعاية الصحية من خلال أكثر من 2521 مقدم خدمة وشركتي تأمين صحي و8 شركات إدارة مطالبات.\nجاء ذلك خلال حفل المعايدة الذي أقامته الأمانة العامة لمنسوبيها أمس، لافتا إلى أن أمانة المجلس تولي تطوير أعمالها عناية خاصة، ما يسهم في تطوير صناعة سوق التأمين الصحي من خلال تحديد احتياجات السوق وتلبيتها وبناء القدرات وتطوير أدوات وآليات العمل الإشرافي والرقابي والتنظيمي لقطاع التأمين الصحي. وأشار الدهاسي إلى الدور المهم لجميع موظفي الأمانة وما قدموه من جهد أسهم في تعزيز جودة أداء سوق التأمين الصحي. ",
    "date_extracted": "2015-07-23 17:39:02"
}