{
    "url": "http://www.okaz.com.sa/new/Issues/20150723/Con20150723785162.htm",
    "title": "«فنجان قهوة» و«كرتون الأحلام» أولى مسرحيات المدينة",
    "author": " حامد الصيادي (المدينة المنورة)",
    "content": " تابعت لجنة التحكيم لمسابقة أمانة المدينة المنورة للعروض المسرحية، البارحة الأولى، عرض مسرحية «كرتون الأحلام»، ضمن احتفالات «عيد طيبة 36»، وناقشت المسرحية أوضاع الشباب الاجتماعية والاقتصادية، ومشاريعهم، ومبادراتهم، وحرصهم على النجاح والتميز رغم المعوقات والصعاب التي يواجهونها. وحاكى العرض في بدايته حياة الشباب ومخاطر تأثير الأفكار السلبية والتحذير من الانحراف، ودعت إلى كيفية استثمار الوقت، والمبادرة لكل ما يرقى بالنفس ويطور القدرات، وممارسة الهوايات النافعة، وعدم الاستسلام للبطالة.\nواستعرضت المسرحية كيفية بداية الشباب في مشاريعهم التجارية الصغيرة، وطرق تجاوز المعوقات التي تواجه شباب الأعمال، وكيفية الاستفادة من الطلاب المبتعثين العائدين. وختمت المسرحية عرضها بتقديم فكرة عن البرنامج الوطني للحماية من المخدرات «نبراس»، واستعراض طرق معالجة المعوقات التي تواجه الشباب من الناحية الاجتماعية والاقتصادية، وفوائد ثمرة الصبر والإصرار والاستمرار والنجاح. من جانب آخر عرضت البارحة الأولى، مسرحية «فنجان قهوة»، على خشبة المسرح الداخلي في خيمة «واحة عاصمة الثقافة» بحديقة الملك فهد المركزية، بمشاركة من فرع جمعية الثقافة والفنون بالمدينة. ",
    "date_extracted": "2015-07-23 17:36:22"
}