{
    "url": "http://www.okaz.com.sa/new/Issues/20150726/Con20150726785709.htm",
    "title": "المواد المغشوشة بالملايين",
    "author": " عبدالله عمر خياط",
    "content": " .. يبدو أن موضوع المخالفات لم يعد كما كان عهدنا به في السابق في حدود العشرة أو العشرين على أكبر تقدير في الوقت الذي ارتفع فيه حاليا ليس للمئات ولا الألوف وإنما إلى الملايين.\nفقد نشرت «الاقتصادية» بالعدد 7927 : «أن وزارة التجارة والصناعة صادرت بضائع ومنتجات بلغت كميتها نحو 7 ملايين قطعة مختلفة الاستخدام خلال عام 2013م توزعت على 15 صنفا شكلت العطورات المقلدة والعبوات الفارغة 38 في المائة من الإجمالي بعدد بلغ نحو 2.54 مليون .\nوشملت الجولات الميدانية التي نفذتها الوزارة في ذلك العام نحو 212.453 ألف منشأة تجارية تزاول نشاط بيع المواد الغذائية والسلع الاستهلاكية الأخرى» .\nوليس هذا فحسب فهناك ثان وثالث ورابع، وخامس، وسادس، وسابع، وهو ما توضحه التقارير بالتفصيل التالي :\nجاء ثانيا، كأعلى ما تم ضبطه من الإجمالي، مغلفات تحمل علامات تجارية مشهورة بنسبة شكلت نحو 37.8 في المائة من إجمالي ما تم ضبطه خلال العام كاملا، وبعدد بلغ نحو 2.53 مليون.\nثم ثالثا، حلت الشامبوهات والمنظفات وأدوات التجميل والكماليات المخالفة لنظام الغش التجاري، حيث شكلت ما نسبته نحو 15.4 في المائة من الإجمالي ككل، وبعدد بلغ نحو فاق مليون قطعة.\nرابعا، جاءت فلاتر السيارات المقلدة، حيث شكلت نسبة ما تم ضبطه نحو 3 في المائة من الإجمالي خلال العام، وبعدد قارب على مستويات الـ 193 ألف عبوة.\nوحتى ماء زمزم لم يسلم من الغش، إذ تقول الفقرة الخامسة : حل ماء زمزم المغشوش بنسبة مثلت نحو 2.2 في المائة من الإجمالي العام، وبعدد تجاوز الـ 145 ألف عبوة» .\nأما الفقرة السادسة فقد كانت عن المضبوطات من عبوات زيوت المحركات المغشوشة التي فاق مستواها 110 آلاف عبوة.\nوقالت الفقرة السابعة إن إجمالي الجوالات المقلدة بلغ نحو 74.8 ألف جوال.\nوسجلت الإطارت المنتهية المضبوطة خلال العام نحو 11.1 ألف إطار منته.\nوبلغت كمية المضبوطات من مواد البناء المخالفة بعدد يقدر بـ 10.1 ألف مادة مخالفة لنظام البيانات التجارية».\nترى كيف وصلت هذه المواد للمملكة، أو بالأصح كيف تم تصنيعها داخليا ؟ ويا أمان الخائفين..\nالسطـر الأخـير : \nقال رسول الله صلى الله عليه وسلم : «من غشنا ليس منا». ",
    "date_extracted": "2015-07-26 16:45:05"
}