{
    "url": "http://www.okaz.com.sa/new/Issues/20150723/Con20150723785229.htm",
    "title": "ولي العهد يبحث ووزير الخارجية المصري الأحداث العربية والإسلامية",
    "author": " واس (جدة)",
    "content": " استقبل صاحب السمو الملكي الأمير محمد بن نايف بن عبدالعزيز ولي العهد نائب رئيس مجلس الوزراء وزير الداخلية في قصر سموه بجدة مساء أمس وزير الخارجية المصري سامح شكري. وجرى خلال الاستقبال بحث آفاق التعاون بين البلدين الشقيقين وسبل دعمها وتعزيزها في المجالات كافة إلى جانب استعراض مجمل الأحداث التي تشهدها الساحات العربية والإسلامية والدولية.\nوحضر الاستقبال صاحب السمو الملكي الأمير محمد بن سلمان بن عبدالعزيز ولي ولي العهد النائب الثاني لرئيس مجلس الوزراء وزير الدفاع.\nكما حضر الاستقبال وزير الدولة عضو مجلس الوزراء الدكتور مساعد بن محمد العيبان، ووزير الخارجية الأستاذ عادل بن أحمد الجبير، ورئيس الاستخبارات العامة خالد بن علي الحميدان، وسفير خادم الحرمين الشريفين لدى جمهورية مصر العربية مندوب المملكة الدائم لدى جامعة الدول العربية أحمد بن عبدالعزيز قطان، وسفير جمهورية مصر العربية لدى المملكة عفيفي عبدالوهاب.. ",
    "date_extracted": "2015-07-23 17:36:03"
}