{
    "url": "http://www.okaz.com.sa/new/Issues/20150722/Con20150722784983.htm",
    "title": "إن من الشعر لحكمة",
    "author": " عبدالله عمر خياط",
    "content": " .. الشعر يخفف من جفاف الحياة، بل انه يخفف من جفاف النثر وقد طالعت هذا الاسبوع الأبيات الرائعة الجميلة للشاعر إيليا أبو ماضي حيث يقول :\nقالوا: ألا تصف الكريم لنا؟ فقلت على البديه:\nإن الكريم لكالربيـع ، تحبـــه للحســــن فيـــــــه\nوتهـــش عند لــقــــائه ، ويغيب عنك فتشتهيه\nلا يرضى أبــــــدا لصــاحبه الذي لا يــــرتضيــه\nوإذا الليــــــالي ساعـفـته لا يــــدل و لا يتيـــــه\nوتـــراه يبســــم هازئا في غمرة الخطب الكريه\nوإذا تحـــرق حـــاسـدوه بــكى ورق لحاســـديه\nكالـــورد ينفح بالشـــذى حتى أنــــوف السارقيه\nلكن من يقرأ جمال الشعر خصوصا في هذه الأيام التي ابتلي فيها الجيل الجديد بوسائل الاتصال بما يضيع الأوقات، وأعتقد أن علينا أن نأخذ من الصوفية طريقتهم وهي العزلة عن الناس لكي نتفرغ لمطالعة الشعر وأيضا لكتابة الشعر إن كان عند الواحد منا قدرة واعترف بأني قد حاولت فكان صعبا جدا.\nلكني خلال مراحل حياتي جمعت كثيرا من القصائد لشعراء قدماء مثل حسان بن ثابت، والفرزدق، والمتنبي، والبحتري، وشعراء معاصرين مثل : نزار قباني، وحمزة شحاتة، وغازي القصيبي.. وأحمد قنديل، وحسن قرشي، وحتى جاسم الصحيح.. وسيصدر هذا المجموع في كتاب بإذن الله بعنوان (المنتقى في شعر العرب).\nودعونا ندندن مع الشاعر الكبير الكفيف أبو الحسن الحصري القيرواني الذي غنت له فيروز :\nيا ليــل الصب متى غـــده\nأقيــــام الساعة موعـده\nرقـــــد السمــــار فـــأرقـه\nأســـــف للبين يـــردده\nفبكـــــاه النجـــم ورق لـه\nممـــــا يرعاه ويرصده\nكلف بغـــــزال ذي هــيف\nخوف الواشـين يشرده\nنصبـت عينــاي له شركـا\nفـي النـــوم فعز تصيده\nوكــفى عجــبـا أني قنص\nللســــرب سباني أغيده\nيا من جحدت عينـاه دمي\nوعلى خــــــديه تـورده\nخــــداك قـد اعترفـا بدمي\nفعـــــلام جفونك تجحده.\nالسطر الأخير :\nإذا لم تستطع شيئا فدعه\nوجاوزه إلى ما تستطيع.\n\naokhayat@yahoo.com\n\nللتواصل أرسل sms إلى 88548\nالاتصالات ,636250 موبايلي, 738303\nزين تبدأ بالرمز 158 مسافة ثم الرسالة\n ",
    "date_extracted": "2015-07-22 10:38:35"
}