{
    "url": "http://www.okaz.com.sa/new/Issues/20150725/Con20150725785499.htm",
    "title": "مسؤول مصري ينفي إصابة مرسي بالتسمم",
    "author": " محمد حفني (القاهرة)",
    "content": " نفى مساعد وزير الداخلية لقطاع السجون اللواء حسن السوهاجي ما تردد عن إصابة الرئيس «المعزول» محمد مرسي بحالة تسمم وتعذيب داخل محبسه بسجن برج العرب بمحافظة الإسكندرية بعد تقديم وجبات غذاء مسممة له، مؤكدا أن جماعة الإخوان في الداخل والخارج هي من تقوم بخلق تلك «الإشاعات» للإفلات من حكم الإعدام. وقال السوهاجي لـ «عكاظ»: إن كافة المتهمين في السجون يعاملون معاملة كريمة بما فيهم «جماعة الإخوان»، وتقدم لهم الوجبات الغذائية تحت إشراف طبي كامل، ولم يحدث أن تعرض أي سجين للتسمم.\n مضيفا أنه لا يوجد في قاموس السجون الآن مصطلح تعذيب، وأن منظمات حقوق الإنسان تزور السجون بصفة دورية وتكتب تقارير عن زيارتها وتلتقي بالسجناء على انفراد وتستمع إليهم، وتنظم إدارة السجون لهم الزيارات الاستثنائية في الأعياد والمناسبات، وأن ما يردده الإخوان خلال تلك الأيام مفادها خلق «لغط» في الشارع المصري وإثارة البلبلة.\nوكانت جماعة الإخوان قد أثارت في عدد من المواقع إصابة مرسي بالتسمم والتعذيب، وأن حالته الصحية حرجة وطالبت بسرعة نقله إلى مستشفى القصر العيني للعلاج.\n ",
    "date_extracted": "2015-07-25 09:31:10"
}