{
    "url": "http://www.okaz.com.sa/new/Issues/20150725/Con20150725785523.htm",
    "title": "الجسيس البغدادي يعود مطربا",
    "author": " خالد حناوي (جدة)",
    "content": " يستعد الفنان والجسيس فؤاد بغدادي، لطرح أول ألبوماته الغنائية بعد اتفاقه مع الشاعر المخضرم إبراهيم خفاجي والملحن الموسيقار جميل محمود على كتابة وتلحين أغنيات الألبوم، الذي يأتي بعد تنفيذه أغنية وطنية عن خادم الحرمين الشريفين.\nوالفنان فؤاد بغدادي بدأ مشواره الفني في الـ 14 من عمره، بمشاركته مع الفنانين عبدالله مدين ومصطفى إسكندراني وأسامة جيلاني في العديد من الحفلات، ثم صقلت موهبته بعد مصاحبته للجسيس الراحل الفنان محمد أمان، ليشارك بعدها في برنامج «سهرة على الشاطئ» من إنتاج تلفزيون جدة وإخراج طارق ريري، ثم قدم أغنية «يا أهل الهوى ما ترحموني» بالرغم من كونه جسيسا، ثم دعاه الفنان طلال سلامة للمشاركة في حفل عقد قران شقيقته فقدم بعض المجسات، ليكون هذا الحفل من الذكريات التي لا تنسى في مشواره. ",
    "date_extracted": "2015-07-25 09:37:08"
}