{
    "url": "http://www.okaz.com.sa/new/Issues/20150726/Con20150726785715.htm",
    "title": "الهلال يكثف لياقته لودية غازينتاب",
    "author": " عبدالرحمن الحجاب (الرياض)",
    "content": " يخوض الفريق الهلالي يوم غد الاثنين في معسكره الإعدادي أولى مبارياته الودية أمام فريق غازينتاب التركي حيث يهدف المدرب دونيس إلى الوقوف على مستوى اللاعبين وخاصة اللاعبين البرازيليين الميدا وادواردو.\nميدانيا واصل الفريق تدريباته الصباحية والمسائية في يومها السابع بمعسكره التحضيري المقام حاليا بمدينة سالزبورغ النمساوية، حيث تركز المران على النواحي اللياقية، إذ بدأ بالجري حول الملعب، قبل أن يعمل مدرب اللياقة اليوناني جريجوريس على تطبيق عدد من التدريبات اللياقية، اختتمها الجهاز الفني بتدريبات التمرير السريع والتحرك بدون كرة والجري حول الملعب على سرعات مختلفة وذلك عبر محطات موزعة على كامل مساحة الملعب، فيما واصل الخماسي أحمد شراحيلي، عبدالله عطيف، نواف العابد، عبدالمجيد السواط وياسر القحطاني برامجهم العلاجية والإعدادية والتأهيلية، في حين أجرى الأخير مرانا بالجري حول الملعب، وأدى تدريبات خفيفة باستخدام الكرة وذلك ضمن برنامجه التأهيلي.\nمن جانبه امتدح لاعب الفريق البرازيلي التون الميدا عبر حسابه بالانستقرام معسكر الفريق قائلا «منذ انطلاقة أيام المعسكر والعمل فيه جاد والتحضير على مستوى عال وسوف نستمر في التقدم حتى نصل للأفضل لنكون في كامل جاهزيتنا لجميع المسابقات قبل انطلاقتها»، مشيرا إلى أنه أصبح متجانسا ومتأقلما مع اللاعبين بالرغم من قصر الوقت مع الفريق الهلالي. ",
    "date_extracted": "2015-07-26 16:44:50"
}