{
    "url": "http://www.okaz.com.sa/new/Issues/20150725/Con20150725785566.htm",
    "title": "عميد المعمرين",
    "author": "",
    "content": " بحسب موقع صيني فإن اكبر معمر في العالم توفي عام 1933 عن عمر ناهز 256 عامًا، وُلد «تشو ليانغ» عام 1677، وعاش أغلب حياته في الجبال في جمع الأعشاب سواء للأكل أو للطب، وعندما بلغ من العمر 71 عامًا خدم في الجيش الصيني كمدرس للفنون القتالية والدفاع عن النفس ومستشار عسكري، وعندما بلغ المئة عام، ظهرت إنجازاته في مجال الطب الصيني، حيث حصل على منحة خاصة من الحكومة، وفي سن الـ200 عام، كان يذهب إلى الجامعة ليحاضر، تزوج «لي» من 23 امرأة على مدار سنوات عمره، وكان له عدد هائل من الأولاد، وكان له من الأحفاد 180. ",
    "date_extracted": "2015-07-25 09:37:38"
}