{
    "url": "http://www.okaz.com.sa/new/Issues/20150725/Con20150725785488.htm",
    "title": "تراجع مساحة الأراضي المرزوعة إلى 694 ألف هكتار",
    "author": " صالح الزهراني (جدة)",
    "content": " كشفت وزارة الزراعة عن تراجع مساحة الأراضي المزروعة في المملكة إلى 694 ألف هكتار «الهكتار 10 آلاف فدان» خلال عام 2013، وذلك مقابل 745 ألف هكتار في العام الذي سبقه. ووفقا للتقرير بلغت مساحة الأراضي المزروعة في عام 2009 حوالى 834 ألف هكتار، وفي عام 2010 حوالى 806 آلاف هكتار، وفي 2011 حوالى 787 ألف هكتار.\n وأشار التقرير الإحصائي الصادر عن الوزارة العام الماضي إلى أن متوسط المساحة المزروعة في الرياض يبلغ 230 ألف هكتار، وفي مكة المكرمة 30 ألف هكتار، والمدينة المنورة 26 ألف هكتار، وفي القصيم 93 ألف هكتار، والشرقية 44 ألف هكتار، وعسير 14 ألف هكتار، وتبوك 38 ألف هكتار، وحائل 73 ألف هكتار، والحدود الشمالية 191 هكتارا، وجازان 60 ألف هكتار، ونجران 9720 هكتارا، والباحة حوالى 3 آلاف هكتار، والجوف 70 ألف هكتار.\n ووفقا للتقرير تراجع حجم الإنتاج إلى 885 ألف طن مقابل أكثر من مليون طن في العام 2012 بينما بلغ في عام 2009 حوالى 1.5 مليون طن، واستقر الإنتاج عند نفس المعدل تقريبا في عام 2010 ، ليبدأ في التراجع التدريجي بعد ذلك عند 1.4 مليون طن.\n ",
    "date_extracted": "2015-07-25 09:31:21"
}