{
    "url": "http://www.okaz.com.sa/new/Issues/20150725/Con20150725785547.htm",
    "title": "جيرو يجدد للجانرز 3 أعوام",
    "author": " وكالات (لندن)",
    "content": " وافق المهاجم الدولي الفرنسي أوليفييه جيرو على التجديد مع فريق الارسنال ليبقى في صفوف الفريق الانجليزي ثلاثة أعوام مقبلة.\nوذكرت صحيفة ميرور ان الارسنال قد جدد مع المهاجم الفرنسي جيرو من أجل استمراره مع الفريق الفترة القادمة، وجدد له حتى يونيو من عام 2018 ليبقى اللاعب صاحب الـ28 عاما في الجانرز لمدة ثلاثة أعوام قادمة، إلا أنه وبالرغم من ذلك واقتناع المدير الفني للجانرز آرسن فينجر به وبقدراته، ما زال يبحث في الميركاتو عن مهاجم آخر الفترة المقبلة لدعم خط الهجوم. ",
    "date_extracted": "2015-07-25 09:35:31"
}