{
    "url": "http://www.okaz.com.sa/new/Issues/20150725/Con20150725785581.htm",
    "title": "محافظ دومة الجندل يواسي أسرة الرمالي",
    "author": " أحمد المحيسن (الجوف)",
    "content": " واسى محافظ دومة الجندل الدكتور طلال التمياط، أسرة الرمالي في وفاة شنوان حمدان الرمالي، الذي انتقل إلى رحمة الله في مدينة الرياض.\nوأعرب التمياط خلال زيارته أمس إلى منزل أسرة الرمالي الكائن بمركز الرديفة، عن حزنه العميق، داعيا الله أن يتغمد الفقيد بواسع رحمته ويلهم ذويه الصبر والسلوان.\nوكان في استقباله شقيق الفقيد عيد حمدان الرمالي مدير العلاقات والمراسم بالمحافظة، وأبناء الفقيد، الذين أعربوا عن شكرهم وتقديرهم لهذه اللفتة غير المستغربة والتي كان لها بالغ الأثر في نفوسهم وتخفيف مصابهم، سائلين الله العلي القدير ألا يريه مكروها ويكتبها في موازين حسناته. ",
    "date_extracted": "2015-07-25 09:37:50"
}