{
    "url": "http://www.okaz.com.sa/new/Issues/20150724/Con20150724785274.htm",
    "title": "الإنجاز السريع للمعاملات يخلي صالة التصحيح ببريدة",
    "author": " محمد الجاسر (بريدة)",
    "content": " سرعة إنجاز المعاملات في صالة تصحيح أوضاع اليمنيين في إدارة الجوازات ببريدة، أخلتها تماما من المراجعين، ورصدت «عكاظ» ذلك أمس خلال زياراتها لمقر جوازات المنطقة قبل الظهر حيث لم يسجل وجود أي مقيم يمني لتصحيح وضعه.\nووزعت جوازات المنطقة العمل على ثلاثة مواقع في الإدارة العامة ببريدة وفي شعبتي عنيزة والرس.\nوأوضح لـ«عكاظ» الناطق الإعلامي بجوازت المنطقة الرائد حماد المطيري أنه تم حتى أمس تصحيح أوضاع 3406 من الأشقاء اليمنيين المقيمين بالمنطقة، مشيرا إلى أنه تم خلال اليومين الماضيين بعد إجازة العيد إنهاء إجراءات 12 وافدا بجوازات المنطقة ببريدة وشعبتي جوازات عنيزة والرس.\nوقال «إن جوازات القصيم تدعو اليمنيين ممن تنطبق عليهم شروط الحصول على هوية زائر لسرعة الاستفادة من الأمر السامي الكريم واستيفاء جميع متطلبات التصحيح التي يمكن الاطلاع عليها من خلال زيارة موقع المديرية العامة للجوازات الإلكتروني WWW.GDP.GOV.SA، أو الاستفسار من خلال الاتصال على الرقم (992)، أو التواصل عبر البريد الإلكتروني (992@gdp.gov.sa).\n ",
    "date_extracted": "2015-07-24 05:46:58"
}