{
    "url": "http://www.okaz.com.sa/new/Issues/20150724/Con20150724785373.htm",
    "title": "اللواء الغامدي: جنودنا عيون ساهرة لحماية الوطن",
    "author": " تركي الوادعي (ظهران الجنوب)",
    "content": " أكد جنود حرس الحدود المرابطون على الشريط الحدودي بمحافظة ظهران الجنوب، على فخرهم واعتزازهم بالدفاع عن الدين والوطن، مبدين استعدادهم لتقديم كافة التضحيات للدفاع عن أمن الوطن.\nوذكر قائد حرس الحدود في منطقة عسير اللواء سفر بن أحمد الغامدي أن الدفاع عن الوطن شرف عظيم، ونحن هنا من أجل الحفاظ على ترابه ومقدساته ممن تسول لهم أنفسهم اختراق أو تجاوز الحدود، والكل هنا يقف بالمرصاد لصد المعتدين محتسبين الأجر من الله لأننا مرابطون في سبيل الله.\nويصف أن الوضع في الحد الجنوبي مطمئن، وقوات حرس الحدود لن تسمح لكائن من كان المساس بأمن الوطن، ونحن نقف جنبا إلى جنب مع القوات المسلحة والجهات الأمنية الأخرى وصفا واحدا وبتعاون المواطن، وكل الوطن لحمة واحدة من أجل الدفاع عن الدين والوطن سائلين الله أن يرد كيد الكائدين في نحورهم.\nوقال الغامدي: الحدود السعودية آمنة بحمد الله ومسيطر عليها بالكامل من قبل رجال حرس الحدود، وهم بفضل الله قادرون على صد أي اعتداء من خلال ما وفرته حكومتنا الرشيدة لقطاع حرس الحدود ولفت إلى ما يجده حرس الحدود وكافة القطاعات العسكرية من دعم ورعاية من خادم الحرمين الشريفين الملك سلمان بن عبدالعزيز آل سعود ــ حفظه الله ــ للدفاع عن حدود الوطن، وحفظ أمن المملكة والأمة العربية والإسلامية عامة، من خلال تشكيل منظومة متكاملة من مختلف فروع القوات المسلحة، والقيام بالواجبات والمهام لردع كل من تسول له نفسه التعدي والمساس بأمن بلاد الحرمين الشريفين، وجنودنا يرابطون بكل حزم وثقة للذود ومراقبة وحماية الحدود ومنع كل متسلل وعابث يريد زعزعة أمن واستقرار وطننا العزيز. ",
    "date_extracted": "2015-07-24 05:40:50"
}