{
    "url": "http://www.okaz.com.sa/new/Issues/20150724/Con20150724785386.htm",
    "title": "إنقاذ شخصين من الغرق بجازان",
    "author": " عبده علواني (جازان)",
    "content": " تمكنت فرقة البحث والإنقاذ التابعة لقطاع بيش بجازان أمس الأول من إنقاذ شخصين كانا يصارعان الغرق في وسط البحر في منطقة غير مخصصة للسباحة بعد أن تمت مشاهدتهما من قبل إحدى دوريات حرس الحدود لدى ممارسة مهامها، وتم نقلهما على الفور إلى مستشفى صبيا العام للاطمئنان على صحتهما.\nوأوضح المتحدث الرسمي بقيادة منطقة جازان الرائد حسن بن بدر القصيبي، أن حالتهما الصحية مستقرة ولله الحمد وغادرا المستشفى بعد تلقيهما العلاج اللازم، وأهاب بجميع المواطنين والمقيمين التقيد بتعليمات السلامة والتواجد في الأماكن المخصصة للسباحة وعدم المجازفة أثناء ممارسة هواية السباحة حتى لا يتسبب ذلك في تعرضهم لأي خطر حقيقي وقراءة التعليمات الموجودة على اللوحات الإرشادية المتوفرة في جميع المواقع والتي توضح المناطق المخصصة لمزاولة هواية السباحة وعدم التردد في الاتصال على هاتف طوارئ حرس الحدود (994) للرد على كافة الاستفسارات وتقديم المساعدة في أي وقت كان وعلى مدار الأربع وعشرين ساعة. ",
    "date_extracted": "2015-07-24 05:48:20"
}