{
    "url": "http://www.okaz.com.sa/new/Issues/20150726/Con20150726785704.htm",
    "title": "بأي ذنب قُتلت ؟",
    "author": " عبده خال",
    "content": " منذ البداية، أعلن تعاطفي مع المعلمة التي فقدت حياتها جزعا على ابنتها التي واجهتها جامعة تبوك بكسر أحلامها..\nوتعاطفي مع أسرة المتوفاة اتسع بعد مشاهدة لقاء أجرته قناة الإخبارية مع زوج وابنة المتوفاة، والذي انتهى بضحكة تهكم من المتحدث الرسمي باسم جامعة تبوك..\nهكذا انتهى اللقاء ليحكم المشاهدون بين حجتين، حجة الجامعة المعنونة بضحكة (قطمت) للمتحدث الرسمي، وحسرة زوج فقد زوجته وابنة تعلن أن أمها توفيت من غير أن تقدم الجامعة على إسعافها أو إظهار الحد الأدنى من الاهتمام للروح التي أزهقت!!\nوهذا ما يحدث من إزهاق لأحلامنا، ومعظم الآباء والأمهات يعتريهم الكمد إزاء إجراءات القبول للجامعات.. كمد وحسرة يضيق بها الصدر، ووفاة المعلمة جاء تجسيدا لذلك الكمد.\nوكنا نظن أن انتشار الجامعات والكليات سوف ينهي مأساتنا مع الجامعات. أو كنا نتوقع أن انتشارها سوف ينهي مأساتنا مع إمبراطورية تعليمية تقول: ليس قرارك فنحن من يدخلك إلى المستقبل.\nوغدت الجامعات هي من يمزج اللبن الخالص بالماء الفاتر.. ومع كثرة تلك الجامعات ما زالت تسكب على أحلام أبنائنا باختيار اللبن الفاسد، والكثير من الطلاب يتجرع لبن الجامعة بما يتعارض مع استعداده وميوله.\nإن تلك المرأة التي فاضت روحها داخل جامعة تبوك لم يسعفها يقينها بأن ذلك المجموع التراكمي الذي حصلت عليه ابنتها لكي تختار الكلية المرغوبة، لم يسعفها كطود نجاة، فخارت وأدت فجيعتها إلى ارتفاع الضغط، فهوت.\nووفاة الأم هو الموت الحقيقي المادي والمعادل الموضوعي لموت رغبات طلابنا.\nوإني لأتساءل: هل هناك موت أفظع من هذه النهاية لكسر وتفتيت التميز؟\nومنذ أن تم إدخال اختبارات القياس والتحصيلي لم يعد هناك محصلة حاصدة لسنوات التميز، بل إجبار يأتي كمحصلة لساعات القياس أو التحصيلي.\nوالطالبة ــ التي ماتت أمها كمدا ــ حصلت على ٩٩% في الثانوية العامة، ومع ذلك لم تحقق تلك النسبة رغبة الطالبة. فأي تميز نطالب به أبناءنا، إذا؟\nوأي جهد خارق يبذله الأبناء وتكون نهايته التحطم على صخور نظام القبول الجامعي.\nوما موت الأم إلا نتيجة فزع تحطم تميز ابنتها، فهي لم تقدر على استيعاب أن نظام القبول الجامعي يهدر كل سنوات التميز\nبحجج أنه نظام بينما واقعه إهدار القيمة الحقيقة للتميز.\nأيها السادة، ماتت الأم، وستمضي (ميتتها) كتاريخ عابر في قارعة التعليم، وستمضى أنظمة القبول غير آبهة بمواجع من سلك سنوات طوالا من الجد والتفوق.. وسيمضي القلب الذي فطر إلى قبره، فيما يكون التعليم لا يزال ماضيا على قضبان قطار متهالك مهمته تقويض أي تميز.\nفليرحم الله ذلك القلب الذي لم يقو على تحمل خيبة أمل عظيمة أصابت نياطه فهوى في بئر الفجيعة. ",
    "date_extracted": "2015-07-26 16:45:00"
}