{
    "url": "http://www.okaz.com.sa/new/Issues/20150723/Con20150723785089.htm",
    "title": "طلاب الحد الجنوبي ينقلون تجاربهم مع الحرب للأندية الموسمية",
    "author": " عبدالله الدهاس (مكة المكرمة)",
    "content": " تطلق وزارة التعليم، يوم الأحد المقبل، مشروع «سفراء الحزم»، الذي يتمثل في زيارة طلاب مدارس الحد الجنوبي لطلاب الأندية الموسمية بكافة مناطق المملكة ومحافظاتها، ويستمر لمدة خمسة أيام.\nوسوف يتكون وفد السفراء من 39 طالبا و39 طالبة يمثلون إدارات التعليم في كل من منطقة عسير ومنطقة جازان ومنطقة نجران ومحافظة سراة عبيدة ومحافظة صبيا يقومون بزيارات إلى 13 إدارة تعليم في كل من مكة المكرمة والرياض وجدة والطائف والمدينة المنورة والقصيم والمنطقة الشرقية والأحساء وحائل وتبوك والباحة والجوف والحدود الشمالية.\nوتهدف الوزارة من خلال تنفيذ هذا البرنامج إلى تحقيق مزيد من التكاتف واللحمة الوطنية بين الطلاب والطالبات ممن عايشوا التجربة من طلاب وطالبات المدارس بالمنطقة الجنوبية من المملكة ونقل مشاعرهم وتجاربهم لأقرانهم وإدارات التعليم الأخرى وتقدير جهود رجال الأمن المرابطين على الحدود للذود عن الوطن وحمايته.\nويتضمن برنامج الزيارة المشاركة في الأنشطة المقامة بالأندية الموسمية وقصص نوعية توعوية يلقيها السفراء وإلقاء قصائد وطنية وإقامة مرسم حر ومعرض مصاحب وأركان توعوية وتقديم هدايا وجوائز للوفود الزائرة. ",
    "date_extracted": "2015-07-23 17:38:46"
}