{
    "url": "http://www.okaz.com.sa/new/Issues/20150724/Con20150724785391.htm",
    "title": "كيف يتغير التعداد السكاني للكوكب خلال دقيقة واحدة",
    "author": " وكالات (روسيا اليوم)",
    "content": " تعددت أسباب الموت حول العالم من حروب إلى أمراض وكوارث، ولكن البشرية لا تزال في تزايد مستمر متسارع. وبحسب الإحصائيات الرسمية فإن معدل الولادات يزيد على ضعف معدل الوفيات الطبيعية، 266 ولادة مقابل 110 وفاة في الدقيقة الواحدة، بمعنى أن البشرية في تزايد طبيعي متسارع.\n ويضاف إلى عدد الوفيات الطبيعية، أولئك الذين يخسرون حياتهم نتيجة لمرض أو حادث معين\n ولكن الزيادة تبقى المحصلة العامة\n وبحسب الإحصائيات العالمية فإن التدخين يشكل السالب الأساسي للحياة بمعدل 209 حالات في الدقيقة الواحدة، يليه الجوع بـ 22 حالة، وتنتهي القائمة بحوادث السير والانتحار بمعدل حالتين تقريبا في الدقيقة الواحدة\n ومن بين الأمراض يعتبر السرطان القاتل الأول للإنسان، إضافة إلى الإيدز والملاريا\n وتشهد البشرية تزايدا سكانيا مستمرا بنسبة متسارعة وتجاوز التعداد السكاني العالمي عتبة 7 مليارات عام 2012، ويتوقع الوصول إلى قرابة 11 مليار إنسان مع بلوغ عام 2050، وهو ما يعتبر أحد أبرز المشاكل التي تهدد البشرية، إلى جانب التغير المناخي ونقص موارد الطاقة والغذاء والتلوث\n\n ",
    "date_extracted": "2015-07-24 05:55:07"
}