{
    "url": "http://www.okaz.com.sa/new/Issues/20150723/Con20150723785099.htm",
    "title": "الجامعة الإلكترونية تلغي التعاملات الورقية",
    "author": " عكاظ (الرياض)",
    "content": " دشن مدير الجامعة السعودية الإلكترونية الدكتور عبدالله بن عبدالعزيز الموسى، على الموقع الرسمي للجامعة خلال حفل المعايدة بمناسبة عيد الفطر المبارك أمس، في بهو الجامعة الرئيس، النظام الإلكتروني (دعم)، الذي يقدم منظومة متكاملة من الخدمات الإلكترونية لمنسوبي الجامعة الإلكترونية، بحضور وكلاء الجامعة، وعمداء العمادات، والكليات. وأوضح الدكتور عبدالله الموسى في كلمة له خلال التدشين، أن نظام «دعم» صمم بمعايير عالية الجودة والكفاءة؛ ليستوعب الكم الهائل من الخدمات التقنية المميزة، بهدف تسيير العمل بالشكل المطلوب بدون أي عوائق أو صعوبات تواجه الكادر الأكاديمي والإداري بالجامعة، مبينا أن النظام سيسهم بشكل ملحوظ في إنجاز طلبات الدعم الفني بكفاءة عالية وخصوصية تامة، والتقليل من التعاملات الورقية قدر الإمكان. ومن جهته، أفاد وكيل الجامعة الإلكترونية الدكتور عبدالله بن عمر النجار، أن نظام «دعم» يملك أكثر من 23 خدمة إلكترونية تقدمها عمادة تقنية المعلومات للمستفيدين من أعضاء هيئة التدريس وطلاب وطالبات وموظفي وموظفات الجامعة، ويتميز بالتخزين والأرشفة الكاملة لتفاصيل جميع الطلبات المقدمة، مبينا أن النظام شمل جميع أعمال الدعم الفني بما يتلامس من احتياجات دائمة لجميع الكوادر الأكاديمية والإدارية في الجامعة. يذكر أن الجامعة السعودية الإلكترونية أصدرت العديد من الأنظمة والبرامج الإلكترونية كبرامج الخدمات الذاتية «وافي» والاتصالات الإدارية الإلكتروني، والحضور والانصراف «حاضر»، لمساعدة منسوبي الجامعة على إنجاز أعمالهم وإدارتها بالشكل المطلوب. ",
    "date_extracted": "2015-07-23 17:38:55"
}