{
    "url": "http://www.okaz.com.sa/new/Issues/20150724/Con20150724785337.htm",
    "title": "عروض فلكورية شعبية بالمندق",
    "author": " عبدالخالق ناصر الغامدي (الباحة)",
    "content": " شاركت فرقة المندق الشعبية، في فعاليات صيف المندق، بتقديم عدة عروض شعبية، وأوضح رئيس الفرقة عبدالرحمن الشدوي أن الفرقة تتكون من 30 مشاركا قدموا عروضا فلكورية شعبية في منتزهات المحافظة، مقدما شكره لإمارة المنطقة على دعمها وتسهيلها مشاركة الفرق الشعبية في الفعاليات الصيفية.\n ",
    "date_extracted": "2015-07-24 05:42:07"
}