{
    "url": "http://www.okaz.com.sa/new/Issues/20150723/Con20150723785248.htm",
    "title": "تصفية خلايا حوثية نائمة.. و«العند» قاب قوسين",
    "author": " أحمد الشميري (صنعاء)",
    "content": " كشف وزير الداخلية اليمني اللواء عبده الحذيفي لـ «عكاظ» أن اجهزة الاستخبارات التي ضبطتها المقاومة في مطار عدن ومواقع عدة داخل مديريات المحافظة إيرانية الصنع، مؤكدا افتتاح مطار عدن الدولي ووصول طائرة عسكرية سعودية أمس.\n وقال «الحذيفي» في تصريحات لـ «عكاظ»: «المقاومة ضبطت أجهزة تنصت وخرائط ووسائل مخابرات مختلفة في عدة مواقع داخل محافظة عدن بعضها في المطار والأغلبية من أجهزة التنصت المتقدمة»، مبينا بأنه تعود صناعتها لإيران.\n وأضاف: «كل أقسام الشرطة عادت للعمل وتم افتتاحها وبالتنسيق مع قيادات المقاومة الشعبية عدا ثلاثة أقسام حيث تجري العمليات العسكرية هناك»، مبينا أن جميع المناطق الأمنية تعمل ليل نهار ولا يوجد أي مشكلات أمنية.\n وأوضح أن الوضع الأمني في تحسن مستمر وتم القضاء على معظم الخلايا النائمة للحوثي ونعمل على التخلص والقضاء النهائي عليها، متوقعا أن تشهد الساعات القادمة سيطرة على قاعدة العند الاستراتيجية.\n وقال «الجيش والمقاومة يقومون حاليا بدورهم لاستعادة السيطرة على قاعدة العند وبعض المواقع التي تشكل تهديدا للأمن والسلم الاجتماعي في عدن ولدينا تفاؤل كبير باستعادة محافظة لحج وأبين وتعز في عمليات واسعة».\n وأضاف: «هناك أعمال قتالية تحضر وستصل إلى كل شبر في اليمن ولن تتوقف حتى استعادة آخر مدينة وتعمل وفقا لتوجيهات الرئيس عبدربه منصور هادي رئيس الجمهورية اليمنية».\n وعن حجم خسائر الحوثي قال «المسؤول اليمني»: «لا أستطيع أن أتحدث عنها فهي بالآلاف سواء في البشر أو المعدات ولكن للأسف الحوثي لا يحاسب من أهالي القتلى على كل ما يرتكبه من تضحية وتغرير بأبنائهم».\n ورفض تأكيد أو نفي إلقاء القبض على شقيق زعيم المتمردين وقائد الحوثيين في عدن «عبدالخالق الحوثي» قائلا: «لا أستطيع أن أنفي أو أكد إلقاء القبض عليه وليس وقته الحديث عن ذلك ولا نستطيع إعطاء الأرقام أيضا عن عدد الأسرى الذين هم بالمئات»، مؤكدا أن الأسرى يحظون بكامل الحقوق التي ضمنتها لهم الشريعة الإسلامية ثم المواثيق الدولية وسيتم عرضهم على القضاء لنيل جزائهم العادل.\n وأضاف: «نحن والمقاومة مهمتنا تحرير البلد وتأمينها وليس ممارسة دور القضاء ولكن نعمل بكل ما نستطيع لكي نعطي الأسرى حقوقهم المشروعة» نافيا ما تثيره وسائل إعلام الحوثي من انتهاكات بحق الأسرى.\n وأشار إلى أنه والقيادات الأمنية زاروا جميع المديريات لمحافظة عدن واطلعوا على حجم الخسائر التي لحقت بالبنى التحتية وكذا بمنشآت المواطنين ومساكنهم وحجم المآسي التي تعرض لها أبناء عدن، مؤكدا بأن الحوثي دمر مدينة حضارية بكاملها.\n وعن وضع مطار عدن قال: «هناك طائرة عسكرية سعودية وصلت أمس وينقصنا فقط بعض الإجراءات الفنية كي يعود للعمل بكامل مقوماته، مبينا أن هناك سفينتي إغاثة إحداهما إماراتية وصلتا ميناء عدن أمس. ",
    "date_extracted": "2015-07-23 17:42:53"
}