{
    "url": "http://www.okaz.com.sa/new/Issues/20150725/Con20150725785579.htm",
    "title": "مسابقة أفضل مقال في الجمعية العلمية ببريطانيا",
    "author": "",
    "content": " أعلنت الجمعية العلمية للطلبة السعوديين بالمملكة المتحدة، ممثلة في لجنة الهندسة وعلوم الحاسب، عن إقامة مسابقة أفضل مقال علمي بمناسبة اليوم العالمي للبيئة.\nوأوضحت الجمعية أن الهدف من المسابقة هو المساهمة الفاعلة في هذا اليوم وزيادة الوعي وتشجيع المبتعثين من مختلف التخصصات الهندسية والعلوم التطبيقية على التفاعل مع التحديات المحيطة والمساهمة في وضع الحلول المناسبة من خلال كتابة مقال علمي حول موضوع هذه السنة المقترح من قبل منظمة الأمم المتحدة. ",
    "date_extracted": "2015-07-25 09:34:24"
}