{
    "url": "http://www.okaz.com.sa/new/Issues/20150723/Con20150723785100.htm",
    "title": "رئيس المظالم يشدد على استشعار أمانة الفصل بين المتنازعين",
    "author": " عكاظ (الرياض)",
    "content": " استقبل سماحة مفتي عام المملكة رئيس هيئة كبار العلماء وإدارة البحوث العلمية والإفتاء الشيخ عبدالعزيز بن عبدالله آل الشيخ، في مكتبه بالرئاسة العامة للبحوث العلمية والإفتاء، أمس، رئيس ديوان المظالم رئيس مجلس القضاء الإداري الشيخ الدكتور خالد بن محمد اليوسف، الذي هنأ سماحته بعيد الفطر المبارك، سائلا الله العلي القدير أن يعيده على الأمة الإسلامية، وهي تنعم بالأمن والأمان.\nمن جهته، رفع رئيس ديوان المظالم رئيس مجلس القضاء الإداري الشيخ الدكتور خالد بن محمد اليوسف، أسمى آيات التهاني والتبريكات لخادم الحرمين الشريفين الملك سلمان بن عبدالعزيز آل سعود وسمو ولي عهده الأمين وسمو ولي ولي العهد، مقدما لهم خالص الدعاء على ما يقدمونه للإسلام والمسلمين.\nوأكد في كلمة ألقاها أمام أصحاب الفضيلة والسعادة في حفل المعايدة أمس، على استشعار الأمانة التي حملوا إياها في الفصل بين المتنازعين، وتحمل المسؤولية الكبيرة التي ألقيت على عواتقهم في هذا المرفق العدلي، والصرح القضائي، مذكرا بأن مسؤوليتهم القضائية تحتم عليهم نشر الوعي بين أفراد المجتمع.\nوعرج على ما يقدمه مجلس القضاء الإداري لأصحاب الفضيلة القضاة خلال جلساته المنعقدة من قرارات وأنظمة ولوائح تهدف إلى التطوير القضائي بما يوافق تطلعات خادم الحرمين الشريفين -حفظه الله.\nحضر حفل المعايدة رئيس المحكمة الإدارية العليا الشيخ إبراهيم بن سليمان الرشيد ونائب رئيس الديوان الشيخ علي بن عبد الرحمن الحماد وأصحاب الفضيلة قضاة ومنسوبو الديوان. ",
    "date_extracted": "2015-07-23 17:38:57"
}