{
    "url": "http://www.okaz.com.sa/new/Issues/20150723/Con20150723785098.htm",
    "title": "جامعيات يراجعن الضمان لطلب «الإفادة» للإعفاء من الرسوم",
    "author": " أمنية خضري (جدة)",
    "content": " راجعت جامعيات مكتب الضمان الاجتماعي في جدة أمس في أول يوم مباشرة بعد إجازة عيد الفطر، للاستفسار عن العديد من المعاملات ومنها الإعفاء من الرسوم البالغة ثلاثة آلاف ريال لكل طالبة. وبينت طالبات الانتساب في الجامعة من الأسر المسجلة في الضمان، أنهن يتطلعن للحصول على إفادة لتقديمها للجهات المعنية لمساعدتهن في دفع رسوم الانتساب. \n وأشارت نهلة طالبة الإنتساب في السنة الأولى، إلى أنها من أسرة مكونة من تسعة أفراد ووالدهم من مستفيدي الضمان، وحضرت للحصول على إفادة لتقديمها للجهة المعنية لإعفائها من رسوم الانتساب، وقالت «وجدت الاجراءات ميسرة بعيدة عن التعقيد، وأتطلع للنظر في رفع المعونة الشهرية كون أسرتي تتقاضى مبلغا لا يسد احتياجات الأبناء، خاصة لدي أخوات يدرسن «انتظام» بالجامعة، ولا بد من تأمين المتطلبات الحياتية ومستلزمات الجامعة من كتب ومواصلات. \n وبينت طالبة جامعية أخرى أنها تراجع الضمان من أجل الحصول على إفادة بأنها مسجلة في أسرة يشملها الضمان، ومدى إمكانية دفع الجهات المعنية رسوم الانتساب لتواصل دراستها الجامعية دون انقطاع لتتخرج لتسهم فعليا في تحسين الوضع المادي لأسرتها بعد حصولها على وظيفة في سوق العمل. وفي سياق متصل أوضحت أم محمد «أرملة وأم لطفلين» أنها حضرت للضمان للاستفسار عن المعونة السنوية، مؤكدة سهولة الاجراءات والانتظام في صرف المعونة في الفترة الزمنية المحددة. وفي نفس السياق أشارت أم عبدالعزيز «أرملة وأم لثلاثة أطفال» إلى أنها راجعت للاستفسار عن موعد صرف المعونة الشهرية لشهر شوال، حيث إنها لا تتابع الأخبار عبر الصحف. وتأمل أم خالد «مطلقة وأم لطفل» افتتاح فروع أخرى لمكتب الضمان الاجتماعي في المراكز التجارية، حيث إنها تسكن في شمال جدة، ويتقاضى منها سائق الليموزين أجرة 80 ريالا، مشيرة إلى أن افتتاح الفروع يحد من معاناتهن من الأجور المرتفعة لسائقي الليموزين عند مراجعة الضمان، لافتة إلى أنها حضرت إلى الضمان من أجل استخراج بطاقة بدل فاقد.\n   ",
    "date_extracted": "2015-07-23 17:35:57"
}