{
    "url": "http://www.okaz.com.sa/new/Issues/20150726/Con20150726785731.htm",
    "title": "التحري عن متحرشين بفتاة في الطائف",
    "author": " ماجد النفيعي (الطائف)",
    "content": " شكلت شرطة منطقة مكة المكرمة فريق عمل لتحليل مقطع فيديو جديد، أظهر تحرش مجموعة من «الدرباوية» بفتاة في أحد الشوارع المجاورة لمول بالطائف، فيما يجري التحري والبحث عنهم لضبطهم وتقديمهم لجهة الاختصاص.\nوأظهر المقطع، الذي لم تتجاوز مدة تصويره 11 ثانية، فتاة تسير على أحد الأرصفة في أحد الشوارع القريبة من مول تجاري، ويلحق بها شابان أظهرت تصرفاتهما أنهما من فئة «الدرباوية»، في حين كان مصور المقطع يرصد الحادثة من داخل مركبة ويطالبها بالركوب معه لإيصالها، عندها باغت أحد الشابين الفتاة بحركات غير لائقة وملامسة جسدها بيده.\nمن جانبه، أوضح لـ«عكاظ» الناطق الإعلامي بشرطة منطقة مكة المكرمة العقيد دكتور عاطي القرشي أن الجهات الأمنية بشرطة المنطقة رصدت مقطع فيديو يتم تداوله عبر وسائل التواصل الاجتماعي يظهر فيه شابان يقومان بتصرفات غير لائقة تجاه فتاة بأحد المواقع يعتقد أنه بمحافظة الطائف، ولم تتقدم الفتاة أو ذووها بأي بلاغ حيال الواقعة، فيما تم تشكيل فريق عمل لتحليل مقطع الفيديو وتقصي المعلومات اللازمة عن الواقعة والأشخاص والعمل على كشف هويتهم لضبطهم وتقديمهم لجهة الاختصاص.\n ",
    "date_extracted": "2015-07-26 16:44:55"
}