{
    "url": "http://www.okaz.com.sa/new/Issues/20150726/Con20150726785688.htm",
    "title": "قيادي في «الحر» يحذر من سقوط الزبداني",
    "author": " راوية حشمي (هاتفيا الأردن)",
    "content": " حذر الضابط المنشق من الجيش السوري العميد الركن إبراهيم الجباوي من سقوط الزبداني، لافتا إلى أنه إذا لم يتم نصرة الزبداني من قبل كافة القوى الثورية فستلقى مصير كل من القصير وحمص القديمة ويبرود. مشيرا إلى تخاذل من قبل بعض قوى المعارضة. وعن معركة عاصفة الجنوب والنتائج الني يمكن أن تحققها قال العميد جباوي في تصريح لـ «عكاظ»: إن عاصفة الجنوب في درعا لم تتوقف حتى تعود وتنطلق، إلا أن إعلام النظام وحلفائه روجوا لما رأوه مناسبا لهم، في حين كان الثوار والقوى المعارضة تستكمل كافة الإجراءات اللوجستية اللازمة وقد تم استكمال كل المطلوب وسد كل الثغرات التي حصلت في البداية. ",
    "date_extracted": "2015-07-26 16:44:48"
}