{
    "url": "http://www.okaz.com.sa/new/Issues/20150723/Con20150723785159.htm",
    "title": "65 مبدعاً و280 حرفياً فازوا بجوائز «سوق عكاظ»",
    "author": " عبدالعزيز الربيعي (الطائف)",
    "content": " قال تقرير صادر عن مهرجان «سوق عكاظ»، الذي ينطلق 27 الشهر الجاري، أنه قدم حتى اليوم أكثر من 65 مبدعا في الشعر والتصوير والفن التشكيلي والخط العربي والتميز العلمي من داخل المملكة وخارجها، تم اختيارهم ضمن أكثر من 2340 متقدما للمنافسة على الجوائز.\nكما قدم أكثر من 280 مبدعا (70 فائزا سنويا) في مسابقة الحرف اليدوية التي تبنتها الهيئة العامة للسياحة والتراث الوطني في العام 1432، من خلال البرنامج الوطني للحرف والصناعات اليدوية (بارع). وبلغ مجموع قيمة الجوائز المادية التي حصل عليها الفائزون خلال السنوات الثماني الماضية أكثر من ثمانية ملايين ريال. واستعرض التقرير بلغة الأرقام أنشطة وفعاليات البرنامج الثقافي، والتي شملت مشاركة أكثر من 60 شاعرا بتقديم أمسيات شعرية للزائرين والحضور، وتقديم أكثر من 45 كاتبا تجاربهم في الكتابة والتأليف أمام الزائرين والمثقفين، فضلا عن مشاركة أكثر من 30 ناقدا في محاضرات عن الشعر واللغة والنقد الأدبي، وكذلك مشاركة أكثر من 70 متخصصا في محاضرات وندوات تناولت شتى المجالات، مثل: الإعلام، الابتكار العلمي، البيئة، الوطنية، ومواجهة الإرهاب والطائفية، ومواضيع عدة تهم الشارع والرأي العام. وأشار إلى مشاركة أكثر من 20 جهة حكومية، سنويا، في معارض متخصصة، منها: الهيئة العامة للسياحة والتراث الوطني، وزارة التعليم، مكتبة الملك عبدالعزيز، وزارة الثقافة والإعلام، دارة الملك عبدالعزيز، مدينة الملك عبدالعزيز للعلوم والتقنية، مركز الملك عبدالعزيز للحوار الوطني، أمانة محافظة الطائف، الجمعية السعودية للثقافة والفنون، الهيئة السعودية للحياة الفطرية، شركة أرامكو السعودية، جامعة الملك عبدالله للعلوم والتقنية. كما تقام سنويا معارض للفائزين بجوائز سوق عكاظ للتصوير الضوئي، والخط العربي، ولوحة وقصيدة، لتتاح للزائرين الإطلاع على أفضل الأعمال المشاركة والمتميزة والتي حصدت الجوائز. ومنذ العام 1432، أدرج برنامج جديد تحت مسمى (عكاظ المستقبل)، تحقيقا للهدف الاستراتيجي الثالث لسوق عكاظ، الذي يؤكد على أهمية دعم وتشجيع التميز العلمي، في ضوء اتجاهات البحث العلمي والتطور المعرفي والتطبيقات التكنولوجية المعاصرة التي استحوذت على الاهتمام على كافة المستويات في معظم دول العالم. ",
    "date_extracted": "2015-07-23 17:36:20"
}