{
    "url": "http://www.okaz.com.sa/new/Issues/20150725/Con20150725785505.htm",
    "title": "أقاليم السنة في العراق بعد القضاء على داعش",
    "author": " عكاظ (بغداد، عمان)",
    "content": " كشفت مصادر برلمانية عراقية لـ«عكاظ» تفاصيل الاجتماع المغلق الذي عقده وزير الدفاع الأمريكي أشتون كارتر في بغداد، أمس الأول، مع رئيس مجلس النواب العراقي سليم الجبوري، وهو الاجتماع الذي أعقب لقاء المسؤول الأمريكي برئيس الوزراء حيدر العبادي ووزير الدفاع خالد العبيدي، والذي بحث مستجدات الأوضاع في العراق وجهود التحالف في الحرب على «داعش» وسير العمليات في الأنبار والجهود المبذولة من الولايات المتحدة لمواجهة تنظيم داعش.وقالت المصادر البرلمانية العراقية إن اجتماع وزير الدفاع الأمريكي مع رئيس البرلمان العراقي لم يكن على أجندة الاجتماعات الرسمية التي عقدها كارتر في بغداد، وأن هذا الاجتماع بحث التصورات والأفكار التي كان الجبوري قد طرحها على الرئيس الأمريكي باراك أوباما وبعض أعضاء الكونغرس الأمريكي خلال زيارته لواشنطن الشهر الماضي والمتعلقة بحماية العشائر السنية في العراق وإقامة أقاليم خاصة لهم.وأكدت المصادر أن وزير الدفاع الأمريكي أبلغ الجبوري أن واشنطن بدأت بوضع اللمسات الأولى لإقامة أقاليم السنة في العراق؛ لأنها وفق الرؤية الأمريكية الحل الأمثل للمحافظات السنية، مؤكدة أن كارتر لم يبلغ رئيس مجلس النواب العراقي بمواعيد محددة للبدء بتنفيذ هذه الأقاليم على الأرض، غير أن المسؤول الأمريكي ألمح إلى أن إقامتها ستبدأ فور القضاء على «داعش».\nوكان رئيس مجلس النواب العراقي أعلن الشهر الماضي أنه «ليس لدينا مشكلة مع تقسيم العراق بالتراضي ومن دون إراقة دماء»، مضيفا أن «صوت الدعوة إلى تقسيم العراق يتعالى ويحظى بقبول واسع في الشارع العراقي»، وفيما يتعلق بخيار إقامة إقليم للسنة وآخر للشيعة أوضح الجبوري أن «الإقليمين مشكلة وحل بالوقت نفسه»، فالخيار هذا رغم قبوله شعبيا إلا أنه سيواجه مشاكل داخلية وخارجية.\nوتعمدت الولايات المتحدة أن يتزامن وصول وزير دفاعها إلى بغداد لتعلن عن نشرها 3 آلاف جندي جرى تدريبهم تحت إشراف أمريكي للمشاركة في معارك الأنبار ضد تنظيم داعش بينهم 500 جندي من أبناء العشائر السنية، وهو الأمر الذي يحمل أكثر من رسالة للداخل العراقي.\n \n ",
    "date_extracted": "2015-07-25 09:33:41"
}