{
    "url": "http://www.okaz.com.sa/new/Issues/20150725/Con20150725785500.htm",
    "title": "ضربات استباقية للجيش المصري ضد الإرهاب",
    "author": " محمد حفني (القاهرة)",
    "content": " شنت قوات الأمن المصرية عدة ضربات استباقية خلال الساعات الأخيرة، بالتعاون بين قوات الجيش والشرطة للقبض على عدد من العناصر التكفيرية بالمحافظات، استعدادا لحفل افتتاح قناة السويس الجديدة 6 أغسطس المقبل، خاصة بعد ورود معلومات بنقل كمية من الأسلحة المختلفة «آر بي جي ورشاشات» وكميات من المواد المتفجرة لتنفيذ عدة اعمال ارهابية بالتزامن مع افتتاح القناة. وأسفرت الضربات الاستباقية أمس عن مقتل 7 من عناصر «بيت المقدس» وضبط 15 فى مناطق الشيخ زويد ورفح بسيناء، وحرق وتدمير 8 من البؤر الإرهابية من المنازل والعشش التي تستخدمها تلك العناصر كقواعد انطلاق لتنفيذ هجماتها الإرهابية.\n ",
    "date_extracted": "2015-07-25 09:31:12"
}