{
    "url": "http://www.okaz.com.sa/new/Issues/20150725/Con20150725785554.htm",
    "title": "معتل نفسيا يصيب ستينيا بطعنات نافذة",
    "author": " وردة عبدالرزاق (الأحساء)",
    "content": " أقدم معتل نفسيا على تسديد عدة طعنات لأحد أقربائه نقل على إثرها للمستشفى لتلقي العلاج.\nوأوضح المتحدث الإعلامي لشرطة المنطقة الشرقية العقيد زياد بن عبدالوهاب الرقيطي، أن شرطة الأحساء تلقت بلاغا عن تعرض مواطن ستيني لعدة طعنات نافذة من قبل أحد أقاربه (أربعيني) يعاني من اضطراب نفسي، حيث تم نقل المصاب إلى المستشفى من قبل الهلال الأحمر لتلقي الرعاية الطبية اللازمة وحالته الصحية الأولية مستقرة، فيما جرى ضبط المتسبب في الإصابة وإحالته إلى الصحة النفسية، كما باشر المختصون بالشرطة الإجراءات اللازمة في الحادثة. ",
    "date_extracted": "2015-07-25 09:32:25"
}