{
    "url": "http://www.okaz.com.sa/new/Issues/20150723/Con20150723785157.htm",
    "title": "العدوان الحوثي يعطل أكبر مستشفى في تعز",
    "author": " أحمد الشميري (صنعاء)",
    "content": " أكدت مصادر طبية في محافظة تعز لـ «عكاظ» توقف جميع أقسام مستشفى الثورة بالمدينة نتيجة للأضرار التي لحقت بأقسامه وخاصة الطوارئ.\nوقال المسؤول عن الطوارئ نشوان الحسام لـ «عكاظ»: الكادر الطبي والفني والمرضى في وضع مأسوي لا يوصف الجميع يعيش تحت السلالم نتيجة للقصف العنيف من مليشيات الحوثي المتركزة في منطقة الحوبان. وأوضح أن القذائف استهدفت الطوارئ والإنعاش وقسم الغسيل الكلوي بقذائف الهاون وصواريخ الكاتيوشا التي دمرت الطوارئ ومخازن الأدوية بشكل كامل، مشددا على ضرورة وضع حد لتلك الممارسات التي تستهدف الكوادر الطبية.\nوأشار إلى أن القصف لم يستهدف فقط المستشفى بل المنازل والاحياء المجاورة، مؤكدا وجود عدد من الإصابات في صفوف الكواد الطبية والمرضى نتيجة لذلك القصف وتدمير بعض الأجهزة.\nهذا وكانت مليشيات الحوثي قد عمدت لقطع الهواتف الأرضية والإنترنت عن مدينة تعز فيما شوهدت تعزيزات قادمة من الحديدة وإب تتوجه نحو تخوم المدينة في محاولة لاقتحامها.\nوأفادت مصادر ميدانية أن المقاومة تصدت لهجوم في اتجاه شرعب وتمكنت من التقدم، فيما لا تزال جبهة شارع الستين تخوض مواجهة عنيفة مع الحوثيين الذين يحاولون تحقيق تقدم على الأرض.\n ",
    "date_extracted": "2015-07-23 17:42:49"
}