{
    "url": "http://www.okaz.com.sa/new/Issues/20150725/Con20150725785557.htm",
    "title": "إصابة 17 شخصا بينهم 5 أطفال في حريق «الخرج»",
    "author": " سعود الخزيم، سعاد الشمراني (الرياض)",
    "content": " أصيب 22 شخصا بإصابات متفاوتة نتيجة حريق شب أمس في عمارة سكنية على طريق الخرج بالرياض.\nوأوضح المتحدث الرسمي لهيئة الهلال الأحمر بمنطقة الرياض عبدالله المريبض، أن الحريق اندلع عند الساعة 7:58 مساء وباشرته 13 فرقة إسعافية و6 فرق استجابة متقدمة، مشيرا إلى أنه بعد فرز الحالات اتضح وجود طفل بحالة حرجة إذ كان يعاني من توقف قلب وتنفس، وبعد عمل الإنعاش القلبي والرئوي وتقديم الخدمة اللازمة عاد له النبض.\nمن جهته، ذكر المتحدث الرسمي لإدارة الدفاع المدني بمنطقة الرياض الرائد محمد الحمادي، أن فرق الدفاع المدني بالرياض باشرت حريقا اندلع في عمارة سكنية بحي الخالدية، حيث تبلغت غرفه التوجيه والتحكم الساعة 8:05 مساء ببلاغ يفيد باندلاع حريق ووجود محتجزين ومصابين، لتهرع فرق الإطفاء والإنقاذ والإسعاف بالإضافة إلى الخدمات المساندة والهلال الأحمر لإنقاذ المحتجزين وإخماد الحريق الذي اندلع في أثاث موجود بمدخل العمارة السكنية الأمر الذي تسبب في تصاعد كثيف للأدخنة، موضحا أن الحادث لم ينتج عنه وفيات ولله الحمد حيث سجلت إصابات اختناق مختلفة لعدد ١٥ حالة وكذلك بإصابتين حروق بسيطة وقد تم نقلها جميعا للمستشفى لتلقي العلاج، ويحتمل خروجها قريبا، فيما زار مدير الدفاع المدني بمنطقة الرياض بالنيابة العميد سعيد آل مقبول ومدير إدارة الرياض العقيد سعد الراجح المصابين واطمأنوا على وضع الحالات التي بلغت ٩ رجال و٥ أطفال و٣ نساء. ",
    "date_extracted": "2015-07-25 09:36:39"
}