{
    "url": "http://www.okaz.com.sa/new/Issues/20150726/Con20150726785642.htm",
    "title": "إنجاز 80 % من ربط خط القطار بمحطة الرصيفة",
    "author": " عبدالله الدهاس (مكة المكرمة)",
    "content": " انتهت الشركة المنفذة لمشروع قطار الحرمين من إنجاز حوالى 80% من طريق القطار الذي يربطه بالمحطة الرئيسية في حي الرصيفة بمكة المكرمة كآخر المحطات الرئيسية التي تم اعتمادها ضمن المشروع والبالغ عددها خمس محطات في كل من مكة المكرمة وجدة والمدينة المنورة ومدينة الملك عبدالله الاقتصادية في رابغ ومطار الملك عبدالعزيز الدولي بجدة.\nورصدت عدسة «عكاظ» العمل بالطريق الذي يمر موازيا لطريق مكة-جدة السريع مرورا بمنطقة الشميسي ووصولا إلى مخططي الهدى وإسكان الملك فهد ثم الرصيفة في محطته الأخيرة حيث يقوم أكثر من 500 عامل بوضع الشدات الخشبية تمهيدا لصب الأجزاء المتبقية من الطريق والتي لا يزيد طولها على 1500 متر.\nومن المتوقع أن يتم الانتهاء من المشروع بالكامل مطلع العام الهجري المقبل 1437هـ تمهيدا للتشغيل التجريبي مطلع العام 2016م.\nوسوف تحتوي كل محطة رئيسية على مرافق وخدمات للركاب مصممة على أفضل المعايير العالمية وتشمل صالات مغادرة ومسجدا ومهبطا للطائرات وأرصفة لوقوف القطارات وانتظار الركاب وصالات لكبار الشخصيات ومحلات تجارية ومطاعم وأماكن ترفيه وممرات كبيرة للمشاة.\n ",
    "date_extracted": "2015-07-26 16:45:11"
}