{
    "url": "http://www.okaz.com.sa/new/Issues/20150723/Con20150723785239.htm",
    "title": "21 شوال آخر موعد لاستقبال طلبات المعارض التجارية",
    "author": " سعاد الشمراني (الرياض)",
    "content": " يواصل البرنامج الوطني للمعارض والمؤتمرات استقبال طلبات إقامة المعارض التجارية 2016م وذلك عبر موقع البرنامج الإلكتروني (http://www.secb.gov.sa)، حيث أصدر البرنامج الوطني تعميما في مايو الماضي بفتح استقبال طلبات إقامة المعارض التجارية 2016م، مبينا أن آخر موعد لاستقبال الطلبات 21 شوال 1436هـ. وقال المدير التنفيذي للبرنامج الوطني للمعارض ‏والمؤتمرات المهندس طارق العيسى: «البرنامج سيقوم بدراسة طلبات الشركات والمؤسسات ‏المرخصة لإقامة المعارض، وذلك تمهيدا لاعتمادها من قبل اللجنة الإشرافية ‏للبرنامج المشكلة بقرار مجلس الوزراء رقم (246) وتاريخ 17 رجب 1434هـ، التي يرأسها صاحب السمو الملكي الأمير سلطان بن سلمان بن ‏عبدالعزيز رئيس الهيئة العامة للسياحة والتراث الوطني، وتضم ممثلين من ‏وزارة ‏الداخلية، وزارة الشؤون البلدية والقروية، وزارة التجارة والصناعة، ‏وزارة ‏المالية، وعضوين من الشركات العاملة في قطاع المعارض ‏والمؤتمرات»‎، مشيرا إلى أنه تم تطوير الضوابط والشروط المنظمة لآلية استقبال ‏طلبات المعارض التجارية، وإعطائها مرونة ومعايير أعلى لضمان الجودة ‏والجدية، وإلزام الشركات والمؤسسات بالتخطيط المبكر، وأن إجراءات التقديم على المعارض التجارية ‏ومعالجتها تتم عبر الموقع الإلكتروني للبرنامج ‏‎(www.secb.gov.sa)‎، لافتا إلى أن الضوابط والشروط والإجراءات المطورة تمت مراجعتها من خلال ‏المجموعة الاستشارية للبرنامج واعتمادها من اللجنة الإشرافية للبرنامج‎.‎ ",
    "date_extracted": "2015-07-23 17:41:45"
}