{
    "url": "http://www.okaz.com.sa/new/Issues/20150725/Con20150725785568.htm",
    "title": "بريطاني يستفز الشرطة بعد الإفراج عنه «بالخطأ»",
    "author": " وكالات (بريطانيا)",
    "content": " وضع مذنب بريطاني مجموعة من الصور على شبكة الإنترنت يستفز بها قوات الأمن، بعد الإفراج عنه بالخطأ من أحد سجون لندن، بحسب صحف محلية.\nوكان رايان بايرن (34 عاما)، أفرج عنه بطريق الخطأ من سجن واندسورث جنوبي لندن، الجمعة، قبل 18 شهرا من نهاية فترة عقوبته. ويقضي بايرن عقوبة السجن لـ9 أعوام، لإدانته بتهمة السرقة بالإكراه. ونشر بايرن على مواقع التواصل الاجتماعي صورا تستفز الشرطة أثناء تواجده بإحدى الحانات، وأخرى أكثر استفزازا بجوار إحدى سيارات الشرطة.\nوفتحت شرطة سكوتلند يارد تحقيقا لمعرفة ملابسات الإفراج الخاطئ، الذي من المرجح أنه نتج عن تشابه في الأسماء، علما أن هذه ليست المرة الأولى التي يتم الإفراج عن أحد السجناء عن طريق الخطأ، وكان آخر تلك الحالات العام الماضي. ",
    "date_extracted": "2015-07-25 09:37:45"
}