{
    "url": "http://www.okaz.com.sa/new/Issues/20150725/Con20150725785525.htm",
    "title": "المخربون على الأهلي !!",
    "author": " أحمد الشمراني",
    "content": " •• أن تعمل من أجل ناديك، فهذا ما يمليه عليك واجب الانتماء!!\n•• وأن تدعم وتفاوض، فهذا حسب الصلاحيات الموكولة لك من مسيري ناديك!\n•• بمعنى أن المهام تتوزع والهدف واحد، لكن في بعض الأندية، ولم أقل كلها، هناك من يفاوض وهناك من يفسد المفاوضات، وإذا عرف السبب بطل العجب، مع إيماني بأن الأسباب تتغير والمخرب واحد!!\n•• أحترم كل أنديتنا وكل من يتعب ويسهر على دعم كل نادٍ، لكن المؤسف أن من الحب أحيانا ما يقتل، وإن قلت من المحبين من يخرب فهي كذلك، ولا فرق بين الأولى والثانية في الرياضة!!\n•• أستغرب من الأهلي الراقي والأهلي ذي المبادئ وذي التاريخ النظيف أن يمنح هواة الشهرة عودة على حسابه للأضواء بمواقف لا تليق!!\n•• الأولى ومرت بعد (خذ وهات) من الاتصالات، وقلنا بعدها الحقيقة التي وإن كانت قاسية إلا أنها تحمل بين ثناياها واقع العلاقة بين الأهلي والشباب!\n•• لتأتي الثانية بخطاب رسمي وتضمن ما يجيز للأهلي التوقيع مع حسن معاذ، لكن جاءت النهاية هذه المرة بنفي شبابي ينم عن أن هناك أطرافا هم من يدير اللعبة، وهذه الوهلة قدم الأهلي خطاب الرغبة الشبابية في بيع عقد معاذ ليضج تويتر والإعلام بعناوين لم تهز شعرة من رأسي؛ لأنني أدرك أن الأهلي اليوم بات خطابه في يد من يفضل الغث على السمين، وهذا ليس الأهلي الذي أعرفه!!\n•• لست مع هؤلاء ولا هؤلاء، ولكن أعتب على الأهلي الرزين والثقيل أن يدخل مع الشباب مفاوضات أخرى وضحكة الأولى لم تبرد!!\n•• الخطاب ربما انتشى به من أرادوا صنع ذريعة لفشل المفاوضات للمرة الثانية، لكنه قلل من الأهلي الذي لدغ من جحر مرتين!\n•• إذا أراد الأهلي حسن معاذ أو غيره ينتظر الفترة الحرة ويفاوضه كما جرت العادة في كثير من الأندية، أما بهذه الصيغة فثقوا أن الشباب لن يمنح الأهلي معاذ أو غير معاذ، أيا كانت قيمة الصفقة، فكفاية عبثا يا من تفاوضون باسم الأهلي!!\n•• البيان الأهلاوي جاء ليبرر حسن النية من طرف الأهلي، لكن في جانب آخر أبان ضعف المفاوض الأهلاوي الذي خول له الخطاب الشبابي التوقيع مع اللاعب، ولو حدث ذلك كان ما احتاج الأهلي كل هذا الصراخ ولا منح المغيبين عن المشهد الحضور ولو عن طريق المحاربين عنهم بالوكالة!\n•• أما الشباب، والذي لا يقل رقيا عن الأهلي، فأتمنى أن تعمل إدارته في منأى عن الأوصياء، وإن لم تستطع، فلتفعل ما فعل الأمير خالد بن سعد، فثمة من يعمل اليوم على عدم استقرار الشباب، وهم ــ للأسف ــ ليسوا شبابيين وشعارهم «يا نعود للواجهة يا نخرب»!\n•• ومن عمق هذه الأزمة، من حقي أن أسأل: هل نفي الشباب بعدم المفاوضات مع معاذ جاء من إدارة أخرى غير الإدارة التي خاطبت الأهلي؟\n•• أسأل ولا ضير أن أقول يجب أن يعود الأهلي إلى الهدوء والرزانة والثقل!\n•• فالأهلي كبير ولا تصغروه أيها المنفلتون!\n\n\nومضة\n\nغلاف بعض الكتب أجمل من المحتوى. ",
    "date_extracted": "2015-07-25 09:32:57"
}