{
    "url": "http://www.okaz.com.sa/new/Issues/20150725/Con20150725785589.htm",
    "title": "القيادة تهنئ الرئيس التونسي بذكرى إعلان الجمهورية",
    "author": " واس (جدة)",
    "content": " بعث خادم الحرمين الشريفين الملك سلمان بن عبدالعزيز آل سعود، برقية تهنئة لفخامة الرئيس الباجي قايد السبسي رئيس الجمهورية التونسية بمناسبة ذكرى إعلان الجمهورية لبلاده. وأعرب الملك المفدى باسمه واسم شعب وحكومة المملكة العربية السعودية عن أصدق التهاني وأطيب التمنيات بالصحة والسعادة لفخامته، ولحكومة وشعب الجمهورية التونسية الشقيق اطراد التقدم والازدهار.\nوأشاد -حفظه الله- بهذه المناسبة، بتميز العلاقات الأخوية التي تربط بين البلدين والشعبين الشقيقين، التي يسعى الجميع لتعزيزها وتنميتها في جميع المجالات.\nكما بعث صاحب السمو الملكي الأمير محمد بن نايف بن عبدالعزيز ولي العهد نائب رئيس مجلس الوزراء وزير الداخلية، برقية تهنئة لفخامة الرئيس الباجي قايد السبسي رئيس الجمهورية التونسية بمناسبة ذكرى إعلان الجمهورية في بلاده. وعبر سمو ولي العهد عن أبلغ التهاني وأطيب التمنيات بموفور الصحة والسعادة لفخامته، ولحكومة وشعب الجمهورية التونسية الشقيق المزيد من التقدم والازدهار. ",
    "date_extracted": "2015-07-25 09:30:58"
}