{
    "url": "http://www.okaz.com.sa/new/Issues/20150723/Con20150723785164.htm",
    "title": "لجنة مناصحة المتحرشين !",
    "author": " خالد السليمان",
    "content": " ماذا لو شكلنا لجنة لمناصحة المتحرشين والمعاكسين على غرار لجنة مناصحة المتطرفين والتكفيريين، كم من متحرش ومعاكس سيتبين له الحق من الباطل وسيعود إلى جادة المروءة ومسالك الأخلاق الحميدة؟!\nطبعا، لست جادا، وشر البلية ما يضحك، فرأيي أن العلاج الوحيد لكل من خرج عن جادة الصواب هو تطبيق القانون، ففي المجتمعات المتقدمة لا تعمل الدول على تربية الناس وتلقينهم دروس الصفات القويمة، بل يسنون قانونا ويعاقبون كل من خالفه دون تفرقة جنسية أو عرقية!\nفي المجتمعات المتقدمة وجدوا أن أن تطبيق القوانين بفاعلية وعدالة هو ما يضبط سلوكيات وتعاملات الناس، وهو ما يؤسس لثقافة احترامها، أما المجتمعات التي لا تتجاوز أحبار قوانينها الأوراق التي كتبت عليها، فإنها عرضة للفوضى ويتجذر فيها الاستخفاف بالأنظمة وحقوق الآخرين!\nوقد قضيت في الولايات المتحدة الأمريكية أوقاتا طويلة، ووصلت إلى قناعة تامة أن المجتمع الأمريكي في غالبه مجتمع تحكمه صرامة تطبيق القوانين، وستدب فيه الفوضى في اليوم الذي تنهار فيه سلطة الحكومة؛ لذلك تجد الأمريكي أكثر الناس التزاما بالقوانين في بلاده وأكثرهم استخفافا بها خارجها!\nلنسن ونطبق القوانين بكل فاعلية، ونوقع العقوبات المستحقة بكل حزم وعدالة، وستجدون أن المخالف ينضبط، والمتحرش «يباري الساس»!.\n\n\njehat5@yahoo.com\n\nللتواصل أرسل sms إلى 88548 الاتصالات، 636250 موبايلي، 738303 زين تبدأ بالرمز 153 مسافة ثم الرسالة\n ",
    "date_extracted": "2015-07-23 17:36:32"
}