{
    "url": "http://www.okaz.com.sa/new/Issues/20150723/Con20150723785136.htm",
    "title": "12٫4 % نمو عمليات الشبكة السعودية للمدفوعات",
    "author": " عكاظ (الرياض)",
    "content": " حققت الشبكة السعودية للمدفوعات (SPAN) نموا إيجابيا في جميع عملياتها، وارتفع عدد أجهزة الصرف الآلي العامة في المملكة 11.8% العام الماضي 2014م، لتبلغ 15516 جهازا مقارنة بزيادة 9.8% في العام 2013م.\nوكشف التقرير الـ51 الصادر عن مؤسسة النقد العربي السعودي (ساما) ارتفاع عدد بطاقات الصرف الآلي المصدرة من النظام المصرفي السعودي بنسبة 15.4%، لتبلغ نحو 20.6 مليون بطاقة، مقارنة بارتفاع بنسبة 8.3% في العام 2013م.\nوأكد التقرير ارتفاع عدد العمليات التي نفذت عبر الشبكة السعودية للمدفوعات في العام الماضي بارتفاع 12.4%، لتبلغ 627.3 مليون عملية مقارنة بزيادة بنسبة 4.7% في العام 2013م، الأمر الذي رفع قيمة السحوبات التي نفذت عبر الشبكة بنسبة زيادة 12%، لتبلغ 363.7 مليار ريال، مقارنة بنسبة زيادة 7.7% في العام 2013.\nوأحصى التقرير عدد العمليات التي جرت عبر المصارف، إذ زادت بنسبة 16.3%، لتبلغ 904.3 مليون عملية، مقارنة بتراجع بنسبة 3.8% في العام 2013م، مؤكدا ارتفاع قيمة السحوبات النقدية التي تمت عبر شبكة المصارف بنسبة زيادة 7.4%، لتبلغ 358.4 مليار ريال مقارنة بارتفاع بنسبة 2.9% في العام 2013م، وبالتالي أسهم في ارتفاع إجمالي عدد العمليات التي نفذتها أجهزة الصرف الآلي بنسبة 14.7% ليبلغ 1531.6 مليون عملية، وزاد إجمالي السحب النقدي بنسبة 9.7% ليبلغ 722 مليار ريال.\nورصد تقرير مؤسسة النقد كذلك ارتفاعا في عدد أجهزة نقاط البيع في العام الماضي 2014م بنسبة 28.8% لتبلغ 138.780 ألف جهاز مقارنة بارتفاع بنسبة 16.5% في العام الذي سبقه، مبينا أنه بسبب ذلك فقد ارتفع عدد عمليات البيع المنفذة عبر هذه الأجهزة بنسبة 23.3% لتبلغ 362.2 مليون عملية مقارنة بزيادة بنسبة 23.6% في 2013.\nونبه التقرير إلى أن ارتفاع قيمة المبيعات المنفذة أجهزة نقاط البيع بنسبة 17.7% لتبلغ 169.9 مليار ريال، مقارنة بنحو 18.1% في العام 2013م، لافتا إلى أن معدلات النمو في بطاقات الصرف الآلي والعمليات المنفذة على أجهزة الصرف الآلي وأجهزة نقاط البيع إلى زيادة اعتماد العملاء على خدمات الشبكة السعودية للمدفوعات وتعزيز الثقة باستخدام التقنية المصرفية في الحديثة في المملكة، وتأكيدا على الاستمرارية في الإنجازات التي حققتها الشبكة.\nوأبرز تقرير «ساما» جهود المؤسسة الرامية لتطوير الشبكة السعودية للمدفوعات، ومن بينها مشروع ترقية أنظمة الشبكة لضمان استمرارية النظام دون انقطاع بوجود نظام «مساند»، حال حدوث أي خلل فني للنظام الرئيسي، والانتهاء من إعادة هيكلة التسعيرات الخاصة بالعمليات التي تتم عبر الشبكة لكي تكون بيئة خدمات جاذبة للمصارف والعملاء، وبالتالي تقليل الاعتماد على التعامل النقدي في المجتمع.\nولفت إلى أن من بين الجهود كذلك تطوير اتفاقية مستوى الخدمة لنقاط البيع لرفع كفاءة تشغيلها والصيانة المقدمة للعملاء بجودة عالية، إضافة إلى تطوير وثيقة معايير أجهزة نقاط البيع بمسمى «مدى» ومشاركتها مع جميع البنوك للتوافق مع أفضل الممارسات العالمية الهادفة إلى سرعة إنجاز عمليات الشراء وتعزيز السرية والخصوصية لحامل البطاقة. ",
    "date_extracted": "2015-07-23 17:36:19"
}