{
    "url": "http://www.okaz.com.sa/new/Issues/20150723/Con20150723785137.htm",
    "title": "الإمارات تحرر أسعار الوقود",
    "author": " رويترز (أبوظبي)",
    "content": " تتجه دولة الإمارات العربية المتحدة إلى تحرير أسعار الجازولين (البنزين) ووقود الديزل المحلية بداية من أول أغسطس المقبل.\nهذا ما قالته وزارة الطاقة الاماراتية في بيان أوردته وكالة أنباء الإمارات (وام) أمس.\nووفقا للبيان ستعلن وزارة الطاقة في الثامن والعشرين من كل شهر أسعار الوقود للشهر التالي. وستحدد أسعار البنزين والديزل اعتمادا على متوسط الأسعار العالمية، لكن الوزارة لم تذكر أي تفاصيل عن صيغة التسعير، ولا ما إذا كانت الأسعار ستصل إلى المستويات العالمية.\nوتعد أسعار الوقود المحلية في الوقت الحالي من بين الأرخص على مستوى العالم بفضل الدعم الحكومي الهائل.\nومن شأن تخفيض الدعم لأسعار الوقود تخفيف الضغط عن الموازنة الحكومية، وربما يكون من أكبر الإصلاحات الاقتصادية التي تشهدها الإمارات في السنوات الأخيرة.\nوقالت الوزارة إن تخفيض دعم الوقود سيدعم اقتصاد الإمارات ويساعد في ترشيد استهلاك الوقود. ويدفع سائقو السيارات 47 سنتا أمريكيا للتر البنزين، أي أقل من ثلث المستويات في غرب أوروبا.\nوقد يدعم خفض الدعم والسماح لأسعار الوقود بالارتفاع مالية دولة الإمارات التي ضعفت بفعل انخفاض إيرادات تصدير النفط منذ 2014 جراء تراجع أسعار الخام العالمية.\nويتوقع صندوق النقد الدولي أن تسجل الإمارات أول عجز مالي لها هذا العام منذ 2009 وتفيد تقديرات الصندوق بأن البلد ينفق 7 مليارات دولار سنويا على دعم الوقود. ",
    "date_extracted": "2015-07-23 17:36:19"
}