{
    "url": "http://www.okaz.com.sa/new/Issues/20150724/Con20150724785376.htm",
    "title": "السحيباني إلى رتبة لواء",
    "author": " الرياض (واس)",
    "content": " قلد صاحب السمو الملكي الأمير فيصل بن بندر بن عبدالعزيز أمير منطقة الرياض أمس، مدير جوازات المنطقة اللواء سليمان بن عبدالرحمن السحيباني رتبته الجديدة.\nورفع السحيباني الشكر للقيادة الحكيمة على دعمها غير المحدود للمجالات كافة، متمنيا أن يكون عند حسن ظن القيادة لخدمة الدين ثم المليك والوطن. ",
    "date_extracted": "2015-07-24 05:41:00"
}