{
    "url": "http://www.okaz.com.sa/new/Issues/20150725/Con20150725785577.htm",
    "title": "اختتام ورشة «تنمية مهارات الداعية» بماليزيا",
    "author": " جمال الدوبحي (كوالالمبور)",
    "content": " تحت رعاية سفارة خادم الحرمين الشريفين لدى ماليزيا، وبتنظيم جامعة المدينة العالمية اختتمت فعاليات ورشة عمل «تنمية مهارات الداعية» في فندق كونكورد بشاه علم.\nحيث استهدفت ورشة العمل كافة المراكز والمؤسسات والجمعيات الدعوية، وبإلقاء مدربين متخصصين في عدد من المحاور الدعوية المهمة في مهارات الإلقاء والتأثير وفنون الخطاب في الدعوة ألقاها د. عبد الرحمن بن محمد البليهي الملحق الديني السعودي بماليزيا، ومهارات الاتصال الفعال والإقناع في العمل الدعوي ألقاها د. يوسف حسن السامرائي ، ومهارات سلوكية في بناء علاقات اجتماعية مع أصناف المدعوين والدعاة ألقاها د. السيد محمد سالم، ومهارات الإبداع في التعامل مع التقنيات والوسائل الحديثة في الدعوة ألقاها د. علي الحلواني.\nوهدفت إلى تدارس مقومات الداعية الناجحة، إضافة إلى تنمية ثقافة العمل الجماعي، وتحمل المسؤوليات الفردية والجماعية وتنمية ثقافة استخدام التقنية الحديثة وبرامجها في العملية الدعوية وكذلك طرح المهارات المتعلقة بشخصية الداعية وثقافته ومراعاة متغيرات عصره والبيئة المحيطة به.\nوأكد المشاركون أن هذه الورشة كانت مهمة وناجحة سنحت لهم بتبادل الخبرات ووجهات النظر فيما بينهم وأكسبتهم معلومات قيمة في بيئة من الحوار الهادف والاستفسارات والاسئلة المركزة لمعرفة ومشاركة آراء وأفكار جديدة من شأنها أن تساهم بتطوير العمل في المجال الدعوي.\nيشار إلى أن عدد المشاركين قد بلغ 70 مشاركاً، منهم 39 مشاركا من مؤسسات وجامعات ومنظمات دعوية كبيرة وعريقة في ماليزيا، إلى جانب مشاركين من قبل سفارة المملكة والملحقية الدينية السعودية، إضافة إلى ضيوف الشرف، وممثل سفارة خادم الحرمين الشريفين بماليزيا المستشار عبد الملك الشناوي، وأعضاء اللجنة التنظيمية. ",
    "date_extracted": "2015-07-25 09:31:14"
}