{
    "url": "http://www.okaz.com.sa/new/Issues/20150723/Con20150723785148.htm",
    "title": "لبنان: حكومة سلام أمام مفترق اليوم",
    "author": " زياد عيتاني (بيروت)",
    "content": " تواجه حكومة الرئيس تمام سلام اليوم (الخميس) مفترقا خطيرا في الجلسة الاولى ما بعد الاعتراضات العونية في الشارع حيث كشف الوزير رشيد درباس امس (الاربعاء) «أن جلسة مجلس الوزراء غدا ستبدأ بفتح باب النقاش حول الآلية فإذا تم التوصل الى قواسم حلول مشتركة فهو لها وإلا فله قدمان يذهب بهما إلى حيث يشاء ولن ينتظر المشورة من أحد». وردا على سؤال عما اذا كان يعني ذلك استقالة الحكومة وهو ما نقل أيضا عن زوار الرئيس تمام سلام، رأى درباس أنه «أمام الأزمة السياسية القائمة فإن الحكومة تسير باستقالة تدريجية أسوة بكل المؤسسات والسير حثيث لشل عملها»، وجدد دعوته الوزراء الى تحمل مسؤولياتهم كل في وزارته. وشدد على أن هذه الحكومة ولدت بالتوافق ولا يمكن أن تستمر من دون أحد مكوناتها الاساسية. ورأى «أن قضية النفايات فنية تدخل فيها السياسة لتجعل من بيروت والمناطق مكبا كبيرا ",
    "date_extracted": "2015-07-23 17:36:26"
}