{
    "url": "http://www.okaz.com.sa/new/Issues/20150724/Con20150724785331.htm",
    "title": "مأرب تنتقل من الدفاع إلى الهجوم",
    "author": " أحمد الشميري (صنعاء)",
    "content": " أكد القيادي الناشط السياسي والقيادي الميداني في مأرب محمد اليوسفي لـ «عكاظ» انتقال مقاومة مأرب من الدفاع إلى الهجوم رغم الحشد الحوثي لمسلحيه على تخوم مأرب.\nوقال «اليوسفي»: «هناك حشد للحوثيين متواصل على تخوم مأرب لكننا نجحنا في توسيع الحزام الأمني للمحافظة التي أصبحت آمنة ومستقرة أكثر بكثير مما كانت عليه في الأيام السابقة»، موضحا بأن مأرب تشهد هدوءا هذين اليومين وتوقفا للمواجهات الحوثية.\nوأشار إلى أن قبائل مأرب تستعد لمواجهات قوية في الأيام القادمة تساند النجاحات التي حققتها المقاومة في عدن وتسهم في النجاح لاستعادة الدولة اليمنية، مبينا أن الإمكانيات البشرية لدى مأرب كبيرة جدا وينقصها بعض التسليح وتنتشر الحشود القبلية على طوال 120كم.\nوأضاف: «حاول الحوثيون طوال أيام العيد الضغط من الجبهة الجنوبية ولكن شهدت كرا وفرا»، مبينا أن الخسائر التي مني بها الحوثي كبيرة جدا سواء من تدمير عربات أو غيرها والأغلبية تتم عبر طيران التحالف الذي يساند بشكل قوي وسريع في تدمير العديد من الإمكانيات والعربات للحوثي.\nوأشار إلى أن مواقع الجهينة والبلق والحزام نخلة وماس والمخدرة باتت بأيدي المقاومة وتحت سيطرتها ولكن الحوثي لديه أتباعه في الجبهة الجنوبية حيث تقع منطقة الأشراف الذين هم حاضنة للحوثي.\nوأشار إلى أن المقاومة انتقلت من الدفاع إلى الهجوم وقطع الإمدادات والتدخل السريع ومعركة وهمية في منطقة والذهاب إلى منطقة أخرى، معتبرا أن النجاحات التي حققتها المقاومة في عدن سيكون لها انعكاسات إيجابية على مستقبل العمل العسكري للمقاومة في الأيام القليلة القادمة وأسهمت بشكل كبير في رفع المعنويات. وأوضح أن الجيش التابع للشرعية يقوم بدور إيجابي وفعال مع المقاومة الشعبية حيث يعمل على التغطية بالعربات المدرعة والإسناد والمدفعية ويسهم بشكل كبير في الدعم والإسناد والسيطرة على المعركة وتنسيق، مشيدا بالدور القوي والفعال لقوات التحالف التي تسارع بتقديم الدعم متى طلبت المقاومة منها تغطية الهجوم للمقاومة وتقديم الأسلحة النوعية من القذائف حيث تقدم النجدة بشكل قوي وسريع، مبينا أن التنسيق متكامل مع التحالف والجيش وعلى أعلى مرتبة. ",
    "date_extracted": "2015-07-24 05:51:02"
}