{
    "url": "http://www.okaz.com.sa/new/Issues/20150723/Con20150723785093.htm",
    "title": "انتهاء الترشيح لبرامج معهد الإدارة 21 الجاري",
    "author": " عكاظ (الرياض)",
    "content": " أعلن معهد الإدارة العامة، استمرار استقباله طلبات ترشيح الأجهزة الحكومية لإلحاق منسوبيها في برامجه التدريبية التي ينفذها في الجامعات السعودية؛ مشيرا إلى أن باب الترشيح سيبقى مفتوحا حتى نهاية 21 شوال الجاري.\nوأوضح مدير عام المعهد الدكتور أحمد بن عبدالله الشعيبي، أن المعهد سعيا منه لتوفير فرص تدريبية أوسع لمنسوبي الأجهزة الحكومية على برامجه التدريبية تعاون مع عدد من الجامعات السعودية لتنفيذ برامجه من خلالها، هي جامعات الجوف، الحدود الشمالية بعرعر، الأمير سطام بن عبدالعزيز بالخرج، المجمعة، شقراء، حائل، القصيم، الملك فيصل، تبوك، جازان، نجران، الباحة، الإسلامية وطيبة.\n وبين أنه يمكن لأي موظف حكومي أن يتقدم على برامج المعهد التدريبية المنفذة في هذه الجامعات من خلال تواصله مع الإدارة المعنية بالتدريب في جهة عمله، لترشيحه خلال الفترة التي ستنتهي بنهاية دوام يوم 21 شوال، لافتا إلى أنه بإمكان الجميع الاطلاع على هذه البرامج وتواريخ تنفيذها من خلال الدخول على الخطط الزمنية والتنفيذية للبرامج التدريبية المنفذة بالجامعات بموقع المعهد، على شبكة الإنترنت (www.ipa.edu.sa).\nوأفاد الشعيبي أن نتائج الترشيح على برامج المعهد المنفذة في الجامعات السعودية، ستعلن يوم الخميس 28 شوال الجاري، لافتا إلى أنه سيتم إرسال رسالة قصيرة (SMS) إلى جميع المرشحين الذين سيتم قبولهم في هذه البرامج. ",
    "date_extracted": "2015-07-23 17:38:48"
}