{
    "url": "http://www.okaz.com.sa/new/Issues/20150723/Con20150723785203.htm",
    "title": "انقلاب يقتل 3 أشخاص ويصيب آخرين من أسرة واحدة",
    "author": " محمد العمودي (بيشة) أحمد نايف الخمعلي (تبوك) فليح ملاك (رفحاء)",
    "content": " أدى انقلاب سيارة على طريق قرية العجرمية غرب رفحاء إلى وفاة 3 أشخاص وإصابة 3 آخرين من أسرة واحدة، وباشرت الفرق الأمنية الموقع وعملت على نقل المصابين الى مستشفى رفحاء العام لتلقي العلاج اللازم.\nوقال المتحدث الرسمي لهيئة الهلال الأحمر في منطقة الحدود الشمالية مساعد غالي العنزي، تلقت غرفة العمليات في الهلال الاحمر برفحاء بلاغا من أحد المواطنين عن انقلاب مركبة تقل أسرة على طريق العجرمية، وعلى الفور توجهت الى الموقع أربع فرق اسعافية تابعة لهيئة الهلال الأحمر السعودي من مراكز الاسعاف في رفحاء والمركوز والعويقيلة، وفرقة إسعافية من وزارة الصحة، وعند الوصول اتضح وفاة الأب والأم وطفل عمره عامان فيما أصيب طفل وطفلة وخادمة منزلية بإصابات متفاوتة ما بين الخطرة الى المتوسطة نقلوا على اثرها الى مستشفى رفحاء العام لتلقي العلاج اللازم.\nوفي السياق لقي مقيم مصري مصرعه وأصيب 5 آخرون إثر انقلاب السيارة التي تقلهم صباح امس على طريق تثليث - الأمواه بالقرب من قرية عمائر آل حميدان، وباشرت الفرق الأمنية الموقع وجرى نقل الجثة الى ثلاجة الموتى والمصابين الى مستشفى تثليث العام لتلقي العلاج اللازم.\nوتشير المصادر إلى أن قائد المركبة كان يقل مجموعة من العمالة وجميعهم من الجنسية المصرية وعددهم 6 أشخاص وعند اقترابهم من قرية عمائر آل حميدان فقد السائق السيطرة على المركبة ما أدى إلى انقلابها ووفاة قائدها في الحال وإصابة الآخرين بإصابات متفاوتة اثنان حالتهما خطيرة جدا والبقية إصاباتهم متوسطة.\nوفي ذات الاطار توفي مواطن وأصيب اثنان آخران بإصابات بالغة اثر انقلاب المركبة التي كانوا يستقلونها في منطقة الغور بالأردن على الطريق الدولي بين العاصمة عمان والحدود السعودية، وباشرت الجهات الامنية الموقع وتم نقل الجثة الى ثلاجة الموتى لحين انتهاء الاجراءات اللازمة فيما نقل المصابان الى مستشفى معان الحكومي لتلقي العلاج اللازم جراء الاصابات التي لحقت بهما. ",
    "date_extracted": "2015-07-23 17:40:15"
}