{
    "url": "http://www.okaz.com.sa/new/Issues/20150724/Con20150724785438.htm",
    "title": "الزميل مصطفى يجتاز عملية الـ 10 ساعات بنجاح",
    "author": " إبراهيم شهاب (جدة)",
    "content": " خضع الزميل مصطفى إدريس نائب رئيس التحرير الأسبق في «عكاظ» إلى عملية جراحية استغرقت حوالى 10 ساعات بمستشفى الملك فيصل التخصصي بالرياض يوم الأربعاء الماضي.\nوفي اتصال هاتفي بالدكتور طارق محمود أمين استشاري جراحة الأورام بالمستشفى وهو الذي أجرى العملية برفقة فريق طبي متكامل للاطمئنان على الحالة، قال الدكتور طارق إن حالة مصطفى مستقرة حاليا.. وأضاف: إن هذا النوع من العمليات الجراحية تكون ناجحة مع بعض الحالات المصابة بالأورام وتكون نسبة الشفاء منها عالية مثل حالة مصطفى، فيما تسهم في حالات أخرى إلى تحسين حالة المريض.\nوبين الدكتور طارق أن هذه العملية تعد خطوة أولى ومهمة نحو معالجة مصطفى من هذه الأورام ستتبعها خطوات أخرى في المستقبل القريب.\nيذكر أن الزميل مصطفى يرقد في العنايــــة المركزة حاليا نظرا لأن هذا النوع من العمليات يحتاج عناية فائقة بعد إجرائها.\nتمنياتنـا للزميل مصطفى بالشفاء العاجل. ",
    "date_extracted": "2015-07-24 05:54:15"
}