{
    "url": "http://www.okaz.com.sa/new/Issues/20150723/Con20150723785128.htm",
    "title": "جامعة حائل",
    "author": "",
    "content": " أقامت جامعة حائل أمس حفل معايدة لمنسوبيها، بحضور وكيل الجامعة للتطوير الأكاديمي وخدمة المجتمع الدكتور راشد الحمالي، وعدد من عمداء وأعضاء هيئة التدريس وموظفي الجامعة، وذلك في مركز المؤتمرات بالمدينة الجامعية. ",
    "date_extracted": "2015-07-23 17:39:15"
}