{
    "url": "http://www.okaz.com.sa/new/Issues/20150724/Con20150724785432.htm",
    "title": "حقيقة صفقة معاذ",
    "author": " أحمد الشمراني",
    "content": " •• في الاحتراف ومع بنود الاحتراف كل شيء يفترض أن ننظر له كما هو، عرض وطلب، رفض وموافقة، وأن لا نلبس هذا الاحتراف جلباب الجهل والتخلف إن اردنا له أن يكون احترافا عالميا تحكمه لائحة وليس احترافا محليا تحكمه الأعراف وما حولها!\n•• نقطة آخر السطر ونقطة أول السطر الآخر منها ننطلق إلى الحمية والصداقة والتربيطات وتحدي (يُهال) على رأي ربعنا في الكويت! \n•• قلت هنا قبل أيام تحت عنوان الأهلي خارج التكتلات ما قلت عن صفقة الأهلي والشباب حيال انتقال حسن معاذ للأهلي، لكن أحبابي في الأهلي أعادوا المفاوضات مرة أخرى وفق رغبة مشتركة من اللاعب ونادي الشباب، وبعد شيل وحط نفى مركز نادي الشباب الإعلامي المفاوضات مع أي لاعب شبابي، في وقت فضل الأهلي الصمت رغم أن عنده ما يقوله هذه المرة! \n•• لست هنا بصدد البحث من الصادق ومن الكاذب، فهذه مسألة متروكة للناديين، بقدر ما أطرح سؤالا معنيا بحكاية انتقال لاعب شبابي للأهلي هل يعتبر جريمة لهذه الدرجة، مع يقيني أن في الاحتراف لا يوجد لائحة تجرم الانتقال بقدر ما يوجد لوائح تضبط الانتقال؟؟\n•• سؤالي الآخر للأهلي: لماذا قبلتم التفاوض مرة أخرى رغم أن نار الأولى لم تنطفئ؟\n•• أسأل وأنا أدرك حق الإدراك أن الأهلي ووفق معرفتي به والمشهود له به يحب دائما أن يأتي الأندية من أبوابها، ولا يجيد لعبة التحريض كما هو حال أندية أخرى!\n•• ثمة من يؤكد أن الأمور هذه المرة تختلف عن الأولى، وهي تأكيدات لا تسمن ولا تغني من جوع أن فضل الأهلي الاكتفاء بنفي الشباب المبهم، ولا سيما أن المفاوضات فيها هذه المرة مخاطبات رسمية وعلى أوراق الناديين، لكن الأهلي ربما صبر على نفي الشباب، كون هناك ربما مستجدات قد تحصل أو هي حصلت مع نشر هذا المقال!\n•• بغض النظر عن إلى أي مسار ستتجه المفاوضات، وبغض النظر عن أن يتحول حسن معاذ للأهلي أو يبقى شبابيا أتمنى من كل أنديتنا أن تتعامل مع الاحتراف كما هو بعيدا عن مزايدات وتحديات تذكرني بملاعب أخرى لا علاقة لها برياضة كرة القدم!\n•• أما المزعج بصدق أن الأهلي بلا أسرار، بمعنى أن أصغر مشجع قد يقدم لك أسرار ومفاوضات الأهلي على طبق من ذهب دون أن يعلم أن هذه الخدمة المجانية قد تفيد أندية أخرى وتضر بالأهلي!\n•• والأكثر إزعاجا أن هناك من يعتبر تعثر المفاوضات نصر شبابي وهزيمة للأهلي، ولا أدري ما هو قياس الفوز هنا والهزيمة!\n•• كنت أتمنى من الشبابيين بدلا من ذاك البيان لو قالوا الحقيقة المتمثلة في صدق المفاوضات وأعقبوها بعدم نجاحها؛ لأن لدى الأهلي ما يجعله يدافع عن صدق المفاوضات بمستندات الإدانة التي يملكها وتؤكد سلامة موقفه!\n•• بقي أن أذكّر بـ«استعينوا على قضاء حوائجكم بالكتمان»!.\n ",
    "date_extracted": "2015-07-24 05:45:08"
}