{
    "url": "http://www.okaz.com.sa/new/Issues/20150723/Con20150723785177.htm",
    "title": "معاذ أهلاويا بـ27 مليونًا",
    "author": " جابر العميري (جدة)",
    "content": " اقترب المدافع الشبابي الدولي حسن معاذ من التوقيع للنادي الاهلي، بعد إعطاء إدارة الشباب الحالية الموافقة على انتقال اللاعب نهائيا، حيث جددت الادارة الاهلاوية المفاوضات مرة أخرى بعد ان تم رفض طلبها في وقت سابق في خطاب رسمي استلمته الادارة من نظيرتها الشبابية بعدم الاستغناء عن اللاعب، الا ان الرغبة في الحصول على خدماته من قبل صناع القرار في الاهلي وحاجة الفريق الماسة له هي التي جعلتهم يعيدون المفاوضات مرة اخرى. وحسب المصادر، فإن مجمل الصفقة سيكون 27 مليونا لمدة ثلاث سنوات، بالإضافة الى حصول نادي الشباب على خدمات محسن العيسى وأحمد العوفي، وتتجه الانظار صوب المركز الاعلامي بالنادي بانتظار الاعلان خلال الساعات المقبلة عن الصفقة التي طال انتظارها، حيث يعد معاذ مطلبا لدى الجماهير الاهلاوية منذ فترة طويلة.\n ومن جانبها، سلمت إدارة الكرة ملف اللاعب الاجنبي الرابع للمدرب جروس، كما عاد الاهلي لتقديم عرض قوي للاعب بوديسكو هداف نادي أسترا الروماني يتضمن حصول ناديه على مليون ونصف المليون يورو نظير انتقال اللاعب للأهلي في حين يحصل اللاعب على 300 ألف يورو بمجرد التوقيع وعلى راتب سنوي يقدر بـ 600 ألف يورو في الموسم، وتم فتح المفاوضات مع اللاعب في وقت سابق، حيث سيكون بديلا للاعب الهولندي شيري الذي فشلت المفاوضات معه بعد ان فضل الانتقال الى الدوري الانجليزي.\n وعلى الصعيد الميداني، واصل الفريق الاول تدريباته على الفترتين الصباحية والمسائية وركز فيها السويسري كرستيان جروس على عدة عوامل وقسمها الى اللياقية والتكتيكية والفنية والتكنيكية، حيث اشتملت فترة الصباح والمساء على العامل اللياقي مطعمة بباقي العوامل التي تساعد اللاعب في التعامل مع المباريات في المستقبل، وذلك باستخدام أحدث الاجهزة، وقد أجبر جروس اللاعبين على صعود جبال الألب لرفع المعدل اللياقي وتقوية العضلات على التحمل، بالإضافة الى استخدام الدرجات واختبار اللاعبين على قوة التحمل، كما عرضهم لرفع الاحمال الزائدة أيضا.\n وفي نفس السياق، سيخوض الفريق ثلاث مباريات مع فرق سويسرية، وسيكون أولها غدا الجمعة مع فريق (FC celerina) للوقوف على مستويات اللاعبين وهي تعتبر ثاني مباراة للفريق، كما أظهر اللاعب نبيل بهوي مستوى جيدا من خلال التدريبات، مبديا استعداده وجاهزيته مع زملائه اللاعبين.\n   ",
    "date_extracted": "2015-07-23 17:35:59"
}