{
    "url": "http://www.okaz.com.sa/new/Issues/20150725/Con20150725785522.htm",
    "title": "ملتقى ثقافي سعودي مصري",
    "author": " محمد حفني (القاهرة)",
    "content": " احتضنت القاهرة، البارحة الأولى، ملتقى الإبداع السعودي المصري الدوري، بتنظيم من مركز البحوث والدراسات الإندونيسية بجامعة قناة السويس، وشهد الملتقى أمسية ثقافية لشعراء المملكة الدكتور عبدالإله المالك، أحمد آل مجثل الغامدي، عبدالرحمن الجاسر، وعبير سمكري، ولشعراء مصريين على رأسهم الشاعر محمد أبو سنة.\nشارك في الملتقى شخصيات من كوسوفو وإندونيسيا وسورية والعراق والأردن، واشتمل على فقرات شعرية وموسيقية وغنائية، وألقيت قصيدة للشاعر المصري الراحل عبدالرحمن الأبنودي، وأوبريت «الحلم العربي».\nمن جانبه، أعرب رئيس جامعة قناة السويس الدكتور ممدوح غراب عن سعادته لاستضافة الجامعة الملتقى، مؤكدا على أهمية التعاون بين البلدين، ومبينا أن للمملكة ومصر تاريخا ومواقف مشتركة. ",
    "date_extracted": "2015-07-25 09:37:06"
}