{
    "url": "http://www.okaz.com.sa/new/Issues/20150726/Con20150726785637.htm",
    "title": "وظائف شاغرة بالقوات المسلحة",
    "author": " بديعة حسن (تبوك)",
    "content": " أعلنت الإدارة الطبية للقوات المسلحة عن توفر عدد من الوظائف الشاغرة على نظام بند الأجور والمستخدمين بالإدارات والمستشفيات العسكرية التابعة لها، للمواطنين والمواطنات الذين يحملون مؤهل الثانوية العامة فما دون، ويبدأ التقديم عليها اعتبارا من يوم الأحد المقبل، وحتى يوم السبت الموافق 23/10/1436هـ.\nواشترطت الإدارة الطبية في المتقدمين الحصول على مؤهل الثانوية العامة واللياقة الصحية وحسن المظهر، وألا تقل أعمارهم عن 18 عاما، وألا يكونوا متورطين في جرائم تخص الشرف والأمانة، مسجلين في موقع وزارة الخدمة المدنية بـ «برنامج ساعد»، وأن يجتازوا المقابلة الشخصية، وألا يكون قد تمت إحالتهم على التقاعد، مؤكدة ضرورة إرفاق صورة من الهوية الوطنية وصورة من المؤهل العلمي، إلى جانب صورة من الدورات التدريبية ــ إن وجدت، وصورة من الخبرات العملية مصادق عليها من التأمينات الاجتماعية، عند تقديم طلب التوظيف، وتعبئة نموذجه، وذلك على الرابط الإلكتروني MSD.HR@MSD.MED.SA. ",
    "date_extracted": "2015-07-26 16:45:08"
}