{
    "url": "http://www.okaz.com.sa/new/Issues/20150722/Con20150722784979.htm",
    "title": "مخدرات طائرة سجناء بريمان",
    "author": " عبده خال",
    "content": " استعداد الناس للدخول في العيد غطى على قضية من أغرب قضايا المخدرات العابرة لمسامعنا، وكانت غرابتها في استخدام التقنية بصورة مستحدثة.\nفقد نشرت جريدة عكاظ في اليومين الأخيرين لشهر رمضان عن تهريب المخدرات لسجناء جدة بطائرة تحكم عن بعد، ومع هذه القضية استلهمنا القصص والحكايات المنتشرة عن المساجين الذين يتحدثون عن توفر المخدرات داخل أسوار السجن.\nوقد أقدم المهربون على استخدام طائرة ذات تحكم عن بعد يتم إطلاقها من مواقف مجاورة للسجن وتوجيهها إلى أحد العنابر بالريموت كنترول وقد رصد برج المراقبة في السجن هبوط طائرة على أحد العنابر تبين أنها ذات أربع مراوح وتدار بنظام التحكم عن بعد وعثر على كمية من الحشيش وأكثر من ٢٠٠٠ حبة من الحبوب المخدرة مثبتة على ظهر تلك الطائرة بحيث يتم توجيه الطائرة مباشرة إلى سطح أحد العنابر وبعد ذلك يتم استلام المخدرات وتوزيعها على السجناء.\nهذه الطريقة المستحدثة تؤكد أن مهربي المخدرات يكتسبون يوميا طريقة جديدة لتوزيع سمومهم، وتلك الطرق لا يتم سلوكها إلا من خلال معاونين يسهلون إيصال المخدرات إلى مستهلكيها..\nأي أننا نخوض معركة على مستويات متعددة، وهي حرب ليست من مهمة رجال سلاح الحدود أو الجمارك أو الشرطة فقط وإن كانت أدوارهم تمثل خط مواجهة لحماية أمننا بمطاردة وكشف المهربين للسلاح والمخدرات وهي درع لصد الموجات المتعاقبة في استهداف شبابنا وجذبهم للانقياد والانغماس في تعاطي المخدرات.\nوالخبر المنشور عن قضية تهريب المخدرات إلى سجن بريمان -في جدة- يحمل فراغات عدة لكي تكشف عن المتواطئين في تسهيل إدخال المخدرات إلى السجن، وأول تلك الفراغات كيف استطاع المهرب استيراد طائرات الفانتوم الممنوع استيرادها في المملكة، وإن كان المهرب قد حصل عليها من شريك آخر، فكيف استطاع هذا الآخر تمرير عشر طائرات من خلال المطار أو المنافذ البرية أو البحرية، وبعد ذلك كيف استطاع المهرب توفير المخدرات وكيف استطاع التحليق بالطائرة من غير أن يتم كشف مرورها بواسطة برج المراقبة (في السجن) خاصة أن إفادات عدد من النزلاء تفيد سماعهم أزيز تلك الطائرات وهي ذات صوت عال وتكرر هبوطها داخل السجن في أوقات مختلفة، ثم كيف يتم إيداع مبالغ شراء المخدرات في الحسابات البنكية للمروج.\nهي أسئلة كثيرة، كل سؤال منها يقود إلى مخبأ شبكة من المتعاونين، ونتوقع أن هذه القضية سوف تكشف العديد من الأساليب المتبعة من قبل مروجي المخدرات والمتعاونين معهم، ولأننا في حالة حرب، تغدو محاربة المخدرات من الأهمية البالغة وهي حرب لا تقل أهمية عن الحرب ضد الإرهاب.\n\nAbdookhal2@yahoo.com\n\nللتواصل أرسل sms إلى 88548 الاتصالات ,636250 موبايلي, 738303 زين تبدأ بالرمز 159 مسافة ثم الرسالة\n ",
    "date_extracted": "2015-07-22 10:38:33"
}