{
    "url": "http://www.okaz.com.sa/new/Issues/20150724/Con20150724785404.htm",
    "title": "مستشفى الملك فهد يتفاعل مع .. ويعالج سارة",
    "author": " خالد بن مرضاح (جدة)",
    "content": " تفاعل مستشفى الملك فهد في جدة مع ما نشرته «عكاظ» في عددها رقم 17858 يوم الأحد الماضي الثالث من شوال الجاري، بعنوان\n«الصمم يهدد سارة.. وعلاجها في قوقعة إلكترونية»، وأكد أن مجال التخصص لعلاج حالة الثلاثينية سارة المشعلي التي تشكو من الصمم، يتوافر في المستشفى الذي يضم أول وأكبر مركز لزراعة القوقعة على مستوى المملكة.\nوذكر مدير المستشفى الدكتور فيصل علي نصار أنهم ناقشوا حالة المريضة وفقا للمعطيات التي وردت في الموضوع المنشور في «عكاظ» عنها، وقرروا قبولها في المستشفى لإجراء العملية الجراحية لزراعة القوقعة بعد استكمال الفحوصات الطبية اللازمة لحالتها، مقدرا لـ «عكاظ» متابعتها الدائمة وتلمسها النواحي الإنسانية في مجتمعنا الغالي..\n********\n ",
    "date_extracted": "2015-07-24 05:43:48"
}