{
    "url": "http://www.okaz.com.sa/new/Issues/20150725/Con20150725785553.htm",
    "title": "انتحار آسيوي في بريدة",
    "author": " خالد العدل (بريدة)",
    "content": " وضع وافد آسيوي في العقد الخامس من العمر حدا لحياته حيث عثر عليه وقد فارق الحياة بعد أن قام بإيذاء نفسه مساء الخميس.\nووفقا للناطق الإعلامي بشرطة منطقة القصيم الرائد بدر السحيباني، فإن الجهات الأمنية تلقت بلاغا عن إقدام وافد آسيوي على إيذاء نفسه داخل مقر عمله مما تسبب بوفاته، ليتم انتقال المختصين بشرطة بريدة وخبراء الأدلة الجنائية والطب الشرعي لإجراء المعاينة الأولية، موضحا أنه جرى نقل الجثمان إلى مستشفى بريدة المركزي لإخضاعه للفحوصات الطبية اللازمة وتحديد سبب الوفاة، مشيرا إلى إحالة أوراق الحادثة إلى هيئة التحقيق والادعاء العام لاستكمال إجراءات التحقيق بحسب الاختصاص. ",
    "date_extracted": "2015-07-25 09:32:23"
}