{
    "url": "http://www.okaz.com.sa/new/Issues/20150726/Con20150726785728.htm",
    "title": "النايف ينقل تعازي القيادة لذوي المنجحي والختارشي",
    "author": " مغرم عسيري (محايل عسير)",
    "content": " نقل رئيس مركز بحر أبو سكينة حمود بن ظافر النايف تعازي القيادة الرشيدة وتعازي صاحب السمو الملكي الأمير فيصل بن خالد أمير منطقة عسير، لذوي الشهيدين الوكيل رقيب إبراهيم مفرح المنجحي والعريف حسن إبراهيم الختارشي.\nجاء ذلك خلال زيارة رئيس المركز إلى منزل الشهيدين يرافقه مدير شرطة بحر أبو سكينة النقيب زهير بن سعيد الشهري ومدير مركز الدفاع المدني حسن بن عبده الركابي.\nوبين النايف لذوي الشهيدين أثناء استقبالهم له بمقر العزاء أن مصابهم جلل وأن فقدانهما ليس على أسرتيهما فقط بل هما فقيدا الوطن، داعيا الله تعالى أن يغفر لهما ويرحمهما ويسكنهما فسيح جناته وأن يربط على قلوب أهليهما بالصبر والسلوان.\nوثمنت أسرتا الفقيدين هذه اللفتة الإنسانية مؤكدين فخرهم أن يقدم أبناؤهم دماءهم فداء للوطن ولقيادته، سائلين المولى أن يحفظ بلادنا من كل مكروه. ",
    "date_extracted": "2015-07-26 16:44:54"
}