{
    "url": "http://www.okaz.com.sa/new/Issues/20150722/Con20150722784988.htm",
    "title": "أغرب من الخيال!!",
    "author": " عزيزة المانع",
    "content": " من يصدق أن جثة مريض يمكن أن تبقى في غرفة الطوارئ في مستشفى، أي مستشفى لمدة خمسة أيام دون أن يحس بها أحد، ولولا أنها تعفنت وانتشرت رائحتها في أنحاء المستشفى معلنة عن وجودها، لربما ظلت الجثة في مكانها لا يكترث لها عابر؟!\nقد يبدو الأمر بعيدا عن التصديق، لكن هذا ما أخبرتنا به هذه الصحيفة يوم الاثنين الماضي حين ذكرت أن طفلة في العاشرة من عمرها أحضرها أحد الأشخاص إلى طوارئ مستشفى الملك فيصل بمكة، وتركها هناك وذهب، وتبين بعد الفحص أنها متوفاة قبل وصولها للطوارئ بساعة تقريبا!!\nلو قيل إن الجثة وجدت ملقاة في الصحراء أو في منزل خراب مهجور أو عثر عليها مدفونة في كهف أو ما شابه ذلك من أماكن خالية لا يرتادها أحد، لربما أمكن قبول ذلك، أما أن توجد الجثة في غرفة الطوارئ في مستشفى كبير يعمل فيه المئات ويرتاده آلاف من المرضى، فذلك أغرب من الغرابة نفسها!!\nكيف حدث هذا؟ كيف بقيت جثة الطفلة بلا اتخاذ أي اجراء بشأنها في غرفة الطوارئ التي يفترض أنها تعمل على مدار 24 ساعة؟ كيف بقيت الجثة بلا تبليغ عنها، ودون حتى أن يكلف أحد نفسه بنقلها إلى الثلاجة؟ أليس الصمت في مثل هذه الحالة إثما؟ أليس تجاهل وجود الجثة وعدم التبليغ عنها مشاركة في جريمة قتل صاحبتها؟ لقد قتلت هذه البريئة مرتان، فالصمت عن الإبلاغ عن الذي أحضرها بعد أن توفيت بساعة، هو قتل ثان لها، فلم السكوت عن ذلك؟ أليس الساكت عن الحق شيطان أخرس؟\nإني لا أجد كلمة بحجم هذا الحدث المخجل لأصفه بها، فقول إهمال أو عدم مبالاة أو غياب الحس بالمسؤولية، كلها كلمات تبدو صغيرة أمام ما حدث!\nإن خبر هذه الحادثة ينبغي ألا يعامل هو أيضا بالصمت، فيحاط بالتجاهل واللا مبالاة، ليضيع في خضم ما يبدو أكبر منه من الأخبار.\nأشعر بغصة تخنقني، حين أفكر أي حياة بائسة عاشتها تلك الصغيرة عاثرة الحظ، أي إذلال وأي عذاب وأي ذعر عاشته، قبل أن يؤتى بجثتها فتلقى وحيدة في ذلك المكان!\nيا للطفولة الشقية!! لم يكف أنها عاشت سنوات عمرها القصير منبوذة لا تعرف الحنان والحب والرعاية الطيبة في حياتها، فظل الشقاء يطاردها إلى فراش الموت، ليبقي جسدها الصغير ملقى بإهمال لا يأبه لوجوده أحد، تعربد فيه البكتيريا ويدنسه العفن ويمر العابرون من حوله يلجمهم صمت لا مبال!!\n\nللتواصل أرسل رسالة نصية sms إلى 88548 الاتصالات أو 636250 موبايلي أو 738303 زين تبدأ بالرمز 160 مسافة ثم الرسالة ",
    "date_extracted": "2015-07-22 10:38:39"
}