{
    "url": "http://www.okaz.com.sa/new/Issues/20150723/Con20150723785160.htm",
    "title": "اليونسكو تعيد بناء آثار «تمبكتو»",
    "author": " علي الرباعي (الباحة)",
    "content": " أسهمت منظمة اليونسكو التابعة للأمم المتحدة في إعادة بناء ثمانية آثار دمرها متشددون عقب استيلائهم على مدينة «تمبكتو» الصحراوية عام 2012، إذ يعتبر المتشددون الآثار من المظاهر الوثنية ما دفعهم لتدميرها وإحراق الآلاف من المخطوطات القديمة في تفجير انتحاري، وتأتي إعادة البناء عقب مناشدة حكومة مالي من «اليونسكو» التي استأجرت حرفيين محليين لإعادة بناء الآثار. وأوضح المدير العام لليونسكو إيرينا بوكوفا، أن عمل البنائين بمثابة درس في التسامح والحوار والسلام كون الموقع مدرج في قائمة التراث العالمي، مؤكدة أن المسؤولين عن تدمير الآثار سيمثلون أمام المحكمة الجنائية الدولية، وكشفت المنظمة أنه أعيد بناء ثمانية من أصل 14 أثرا، وأن العمل على إعادة الآثار الباقية أوشك على الانتهاء فيما قدمت فرنسا والنرويج وسويسرا والاتحاد الأوروبي مساعدات تقنية ومالية للمشروع. يذكر أن تاريخ تراث تمبكتو التاريخي يعود إلى القرن الـ13 الميلادي، ويمتد إلى القرن الـ17 عندما أصبحت المدينة نقطة عبور رئيسية للقوافل العابرة للصحراء ومركزا عالميا للعلوم الشرعية في الإسلام. ",
    "date_extracted": "2015-07-23 17:36:20"
}