{
    "url": "http://www.okaz.com.sa/new/Issues/20150731/Con20150731786704.htm",
    "title": "الزفة الحجازية تتجلى في الطائف",
    "author": " فيصل الحارثي (الطائف)",
    "content": " تذوق جهمور الطائف، البارحة، «الزفة الحجازية» ضمن مسابقة «سما» للفنون الشعبية، التي تنظم بالتعاون مع فرع جمعية الثقافة والفنون بالطائف، وقدمت «الزفة الحجازية» بقيادة يحيى الكايدي فنون: الخبيتي والبحري الحجازي، كما استضيف المنشد نايف الجعيد الذي قدم عدة فقرات إنشادية. \nكما قدمت فرقة «الفرسان» الشعبية العرضة الجنوبية، بمشاركة الشعراء: زعكان المالكي ومحمد بن وقيت وحميد بن مليح، وتفاعل الحضور مع الشاعر راحج الحارثي الذي قدم شيلات شعبية لأبرز شعراء المملكة والخليج.\nويزداد التنافس بين الفرق المشاركة طوال الأسبوع المقبل، فتقدم فرقة «الجنوب» غدا عروضها الشعبية لأبرز الألوان الفلكورية في جازان.\n ",
    "date_extracted": "2015-07-31 12:24:15"
}