{
    "url": "http://www.okaz.com.sa/new/Issues/20150803/Con20150803787198.htm",
    "title": "اليوناني يشعل تدريبات الأهلي",
    "author": " جابر العميري (جدة)",
    "content": " اتفقت ادارة النادي الاهلي مع اللاعب ياسر الفهمي على تجديد عقده لمدة سنتين قادمتين، واكدت مصادر لـ«عكاظ» بأنه لن تتم اعارته وسيبقى في الفريق الى حين يحتاجه المدرب جروس ويتم الاستعانة به، ويعتبر الفهمي من المواهب الكروية التي شهدتها ملاعبنا الرياضية الا ان الاصابات حرمت عشاق كرة القدم من رؤيته طويلا. واكمل اللاعب علاجه الطبيعي وبدأ في مداعبة الكرة. من جهتها، تفاعلت المسؤولية الاجتماعية بالنادي الاهلي مع المشجع معز عرب من ذوي الاحتياجات الخاصة، تقديرا لحضوره المتجر رغم حالته الصحية وفي اول يوم افتتاح وسط الزحام الشديد وحرصه على اقتناء تيشيرت النادي، وقررت ادارة المسؤولية الاجتماعية تكريم المشجع، كما تفاعل علي بقشان عضو شرف الاهلي مع الموقف ووعد بتكريم خاص للمشجع، وقدم معز شكره وتقديره للادارة على هذه البادرة، قائلا بأنها ليست بغريبة على رجالات الاهلي. وعلى صعيد اخر، وصل اللاعب اليوناني جانيس فتفاتزيديس الى معسكر الفريق في مدينة لوزان السويسرية، حيث التقى بالجهاز الفني والاداري واللاعبين، وشارك زملاءه في التدريبات.\n ",
    "date_extracted": "2015-08-03 20:27:06"
}