{
    "url": "http://www.okaz.com.sa/new/Issues/20150802/Con20150802786935.htm",
    "title": "هجوم فاشل للمعارضة يوقع 25 قتيلا في حلب",
    "author": " أ ف ب (بيروت)",
    "content": " قتل 25 مقاتلا من المعارضة السورية على الأقل خلال محاولة هجوم فاشلة قاموا بها على قاعدة عسكرية في محافظة حلب، شمال البلاد، حسبما أفاد المرصد السوري لحقوق الإنسان.\nكما أفاد المرصد عن مقتل تسعة من قوات النظام في الاشتباكات التي اندلعت بعد أن شنت عدة جماعات مقاتلة هجومها في وقت متأخر من الجمعة. وأشار المرصد إلى أن من بين قتلى المعارضة ثلاثة من قادة المجموعات. ",
    "date_extracted": "2015-08-02 23:41:43"
}