{
    "url": "http://www.okaz.com.sa/new/Issues/20150731/Con20150731786581.htm",
    "title": "ماراثون صيد الروبيان غدا",
    "author": " محمد العبدالله (الدمام)",
    "content": " تنطلق غدا 600 مركب في سباق «ماراثون» بالمياه العميقة في الخليج العربي قرب سواحل المنطقة الشرقية، إيذانا ببدء موسم صيد الروبيان.\nوتقصد المراكب في سباقها الماراثوني المناطق الغنية بالروبيان البحري المنتشرة في المياه الإقليمية شرق المملكة. وإلى جانب القوارب تدخل الطرادات في حلبة الصيد الماراثوني بقوة كبيرة للحصول على حصة وافرة من كعكة الموسم الكبيرة التي تمتد لنحو 6 أشهر، إذ تبدأ أسواق المنطقة الشرقية في استقبال كميات كبيرة من حصيلة الصيد في منتصف الأسبوع المقبل.\nوتستمر رحلة القارب الواحد في عرض البحر بين 3 إلى 5 أيام تقريبا، بخلاف الطراد الذي يذهب صباحا ويعود مساء اليوم ذاته.\nوأوضح مدير مركز الثروة السمكية بالمنطقة الشرقية نبيل فتيا أن عملية إصدار رخص صيد الروبيان انطلقت منذ بداية الشهر الجاري وماتزال مستمرة حتى اللحظة، مشيرا إلى أن استخراج الرخص لا يستغرق أكثر من ساعة في حال استكمال الوثائق المطلوبة. وقد أكمل أغلب الصيادين استعداداتهم وتجهيزاتهم لموسم الصيد منذ أيام، فيما ينتهي الآخرون مع نهاية الأسبوع الجاري من تجهيز المراكب، حيث بدأت عمليات التجهيز في الأسبوع الأول من شهر يوليو، ويستمر لنحو أسبوعين أو ثلاثة أسابيع تقريبا، الأمر الذي يدفع الكثير لمسابقة الزمن للانتهاء من كافة الاحتياجات. ",
    "date_extracted": "2015-07-31 12:23:31"
}