{
    "url": "http://www.okaz.com.sa/new/Issues/20150802/Con20150802786931.htm",
    "title": "السعوديون يستحوذون على النصيب الأكبر في كعكة قناة السويس",
    "author": " صالح الزهراني (جدة)",
    "content": " رحب مستثمرون سعوديون في جمهوية مصر بنتائج إعلان القاهرة بين الرئيس المصري عبدالفتاح السيسي، والأمير محمد بن سلمان ولي ولي العهد، النائب الثاني لرئيس مجلس الوزراء، وزير الدفاع، متوقعين نقلة نوعية في العلاقات الاقتصادية بين البلدين في المرحلة المقبلة.\nوأشار رجل الأعمال زياد البسام إلى أن حجم التبادل التجاري بين المملكة ومصر والذي لا يتجاوز 5 مليارات دولار حاليا يعد متواضعا للغاية استنادا إلى الأواصر القوية التي تربط البلدين وخاصة على صعيد الجوار الجغرافي الذي يعطي للتعاون المشترك ميزة إضافية على كافة المستويات. وأعرب عن تطلعه لتجاوز أي معوقات في علاقات البلدين ولاسيما في الاستثمار والتراخيص، لافتا إلى أن اللجنة المشكلة بإشراف رئاسة الجمهورية ومشاركة السفارة السعودية والجهات المعنية نجحت في احتواء الكثير من المعوقات وتجاوز 80 % منها. وتوقع رفع حجم التعاون التجاري بين البلدين إلى 10 مليارات دولار خلال 5 سنوات. من جهته، أشار رجل الأعمال الدكتور حازم زقزوق إلى أن المستثمرين السعوديين استعدوا مبكرا للاستثمار في مشاريع قناة السويس بتأسيس شركة مختصة لهذا الغرض، مؤكدا أن العلاقات السياسية باتت قاطرة قوية تدفع التعاون الاقتصادي إلى الأمام، ولفت في السياق ذاته إلى أن مصر تعد مصدر جذب للمستثمرين السعوديين الجادين لاسيما مع إعادة النظر في نوعية الاستثمارات الأجنبية التي ينبغي أن تعزز القيمة المضافة للاقتصاد وتسهم في توفير المزيد من الوظائف للمواطنين. ولفت إلى أن المستثمرين السعوديين يتطلعون إلى طفرة مستقبلية في المشاريع الزراعية على وجه الخصوص، لاسيما في ظل مشروع الأربعة ملايين فدان الذي أعلن عنه الرئيس عبدالفتاح السيسي مؤخرا. من جهته، أشار رجل الأعمال سيف الله شربتلي إلى أن زيارة الأمير محمد بن سلمان للقاهرة مؤخرا كانت أبلغ رد على المشككين في متانة العلاقات السعودية المصرية، مشيرا إلى أن الطريقة التي خرجت بها الزيارة كانت أكثر من رائعة وتبعث بالكثير من الرسائل لمختلف الجهات بالداخل أو الخارج.\nودعا إلى ضرورة الاستفادة من هذا المناخ لتعزيز العلاقات المشتركة في ظل أكثر من مليون مصري يعملون في المملكة، وأكثر من مليون آخر يزورونها سنويا في الحج والعمرة. ",
    "date_extracted": "2015-08-02 23:44:06"
}