{
    "url": "http://www.okaz.com.sa/new/Issues/20150801/Con20150801786775.htm",
    "title": "ترامب يتقدم الجمهوريين",
    "author": " محمد المداح (واشنطن)",
    "content": " كشف استطلاع للرأي صدرت نتائجه أمس الأول تقدم رجل الأعمال وصاحب إمبراطورية العقار دونالد ترامب أمام مرشحي الحزب الجمهوري للانتخابات الرئاسية الأمريكية لعام 2016.\nوقبل ستة أشهر من بداية الانتخابات التمهيدية، ورغم أن الاستطلاع الذي نشرت نتائجه جامعة كينيبياك لا يعتبر حاسما، إلا أنه يشير إلى الشعبية الاستثنائية لترامب بين المرشحين الـ17 المعلنين حتى الآن.\nلكن دونالد ترامب الشخصية المثيرة للجدل سيخسر كثيرا في تنافس مفترض ضد الأوفر حظا للفوز بترشيح الحزب الديموقراطي هيلاري كلينتون، إذ إن الاستطلاع يشير إلى أنها ستفوز فيه بنسبة الـ48 بالمائة من الأصوات في مقابل 36 بالمائة لدونالد ترامب.\n ",
    "date_extracted": "2015-08-01 15:56:09"
}