{
    "url": "http://www.okaz.com.sa/new/Issues/20150803/Con20150803787204.htm",
    "title": "طائرة الأخضر تنفي حضور «ملهى ليلي» وتقيل الجبر",
    "author": " عكاظ (الرياض)",
    "content": " أصدر الاتحاد السعودي للكرة الطائرة، أمس، بيانا إعلاميا حول ما أثير مؤخرا على مواقع التواصل الاجتماعي، عن حضور عدد من لاعبي منتخب الناشئين لحفل غنائي في ملهى ليلي بجمهورية مصر العربية، على هامش المعسكر الإعدادي المقام هناك، حيث أكد فيه أن الحفل كان في إحدى السفن السياحية بدعوة من متعهد المعسكرات، وليس في ملهى ليلي.\nوقال اتحاد اللعبة في البيان: «بناء على ما ورد الاتحاد من معلومات تفيد بحضور بعثة المنتخب في حفل غنائي خلال معسكره في مصر ومشاركة بعض اللاعبين فيه؛ لذا فإننا نؤكد اطلاعنا على حيثيات الأمر وفقا لما تم تداوله في بعض وسائل الإعلام، حيث تم تكليف عضو مجلس الإدارة عبدالله العدوان بالتحقيق وأسفر عن التالي: أولا: الحفل الذي جرى في إحدى السفن السياحية، بدعوة من متعهد المعسكرات، وبمشاركة عدد من المنتخبات، ومن ضمنها المنتخب المغربي، ورؤساء ووفود البطولة الأفريقية للكرة الطائرة التي اختتمت مؤخرا في القاهرة، وحضرت البعثة السعودية الحفل دون العلم بالبرنامج المعد بهذه المناسبة.\nثانيا: تم التأكد من عدم صحة ما ذكر في بعض وسائل الإعلام ومواقع التواصل الاجتماعي بأن الحفل جرى في أحد الملاهي الليلة، حيث كان الحفل في إحدى السفن السياحية التي احتضنت الكثير من المناسبات.\nثالثا: يرفض مجلس الإدارة بشدة حضور مثل هذه المناسبات التي تتضمن مثل هذه الفقرات مهما كان موقعها، انطلاقا من القيم الدينية والنهج التربوي الذي نحرص على تأصيله في أبنائنا اللاعبين.\nرابعا: يؤكد مجلس الإدارة، بناء على التقرير الذي قدمه عبدالله العدوان عقب نهاية التحقيقات مع مسؤولي البعثة ــ إعفاء الإداري المرافق عبدالله الجبر؛ لعدم ضبطه لمسار الأمور، خصوصا مع تعذر مغادرة الحفل، كون السفينة في عرض النيل، مع تكليف خالد مطر بالقيام بالمهمة». ",
    "date_extracted": "2015-08-03 20:29:39"
}