{
    "url": "http://www.okaz.com.sa/new/Issues/20150731/Con20150731786591.htm",
    "title": "لا موعد جديدا لاجتماع الحكومة اللبنانية",
    "author": " محمود عيتاني (بيروت)",
    "content": " انتهت جلسة مجلس الوزراء اللبناني المرتقبة أمس من دون الوصول إلى تحديد موعد جديد لجلسة مقبلة مع غياب أي تفهم حول آلية عمل مجلس الوزراء أو ملف التعيينات الأمنية موقع الخلاف داخل الحكومة.\nرئيس الحكومة تمام سلام الذي ترأس الجلسة استعرض في بدايتها أزمة النفايات والمعالجات الحاصلة داعيا إلى ضرورة تكاتف الجميع لحل الأزمة.\nفيما اقترح عدد من الوزراء دراسة إمكان تصديرها عبر شركات ألمانية أو سويدية، لينتقل بعدها الجميع إلى مناقشة آلية العمل الحكومي من دون الوصول لأي توافق. الوزيرة اليس شبطيني أشارت بعد الجلسة إلى أنه بالرغم من عدم تحديد موعد لجلسة مقبلة إلا أنه كانت هناك إيجابية كبيرة بالتعاطي مع الملفات. مصادر خاصة لـ(عكاظ) أشارت إلى أن عدم تحديد جلسة جديدة لا يشكل خلافا بل جاء برغبة من الرئيس تمام سلام لإفساح المجال أمام الاتصالات والمشاورات بعيدا عن ضغوط موعد جديد لاجتماع الحكومة الذي لا بد أن يكون خلال الأسبوع المقبل. ",
    "date_extracted": "2015-07-31 12:24:39"
}