{
    "url": "http://www.okaz.com.sa/new/Issues/20150731/Con20150731786531.htm",
    "title": "إشادة عالمية بدور المملكة في نشر السلام وثقافة الحوار",
    "author": " عبدالله الغامدي (الرياض)",
    "content": " أشادت أشهر شخصية كشفية عالمية مشاركة في الجامبوري الكشفي العالمي الثالث والعشرين المقام حالياً في اليابان، بدور المملكة العربية السعودية في نشر السلام بين الشعوب وزيادة الوعي بالحوار من خلال مركز الملك عبدالعزيز للحوار الوطني بالرياض، ومركز الملك عبدالله للحوار بين الأديان في فيينا.\nودعا السيد هارتوت كيلر من ألمانيا الاتحادية (79 عاما) الأكثر بين قيادات العالم الكشفية مشاركة في مختلف الجامبوريات، إلى الاستفادة من ممارسات ومبادرات الكشافة السعودية في تفعيل المشروع الكشفي العالمي «رسل السلام» خاصة في مجالات الحوار والسلام والبيئة والصحة، والجهود الكبيرة التي تقدمها في خدمة وتنمية المجتمع من خلال خدمة الحجاج.\nيذكر أن هارتوت كيلر شارك في 15 جامبوري بدأها عام 1957 في المؤتمر الكشفي العالمي التاسع الذي استضافته إنجلترا وعمل على تطوير الكشافة العربية في ألمانيا وسعى إلى إدخالها في عضوية الاتحاد الكشفي الالماني.\nإلى ذلك اجتاز جميع أعضاء الوفد الكشفي السعودي المشارك في الجامبوري الكشفي العالمي الذي انطلقت فعالياته في مدينة ياماغوتشي اليابانية، دورة السلامة من الأذى Safe from Harm التي عقدتها اللجنة التنظيمية للمخيم على شبكة الإنترنت كجزء من المادة التحضيرية الإلزامية لقادة الكشافة والراشدين المشاركين في المخيم.\nوأشاد عضو اللجنة الكشفية العالمية السعودي عبدالله الفهد بتلك الخطوة التي تنفذ للمرة الثانية عبر الإنترنت على مستوى الجامبوري، ووصفها بالطريقة الحضارية في تفعيل الجانب التقني في تطور أسلوب إدارة المخيمات الكشفية. ",
    "date_extracted": "2015-07-31 12:22:33"
}