{
    "url": "http://www.okaz.com.sa/new/Issues/20150802/Con20150802786899.htm",
    "title": "4 لقاءات لتعريف أهالي طيبة بالانتخابات البلدية",
    "author": " زياد الدمجاني (المدينة المنورة)",
    "content": " أوضح المهندس يحيى سيف المتحدث باسم امانة المدينة المنورة أن العمل في مقار انتخابات المجالس البلدية في المدينة المنورة سيبدأ يوم 25 شوال، مضيفا أنه يجري العمل حاليا على قدم وساق لتأثيث هذه المقار وتزويدها بالمطبوعات والمنشورات المتعلقة بالانتخابات، لافتا إلى أن المرحله الحالية مرحلة تدريب وتأثيث.\nوبين أن المراكز سوف تفتح أبوابها لتسجيل الناخبين حال الانتهاء من تجهيزها، وسيتم خلالها عرض للجمهور عن أبجديات الانتخابات البلدية والشرح حول كل ما يخصها.\nوأفاد المهندس يحيى سيف أن الأمانة حددت أربعة لقاءات لتعريف المواطنين بالانتخابات البلدية، بحضور أمين المدينة المنورة المهندس خالد طاهر، حيث حددت اليوم للقاء مع المواطنين في نطاق بلدية قباء بمقر البلدية، ويوم غد للقاء مع المواطنين في نطاق بلدية العيون، وبعد غد مع المواطنين في نطاق بلدية العوالي، ويوم الأربعاء المقبل في الحي التراثي المديني بحديقة الملك فهد للمواطنين في نطاق بلديات البيداء، وأحد، والعقيق، والعاقول، والفريش، والصويدرة، وأبيار الماشي.\nوبين أن تحديد هذه المواعيد تم خلال اجتماع برئاسة أمين منطقة المدينة المنورة رئيس اللجنة المحلية للانتخابات البلدية بالمنطقة في صالة الاجتماعات بمقر الأمانة بحضور أعضاء اللجان المحلية وممثلي الجهات الحكومية المشاركة في الانتخابات الحكومية، حيث ناقش المجتمعون ما تم اتخاذه من قرارات سبق اعتمادها في اجتماعات سابقة، إضافة الى الاطلاع على الاستعدادات لبدء العملية الانتخابية في موعدها المحدد مطلع ذي القعدة المقبل.\nكما تم في الاجتماع استعراض مراكز الانتخابات البالغ عددها 77 مركزا انتخابيا مقسمة على 10 دوائر داخل المدينة و18 دائرة في المحافظات، وتشتمل كل دائرة على مركز واحد مخصص لقيد الناخبات بإجمالي 28 مركزا انتخابيا نسويا في المدينة المنورة ومحافظاتها. ",
    "date_extracted": "2015-08-02 23:42:55"
}