{
    "url": "http://www.okaz.com.sa/new/Issues/20150803/Con20150803787056.htm",
    "title": "تدريب منسوبي جامعة الإمام على مهارات الحوار",
    "author": " واس (الرياض)",
    "content": " اختتم مركز الملك عبدالعزيز للحوار الوطني، برنامجا تدريبيا لمنسوبي عمادة التعليم الإلكتروني بجامعة الإمام محمد بن سعود الإسلامية، بعنوان «تنمية مهارات الاتصال بالحوار»، عقد خلال الفترة من 12-14 شوال الجاري، بمشاركة 30 متدربا، في مقر أكاديمية التدريب واستطلاعات الرأي العام.\nوأوضح مساعد مدير عام أكاديمية الحوار للتدريب واستطلاعات الرأي العام إسماعيل بن منسي العمري، أن للتدريب المجتمعي دورا مهما في نشر ثقافة الحوار، ونشر مفاهيم الوسطية والاعتدال والتسامح وقبول الرأي الآخر، مبينا أن التدريب على الحوار من أهم المبادرات التي تبناها المركز، بالتعاون مع المؤسسات الحكومية والأهلية ومؤسسات المجتمع الأخرى، لنشر ثقافة الحوار في مختلف شرائح المجتمع وأطيافه الفكرية.\n•• أهداف البرنامج:\n- تطوير مهارات الحوار لدى المتدربين.\n- التعريف بأهمية الحوار والاتصال الفعال مع الآخرين.\n- إكساب المشاركين المهارات الأساسية للحوار.\n•• أبرز المحاور:\n- القدرة على تحديد المستوى الشخصي في إدارة الحوار.\n- تمكين المتدرب من تطبيق مهارة الإنصات بكفاءة في الحوار.\n- استخدام الطرق والمؤثرات اللفظية بفعالية.\n- توظيف لغة الجسد لصالح الفكرة ونقل الرسالة بوضوح. ",
    "date_extracted": "2015-08-03 20:25:45"
}