{
    "url": "http://www.okaz.com.sa/new/Issues/20150731/Con20150731786694.htm",
    "title": "الحجيري: «2020» ستنافس مشاريـع الشباب الريادية دول العالم",
    "author": " عبد الرحمن المصباحي (جدة)",
    "content": " أفصح مؤسس مجموعة الحجيري الاقتصادية المالية وعضو جمعية الاقتصاد السعودي يحيى الحجيري أن ريادة الأعمال في المملكة تقدمت كثيرا وتفوقت على العديد من الدول الاقليمية والعربية حتى أصبحت تنافس ضمن كوكبة من المشروعات الناشئة، مبينا أن المملكة بدأت في خطة اقتصادية معرفية داعمة لشباب وشابات الأعمال في مشروعاتهم الريادية وتنافسها مع دول العالم في 2020م، جاء هذا خلال استضافته في مكتبة الملك فهد العامة ضمن برنامج لقاء الخميس أمس. وأفصح الحجيري أن ريادة الأعمال تسعى وراء الفرص دون امتلاك أو التحكم في موارد الانتاج، وان ريادة الأعمال تبرز من كونه القدرة على إيجاد وخلق سلوك إداري يهدف إلى استثمار الفرص لتحقيق نتائج تفوق قدرات وإمكانات الفرد.\nوبين أن الريادة تبرز مدى القدرة على إيجاد وخلق سلوك إداري يهدف إلى استثمار الفرص لتحقيق نتائج تفوق قدرات وإمكانات الفرد، وأن هذا يتطلب وجود أشخاص مميزين ومبدعين ومغامرين لديهم القدرة على رؤية الفرص وإدراك أهمية التغيير وقادرين على تحقيقه. ",
    "date_extracted": "2015-07-31 12:20:39"
}