{
    "url": "http://www.okaz.com.sa/new/Issues/20150801/Con20150801786724.htm",
    "title": "التعاون السعودي ــ المصري لصالح الأمة العربية",
    "author": " نصير المغامسي (جدة)",
    "content": " أكد الدكتور صدقة يحيى فاضل عضو لجنة الشؤون الخارجية في مجلس الشورى أن زيارة صاحب السمو الملكي الأمير محمد بن سلمان بن عبدالعزيز ولي ولي العهد لمصر.. تأتي انطلاقا من العلاقات التاريخية التي تجمع المملكة ومصر البلدين الشقيقين اللذين يجمعهما الجوار واللغة والدين والعادات والتقاليد المشتركة. وقال: «العلاقات السعودية ــــ المصرية لا ينفصم عراها حتى وإن اختلفت الرؤى في بعض القضايا الهامشية». فالمرحلة التي تعيشها الأمة العربية من انهيار للأوضاع في كثير من البلدان والتحديات التي تواجهها المنطقة العربية من خطر صهيوني وتهديد إيراني، بالإضافة إلى تحدي التقسيم والطائفية والإرهاب، تضع على كاهل البلدين «المملكة ومصر» مسؤولية الدفاع عن الأمن العربي، وإخراج الأمة العربية من مأزقها التاريخي الذي تعيشه بسبب ظروفها الداخلية والخارجية التي باتت معروفة للجميع.\nوأضاف فاضل: «أن مصر والمملكة معرضتان لأخطار مشتركة كحال باقي الدول العربية، لكن وباعتبار أن البلدين يشكلان جناحي الأمة، فإن على كاهلهما يقع عبء قيادة الجهود العربية للحفاظ على الحد الأدنى من الأمن العربي، والدفاع عن أمن المنطقة العربية من مخاطر الإرهاب والتدخل الأجنبي والتقسيم، إلى جانب أن التعاون بين البلدين نحو تحقيق المصالح المشتركة يعزز من تطلعات الشعوب العربية لتحقيق التكامل والتضامن المشترك، وهو ما يصب في النهاية نحو تحقيق الأمن العربي، وهو الهدف الأسمى للعلاقات السعودية ــــ المصرية».\nواستطرد فاضل: «إن زيارة الأمير محمد بن سلمان لمصر جاءت في وقت مهم وحساس تمر به المنطقة العربية، وقد جاءت نتائجها مبشرة للشعبين الشقيقين في المملكة ومصر، وهي نتائج بلا شك أشارت وبوضوح إلى عزم قيادتي البلدين على تكريس جهودهما لحماية الأمن العربي.. من خلال تطابق وجهات نظر البلدين في كثير من المسائل التي تخص المنطقة والدول العربية». ",
    "date_extracted": "2015-08-01 16:01:30"
}