{
    "url": "http://www.okaz.com.sa/new/Issues/20150803/Con20150803787188.htm",
    "title": "هبوط جماعي للبورصات العربية ومصر تخسر مليار جنيه",
    "author": " رويترز (دبي)",
    "content": " هبطت مؤشرات أسواق الأسهم في منطقة الشرق الأوسط، أمس حيث تراجع مؤشر سوق دبي 0,9 في المئة، كما انحفض المؤشر العام لسوق أبوظبي 0,9 في المئة، بينما تراجع مؤشر بورصة قطر 1,1 في المئة، وانخفض سهم صناعات قطر التي تتأثر أرباحها بأسعار النفط 1,1 في المئة، فيما ارتفع المؤشر الرئيس للبورصة المصرية في بداية التعاملات، لكنه غير اتجاهه تحت ضغط عمليات بيع من المستثمرين الأفراد العرب ليغلق منخفضا 0,4 في المئة، وخسر رأس المال السوقي لأسهم الشركات المقيدة بالبورصة نحو مليار جنيه ليبلغ مستوى 4 .496 مليار جنيه، وسط تعاملات بلغت 7 .982 مليون جنيه، كما هبط مؤشر الكويت 0,3 في المئة إلى 6237 نقطة، بينما انخفض مؤشر سلطنة عمان 0,04 في المئة إلى 6555 نقطة، والبحرين0,1 في المئة إلى 1330 نقطة. ",
    "date_extracted": "2015-08-03 21:36:03"
}