{
    "url": "http://www.okaz.com.sa/new/Issues/20150801/Con20150801786806.htm",
    "title": "15 ميدالية لأخضرنا في الأولمبياد الخاص",
    "author": " العرياني (واشنطن)",
    "content": " زاد نجوم المملكة العربية السعودية للأولمبياد الخاص غلتهم من الميداليات المتنوعة خلال مشاركتهم في منافسات دورة الألعاب العالمية الصيفية للأولمبياد الخاص الدولي التي تستضيفها حاليا مدينة لوس آنجلوس الأمريكية إلى 15 ميدالية في اليوم الخامس من الدورة منها ثلاثة ذهبيات جديدة، ونجح ثنائي تنس الطاولة عبد المحسن الرشيد، وأحمد الفادن في تحقيق المركز الأول والميدالية الذهبية في منافسات الفردي كلا حسب تصنيفه، والفوز على سبعة خصوم لكل لاعب خلال أدوار المجموعات والنهائيات. كما حقق العداء ثامر أحمد العبدالمحسن المركز الأول والميدالية الذهبية لمنافسات سباق 800 متر، وحقق زميلة العداء عبد السلام السحيباني (متلازمة داون) المركز الثاني والميدالية الفضية لسباق 25 مترا، وختم السباح عبد الله الغامدي حصيلة نجوم الأخضر من الميداليات بتحقيقه المركز الثالث والميدالية البرونزية لسباق 50 مترا سباحة حرة.\nوقال المدير الرياضي للأولمبياد الخاص السعودي فايز الشهري: إن المنافسات كانت صعبة نتيجة لقوة الخصوم، لافتا إلى أن منتخبات البعثة ضمت لاعبين يشاركون للمرة الأولى في بطولات خارج المملكة. ",
    "date_extracted": "2015-08-01 15:56:28"
}