{
    "url": "http://www.okaz.com.sa/new/Issues/20150731/Con20150731786580.htm",
    "title": "تغيير جدول مواعيد العمل من الصباح إلى قبل الظهر",
    "author": " عبدالعزيز غزاوي (جدة)",
    "content": " أوضح الاستشاري في شؤون المقاولات المهندس عبد العزيز البكري، أنهم يلزمون المقاولين بعدم تشغيل العمالة في وقت الظهيرة وارتفاع درجة الحرارة سواء من الناحية الإنسانية أو الإنتاجية، حيث إن تشغيل العمالة في وقت الظهيرة له أثر سلبي كبير على الإنتاجية، ومخالفة لتعليمات وزارة العمل.\nوقال المهندس البكري: منذ صدور القرار بعدم تشغيل العمالة في وقت الظهيرة وكثير من المقاولين ملتزمون من أجل صحة العمال، وتم تغيير مواعيد تنفيذ المشاريع في مجال المقاولات، حيث يمكن البدء في العمل من الصباح الباكر وحتى صلاة الظهر يوميا.\nوبين أنه في شهر رمضان الماضي، تم تغيير كافة جداول مواعيد الدوام للعمالة لتجنيبهم ضربات الشمس وتحول العمل إلى فترة مسائية، كل ذلك حفاظا على العمالة.\nوطالب المقاولين بتوفير المياه المبردة، وأدوات ووسائل السلامة من الخوذات وأحذية السلامة وأدوات الإطفاء والإسعافات الأولية لخدمة المشاريع والعمالة. ",
    "date_extracted": "2015-07-31 12:20:38"
}