{
    "url": "http://www.okaz.com.sa/new/Issues/20150802/Con20150802787043.htm",
    "title": "ختام فعاليات مركز الخليج",
    "author": " عكاظ (جدة)",
    "content": " استضاف ملعب مركز الخليج الرياضي الثقافي الاجتماعي لخدمة المجتمع واحتواء الشباب، فعاليات رياضية واجتماعية خلال عيد الفطر المبارك واختتمت تلك الفعاليات في رابع أيام العيد ولقيت استحسان الجميع. ",
    "date_extracted": "2015-08-02 23:44:33"
}