{
    "url": "http://www.okaz.com.sa/new/Issues/20150803/Con20150803787106.htm",
    "title": "70 % من الأراضي البيضاء صالحة للسكن",
    "author": " محمد العبد الله (الدمام)",
    "content": " توقع مختصون تراجع أسعار الأراضي الخام بنسبة 50 في المئة في حال تنفيذ رسوم الأراضي البيضاء. وقالوا إن أسعار الأراضي الآن متضخمة بنسبة 70 في المئة، نتيجة اعتبارها من جانب الملاك وعاء استثماريا وليست أرضا للبناء.\nوطالب الدكتور رياض المصطفى الرئيس السابق للمجلس البلدي بالقطيف بضرورة التحرك لمعالجة أزمة السكن نظرا لعلاقتها بالمعادلة المعيشية للمواطنين، مشددا على ضرورة تعامل القطاعين العام والخاص مع هذه الأزمة.\nوذكر أن تقرير وزارة الإسكان قدر حجم الطلب على المساكن في المملكة حتى عام 2020 يبلغ 2.55 مليون وحدة سكنية، في الوقت الذي يقدر فيه الطلب السنوي على المساكن ما بين 200 ألف إلى 227 ألف وحدة سكنية، مبينا أن الفجوة بين العرض والطلب تقدر بنحو 530 ألف وحدة سكنية، بالإضافة إلى أن مضاعف سعر المسكن إلى معدل دخل الفرد السنوي يصل إلى 10 إلى 15 ضعفا، وهي نسبة عالية جدا وضعف مثيلتها في بريطانيا وأمريكا.\nوعزا أسباب انخفاض العرض وزيادة الطلب إلى ارتفاع عدد السكان وخصوصا الشباب منهم وتناقص الأسر المجمعة والتمركز قرب فرص العمل في المدن، وقلة مصادر التمويل العقاري وتغييب التشريعات والإجراءات وارتفاع أسعار البناء، بالإضافة إلى أن الأراضي أصبحت وعاء استثماريا في نظر الملاك وليست لأغراض البناء، وأن نسبة الأراضي البيضاء المملوكة الصالحة للسكن هو 70%. وقال إن هناك عوائق تخطيطية واجتماعية واقتصادية وأن المخطط الهيكلي أغفل العديد من المحددات، أهمها أن مناطق التوسعة المستقبلية شملت مساحات كبيرة من الأراضي الفضاء التي تدخل ضمن محجوزات أرامكو أو أراضي الواحة الزراعية التي كانت تحيط القطيف من جميع جهاتها، مشيرا إلى أن هناك بعض العوائق تتمثل في تأخر البلدية في تنمية بعض المخططات الحكومية وتعثر بعض مساهمات المخططات الأهلية، وتقليص الحدود الإدارية للمحافظة.\nوذكر الدكتور عبدالله بن أحمد المغلوث (عضو الجمعية السعودية للاقتصاد) أن الأسعار سجلت تضخما كبيرا تجاوز 70 % تقريبا، لافتا إلى أن دخول نظام الرسوم على الأراضي البيضاء حيز التنفيذ يمثل مدخلا أساسيا لتراجع المستويات السعرية المرتفعة حاليا، متوقعا أن يسهم نظام الرسوم على الأراضي في خفض الأراضي في السوق المحلية لنحو 50 %، بحيث تعود للمستويات المنطقية التي كانت سائدة قبل موجات الارتفاعات المتواصلة خلال السنوات القليلة الماضية، وبالتالي فإن تراجع الأسعار سيمثل خطوة أساسية لتكون في متناول المواطنين للشراء، ما يرفع هما كبيرا عن كاهل شرائح كبيرة من المواطنين في الحصول على قطعة أرض بسعر مناسب. ",
    "date_extracted": "2015-08-03 21:36:01"
}