{
    "url": "http://www.okaz.com.sa/new/Issues/20150731/Con20150731786524.htm",
    "title": "أمير مكة يناقش تدابير منع المتسللين في الحج",
    "author": " عكاظ (جدة)، سعاد الشمراني (الرياض)",
    "content": " ناقش صاحب السمو الملكي الأمير خالد الفيصل مستشار خادم الحرمين الشريفين أمير منطقة مكة المكرمة مع منسوبي القطاعات الأمنية أمس الأول، الخطط المستقبلية التي تعمل عليها الجهات الأمنية، المتزامنة مع قرب موسم الحج، والآليات المقترحة لمنع المتسللين من الدخول إلى المشاعر المقدسة عبر المنافذ البرية المؤدية إليها.\nوقدم سموه لدى ترؤسه في مكتبه بجدة أمس الأول الاجتماع الشهري للقيادات الأمنية بالمنطقة، الشكر والتقدير لمنسوبي القطاعات الأمنية كافة نظير الجهود المبذولة في الفترة الماضية، والهادفة لتحقيق أعلى درجات الأمن للمواطن والمقيم في المنطقة.\nمن جهتهم قدم مديرو القطاعات الأمنية، تقارير عن المنجزات خلال الفترة الماضية، إضافة إلى ما يجري تنفيذه ميدانيا في الفترة الحالية.\nمن جهة أخرى قال الأمير خالد الفيصل نائب رئيس مؤسسة الملك عبدالعزيز للموهبة والإبداع (موهبة)، أن الإنجازات التي يحققها أبناء وبنات الوطن من الموهوبين والموهوبات تصب في مسار تعزيز رصيد المملكة من رأس المال البشري والفكري المبدع والمؤهل، للمشاركة في النهضة التنموية الاستثنائية الشاملة التي تشهدها المملكة في عهد خادم الحرمين الشريفين الملك سلمان بن عبدالعزيز آل سعود -يحفظه الله-.\nوقال سموه خلال تعليقه على حصول الفريق السعودي على 4 ميداليات برونزية في الأولمبياد الدولي للكيمياء بدولة أذربيجان «تلك الإنجازات تؤكد أن الوطن غني بنماذجه المبدعة والمشرفة، القادرة بفضل من الله ثم بدعم القيادة على تحقيق الإنجازات في كل محفل دولي تشارك فيه المملكة، كما أنها تأتي امتدادا لرؤية خادم الحرمين الشريفين الملك عبدالله -رحمه الله- في بناء منظومة تدعم موهوبي الوطن وتنمي قدراتهم، الأمر الذي يعود على بلادنا بالتقدم في سبيل التحول إلى مجتمع المعرفة».\nونوه سموه بالتعاون المستمر والمثمر بين وزارة التعليم و(موهبة) لإتاحة الفرصة للموهوبين والموهوبات من أبناء الوطن للعطاء والإبداع، وتمثيل المملكة بشكل مشرف في الأولمبياد والمحافل الدولية، بما يعكس مكانة المملكة على خارطة العالم المعرفية، مقدما شكره للدكتور عزام الدخيل وزير التعليم على تعاونه وجهوده في دعم الطلبة. وحصد البرونزيات الأربع كل من: عمر بن فواز عرفات، سعد بن فهد البواردي، عبدالعزيز بن محمد العلي من تعليم الرياض، فاطمة بنت موسى بوخمسين من تعليم الشرقية. ",
    "date_extracted": "2015-07-31 12:21:54"
}