{
    "url": "http://www.okaz.com.sa/new/Issues/20150731/Con20150731786666.htm",
    "title": "أمير الرياض يوجه بعلاج مسنة «الجسم الغريب»",
    "author": " غازي المسعري (وادي الدواسر)",
    "content": " أصدر صاحب السمو الملكي الأمير فيصل بن بندر بن عبدالعزيز أمير منطقة الرياض، تعليماته بنقل مسنة إلى أحد المستشفيات المتخصصة في الرياض لعلاجها.\nوكانت الشؤون الصحية بمنطقة الرياض قد وجهت مستشفى وادي الدواسر العام بمتابعة حالة المريضة ووضعها على برنامج إحالة؛ لنقلها لأحد المستشفيات المتخصصة بالرياض، بعد إصابتها بمرض غريب، حيث ظهر جسم غريب بأسفل قدم المسنة منذ سنوات عدة، دون مقدرة الأطباء على تفسير سبب الحالة في مستشفيات المحافظة.\n ",
    "date_extracted": "2015-07-31 12:25:47"
}