{
    "url": "http://www.okaz.com.sa/new/Issues/20150802/Con20150802786976.htm",
    "title": "بورزاكو يدفع ببراءته في تحقيقات الفيفا",
    "author": " رويترز (نيويورك)",
    "content": " مثل الأرجنتيني اليخاندرو بورزاكو الرئيس السابق لشركة تسويق رياضي في الأرجنتين أمام محكمة اتحادية في بروكلين بنيويورك في إطار التحقيقات الأمريكية الجارية في مخالفات وتجاوزات مالية مزعومة تخص الاتحاد الدولي لكرة القدم (الفيفا). وأمام المحكمة أقر بورزاكو بأنه غير مذنب.\nوبورزاكو (51 عاما) الرئيس السابق لشركة تورنيوس كومبيتانسياس واحد من 14 مسؤولا سابقا وحاليا في الفيفا وجهت إليهم السلطات الأمريكية تهم الفساد.\nوكان بورزاكو سلم نفسه للسلطات في شمال ايطاليا في التاسع من يونيو الماضي قبل تسليمه إلى الولايات المتحدة.\nوسمحت المحكمة بالإفراج عن بورزاكو مقابل كفالة مالية قيمتها 20 مليون دولار مع وضع قيود على سفره ومراقبته الكترونيا. ورفض محامو بورزاكو في الولايات المتحدة والأرجنتين التعليق على التحقيقات.\nوبورزاكو واحد من بين تسعة مسؤولين كرويين وخمسة مسؤولين في شركات تسويق اتهمتهم وزارة العدل الأمريكية بالفساد.\nوبات بورزاكو ثالث مدعى عليه يمثل أمام القضاء الأمريكي بعدما ورد اسمه في لائحة الاتهام التي تم الإعلان عنها في 27 مايو الماضي.\nوسلمت السلطات السويسرية لنظيرتها الأمريكية في وقت سابق من الشهر الحالي جيفري ويب النائب السابق لرئيس الفيفا والرئيس السابق لاتحاد أمريكا الشمالية والوسطى والكاريبي (الكونكاكاف) وأقر بأنه غير مذنب.\n ",
    "date_extracted": "2015-08-02 23:44:13"
}