{
    "url": "http://www.okaz.com.sa/new/Issues/20150801/Con20150801786850.htm",
    "title": "وفاة 4 أشخاص في تحطم طائرة سعودية ببريطانيا",
    "author": " متابعة: إبراهيم شهاب (جدة)",
    "content": " نكأت حادثة الطائرة التي وقعت أمس وفيها عدد من أفراد أسرة ابن لادن، جراح هذه الأسرة بعد أن توفي عميدها الشيخ محمد عوض بلادن في حادثة طائرة بمنطقة عسير محافظة سراة عبيدة في مكان يدعى محيلية عام 1967، فيما توفي ابنه سالم في حادثة تحطم طائرة في العام 1988 بسان أنتونيو بولاية تكساس الأمريكية، ليتكرر المشهد بوفاة (3) من أفراد العائلة أمس بسبب سقوط طائرتهم في بريطانيا.\n وأعلن مكتب تحقيقات الطيران عن تحطم طائرة خاصة «تسجيل سعودي» في مطار بلاكبوش ببريطانيا عند الساعة 14:08 مساء أمس الجمعة.\n وقال المكتب في بيانه، إن التقرير الأولي يفيد بوجود 4 أشخاص على متن الطائرة، مبينا أنه سيعين ممثلا معتمدا لمساندة مكتب التحقيقات البريطاني للتحقيق في الحادثة.\n \n \n 3 متوفين من أسرة بن لادن\n \n علمت «عكاظ» من مصادرها أن المتوفين في حادث تحطم الطائرة السعودية الخاصة أمس في بريطانيا هم: والدة سعد بن لادن، وشقيقته سناء بن لادن، وزوجها زهير هاشم، وقائد الطائرة التي كانت تقلهم في بريطانيا«أمريكي من أصل أردني».\n من جهتها، نشرت صحيفة «ديلي ميل» البريطانية، صورا لاصطدام وتحطم الطائرة فوق مستودع لبيع السيارات بالقرب من مدينة فارنبورو في بريطانيا.\n وأوضحت الصحيفة، أن الطائرة الخاصة من طراز ليرجيت، اصطدمت بـ15 سيارة عند تجاوزها مدرج مطار «بلاكبوش».\n وفي ذات السياق، قالت خدمة الإسعاف، إن فريق الإطفاء هرع لإخماد الحريق وسط تواجد 7 سيارات إسعاف وهليكوبتر لنقل الضحايا.\n \n هيئة الطيران: بدء التحقيق للتعرف على أسباب سقوط الطائرة\n \n \n أصدرت هيئة الطيران المدني بيانا، البارحة أكدت فيه أن مكتب تحقيقات الطيران بالمملكة تلقى عند الساعة 18:02 أمس، بلاغا من مكتب تحقيقات حوادث الطيران البريطاني “AAIB” يفيد بوقوع حادثة تحطم طائرة خاصة من نوع امبراير 505 فانوم 300 والمسجلة بالمملكة العربية السعودية برقم HZIBN ، أثناء إقلاعها من مطار بلاكبوش بالمملكة المتحدة.\n وأوضح البيان أن المعلومات الأولية تفيد بوجود 3 مسافرين على متنها إضافة إلى قائدها، ونظرا لوقوع الحادثة على الأراضي البريطانية وبحسب اللوائح التنفيذية للمكتب، فقد عين المدير العام لمكتب تحقيقات الطيران الكابتن إبراهيم بن سلمان الكشي ممثلا معتمدا عن المكتب للعمل مع فريق التحقيق التابع لمكتب تحقيقات حوادث الطيران البريطاني (AAIB) لتوفير الدعم والمعلومات اللازمة لإجراءات التحقيق للتعرف على الأسباب التي أدت إلى الحادثة.\n من جهته، أفاد الكابتن إبراهيم بن سلمان الكشي، أن كامل صلاحية التحقيق في الحادثة هي من مسؤوليات مكتب تحقيقات الطيران البريطاني “AAIB”.\n إلى ذلك، تقدم مكتب تحقيقات الطيران بالمملكة، من خلال البيان، بأحر التعازي والمواساة لعوائل المفقودين في الحادثة، سائلا المولى أن يتغمدهم بواسع رحمته.\n \n الحادثة الثالثة \n من نوعها للأسرة\n \n تعتبر حادثة سقوط الطائرة التي كانت تقل بعض افراد عائلة ابن لادن البارحة بلندن هي الثالثة من نوعها للأسرة، حيث كانت الأولى في العام 1967م عندما توفي عميد الأسرة الشيخ المعلم محمد عوض بن لادن في حادثة تحطم طائرة كانت تقله في إحدى جولاته التفقدية لمشاريـع شركته الخاصة بمنطقة خميس مشيط.\n ولم يمضِ سوى 21 عاما من تاريخ الحادثة الأولى إلا فجعت الأسرة بحادثة مشابهة راح ضحيتها «سالم» محمد بن لادن «الابن الأكبر لعميد الأسرة»، وذلك عندما تحطت طائرته التي كان يقودها بنفسه في سان أنتونيو بولاية تكساس الأمريكية، بتاريخ 29 مايو 1988م وكان وقتها في العقد الرابع من عمره.\n وجاءت الحادثة الثالثة أمس بذات سيناريو سابقتيها، ولكن هذه المرة كان الرحيل لثلاثة من أفراد الأسرة، عندما تحطمت طائرتهم الخاصة من طراز إمبراير فينوم 300 بالقرب من فارنبورو، هامبشاير البريطانية وتحديدا بمطار بلاكبوش بلندن، وعلى متنها والدة سعد ومحمد بن لادن، وسناء بن لادن، وزوجها الدكتور زهير هاشم.\n \n عميد الأسرة مات في حادث خميس مشيط\n \n - ولد عميد أسرة بن لادن المعلم محمد بن عوض بن لادن في حضرموت باليمن العام 1908 م.\n - يعد أحد أبرز رجال الأعمال السعوديين في فترة ما بعد الطفرة النفطية، ومؤسس مجموعة بن لادن.\n - بدأ أعماله بالمملكة بميناء جدة في الثلاثينات من القرن الماضي.\n - انطلق في أعمال المقاولات وكلفت شركته بالقيام بعدة مشاريع مهمة وسرعان ما أصبحت أول شركة مقاولات في المملكة.\n - تزوج محمد بن لادن 22 مرة وأنجب أكثر من 55 ابنا.\n - توفي في منطقة خميس مشيط.\n \n .. وسالم توفي بسان أنتونيو\n \n - ولد سالم بن لادن في 4 يناير 1946م.\n - الإبن البكر لمحمد بن لادن مؤسس مجموعة ابن لادن.\n - تلقى تعليمه في ميلفيلد وتولى مسؤولية رب الأسرة بعد وفاة والده عام 1967.\n - امتلك سالم منزلا في أورلاندو بفلوريدا حيث كان غالبا ما يقضي عطلاته فيه.\n - توفي في سان أنتونيو بولاية تكساس الأمريكية، في سن 42 عاما. ",
    "date_extracted": "2015-08-01 15:55:10"
}