{
    "url": "http://www.okaz.com.sa/new/Issues/20150802/Con20150802786946.htm",
    "title": "تقدم للجيش الوطني جنوب تعز بغطاء التحالف الجوي",
    "author": " أحمد الشميري (صنعاء)",
    "content": " أكدت مصادر في قيادة الجيش الوطني في محافظة تعز لـ «عكاظ» السيطرة الكاملة على مديريتي مشرعة وحدنان بجبل صبر والتوجه لمحاصرة موقع العروس الاستراتيجي بعد السيطرة على موقع سد الفجرة المقابل له، معلنة عن سقوط أكثر من 145من ميليشيات الحوثي بين قتيل وجريح وأسر 11 آخرين.\nونوه المصدر بالدعم اللوجستي الكبير الذي تقدمه قوات التحالف العربي وتعمل على توفير غطاء جوي للمقاومة التي تزحف نحو آخر معاقل الحوثي في الجبهات الجنوبية لمحافظة تعز، مشيرا إلى أن هناك مفاجآت في الأيام القليلة القادمة.\nوأكد أن جميع الجبهات في تقدم كبير وهناك دعم لوجستي يقدم لجبهة جبل حبشي التي تخوض معارك في الجبهة الغربية وأخرى للجبهة الشرقة والشمالية، مبينا بأن خسائر المقاومة في تعز قليلة ولم تعد كما كانت في السابق نظرا للمستوى المتقدم من التأهيل والتسليح الذي يتمتع به الجيش الوطني. وفي محافظة مأرب شرق اليمن واصلت طائرات التحالف العربي في تقديم الدعم اللوجستي وضرب أهداف عسكرية للحوثي في منطقة الجفينة جنوب مأرب حيث لقي أكثر من 25 مسلحا حوثيا مصرعهم وجرح 15 آخرين، ودمرت مجموعة من الدبابات العسكرية والمدفعية. وأفاد مصدر في الجيش الوطني لـ «عكاظ» أن خسائر الحوثي في الجبهة الجنوبية لمحافظة مأرب كبيرة جدا وهناك تقدم لألوية الجيش في عدد من المحاور.\nبالمقابل، سيطرت المقاومة الشعبية على بعض المواقع للحوثيين في المنطقة الخضراء الواقعة بين محافظتي لحج وعدن وتقوم حاليا بتطهير بعض الأوكار وسط المدينة - بحسب مصادر ميدانية.\nوفي محافظة شبوة جنوب شرق اليمن أكدت مصادر ميدانية أن معارك عنيفة تدور في عدد من المواقع بمديرية بيحان بين الجيش الوطني وميليشيات الحوثي الانقلابية، مؤكدة مقتل العشرات من الحوثيين في تدمير بعض تعزيزاتهم، فيما تشهد جبهة أبين والضالع تقدما كبيرا وخسائر في صفوف الميليشيات الحوثية. ",
    "date_extracted": "2015-08-02 23:43:33"
}