{
    "url": "http://www.okaz.com.sa/new/Issues/20150802/Con20150802786975.htm",
    "title": "المدفعجية والبلوز يختبران جاهزيتهما بـ«درع المجتمع»",
    "author": " أ ف ب (لندن)",
    "content": " سيختبر ارسنال قدراته التنافسية على لقب الدوري الانكليزي لكرة القدم عندما يفتتح موسم 2015-2016 الرسمي بمواجهة جاره تشلسي بمباراة درع المجتمع اليوم الاحد على ملعب ويمبلي في لندن.\nفريق المدرب الفرنسي ارسين فينغر حقق نهاية موسم رائعة، اذ فاز في 20 مباراة من اصل 26 في مختلف المسابقات واحتفظ بلقب الكأس على حساب استون فيلا 4 -صفر، ما اهله خوض هذه المباراة امام تشلسي الذي احرز لقب الدوري عن جدارة.\nوتابع ارسنال مشواره التصاعدي خلال فترة الاستعدادات ففاز في مبارياته الاربع، والاهم من كل ذلك، توصله على ما يبدو الى حل لمشكلة حراسة المرمى بضمه العملاق التشيكي المخضرم بتر تشيك من تشلسي بالذات.\nويخوض ارسنال المسابقة للمرة الحادية والعشرين باحثا عن لقبه الرابع عشر بعد تتويجه العام الماضي على حساب مانشستر سيتي 3 -صفر، فيما احرز تشلسي اللقب اربع مرات اخرها في 2009 وذلك في 11 مشاركة.\n ",
    "date_extracted": "2015-08-02 23:44:12"
}