{
    "url": "http://www.okaz.com.sa/new/Issues/20150802/Con20150802786903.htm",
    "title": "إنسانية المستضيفين تتجلي في جوازات عسير",
    "author": " محمد طالبي (أبها)",
    "content": " يشهد مقر تصحيح أوضاع اليمنيين في جوازات منطقة عسير توافد العديد من المواطنين الراغبين في الاستضافة وفقا للأمر الملكي الكريم الذي يشترط وجود مستضيف سعودي. \nوقال عدد من المستضيفين «تواجدنا في جوازات عسير رغبة منا في الوقوف إلى جانب القيادة الرشيدة في دعم الأشقاء اليمنيين للتخفيف عنهم جراء الحرب التي أشعلتها الميليشيات الحوثية في بلادهم»، مشيرين إلى أن العديد من أبناء الجالية اليمنية قد يصعب عليهم إيجاد مستضيف سعودي حتى يتمكنوا من استخراج تأشيرة الزيارة الاستثنائية ومن ثم الحصول على عمل.\nوقال المواطن منيع الحارثي: طلب عدد من الأشقاء اليمنيين استضافتهم للحصول على تأشيرة الزيارة فما كان مني إلا الحضور إلى مقر الجوازات لاستضافة عدد منهم وتمكينهم من تصحيح أوضاعهم.\nكما تحدث من جانب الأشقاء اليمنيين نبيل العزي معبرا عن امتنانه وجميع أبناء الجالية اليمنية للقيادة والشعب السعودي على وقوفهم بجانبهم من خلال استضافتهم لهم حتى يتسنى لهم الحصول على تأشيرة الزيارة التي تخولهم البقاء في المملكة بصورة نظامية والحصول على فرصة عمل وفق نظام (أجير) بعيدا عن التخفي والانتقال من مكان إلى آخر هربا من العيون الساهرة.\n ",
    "date_extracted": "2015-08-02 23:43:18"
}