{
    "url": "http://www.okaz.com.sa/new/Issues/20150802/Con20150802787048.htm",
    "title": "مانشستر يستهدف 659 مليون مشجع",
    "author": "",
    "content": " أعلنت شركة أديداس عن تجديد تحالفها مع نادي مانشستر يونايتد، والكشف عن مجموعة الملابس الجديدة لموسم 2015، ويعتبر مانشستر يونايتد هو أحد أشهر وأنجح الأندية الرياضية حول العالم. ويستهدف أكثر من 659 مليون مشجع حول العالم في الترويج لملابسه الجديدة. ",
    "date_extracted": "2015-08-02 23:44:37"
}