{
    "url": "http://www.okaz.com.sa/new/Issues/20150802/Con20150802787052.htm",
    "title": "الوزير يعزي و«الأمنية» تحقق في غرق حارس مدرسة",
    "author": " عبدالعزيز المشيطي (القريات)",
    "content": " أجرى وزير التعليم الدكتور عزام الدخيل، مساء أمس، اتصالا هاتفيا بذوي الحارس عبدالله جزاع سالم الشراري الذي توفي ببركة الماء الموجودة داخل متوسطة حسان بن ثابت بمحافظة القريات لتعزيتهم ومواساتهم في مصابهم، متمنيا للفقيد الرحمة والمغفرة.\nمن جهة ثانية، تحقق الجهات الأمنية في أسباب وفاة حارس المدرسة علما بأن التحقيقات الأولية أشارت إلى أن الوفاة ناجمة عن غرق.\nوأوضحت إدارة التعليم بمحافظة القريات في بيان إعلامي أن غرفة عمليات الدفاع المدني تلقت بلاغا عن حادثة غرق في بركة المياه بمتوسطة حسان بن ثابت، وتبين أن المتوفى هو حارس المدرسة الذي يبلغ من العمر 40 عاما، حيث باشرت موقع الحادثة فرقة الأمن والسلامة بإدارة التعليم وأفراد من شرطة المحافظة وفرقة من الدفاع المدني التي قامت بانتشال الجثة ونقلها لمستشفى القريات العام، فيما بينت التحقيقات الأولية أن الوفاة ناجمة عن حادثة غرق حيث تم العثور على ملابس المتوفى بجانب البركة(مكان الحادثة)، إضافة إلى أن زوجة الحارس المتوفى التي تسكن معه بالمدرسة هي التي بادرت بإبلاغ أحد المواطنين الذي من جهته قام بإبلاغ الجهات الأمنية عن الحادثة.\n ",
    "date_extracted": "2015-08-02 23:45:09"
}