{
    "url": "http://www.okaz.com.sa/new/Issues/20150801/Con20150801786829.htm",
    "title": "ترحيب إلكتروني بضيوف «كفيف»",
    "author": " عكاظ (الرياض)",
    "content": " وزع مطار الملك خالد الدولي على شاشاته الداخلية عبارات ترحيبية بالوفود الآسيوية المشاركة في ورشة العمل التي تستضيفها جمعية المكفوفين الخيرية بمنطقة الرياض (كفيف) تحت شعار «التنمية والمقاربة الحقوقية لجمعيات المكفوفين».\nوأوضح مدير عام الجمعية محمد بن سليمان الشويمان، أنه سيتم تخصيص أشخاص على مهارة عالية للتعامل مع ضيوف الورشة المكفوفين من خلال استقبالهم عند سلم الطائرة ومن ثم إنهاء إجراءات دخولهم والمحافظة على الأدوات الخاصة بهم حتى تسليمهم لمندوبي الجمعية الذين سيقومون بنقلهم إلى مقر إقامتهم في فندق (ماريوت كورت يارد) الذي ستعقد به الورشة، مشيرا إلى طباعة نشرات تعريفية باللغتين العربية والإنجليزية في الطائرات بطريقة برايل للمعاقين بصريا، سيستفيد منها أعضاء الوفود الآسيوية. ",
    "date_extracted": "2015-08-01 15:58:47"
}