{
    "url": "http://www.okaz.com.sa/new/Issues/20150802/Con20150802787045.htm",
    "title": "قمصان تسبب أزمة في متجر الأهلي",
    "author": " جابر العميري (جدة)",
    "content": " تسابقت الجماهير الأهلاوية على اقتناء قمصان فريقها الجديدة، والتي تم طرحها أمس في متجر النادي، والذي اكتظ بالجماهير قبل ساعتين من فتح أبوابه، وخلال نصف ساعة نفدت الكمية التي طرحتها الشركة المسوقة، ما أجبر المسؤولين على الاعتذار لباقي المشجعين الذين لم يتمكنوا من اقتناء قميص النادي الذي دشن مؤخرا وتم طرحه أيضا عبر موقع البيع الإلكتروني.\n وميدانيا، اكتفى الجهاز الفني للفريق الكروي بحصة تدريبية خفيفة صباح أمس، وعقب ذلك فترة حرة للاعبين عقب المجهود الوافر الذي بذلوه في الإعداد والمباريات الودية خلال الفترة الماضية من المعسكر المقام حاليا في سويسرا، واستغل لاعبو الفريق الفترة الحرة بزيارة أهم معالم مدينة لوزان، ومن ضمنها المتحف الأولمبي، كما توجهت مجموعة من اللاعبين إلى مدينة جنيف التي تبعد قرابة الستين كيلومترا عن لوزان. ",
    "date_extracted": "2015-08-02 23:41:37"
}