{
    "url": "http://www.okaz.com.sa/new/Issues/20150803/Con20150803787147.htm",
    "title": "اللواء البلوي ينقل تعازي القيادة لذوي الشهيد المجيشي",
    "author": " صالح الشهري (بارق)",
    "content": " نقل مدير عام حرس الحدود اللواء عواد بن عيد البلوي، تعازي خادم الحرمين الشريفين الملك سلمان بن عبدالعزيز وسمو نائب خادم الحرمين الشريفين وسمو ولي ولي العهد، لذوي الشهيد العريف أحمد جعفر السباعي المجيشي أحد أفراد حرس الحدود بقطاع ظهران الجنوب والذي استشهد إثر إصابته بمقذوفات عسكرية من الأراضي اليمنية خلال تأديته واجبه ومهامه الوطنية مع زملائه. وثمن اللواء البلوي الدور البطولي الذي قدمه الشهيد في الحفاظ على أمن هذه البلاد من أيدي الحاقدين، معربا عن حزنهم لوفاة العريف المجيشي، مؤكدا في الوقت نفسه أنهم حريصون على متابعة أبناء ذوي الشهيد ومواساتهم والوقوف معهم دائما، داعيا العلي القدير أن يحفظ هذه البلاد من كل مكروه ويتغمد الشهيد بواسع رحمته.\nوعبر شقيق الشهيد محمد جعفر المجيشي عبر «عكاظ» عن عظيم شكره وتقديره للقيادة الرشيدة على مواساتهم في شقيقه الشهيد أحمد والوقوف إلى جانبهم، مؤكدا أن استشهاد شقيقه هو مصدر فخر واعتزاز لكل أفراد الأسرة وأقاربه، مشيرا إلى أنهم جميعا فداء للوطن. ",
    "date_extracted": "2015-08-03 20:27:26"
}