{
    "url": "http://www.okaz.com.sa/new/Issues/20150803/Con20150803787108.htm",
    "title": "الإمارات: إحالة متهمين بالانتماء لتنظيم إرهابي للقضاء",
    "author": " أ ف ب (أبو ظبي)",
    "content": " أعلنت السلطات الإماراتية أمس، أن النيابة العامة أحالت إلى القضاء 41 شخصا بتهمة الانتماء إلى تنظيم إرهابي من أجل الانقضاض على السلطة في الدولة. وأوضح النائب العام للدولة لوكالة الأنباء الإماراتية، أن هؤلاء الأشخاص من عدة جنسيات وبينهم إماراتيون، مشيرا إلى أنهم أنشأوا وأسسوا وأداروا جماعة إرهابية داخل الدولة تعتنق الفكر التكفيري الإرهابي المتطرف بغية القيام بأعمال إرهابية داخل أراضيها وتعريض أمنها وسلامتها وحياة الأفراد فيها للخطر. وأضاف سالم سعيد كبيش، أن الإرهابيين كانوا يهدفون إلى الانقضاض على السلطة في الدولة لإقامة دولة خلافة مزعومة على نحو يتفق وأفكارهم ومعتقداتهم التكفيرية المتطرفة. وتابع: إن المتهمين بالانتماء إلى مجموعة شباب المنارة، قاموا لتنفيذ أهدافهم وأعمالهم الإرهابية بإعداد الأسلحة النارية والذخائر والمواد التفجيرية اللازمة بأموال جمعوها لهذا الغرض والتواصل مع منظمات وجماعات إرهابية خارجية وأمدوها باللازم من الأموال والأشخاص للاستعانة بهم في تحقيق أهدافهم وأغراضهم داخل الدولة. ",
    "date_extracted": "2015-08-03 20:27:02"
}