{
    "url": "http://www.okaz.com.sa/new/Issues/20150802/Con20150802786889.htm",
    "title": "الأولوية للتخصص في التكليف بالإرشاد الطلابي",
    "author": " عكاظ (الرياض)",
    "content": " أكدت وزارة التعليم على اعتماد أولوية التخصص عند تكليف المعلمين والمعلمات بالعمل الإرشادي.\n\nوأبانت الوزارة في تعميم وجهته لإدارات التعليم، ضرورة التقيد بما ورد في ضوابط تكليف شاغلي الوظائف التعليمية التي تؤكد أهمية التخصص، وأن تكون أولوية الترشيح أولاً للحاصلين على الدرجة الجامعة (بكالوريوس) في أحد التخصصات التربوية في مجال الدراسات النفسية أو الاجتماعية (علم النفس-الخدمة الاجتماعية - علم الاجتماع) فيما يأتي بعدها في الأولوية الحاصلون على الدرجة الجامعية (بكالوريوس) في أحد التخصصات غير التربوية في مجال الدراسات النفسية أو الاجتماعية (علم النفس- الخدمة الاجتماعية - علم الاجتماع) ، وفي حال تعذر توفر هذه التخصصات يتم الترشيح للحاصلين على دبلوم الدرجة الجامعية في التوجيه والإرشاد مدته عام. ",
    "date_extracted": "2015-08-02 23:41:27"
}