{
    "url": "http://www.okaz.com.sa/new/Issues/20150731/Con20150731786530.htm",
    "title": "المملكة تشارك في المخيم الكشفي العالمي",
    "author": " واس (ياماغوتشي)",
    "content": " تشارك جمعية الكشافة العربية السعودية ضمن أكثر من 33 ألف مشارك يمثلون 160 جمعية كشفية وطنية حول العالم، في المخيم الكشفي العالمي الـ23 الذي تستضيفه اليابان وانطلقت أعماله البارحة الأولى بعنوان «روح الوحدة» ويستمر حتى الأربعاء المقبل.\nوشهد حفل افتتاح المخيم الأمين العام للمنظمة الكشفية العالمية تيري سكوت، ورئيس اللجنة الكشفية العالمية جواو أرماندو، ومديرو الاقاليم الكشفية، ومن المملكة نائب رئيس الجمعية الدكتور عبدالله الفهد، وعدد من الشخصيات الكشفية والمجتمعية من الدولة المستضيفة. ",
    "date_extracted": "2015-07-31 12:22:32"
}