{
    "url": "http://www.okaz.com.sa/new/Issues/20150731/Con20150731786647.htm",
    "title": "ارتطام يصرع ويصيب 50 عمانياً في خريص",
    "author": " عبدالعزيز السلمان (الأحساء) فليح ملاك (رفحاء) محمد الموزن (طريف)، عبدالله سيف (بيشة)",
    "content": " توفي 9 أشخاص وأصيب 41 آخرون إثر حادث مروري بين شاحنة وباص يقل أفرادا من الجنسية العمانية وذلك علی بعد ١٢٠ كم من الأحساء بالقرب من هجرة خريص.\nوأكدت صحة الأحساء أن إدارة الطوارئ والأزمات اعتمدت (24) فرقة طبية لمشاركة الجهات الحكومية المختصة في التعامل مع الحدث، مبينة أنه حسب الإحصائية التي سجلت بصحة الأحساء فإن عدد المتوفين بلغ 9 أشخاص، و39 حالة إصابة ما زالوا يتلقون العلاج والرعاية الصحية بمستشفيات المحافظة، وحالتين تم نقلهما إلى منطقة الرياض بالإسعاف الجوي بواسطة هيئة الهلال الأحمر.\nوأوضح المتحدث الرسمي لهيئة الهلال الأحمر بالمنطقة الشرقية فهد الغامدي، أن المصابين تم اسعافهم لمستشفى الأحساء ومستشفى الموسى ومركز صحي خريص بعد تقديم الخدمات الطبية الإسعافية لهم.\nإلى ذلك، توفي شخص وأصيب 4 من عائلة إثر حادث انقلاب على طريق عرعر/سكاكا، حيث تم نقل 3 أشخاص إلى مستشفى عرعر المركزي فيما نقلت حالة واحدة عن طريق الجمهور قبل وصول فرق الهلال الأحمر.\nمن جانب آخر، أصيب خمسيني وزوجته بإصابات متفاوتة إثر ارتطام مركبتهم بعامود كهرباء على طريق مطار عرعر.\nوأوضح المتحدث الرسمي للإدارة العامة لهيئة الهلال الأحمر بمنطقة الحدود الشمالية مساعد غالي، أنه تم توجيه فرق إسعافية للموقع وتبين وجود حالة احتجاز للمرأة داخل المركبة استدعى تدخل الدفاع المدني لفكه، فيما أصيب القائد بإصابات متفرقة. وتم تقديم الخدمات الإسعافية اللازمة للمصابين ونقلهم إلى مستشفى الأمير عبدالعزيز بن مساعد.\nفي شأن متصل، توفي 4 أشخاص وأصيب 5 آخرون، بينهم امرأتان وطفل، وإصابة شخصين مرافقين بإصابات متفاوتة أمس، إثر حادث مروري بين مركبتين على طريق بيشة ــ خميس مشيط بالقرب من مركز خيبر الجنوب.\nوكانت فرق الدفاع المدني بوادي بن هشبل تمكنت من استخراج المحتجزين من بين أكوام الحديد، وجرى نقلهم إلى مركز صحي خاص في خيبر الجنوب عن طريق المواطنين للعلاج، قبل تحويلهم إلى مستشفى المدني بخميس مشيط بواسطة سيارات الهلال الأحمر في مركزي صمخ ووادي بن هشبل، فيما تم نقل جثث المتوفين إلى ثلاجة الموتى. ",
    "date_extracted": "2015-07-31 12:22:50"
}