{
    "url": "http://www.okaz.com.sa/new/Issues/20150802/Con20150802786984.htm",
    "title": "شباب طيبة: محصنون من دعاة الضلال بالكتاب والسنة",
    "author": " سلطان الميموني (المدينة المنورة)",
    "content": " أجمع عدد من الشباب على أن الأفكار الضلالية الهدامة لن تجد طريقها إلى عقولهم التي ينيرها كتاب الله وسنة رسوله، مؤكدين على أن الوطن فوق كل اعتبار وخط أحمر ولن يبيعه أبناؤه من أجل دعاة على أبواب جهنم.\nفي البداية قال تركي رباح «أحصن نفسي من دعاة الضلال باتباع ما جاء بالكتاب والسنة وبالبعد عن مواقع الشبهات وعن مصاحبة أهل الفكر غير السوي، ولن أسلم عقلي لغيري أبدا ولن أكون ساذجا لأفعل ذلك وأمكن الأعداء من نفسي ومن وطني، ولن أكون مطية لأفكارهم الضالة والهدامة وأترك ما حثني عليه ديني وتعلمته من كتاب الله وسنة رسوله، ولن أصبح باختصار كالحمار يحمل أسفارا فالله تعالى قد أعطاني العقل لأميز بين الحق والباطل، وما هم عليه هؤلاء الحاقدون باطل ولن أسير معهم في هذا الطريق».\nويضيف خالد المطيري «ديننا دين الوسطية والاعتدال وكل ما يتعلق بالأوامر والنواهي أوضحه الله تعالى في كتابه الكريم وفسرته السنة المطهرة فلماذا أبحث عن مصادر غيرهما»، ويضيف «لن أقع فريسة للمواقع المشبوهة التي تعج بها وسائل التواصل الاجتماعي ويدعو أربابها الضالون إلى البعد عن الدين بستار الدين ويحرضون على الوطن وعلى أبنائه ويكفرون الناس ليستبيحوا دمائهم، فليذهب أولئك الدعاة إلى جهنم وبئس المصير».\nويزيد ماجد سيف «في زمن الفتن يجب أن يبتعد الجميع وخاصة الشباب عن مواقع الترويج لها ويكون ذلك بالبعد عن مواقعها وعن وسائل التواصل التي تروج لها، ويجب علينا جميعا أن نرجع إلى أهل العلم من العلماء الربانيين لنأخذ منهم الفتوى في كل ما يمكن أن يسربه هؤلاء الضالون باسم الدين حتى يعرف الجميع الحق ويتبعوه ويبتعدوا عن مواطن الشبهات».\nوتابع حمد دخيل «يجب ألا نترك المجال مفتوحا لهؤلاء المرتزقة من دعاة الضلال للتأثير على الأجيال، وخاصة من هم في سن المراهقة لأنهم الأسرع تأثرا من غيرهم، لهذا يجب على الأسر مراقبة تصرفات أبنائها بكل دقة وحزم وعدم ترك المجال لهم للانزلاق في مستنقع المضللين، كما يجب مراقبة أجهزتهم وحساباتهم الشخصية في وسائل التواصل الاجتماعي بشكل مستمر والتأكد منها ومن الأشخاص الذين يتواصلون معهم خوفا من أن يكونوا من هؤلاء الشرذمة الفاسدة». ",
    "date_extracted": "2015-08-02 23:44:43"
}