{
    "url": "http://www.okaz.com.sa/new/Issues/20150801/Con20150801786808.htm",
    "title": "الميدا يقنع الشقردية",
    "author": " عبدالرحمن حجاب (الرياض)",
    "content": " بعث البرازيلي إلتون الميدا رسالة اطمئنان إلى أنصار الفريق الهلالي، بعد المستوى والأداء الجيد الذي ظهر عليه في المباراتين الوديتين التي خاضها الفريق الهلالي حتى الآن في معسكره الإعدادي المقام في النمسا، وحظي بإشادات واسعة عبر موقع التواصل الاجتماعي (تويتر)، إذ أبدت الجماهير ارتياحها لأداء اللاعب، وأكدت بأنه مطمئن بناء على حماسه وأدائه الذي يقدمه مع الفريق وأنه سيكون له شأن آخر في الهجوم.\nوأثنت على سرعة تجانسه مع المجموعة بعد أن أعطى لمحات وبوادر جيدة تشير إلى إمكانية نجاحه وقيادته للهجوم الهلالي بشكل مميز.\nوطالبت مدرب الفريق دونيس بأن يلعب في مباراة العين القادمة بالتشكلية الاساسية التي سيدخل بها مباراة السوبر لتحقيق الانسجام بين العناصر، والتي تعد مطلبا مهما قبل موقعة لندن كونه لم يتبق على المواجهة سوى أيام قليلة، والفريق بحاجة إلى مزيد من التأقلم والتجانس. ",
    "date_extracted": "2015-08-01 15:56:36"
}