{
    "url": "http://www.okaz.com.sa/new/Issues/20150801/Con20150801786784.htm",
    "title": "نعمل على رصد التدمير في البنية التحتية وتسريع الإغاثة",
    "author": " أحمد الشميري (صنعاء)",
    "content": " كشف وزير الإدارة المحلية رئيس لجنة الإغاثة في الحكومة اليمنية عبدالرقيب سيف الأسودي أن الحكومة ولجنة الإغاثة تعكف حاليا على إعداد برنامج إغاثة شامل لكل الشعب اليمني، مشيدا بمواقف دول الخليج وعلى راسهم المملكة تجاه الشعب اليمني.\nوقال الأسودي في تصريحات لـ«عكاظ»: نعد برنامجا إغاثيا لكل الجمهورية، سنعمل على إعادة البنية التحتية إضافة إلى أعمال الإغاثة المستمرة»، مشيرا إلى أن «الحوثي استخدم معدات لتهديم البنى التحتية وممتلكات الأهالي في تعز منفذا نفس المخطط السوري لتدمير المدينة».\nوأوضح أن العمل جار في إعادة تأهيل مطار عدن الدولي بغية استكمال التحضيرات النهاية لجعلها مدينة إغاثة لكل أبناء اليمن دون استثناء، مبينا أنه تم تركيب البرج المتنقل بنجاح في مطار عدن الدولي.\nوكشف المسؤول اليمني أن المطار سيستقبل خلال الأسبوع الجاري أولى الرحلات لطائرات مدنية حيث سيكون جاهزا لتلك المهمة، معربا عن تقدير الشعب اليمني للمملكة على الاستجابة الإنسانية وعلى رأسهم خادم الحرمين الشريفين الذي كان السباق في تقديم يد العون للشعب اليمني عبر تسيير قوافل إلى اليمن من قبل مركز الملك سلمان للإغاثة الإنسانية.\nوأضاف: «هناك 21 مليون يمني بحاجة لإغاثة وفقا لتقارير الأمم المتحدة، 9 ملايين بحاجة لرعاية صحية متكاملة»، موضحا أن العديد من الطائرات الإغاثية وصلت عدن وبعضها في الطريق وهناك باخرة تابعة لمركز الأمير سلمان تحمل 3300 طن رست في ميناء عدن وهناك توجه لجسر بري وبحري لجعل عدن مركز إغاثة مستمرا.\nوعن موعد عودة الحكومة والبعثات الدبلوماسية إلى عدن قال: «نعمل لاستكمال التحضيرات الأمنية كي تصبح عدن مستقرة بشكل كامل حاليا لتعود بعدها الحكومة إلى عدن وبعدها يمكن أن تعود البعثات الدبلوماسية الخليجية»، مؤكدا أن عودة البعثات الدبلوماسية مرتبطة باستكمال التحضيرات الأمنية الكاملة.\nوقال: نحن نتطلع إلى إيجاد بيئة آمنة كي تعود الحكومة بكاملها وعندما نتلمس ذلك سندعو كافة دول الخليج للعودة، مشيرا إلى أن الجيش وبدعم من المقاومة يحقق انتصارات كبيرة في عدن ولحج والضالع وتعز وهناك تراجع للقوى الانقلابية.\n ",
    "date_extracted": "2015-08-01 16:02:11"
}