{
    "url": "http://www.okaz.com.sa/new/Issues/20150731/Con20150731786526.htm",
    "title": "وزيرا العمل والعدل يبحثان الحراك التطويري للقضاء العمالي",
    "author": " واس (الرياض)",
    "content": " التقى وزير العمل الدكتور مفرج بن سعد الحقباني أمس، وزير العدل الدكتور وليد بن محمد الصمعاني في مقر وزارة العمل بالرياض، وذلك استكمالا للحراك التطويري بين الجانبين تمهيدا لانتقال جميع هيئات تسوية الخلافات العمالية من وزارة العمل إلى وزارة العدل.\nوجرى خلال اللقاء بحضور عدد من المسؤولين في الوزارتين ورؤساء وأعضاء دوائر الهيئة العليا ورؤساء الهيئات الابتدائية لتسوية الخلافات العمالية، استعراض آخر المستجدات الخاصة بآلية انتقال الهيئات العمالية لوزارة العدل وتحويلها إلى محاكم عمالية والخطة الزمنية لذلك، وآلية نقل الأعضاء والموظفين، وبحث الجوانب الإدارية والقانونية واللوجستية لعملية الانتقال.\nوقدم مستشار وزير العمل المشرف العام على الإدارة العامة لهيئات تسوية الخلافات العمالية رئيس الهيئة العليا لتسوية الخلافات العمالية الدكتور عبدالله العبداللطيف، أثناء الاجتماع، عرضا تضمن المشاريع التي نفذتها وزارة العمل لتطوير الهيئات وأبرز نتائج مؤشرات قياس الأداء بعد تنفيذ هذه المشاريع، كما تضمن العرض أبرز التوصيات لضمان انتقال سلس لهيئات تسوية الخلافات العمالية إلى وزارة العدل.\nوفي نهاية اللقاء أجاب وزيرا العمل والعدل، خلال النقاش المفتوح، على استفسارات أعضاء الهيئات العمالية عن آلية الانتقال ومراحله. ",
    "date_extracted": "2015-07-31 12:22:26"
}