{
    "url": "http://www.okaz.com.sa/new/Issues/20150731/Con20150731786600.htm",
    "title": "الحوثيون استهدفوا المدنيين في عدن",
    "author": " أ. ف. ب (دبي)",
    "content": " دانت منظمة هيومن رايتس ووتش، أمس، قصف المتمردين في اليمن لمناطق سكنية في مدينة عدن جنوب اليمن دون مراعاة للسكان المدنيين.\nوجاء، في بيان لأولي سولفانغ مسؤول حالات الطوارئ لدى هيومن رايتس ووتش: «أمطرت القوات الموالية للحوثيين مناطق مأهولة من عدن بقذائف الهاون والصواريخ، دون أن تبدي التفاتا إلى المدنيين الباقين هناك».\nوأشار بيان المنظمة إلى أنه في «أكثر الهجمات دموية، قتلت نيران الهاون في منطقة دار سعد في 19 يوليو (تموز) عشرات من المدنيين بينهم أطفال».\nوأوضحت المنظمة أنها زارت أربع مناطق في عدن استهدف فيها مدنيون، ووجدت فيها آثار انفجارات ناتجة عن مدافع الهاون وصواريخ.\nوأضاف سولفانغ أنه «على قادة الحوثيين أن يدركوا أنهم قد يواجهون المحاكمة على جرائم الحرب للأمر بهجمات الصواريخ العشوائية على الأحياء المدنية، أو مجرد الإشراف عليها». ",
    "date_extracted": "2015-07-31 12:21:07"
}