{
    "url": "http://www.okaz.com.sa/new/Issues/20150801/Con20150801786835.htm",
    "title": "صناعية أبها عشوائية .. تشوه جمالها",
    "author": " عبدالله القحطاني (أبها)",
    "content": " على الرغم من العديد من المشاريع التي أعلنتها أمانة منطقة عسير في أبها من مرافق خدمية وحدائق عامة للاهتمام بعروس الجنوب ومدينة الضباب كواجهة سياحية هامة.. إلا أنها لم تول صناعية أبها أيا من هذه المشاريع والميزانيات فيما يخص نقلها إلى موقع آخر كون موقعها الحالي في مدخل المدينة يشكل منظرا عشوائيا من خلال تراكم السيارات الخربة ومحتويات المحلات الأخرى.\nوكون أن هذا الموقع المخصص للصناعية يتوسط المدينة وتحاصره عدة مرافق هامة فقد آن الأوان أن يتم النقل لكافة جوانب الصناعية إلى موقع بعيد خارج النطاق السكاني والخدمي.. ويبقى السؤال هل من مشروع أو دراسة أو خطط لأمانة عسير مستقبلية لنقل هذه الصناعية العشوائية الضيقة والمعلقة ورشها في اتجاهات متفرقة، فإذا كان لها ذلك فنأمل الإسراع في تنفيذه، فأبها عروس ولا بد أن تبقى ملتقى السياح وعشاق الطبيعة الساحرة. ",
    "date_extracted": "2015-08-01 20:29:18"
}