{
    "url": "http://www.okaz.com.sa/new/Issues/20150801/Con20150801786804.htm",
    "title": "الحصان المصغر بدل الكلب للكفيفين",
    "author": " بشرى فيصل السباعي",
    "content": " نقلت وكالة أنباء «الاسوشيتد برس» خبرا عن فتاة مراهقة مسلمة محجبة كفيفة البصر تعيش في أمريكا أرادت الاعتماد على نفسها في تنقلاتها بين المدرسة والبيت ومراعاة لتحفظات والديها على استخدام كلب مدرب على إرشاد كفيفي البصر تم توفير حصان مصغر- Miniature horse لها يقودوها في تنقلها عبر وسائل المواصلات والشوارع المزدحمة لوحدها وحتى في مدرستها، فالأحصنة المصغرة والكلاب هما نوعا الحيوانات الوحيدان المجازان رسميا تحت «قانون المعاقين الامريكيين الفدرالي» (ADA) كحيوانات مدربة لمساعدة أصحاب الاعاقات الجسدية المختلفة وبالذات إرشاد كفيفي البصر وحسب الدراسات فالأحصنة المصغرة تتفوق على الكلاب من حيث طبيعتها الهادئة الطيعة وطول عمرها فهي تعيش ضعف عمر الكلب وقد تعيش لحوالى 40 سنة وتتمتع بذكاء وبحواس حادة لا تقل عن تلك التي للكلب، كما أن الأحصنة لا تستثار بسهولة كما الكلاب ولهذا هي أكثر أمانا خاصة في محيط الاطفال، لكن استخدام الأحصنة المصغرة لم ينتشر في الغرب لسبب أن الغربيين متعودون على استئناس الكلاب، لكن من يجرب الأحصنة المصغرة يفضلها على الكلاب، وتوجد في الغرب مؤسسات متخصصة في تدريب الأحصنة المصغرة على مساعدة أصحاب الإعاقات وكفيفي البصر وأيضا كمؤنس نفسي ومساعد لكبار السن والمرضى طريحي الفراش والمقعدين والاطفال الصغار بخاصة المنومين في المستشفيات بسبب أمراض خطيرة، ففي الغرب هناك جمعيات خيرية متخصصة في جلب الحيوانات للمرضى بالمستشفيات لأنه ثبت أنها تساعد في تحسن حالتهم النفسية والمعنوية وبخاصة الاطفال، وحجم الحصان المصغر قد يكون أصغر من حجم طفل في الرابعة وأصغر الأحصنة المصغرة يبلغ حجمه 14 انشاً، وبما أن المسلمين يجدون حرجا في استعمال الكلاب المدربة فالأحصنة المصغرة هي الحل والحصان قريب نفسيا من الانسان العربي ولهذا لن تكون هناك صعوبة في استئناس الأحصنة المصغرة كحيوانات منزلية وليس فقط لمساعدة أصحاب الاحتياجات الخاصة، وشكلها بالتأكيد أكثر جمالا وظرفا من أي كلب، مع العلم أن هناك فارقا بين الأحصنة المصغرة التي طبيعتها الاصلية أنها بهذا الحجم وبين الأحصنة المصابة بمرض القزمة الجيني والتي هي أحصنة في أصلها من فصائل الأحصنة الكبيرة لكنها مصابة بمرض القزمة الذي يجعلها لا تنمو وتكبر بشكل طبيعي لتصل للحجم الطبيعي كما هو الحال بالنسبة للبشر المصابين بمرض القزمة، والخيول القزمة لا تدخل ضمن تصنيف أحصنة خدمة أصحاب الاحتياجات الخاصة فهي غالبا تعاني من مشكلات صحية مزمنة بسبب قزمتها، وتوجد الأحصنة المصغرة بشكل طبيعي في أمريكا و أوروبا.. ",
    "date_extracted": "2015-08-01 16:01:17"
}