{
    "url": "http://www.okaz.com.sa/new/Issues/20150731/Con20150731786701.htm",
    "title": "عاصفة الحزم صفعة مدوية للمتمردين",
    "author": " واس (الرياض)",
    "content": " نوه رئيس هيئة الأركان العامة في اليمن اللواء محمد المقدشي بالدور المحوري الذي أسهمت به دول التحالف العربي بقيادة المملكة، في إعادة الأمل للشعب اليمني وإمكانية الخلاص من الانقلابيين واستعادة مسار الاستقرار المنشود، مؤكدا أن عاصفة الحزم قلبت الموازين ومثلت صفعة مدوية للانقلابيين.\nوأكد اللواء المقدشي في تصريح صحفي بثته وكالة الأنباء اليمنية الرسمية أمس أن المقاومة الشعبية المسلحة والقوات الموالية للشرعية الدستورية في طريقها إلى تحقيق الحسم العسكري، وهو ما سيقلب المعادلة القائمة في البلاد.\nوأبان بأن المقاومة على وشك تحقيق الحسم في محافظة لحج، جنوب البلاد، واستعادة السيطرة على قاعدة العند العسكرية، لافتا الانتباه إلى أن نهاية المليشيات المتمردة باتت وشيكة.\nوجدد رئيس هيئة الأركان، التأكيد بإحكام المقاومة والجيش الوطني، السيطرة على مديريات عدن كافة.. مشيرا إلى أن الجيوب المتبقية للمتمردين في مديريات عدن صغيرة ولا تمثل تهديدا، وأن الانقلابيين يتعرضون لعملية استنزاف يومية جراء ضراوة المقاومة الشعبية في كل محافظات الضالع ومأرب وتعـز..\nولفت المسؤول اليمني، الانتباه إلى أن تحرير العاصمة صنعاء من سيطرة المليشيات المتمردة يعد من أولويات القوات المؤيدة للشرعية الدستورية، وأن استعادتها من قبضة الانقلابيين سيتم قريبا.. ",
    "date_extracted": "2015-07-31 12:24:27"
}