{
    "url": "http://www.okaz.com.sa/new/Issues/20150731/Con20150731786654.htm",
    "title": "حفريات الجاسر صداع لأهالي الرحاب",
    "author": "",
    "content": " لم يعد شارع حمد الجاسر في الرحاب هادئا كما كان، حيث اعتاد السكان على تقبل حفريات الشارع والمياه الآسنة المتسربة من غرف التفتيش الصحية لعدم اكتظاظ الطريق بالمركبات، ولكن اليوم أصبح الوضع لا يطاق بالنسبة لأهالي الحي والمستفيدين من ذلك الشارع، حيث أصبح نشطا جدا نهارا بسبب المراجعين لجوازات منطقة مكة المكرمة والتي تقع على الشارع وأصبحت الحفريات التي تخلفها بعض شركات الخدمات تشكل أزمة حقيقية للسكان والمارين على امتداد ذلك الشارع.\nعبدالرحمن المطيري يقول ولدت في هذا الحي وترعرعت فيه و لا أكره أن يتم تطوير الحي القديم ولكن بعض الشركات لا تعمل كما ينبغي وأعتقد أن هذا الأمر يعود إلى عدم الرقابة من قبل الجهات المعنية .. فعلي سبيل المثال أصبح منظر الحفريات والمياه الآسنة في تقاطع التظامن العربي مع حمد الجاسر مألوفا ولكن المشكلة تكمن في المركبات التي تزيد واقع الحفريات في فترة الظهيرة.\nأما عبيد العتيبي فأشار إلى أنه بالرغم من الشكاوى المقدمة من أبناء الحي إلا أن الشركات دائما ما تقوم بعمل مؤقت وليس هناك حل دائم للمشكلة لذلك فقدنا الأمل واعتدنا على الوضع.\nعمرو سلام (جدة)\n ",
    "date_extracted": "2015-07-31 12:21:08"
}