{
    "url": "http://www.okaz.com.sa/new/Issues/20150801/Con20150801786719.htm",
    "title": "كلمة التوحيد تتصدر الأعلام في مخيم عالمي",
    "author": " واس (ياماجوتشي)",
    "content": " تقدم علم المملكة 144 علما وطنيا للدول المشاركة في المخيم الكشفي العالمي الـ23 الذي تستضيفه اليابان بمشاركة أكثر من 33 ألف كشاف، حيث جاء في مقدمة السواري التي تضمنت بالإضافة الى أعلام الدول المشاركة علم المنظمة الكشفية العالمية، وعلم المخيم، وأعلام المكاتب الاقليمية.\nوجاء تقديم علم المملكة تنفيذا لتقاليد العلم الوطني التي منها أن يتقدم الأعلام الوطنية احتراما وإجلالا لكلمة التوحيد.\nوقد أهتم الوفد السعودي بتواجد العلم الوطني في أكثر من مكان بالمخيم حيث رفع فريق الخدمة السعودي الدولي العلم في مقر تخييمهم على ارتفاع يصل الى عشرة أمتار، كما رفع على سارية بارتفاع سبعة أمتار بجوار بيت الشعر العربي الذي أقامته الجمعية ضمن مناشطها ويتوسطه علم وطني كبير.\nمن جهة أخرى خصصت جمعية الكشافة العربية السعودية جناحا لتعليم حروف اللغة العربية في قرية التنمية (gdv) ضمن مشاركتها في المخيم الكشفي العالمي الـ23 المقام في مدينة ياماجوتشي اليابانية تحت شعار «الوحدة الكشفية».\nوجندت الجمعية للتعليم في الجناح عددا من القيادات الكشفية المتخصصين في اللغة العربية.\nولقي الجناح منذ بداية افتتاحه أمس إقبالا من المشاركين خاصة من الدول الأوروبية والشرق آسيوية الذين يحرصون على إتقانها قبل انتهاء المخيم مطلع الأسبوع المقبل وحصولهم على نقاط مشاركة تخولهم للحصول على وسام المخيم. ",
    "date_extracted": "2015-08-01 15:55:30"
}