{
    "url": "http://www.okaz.com.sa/new/Issues/20150803/Con20150803787071.htm",
    "title": "تشكيل لجنة الفصل في الطعون والمخالفات الانتخابية بالمدينة",
    "author": " عبدالهادي الصويان (المدينة المنورة)",
    "content": " أصدر وزير الشؤون البلدية والقروية المهندس عبداللطيف بن عبدالملك آل الشيخ قرارا يقضي بتشكيل لجنة تعنى بالفصل في الطعون والمخالفات الانتخابية بمنطقة المدينة المنورة، برئاسة الدكتور مصطفى بن كرامة الله مخدوم وعضوية الدكتور فواز بن خلف المطيري والدكتور يوسف بن صالح الحديثي.\nوتختص اللجنة بالنظر في المخالفات الانتخابية والطعون التي تقدم ضد قرارات اللجان الانتخابية والتحقق منها في حدود اختصاصها المكاني والبت فيها وفقا لنظام المجالس البلدية واللوائح الصادرة تنفيذا لها حيث تبدأ اللجنة ممارسة أعمالها مع بداية قيد الناخبين وفقا للبرنامج الزمني للانتخابات وتنتهي أعمالها بمباشرة جميع المجالس البلدية في نطاق اختصاصها.\nويتضمن القرار توفير جهاز إداري مساند يتولى الأعمال الإدارية حيث تعد اللجنة تقريرا عن أعمالها وما يظهر لها من ملحوظات أو مقترحات عند انتهاء مهمتها والرفع لوزير الشؤون البلدية والقروية.\nإلى ذلك عقدت أمانة منطقة المدينة المنورة مساء أمس أول لقاءاتها مع المواطنين للتعريف بالانتخابات البلدية، وذلك في بلدية قباء بحضور أمين منطقة المدينة المنورة الدكتور خالد بن عبدالقادر طاهر، فيما سيعقد اليوم اللقاء الثاني في بلدية العيون، وغدا في بلدية العوالي، ويوم الأربعاء في الحي التراثي المديني بحديقة الملك فهد للمواطنين في نطاق بلديات البيداء، أحد، العقيق، العاقول، الفريش، الصويدرة، وأبيار الماشي. ",
    "date_extracted": "2015-08-03 20:29:08"
}