{
    "url": "http://www.okaz.com.sa/new/Issues/20150802/Con20150802786925.htm",
    "title": "10 % نمو فرص العمل في سياحة المملكة سنويا",
    "author": " سعاد الشمراني (الرياض)",
    "content": " أوضح تقرير صادر عن الهيئة العامة للسياحة والتراث الوطني أن معدل نمو فرص العمل في القطاع السياحي بالمملكة بين الفترة (2010-2020م) يقدر بـ(10%) سنويا مقارنة بمعدلات النمو العالمي لنفس الفترة التي قدرت بـ(2.5%) سنويا. وأشار التقرير إلى أنه من المتوقع أن تبلغ فرص العمل في قطاع السياحة بالمملكة (1.7) مليون وظيفة في عام 2020م وهو يمثل ما يمكن أن يصل إليه إجمالي الوظائف المباشرة وغير المباشرة في سوق العمل لقطاع السياحة والقطاعات الأخرى المترابطة والمستفيدة من السياحة مثل المطاعم والنقل وخدمات بناء وتشييد المنشآت السياحية، وبيع الهدايا، ومزودي الخدمات في المواقع السياحية وغيرها من الوظائف التي تتولد نتيجة للطلب على السياحة. ويعد قطاع السياحة من أهم القطاعات الاقتصادية توفيرا لفرص العمل، كما أنه يأتي في المرتبة الثانية من حيث نسبة السعودة فيه. ",
    "date_extracted": "2015-08-02 23:41:47"
}