{
    "url": "http://www.okaz.com.sa/new/Issues/20150801/Con20150801786868.htm",
    "title": "صفقات الاستحواذ تسجل سابع أعلى مستوى",
    "author": " رويترز (لندن)",
    "content": " أظهرت بيانات أن نمو أنشطة الاستحواذ، التي تشمل شركات عاملة في قطاعات الرعاية الصحية والخدمات المالية والتجزئة أدى إلى ارتفاع قيمة الصفقات العالمية المبرمة في شهر يوليو المنصرم لأكثر من 430 مليار دولار لتسجل عمليات الدمج والاستحواذ هذا الشهر سابع أعلى مستوى شهري لها منذ بدء تسجيل البيانات.\nوتشير البيانات إلى أنه جرى إبرام صفقات بلغ إجمالي قيمتها 436,4 مليار دولار، حتى 30 يوليو الماضي، من بينها 14 صفقة كبرى تتجاوز قيمة كل منها خمسة مليارات دولار. وكان جولدمان ساكس هو الأكثر مشاركة في الصفقات بين بنوك الاستثمار، إذ قدم المشورة في صفقات بلغت قيمتها 148,8 مليار دولار، وعمل البنك على 35 صفقة من بينها خمس بين أكبر عشر صفقات هذا الشهر. وأظهرت البيانات أن جيه.بي مورجان جاء في المرتبة الثانية إذ قدم المشورة في 30 صفقة بقيمة 116,1 مليار دولار، يتبعه في المرتبة الثالثة مورجان ستانلي الذي عمل على 33 صفقة بقيمة 95,9 مليار دولار. ",
    "date_extracted": "2015-08-01 20:29:59"
}