{
    "url": "http://www.okaz.com.sa/new/Issues/20150803/Con20150803787110.htm",
    "title": "مواجهات في الأقصى",
    "author": " عبدالقادر فارس (غزة)",
    "content": " اندلعت اشتباكات عنيفة امس في المسجد الاقصى في القدس المحتلة بعد يومين على احتراق رضيع فلسطيني حيا الجمعة الماضية على اثر اضرام مستوطنين متطرفين النار في منزله في الضفة الغربية. وتجمع عشرات الفلسطينيين وهم يحملون صور الطفل علي دوابشة البالغ من العمر 18 شهرا والذي احترق حيا، امام بوابات المسجد الاقصى. ",
    "date_extracted": "2015-08-03 20:29:13"
}