{
    "url": "http://www.okaz.com.sa/new/Issues/20150802/Con20150802786883.htm",
    "title": "خادم الحرمين والسيسي يؤكدان على أهمية «إعلان القاهرة» عربيا وإسلاميا",
    "author": " واس (جدة)",
    "content": " أجرى خادم الحرمين الشريفين الملك سلمان بن عبدالعزيز آل سعودــ حفظه الله ــ اتصالا هاتفيا أمس الأول، بفخامة الرئيس عبدالفتاح السيسي رئيس جمهورية مصر العربية أكدا خلاله على أهمية «إعلان القاهرة» وما يحمله من مضامين عليا ومهمة للأمتين الإسلامية والعربية مؤكدين أن العلاقة بين البلدين الشقيقين استراتيجية وتكاملية.\nوجرى خلال الاتصال استعراض العلاقات التي تربط بين البلدين الشقيقين وسبل دعمها وتعزيزها في المجالات كافة وسبل زيادة التعاون المشترك.\nكما جرى استعراض مستجدات الأوضاع الإقليمية والدولية والأمور ذات الاهتمام المشترك. ",
    "date_extracted": "2015-08-02 23:41:39"
}