{
    "url": "http://www.okaz.com.sa/new/Issues/20150802/Con20150802787035.htm",
    "title": "خط طيران يربط القاهرة بالهفوف",
    "author": " عبدالناصر أبوالفضل (القاهرة)",
    "content": " دشنت شركة طيران النيل، أمس، خطا جويا يربط بين مطاري القاهرة والهفوف، ضمن خطتها لتدشين ثلاثة خطوط جديدة بين القاهرة، الهفوف، الجوف، الأحساء.\nوأوضحت لـ«عكاظ» مصادر مسؤولة بمطار القاهرة أن أول رحلة غادرت على هذا الخط حملت رقم 121، وعلى متنها 134 راكبا، متوجهة إلى مدينة الهفوف، مشيرة إلى أن الشركة تستعد لتدشين خطين جديدين إلى الجوف، والأحساء، ليبلغ عدد الخطوط بين مصر والمملكة حوالى 5 خطوط بين القاهرة، جدة، الطائف، القصيم، تبوك، ينبع، بالإضافة إلى الخطوط الجديدة. ",
    "date_extracted": "2015-08-02 23:44:10"
}