{
    "url": "http://www.okaz.com.sa/new/Issues/20150802/Con20150802786965.htm",
    "title": "أسباب تافهـة للتوترات الأسريـة !",
    "author": " محمد أحمد الحساني ",
    "content": " قال له صاحبه وهو يحاوره: إن بعض الناس يصنع حول نفسه أو حول أفراد أسرته توترات لا داعي لها لأنها تدور حول أمور بسيطة وربما تافهة، ولكنها قد تقود إلى ما لا تحمد عقباه لأنها قد تكون سببا في تمزيق تلك الأسرة بوقوع شقاق ربما أوصل المسائل إلى درجة الطلاق، ومثال ذلك أن يصحو الأبناء والبنات متأخرين من نومهم بعد سهـر طويل فلا يكونون قد رتبوا جدولهم الدراسي ولا تم تجهـيز ملابسهم لأن «الست» تعتمد كليا على «الشغالة» فإذا أفاقت الأسرة من نومها بدأ الصياح وتبادل الاتهام والعتاب فأحد الأبناء يبحث عن «كبك» الثوب فلا يجده فيحتج على ذلك ويقلب البيت غما والثاني الذي يصغره يصيح بأن «مداسه» غير موجود أو أنه وجد فردة ولم يجد الأخرى والبنت زعلانة لأن «مريولها» لم يكو جيدا، فيما يكون رب الأسرة في السيارة مستعدا لإيصالهم إلى المدارس، ينظر إلى ساعته كل دقيقة وكأنه في سباق محموم مع الزمن .. فإن لم يرهم خارجين رفع عقيرته قائلا : هيا يا جماعة قدامنا معارك شوارع وزحام.. راح عليكم الطابور وبدأت الحصة الأولى وكل ما جرى كان يمكن تفاديه بقليل من التنظيم وتحمل المسؤولية وأن ترتب هذه الأمور البسيطة من المساء سواء الجداول الدراسية أو الحقائب أو الملابس وأن يصحو الجميع لصلاة الفجر ثم يتناولون طعام الإفطار ليغادروا إلى مدارسهم منشرحي الصدر مقبلين على الدراسة والحياة.\nومثال آخر وهو أن يطلب رب الأسرة شاحن الجوال الوحيد الموجود في البيت ليشحن به جواله فلا يجده فيقيم الدنيا ولا يقعدها من أجل الشاحن الذي لا يزيد ثمنه على عشرة ريالات، وقد يدخل في عراك كلامي مع زوجه التي تميل على «الشغالة» وتنعل والديها محملة إياها مسؤولية عدم وجود الشاحن «النووي!!» فلا تقع السقيفة إلا على رأس الضعيفة التي تجتمع عليها الغربة والأحزان والإهانات وإحساسها بأنها الجدار القصير الذي يقفز عليه جميع أفراد العائلة وقد يتحول حزنها وانكسارها إلى حقد أسود له ما بعده !؟، مع أن سبب العاصفة مجرد شاحن كان يمكن شراء اثنين أو ثلاثـة منه وجعلها جاهزة للاستخدام في حالة اختفاء الشاحن الأساسي حتى يتم العثور عليه بين المخدات كما هو الحال في أغلب الأحوال، وما ذكر مجرد مثالين بسيطين تافهين يؤكدان أن معظم النار من مستصغر الشرر.\nواستمع صديق المحاضر إلى محاضرته وأمن على ما قاله جملة وتفصيلا وكأنه يرى ما سمع عنه ماثلا أمامه صباح مساء!!. ",
    "date_extracted": "2015-08-02 23:42:25"
}