{
    "url": "http://www.okaz.com.sa/new/Issues/20150803/Con20150803787146.htm",
    "title": "أمير نجران يواسي والد الشهيد آل منصور‎",
    "author": " افتخار باحفين (نجران)",
    "content": " نقل صاحب السمو الأمير جلوي بن عبدالعزيز بن مساعد أمير منطقة نجران، تعازي القيادة لوالد الشهيد عبدالله بن دواس آل منصور، الذي استشهد فجر يوم أمس نتيجة سقوط مقذوف من الأراضي اليمنية على منزله.\nوقال سموه في اتصال هاتفي مع والد الشهيد: إننا نعزي أنفسنا أولا على استشهاد مواطن عاش عزيزا ومات عزيزا على تراب وطنه، وأمضى حياته صامدا ضد من يحاول المساس بأمن الوطن واستقراره. وأضاف: إن ابنكم وسام شرف في سماء الوطن ومصدر فخر لكل سعودي، فهو إن رحل جسدا وروحا يبقى مخلدا في ذاكرة الوطن، داعيا المولى أن يتغمده بواسع رحمته ويسكنه فسيح جناته، ويتقبله من الشهداء ويديم على هذه البلاد المباركة أمنها واستقرارها.\nفي المقابل، استهل والد الشهيد حديثه بحمد الله على قضائه وقدره، وقال: نثمن العزاء والمواساة من قيادتنا الرشيدة ونشكر سموكم على مشاعركم الصادقة وهذا ليس بغريب عليكم، ونحن نهنئ أنفسنا أن رحل ابننا شهيدا على أرض الوطن، وندعو المولى أن يحفظ ولاة أمرنا ويحفظكم ويحفظ البلاد من كل سوء ومكروه. ",
    "date_extracted": "2015-08-03 20:27:25"
}