{
    "url": "http://www.okaz.com.sa/new/Issues/20150803/Con20150803787206.htm",
    "title": "الهلال يكسب العين",
    "author": " عبدالرحمن الحجاب (الرياض)",
    "content": " كسب فريق الهلال ودية العين بهدفين مقابل هدف في اللقاء الذي جمعهما أمس في النمسا؛ استعدادا للموسم الرياضي الجديد. وتناوب على تسجيل الأهداف محمد الشلهوب وخالد الكعبي، وغاب اللاعب البرازيلي الميدا عن التشكيلة الأساسية وذلك بسبب كدمة بسيطة تعرض لها أثناء التدريبات الصباحية وفضل الجهاز الفني عدم إشراكه. ",
    "date_extracted": "2015-08-03 20:27:07"
}