{
    "url": "http://www.okaz.com.sa/new/Issues/20150801/Con20150801786795.htm",
    "title": "المملكة والمناصب الدولية",
    "author": " عيسى الحليان",
    "content": " نحن أكبر دولة مصدرة للبترول في العالم وأكبر منتج في منظمة الأوبك، لكن رغم ذلك لم ينجح سعودي واحد في الحصول على منصب الأمين العام في المنظمة.\nونحن أكبر اقتصاد في المنطقة العربية وأكبر مستورد للسلع فيها، لكن لا يوجد شركة أجنبية واحدة اختارت المملكة لتكون مقرا لفرعها في الشرق الأوسط أو المنطقة العربية.\nونحن أكبر مساهم في المنطقة العربية والشرق الأوسط في صندوق النقد الدولي والبنك الدولي، لكن لم يسبق أن أدرجت أي من هاتين المنظمتين أيا من اجتماعاتها أو مجالس المحافظين فيها في المملكة كما يحصل مع غيرها.\nنحن من أكبر المساهمين في العالم في تقديم المساعدات والمعونات الدولية للدول والشعوب، وبنسبة ربما هي الأعلى بالنسبة للدخل الوطني، ولم يسبق أن اختارت أي منظمة تطوعية أو خيرية أممية كانت أو دولية المملكة لتكون مقرا لها في المنطقة.\nنحن أكبر المشاركين في المؤتمرات والمعارض التي تقام في المنطقة العربية، لكن لم يسبق أن اختارت أي من هذه الشركات المنظمة أو الراعية لإقامة معرضها الدولي أو الإقليمي في رحاب المملكة.\nنحن من أكبر الدول في آسيا، ورغم ذلك فإن المناصب الرياضية الآسيوية (لغرب القارة) يتقاسمها إخواننا الخليجيون بالتساوي إلا أبناء المملكة.\nنحن أكبر المشاركين في المنظمات والمؤسسات والجمعيات الدولية والإقليمية والعربية وندفع التزاماتنا نقدا وعدا، ولم أسمع أن مؤسسة أو اتحادا أو منظمة أو جمعية كان للمملكة نصيب في احتضان مركزها الرئيسي.\nنحن أكبر اقتصاد في الشرق الأوسط، وثمة مؤسسات واتحادات مهنية تقع تحت مظلة جامعة الدول العربية أو مستقلة عنها، ولا أعرف أن أيا من هذه الاتحادات والمنظمات العربية اختارت المملكة أو اختارتها المملكة لتكون مقرا لها فضلا عن اختيار سعودي لرئاستها.\nصورة مع التحية: لكل من يهمه الأمر. ",
    "date_extracted": "2015-08-01 15:59:15"
}