{
    "url": "http://www.okaz.com.sa/new/Issues/20150731/Con20150731786604.htm",
    "title": "السينما السعودية بمهرجان «كام» .. والمملكة ضيفا",
    "author": " طالب بن محفوظ، صالح شبرق (جدة)",
    "content": " اختيرت المملكة ضيف شرف لمهرجان «كام» السينمائي الدولي للأفلام التسجيلية والقصيرة، تحت شعار «كام العرب»، أكتوبر المقبل في القاهرة، ويكرم فيه رئيس جمعية الثقافة والفنون سلطان البازعي.\nوكان المهرجان وقع «بروتوكولا» مع فرع جمعية الثقافة والفنون بجدة، ليكون الجهة المسؤولة عن ترشيح ومشاركة الأفلام السينمائية السعودية في المهرجان، ولا يمكن ترشيح أو مشاركة أي فيلم سينمائي إلا عن طريقه.\nإلى ذلك، أوضح مدير الفرع عمر الجاسر، الذي وقع الاتفاقية مع المهرجان، أن الفرع بدأ باستقبال عدد من الأفلام السينمائية السعودية، مؤكدا ترحيب الفرع بكل الفنانين السعوديين ممن لديهم أعمال سينمائية للمشاركة في المهرجان، مبينا أن المشاركة في تلك المهرجانات يسهم في انتشار الأفلام السعودية، ويتيح الفرصة للسينمائيين السعوديين للالتقاء والاستفادة من الخبرات السينمائية العالمية.\nمن جانبه، أوضح رئيس العلاقات العامة والإعلام ومشرف المنتدى الثقافي بالفرع سهيل طاشكندي أن الجمعية حريصة على مشاركة أكبر عدد من الأفلام السينمائية السعودية في المهرجان، دعما للسينما السعودية وللسينمائيين السعوديين. ",
    "date_extracted": "2015-07-31 12:20:47"
}