{
    "url": "http://www.okaz.com.sa/new/Issues/20150801/Con20150801786816.htm",
    "title": "تشيرشيف بديلا لـ«سترلينغ»",
    "author": " وكالات (لندن)",
    "content": " أكدت تقارير رياضية أن إدارة نادي ليفربول تسعى لخطف اللاعب الروسي ولاعب فريق ريال مدريد دينيس تشيرشيف عبر عرض قوي. ونشر موقع ديفنسا سنترال الرياضي الاسباني أن النادي الانكليزي سيتقدم بعرض بقيمة 20 مليون يورو من أجل الفوز باللاعب العائد من الإعارة في فياريال.\nويبحث ليفربول عن لاعب لتغطية رحيل رحيم سترلينغ الذي غادر إلى مانشستر سيتي بصفقة تجاوزت 60 مليون يورو ليكون تشيرشيف المتألق في مركز الجناح الأيسر والقادر على تغطية مهام الظهير الأيسر هو الخيار الأمثل.\nالريدز يريد التعاقد مع ثلاثة نجوم جدد في الفترة المقبلة ليكون تشيرشيف على رأس القائمة إلا أن المدير الفني للريال قرر تأجيل الحسم في صفقات رحيل اللاعبين حتى انتهاء المباريات الاستعدادية. ",
    "date_extracted": "2015-08-01 20:30:09"
}