{
    "url": "http://www.okaz.com.sa/new/Issues/20150731/Con20150731786684.htm",
    "title": "المباحثات المشتركة أثبتت متانة العلاقات بين المملكة ومصر",
    "author": " واس (جدة)",
    "content": " بعث صاحب السمو الملكي الأمير محمد بن سلمان بن عبدالعزيز ولي ولي العهد النائب الثاني لرئيس مجلس الوزراء وزير الدفاع برقية شكر لفخامة الرئيس عبدالفتاح السيسي رئيس جمهورية مصر العربية، وذلك بعد انتهاء زيارة سموه لمصر. وقال سمو ولي ولي العهد في نص برقيته:\n«فخامة الرئيس / عبدالفتاح السيسي حفظه الله\nرئيس جمهورية مصر العربية الشقيقة\nالسلام عليكم ورحمة الله وبركاته:\nيطيب لي وأنا أغادر بلدكم الشقيق أن أعرب لفخامتكم عن بالغ امتناني وتقديري على ما لقيته والوفد المرافق من كرم الضيافة وحسن الاستقبال.\nفخامة الرئيس: لقد أثبتت المباحثات المشتركة التي عقدناها متانة الروابط الأخوية بين بلدينا الشقيقين والرغبة الجادة في تعميق التعاون وتوثيق العلاقات وتعزيزها في كافة المجالات، وفقا لرؤية مقام خادم الحرمين الشريفين الملك سلمان بن عبدالعزيز آل سعود - أيده الله - وفخامتكم، لما فيه مصلحة الشعبين الشقيقين.\nمتمنيا لفخامتكم دوام الصحة والسعادة، ولبلدكم وشعبكم الشقيق الأمن والأمان واضطراد التقدم والنماء».\nوالسلام عليكم ورحمة الله وبركاته.\nمحمد بن سلمان بن عبدالعزيز آل سعود\nولي ولي العهد النائب الثاني لرئيس مجلس الوزراء\nوزير الدفاع ",
    "date_extracted": "2015-07-31 12:20:16"
}