{
    "url": "http://www.okaz.com.sa/new/Issues/20150731/Con20150731786636.htm",
    "title": "رويس يفضل بروسيا عن الكبار",
    "author": " وكالات (دورتموند)",
    "content": " اعترف وكيل أعمال نجم وسط بروسيا دورتموند «ماركو رويس» باهتمام العديد من كبار أوروبا بموكله، إلا أنه أصر على أن الدولي الألماني سيبقى في «سيجنال أيدونا بارك» حتى نهاية الموسم المقبل على أقل تقدير.\nوبعد موسم أسود الفيستيفاليا المخيب لآمال جماهيرهم، والذي انتهى بحصولهم على المركز السابع غير المؤهل للبطولات الأوروبية هذا الموسم، حامت الشكوك حول مستقبل صاحب الـ26عاما، ولا سيما بعد انتشار أنباء إسبانية عن رغبة رئيس ريال مدريد «فلورنتينو بيريث» في ضم رويس، ليرافق مواطنه «توني كروس» في البيرنابيو.\nغير أن بعض الصحف البريطانية ربطت مستقبل نجم البروسيا بليفربول وأندية أخرى في إنجلترا وإيطاليا، إلا أن وكيل أعماله وضع حدا لتلك الشائعات، بقوله «إننا نقرأ الشائعات التي تتداولها الصحف حول مستقبل ماركو، نستطيع أن نقول بثقة أن اللاعب يقضي وقتا رائعا في بروسيا، وهو سعيد باهتمام الأندية الأوروبية الكبيرة، لكنه مؤخرا قرر البقاء مع فريقه».\n ",
    "date_extracted": "2015-07-31 12:25:40"
}