{
    "url": "http://www.okaz.com.sa/new/Issues/20150802/Con20150802786971.htm",
    "title": "نجوم الأولمبياد الخاص يصدحون بذهب العالم",
    "author": " أحمد العرياني (واشنطن)",
    "content": " واصل نجوم المملكة العربية السعودية للأولمبياد الخاص تفوقهم وحصدهم للميداليات المنوعة في اليوم قبل الأخير من منافسات دورة الألعاب العالمية الصيفية للأولمبياد الخاص الدولي التي تستضيفها حاليا مدينة لوس آنجلوس الأمريكية، حيث حصدوا خمس ميداليات جديدة، زادوا بها رصيد السعودية في الدورة لـ 20 ميدالية.\nونجح الرباع قاسم البطيان في تحقيق المركز الأول والميدالية الذهبية في منافسات رفعة الصدر في لعبة رفع الأثقال وبرونزية المجموع العام كونه حل رابعا في بقية المنافسات.\nوحقق السباح فيصل القصيبي (متلازمة داون) المركز الأول لسباق 50 مترا (سباحة حرة) والميدالية الذهبية، فيما نال زميلة السباح عبد الرحمن اليافعي (توحد) المركز الثالث في سباق 25 مترا (سباحة حرة) والميدالية البرونزية.\nوختم العداء زياد الهويش منافسات اليوم بتحقيقه المركز الثاني في منافسات 100 متر، والميدالية الفضية.\n ",
    "date_extracted": "2015-08-02 23:42:00"
}