{
    "url": "http://www.okaz.com.sa/new/Issues/20150801/Con20150801786793.htm",
    "title": "الرئيس يحرج الأهلي !!",
    "author": " أحمد الشمراني",
    "content": " •• يسأل أحد المارة من الشارع الأمامي للرياضة: لماذا سوبر هذا العام في لندن، وأجاب آخر: الدنيا صيف وجماعتنا يبحثون عن الجو البارد، فقلت: لا أنت مخطئ في السؤال ولا هو صادق في الإجابة!\n•• من يبرر للمكان يقول خطوة موفقة، ومن يهاجم الاختيار يستدعي أمورا لا علاقة لها بمكان وزمان السوبر!\n•• هي ــ كما أرى ــ تجربة قابلة للرفض والتأييد، لكن ماذا عن سوبر العام القادم، هل سيكون في بروكسل أم في صلالة أم في أبها؟؟\n•• أسأل، ومن يجيب عليه أن يراعي فارق التوقيت بين صيف هذا العام وصيف العام القادم، بغض النظر عن إن كان أي من قطبي العاصمة سيكون طرفا في السوبر المنتظر، وإن كنت أتمناه بين الأهلي والاتحاد!!\n•• هناك من عزف على أن كرة القدم رغيف الفقراء، فلماذا اختير لمباراة السوبر مكان يقضي فيه البرجوازيون إجازاتهم الصيفية، وهناك من قال: ربما خطوة لتدريب المشجعة السعودية على الحضور في ملاعبنا على اعتبار أن مثل هذه الخطوة تحتاج لتوطئة، ولم أنحز لا للرأي الأول، ولم أتحمس للرأي الثاني؛ لأنني في الأصل ضد فتح ملاعبنا للنساء، ولي في هذا الرفض القاطع مبرراتي!\n•• السوبر اللندني أو البريطاني ودي أتفلسف في اختيار المكان، وودي أقول ولو حتى جملة أنيقة فيها تأييد وتشجيع لمن اختار المكان والزمان، لكن باب اللغة تم قفله أمامي، ولهذا قلت أحوم حول الحمى أفضل من أكتب كلاما لست مقتنعا به!!\n•• الغريب أن هناك من دخل لعبة الرفض دون أن يقدم حجة دامغة لرفضه، وهناك من أيد الفكرة دون أن يقنعنا ويقنع الرافضين له لِم هو مع إقامتها في بريطانيا، وبين الرفض والتأييد غن يا حمام الورق غن!\n•• يقول عضو في الاتحاد السعودي لكرة القدم: الهدف من اختيار بريطانيا هو التعريف بكرة القدم السعودية، وقال آخر: الهدف مالي، أما الثالث فقال: اعترضت ولم يقبل اعتراضي!\n•• يجب أن لا نجهض طموحات الاتحاد السعودي لكرة القدم.. هكذا قال زميلي النصراوي، فقلت: ما يمدح السوق إلا من ربح فيه!!\n•• أحب أحمد عيد وأحترمه وأقدر مثاليته وطيبته ودماثة أخلاقه، لكن ما يغضبني أن أحمد عيد يسمع كل الأندية ويلبي لها مع مثلث القرار في الاتحاد ما تريد إلا الأهلي، فهو ــ كما تقول الوقائع ــ الأضعف والأقل احتراما في الاتحاد\n•• لا يريد الأهلي منك إلا إنصافه من لجان تخدم مصالح كل الأندية وترعاها إلا الأهلي!\n•• ما دخل الأهلي في صفقات الاتحاد حتى تقول تلك الصحيفة ما قالت عن الأهلي، وإدخاله قسرا عناوين لا ناقة له فيها ولا جمل!\n•• فعلا، ما كذب زميلهم حينما قال: حتى العناوين تملى عليهم من المعزب الذي إذا جاءت المساءلة هو أول الهاربين!\n•• الأهلي إن سكت على عشر لن يسكت على غيرها، فثمة من يطالب كباره بضرورة إيقاف هذه التجاوزات وفق القانون وأنظمة النشر.\n\nومضة\nترا الوفا بقلوبنا ما له أسباب\nفطرة خلقها الله وصارت طبيعة ",
    "date_extracted": "2015-08-01 15:59:20"
}