{
    "url": "http://www.okaz.com.sa/new/Issues/20150802/Con20150802786923.htm",
    "title": "«التجارة» تضبط حديدًا مخالفًا للبيانات التجارية",
    "author": " خالد العصيمي (الدوادمي)",
    "content": " نفذ فرع وزارة التجارة والصناعة بمحافظة الدوادمي عددا من الجولات التفتيشية والتي اسفرت عن ضبط عدد من المخالفات لبعض محلات بيع حديد التسليح في المحافظة.\nوأوضح مدير فرع وزارة التجارة والصناعة بمحافظة الدوادمي محمد بن عبدالرحمن الروقي لـ«عكاظ» ان الفرع قام بزيارات تفتيشية ضمن الحملة التي تقوم بها الوزارة في مختلف مناطق المملكة على منافذ بيع حديد التسليح والصاج للتأكد من توفر البيانات التجارية لكافة الأنواع.\nوبين الروقي أن الزيارات أوضحت التزام عدد كبير من منافذ بيع حديد التسليح بالمحافظة بوجود البيانات التجارية، كما تم كذلك خلال الزيارات التفتيشية حجز وضبط عدد من الكميات المخالفة وتم إصدار الغرامات بحق المخالفين. ",
    "date_extracted": "2015-08-02 23:41:45"
}