{
    "url": "http://www.okaz.com.sa/new/Issues/20150801/Con20150801786822.htm",
    "title": "استنفار لإنقاذ حياة راكب",
    "author": " عبدالناصر أبو الفضل (القاهرة)",
    "content": " أعلنت سلطات مطار القاهرة أمس حالة الطوارئ لمنح طائرة ركاب سعودية الأولوية للهبوط لإنقاذ حياة راكب مصري أصيب بنزيف فى المعدة خلال رحلتها من جدة لمصر، حيث تم نقل الراكب بسيارة إسعاف مجهزة للمستشفى.\nوبين العقيد وليد رضوان أن برج المراقبة تلقى إشارة من قائد رحلة الخطوط السعودية رقم 303 القادمة من جدة يطلب ضرورة استعداد سيارة إسعاف وطبيب فى موقع هبوط الطائرة لإنقاذ حياة أحد الركاب أصيب بنزيف فى المعدة وقيء دموي، ليتم منح الطائرة أولوية الهبوط. ",
    "date_extracted": "2015-08-01 15:57:18"
}