{
    "url": "http://www.okaz.com.sa/new/Issues/20150801/Con20150801786824.htm",
    "title": "القتل تعزيرا لمهرب هيروين بثادق",
    "author": " واس (الرياض)",
    "content": " نفذت وزارة الداخلية حكم القتل تعزيرا في المدعو شاه فيصل عظيم شاه - باكستاني الجنسية - لقيامه بتهريب كمية كبيرة من الهيروين المخدر داخل أحشائه إلى المملكة، حيث أسفر التحقيق معه عن توجيه الاتهام إليه بما نسب له، وبإحالته إلى المحكمة العامة صدر بحقه صك شرعي يقضي بثبوت ما نسب إليه شرعا والحكم بقتله تعزيرا أمس في محافظة ثادق بمنطقة الرياض. ",
    "date_extracted": "2015-08-01 16:03:33"
}