{
    "url": "http://www.okaz.com.sa/new/Issues/20150803/Con20150803787105.htm",
    "title": "توقف واردات اليمن وعمان يرفع أسعار الأسماك إلى 100%",
    "author": " عبد الرحمن شار (صبيا)، محمد العبدالله (الدمام)",
    "content": " حلقت اسعار السمك بمنطقة جازان باسعار مرتفعة تسببت في حرمان المواطن من شرائه احد المأكولات المفضلة لأهالي المنطقة منذ ان اعتاد سكان جازان صيد الاسماك التي تجرى في البحر القريب منهم. يقول في البداية المواطن خالد الماربي متعجبا أن يصل سعر شكة السمك بين 200 إلى300 ريال في جازان وتصل اسماك «الديرك» إلى أكثر من 600 ريال للشكة بارتفاع 100% إذن هناك خلل كبير، خاصة إذا علمنا بأن منطقة جازان من المناطق الغنية بالأسماك إلا أن سكان منطقة جازان يعانون منذ الاشهر الماضية من ارتفاع كبير في أسعار الأسماك ولا بد من تدخل سريع وعاجل من وزارة الزراعة ممثلة في إدارة الثروة السمكية من أجل إيجاد حل مشكلة ارتفاع أسعار الأسماك بعد توقف الأسماك الواردة من اليمن وسلطنة عمان. والحل في وجهة نظري ايقاف أو تقليل تصدير الأسماك من منطقة جازان حتى تهبط الاسعار.\nووافقه الرأي إبراهيم الصيادي عضو مجلس المنطقة السابق حيث قال: في قلب فرسان وبـ20 ريالا كنت تتغدى بأحسن سمك واليوم 200 ريال لا تكفيك، خاصة بعد وجود حراج للاسماك بفرسان، والسؤال: الانسان الذي اعتاد أكل السمك كيف يحصل عليه والديرك فاق سعره وتجاوز المبلغ إلى الضعف والخلل في إدارة الأسواق من شيخ الصيادين إلى المسؤولين في الجهات المعنية.\nوأضاف يحيى العبيري لا بد من حل جذري وهو حماية البيئة البحرية والثروة السمكية من الاستنزاف المذهل والكارثي الذي يحصل في المنطقة.\nوفي أسواق المنطقة الشرقية، ارتفعت أسعار أسماك الهامور 50 في المئة، والصافي 30 في المئة، فيما تراجعت أسعار الروبيان بنسبة من 20 إلى 30 % ليستقر سعر الثلاجة 32 كيلو عند 700 ريال، مقابل 1000 ريال للصنف الوسط، و 400 ريال للصغير، مقابل 500 ريال.\nوعزا متعاملون في سوق الأسماك المركزي بالقطيف الهبوط السريع لأسعار الروبيان إلى كثرة المعروض في السوق، بعد بدء موسم الروبيان، مؤكدين أن الكميات التي عرضت في السوق خلال المزاد العلني أمس زادت 40 % عن إجمالي معروض السبت، مشيرين إلى أن الأسعار مرشحة لمزيد من التراجع. ",
    "date_extracted": "2015-08-03 21:36:01"
}