{
    "url": "http://www.okaz.com.sa/new/Issues/20150803/Con20150803787138.htm",
    "title": "سفراء فوق العادة",
    "author": " إبراهيم الموسى",
    "content": " بدأ العد التنازلي لبداية الموسم الرياضي السعودي الجديد، منطلقا بمواجهة السوبر التي ستجمع فريق النصر (بطل الدوري) بغريمه ونده فريق الهلال (بطل الكأس) وسيكون استاد لوفتس رود بالعاصمة البريطانية لندن مسرحا لها، حيث رفع الفريقان حدة استعداداتهما في معسكرهما الخارجي وسط مناورة في المعسكرين طمعا في تحقيق أول سوبر سعودي بنكهة أوروبية يجمعهما خارج الحدود كأول فريقين يمنحان تأشيرة سفراء الأندية السعودية في هذه المناسبة برغم الجدلية التي عاشها الشارع الرياضي من قرار إقامتها هناك، متناسين المكتسبات الكبيرة التي ستعود على الطرفين وعلى الكرة السعودية بغض النظر عن مكتسباتهما المادية التي ستدخل خزينتهما.. فالأجمل من كل ذلك أن يتعرف العالم على قوة منافساتنا ومدى ما وصلت إليه الكرة السعودية والتي يحمل لاعبو الفريقين لواءها، مع فتح آفاق جديدة لها ولمستقبل اللاعب السعودي، ما يتوجب عليهم بذل الجهد والتركيز داخل المستطيل الأخضر المقرون بالأخلاق الحميدة التي تعكس حال مجتمعنا للعالم وعلى كافة الأصعدة ليكون ذلك حافزا للاتحاد السعودي لكرة القدم لتكرار التجربة في قادم المواسم.\n ",
    "date_extracted": "2015-08-03 20:29:46"
}