{
    "url": "http://www.okaz.com.sa/new/Issues/20150731/Con20150731786670.htm",
    "title": "السفير عسيري يلتقي رئيس التحرير",
    "author": " عكاظ (جدة)",
    "content": " قام معالي سفير خادم الحرمين الشريفين في لبنان علي عواض عسيري، أمس، بزيارة لمقر صحيفة عكاظ، حيث التقى رئيس التحرير محمد المختار الفال. وتم خلال اللقاء تبادل الأحاديث الودية وبحث سبل تعزيز التعاون الإعلامي بين الصحيفة والسفارة السعودية في لبنان.\nوأكد السفير عسيري خلال اللقاء أن المملكة حريصة على بذل الجهود المخلصة لدعم الأمن والاستقرار والسلام في لبنان، مشيرا إلى أن المملكة كانت ولا تزال تعمل على دعم المؤسسات الشرعية اللبنانية ولم الشمل وتعزيز الوحدة الوطنية اللبنانية.\nووصف السفير عسيري العلاقات السعودية اللبنانية بأنها علاقات ضاربة في الجذور ومتينة في جميع الميادين السياسية والاقتصادية والثقافية. وثمن السفير عسيري الجهود التي تبذلها صحيفة عكاظ في إبراز مواقف المملكة الداعمة للقضايا العربية المشروعة، مهنئا رئيس التحرير بتعيينه في هذا المنصب. حضر اللقاء الزميل فهيم الحامد مساعد رئيس التحرير. ",
    "date_extracted": "2015-07-31 12:25:57"
}