{
    "url": "http://www.okaz.com.sa/new/Issues/20150803/Con20150803787191.htm",
    "title": "الأكواخ ملاذ زوار ينبع من تسعيرة الفنادق",
    "author": " أحمد الأنصاري (ينبع)",
    "content": " تحولت فترة قضاء العطلة الصيفية للأسر المقبلة على محافظة ينبع إلى مهمة للبحث عن سكن، بعد أن بلغت نسبة الإشغال في الفنادق والشقق المفروشة والمنتجعات السياحية بينبع 100 في المئة، وعلى الرغم من انقضاء إجازة عيد الفطر، إلا أن نسبة الإشغال لازالت مستمرة على حالتها وسط ارتفاع ملحوظ في أسعار الحجوزات؛ ما تسبب في حالة من عدم الرضى لدى عدد المصطافين الذين لم يتمكنوا من إيجاد سكن في دور الايواء السياحي، الذين عبروا عن امتعاضهم من مستوى التنظيم السياحي بينبع، واصفين رحلتهم ب «سياحة البحث عن سكن»، مشيرين إلى أن عددا من الزوار توجه إلى المبيت في الأكواخ الخشبية على الكورنيش، البحث عن الاستراحات، مطالبين بتوفير مطاعم ومحلات بيع مواد غذائية بالقرب من مواقع التنزه، بدلا من تكبد عناء البحث عنها، داعين إلى ضرورة الاهتمام بدورات المياه ووضع حراسات عليها منعا للعبث من قبل المتهورين، واستكمال مشاريع تطوير الكورنيش، تخصيص مواقع للسباحة بدلا من الموقع الوحيد الذي لا يوجد غيره بالمحافظة. من جانبة، قال رئيس لجنة السياحة بالغرفة التجارية الصناعية وعضو مجلس الادارة بينبع مراد بن صغير العروي: «نحن بحاجة إلى آلاف الوحدات الفندقية بأنواعها، وهذا دليل على أن ينبع مدينة سياحية جاذبة ومحفزة ومشجعة لرجال الأعمال؛ لما تمتلكه من مقومات وتطور مطرد في جميع المجالات وخاصة الوحدات الفندقية، وفيما يخص الأسعار فهناك تسعيرات محددة من قبل هيئة السياحة حسب تصنيف الوحدات السياحية ويجب أن يطالب الزبون باللائحة ومعرفة مستوى الفندق أو الشقة المفروشة قبل السكن بها».\n ",
    "date_extracted": "2015-08-03 21:36:08"
}