{
    "url": "http://www.okaz.com.sa/new/Issues/20150731/Con20150731786605.htm",
    "title": "انطلاق منتدى أصيلة بمشاركة 46 دولة",
    "author": " علي الرباعي (الباحة)، يوسف الحمادي (الرباط)",
    "content": " انطلقت أعمال الدورة 37 من منتدى أصيلة الثقافي الدولي «فريد بلكاهية في الذاكرة»، تخليدا لذكرى الرسام التشكيلي المغربي، الذي توفي العام الماضي، الذي يعد من رموز المهرجان برسوماته الجدارية في مدينة أصيلة.\nويتضمن المنتدى، الذي يستمر أسبوعين، ندوات فكرية وشعرية وأدبية وتشكيلية، بمشاركة فنانين ومثقفين من 46 دولة، ويعد حضور السياسيين في الموسم الثقافي من أهم خصائص التظاهرة، ويشهد المنتدى كل ليلة عروضا موسيقية وغنائية متنوعة.\nوتحتضن مدينة أصيلة المغربية، مكتبة الأمير بندر بن سلطان، على مساحة خمسة آلاف متر مربع، تتكون من طابقين، تضم عدة أقسام وقاعات مختلفة، ومسرح للمحاضرات، وقاعة اجتماعات كبرى، وقاعات للندوات، وجناحا خاصا بالروائي محمد شكري يضم أعماله ولوحاته وبعض مقتنياته. ",
    "date_extracted": "2015-07-31 12:20:48"
}