{
    "url": "http://www.okaz.com.sa/new/Issues/20150801/Con20150801786818.htm",
    "title": "توران يحبط البرشلونيين بـ«إصابة»",
    "author": " وكالات (برشلونة)",
    "content": " أحبط النجم أردا توران أنصار فريقه الجديد برشلونة، بعد أن تعرض لإصابة جديدة في الكاحل خلال التدريبات الصباحية أمس، ونشرت صحيفة موندو ديبورتيفو الرياضية الاسبانية أن اللاعب التركي قد تعرض لإصابة في الرباط الجانبي الوحشي من الكاحل خلال التدريبات الاخيرة، وغادر إلى المستوصف من أجل الخضوع للفحوصات الطبية اللازمة لتقدير خطورة الحالة ليكون المصاب الثاني في الفريق بعد البرازيلي دوغلاس بيريرا، ويأتي ذلك بعد فترة وجيزة من عودته من إصابة سابقة.\n ",
    "date_extracted": "2015-08-01 20:30:16"
}