{
    "url": "http://www.aleqt.com/2015/08/01/article_978109.html",
    "title": "وفاة ابن الأسطورة بيكنباور بعد صراع مع المرض",
    "author": "ميونيخ : (د ب أ)",
    "content": " أعلن نادي بايرن ميونيخ حامل لقب الدوري الألماني لكرة القدم اليوم السبت عن وفاة ستيفان بيكنباور ابن الأسطورة فرانز بيكنباور مساء الجمعة عن 46 عاما. وأوضح بايرن في بيان مشترك مع اسرة بيكنباور \"لقد توفى بعد صراع طويل مع مرض خطير\". \n \nوقاد ستيفان بيكنباور، وهو اب لثلاثة أطفال، فريق الناشئين تحت 17 عاما في بايرن ميونيخ حتى 2012 ثم اصبح مسئولا عن اكتشاف المواهب الشابة لضمها إلى الفريق. وسبق لستيفان اللعب في البوندسليجا مع أندية مثل ساربروكن وميونيخ 1860 قبل أن تجبره الإصابة في الركبة على الاعتزال وهو في التاسعة والعشرين من عمره. ",
    "date_extracted": "2015-08-01 20:26:25"
}