{
    "url": "http://www.aleqt.com/2015/07/31/article_977822.html",
    "title": "\"التحالف الدولي\" ينفذ 41 ضربة جوية ضد \"داعش\"",
    "author": "واشنطن رويترز",
    "content": " قال بيان للقيادة المشتركة اليوم الجمعة إن الولايات المتحدة وحلفاءها نفذوا 41 ضربة جوية في سوريا والعراق ضد تنظيم داعش أمس الخميس وإن الهجمات ركزت على مدينة دير الزور السورية. \nوأضاف أن 17 ضربة جوية نفذت قرب دير الزور واستهدفت مناطق وجسورا ونقاط تفتيش ومركزا للتدريب وموقعا لوجيستيا. وتابع أن سبع ضربات نفذت قرب الحسكة واستهدفت وحدات تكتيكية ومواقع قتالية وسيارات ومركزا للقيادة. \n \nوفي العراق نفذت 17 ضربة جوية قرب تسع مدن واستهدفت مناطق تجمع ووحدات تكتيكية وأسلحة ومواقع أخرى تابعة لتنظيم الدولة الإسلامية. \nوقال البريجادير جنرال الأمريكي كيفين كيليا في البيان إن الغارات في شرق سوريا ستحد من حرية حركة التنظيم المتشدد في المنطقة وما وراء حدود سوريا. \n \nوأضاف \"سيكون لهذه الضربات تأثير عميق في قدرة داعش في سوريا على الإضرار بالعمليات في العراق خاصة في الرمادي.. حرمان داعش من القدرة على استخدام هذه الأهداف يحد كثيرا من سعيه لزعزعة الاستقرار في المنطقة.\" ",
    "date_extracted": "2015-07-31 18:18:50"
}