{
    "url": "http://www.aleqt.com/2015/08/01/article_978084.html",
    "title": "صادرات العراق النفطية تقفز الى 96 مليون برميل الشهر الماضي",
    "author": "بغداد : (د ب أ)",
    "content": " أعلن العراق اليوم السبت أن إجمالي صادرات النفط الخام لشهر تموز/ يوليو الماضي تجاوزت 96 مليون برميل وبمعدل 3 ملايين و64 ألف برميل يوميا . \nوقال عاصم جهاد المتحدث باسم وزارة النفط العراقية ، في بيان صحفي اليوم إن الصادرات النفطية لشهر تموز / يوليو الماضي سجلت ارتفاعا رغم توقف وانخفاض الصادرات النفطية عبر ميناء جيهان التركي الى مستويات قياسية . \n \nواشار إلى أن مجموع الكميات المصدرة لشهر تموز / يوليو الماضي بلغت 96مليونا و245 الف برميل غالبيتها العظمى من الحقول الجنوبية فيما بلغت الايرادات المالية المتحققة 4 مليارات و908 ملايين دولار . \n \nوأضاف \" كنا نأمل الوصول الى مستويات غير مسبوقة لو التزم إقليم كردستان بتسليم الكميات المتفق عليها ضمن موازنة العام الجاري والبالغة 550 الف برميل يوميا \". \nوأشار جهاد إلى أن سعر برميل النفط العراقي المصدر الشهر الماضي بلغ نحو 51 دولارا للبرميل الواحد تم تصديرها عبر موانئ البصرة وخور العمية والعوامات الاحادية على الخليج العربي وميناء جيهان التركي . ",
    "date_extracted": "2015-08-01 20:27:00"
}