{
    "url": "http://www.aleqt.com/2015/08/01/article_978036.html",
    "title": "البيت الأبيض: أمن الإنترنت الحكومي يتحسن",
    "author": "واشنطن - رويترز",
    "content": " أظهرت نتائج المجهودات لزيادة معايير أمن الإنترنت أن الوكالات الاتحادية الأمريكية زادت إجراءات أمن الإنترنت منذ هجوم الكتروني على مكتب إدارة الموظفين لكن مزيدا من العمل ضروري للمساعدة في التصدي لمزيد من الهجمات. \nوبدأ مكتب الإدارة والميزانية التابع للبيت الأبيض \"مراجعة لأمن الإنترنت\" الشهر الماضي بعد أن كشف الهجوم الإلكتروني بيانات شخصية لأكثر من 22 مليون أمريكي. وتهدف المراجعة إلى توجيه الوكالات لتعزيز شبكاتها. \nوفي تدوينة عن المجهودات قال كبير المسؤولين عن المعلومات في البيت الأبيض توني سكوت إن الوكالات الاتحادية المدنية زادت نسبة استخدام \"عملية تحقق قوية للزوار المتميزين وغير المتميزين من 42 في المئة إلى 72 في المئة.\" \nولكن لم تصل كل الشبكات بعد إلى المعايير التي حددها مكتب الإدارة والميزانية. \nوقال سكوت \"لا يزال أمامنا مزيد من العمل.\" \nوذكر أن فريقا من أكثر من مئة من الخبراء من الحكومة والقطاع الخاص يراجع \"سياسات الحكومة وإجراءاتها وممارستها\" وسيصدر تقييما في الشهور المقبلة. ",
    "date_extracted": "2015-08-01 14:36:49"
}