{
    "url": "http://www.aleqt.com/2015/08/03/article_978640.html",
    "title": "ارتفاع أرباح \"اتش اس بي سي\" 10%",
    "author": "هونج كونج : (رويترز)",
    "content": " قال بنك إتش.إس.بي.سي إن أرباحه تخطت التوقعات في النصف الأول من العام حيث زادت بنسبة 10 في المئة مدفوعة بأداء قوي في هونج كونج في الوقت الذي يدرس فيه البنك نقل مقره إلى المركز المالي الآسيوي. \n \nكما أعلن البنك اليوم الإثنين بيع وحدته في البرازيل إلى بانكو براديسكو ثاني أكبر بنك مملوك للقطاع الخاص في البلاد مقابل ثمن أكبر من المتوقع بلغ 17.6 مليار ريال برازيلي (5.2 مليار دولار) حيث يسعى إتش.إس.بي.سي إلى التخلص من الوحدات منخفضة الأداء. \n \nوقال أكبر في أوروبا إن الأرباح قبل خصم الضرائب بلغت 13.6 مليار دولار خلال الأشهر الستة حتى نهاية يونيو حزيران مقابل 12.3 مليار دولار قبل عام. ويفوق هذا المبلغ متوسط توقعات المحللين الذي بلغ 12.5 مليار دولار وفق استطلاع لأراء المحللين أجراه البنك. ويعجل البنك بالتخلص من الوحدات غير المربحة من خلال تسريح 50 ألف موظف نصفهم جراء بيع وحدات في البرازيل وتركيا. ",
    "date_extracted": "2015-08-03 21:17:49"
}