{
    "url": "http://www.aleqt.com/2015/07/31/article_977740.html",
    "title": "رقم قياسي في التحكم بالكرة لشاب إيراني - فيديو",
    "author": "الاقتصادية الإلكترونية من الرياض",
    "content": " مهدي حُبِ درويش، صاحبُ الرقمِ القياسي العالمي في السيطرة على الكرة، قادرٌ على اللعبِ بجميعِ أنواعِ الكرات لساعات دونِ توقف، لاتفارقُه الكرة التي أصبحت جزءاً من حياتِه. ",
    "date_extracted": "2015-07-31 18:17:43"
}