{
    "url": "http://www.aleqt.com/2015/08/02/article_978258.html",
    "title": "ضحايا أطفال في مخيم درعا للاجئين الفلسطينيين بعد قصف عنيف من مواقع قوات الأسد",
    "author": "بيروت : واس",
    "content": " أدى القصف العنيف الذي استخدمت فيه الصواريخ وقذائف الهاون وتعرض له ‏مخيم درعا للاجئين الفلسطينيين جنوب سوريا من مواقع قوات الأسد لمقتل عدد من الأطفال. \nوأكدت مجموعة العمل من أجل فلسطينيي سورية في بيان صحفي أن المخيم قد استهدف بصواريخ أرض - أرض تزامن ذلك مع سقوط عدد من قذائف الهاون على مناطق متفرقة منه مما تسبب بوقوع إصابات وأضرار مادية كبيرة. \nوفي السياق أعلنت مجموعة العمل أن سبع ضحايا فلسطينيين قضوا في محافظة درعا خلال يوليو الحالي من بينهم أربعة لاجئين قضوا جراء قصف مخيم درعا بالبراميل المتفجرة. \nيشار أن مجموعة العمل وثقت 214 ضحية من أبناء مخيم درعا قضى معظمهم في القصف بالبراميل المتفجرة والصواريخ. \nوأكدت أنها وثقت حتى اليوم 1117 فلسطيني قضوا في مخيم اليرموك للاجئين الفلسطينيين بدمشق. \nوكان القصف والاشتباكات والتعذيب حتى الموت داخل سجون نظام الأسد من أبرز الأسباب التي أدت إلى وفاتهم يضاف إلى ذلك الحصار المشدد الذي يفرضه الجيش النظامي والمليشيات المسلحة التابعة له والذي راح ضحيته 177 لاجئا قضوا بسبب نقص التغذية والرعاية الطبية. ",
    "date_extracted": "2015-08-02 23:34:25"
}