{
    "url": "http://www.aleqt.com/2015/08/01/article_978086.html",
    "title": "ارتفاع ضحايا فيضانات باكستان إلى 92 قتيلا",
    "author": "إسلام أباد:(د ب أ)",
    "content": " ذكر مسؤولون اليوم السبت أن حصيلة الوفيات جراء ثلاثة أسابيع من الفيضانات في باكستان ارتفعت إلى 92 شخصا. \nوقالت الهيئة الوطنية لإدارة الكوارث إن أغلب الوفيات وقعت في الجزء الشمالي الجبلي من البلاد حيث تسببت الفيضانات الناجمة عن هطول امطار غزيرة في صعوبة الوصول إلى الكثير من المناطق. \nوأضافت الهيئة في بيان أن المهندسين العسكريين قاموا بإصلاح الطرق والجسور في مناطق شيترال وجيلجيت-بلوشستان لمساعدة رجال الإنقاذ على الوصول إلى المحاصرين فى اماكن معزولة. \n \nوقال رئيس هيئة الأرصاد الجوية غلام رسول إن نهر السند الذي يسير من جبال الهيمالايا إلى بحر العرب ، فاض في عدة نقاط في جنوب إقليم السند . \nواشارت هيئة الكوارث الى إجلاء 200 ألف شخص على الأقل حتى الآن من ضفاف النهر . \nوتوقع رسول هطول المزيد من الأمطار الأسبوع الجاري. \nواودت الفيضانات بحياة نحو 400 شخص واتلفت محاصيل مزروعة فى آلاف الافدنة العام الماضي خلال الرياح الموسمية التي تبدأ في منتصف تموز/يوليو وتنتهي في نهاية آب/أغسطس . ",
    "date_extracted": "2015-08-01 20:27:01"
}