{
    "url": "http://www.aleqt.com/2015/08/01/article_977926.html",
    "title": "صفقات الدمج والاستحواذ العالمية ترتفع  إلى 430 مليار دولار في يوليو",
    "author": "\"الاقتصادية\" من الرياض",
    "content": " أدى نمو أنشطة الاستحواذ التي تشمل شركات عاملة في قطاعات الرعاية الصحية والخدمات المالية والتجزئة إلى ارتفاع قيمة الصفقات العالمية المبرمة في تموز (يوليو) لأكثر من 430 مليار دولار لتسجل عمليات الدمج والاستحواذ هذا الشهر سابع أعلى مستوى شهري لها منذ بدء تسجيل البيانات. \nوأظهرت بيانات \"تومسون رويترز\" أنه جرى إبرام صفقات بلغ إجمالي قيمتها 436.4 مليار دولار حتى 30 تموز (يوليو)، من بينها 14 صفقة كبرى تتجاوز قيمة كل منها خمسة مليارات دولار. \nويقل إجمالي قيمة الصفقات في الشهر المنصرم عن مستواه في حزيران (يونيو) البالغ 546.8 مليار دولار، وهو أعلى مستوى شهري له على الإطلاق لكنه يزيد نحو 50 في المائة عن إجمالي قيمة الصفقات في تموز (يوليو) 2014. \nويمثل الشهر المنصرم ثاني أقوى أشهر تموز (يوليو) من حيث حجم الصفقات منذ بدء تسجيل البيانات في 1980. \nوكان \"جولدمان ساكس\" الأكثر مشاركة في الصفقات بين مصارف الاستثمار في تموز (يوليو) إذ قدم المشورة في صفقات بلغت قيمتها 148.8 مليار دولار، وعمل على 35 صفقة، من بينها خمس بين أكبر عشر صفقات هذا الشهر وفقا لـ \"تومسون رويترز\". \nوأظهرت البيانات أن \"جيه. بي مورجان\" جاء في المرتبة الثانية إذ قدم المشورة في 30 صفقة بقيمة 116.1 مليار دولار، يتبعه في المرتبة الثالثة \"مورجان ستانلي\" الذي عمل على 33 صفقة بقيمة 95.9 مليار دولار. \nوبلغ حجم أنشطة الدمج والاستحواذ العالمية 2.64 تريليون دولار منذ بداية العام الحالي بزيادة 41 في المائة على مستواه في الفترة نفسها من العام الماضي، وهو ما يرجع في الأساس إلى قفزة نسبتها 66 في المائة في الصفقات بالولايات المتحدة، وأخرى بنسبة 74 في المائة في الصين، إلى جانب ارتفاع الصفقات في بريطانيا إلى أكثر من مثليها. \nوقادت أنشطة الدمج والاستحواذ في قطاعي الرعاية الصحية والطاقة الصفقات العالمية هذا العام، إذ تم إبرام 1557 صفقة في قطاع الطاقة والكهرباء بقيمة 407 مليارات دولار بزيادة 67 في المائة على مستواها قبل عام، و1577 صفقة في قطاع الرعاية الصحية بقيمة 395 مليار دولار بزيادة 77 في المائة. ",
    "date_extracted": "2015-08-01 08:04:46"
}