{
    "url": "http://www.aleqt.com/2015/08/01/article_977952.html",
    "title": "مختصون يخترقون برمجيات بندقية",
    "author": "«الاقتصادية» من الرياض",
    "content": " أوجد مختصو الأمن الكمبيوتري الأمريكي، طريقة لاختراق التحكم في مهداف (جهاز تسديد) البندقية الموجهة ذاتيا من طراز \"تراكنك بوينت\"، \"أفاد بذلك الموقع الإلكتروني \"ويرد\". \nويمكن مهداف البندقية الإلكتروني الرماة من تأشير هدف بزر موجود في قوس التسديد. كما أنه يمكنهم من تحديد سرعة الريح ودرجة الحرارة للجو ووزن الطلقة، ثم يجب على صاحب البندقية تطبيق علامة التسديد على صورة الهدف بالضغط على الزناد، وسيتم إطلاق النار أوتوماتيكيا في لحظة اكتساب علامة التسديد اللون الأحمر. \nوقد نصبت في البندقية وحدة \"واي فاي\" التي تمكن صاحب البندقية من إرسال صورة الهدف من المهداف إلى جهاز \"آيباد\" أو هاتف \"آيفون\". وفي حال تشغيل اتصال \"واي فاي\" بالبندقية تتم حمايته بكلمة مرور عادية يمكن اختراقها بسهولة، وإدخال تعديلات في الهدف الذي يجب أن تصيبه الرصاصة. \nواستطاع الهاكرز تنفيذ عملية الاختراق بعد تفكيك إحدى البندقيتين المتوافرتين لديهم. واستعرضوا في مقطع فيديو سجلوه خصيصا لموقع \"ويرد\" كيفية الاختراق وإعادة برمجة البندقية. ويبيّن مقطع الفيديو أن البندقية تصيب بعد اختراق برمجياتها هدفا واقعا بالقرب من الهدف المحدد لها. \nفيما أشار المختصون إلى أن البندقية لا يمكن أن تطلق الرصاص من تلقاء نفسها؛ لأن تصميمها لا يسمح بإصدار أمر بإطلاق النار من دون الضغط على الزناد. ",
    "date_extracted": "2015-08-01 08:03:11"
}