{
    "url": "http://www.aleqt.com/2015/08/01/article_978030.html",
    "title": "نائب الرئيس اليمني يصل إلى عدن",
    "author": "عدن - واس",
    "content": " وصل إلى مدينة عدن اليوم نائب رئيس الجمهورية اليمنية رئيس مجلس الوزراء خالد محفوظ بحاح ومعه عدد من الوزراء في زيارة هي الأولى للمدينة منذ تحريرها من ميليشيا التمرد الحوثية والمخلوع علي عبدالله صالح بدعم من قوات التحالف العربي. \nوذكرت مصادر يمنية أنه من المقرر أن يشرف نائب الرئيس اليمني خلال هذه الزيارة على جهود الحكومة لإنجاز أعمال الإغاثة ومواصلة العمليات العسكرية لتأمين محافظة عدن وتحرير باقي المحافظات. ",
    "date_extracted": "2015-08-01 14:36:57"
}