{
    "url": "http://www.aleqt.com/2015/07/31/article_977800.html",
    "title": "تونس تمدد حالة الطوارىء لشهرين",
    "author": "تونس : أ ف ب",
    "content": " اعلنت الرئاسة التونسية في بيان الجمعة ان حالة الطوارىء التي اعلنت في الرابع من تموز/يوليو في البلاد لثلاثين يوما بسبب استمرار خطر الاعتداءات الجهادية تم تمديدها لشهرين. \nوقالت الرئاسة \"بعد التشاور مع رئيس الوزراء ورئيس البرلمان، قرر رئيس الجمهورية تمديد حالة الطوارىء على كامل التراب التونسي لشهرين اعتبارا من الثالث من اب/اغسطس 2015\". ",
    "date_extracted": "2015-07-31 18:16:54"
}