{
    "url": "http://www.aleqt.com/2015/08/03/article_978580.html",
    "title": "إغلاق مطار في اندونيسيا إثر خروج طائرة عن المدرج بسبب الأمطار الغزيرة",
    "author": "جاكرتا :د ب أ",
    "content": " لايزال مطار مدينة بادانج الاندونيسية مغلقا اليوم الاثنين بعد أن تجاوزت طائرة ركاب تقل 178 شخصا المدرج بسبب هطول امطار غزيرة، بحسب مسؤول في شركة طيران. \nوقال بيني بوتار بوتار، المتحدث باسم شركة طيران سيتي لينك المشغلة للطائرة، إن ثلاثة أشخاص كانوا على متن الطائرة أصيبوا بجروح طفيفة في الحادث الذي وقع في مطار مينانجكاباو الدولي مساء الأحد. \nوقال إن الطائرة، التي تخدم على مسار جاكرتا- بادانج ، تم سحبها إلى مكان آمن. \nوأشار بيني إلى أن الحادث تسبب في تأخير عدة رحلات. ",
    "date_extracted": "2015-08-03 21:17:53"
}