{
    "url": "http://www.aleqt.com/2015/08/01/article_977992.html",
    "title": "44 مليونا لدي ماريا بلا ضرائب",
    "author": "باريس ــ د. ب. أ:",
    "content": " وافق النجم الأرجنتيني أنخيل دي ماريا لاعب نادي مانشستر يونايتد الإنجليزي، على البنود الشخصية لصفقة انضمامه إلى باريس سان جيرمان الفرنسي، ومن المقرر أن يتوجه إلى العاصمة الفرنسية باريس الأسبوع المقبل ليكمل إجراءات انتقاله. \nوذكرت إذاعة \"راديو مونت كارلو\" أن دي ماريا سيوقع عقدا لمدة أربعة أعوام مقابل 11 مليون يورو خالصة من الضرائب للعام الواحد \"أي 44 مليون يورو في أربعة أعوام\"، وسيكون موجودا في باريس يوم الإثنين أو الثلاثاء من الأسبوع المقبل للخضوع للفحص الطبي. \nوذكرت إذاعة \"راديو مونت كارلو\" وصحيفتا \"ليكيب\" الفرنسية و\"ديلي ميل\" البريطانية أنه جرى التوصل إلى اتفاق بشأن صفقة تبلغ قيمتها الإجمالية 63 مليون يورو. \nويتردد أن لاعب ريال مدريد الإسباني السابق لا يزال موجودا في الأرجنتين، حيث يتلقى العلاج من إصابة في الفخذ تعرض لها خلال مشاركته مع منتخب بلاده في كأس أمم أمريكا الجنوبية (كوبا أميركا 2015). ",
    "date_extracted": "2015-08-01 08:07:32"
}