{
    "url": "http://www.aleqt.com/2015/07/31/article_977720.html",
    "title": "مؤشر الأسهم اليابانية يغلق على ارتفاع",
    "author": "طوكيو: واس",
    "content": " ارتفع مؤشر نيكي للأسهم اليابانية في ختام جلسة متقلبة اليوم مع تفاؤل المستثمرين بنتائج فصلية قوية لشركات يابانية وتحسن معنوياتهم بفضل انحسار تقلبات الأسهم الصينية. \nوأغلق مؤشر نيكي القياسي مرتفعًا بنسبة 0.3 % إلى 20585.24 نقطة. \nوارتفع المؤشر توبكس الأوسع نطاقًا 0.8 % إلى 1659.52 نقطة, بينما زاد المؤشر جيه.بي.اكس-نيكي 400 بنسبة 0.7 % ليغلق عند 14961.66 نقطة. ",
    "date_extracted": "2015-07-31 18:17:46"
}