{
    "url": "http://www.aleqt.com/2015/08/02/article_978263.html",
    "title": "الأمم المتحدة : مقتل وإصابة 3440 عراقيًا خلال شهر يوليو الماضي",
    "author": "بغداد : واس",
    "content": " أعلنت بعثة الأمم المتحدة في العراق \"يونامي\" مقتل وإصابة 3440 عراقيًا خلال شهر يوليو الماضي جراء أعمال العنف التي شهدتها البلاد . \nوذكر بيان للبعثة الأممية أن \" عدد القتلى بلغ 1332 عراقيًا بما فيهم المدنيون ومنتسبو قوات الشرطة المدنية بينما بلغ عدد الجرحى 2108 جرحى\". \nوأوضح البيان أن عدد القتلى المدنيين بلغ 844 شخصًا من بينهم 27 من منتسبي قوات الشرطة المدنية فيما بلغ عدد الجرحى المدنيين 1616 شخصاً من بينهم 38 منتسبًا من قوات الشرطة المدنية. \nوأشار البيان إلى مقتل 488 عنصراً من منتسبي قوات الأمن العراقية من ضمنهم عناصر من قوات البيشمركة ، وقوات المهام الخاصة، ولا تشمل هذه الحصيلة ضحايا العمليات العسكرية في محافظة الأنبار فيما بلغ عدد الجرحى 492 جريحًا. \nوبحسب إحصائية \"يونامي\" فإن محافظة بغداد كانت الأكثر تضرراً ، إذ بلغ مجموع الضحايا المدنيين 1091 شخصًا ( 335 قتيلاً و 756 جريحًا) . \nوقال الممثل الخاص للأمين العام للأمم المتحدة في العراق يان كوبيش إنه ومنذ الهجمات التي شنها تنظيم داعش الإرهابي الصيف الماضي ، أضحى العراق يعيش في مرحلة من أكثر المراحل صعوبة في تاريخه الحديث. \nوأكد المبعوث الأممي الحاجة إلى اتخاذ إجراءات حازمة ضد داعش بتعاون جميع المكونات العراقية، معتبرًا أن الخسائر البشرية للصراع ومعاناة الشعب العراقي هائلة ومثيرة للقلق العميق. ",
    "date_extracted": "2015-08-02 23:34:33"
}