{
    "url": "http://www.aleqt.com/2015/07/31/article_977702.html",
    "title": "مهرجان العسل في أبها يسجل مبيعات بـ 300 ألف ريال",
    "author": "\"الاقتصادية\" من الرياض",
    "content": " سجل مهرجان العسل في ساحة المفتاحة الخارجية, مبيعات مرتفعة وعائدا اقتصاديا تجاوز 300 ألف في أول ثلاثة أيام لانطلاقته، ضمن فعاليات \"مهرجان أبها يجمعنا\". \nوأوضح مدير المهرجان عائض بن محيا, أن المهرجان يشهد مشاركة 27 نحالا من مناطق مكة المكرمة، والباحة، وعسير، وجازان، والقصيم، مشيرا إلى أنه يتم عرض أكثر من ثلاثة آلاف كيلوجرام من مختلف أنواع العسل الطبيعي المنتج محليا، بأسعار تراوح بين 150 ــ 300 ريال للكيلو، ما يتيح لهم خيارات متعددة لاختيار هداياهم، فضلا عن مشاركة عدد من المهتمين بأدوات النحل الأخرى كالبراويز وبيوت النحل. \nوأفاد أن المهرجان يتيح الفرصة للتسويق الحر في مكان مجهز ومعد لذلك، مشددا على أهمية الاعتناء بالعسل والارتقاء بجودته، داعيا النحالين والمهتمين بهذا المنتج ورجال الأعمال إلى دعم المنتجين لتطوير منتجاتهم والمحافظة عليها. ",
    "date_extracted": "2015-07-31 04:25:38"
}