{
    "url": "http://www.aleqt.com/2015/08/01/article_978048.html",
    "title": "3 شابات روسيات يتحايلن على مقاتلي \"داعش\" ويحصلن على 200 ألف روبل",
    "author": "جروزني : الألمانية",
    "content": " تحايلت ثلاث شابات روسيات على أنصار لتنظيم \"داعش\" الإرهابي على الإنترنت حيث ادعين الاستعداد للسفر إلى سورية، واستولين على الأموال المخصصة للسفر. \nوقالت السلطات في جمهورية الشيشان في شمال القوقاز إن الفتيات الثلاث يقبعن في الوقت الراهن قيد الإقامة الجبرية في منازلهن وذلك بعد أن وضعن هويات مزورة لهن على شبكات التواصل الاجتماعي وتحصلن على نحو 200 ألف روبل من المروجين للتنظيم الإرهابي. \nواستبعدت السلطات وصول الواقعة إلى القضاء حيث نقلت وسائل إعلام محلية اليوم السبت عن ماجوميد دينييف من وزارة الداخلية الشيشانية في جروزني قوله:\"من الصعب تصور ظهور مقاتلي التنظيم الذين تم خداعهم أمام الشرطة\". ",
    "date_extracted": "2015-08-01 20:26:42"
}