{
    "url": "http://www.aleqt.com/2015/08/02/article_978218.html",
    "title": "هطول أمطار من متوسطة إلى غزيرة على بعض مناطق المملكة",
    "author": "«الاقتصادية» من الرياض",
    "content": " هطلت أمس أمطار من متوسطة إلى غزيرة على منطقة جازان، شملت المرتفعات الجبلية والمحافظات الشرقية والمراكز والقرى التابعة لها، وسالت على إثرها عدد من السيول والأودية. \nوأوضح الرائد محمد بن حسن آل صمغان، نائب الناطق الإعلامي لمديرية الدفاع المدني في منطقة جازان، أنه تم إبلاغ إدارات الدفاع المدني في المحافظات والمراكز لاتخاذ الاحتياطات والاستعداد لمواجهة أي حوادث تنتج عن الأمطار، داعيا المواطنين والمقيمين إلى الالتزام بالتعليمات وعدم النزول إلى الأودية أثناء جريانها، واتباع تعليمات دوريات السلامة الموجودة عند الأودية. \nكما شهدت منطقة عسير أيضا هطول أمطار غزيرة على مدينة أبها وضواحيها، ومتنزهات الأمير سلطان، والفرعا، والحبلة، رسمت البسمة والمتعة على محيا زوار المنطقة في أجواء ربيعية ممطرة. \nفيما سجلت المتنزهات الواقعة على مرتفعات عسير كمتنزه السودة غربي أبها ومتنزه السحاب في بني مازن أجواء باردة بعد هطول الأمطار، لتحيط بها الكتل الضبابية من كل \nجانب. وتوقعت الرئاسة العامة للأرصاد وحماية البيئة في تقريرها الأسبوعي للخمسة الأيام المقبلة عن مدينة أبها هطول أمطار رعدية، مع تفاوت في درجات الحرارة الصغرى ما بين 18 إلى 21 درجة مئوية. \nوأفاد العقيد محمد بن عبدالرحيم العاصمي الناطق الإعلامي في مديرية الدفاع المدني في منطقة عسير، بأن مركز القيادة والسيطرة في المنطقة تلقى تنبيهًا من الرئاسة العامة للأرصاد وحماية البيئة عن حالة الطقس المتوقعة - بمشيئة الله تعالى - لهذا اليوم، يُفيد عن هطول أمطار رعدية من متوسطة إلى غزيرة، مصحوبة بزخات من البرد، ورياح نشطة على منطقة عسير تشمل مدينة أبها، ومحافظتي النماص، ورجال ألمع، ومراكز السودة، والواديين، والشعبين، وتستمر حتى الساعة الـ 6 مساءً. \nوأهاب العقيد العاصمي بالمواطنين والمقيمين بأخذ الحيطة والحذر والابتعاد عن مجاري الأودية والسيول واتباع تعليمات وإرشادات الدفاع المدني, متمنياً للجميع السلامة. ",
    "date_extracted": "2015-08-02 23:34:24"
}