{
    "url": "http://www.aleqt.com/2015/07/31/article_977813.html",
    "title": "رسمياً : والكوت وكازورلا يمددان تعاقدهما مع الآرسنال",
    "author": "لندن : د ب أ",
    "content": " أعلن نادي أرسنال الإنجليزي لكرة القدم اليوم الجمعة أنه مدد فترة تعاقده مع المهاجم ثيو والكوت ولاعب خط الوسط سانتي كازورلا ، لكنه لم يكشف عن تفاصيل العقود الجديدة. \nوذكرت هيئة الإذاعة البريطانية (بي.بي.سي) أن والكوت وقع عقدا لمدة أربعة أعوام يحصل بموجبه على راتب أسبوعي قيمته 140 ألف جنيه إسترليني (218 ألف دولار) ، حيث كان من المفترض أن ينتهي عقده الحالي بنهاية الموسم المقبل. \n \nوقال الفرنسي آرسين فينجر المدير الفني لأرسنال \"إننا سعداء بتمديد فترة التعاقد مع سانتي وثيو. إنهما لاعبان يمتلكان قدرات عالية ويمثلان أهمية كبيرة وتأثيرا بفريقنا.\" \nوأضاف \"إننا سعداء للغاية بالتمديد مع كل منهما، حيث أن ذلك يمنح فريقنا المزيد من الاستقرار للكفاءات.\" \n \nويعد والكوت 26/ عاما/ اللاعب الأكثر استمرارية مع أرسنال في الوقت الحالي وقد سجل 76 هدفا خلال 302 مباراة خاضها منذ أن انضم للفريق قادما من ساوثهامبتون عام 2006 . \nوأحرز لاعب المنتخب الإنجليزي والكوت سبعة أهداف خلال 21 مباراة خاضها بالموسم الماضي بعد تعافيه من إصابة في الركبة أبعدته عن الملاعب لمدة عشرة أشهر. \n \nوأحرز والكوت ثلاثية (هاتريك) في شباك ويست برومويتش ألبيون في آخر مباراة بالدوري ثم افتتح التسجيل لأرسنال بعدها بأسبوع في شباك أستون فيلا في المباراة التي انتهت بفوز فريقه 4 - صفر بنهائي كاس الاتحاد الإنجليزي. \n \nأما كازورلا ، فكان الأكثر مشاركة في الموسم الماضي بالفريق ، حيث خاض 53 مباراة وسجل ثمانية أهداف مع الدفع به في مركز متقدم في خط الوسط. \nوأحرز الأسباني الدولي كازورلا 30/ عاما/ 27 هدفا في إجمالي 148 مباراة خاضها بقميص أرسنال منذ أن انضم إليه قادما من ملقة الأسباني عام 2012 . ",
    "date_extracted": "2015-07-31 18:18:49"
}