{
    "url": "http://www.aleqt.com/2015/08/02/article_978420.html",
    "title": "وزيرا العمل والإسكان يبحثان محفزات قطاع الإسكان",
    "author": "الرياض:م واس",
    "content": " استقبل وزير العمل الدكتور مفرج بن سعد الحقباني, اليوم، في مقر وزارة العمل بمدينة الرياض وزير الإسكان ماجد بن عبد الله الحقيل . وجرى خلال اللقاء بحث آلية التعاون المشترك بين الوزارتين، وكيفية تقديم محفزات لقطاع الإسكان من خلال توفير العمالة المناسبة كماً ونوعًا، وذلك بحضور عدد من القيادات في وزارة الإسكان والعمل. ",
    "date_extracted": "2015-08-02 23:35:27"
}