{
    "url": "http://www.aleqt.com/2015/07/31/article_977760.html",
    "title": "امرأة مسنة تصدم زوجها وتدهسه بطريق الخطأ في كاليفورنيا",
    "author": "سان فرانسيسكو :(رويترز",
    "content": " قالت الشرطة أمس الخميس إن امرأة مسنة في كاليفورنيا صدمت زوجها المسن ودهسته بالسيارة بطريق الخطأ عندما استخدمت بدال التحرك بدلا من المكابح. \nوقال جون فرانسين قائد شرطة الطريق السريع في كاليفورنيا إن الزوج كان يرشد زوجته لادخال السيارة بمكان الانتظار أمام منزلهما في منطقة مارتينيز الواقعة على بعد 58 كيلومترا شمال شرقي سان فرانسيسكو صباح أمس الأربعاء عندما وقع الحادث. \nوقال فرانسين إن الزوج كان يقف أمام السيارة عندما ضغطت زوجته على البدال الخطأ دون قصد وصعدت فوقه بالسيارة. وصدمت السيارة بعد ذلك بالحائط الخلفي لمكان الانتظار ثم الباحة الخلفية. \nواضاف ان الرجل كان واعيا عندما نقل إلى مستشفى محلي لكنه توفي لاحقا متأثرا باصاباته. والاثنان في الثمانينات من العمر. \nوقال فرانسين \"ننظر إلى الأمر باعتباره مجموعة من الملابسات السيئة ونشاطرها هي وأسرتها الأحزان.\" \nواستطرد قائلا \"لكننا سنرى ما يسفر عنه التحقيق.\" \nوقال إنه من غير المعتقد ان تكون للمخدرات والمشروبات الكحولية أي دور في الحادث. ",
    "date_extracted": "2015-07-31 18:18:40"
}