{
    "url": "http://www.aleqt.com/2015/07/29/article_977285.html",
    "title": "قرية الصيادين في الصين",
    "author": "وكالات",
    "content": " صور بثتها وكالة رويترز لواحدة من أصل 400 جزيرة ضمن أرخبيل جزر الصيادين في الصين والتي كانت تضم نحو ألفي صياد، هاجر أغلبهم القرية نظرا لنقص الخدمات لتصبح مكانا مهجورا يقصده السياح الأثرياء للاطلاع على روعة الغطاء النباتي الذي يرخي بأوراقه على المنازل فلا يظهر منها إلا اللون الأخضر. \n \n \n \n \n \n \n \n \n ",
    "date_extracted": "2015-07-31 04:25:58"
}