{
    "url": "http://www.aleqt.com/2015/07/31/article_977662.html",
    "title": "رئيس الجالية اليمنية: دعم السعودية للشعب اليمني تجسيد للضمير العربي والإسلامي",
    "author": "“الاقتصادية” من جدة",
    "content": " وصف مهدي حاتم النهاري رئيس الجالية اليمنية في السعودية، والمجلس الأعلى للجاليات اليمنية حول العالم، الدور الذي تقوم به المملكة لإغاثة الشعب اليمني بالبطولي الذي سيسطره التاريخ بحروف من ذهب، وثمّن الوقفة الصادقة للسعودية وحكومتها بقيادة خادم الحرمين الشريفين الملك سلمان بن عبد العزيز ودعمها المتواصل على جميع الأصعدة خدمة للقضية اليمنية التي تجسد الضمير العربي والإسلامي، ولا سيما إنقاذها للشعب اليمني الذي عانى طوال الفترة الماضية بسبب ميليشيات الحوثي وأتباع المخلوع علي عبد الله صالح. \nوأكد النهاري أن الجهود السعودية على الصعيد الرسمي والشعبي لا يمكن تقديرها أو وصفها، حيث جسدت الأصالة العربية والتعاليم الإسلامية عندما هبت لإغاثة ومساعدة أبناء الشعب اليمني، والمحافظة على حياة الإنسان وكرامته وصحته امتداداً للدور الإنساني للمملكة ورسالتها العالمية في هذا المجال، لافتاً إلى أن مركز الملك سلمان للإغاثة والأعمال الإنسانية أكبر تجسيد لذلك، بعد أن أعلن خادم للحرمين الشريفين عن تخصيص مليار ريال استجابة للاحتياجات الإنسانية والإغاثية للشعب اليمني. \nوأضاف رئيس الجالية اليمنية: لا نستغرب المواقف البطولية للمملكة في شتى المجالات، ووقوفها لمساندة اليمن ودعمه لعودة الاستقرار والطمأنينة للشعب اليمني، فهي تجسد الضمير العربي والإسلامي وتعمل منذ الأزل على تحقيق الاستقرار والأمان في المنطقة، لافتاً إلى أن إسهاماتها لا تتوقف لدعم الشعوب على مستوى العالم، والدول العربية والإسلامية على وجه الخصوص، حيث لم تتأخر عن مساندة الدول التي تعاني ظروفاً اقتصادية صعبة، الأمر الذي رسخ مكانة المملكة وخادم الحرمين الشريفين الملك سلمان بن عبد العزيز بين قادة ورؤساء وزعماء دول العالم، وزاد احترام الجميع لهذا القائد الحكيم المحنك، فهنيئاً للمملكة بهذه الشخصية الفذة التي رسخت أقدامها بقوة على الصعيد الدولي. \nوأوضح النهاري أن السعودية التي خاضت حرباً شريفة وجمعت حلفاءها من أجل مساندة ودعم اليمن وتطهيره من الحوثيين وإعادة الأمن والطمأنينة لأهله، أكملت دورها الرائد بأعمال الخير والإغاثة التي تضطلع بها، حيث وجهت رسالة واضحة للعالم مفادها أن هذا الوطن عنوان للسلم والسلام والحرص على حياة الإنسان وكرامته، وديدنه بذل الغالي والنفيس لرفع المعاناة ومساعدة الشعوب والمجتمعات المتضررة، من منطلق مساعدة الشعب اليمني الشقيق الأمر الذي سيكون له بإذن الله أكبر الأثر في تخفيف معاناة الأشقاء في اليمن. \nوأشار إلى أن الجسر الجوي الإغاثي والسفن التي أمر خادم الحرمين الشريفين بإرسالها بشكل مستمر، وتكفل مركز الملك سلمان بإعادة تشغيل بعض المستشفيات والمراكز الصحية في اليمن خدمة لأبناء اليمن من المرضى والمصابين، والدور الذي يلعبه المركز ومنسوبوه لإعادة العالقين، وتكفلهم بحل أوضاع اللاجئين اليمنيين في جيبوتي وإعادة الراغبين في العودة من هناك لليمن، كل ذلك أمر يثلج صدور كل أبناء الشعب اليمني ويزيد من أواصر الحب للمملكة العربية السعودية حكومة وشعباً. ",
    "date_extracted": "2015-07-31 04:26:39"
}