{
    "url": "http://www.aleqt.com/2015/08/02/article_978221.html",
    "title": "«أمانة نجران» تنفذ حدائق جديدة بتكلفة إجمالية 9.9 مليون ريال",
    "author": "«الاقتصادية» من الرياض",
    "content": " تنفذ أمانة منطقة نجران حالياً عدداً من الحدائق الجديدة داخل أحياء مدينة نجران بتكلفة إجمالية بلغت 9.897.953 ريالا. \nوأوضح المهندس فارس الشفق، أمين المنطقة أن الحدائق تقوم بدور اجتماعي من خلال خدمة سكان الأحياء وتوفير جو ترفيهي للعائلات والشباب على حد سواء، سعياً من الأمانة الى تحقيق التوازن البيئي ودعم قطاع الترفيه. من جانبه بين المهندس علي بن محمد آل حرفش، وكيل الأمين للتعمير والمشاريع أنه يتم حالياً إنشاء سبع حدائق وساحات وممرات مشاة في عدد من الأحياء السكنية داخل مدينة نجران، على مساحة تبلغ66.000 متر مربع, وتشمل حي الأملاح، وحي الفيصلية، وحي الفهد الشمالي، تحتوي على ملاعب رياضية مخصصة للأطفال، وملاعب لكرة القدم، وكرة السلة، وكرة الطائرة، و100 عمود إضاءة ديكورية، في حين تبلغ المساحة المزروعة 14.000 متر مربع من المسطحات الخضراء وأشجار الظل، والنخيل، إضافة إلى تجهيزها بالمظلات والمشايات والألعاب الرياضية. \nوأفاد أن أمانة منطقة نجران ستواصل زيادة المسطحات الخضراء والتشجير في جميع المواقع المتاحة لتكون متنفساً لأهالي المنطقة وزوارها، من خلال إنشاء الحدائق العامة والساحات البلدية ومشاريع التجميل. ",
    "date_extracted": "2015-08-02 23:37:27"
}