{
    "url": "http://www.aleqt.com/2015/08/02/article_978260.html",
    "title": "اعتقال 30 مهاجرًا غير شرعي جنوبي ليبيا",
    "author": "طرابلس : واس",
    "content": " تمكن حرس الحدود الليبي من توقيف ثلاث سيارات محملة بحوالي 30 مهاجرًا غير شرعي بمنطقة الجغبوب جنوبي ليبيا. وأفاد مصدر عسكري ليبي في تصريح له اليوم أن كل سيارة كان من بين مستقليها شخصان ليبيان وحوالي 10 مهاجرين غير شرعيين من جنسيات أفريقية. ",
    "date_extracted": "2015-08-02 23:34:28"
}