{
    "url": "http://www.aleqt.com/2015/08/01/article_977965.html",
    "title": "«مكافحة المخدرات» تطالب المختصين  في الأمانات بالتنسيق معها لتحقيق التوافق",
    "author": "سلمان آل مطر من جدة",
    "content": " طالبت اللجنة الوطنية لمكافحة المخدرات, بتوجيه المختصين في الأمانات, بأن تكون برامجهم الوقائية تحت شعار المشروع الوطني \"نبراس\", وأن يتم التنسيق مع الأمانة العامة للجنة الوطنية لمكافحة المخدرات بهدف تحقيق التوافق بين الجهات الحكومية والأهلية. \nووجه عبداللطيف آل الشيخ, وزير الشؤون البلدية والقروية, المختصين للتنسيق بأن يكون إعداد البرامج الوقائية المماثلة تحت شعار المشروع الوطني, وللتنسيق مع الأمانة العامة للجنة الوطنية لمكافحة المخدرات، حيث نصت القرارات, على أن تسعى اللجنة الوطنية لمكافحة المخدرات إلى تحقيق التناغم والانسجام وتنسيق الجهود بين الجهات الحكومية والأهلية ذات العلاقة بمكافحة المخدرات. \nوتضمنت القرارات, أن تقوم اللجنة الوطنية لمكافحة المخدرات بالتنسيق والمتابعة مع الأجهزة الأمنية فيما يتعلق بتنفيذ الخطط والبرامج المرسومة لمكافحة المخدرات لتحقيق الترابط والتكامل بين أعمالها وتنظيم جهود الجهات الحكومية والأهلية في هذا المجال. \nوأشارت الأمانة العامة للجنة الوطنية لمكافحة المخدرات, إلى انطلاق أعمال المشروع الوطني للوقاية من المخدرات \"نبراس\", على أساس الشراكة والتنسيق مع الجهات ذات العلاقة في مواجهة مكافحة المخدرات, الحكومية منها والأهلية. \nويأتي ذلك سعيا من اللجنة الوطنية لمكافحة المخدرات, لتحقيق التكامل وتوحيد الجهود وتسهيل أعمال المشروع الوطني بكامل برامجه لتحقيق الأهداف المرجوة منه. \nوأبلغت اللجنة الوطنية لمكافحة المخدرات, وزارة الشؤون البلدية والقروية, بحسب (خطاب حصلت \"الاقتصادية\" على نسخة منه), أن المشروع يجب أن يشتمل على مجموعة من البرامج التوعوية الموجهة لأفراد المجتمع بهدف توعيتهم ووقايتهم من آفة المخدرات والحد من انتشارها حسبما يتضح من الوثيقة والمشروع الوطني, والمبنية على التجارب والدراسات المحلية والإقليمية والدولية. \nوتابعت أنه تحقيقا للهدف الأساس للجنة الوطنية لمكافحة المخدرات, ووفقا لما جاء بالمواد المنصوص عليها في قرار مجلس الوزراء, وسعيا لتحقيق التكامل وتوحيد الجهود وتسهيل أعمال المشروع الوطني بكامل برامجه لتحقيق الأهداف المرجوة منه, فنأمل تعميد الجهة المختصة لديكم عند قيامها بإعداد أي برامج وقائية مماثلة أن تكون تحت شعار \"نبراس\", توحيدا للجهود وتكاملها والتنسيق مع الأمانة العامة للجنة الوطنية لمكافحة المخدرات بهذا الخصوص. ",
    "date_extracted": "2015-08-01 08:05:13"
}