{
    "url": "http://www.aleqt.com/2015/08/01/article_977921.html",
    "title": "استقرار أسعار النفط رغم زيادة المعروض وتراجع الدولار",
    "author": "«الاقتصادية» من الرياض",
    "content": " استقرت أسعار النفط أمس بعدما عوض الانخفاض الحاد للدولار أثر تنامي تخمة المعروض في وقت يقترب فيه إنتاج الأعضاء الأساسيين في \"أوبك\" من مستويات قياسية. \nوأظهر مسح شهري أجرته \"رويترز\" لإنتاج المنظمة أنه بلغ أكثر من 32 مليون برميل يوميا في الشهر الحالي بزيادة بلغت 140 ألف برميل يوميا مقارنة بحزيران (يونيو). \nوأظهر المسح أن إنتاج السعودية بلغ نحو 10.6 مليون برميل يوميا ليقترب من أعلى مستوى له على الإطلاق فيما أسهم في إبقاء المعروض أعلى من الطلب العالمي ودعم عمليات ملء صهاريج التخزين. \nلكن تراجع الدولار بعد صدور بيانات أضعف من المتوقع بشأن الوظائف في الولايات المتحدة حد من انخفاض الأسعار، وهبط الدولار أكثر من 1 في المائة مقابل سلة عملات رئيسية.وتكبد \"برنت\" خامس خسائره الأسبوعية بعدما قلصت الأسعار مكاسبها في بداية الجلسة وتحولت إلى الهبوط. \nوأشار عبدالله البدري الأمين العام لـ \"أوبك\" أمس الأول إلى أن الدول الأعضاء في المنظمة لن تخفض إنتاج النفط قائلا \"إن ارتفاع الطلب سيحول دون مزيد من الانخفاض لأسعار النفط\". \nوأضاف أنه \"حتى إن خفضت \"أوبك\" الإنتاج بمقدار مليوني برميل يوميا فإن ذلك لن يدعم الأسعار\". \nوقال بن لو برون محلل السوق لدى أوبشنز إكسبريس في سيدني \"إن المستثمرين يترقبون صدور بيانات التوظيف الأمريكية وبيانات الأجور والتضخم في منطقة اليورو\". \nوقد تقدم البيانات الأمريكية مزيدا من الدلائل على ما إذا كان مجلس الاحتياطي الاتحادي (البنك المركزي الأمريكي) سيرفع أسعار الفائدة في أيلول (سبتمبر). \nونزل سعر الخام الأمريكي في عقود أيلول (سبتمبر) 61 سنتا إلى 47.91 دولار للبرميل بعد إغلاقه منخفضا 27 سنتا في الجلسة السابقة. \nووجدت أسعار النفط بعض الدعم في نزول مؤشر الدولار الذي يقيس أداء العملة الأمريكية أمام سلة من العملات في التعاملات الآسيوية وإن كان لا يزال قرب أعلى مستوياته في أسبوع. \nولامس المؤشر هذا المستوى بعد صدور بيانات تظهر نمو الناتج المحلي الإجمالي الأمريكي بنسبة 2.3 في المائة في الربع الثاني من العام. \nوانخفض سعر مزيج برنت في العقود الآجلة 25 سنتا إلى 53.06 دولار للبرميل، ونزل سعر الخام الأمريكي 30 سنتا إلى 48.22 دولار للبرميل. \nوأظهر المسح أن إنتاج منظمة البلدان المصدرة للبترول \"أوبك\" بلغ أعلى مستوياته الشهرية في السنوات الأخيرة في الشهر المنصرم حيث حافظ الأعضاء الرئيسيين في المنظمة على حماية حصتهم في السوق. \nوأشار المسح إلى أن معروض الإمدادات من \"أوبك\" ارتفع إلى 32.01 مليون برميل في تموز (يوليو) من 31.87 مليون برميل يوميا بعد التعديل في حزيران (يونيو)، ويستند المسح إلى بيانات ملاحية ومعلومات من مصادر في شركات نفط و\"أوبك\" وشركات استشارية. \nورفعت المنظمة الإنتاج أكثر من 1.7 مليون برميل يوميا منذ أن قررت في تشرين الثاني (نوفمبر) 2014 حماية حصتها في السوق من ارتفاع إنتاج المنافسين. \nوقد يزيد الاتفاق الذي توصلت إليه إيران والقوى العالمية هذ الشهر بخصوص أنشطة طهران النووية من المعروض في السوق عام 2016. \nويمثل إنتاج الدول الاثنتي عشرة الأعضاء في \"أوبك\" في تموز (يوليو) أعلى مستوياته منذ بدء تسجيل بيانات مسح رويترز في 1997. \nوجاءت أكبر زيادة في الإنتاج من العراق الذي كان أحد المحركات الرئيسية لارتفاع إنتاج \"أوبك\" هذا العام. \nوقفزت الصادرات من جنوب العراق فوق ثلاثة ملايين برميل يوميا بينما ظلت صادرات شمال العراق عبر ميناء جيهان التركي قرب مستويات حزيران (يونيو) رغم التوتر بين بغداد وحكومة إقليم كردستان بسبب مدفوعات الموازنة. \nوقالت مصادر في المسح \"إن السعودية أكبر منتج في \"أوبك\" أبقت على حجم الإنتاج مستقرا أو أعلى من حزيران (يونيو) الذي سجل مستوى قياسيا في الوقت الذي تلبي فيه الرياض ارتفاع الطلب العالمي والطلب المحلي من محطات الكهرباء والمصافي\". ",
    "date_extracted": "2015-08-01 08:04:39"
}