{
    "url": "http://www.aleqt.com/2015/08/02/article_978180.html",
    "title": "930 مليون ريال فائض الميزان التجاري العُماني في 4 أشهر",
    "author": "«الاقتصادية» من الرياض",
    "content": " حقق الميزان التجاري لعُمان خلال الأشهر الأربعة الأولى من العام الجاري، فائضا بقيمة 930.3 مليون ريال عماني، بانخفاض قدره 69.4 في المائة مقارنة بالفترة نفسها من العام الماضي. \nوذكر المركز الوطني للإحصاء والمعلومات، أن قيمة الصادرات السلعية للسلطنة سجلت انخفاضا خلال الأشهر الأربعة الأولى من العام الجاري بنسبة 32.9 في المائة مقارنة بالفترة نفسها من العام الماضي. \nفيما بلغت 4.53 مليار ريال عماني، بينما انخفض إجمالي قيمة الواردات السلعية المسجلة بنسبة 3 في المائة وبلغت 3.60 مليار ريال عماني، حسبما نقلت وكالة الأنباء العمانية \"أونا\". \nوكان الميزان التجاري للسلطنة قد حقق العام الماضي فائضا بقيمة تسعة مليارات و195 مليون و700 ألف ريال عماني بارتفاع قدره 0.8 في المائة مقارنة بعام 2013. \nوأوضح المركز أن قيمة صادرات السلطنة من النفط والغاز الطبيعي المسال، قد انخفضت بنسبة 36.5 في المائة خلال الأشهر الأربعة الأولى من العام الجاري وبلغت مليارين و833 مليونا و500 ألف ريال عماني مقارنة بأربعة مليارات و463 مليونا و700 ألف ريال عماني خلال الفترة نفسها من العام الماضي. \nكما انخفضت قيمة صادرات السلطنة من النفط الخام بنسبة 38.6 في المائة وبلغت خلال الثلث الأول من العام الجاري مليارين و340 مليونا و800 ألف ريال عماني، بينما انخفضت قيمة الصادرات من النفط المصفى بنسبة 46.2 في المائة وبلغت 61.4 مليون ريال عماني مقارنة بـ 120.8 مليون ريال عماني خلال الفترة نفسها من العام الماضي، وانخفضت قيمة الصادرات من الغاز الطبيعي المسال بنسبة 18.5 في المائة وبلغت قيمتها 431 مليون و300 ألف ريال عماني. \nوكان إنتاج السلطنة من النفط خلال الثلث الأول من العام الجاري، قد ارتفع بنسبة 2.3 في المائة وبلغ متوسط الإنتاج 963.9 برميل يوميا، بينما ارتفع الإنتاج والاستيراد من الغاز الطبيعي بنسبة 5.5 في المائة خلال الفترة نفسها وارتفع إجمالي الصادرات النفطية بنسبة 8.8 في المائة. \n بينما انخفض متوسط سعر برميل النفط العماني خلال الأشهر الأربعة الأولى من هذا العام بنسبة 42.7 في المائة، وبلغ 60.5 دولار أمريكي للبرميل مقارنة بـ 105.73 دولار أمريكي خلال الفترة نفسها من العام الماضي. وبينت النشرة، أن الصادرات السلعية غير النفطية سجلت انخفاضا بنسبة 20 في المائة وبلغ إجمالي قيمتها مليارا وسبعة ملايين و800 ألف ريال عماني مقارنة بمليار و260 مليون ريال عماني خلال الأشهر الأربعة الأولى من العام الماضي منها صادرات منتجات معدنية بقيمة 184.4 مليون ريال عماني بنسبة انخفاض قدرها 54.8 في المائة. \nوبلغ إجمالي قيمة الصادرات من مصنوعات لدائن ومطاط 83.5 مليون ريال عماني بنسبة انخفاض بلغت 33.9 في المائة مقارنة بالفترة نفسها من العام الماضي، فيما بلغ إجمالي قيمة الصادرات من منتجات الصناعات الكيماوية 250.8 مليون ريال عماني بنسبة نمو بلغت 12.6 في المائة. \nبينما بلغ إجمالي قيمة الصادرات من المعادن ومصنوعاتها 228.4 مليون ريال عماني بنسبة انخفاض قدرها 3.6 في المائة والمنتجات الأخرى من الصادرات غير النفطية 260.7 مليون ريال عماني. \nوفيما يتعلق بواردات السلطنة المسجلة من السلع خلال الأشهر الأربعة الأولى من العام الجاري، فقد حققت الواردات من المعادن العادية ومصنوعاتها والآلات والأجهزة والمعدات الكهربائية وأجزائها ومن منتجات صناعة الأغذية والمشروبات ارتفاعا بلغت نسبته 6.3 في المائة و5.1 في المائة و0.9 في المائة على التوالي. \nوبلغت قيمة الواردات من المعادن العادية ومصنوعاتها 436 مليونا و800 ألف ريال عماني مقارنة بـ 411 مليونا و100 ألف ريال عماني خلال الفترة نفسها من العام الماضي، فيما بلغت قيمة الواردات المسجلة من الآلات والأجهزة والمعدات الكهربائية وأجزائها 658 مليونا و800 ألف ريال عماني وقيمة الواردات من 144 مليونا و700 ألف ريال عماني. \nوتصدرت الإمارات قائمة الشركاء التجاريين للسلطنة بالنسبة للصادرات والواردات العمانية غير النفطية وإعادة التصدير، حيث بلغ إجمالي قيمة الصادرات العمانية غير النفطية إلى دولة الإمارات خلال الأشهر الأربعة الأولى من العام الجاري 206 ملايين و400 ألف ريال عماني مقابل 228 مليونا و400 ألف ريال عماني خلال الفترة نفسها من العام الماضي بانخفاض بلغت نسبته 9.6 في المائة. وبلغت قيمة منتجات إعادة التصدير 394 مليونا و900 ألف ريال عماني بانخفاض قدره 14.9 في المائة، وبلغت قيمة الواردات العمانية من دولة الإمارات مليارا و137 مليونا و300 ألف ريال عماني مقابل مليار و167 مليونا و600 ألف ريال خلال الأشهر الأربعة الأولى من العام الماضي بانخفاض نسبته 0.5 في المائة. \nوجاءت السعودية في المرتبة الثانية في مجالي الصادرات وإعادة التصدير والمرتبة الخامسة في قائمة الدول الموردة للسلطنة حيث بلغ إجمالي قيمة الصادرات العمانية غير النفطية إلى السعودية 136 مليونا و200 ألف ريال عماني بانخفاض نسبته 18 في المائة مقارنة بالفترة نفسها من العام الماضي، وبلغت قيمة البضائع المعاد تصديرها إلى السعودية 104 ملايين و800 ألف ريال عماني، فيما بلغت قيمة واردات السلطنة من السعودية 166 مليونا و600 ألف ريال عماني. \nوجاءت اليابان في المرتبة الثانية في قائمة الدول المصدرة للسلطنة حيث بلغ إجمالي قيمة الواردات غير النفطية 364 مليونا و100 ألف ريال عماني، وتصدرت اليابان قائمة الدول المستوردة للنفط العماني بما قيمته ملياران و819 مليونا و300 ألف ريال عماني خلال الأشهر الأربعة الأولى من العام الجاري، فيما جاءت كوريا الجنوبية في المرتبة الثانية بإجمالي قيمة واردات من النفط العماني بلغت مليارا و979 مليونا و700 ألف ريال عماني. ",
    "date_extracted": "2015-08-02 23:37:04"
}