{
    "url": "http://www.aleqt.com/2015/08/01/article_977900.html",
    "title": "الملك والسيسي: إعلان القاهرة يحمل مضامين عليا ومهمة .. وعلاقاتنا استراتيجية وتكاملية",
    "author": "«الاقتصادية» من الرياض",
    "content": " أجرى خادم الحرمين الشريفين الملك سلمان بن عبدالعزيز، اتصالا هاتفيا أمس بالرئيس عبدالفتاح السيسي رئيس مصر أكدا خلاله أهمية (إعلان القاهرة) وما يحمله من مضامين عليا ومهمة للأمتين الإسلامية والعربية، مؤكدين أن العلاقة بين البلدين الشقيقين استراتيجية وتكاملية.\nوجرى خلال الاتصال استعراض العلاقات التي تربط بين البلدين الشقيقين وسبل دعمها وتعزيزها في المجالات كافة وسبل زيادة التعاون المشترك. كما جرى استعراض مستجدات الأوضاع الإقليمية والدولية والأمور ذات الاهتمام المشترك. من جهة أخرى بعث خادم الحرمين الشريفين الملك سلمان بن عبدالعزيز، برقية تهنئة إلى سيمونيتا سوماروجا رئيس الاتحاد السويسري بمناسبة ذكرى اليوم الوطني لبلادها. وأعرب الملك سلمان باسمه واسم شعب وحكومة المملكة عن أصدق التهاني وأطيب التمنيات بالصحة والسعادة لها، وإلى حكومة وشعب الاتحاد السويسري الصديق اطراد التقدم والازدهار.\nكما بعث خادم الحرمين الشريفين برقية تهنئة إلى الرئيس الدكتور بوني يايي رئيس بنين بمناسبة ذكرى اليوم الوطني لبلاده. وأعرب الملك سلمان باسمه واسم شعب وحكومة المملكة عن أصدق التهاني وأطيب التمنيات بالصحة والسعادة لفخامته، ولحكومة وشعب بنين الصديق اطراد التقدم والازدهار. عبد الفتاح السيسي من جهته، بعث نائب خادم الحرمين الشريفين الأمير محمد بن نايف بن عبدالعزيز برقية تهنئة إلى سيمونيتا سوماروجا رئيس الاتحاد السويسري بمناسبة ذكرى اليوم الوطني لبلادها. وعبر نائب خادم الحرمين الشريفين عن أبلغ التهاني وأطيب التمنيات بموفور الصحة والسعادة لها، ولحكومة وشعب الاتحاد السويسري الصديق مزيد من التقدم والازدهار.\nكما بعث نائب خادم الحرمين الشريفين برقية تهنئة إلى الرئيس الدكتور بوني يايي رئيس بنين بمناسبة ذكرى اليوم الوطني لبلاده. وعبر نائب خادم الحرمين الشريفين عن أبلغ التهاني وأطيب التمنيات بموفور الصحة والسعادة له، ولحكومة وشعب بنين الصديق مزيد من التقدم والازدهار. ",
    "date_extracted": "2015-08-01 08:02:38"
}