{
    "url": "http://www.aleqt.com/2015/08/02/article_978210.html",
    "title": "تضارب أهداف أنقرة وواشنطن يطيل أمد الأزمة السورية",
    "author": "\"الاقتصادية\" من الرياض",
    "content": " بعد شهور من التردد وافقت تركيا في 23 تموز (يوليو) على مشاركة الولايات المتحدة في توجيه ضربات جوية مشتركة ضد متشددي تنظيم \"داعش\" في سورية والعراق. ومع ذلك وفي أعقاب قصف مواقع التنظيم في سورية سارعت أنقرة إلى تحويل اهتمامها لضرب حزب العمال الكردستاني في العراق الذي يعد جناحه السوري وحدات حماية الشعب حليفا رئيسيا للولايات المتحدة في مواجهة \"داعش\". \nووفقا للتقرير الذي أعده كل من نيل كيليام خبير في شؤون الشرق الأوسط لدى تشاتام هاوس، وجوناثان فريدمان خبير في شؤون الشرق الأوسط أيضا لدى ستروتس فريدبرج. فقد اتخذ قرار ضرب حزب العمال الكردستاني بهدف تعزيز الوضع السياسي لحزب العدالة والتنمية الحاكم في تركيا قبل إجراء انتخابات برلمانية مبكرة. لكنه سيكون انتصارا باهظ الثمن. فمشاكل سورية ستظل آثارها قائمة عبر الحدود التركية الأمر الذي سيزيد من صعوبة التوصل إلى حل للصراع. \nما زال الألم يعتصر الرئيس رجب طيب أردوغان من الانتخابات البرلمانية التي جرت في حزيران (يونيو). فقد أدت الانتخابات إلى خسارة حزب العدالة والتنمية حليف أردوغان في البرلمان الأغلبية التي كان يتمتع بها وذلك للمرة الأولى منذ أكثر من عشر سنوات. وقد مكنت زيادة في تأييد ذوي الأصول التركية لحزب الشعوب الديمقراطي المؤيد لحزب العمال الكردستاني من اجتياز عتبة العشرة في المائة الضرورية لدخول البرلمان للمرة الأولى في خطوة أتاحت منصة جامعة مناصرة للسلام استهوت الناخبين المعارضين لأردوغان لأسباب مغايرة. \nومع ذلك فلم يكن فوز حزب الشعوب الديمقراطي ممكنا إلا لأن أردوغان أمضى السنوات الثلاث الأخيرة في التفاوض على السلام مع زعيم حزب العمال الكردستاني عبد الله أوجلان. وساهم الهدوء الذي نجم عن ذلك في عنف الأكراد في تحسين صورة حزب الشعوب الديمقراطي الذي كان يعتبر فيما سبق واجهة سياسية للمسلحين الانفصاليين. ومنذ حزيران (يونيو) تحول أردوغان بعد ما أصابه من تعب وشعور بالخيانة إلى إضعاف حزب الشعوب الديمقراطي من خلال استعداء حزب العمال الكردستاني في الداخل والخارج. بل إنه لم يفعل شيئا يذكر لمنع هجمات تنظيم \"داعش\" على أنصار حزب العمال الكردستاني في تركيا وفي الوقت نفسه ندد بمحادثات السلام مع هذه الجماعة. وكان لهذه الإجراءات أثرها في فرض عزلة على صلاح الدين دمرداش زعيم حزب الشعوب الديمقراطي المؤيد للسلام إذ قطعت دعم ذوي الأصول التركية عن الحزب قبل الانتخابات المبكرة. \nوجاء التفجير الانتحاري الذي نفذه تنظيم \"داعش\" في 20 تموز (يوليو) في بلدة سروج الحدودية التركية هدية لاستراتيجية أردوغان. فقد اعتبر حزب العمال الكردستاني الأجهزة الأمنية التركية مهملة في أفضل الأحوال ومتواطئة في أسوئها في الهجوم الذي سقط فيه 32 قتيلا من النشطاء المؤيدين لحزب العمال الكردستاني. والمنطق وراء هذا الاعتقاد هو أن الشرطة منعت بعض الأكراد ممن تربطهم صلات بحزب العمال الكردستاني من دخول المركز الثقافي الذي وقع فيه الهجوم بينما تمكن المفجر الانتحاري من المرور. \nورد متشددون أكراد بقتل بعض رجال الشرطة التركية والتحريض على حملة اضطرابات في مختلف أنحاء جنوب شرق تركيا ذي الأغلبية الكردية. في الوقت نفسه انتاب الذعر ذوي الأصول التركية لتدهور الوضع الأمني في البلاد. وبدعوة الولايات المتحدة لاستخدام القواعد الجوية التركية في مهاجمة تنظيم \"داعش\" (وهو تحول عكسي له أهميته في السياسة) طمأن أردوغان الناخبين في بلاده أنه يعمل على تأمين البلاد في مواجهة التهديد الإرهابي وفي الوقت ذاته منح نفسه غطاء للعمل على إضعاف المعسكر القومي الكردي قبل الانتخابات. \nوستتضح في الأسابيع المقبلة التفاصيل الكاملة للصفقة الأمريكية التركية. وبشكل ما سيكون لأنقرة رقابة على الأهداف الأمريكية. وسيتم الاعتراض على الضربات التي تساعد وحدات حماية الشعب على ربط الأراضي التي تسيطر عليها على امتداد حدود سورية مع تركيا. وسيمنع ذلك حزب العمال الكردستاني من تأسيس حكومة إقليمية كردية في سورية على غرار الدويلة الكردية في العراق. وفي عيون أجهزة الأمن التركية يعد هذا خطا أحمر إذ إن وجود حلقة من الأراضي الخاضعة لسيطرة حزب العمال الكردستاني في سورية سيشجع التيار الانفصالي في تركيا ويضعف قدرة أنقرة على السيطرة على حزب العمال الكردستاني. ومن ثم وكما أوضح بحث جديد لتشاتام هاوس فإن تركيا ستلعب دورا رئيسيا في تحديد مستقبل الأكراد وحملاتهم في سورية. \nغير أن التصدي لتنظيم \"داعش\" في سورية سيكون شبه مستحيل دون تعاون حزب العمال الكردستاني ووحدات حماية الشعب. فالمسلحون المؤيدون لحزب العمال الكردستاني يقدمون الآن معلومات عن الأهداف لاستخدامها في الضربات الجوية الأمريكية على تنظيم \"داعش\". ودون وجود مصادر أخرى يعول عليها للاستخبارات البشرية في البلاد لا توجد بدائل تذكر لهذا الترتيب. وبالمثل فقد وفر حزب العمال الكردستاني القوات البرية للسيطرة على الأراضي التي يتخلى عنها تنظيم \"داعش\" بعد الضربات. وبغير هذا الدعم لا يمكن أن يكون للضربات الجوية أثر مستمر. \nوسيصرف التركيز على تنظيم \"داعش\" وحزب العمال الكردي أنظار تركيا والغرب عن متابعة مصالحهما في الأجل الطويل المتمثلة في إنهاء الصراع السوري. فأي نهاية مستقرة لما يحدث في البلاد ستتطلب بالتأكيد إيجاد منطقة كردية خاصة. لكن التدخل الأخير لن يفعل شيئا سوى تأخير هذا الأمر المرجح. وسيحتفظ حزب العمال الكردستاني بصلاته ببشار الأسد ومؤيديه من الإيرانيين والروس لشكه فيما إذا كانت الولايات المتحدة شريكا يعول عليه. ومن ثم ستتباعد إمكانية الوصول إلى تسوية لما بعد الأسد. \nوترى الولايات المتحدة أن سورية مصدر للإرهاب بما يهدد استقرار الشرق الأوسط وسلامة الغربيين. وعلى النقيض فإن تركيا تخاف أكثر من أن يصبح هذا البلد أداة للتوسع الكردي. ومع تزايد تدخل التحالف المعادي لتنظيم \"داعش\" في سورية سيجد أعضاؤه تعارضا في مصالحهم على نحو متزايد. وهذا يجعل وضع خريطة طريق لإنهاء الصراع أكثر إلحاحا من أي وقت مضى. فمن دونها ينذر تدخل التحالف في سورية بإضعاف تنظيم \"داعش\" على حساب إطالة أمد الصراع في سورية. ",
    "date_extracted": "2015-08-02 23:36:05"
}