{
    "url": "http://www.aleqt.com/2015/08/01/article_977920.html",
    "title": "92 % تغطية «أولوية سلامة للتأمين»",
    "author": "«الاقتصادية» من الرياض",
    "content": " أعلنت شركة سلامة للتأمين التعاوني أن عدد الأسهم التي تم الاكتتاب بها خلال المرحلتين الأولى والثانية من أسهم حقوق الأولوية بلغ 13.8 مليون سهم، بقيمة 138.1 مليون ريال وبنسبة تغطية (92 في المائة) من إجمالي أسهم الشركة الجديدة. \nوأوضحت شركة الأهلي المالية، المستشار المالي ومدير الاكتتاب ومتعهد التغطية لزيادة رأسمال شركة سلامة، أنه تم خلال المرحلة الأولى الاكتتاب بنحو 4.1 مليون سهم من الأسهم الجديدة للشركة بقيمة 41.1 مليون ريال وبنسبة تغطية 27 في المائة من إجمالي الأسهم. \nفيما تم خلال المرحلة الثانية الاكتتاب بنحو 9.7 مليون سهم من نفس الأسهم بقيمة 97 مليونا وبنسبة تغطية (65 في المائة) من العدد الإجمالي للأسهم. \nوأشارت شركة الأهلي إلى أنه سيتم طرح الأسهم التي لم يكتتب بها في المرحلتين الأولى والثانية (الطرح المتبقي) بسعر الطرح كحد أدنى صباح الأحد المقبل حتى اليوم التالي على عدد من المستثمرين ذوي الطابع المؤسسي. ",
    "date_extracted": "2015-08-01 08:04:38"
}