{
    "url": "http://www.aleqt.com/2015/08/03/article_978714.html",
    "title": "نائب الملك يوجه بنقل الجندي الحارثي لمستشفى قوى الأمن في الرياض",
    "author": "الرياض : واس",
    "content": " وجه نائب خادم الحرمين الشريفين الأمير محمد بن نايف بن عبدالعزيز بنقل الجندي عبدالمحسن عاضة الحارثي، الذي أصيب خلال عملية إنقاذ لأطفال بمحافظة الطائف، من مستشفى الملك عبدالعزيز بالمحافظة، إلى مستشفى قوى الأمن الداخلي بالرياض، بواسطة طيران الإخلاء الطبي صباح اليوم الاثنين. ",
    "date_extracted": "2015-08-03 21:17:18"
}