{
    "url": "http://www.aleqt.com/2015/08/02/article_978247.html",
    "title": "تاريخ الطبيعة في متحف سنغافورة الجديد",
    "author": "«الاقتصادية» من الرياض",
    "content": " صمم متحف لي كونج تشيان للتاريخ الطبيعي على يد المهندس السنغافوري موك وي وي، وبلغت تكلفة المتحف الجديد نحو 35 مليون دولار. ويتكون المتحف من سبعة طوابق ويشبه حجراً ضخماً مغطى بالطحالب. تم تجميع عشرات الحشرات الملونة التي تتميز بها آسيا. ويتميز تصميم المبنى الخارجي بانعدام النوافذ تقريباً، ويقول المهندس إنه قصد ذلك للحفاظ على محتويات المتحف، وأراد أن يبدو المتحف من الخارج كحجر ضخم. هيكل عظمي لوحيد القرن البحري الذي عاش سابقاً ويطلق عليه العلماء تسمية \"ناروال\". ويحوي المتحف أكثر من مليون عينة من بينها الديناصور \"Prince\" الذي يبلغ طول جسده 25 متراً ويأتي الزوار لرؤيته وديناصورين آخرين، وشحنت بقايا هذه الديناصورات من أمريكا بواسطة 27 حاوية شحن مخصصة لها. يحوي المتحف أكثر من مليون عينة من بينها الديناصور \"Prince\" الذي يبلغ طول جسده 25 مترا. يتميز تصميم المبنى الخارجي بانعدام النوافذ تقريبا للحفاظ على محتويات المتحف. كما يحوي المتحف 15 قطاعاً لتتبع تاريخ الحياة الموثقة على الأرض، من بينها النباتات والزواحف والثدييات والمخلوقات البحرية، ويحوي المتحف معلومات يمكنها الإجابة عن جميع الأسئلة المتعلقة بتاريخ الأرض الطبيعي. ",
    "date_extracted": "2015-08-02 23:38:06"
}