{
    "url": "http://www.aleqt.com/2015/07/31/article_977885.html",
    "title": "تحطم طائرة سعودية خاصة في بريطانيا ومقتل ركابها الأربعة",
    "author": "\"الاقتصادية الإلكترونية\" من الرياض",
    "content": " لقي أربعة أشخاص على الأقل حتفهم إثر تحطم طائرة سعودية خاصة خفيفة غربي العاصمة البريطانية لندن.\nوسقطت الطائرة وهي من طراز (جيت فينوم 300) بعد ظهر اليوم الجمعة في مطار بلاكبوش في هامبشاير.\nوقالت متحدثة باسم الشرطة البريطانية: \"يمكننا أن نؤكد أن أربعة أشخاص كانوا على متن الطائرة. وللأسف لم يبق أحد منهم على قيد الحياة\".\nأضافت المتحدثة أن أحدا على الأرض لم يصب بأذى. وسقطت الطائرة بعد اقلاعها بوقت قصير فوق مربأ لأحد تجار السيارات واشتعلت فيها النيران.\nوأعلنت هيئة الطيران المدني أن مكتب تحقيقات الطيران عين ممثلًا معتمدًا لمساندة مكتب التحقيقات البريطاني بالتحقيق في الحادث. ",
    "date_extracted": "2015-07-31 22:31:05"
}