{
    "url": "http://www.aleqt.com/2015/08/03/article_978672.html",
    "title": "في أقل مستوى منذ سته أشهر.. النفط يهبط إلى مادون 50 دولار",
    "author": "لندن : ( واس )",
    "content": " نزل النفط إلى أقل مستوى له في ستة أشهر اليوم ، بفعل مؤشرات جديدة على تنامي تخمة المعروض وتباطؤ الطلب في الصين لتتجه أسعار الخام نحو أضعف أداء لها في الربع الثالث من العام منذ الأزمة المالية عام 2008 م. \nونزل خام برنت 1.71 دولار ليصل إلى 50.50 دولار للبرميل، وهبط السعر نحو 20 % منذ بداية الربع الثالث مما يجعله أكبر انخفاض في الأشهر الثلاثة من يوليو إلى سبتمبر منذ 2008. \nوفقد الخام الأمريكي 1.12 دولار ليسجل 46 دولاراً للبرميل. ",
    "date_extracted": "2015-08-03 21:17:23"
}