{
    "url": "http://www.aleqt.com/2015/07/31/article_977823.html",
    "title": "سريلانكا أول مستفيد من \"إنترنت غوغل\"",
    "author": "سكاي نيوز",
    "content": " وقعت حكومة سريلانكا، الثلاثاء، اتفاقا مع شركة غوغل، يتيح إطلاق اتصالات مجانية بالإنترنت \"واي-فاي\" عبر البلاد، من خلال شبكة من المناطيد ستطير على ارتفاع شاهق. \n \nومن المقرر أن يبدأ الواي-فاي المجاني عمله بسريلانكا بحلول مارس 2016، لتكون بذلك أولى الدول استفادة من مشروع غوغل \"بروجيكت لوون\". \n \nوتسعى غوغل من وراء المشروع، الذي بدأ عام 2011، إلى توفير اتصالات إنترنت مجانية للقرى والمناطق النائية حول العالم، باستخدام مناطيد متطورة، جرى اختبارها طويلا. \n \nوأعرب عدد من المسؤولين في سريلانكا عن سعادتهم بالتعاون مع غوغل، وعلى رأسهم وزير الاتصالات، الذي أشاد بالاتفاق الذي سيجعل من سريلانكا أول دولة تتمتع بتغطية إنترنت كاملة في مناطقها كافة، بحسب تصريحاته. ",
    "date_extracted": "2015-07-31 18:18:51"
}