{
    "url": "http://www.aleqt.com/2015/07/31/article_977672.html",
    "title": "251 قضية «عقوق» استقبلتها المحاكم في 9 أشهر",
    "author": "عبد السلام الثميري من الرياض",
    "content": " استقبلت المحاكم السعودية نحو 251 دعوى وقضية عقوق من قبل آباء وأمهات ضد أبنائهم، وذلك خلال الأشهر التسعة الماضية منذ بداية العام الحالي، حيث سجل ما يقارب 95 في المائة منها ضد الأبناء الذكور. \nوسجلت محاكم منطقة الرياض العدد الأعلى بـ 31 في المائة باستقبالها 77 دعوى عقوق، تليها محاكم منطقة عسير بـ45 قضية، وبنسبة 18 في المائة، وفي المرتبة الثالثة محاكم المنطقة الشرقية بـ37 دعوى، وبنسبة 15 في المائة، تليها محاكم منطقة جازان بتسجيلها 34 دعوى. \nوحسب تقرير إحصائي اطلعت عليها \"الاقتصادية\" خلت محاكم منطقة حائل من دعاوى عقوق الوالدين، حيث لم تسجل ولا حالة، وذلك خلال نفس الفترة من العام الحالي. \nفيما سجلت محاكم مكة المكرمة 23 قضية، والقصيم عشر قضايا، والمدينة المنورة ست قضايا، والباحة 101 دعوى، وتبوك 102 قضية، والقصيم 100 قضية، والباحة خمس دعاوى. \nفيما استقبلت محاكم مناطق الحدود الشمالية، وتبوك، والجوف، أربع قضايا عقوق في الفترة نفسها. \nيأتي ذلك في الوقت الذي تؤكد فيه وزارة العدل على محاكم الأحوال الشخصية بسرعة البت في القضايا الأسرية، ورفع شعار قضايا الجلسة الواحدة متى توجهت للفصل فيها قدر الإمكان، وعدم تأجيل القضايا الأسرية عن الأسبوع في غالب الأحوال. \nإلى ذلك تشرع وزارة العدل في التوسع في إطلاق خدمة التقاضي المرئي عن بعد للربط بين المحاكم والسجون في عدد من المناطق، حيث يستهدف إنجاز القضايا وإجراءاتها عن بعد بيسر ومرونة واختصار الوقت والجهد وتقليص حجم التكاليف المادية. \nويأتي ذلك بعد أن أقر المجلس الأعلى للقضاء إجازة تقنية المحاكمات عن بعد، وعلى ضوئه أكملت وزارة العدل متطلبات إطلاق هذه الخدمة، التي تمثل تحولا نوعيا وتاريخيا على مستوى المنافسة العالمية في \"سرعة\" أداء العدالة بكل ضماناتها الشرعية والنظامية، ولا سيما تخفيف الأعباء على السجناء من جهةٍ، وحسم قضاياهم بشكل مرن وعاجل من جهةٍ أخرى، وكذا تخفيف الأعباء على الجهات الأمنية في حراساتها وتنقلاتها، فضلاً عن القضاء على إشكالية ترحيل العديد من الجلسات القضائية المحددة سلفاً بسبب عدم تهيؤ إحضار السجناء لأي من المسوغات الشرعية والنظامية الخاصة أو العامة. \nوكانت وزارة العدل ذكرت في وقت سابق أن القضايا الأسرية والأحوال الشخصية تمثل 60 في المائة من القضايا المنظورة في المحاكم العامة في السعودية، مشيرة إلى أن مرفق العدالة له دور مهم في حماية الأسرة من الإيذاء من خلال الأحكام القضائية الحاسمة، ومن خلال مرحلتها التمهيدية عن طريق مراكز الصلح المشمولة بتنظيم خاص لها مسند لوزارة العدل، التي يسعد الجميع بأن تتم معالجتها عن طريقها من خلال التسوية الودية التي تجمع وتؤلف. ",
    "date_extracted": "2015-07-31 04:25:20"
}