{
    "url": "http://www.aleqt.com/2015/07/31/article_977643.html",
    "title": "«صب سي 7» تفوز بعقد تطوير   حقلي غاز في مصر",
    "author": "\"الاقتصادية\" من الرياض",
    "content": " فازت شركة \"صب سي 7 \" بعقد قيمته نحو 500 مليون دولار من \"بي.بي\" البريطانية وشريكتها \"دي.إي.إيه\" لتطوير حقلي طوروس وليبرا البحريين للغاز قبالة سواحل الاسكندرية في مصر. \nووفقاً لـ \"رويترز\"، فقد ذكرت \"صب سي 7\" أن العقد يتعلق بالمرحلة الأولى من مشروع غرب دلتا النيل الذي سيتم فيه تطوير الحقول على عمق يقارب 800 متر. \nوفي آذار(مارس) وقعت مصر اتفاقية مع شركة بي.بي بقيمة 12 مليار دولار لتطوير خمسة تريليونات قدم مكعبة من موارد الغاز و55 مليون برميل من المكثفات في منطقة غرب الدلتا خلال المؤتمر الاقتصادي الذي عقد في منتجع شرم الشيخ. \nوأشارت \"صب سي 7\" إلى أن عقدها يشمل أعمال الهندسة والمشتريات والإنشاءات وتجهيزات ما قبل التشغيل المتعلقة بالبنية التحتية المغمورة في المياه والمطلوبة لتطوير الموارد الهيدروكربونية من تسع آبار. \nوأضافت الشركة أن أعمال الهندسة وإدارة المشروع ستبدأ على الفور بينما ستبدأ أعمال الإنشاءات في النصف الثاني من 2016. \nوتعمل \"بي.بي\" في مصر في مجال استكشاف وإنتاج النفط والغاز منذ نحو 50 عاما مع استثمارات تزيد على 25 مليار دولار وهو ما يجعلها أحد أكبر المستثمرين الأجانب في البلاد. \nوتشهد مصر واحدة من أسوأ أزمات الطاقة منذ عقود بعد ما يربو على أربع سنوات من الاضطرابات التي أعقبت انتفاضة 2011. \nوأدى ارتفاع استهلاك الطاقة وانخفاض الإنتاج إلى تحول مصر من مصدر صاف للطاقة إلى مستورد صاف لها وحدوث انقطاعات متكررة للكهرباء، وتعتمد مصر اعتمادا شديدا على الغاز في توليد الكهرباء للمنازل والمصانع. ",
    "date_extracted": "2015-07-31 04:26:27"
}