{
    "url": "http://www.aleqt.com/2015/07/31/article_977805.html",
    "title": "الجامعة العربية ترحب بإعلان القاهرة بين المملكة ومصر",
    "author": "القاهرة : واس",
    "content": " رحبت جامعة الدول العربية بإعلان القاهرة الذي صدر في ختام زيارة الأمير محمد بن سلمان بن عبدالعزيز ولي ولي العهد النائب الثاني لرئيس مجلس الوزراء وزير الدفاع إلى جمهورية مصر العربية أمس. \n \nوعد الأمين العام للجامعة العربية الدكتور نبيل العربي في بيان اليوم نتائج الزيارة خطوة كبيرة في سبيل المزيد من التطوير والتمتين للعلاقات الثنائية بين البلدين والتي ستنعكس بدورها على مسيرة العمل العربي المشترك. \n \nوشدد على أن مباحثات القاهرة بين صاحب السمو الملكي الأمير محمد بن سلمان بن عبدالعزيز ولي ولي العهد النائب الثاني لرئيس مجلس الوزراء وزير الدفاع وفخامة رئيس جمهورية مصر العربية عبد الفتاح السيسي والاتفاق على إقرار القوة العربية المشتركة من شأنه أن ينعكس إيجابيا على الاجتماع المقبل لوزراء الدفاع والخارجية العرب في 27 أغسطس المقبل. \n \nوأكد الدكتور العربي أن الإسراع بإنجاز هذه الخطوة سيسهم بشكل كبير في تعزيز مسيرة العمل العربي المشترك والتعاون من أجل دعم الأمن القومي العربي وحماية الشعوب العربية من خطر الإرهاب، مبينا إن العلاقات والروابط المتينة بين مصر والمملكة كانت وستبقى ركيزة العمل العربي المشترك وضمانة للأمن والاستقرار في المنطقة. ",
    "date_extracted": "2015-07-31 18:16:53"
}