{
    "url": "http://www.aleqt.com/2015/07/31/article_977674.html",
    "title": "إزالة 65 طنا من النفايات   في معابدة مكة المكرمة",
    "author": "«الاقتصادية» من الرياض",
    "content": " واصلت بلدية المعابدة الفرعية، في مكة المكرمة، حملتها في النظافة العامة ورفع المخلفات من الشوارع والأحياء السكنية، حيث كثفت البلدية أعمالها وجهودها المتعلقة بالنظافة والإصحاح البيئي خلال الأيام الماضية، في مختلف المواقع والأحياء السكنية مستخدمة أحدث الأجهزة والمعدات، مدعمة بعدد من العمال الذين تم تقسيمهم إلى عدد من الفرق الميدانية وتوزيعهم على مختلف المواقع، خاصة في المناطق ذات الطبيعة الجبلية التي يصعب فيها حركة السيارات، إلى جانب فرق النظافة الأخرى العاملة داخل الأحياء والشوارع الفرعية. \nوأوضح المهندس أحمد البركاتي، مدير إدارة الخدمات في بلدية المعابدة الفرعية، أن الحملة شملت عديدا من المواقع في نطاق البلدية مثل منطقة شارع الحج، وحي وادي جليل، والغسالة، وجبل النور وغيرها، حيث تم رفع أكثر من 65 طناً من المخلفات الصلبة والعضوية خلال يوم أمس فقط. ",
    "date_extracted": "2015-07-31 04:26:32"
}