{
    "url": "http://www.aleqt.com/2015/07/31/article_977637.html",
    "title": "نتائج أعمال إيجابية تدفع أسهم أوروبا للصعود",
    "author": "«الاقتصادية» من الرياض",
    "content": " اتجهت الأسهم الأوروبية لتحقيق ثالث مكاسبها اليومية على التوالي أمس مع إعلان \"سيمنس\" و\"نوكيا\" و\"دويتشه بنك\" عن نتائج عززت العلامات التي تشير إلى تعافي منطقة اليورو. \nوتحسنت المعنويات في أنحاء العالم أيضا بفضل الصورة المشرقة نسبيا التي رسمها مجلس الاحتياطي الاتحادي (البنك المركزي الأمريكي) بشأن تحسن ظروف سوق العمل دون أن يبدي موقفا أكثر تشددا من المتوقع بخصوص توقيت رفع أسعار الفائدة. \nغير أن المخاوف المتعلقة بنمو الاقتصاد الصيني وتباطؤ الأسواق الناشئة أثرت سلبا على شركات من بينها انهاوزر-بوش إن بيف، بينما حذرت شركة رينو الفرنسية لصناعة السيارات من تباطؤ \"كبير\" في الأسواق الناشئة في 2015 على الرغم من أنها ربحت من تعافي السوق المحلية. \nوأظهرت بيانات من ألمانيا صاحبة الاقتصاد الأكثر اعتمادا على الصادرات في أوروبا ارتفاعا غير متوقع في معدل البطالة في تموز (يوليو) وقالت شركة سان جوبان الفرنسية، إن آفاق أنشطتها الألمانية لا تزال \"غامضة\". \nوارتفع المؤشر يوروفرست 300 لأسهم الشركات الأوروبية الكبرى 0.1 في المائة بعد تخليه عن معظم مكاسبه التي حققها عند الفتح، بحسب ما نقلته وكالة رويترز. \nوزاد المؤشر فايننشال تايمز 100 البريطاني 0.2 في المائة بدعم من تعهد رويال داتش شل بخفض الإنفاق في ظل موجة هبوط للسلع الأولية. \nونزل المؤشر يورو ستوكس 50 للأسهم القيادية في منطقة اليورو 0.2 في المائة مع هبوط أسهم إنهاوزر-بوش إن بيف بنسبة أربعة في المائة، الذي طغى على صعود أسهم \"نوكيا\" و\"سيمنس\". \nوارتفع المؤشر كاك 40 الفرنسي 0.5 في المائة، بينما زاد المؤشر داكس الألماني 0.3 في المائة. \nلكن في أمريكا نزلت الأسهم في بداية تعاملات أمس بعد أن أظهرت بيانات نمو الاقتصاد الأمريكي بوتيرة أبطأ من المتوقع في الربع الثاني. \nوانخفض المؤشر داو جونز الصناعي 20.91 نقطة توازي 0.12 في المائة إلى 17730.48 نقطة. \nوتراجع المؤشر ستاندرد آند بورز 500 بمقدار 3.49 نقطة تعادل 0.17 في المائة إلى 2105.08 نقطة. وخسر المؤشر ناسداك المجمع 10.21 نقطة أو 0.2 في المائة ليصل إلى 5101.53 نقطة. \nفي اليابان صعد مؤشر نيكي القياسي في بداية تعاملات بورصة طوكيو للأوراق المالية بنسبة 0.73 في المائة إلى 20450.61 نقطة في حين زاد مؤشر توبكس الأوسع نطاقا 0.73 في المائة إلى 1645.90 نقطة. ",
    "date_extracted": "2015-07-31 04:26:25"
}