{
    "url": "http://www.aleqt.com/2015/08/03/article_978584.html",
    "title": "الحرس الوطني الأمريكي يساعد في إخماد حرائق الغابات بولاية كاليفورنيا - فيديو",
    "author": "واشنطن :د ب أ",
    "content": " قالت الهيئة المعنية بمكافحة الحرائق في ولاية كاليفورنيا يوم الاحد إن الحرس الوطني الأمريكي أرسل أربع طائرات من طراز \"سي 130\" مملوءة بمثبطات اللهب والماء من أجل المساعدة في إخماد حرائق غابات في شمال كاليفورنيا. وقال مسؤول بالهيئة في تغريدة على موقع \"تويتر\" للتواصل الاجتماعي إن طائرتين للنقل الثقيل من طراز \"سي 130\" تعملان بالفعل في موقع الحرائق، مؤكدا أن طائرتين أخريين أقلعتا من قاعدة الحرس الوطني في كولورادو في طريقهما إلى كاليفورنيا. واندلع أكثر من 20 حريقا في غابات بالولاية، كثير منها ناجم عن صواعق. وذكرت تقارير إخبارية إن درجة الحرارة القياسية والأحوال الجوية خلال أربع سنوات من الجفاف أدت إلى تعقيد الجهود الرامية لإخماد الحرائق. ",
    "date_extracted": "2015-08-03 21:18:21"
}