{
    "url": "http://www.aleqt.com/2015/08/02/article_978261.html",
    "title": "قطر تبدأ بتسيير أول مساعداتها الجوية الإغاثية إلى مدينة عدن اليمنية",
    "author": "عدن: واس",
    "content": " بدأت دولة قطر بتسيير أول مساعداتها الجوية الإغاثية إلى مدينة عدن اليمنية بعد تحريرها من المليشيات المتمردة. وأفادت وكالة الأنباء القطرية أنه بناءً على توجيهات صاحب السمو الشيخ تميم بن حمد آل ثاني أمير دولة قطر غادرت صباح اليوم أولى طائرات الجسر الجوي القطري يرافقها مجموعة من فريق البحث والإنقاذ القطري \" لخويا \" حيث كان في استقبالهم بمطار عدن الدولي عدد من المسؤولين أعضاء الحكومة اليمنية لتسهيل وضمان عملية نقل المساعدات للأشقاء اليمنيين. ",
    "date_extracted": "2015-08-02 23:34:30"
}