{
    "url": "http://www.aleqt.com/2015/07/31/article_977704.html",
    "title": "إطلاق عروض الضوء والصوت   في مهرجان جدة 36",
    "author": "\"الاقتصادية\" من الرياض",
    "content": " انطلقت البارحة الأولى عروض الضوء والصوت ضمن فعاليات مهرجان جدة 36، وذلك في مركز جدة الدولي للمعارض والمؤتمرات، التي تستمر حتى نهاية فعاليات المهرجان. \nوتشتمل عروض الصوت والضوء على تشكيلات الليزر المتميزة بعنوان \"البحر والنورس\" ، وتسلط عروضها على نافورة جدة بطريقة استعراضية مستخدمة اللون والصوت والضوء إلى جانب العروض المسرحية، وألعاب وفعاليات خاصة بالأطفال تهدف إلى إبراز الروح الإبداعية للمشاركين وتلبي رغبات زوار فعاليات المهرجان بمحافظة جدة. وأكد المشرف على العروض المخرج فيصل يماني، أن البعد الإبداعي حضر في جميع أنشطة مهرجان جدة 36، الذي ركّز مع انطلاقته على الإبداع الفني، مشيرا إلى أن عروض الصوت والضوء يتم عبر فن الرسم ثلاثي الأبعاد الذي ينفذ \"على الأرض\"، إلى جانب عروض الرسم الحي التي يقدمها مجموعة من الفنانين رواد الرسم، بمشاركة الأطفال في تلوين لوحات جدارية لا تقل أطوالها عن 20 مترا، تتيح من خلالها للجمهور متابعة الأسلوب الذي يتم به إبداع تلك اللوحات ذات البُعد الوهمي المعتمد على فكرة المنظور وزاوية الميل. ",
    "date_extracted": "2015-07-31 04:25:40"
}