{
    "url": "http://www.aleqt.com/2015/08/01/article_978040.html",
    "title": "وزير التعليم: أولوية العمل في الإرشاد الطلابي للمتخصصين النفسيين والاجتماعيين",
    "author": "عبدالسلام الثميري من الرياض",
    "content": " قال الدكتور عزام الدخيل وزير التعليم إنه سوف يتم تخصيص العمل في الإرشاد الطلابي في المدارس للبنين والبنات للمتخصصين في مجال الدراسات النفسية والاجتماعية، حيث ستكون لهم الأولوية في التوظيف على هذه المهنة. \nوأشار وزير التعليم في تغريدة له على حسابه في موقع \"تويتر\" إلى أن ذلك يأتي إدراكاً لأهمية دور المرشدين الطلابيين في العملية التعليمية. \nيشار إلى أن نسبة كبيرة ممن يعمل في مجال الإرشاد الطلابي في المدارس هم ليسوا من المتخصصين في العلم النفسي أو الاجتماعي. ",
    "date_extracted": "2015-08-01 20:26:46"
}