{
    "url": "http://www.aleqt.com/2015/07/31/article_977663.html",
    "title": "المقاومة تحكم قبضتها على مثلث العلم في «لحج» .. وأبين تتطهر من الحوثيين",
    "author": "«الاقتصادية» من صنعاء",
    "content": " أحكمت المقاومة الشعبية المدعومة بقوات من الجيش الموالِ للشرعية أمس، سيطرتها على مثلث العلم في محافظة لحج (جنوب البلاد) بعد معارك عنيفة ضد الحوثيين، حسب مصدر ميداني في المقاومة، مشيرا إلى أن المعارك ما زالت مستمرة بين الطرفين خلال الطريق الرابط بين منطقة العلم ولحج. \nوتكمن أهمية مثلث العلم في موقعه، حيث يعد الرابط بين مدينة عدن ولحج وأبين، وتحسب السيطرة عليه نقطة تحول في سياق المعارك الدائرة في جنوب البلاد عقب تحرير مدينة عدن في منتصف تموز (يوليو) الجاري. \nوكان رجال المقاومة قد سيطروا على نقطة العلم الرابطة بين عدن وأبين، رغم أنها لا ترتبط جغرافياً بالمثلث، ولكن السيطرة عليها كافية لمنع تسهيل نقل الحوثيين إمداداتهم بين عدن وأبين. \nوأكد أحمد كربج القيادي في المقاومة أن المقاومة ستكون خلال ساعات في مدينة زنجبار عاصمة محافظة أبين. \nوقالت لـ\"الاقتصادية\" مصادر خاصة في المقاومة، إن المقاومة الشعبية سيطرت على كلية التربية بمدينة لودر، وأن هناك اشتباكات بجبهات شروان والحمراء وزارة ومثلث الكهرباء وكذلك تدور بعض الاشتباكات بسوق المدينة. \nوكشفت مصادر عن ارتفاع عدد أسرى جنود لواء المجد (الحرس الجمهوري سابقا) وميليشيات الحوثي إلى 62، مشيرة إلى أن المقاومة تسيطر بشكل كامل على جبل يسوف الاستراتيجي في مدينة لودر. \nويرى عسكريون أن أبين توشك على ابتلاع الحوثيين بعد سقوط لودر ونقطة العلم على مدخل عدن، مؤكدين أن معركة أبين أصبحت مجرد تطهير لجيوب ميليشيات الحوثي وصالح في المحافظة. \nيأتي ذلك في الوقت الذي ما زال فيه رجال المقاومة يطبقون الحصار على قاعدة العند العسكرية، التي تتحصن فيها ميليشيات جماعة الحوثيين وقوات المخلوع التي تحارب في صفوفهم. \nوتستمر المعارك المحدودة بين الطرفين بمدينة الحوطة كُبرى مدن محافظة لحج، التي شهدت الأربعاء اشتباكات دامية، فيما حققت المقاومة تقدما نحو العند. كما أكد متحدث المقاومة في محافظة لحج استعادة المقاومة بلدة المسيمير في لحج بعد معارك ضد الحوثيين. \nومن جهة أخرى قتل مالا يقل عن 11 حوثيا وجرح آخرين في عملية نوعية للمقاومة الشعبية تم فيها استدراجهم إلى كمين محكم ليلة الأربعاء في جبهة القبة جنوب سناح بمحافظة الضالع. \nوتشهد أطراف محافظة الضالع معارك ضارية بين المقاومة من جهة وميليشيات الحوثي والمخلوع من جهة أخرى، حيث تمكنت المقاومة من تحرير المحافظة مطلع الشهر الفائت فيما تسعى ميليشيات الحوثيين وصالح في العودة مجددا للسيطرة عليها من جبهات سناح الواقعة بأطراف المحافظة. \n وقال قيادي في المقاومة بالضالع إن ميليشيات الحوثي وصالح تدفع بمسلحين معظمهم من صغار السن في محاولة لاستعادة الضالع ليعودوا جثثا هامدة\"، مؤكدا أن أكثر من 60 مسلحا حوثيا لقوا مصرعهم خلال يومين فقط من المواجهات العنيفة مع المقاومة في جبهات سناح، بخلاف سقوط ثمانية حوثيين وجرح أربعة آخرين في كمينين منفصلين للمقاومة الشعبية في منطقة الأبحور قعطبة التابعة لمحافظة الضالع. \nوفي تعز (جنوب اليمن) اقتحم مسلحو المقاومة الشعبية في جبل صبر قرية حدنان وسيطروا على تبة مسعود، في معارك مستمرة وضارية. \nفي سياق آخر قتلت ميليشيات الحوثي الانقلابية الخميس، زعيما قبليا رفض تسليم نفسه لهم في مديرية \"أرحب\" شمال العاصمة صنعاء، بحسب مصادر قبلية. \nوقال مصدر محلي إن ميليشيات الحوثي حاصرت صباح أمس منزل الشيخ القبلي (عارف الزبيري) في منطقة \"بوسان\" بالمديرية، وطالبوه بتسليم نفسه لهم على خلفية رفضه وجود الجماعة في منطقته، الأمر الذي رفضه مما دفع الميليشيات المسلحة إلى قتله بجوار منزله وأمام عائلته، وقاموا بنهب سلاحه. \nالجدير بالذكر أن هذه الواقعة تأتي ضمن سلسة من الجرائم بحق آل الزبيري -أسرة أحد أبرز أعلام ثورة سبتمبر اليمنية محمد محمود الزبيري ضد حكم الأئمة - من قِبَل ميليشيات الحوثي، حيث اجتاحت الميليشيات مديرية \"أرحب\" في كانون الأول (ديسمبر) الماضي، وتمكنوا بعد مواجهات عنيفة مع القبائل من السيطرة على المديرية، واجتاحوا قرية بيت الزبيري قبل أشهر وفجَّرت خمسة منازل لأسرة الزبيري وعشرات المنازل لخصوم آخرين بعد نهب محتوياتها ومن ضمنها منزل الشيخ عارف الزبيري الذي اغتالته الميليشيات أخيرا. \nفي السياق نفسه، نفذ مسلحو \"الحوثي\"، حملة اقتحامات واسعة لمنازل المواطنين في قرية \"غولة زندان\" بـ\"أرحب\"، وقاموا باختطاف عدد من المواطنين بعد رفضهم التوقيع على وثائق تضمن لهم البقاء في المنطقة آمنين تحت سلطة الحوثيين، بحسب مصادر. \nوفي مأرب شرق اليمن سقط مسلحون حوثيون جراء غارات مكثفة لطائرات التحالف شُنت على مواقعهم صباح الخميس، حيث سقط 13 مسلحا حوثيا على الأقل جراء غارات على مواقع متفرقة بمأرب. \nوقالت مصادر إن نحو سبع غارات جوية شنها طيران التحـالف فجر أمس، على مواقع وتجمعات وآليات لميليشيا الحوثي وصالح في جبهتي، \"الجفينة، والفاو\" جنوب غربي المحافظة، بينما استهدفت غارة أخرى مدفع هاون تابع للحوثيين وتم تدميره في جبهة الجفينة. ",
    "date_extracted": "2015-07-31 04:25:12"
}