{
    "url": "http://www.aleqt.com/2015/07/31/article_977667.html",
    "title": "الأمير خالد الفيصل يناقش الخطط الأمنية والتصدي للمتسللين إلى المشاعر في موسم الحج",
    "author": "«الاقتصادية» من جدة",
    "content": " رأس الأمير خالد الفيصل مستشار خادم الحرمين الشريفين أمير منطقة مكة المكرمة في مكتبه بجدة أمس الاجتماع الشهري للقيادات الأمنية في المنطقة، وناقش الخطط المستقبلية التي تعمل عليها الجهات الأمنية التي تتزامن مع قرب موسم الحج ، بخلاف الآليات المقترحة لمنع المتسليين من الدخول إلى المشاعر المقدسة عبر المنافذ البرية المؤدية إليها. \nوخلال الاجتماع قدم الأمير خالد الفيصل شكره وتقديره لكل القطاعات الأمنية نظير الجهود المبذولة خلال الفترة الماضية والهادفة لتحقيق أعلى درجات الأمن للمواطن والمقيم في المنطقة. \nمن جهتهم قدم مديرو القطاعات الأمنية تقارير عن المنجزات خلال الفترة الماضية على الأصعدة كافة، وما يجري تنفيذه ميدانياً خلال الفترة الحالية. \nوأكد العقيد دكتور عاطي بن عطية القرشي الناطق الإعلامي بشرطة منطقة مكة المكرمة أن الجهات الأمنية في شرطة منطقة مكة المكرمة تمكنت خلال الثلاثة أشهر الماضية لهذا العام من ضبط أكثر من (112686) مخالفاً، وذلك من خلال الجهود التي تقوم بها القوات الأمنية الميدانية لضبط مخالفي نظام الإقامة والعمل مشيرا إلى أنه تمت إحالة جميع المخالفين للجهات المختصة ﻹكمال الإجراءات اللازمة. \nوأكد القرشي أن الحملات الميدانية ما زالت مستمرة بمتابعة وإشراف اللواء عبدالعزيز بن عثمان الصولي مدير شرطة منطقة مكة المكرمة وذلك لضبط مخالفي أنظمة الإقامة والعمل داعيا جميع المواطنين والمقيمين التعاون مع الجهات الأمنية وعدم التستر على المخالفين منوها بتطبيق العقوبات الصارمة بحق المخالفين والمشغلين أو المتسترين عليهم. ",
    "date_extracted": "2015-07-31 04:25:27"
}