{
    "url": "http://www.aleqt.com/2015/07/31/article_977742.html",
    "title": "اجلاء مئات السكان في كاليفورنيا جراء حرائق الغابات - فيديو",
    "author": "الاقتصادية الإلكترونية من الرياض",
    "content": " اجلت السلطات الامريكية المئات من السكان في شمالي ووسط كاليفورنيا جراء حرائق الغابات الممتدة في مناطق مختلفة بالولاية. فرق الانقاذ ذكرت ان حريقين جديدين اندلعا في مقاطعة شاستا ما تسبب في احتراق ما لا يقل عن 150 فدانا من الاراضي.… ",
    "date_extracted": "2015-07-31 18:18:35"
}