{
    "url": "http://www.aleqt.com/2015/08/01/article_978095.html",
    "title": "مصر تؤجل محاكمة 379 من \"الإخوان\"",
    "author": "القاهرة : رويترز",
    "content": " أجلت محكمة مصرية محاكمة 379 شخصا يزعم أنهم أعضاء في جماعة الإخوان المحظورة اليوم السبت (أول أغسطس اب) إلى منتصف اكتوبر تشرين الاول. ويتهم هؤلاء الأشخاص بالتسبب في مقتل اثنين من رجال الشرطة في ميدان النهضة بالجيزة وهو احد موقعين تجمع فيهما أنصار الرئيس السابق محمد مرسي. ",
    "date_extracted": "2015-08-01 20:27:05"
}