{
    "url": "http://www.aleqt.com/2015/08/01/article_977953.html",
    "title": "قاضية أمريكية: حيوانات الشمبانزي قد تمنح حقوقا قانونية",
    "author": "«الاقتصادية» من الرياض",
    "content": " قالت قاضية أمريكية في مانهاتن في نيويورك أمس الأول، إن مطالب بضرورة منح الحيوانات الذكية حقوقا قانونية محدودة قد تنجح يوما ما، لكنها رفضت طلبا تقدمت به إحدى جماعات الدفاع عن حقوق الحيوان بالإفراج عن اثنين من الشمبانزي في إحدى جامعات الولاية ونقلهما إلى ملجأ خاص. \nوقالت باربرة جافي، القاضية في المحكمة العليا في نيويورك بحسب \"رويترز\": \"أوجه التشابه بين الشمبانزي والإنسان هي التي ألهمت الناس بالتعاطف مع الحيوانات الأليفة\". \nورفضت محاولة مجموعة \"برنامج نون هيومان\" لحقوق الحيوان لإعادة توطين اثنين من الشمبانزي وهما \"هركيولز وليو\" في فلوريدا، قائلة إنها ملتزمة بقرار من محكمة استئناف في الولاية كان قد رفض قضية مشابهة من جانب المجموعة. \nوتقول القضية إنه نظرا لما تتمتع به حيوانات الشمبانزي من ارتفاع معدل الذكاء والاستقلالية في السلوك، فمن حقها عدم احتجازها رغم إرادتها. \nوقالت جافي إنه نظرا لأنه لم تحكم أي محكمة من قبل بحق الحيوانات في عدم احتجازها دون سند قانوني فإنه ليس بوسعها أن تعارض هذه المحاكم. \nوتقول مجموعة \"برنامج نون هيومان\" لحقوق الحيوان إنها ستتقدم بطلب استئناف في القضية. \nويخضع الشمبانزي هركيولز ورفيقه ليو لأبحاث في مجال وظائف الأعضاء في جامعة ولاية نيويورك في ستوني بروك، ولم يتسن الاتصال بالجامعة على الفور للتعليق. \nكانت مجموعة \"برنامج نون هيومان\" لحقوق الحيوان قد رفعت دعاوى قضائية تخص اثنين من الشمبانزي أيضا لدى أشخاص في نيويورك واستنفدت جميع مراحل التقاضي أمام المحاكم. ",
    "date_extracted": "2015-08-01 08:03:12"
}