{
    "url": "http://www.aleqt.com/2015/07/31/article_977778.html",
    "title": "منظمة الصحة العالمية تؤكد نجاح أحد تجارب اللقاحات الخاصة بفيروس إيبولا",
    "author": "جنيف:د ب أ",
    "content": " أعلنت المدير العام لمنظمة الصحة العالمية مارجريت تشان اليوم الجمعة نجاح التجربة البشرية الخاصة بأحد اللقاحات المضادة لفيروس إيبولا والذي مازال تحت التطوير، مشيرة إلى أن التجربة حققت نتائج واعدة من الممكن أن \"تغير قواعد اللعبة\" في جهود مكافحة المرض. \nوقالت تشان للصحفيين \"النتائج الاولية مثيرة وواعدة\". \nولم تقدم تشان أي تفاصيل أخرى حيث يتم حظر الكشف عن نتائج الابحاث حتى تنشرها مجلة \"ذا لانسيت\" البريطانية في الساعة الثانية مساء (1200 بتوقيت جرينتش). ",
    "date_extracted": "2015-07-31 18:16:54"
}