{
    "url": "http://www.aleqt.com/2015/08/03/article_978737.html",
    "title": "دينزل واشنطون ينضم لـ\"العظماء السبعة\"",
    "author": "سكاي نيوز",
    "content": " يصور النجم الأميركي دينزل واشنطون حاليا دوره في فيلم بعنوان \"العظماء السبعة\"، المقتبس عن فيلم كلاسيكي يحمل نفس الاسم. \n \nوتدور أحداث الفيلم المقتبس عن فيلم \"الساموراي السبعة\" للمخرج الياباني الشهير أكيرا كوروساوا عن سبعة رجال من خلفيات مختلفة يجتمعون بعد أن استغاث بهم سكان قرية لمساعدتهم على التصدي لعصابة تعتدي على قريتهم. \n \nويرصد الفيلم جهود الرجال السبعة في الدفاع عن القرية وتدريب أهلها على حمل السلاح، والمواجهة بينهم وبين العصابة. \n \nوسبق أن قدمت هوليوود القصة ذاتها في فيلم أنتج عام 1960، قام ببطولته كل من ستيف ماكوين وإيللي والاش ونجوم أخرون. \n \nأما هذه النسخة الجديدة فهي من إخراج المخرج الشاب أنطوان فوكوا، ويشارك واشنطون البطولة الممثل الشاب كريس برات والممثل الأميركي المخضرم فنسنت دو أونفوريو. \n \nومن المتوقع أن يتم عرض الفيلم في صالات السينما خلال عام 2017. ",
    "date_extracted": "2015-08-03 21:17:03"
}