{
    "url": "http://www.aleqt.com/2015/08/01/article_977974.html",
    "title": "«موبايلي» تضاعف نقاط شريكها AVIS لتأجير السيارات",
    "author": "",
    "content": " أعلنت \"موبايلي\" لعملائها إمكانية مضاعفة النقاط التي يمكن اكتسابها لدى شركة Avis لتأجير السيارات، حيث يمكن للعميل الآن الحصول على نقطتين بدلا من نقطة واحدة مقابل كل ثلاثة ريالات تُنفق في فروع Avis المنتشرة حول المملكة، كما يستطيعُ المشتركون استبدال رصيد نقاطهم في جميع فروع الشركة المحلية ويسري العرض نهاية آب (أغسطس) المقبل. \nويأتي ذلك بعد أن أضافت \"موبايلي\" شركة AVIS لتأجير السيارات شريكا استراتيجيا لبرنامجِ نقاطي في خطوة تعزز تنوع شراكات البرنامج الذي يعد الأفضل في ولاء العملاء بالمنطقة من حيث القيمة المضافة العالية وتفاعل المشتركين المستمر. \nوتعتبر شركة AVIS من أكبر الشركات في مجال تأجير السيارات عالميا ومحليا، حيث تمتلك عديدا من الفروع في كل مطارات المملكة وأغلب الفنادق المحلية. \nيعتبر برنامج \"نقاطي\" البرنامج الأكثر تميزا في برامج ولاء المشتركين بالمنطقة سواء كان ذلك من خلال التنوع الاستراتيجي لشراكاته المتجددة والمتنوعة مع علامات تجارية كثيرة تخدم كل القطاعات، أو لقيمته المضافة العالية التي تتيح لجميع مشتركي \"موبايلي\" الحصول على نقطة مقابل كل ريال ينفقونه على خدمات \"موبايلي\" بشكل تلقائي، أو من خلال اكتساب النقاط من خلال التسوق لدى عديد من شركاء البرنامج المميزين. \nوتقدم \"موبايلي\" اليوم لمشتركيها من خلال برنامج \"نقاطي\" مجموعة واسعة وقيمة من المكافآت، التي حرصت على تنويعها بما يتناسب مع رغباتهم وتطلعاتهم ، حيث تنقسم مكافآت برنامج \"نقاطي\" إلى نوعين رئيسين إما مكافآت ضمن خدمات \"موبايلي\"، التي تتمثل الخدمات المقدمة من قبل الشركة مثل الرصيد الإضافي ودفع جزء من قيمة الفاتورة والمكالمات والرسائل المجانية واستخدامات الإنترنت، بينما يشمل القسم الثاني مكافآت عينية يتم الحصول عليها من خلال شركاء برنامج \"نقاطي\" المنتشرين في جميع أنحاء المملكة وخارجها الذين يغطون جميع أنواع النشاطات التجارية والتسويقية التي بدورها تلبي جميع احتياجات مشتركي \"موبايلي\" في حلهم وترحالهم. ",
    "date_extracted": "2015-08-01 08:05:00"
}