{
    "url": "http://www.al-madina.com/node/620553/مقاطع-الفيديو-تربك-قضية-فتاتي-الكورنيش-والشرطة-توقع-بـ4-متحرّشين.html",
    "title": "مقاطع الفيديو تربك قضية فتاتي الكورنيش والشرطة توقع بـ4 متحرّشين",
    "author": "سعد العنيني - جدة",
    "content": " تمكّنت شرطة جدة من ضبط 4 أشخاص بينهم مقيم ممّن تحرّشوا بفتاتي الكورنيش في ثاني أيام العيد، وفقًا لمدير شرطة منطقة مكة المكرمة، اللواء عبدالعزيز بن عثمان الصولي، وقال: إن شرطة جدة نجحت في تحديد هويات الأشخاص، الذين قاموا بهذه التصرفات الدخيلة على المجتمع، مؤكدًا أن العمل جارٍ لضبط أشخاص آخرين تورطوا معهم بعملية التحرش، لافتا إلى أن التقنية الحديثة التي وصلت إليها الجهات الأمنية ساهمت بشكل كبير في كشف هويات الأشخاص وتحديدها.. وعن ظهور مقطع جديد يوضح قيام الفتاتين بالبدء في التحرّش بالشباب قال الصولي هما تعتبران مدانتين ويُلامتان، ولكن يجب على الجميع احترام الأنظمة والقوانين، وعدم الانسياق في مثل هذه التصرفات، مشيرًا إلى أن المقطع الآخر، الذي تم تداوله يوم أمس يجري العمل على تحليله وتحديد هويات أشخاص جدد من خلاله، وقال الصولي: إنه تم إحالة كامل ملف القضية إلى هيئة التحقيق والادّعاء العام بحكم الاختصاص، بينما لا يزال العمل جاريًا على ضبط آخرين. \n وعلمت «المدينة» من مصادرها أن شرطة جدة لم تلقِ القبض على أي من الفتاتين، وأكدت المصادر أنه في حال طلب المحقق في هيئة التحقيق والادّعاء العام ضرورة إحضارهما فإن شرطة جدة سوف تعمل على ذلك؛ كون القضية أصبحت من اختصاص هيئة التحقيق. \n وفي تطور جديد لواقعة التحرش تداول نشطاء مساء الثلاثاء مقطع فيديو جديدًا «مدته دقيقتان» تظهر فيه الفتاتان وهما تركبان «الدباب»، ثم تلوّحان للشباب ما أثار انتباه غالبية الموجودين.\n كما باشرت دائرة العرض والأخلاق بهيئة التحقيق والادّعاء العام، أمس، التحقيق مع المتهمين بالتورّط في قضية مقطع فيديو التحرّش الجماعي بفتاتين على كورنيش جدة، والذي تم تداوله على نطاق واسع الأيام الماضية، وأثار الغضب لدى فئات المجتمع يأتي ذلك، بعد أن قامت شرطة جدة بتحليل مقطع الفيديو، والتعرف على بعض المتهمين، واستدعائهم للتحقيق، وفيما لا يزال العمل بشرطة جدة قائمًا للتعرف على المتهمين الآخرين للقبض عليهم، وإحالتهم للتحقيق.\n من جانبه أوضح المتحدث الإعلامي بشرطة منطقة مكة المكرمة العقيد الدكتور عاطي عطية القرشي، أنه «إلحاقًا للبيان الذي صدر أول من أمس، حيال واقعة مقطع الفيديو الذي تم تداوله عبر وسائل التواصل الاجتماعي، وتظهر فيه مجموعة من الشباب يقومون بتصرفات غير لائقة تجاه فتاتين بأحد المواقع في محافظة جدة، فقد نجح الفريق الأمني المشكل بجمع المعلومات عن الواقعة وتحليلها، وأسفرت نتائج هذا العمل عن ضبط عدد من الأشخاص، متهمين بالتورط في تلك الحادثة، وجرى القبض عليهم، وسماع أقوالهم، وتمت إحالتهم لجهة الاختصاص».. وكان عدد من الشباب قد تفاعلوا مع مقطع الفيديو الجديد موجهين الاتّهامات إلى الفتاتين على اعتبار أنهما بادرتا بمشاغلة الشباب، فيما دافعت فتيات أخريات عن حقهنّ في التنزّه. ",
    "date_extracted": "2015-07-23 19:17:54"
}