{
    "url": "http://www.al-madina.com/node/620456/محلل-أمريكي-داعش-يستهدف-الأكراد-في-تفجير-تركيا.html?weekly",
    "title": "محلل أمريكي: داعش يستهدف الأكراد في تفجير تركيا",
    "author": "الوكالات - نيويورك",
    "content": " قال هنري باركي، المحلل ورئيس برنامج الشرق الأوسط بمركز وودروويلسن، إن تنظيم «داعش،» يريد قتل عصفورين بحجر واحد، بعد اتهامه من قبل الرئيس التركي، رجب طيب اردوغان، بتنفيذ تفجير سوروج جنوب تركيا والذي راح ضحيته 31 شخصًا. وقال باركي «يبدو أن هذا الهجوم نفذه داعش فهم الوحيدون القادرون على تنفيذ هجوم بهذا الحجم، وما يحاول التنظيم القيام به هوقتل عصفورين بحجر واحد، فهم يستهدفون الأكراد في تركيا من الموالين للأكراد في سوريا، لأنه إن كان هناك مجموعة واحدة في الشرق الأوسط تمكنت من إدماء داعش بصورة جدية فهم الأكراد السوريون بدعم من أمريكا، وعليه فإن للتنظيم حافزًا لإلحاق الأذى بالأكراد أينما كانوا سواء في سوريا أوتركيا.»وتابع قائلا: «العصفور الثاني إن جاز التعبير فهو محاولة إظهار عجز الحكومة التركية عن حماية مواطنيها، حيث إن هذه الخطوة تأتي بعد بدء ملاحقات عناصر التنظيم في مناطق ومدن تركيا. \n أنقرة كانت مترددة حتى وقت سابق بملاحقة التنظيم قبل أن توقن بأن هذه الجماعة تشكل تهديدًا حقيقيًا. «وأضاف باركي: «التوترات داخل تركيا ليست فقط بين الأتراك والأكراد بل أيضًا بين الموالين والمعارضين للحكومة، والأمر الملفت هوأنه وفي يوم الجمعة كان هناك تجمع لعدد كبير من مؤيدي التنظيم خارج اسطنبول والقوا خطابات هاجموا فيها الحكومة التركية ولم تقم الأجهزة الأمنية بأي خطوة. ",
    "date_extracted": "2015-07-22 10:09:25"
}