{
    "url": "http://www.al-madina.com/node/620570/«المفيز»-يعايد-منسوبي-الحرس‎-الوطني-بالشرقية.html",
    "title": "«المفيز» يعايد منسوبي الحرس‎ الوطني بالشرقية",
    "author": "عبدالله عابد - الدمام",
    "content": " أقام مساعد وكيل الحرس الوطني للجهاز العسكري بالقطاع الشرقي اللواء عبدالله بن محمد المفيز حفل معايدة بمناسبة عيد الفطر المبارك لقادة وضباط القطاع الشرقي بنادي الضباط بمدينة الملك فهد السكنية للحرس الوطني بالدمام، وذلك بحضور نائبه اللواء الركن دماك بن عبدالعزيز دعبش.\n ونقل المفيز بهذه المناسبة السعيدة تهنئة صاحب السمو الملكي وزير الحرس الوطني الأمير متعب بن عبدالله بن عبدالعزيز وكذالك تهنئة صاحب السمو الملكي الأمير مشعل بن بدر بن سعود بن عبدالعزيز وكيل الحرس الوطني للقطاع الشرقي. وتمنى للجميع التوفيق والسداد وأن تعود هذه المناسبة الطيبة على الجميع أعوام عديدة باليمن والبركة، وسأل الله العزيز القدير أن يحفظ قائد المسيرة المباركة خادم الحرمين الشريفين الملك سلمان بن عبدالعزيز وسمو ولي عهده الأمين والوطن الغالي وأهله من كل شر ومكروه.\n حضر حفل المعايدة اللواء الركن فالح السبيعي قائد لواء الأمير محمد بن عبدالرحمن للأمن الخاص واللواء محمد الربيعان قائد لواء التدخل السريع الثالث واللواء إبراهيم الفائز قائد لواء الأمن الخاص الثالث واللواء طاحوس البقمي قائد كتيبة المشاة الثالثة والخمسون واللواء محمد الاحمري قائد الشرطة العسكرية. ",
    "date_extracted": "2015-07-23 19:19:01"
}