{
    "url": "http://www.al-madina.com/node/620505/تعليم-الدواسر-يدعو-139-معلماً-لتسجيل-موعد-للمقابلة-الشخصية.html?live",
    "title": "تعليم الدواسر يدعو 139 معلماً لتسجيل موعد للمقابلة الشخصية ",
    "author": "واس - وادي الدواسر",
    "content": " دعت إدارة التعليم بوادي الدواسر, 139 معلمًا مرشحًا للوظائف التعليمية للعام الدراسي 1436- 1437هـ, إلى تسجيل موعد إجراء المقابلة الشخصية عبر بوابة تكامل http://riyadhedu.org/moe/ , خلال الفترة من 10 إلى 12 الشهر الجاري.\nوأهاب مشرف شؤون المعلمين بالإدارة مبارك بن محمد آل وديان، بالمرشحين إلى التقيد بالتعليمات والمستندات المطلوب إحضارها عند المقابلة الشخصية الواردة في الموقع. ",
    "date_extracted": "2015-07-22 10:09:21"
}