{
    "url": "http://www.al-madina.com/node/620547/الدخيل-لـ-«مديري-التعليم»-الدراسة-في-موعدها-المحدد.html",
    "title": "الدخيل لـ «مديري التعليم»: الدراسة في موعدها المحدد",
    "author": "واس - الرياض",
    "content": " أكد وزير التعليم الدكتور عزام بن محمد الدخيّل في اجتماعه بمديري التعليم امس في الوزارة، على بدء الدراسة في موعدها المحدد، وضرورة تحقيق البداية الجادة للعام الدراسي القادم 1436- 1437هـ.\n وتطرق الاجتماع إلى ضرورة العمل على ترحيل المقررات الدراسية قبل بدء الدراسة وتوزيعها على المدارس وفق احتياج كل مدرسة، إضافة لأهمية الرصد المبكر لاحتياج المدارس وتأمينها وفق صلاحيات مديري التعليم، والطلب بشكل عاجل من الوزارة لأي دعم تحتاجه إدارات التعليم.\n وتضمن الاجتماع أهمية جاهزية إدارات التعليم لبدء العام الدراسي الجديد وصيانة ونظافة المدارس والاطمئنان على تكامل وجاهزية حراس المدارس، وضرورة إعداد لجان لمتابعة انتظام الطلبة والمعلمين في مكاتب الإشراف، وتنفيذ برنامج استقبال الطلبة وتهيئتهم للدخول في جو العمل المدرسي من خلال برامج ترفيهية وتعريفية بالمدرسة ومرافقها، مع زيادة التواصل مع أولياء الأمور وربط المدرسة بالمجتمع ومؤسساته.\n كما تم مناقشة تبني مبادرات نوعية على مستوى إدارة التعليم تسهم في تعزيز الشراكة المجتمعية وزيادة مشاركة القطاع الخاص في برامج التعليم.\n من جهتهم أكد مديرو التعليم جاهزية المدارس لبدء العام الدراسي الجديد، فيما نوه مدير تعليم الحد الجنوبي على أن هناك لجنة مشكلة برئاسة معالي وزير التعليم لإنهاء الاستعدادات لبدء العام الدراسي في مدارس الحد الجنوبي بشكل منتظم.\n الجدير بالذكر، أن معالي وزير التعليم بدأ اجتماعه بمديري التعليم بالتركيز على ماتضمنه برنامج «فطن» الخاص بوقاية الطلاب والطالبات من «الانحرافات الفكرية والمشكلات السلوكية»، كما تم التأكيد على أهمية تنمية مهاراتهم الشخصية والاجتماعية لمساعدتهم في اكتساب المهارات الحياتية التي تجعلهم قادرين على قيادة ذواتهم بإيجابية. ",
    "date_extracted": "2015-07-23 19:17:53"
}