{
    "url": "http://www.al-madina.com/node/620809/مصرع-18-في-غرق-مركب-بنيل-القاهرة.html?weekly",
    "title": "مصرع 18 في غرق مركب بنيل القاهرة",
    "author": "",
    "content": " أعلنت الشرطة المصرية أن 18 شخصًا على الأقل بينهم نساء وأطفال لقوا مصرعهم مساء الأربعاء إثر اصطدام مركب رحلات كانوا على متنه بصندل نهري بالقرب من حي الوراق شمال القاهرة. فيما يقوم الغواصون بالبحث عن مفقودين. وأكدت السلطات أنه تم توقيف قائد الصندل وثلاثة من مساعديه إثر الحادث، وقال مسؤول كبير في الشرطة إنه تم انتشال 18 جثة. وكانت الشرطة ومصادر طبية أعلنت في وقت سابق مصرع 21 شخصًا. وتم إنقاذ خمسة اشخاص من النهر ولا يعرف عدد المفقودين، بحسب ضابط الشرطة. وقال شهود عيان إن صيادين كانوا أول من هرع إلى مكان الحادث ليلًا لإنقاذ الناجين وانتشال الجثث. وتوقفت عملية الإنقاذ مع حلول الليل واستؤنفت فجرًا، حيث جابت مراكب الشرطة والإغاثة مياه النهر بحثًا عن ناجين. ",
    "date_extracted": "2015-07-24 08:45:47"
}