{
    "url": "http://www.al-madina.com/node/620808/الجبير-نحن-مع-الاتفاق-الذي-يمنع-امتلاك-إيران-للسلاح-النووي.html?weekly",
    "title": "الجبير: نحن مع الاتفاق الذي يمنع امتلاك إيران للسلاح النووي",
    "author": "المدينة - جدة",
    "content": " أكد وزير الخارجية عادل الجبير، أن المملكة العربية السعودية ترحب بأي اتفاق مع إيران يمنعها من امتلاك الأسلحة النووية، ويتضمن آلية لعودة العقوبات في حال عدم التزامها بشروط الاتفاق النووي الذي أبرم بينها وبين الدول الكبرى المعروفة بمجموعة 5+1، وأن عليها الكف عن دعم الإرهاب في المنطقة. \n وأوضح الجبير أن الرياض على علم بالاجتماعات في القاهرة حول اليمن، مؤكداً أنه «لا نشك بموقف مصر»، وأشار إلى أن مصر جزء أساسي في التحالف الداعم للشرعية باليمن، وهي دعمت ذلك عسكرياً وسياسياً، لافتاً إلى أن عودة السفير السعودي إلى عدن مرتبطة بالوضع الأمني.\n وشدد في مؤتمر صحفي مشترك عقده في جدة أمس مع نظيره المصري سامح شكري، على أن مواقف السعودية ثابتة تجاه اليمن وسوريا، مشيراً إلى أهمية إيجاد حل في سوريا يقوم على مبادئ جنيف1، ويشمل رحيل بشار الأسد. وحول زيارة وفد من حماس للمملكة قال الجبير: «إن زيارة الوفد كانت لتأدية العمرة، ولم تكن زيارة رسمية». \n وأكد شكري التزام مصر في التحالف العربي الذي تقوده المملكة لدعم الشرعية واستعادة الاستقرار في اليمن، مشيراً إلى أن استقبال القاهرة لممثلين عن الرئيس السابق علي عبدالله صالح كان في إطار البحث عن السبل السياسية لحل الصراع في اليمن.\n وأكد حرص بلاده على «تدعيم أواصر العلاقة الإستراتيجية والأخوة والتضامن مع»، مشيراً إلى أن زيارته إلى المملكة تأتي في إطار حرص الرئيس عبدالفتاح السيسي «على تدعيم أواصر العلاقة الإستراتيجية وعلاقة الأخوة والتكامل والتضامن والتي هي علاقات تفوق العلاقات الطبيعية بين الدول لما يشعر به الشعبان الشقيقان من ترابط وإخاء ومصير مشترك يعمل كل منهما على تدعيمه للاستمرار في السير قدماً بما يحقق مصلحة البلدين والشعبين الشقيقين». ",
    "date_extracted": "2015-07-24 08:45:46"
}