{
    "url": "http://www.al-madina.com/node/620741/التركي-يستقبل-مسؤولين-من-إندونيسيا-وموريتانيا.html",
    "title": "التركي يستقبل مسؤولين            من إندونيسيا وموريتانيا",
    "author": "واس - مكة المكرمة",
    "content": " استقبل الأمين العام لرابطة العالم الإسلامي الدكتور عبدالله بن عبدالمحسن التركي، أمس، مدير عام مدارس ابن عامر الإسلامية في موريتانيا أحمد محمد الأمين الشيخ.\n وجرى خلال اللقاء بحث أوجه التعاون بين الرابطة والمدارس، خاصة في الجانب التعليمي.\n من جهته أعرب أحمد الشيخ عن شكره وتقديره لخادم الحرمين الشريفين، الملك سلمان بن عبدالعزيز آل سعود، على جهوده في خدمة الإسلام وقضاياه، منوهًا بالجهود الإسلامية والدعوية والثقافية، التي تقوم بها رابطة العالم الإسلامي عبر مكاتبها وهيئاتها ومراكزها التي تشرف عليها في خارج المملكة.\n كما استقبل أمس مدير الجامعة الإسلامية بجاكرتا البروفسور ويدي روسادا أحمد، يرافقه مدير مركز التوافق الديني بوزارة الشؤون الدينية مارك توشا، ومدير المعهد الديني بوزارة الشؤون الدينية بجاكرتا واوين سوفاندي.\n وجرى خلال اللقاء بحث أوجه التعاون بين الرابطة والجامعة الإسلامية بجاكرتا لما فيه مصلحة الإسلام والمسلمين.\n وأعرب البروفيسور ويدي أحمد عن شكره وتقديره لخادم الحرمين الشريفين، الملك سلمان بن عبدالعزيز آل سعود، على جهوده العظيمة في خدمة الإسلام وقضاياه في كل مكان في العالم، كما أثنى على الجهود الإسلامية والدعوية والثقافية التي تقوم بها رابطة العالم الإسلامي عبر مكاتبها وهيئاتها ومراكزها، التي تشرف عليها في خارج المملكة. ",
    "date_extracted": "2015-07-24 08:45:22"
}