{
    "url": "http://www.al-madina.com/node/620754/تصحيح-أوضاع-336-يمنيًّا-بالجوف.html",
    "title": "تصحيح أوضاع 336 يمنيًّا بالجوف",
    "author": "محمد الأسود الشراري - القريات",
    "content": " كشف العقيد عبدالمنعم الحيزان الناطق الإعلامي بجوازات الجوف عن أنه تم تصحيح أوضاع 336 يمنيا بالمنطقة، وذلك بعد أن صدر أمر سامٍ كريم بتمديد مهلة تصحيح أوضاع الإخوة اليمنيين إلى الـ30 من شهر شوال الجاري.\n وأشار إلى إدارة الجوازات بالمنطقة تواصل أعمالها في استقبال أبناء اليمن المقيمين بطريقة غير نظامية لتصحيح أوضاعهم، لافتا إلى أنه قد تم تخصيص ثلاث منافذ لتصحيح أوضاع اليمنين في كلٍ من جوازات مدينة سكاكا، وجوازات محافظة القريات، وشعبة جوازات محافظة طبرجل.\n وأكد أن الجوازات تُسارع في إنهاء إجراءات تصحيح أوضاع الأشقاء اليمنين حتى يتمتعوا من هذه المكرمة الملكية، لافتا إلى أن تصحيح أوضاعهم يحظى باهتمام واطلاع دائم من قبل مدير عام الجوازات اللواء سليمان بن عبدالعزيز اليحيى ومدير جوازات منطقة الجوف العميد الدكتور خالد بن محمد الهويش.\n ووجهه الحيزان دعوته لجميع الأخوة اليمنيين الذين لم يصححوا أوضاعهم بالمسارعة بالتوجه إلى أحد المراكز الثلاثة المعتمدة لإنهاء إجراءات تصحيح الأوضاع لديهم. ",
    "date_extracted": "2015-07-24 06:56:30"
}