{
    "url": "http://www.al-madina.com/node/620856/تركيا-تقصف-مواقع-«داعش»-في-سوريا.html?weekly",
    "title": "تركيا تقصف مواقع «داعش» في سوريا",
    "author": "أ ف ب - شانلي اورفا (تركيا)",
    "content": " قصفت تركيا أمس الخميس مواقع لتنظيم ا»داعش» الارهابي في سوريا ردا على مقتل احد جنودها باطلاق نار من قبل متطرفين، وذلك بعد 3 ايام على هجوم انتحاري دامٍ نسبته انقرة الى التنظيم المتطرف واستهدف ناشطين مناصرين للقضية الكردية. فيما قالت صحيفة وول ستريت جورنال الخميس نقلا عن مسؤولين في وزارة الدفاع إن تركيا وافقت على السماح للجيش الأمريكي بشن ضربات جوية ضد تنظيم داعش الارهابي من قاعدة جوية أمريكية في إنجرليك التركية.\n ووسط اجواء من التوتر الحاد التي غذاها مقتل شرطي في مدينة دياربكر الكردية الكبيرة، وقع هذا الحادث المسلح الاخطر منذ اشهر فيما تبحث الحكومة التركية تنفيذ اجراءات جديدة لتعزيز امنها على الحدود مع سوريا. وقالت رئاسة الاركان التركية في بيان إن عسكريا تركيا قتل وجرح اثنان آخران قرب كيليس (جنوب تركيا) في صدام مسلح مع متطرفي داعش في سوريا على الحدود بين البلدين.\n واوضح الجيش في بيان نشره على موقعه على الانترنت ان العنف اندلع في الساعة 13,30 (10,30 ت غ) عندما فتح خمسة عناصر من المتطرفين في سوريا النار على موقع متقدم للجيش التركي. وادى ذلك الى مقتل ضابط صف واصابة عسكريين اخرين اثنين. ",
    "date_extracted": "2015-07-24 08:45:57"
}