{
    "url": "http://www.al-madina.com/node/620865/الذهب-يتراجع-إلى-أدنى-مستوى-له-في-5-سنوات-ونصف.html?live",
    "title": "الذهب يتراجع إلى أدنى مستوى له في 5 سنوات ونصف",
    "author": "واس - مانيلا",
    "content": " تراجعت أسعار الذهب أكثر من واحد في المئة في التعاملات الآسيوية اليوم لتصل إلي أدنى مستوى لها في خمس سنوات ونصف وتتجه نحو تسجيل أكبر خسارة أسبوعية في تسعة أشهر.\n وانخفض سعر الذهب للبيع الفوري بنسبة 1.2 في المئة ليصل سعره إلى 1077 دولارًا للأوقية وهو أدنى مستوى له منذ شهر فبراير عام 2010م قبل أن يتعافى قليلا ليصل إلى 1082.80 دولارًا بحلول الساعة 0400 بتوقيت جرينتش.\n وزادت خسائر المعدن النفيس منذ بداية الأسبوع إلى أكثر من 4 في المئة وهو أكبر هبوط أسبوعي منذ شهر أكتوبر من العام الماضي.\n كما تراجعت العقود الآجلة الأمريكية للذهب تسليم أغسطس بنسبة 1.3 في المئة لتصل إلى 1072.30 دولارًا للأوقية في أدنى مستوى لها منذ شهر أكتوبر من عام 2009م قبل أن تتعافى وتصل إلى سعر 1082.10 دولارًا للأوقية. ",
    "date_extracted": "2015-07-24 12:56:14"
}