{
    "url": "http://www.al-madina.com/node/620674/نظام-آلي-جديد-يلغي-«الورق»-في-الجامعة-الإلكترونية.html",
    "title": "نظام آلي جديد يلغي «الورق» في الجامعة الإلكترونية",
    "author": "جابر المالكي - الرياض",
    "content": " دشن مدير الجامعة السعودية الإلكترونية الدكتور عبدالله بن عبدالعزيز الموسى، على الموقع الرسمي للجامعة خلال حفل المعايدة بمناسبة عيد الفطر المبارك امس في بهو الجامعة الرئيس، النظام الإلكتروني «دعم»، الذي يقدم منظومة متكاملة من الخدمات الإلكترونية لمنسوبي الجامعة الإلكترونية، بحضور وكلاء الجامعة، وعمداء العمادات والكليات. وأوضح الدكتور عبدالله الموسى أن النظام صمم بمعايير عالية الجودة والكفاءة ليستوعب الكم الهائل من الخدمات التقنية المميزة بهدف تسير العمل . ",
    "date_extracted": "2015-07-23 19:18:19"
}