{
    "url": "http://www.al-madina.com/node/620432/أهالي-رباع-يكرمون-حمود.html",
    "title": "أهالي رباع يكرمون حمود",
    "author": "محمد البيضاني - الباحة",
    "content": " اقام عدد من أهالي قرى رباع بمحافظة بني حسن حفلا لتكريم حمود بن أحمد الزهراني وذلك لما قام به من جهود مثمرة وخدمة لأهالي قرى رباع وكذلك افتتاح ملعب حمود بن احمد الرياضي وذلك بحضور مدير مكتب التربية والتعليم بمحافظة المندق عبدالعزيز موسى وعدد من اهالي واعيان قرى رباع .\n وألقى رئيس اللجنة المنظمة للحفل يحيي سعيد اللساب كلمة قدم فيها شكره لحمود، بعدها قام الاهالي بتكريم الزهراني وعدد من المشاركين في الحفل التكريم، وقد شاهد الحضور فيلم وثائقي عن سيرة حمود وقرى رباع ثم اختتم الحفل باوبريت. ",
    "date_extracted": "2015-07-22 10:09:06"
}