{
    "url": "http://www.al-madina.com/node/620746/القتل-قصاصا-لمواطن-تخلص-من-شقيقين-بالقصيم.html",
    "title": "القتل قصاصا لمواطن تخلص \t\tمن شقيقين بالقصيم",
    "author": "واس - بريدة",
    "content": " أصدرت وزارة الداخلية أمس بيانا بشأن تنفيذ حكم القتل قصاصا في أحد الجناة بمنطقة القصيم أطلق النار على شقيقين بسبب خلافات وقعت بينهم. وقال البيان إن المواطن ساير بن لافي بن ساير الرشيدي أقدم على قتل كل من محمد ولافي ابني عبدي بن عبدالله المظيبري - سعوديي الجنسية - وذلك بإطلاق النار عليهما إثر خلاف حصل بينهما. وتمكنت سلطات الأمن من القبض على الجاني المذكور وأسفر التحقيق معه عن توجيه الاتهام إليه بارتكاب جريمته وبإحالته إلى المحكمة العامة صدر بحقه صك شرعي يقضي بثبوت ما نسب إليه شرعًا والحكم عليه بالقتل قصاصًا وصدق الحكم من محكمة الاستئناف ومن المحكمة العليا وصدر أمر سام بإنفاذ ما تقرر شرعًا وصدق من مرجعه بحق الجاني المذكر. وتم تنفيذ حكم القتل قصاصًا بالجاني أمس بمحافظة النبهانية بمنطقة القصيم. وقالت وزارة الداخلية إنها تعلن عن ذلك لتؤكد للجميع حرص حكومة خادم الحرمين الشريفين - حفظه الله - على استتباب الأمن وتحقيق العدل وتنفيذ أحكام الله في كل من يتعدى على الآمنين ويسفك دماءهم وتحذر في الوقت ذاته كل من تسول له نفسه الإقدام على مثل ذلك بأن العقاب الشرعي سيكون مصيره. ",
    "date_extracted": "2015-07-24 08:45:27"
}