{
    "url": "http://www.al-madina.com/node/620753/«جوازات-الشرقية»-تواصل-تصحيح-أوضاع-اليمنيين.html",
    "title": "«جوازات الشرقية» تواصل تصحيح أوضاع اليمنيين",
    "author": "عبدالله عابد - الدمام",
    "content": " امتداداً لدعم الأشقاء اليمنيين بعد القرار الصادر استجابة لطلب الحكومة اليمنية الشرعية بتمديد المهلة لإتاحة الفرصة لمن لم يتمكنوا من تصحيح أوضاعهم وصدور القرار الملكي باستمرارالمهلة حتى نهاية دوام يوم السبت 30/ 10/ 1436هـ، تواصل جوازات المنطقة الشرقية حالياً تصحيح أوضاع اليمنيين، حيث توافد أعداد هائلة من الجالية اليمنية بالمنطقة الشرقية لتصحيح أوضاعهم.\n وعبرعدد من الجالية اليمنية عن شكرهم لخادم الحرمين الشريفين والحكومة السعودية على هذا القرار، حيث أكد جميل سعيد أحد المقيمين اليمنيين أن هذا القرار أثلج صدورهم منوهاً بأن تلك الخطوة سستسهم في تحسين وضعهم الاقتصادي، إذ سيكون باستطاعة المخالفين بعد تصحيح وضعهم العمل بصورة نظامية وبطريقة شرعية وأصبح باستطاعة المواطن السعودي الاستعانة بخبراتهم في الأعمال سواء كانوا أفراداً أو مؤسسات أو شركات.\n أما مهدي المطري فلفت إلى أن تمديد التصحيح جاء في وقته خاصة وأن كثيراً من أبناء الجالية اليمنية لم يستطيعوا تصحيح أوضاعهم بالفترة السابقة، مقدماً شكره لخادم الحرمين الشريفين على ما قدمه ويقدمه لليمنيين من دعم ومساندة.\n وبينما أوضح مصدر بجوازات المنطقة أن تصحيح أوضاع اليمنيين يسير وفق خطة مدروسة لتطبيق الأمرالملكي، دعا مدير جوازات المنطقة الشرقية اللواء فيصل حمير البلعاسي جميع اليمنيين الذين لم يبادروا بتصحيح أوضاعهم بسرعة مراجعة المراكز الخاصة لذلك حتى لا يتعرضوا لأي مخالفة. ",
    "date_extracted": "2015-07-24 08:45:34"
}