{
    "url": "http://www.al-madina.com/node/620390/تصحيح-أوضاع-اليمنيين-ينطلق-مجددًا-بعد-توقف-أيام-العيد.html",
    "title": "تصحيح أوضاع اليمنيين ينطلق مجددًا بعد توقف أيام العيد",
    "author": "المدينة - جدة",
    "content": " عاودت إدارات الجوازات في المناطق تصحيح أوضاع اليمنيين بعد توقف أيام عيد الفطر المبارك، وقالت المديرية العامة للجوازات العمل قائم في جميع مراكز التصحيح بكافة مناطق المملكة بعد إجازة عيد الفطر المبارك، وذلك إنفاذًا للتوجيه السامي الكريم بتمديد فترة تصحيح أوضاع الأخوة اليمنيين حتى 1436/10/30هـ.\n وأضافت أن عدد المصحح وضعهم من اليمنيين في كافة مراكز التصحيح بمناطق المملكة حتى أمس الأول بلغ (354863) شخصًا.\n ودعت المديرية العامة للجوازات الإخوة اليمنيين ممن تنطبق عليهم شروط الحصول على هوية زائر، إلى سرعة مراجعة مراكز التصحيح واستيفاء متطلبات التصحيح، مؤكدة أن من يحصل على وثيقة من سفارة بلاده فقط دون الحصول على هوية زائر فإن الوثيقة لوحدها لا تخوله في البقاء داخل المملكة بوضع نظامي.\n وللاطلاع على الشروط ومتطلبات ومواقع التصحيح في المملكة يمكن زيارة موقع مديرية الجوازات على الرابط www.gdp.gov.sa. ",
    "date_extracted": "2015-07-22 12:07:40"
}