{
    "url": "http://www.al-madina.com/node/620507/وظائف-إدارية-في-جامعة-الملك-سعود-للجنسين.html?live",
    "title": "وظائف إدارية في جامعة الملك سعود للجنسين ",
    "author": "واس - الرياض",
    "content": " أعلنت جامعة الملك سعود, عن توافر مجموعة من الوظائف الإدارية على سلم الموظفين العام، والصحيّة المشمولة بلائحة الوظائف الصحيّة في وزارة الخدمة المدنية, والمراد شغلها عن طريق المسابقة الوظيفية في المقر الرئيس للجامعة بالرياض وفرعها في المزاحمية.\nودعا عميد شؤون أعضاء هيئة التدريس والموظفين بالجامعة الدكتور سعد الحسين, المواطنين والمواطنات الذين تتوفر لديهم الشروط والمؤهلات المطلوبة التقديم على الوظائف المذكورة عبر موقع عمادة شؤون أعضاء هيئة التدريس والموظفين الإلكتروني https://dfpa.ksu.edu.sa/ ، مبيناً أن التقديم سيبدأ يوم الأحد المقبل 10 /10 / 1436هـ, ويستمر خمسة أيام. ",
    "date_extracted": "2015-07-22 12:07:41"
}