{
    "url": "http://www.al-madina.com/node/620807/المخلافي-لـ-مليشيا-الحوثي-تهرب-من-تعز-وتبيع-أسلحتها.html?weekly",
    "title": "المخلافي لـ  المدينة  : مليشيا الحوثي تهرب من تعز وتبيع أسلحتها",
    "author": "صالح عسكول - تعز، عدن، مأرب",
    "content": " أحرزت المقاومة الشعبية في محافظة تعز تقدمًا كبيرًا في كل جبهات القتال بالمدينة في مناطق الرابعة والجمهوري وجبل الوعش. وقال الشيخ حمود المخلافي رئيس مجلس المقاومة في محافظة تعز في تصريح خاص لـ»المدينة» إن مليشيا الحوثي والمتحوثين انهزموا وبدأوا بالهروب الجماعي من المدينة نتيجة الضغط الكبير من المقاومة وبعد تحقيق النصر الكبير للمقاومة والجيش في مدينة عدن، حيث قامت هذه المليشيات ببيع أسلحتها والذخائر بأسعار رخيصة جدًّا إذ وصل سعر الكلاشنكوف إلى 50 ألف ريال الذي تقدر قيمته الأصلية بـ400 ألف ريال، وهذا يدل على أن مليشيا الحوثي في تعز في الرمق الأخير. وأضاف ستكون الـ48 الساعة القادمة هي الفاصلة لتطهير المدينة من بقايا الحوثي المنتهية والمنكسرة.\n وبين أنه تم إلقاء القبض على عدد كبير من القيادات الميدانية الحوثية بينهم قائد كبير حاول الهروب بزي عروس إلا أنه وقع بيد المقاومة.\n الى ذلك استكملت المقاومة الشعبية والجيش الموالي للشرعية تطهير آخر جيوب مليشيا الحوثي وصالح في مديرية كريتر بالقضاء عليهم وهم من فئة القناصة وبذلك تصبح مدينة عدن مطهرة بكاملها من بقايا الحوثي وفلول صالح. وقال علي الأحمدي الناطق الرسمي للمقاومة الشعبية في محافظة عدن جنوب اليمن في تصريح خاص لـ»المدينة» إن المقاومة ستتجه إلى تطهير المناطق المحاذية للمدينة من جهة محافظة لحج التي تنطلق منها صواريخ الحوثي وتستهدف المواطنين وتعتبر مصدر إزعاج بعد تحقيق النصر الكبير، ودحر الحوثي من المدينة. وأضاف: يأمل المواطنون في المدينة خيرًا بهبوط أول طائرة عسكرية سعودية محملة بالمواد الإغاثية، وعودة وتشغيل المطار، واستعادة نشاطه الملاحي، ونتمنى أن تعود الطائرات محملة بالجرحى الذين أصيبوا بنيران المليشيات المسلحة لإنقاذ حياتهم وإدخال البسمة إلى قلوب ذويهم. \n وفي محافظة أبين نفذت المقاومة بالمنطقة الوسطى هجومًا نوعيًّا على مواقع المليشيات الحوثية، وقوات المخلوع صالح في منطقة السلامية وأمطروهم بوابل من القذائف أدت لمقتل وجرح العشرات منهم وتمكنت المقاومة من دحر ما تبقى منهم. وقال مصدر بالمقاومة لـ»المدينة»: إن الهجوم أسفرعن سيطرة المقاومة على كل المواقع وتقدمها إلى مشارف منطقة العين التي باتت على بعد أمتار وسيبسط المقاومون سيطرتهم على كامل المنطقة العين ويقطعون الإمداد والحركة على المعتدين. \n على صعيد متصل شنت طائرات التحالف صباح أمس أربع غارات جوية على مواقع الحوثيين وفلول صالح في منطقة الجفينة جنوب غرب المدينة في وقت تستمر فيه المواجهات بين المقاومة والحوثيين في مختلف جبهات القتال بالمحافظة. ",
    "date_extracted": "2015-07-24 08:45:42"
}