{
    "url": "http://www.al-madina.com/node/620764/دبلوماسيَّة-وطنٍ-في-سيرة-رجلٍ.html",
    "title": "دبلوماسيَّة وطنٍ في سيرة رجلٍ",
    "author": "محمد بشير كردي",
    "content": " ما يميِّز أداء الدبلوماسيَّة السعوديَّة من سواها كونها قائمة على ثوابت إنسانيَّة مستوحاة من آيةٍ كريمة في كتابه جلَّ وَعلا: ﴿وَجَعَلْنَاكُمْ شُعُوباً وَقَبَائِلَ لِتَعَارَفُوا إِنَّ أَكْرَمَكُمْ عِندَ اللَّهِ أتقاكم﴾ التي تعلو بوَّابة مبنى وزارة الخارجيَّة في الرياض. والتزامًا بالآية المباركة: ﴿أُدْعُ إلَى سَبِيْلِ رَبِّكِ بِالحكْمَةِ وَالموْعِظَةِ الحَسَنَةِ وَجَادِلْهُمْ بِالَّتِي هِيَ أَحْسَنُ إِنَّ رَبَكَ هُوَ أَعْلَم بِمَنْ ضَلَّ عَنِ سَبِيْلِهِ وَهُوَ أَعْلَمُ بِالمُهَتَدِيْنَ﴾\n وقد أوصى بهذا النهج الملك المؤسِّس عبد العزيز آل سعود طيَّب الله ثراه، وعمل به نجله الفيصل العظيم الذي تولَّى تأَسيس أوَّل وزارة خارجيَّة للمملكة في عام ١٣٤٩ هجريَّة. وهندسها من بعده نجله صاحب السموّ الملكي الأمير سعود الفيصل وِفق معطيات العصر منذ أن تسلَّم مقاليدها عام 1395 هجريَّة إثر استشهاد والده المغفور له بإذنه تعالى جلالة الملك فيصل بن عبد العزيز آل سعود.\n ونحن إذ نودِّع صاحب السموِّ الملكي الأمير سعود الفيصل، وقد اختاره الله إلى جواره الكريم في هذه الأيَّام المباركة من شهر رمضان، لا بَّد لنا من وقفة تقدير واحترام وثناء وإعجاب على ما حبا الله سموَّه الكريم من مزايا وقدرات قلَّ أن تتوفَّر في الكثيرين؛ ومنها الأدب الجمُّ وسرعة البديهة وسعة الاطِّلاع والتفوُّق في الحوار والمتابعة الشخصيَّة لجادَّة للقضايا التي تتولاَّها وزارته، وما كلَّفه به وليُّ الأمر، وما استجدَّ منها خاصَّة في السنوات الأخيرة التي شهدت هجومًا شرساً على ثوابتنا ومعتقداتنا، وهدَّدت أمن بلادنا وعصفت بأمن الدول الشقيقة والمجاورة. وتحمَّل سموُّه الصعاب والآلام في سبيل الواجب حتَّى وهو يعاني شدَّة المرض لسنوات إلى أن وافاه الأجل. ﴿وَلِكُلِّ أَجِلٍ كِتَابٌ﴾\n ولا شكَّ أنَّ الكتاب الذي سيُعنى المعهد الدبلوماسي في الرياض بإعداده من المؤكَّدِ أن يوثِّقَ مسيرة سموُّه الدبلوماسيَّة. ولا ريب سيتضمَّن كمًّا هائلاً من وثائق ومحاضر اجتماعات ولقاءات جمَعته بقادة العالم وكبار دبلوماسَّييها. أمَّا ما أنجز سموُّه -تغمَّده اللهُ برحمته - لأمَّته والمملكة في دفاعه عن الحقِّ والعدالة في المحافل الدوليَّة سيكون مرجعًا هامُّا لكلِّ من امتهن العمل الدبلوماسي والسياسي،ناهيك عن الكتَّاب والمؤرِّخين.\n كتاب لسوف يثري المكتبة السعوديَّة خاصَّة، والعربيَّة عامَّة بما يضمُّ بين دفَّتيه من مسار أُمَّة جمع الحبُّ والوفاء والإخلاص بين أطيافها كافَّة. \n\nللتواصل مع الكاتب ارسل رسالة SMS تبدأ بالرمز (127) ثم مسافة ثم نص الرسالة إلى 88591 - Stc 635031 - Mobily 737221 - Zain ",
    "date_extracted": "2015-07-24 06:52:53"
}