{
    "url": "http://www.al-madina.com/node/620801/بترجي-القطاع-الخاص-يعزز-التنمية-داخليًا-وخارجيًا.html",
    "title": "بترجي: القطاع الخاص يعزز التنمية داخليًا وخارجيًا",
    "author": "المدينة - جدة",
    "content": " أكد نائب رئيس غرفة جدة مازن بن محمد بترجي على دور القطاع الخاص في التنمية الوطنية الشاملة وزرع الأخوة وتقوية أواصر العلاقات الثنائية في مختلف المجالات وفتح الأبواب من أجل زيادة التعاون الاقتصادي والتجاري بين المملكة ومختلف البلدان الشقيقة والصديقة بدعم غرفة جدة التي تعد أول غرفة سعودية ذات الحراك الاقتصادي والاستثماري المعروف على مستوى الشرق الأوسط والتي تفتح ذراعيها وتتخذ من منتسبيها جسورًا للتواصل إلى عملائها من المجتمع الاقتصادي داخليًا وخارجيًا، وأشار إلى أن منتسبي الغرفة هم من يوطدون العلاقات الاقتصادية بين المملكة العربية السعودية ومختلف بلدان العالم، لافتًا إلى أن هذا التواجد الذي يحظى بمشاركة هذه النخبة الخيرة من رؤساء وأعضاء اللجان القطاعية بالغرفة والمنتسبين ومجتمع اعمال جدة يأتي في إطار تعزيز العلاقات الاقتصادية والتجارية للمملكة مع الأشقاء والأصدقاء في مختلف دول العالم، ونوه بحرص غرفة جدة على إقامة هذه المعايدة الأخوية التي تصب في إطار حرص حكومة خادم الحرمين الشريفين الملك سلمان بن عبدالعزيز -حفظه الله- على تعزيز وتطوير العلاقات مع جميع الدول على مر التاريخ والتأكيد على الرغبة الصادقة في أن ينعم الجميع بالسلام والتفرغ لتحقيق التنمية الشاملة المستدامة التي تعود على الشعب السعودي بالرخاء والاستقرار.\n جاء ذلك خلال رعايته أمس حفل المعايدة الذي أقامته الغرفة للمنتسبين بحضور نائب رئيس مجلس الإدارة زياد بن بسام البسام وعدد من أعضاء مجلس الادارة ورؤساء وأعضاء اللجان القطاعية ونائب الأمين العام المهندس محيي الدين بن يحيى حكمي وقيادات الغرفة التنفيذية وذلك بالبهو الرئيس للغرفة. ",
    "date_extracted": "2015-07-24 06:58:25"
}