{
    "url": "http://www.al-madina.com/node/620506/تعليم-المخواة-يدعو-المرشحين-للوظائف-التعليمية-لحجز-موعد-المقابلة.html?live",
    "title": "تعليم المخواة يدعو المرشحين للوظائف التعليمية لحجز موعد المقابلة ",
    "author": "واس - الباحة",
    "content": " تبدأ إدارة التعليم بمحافظة المخواة ممثلة في قسم شؤون المعلمين يوم الأحد القادم , استقبال جميع المرشحين للوظائف التعليمية ممن تم توجيههم لتعليم المحافظة، وحجز موعد للمقابلة الشخصية .\nوأفاد مدير شؤون المعلمين بتعليم المخواة محمد بن أحمد غانم, أن الإدارة أكملت جميع الاستعدادات لاستقبال المرشحين عبر تشكيل اللجان الخاصة بالمقابلات والتدقيق، مُهيباً بجميع المرشحين إلى الالتزام بالمواعيد المحددة، والاطلاع على الموقع الإلكتروني http://riyadhedu.org/moe/ . ",
    "date_extracted": "2015-07-22 12:07:34"
}