{
    "url": "http://www.al-madina.com/node/620890/بأية-حال-«هبَبْت»-يا-عيد؟.html",
    "title": "بأية حال «هبَبْت» يا عيد؟!",
    "author": "لولو الحبيشي",
    "content": " * العيد فرحة ، ونحن فيما يبدو لم نحسن الفرح بعد ، فتاتان متهورتان تعبران عن الفرح بقيادة الدباب بين جمهرة من المراهقين الذين يفتقرون للغيرة والنخوة وأهم من هذا لقانون يوقفهم عند حدودهم .\n * في تراثنا قصص لرجال افتدوا النساء اللاتي يحرضنهم على القتال برمي الخمار بسل السيوف وبذل الأرواح ، وفي حاضرنا البائس يهب فرسان تويتر و يوتيوب «بسل جوالاتهم» للتحرش و تصوير الفتيات ! \n * تحرش جماعي يشعرنا بخيبة أمل أن كيف يتفق جمع على ممارسة التجاوزات في مكان عام علناً ؟!\n * ثم سيل من الأصداء تقول في غالبها : إن نصف المسؤولية يقع على الفتاتين ، وثلثه على وليهما وسدسه على «دلوعة بابا» المتحرش !\n * ألم يأن الأوان لقانون رادع يحفظ للمجتمع قيمه و للأماكن العامة حرمتها ؟!\n * احتفالات أعياد الأمانات ، فقرات من الفوضى الخلاقة ، كل شيء يشعرنا بتراجع الأمل في نجاح مشروعنا السياحي الترفيهي ، خلوها على السياحة الدينية و زيارة الآثار ، ارحمونا من الفعاليات والفقرات ، تعبت نفسياتنا من رؤية طفل يلقم والده قنينة الرضاعة برعاية الأمانة ، وتعبت أعصابنا ونحن «نتفرج» على اختلال الفهم واعتبار ممارسة البذاءة على المسرح خفة دم ترعاها الأمانة لتعايد المواطن الذي اختار أو اضطر للتسيح داخلياً !\n * الأطفال هم العيد وفرحته ، الأمانات يجب أن تكون اسماً على مسمى ، الإتقان يستوجب عمل بروفات لما يبث للناس وما يوجه للأطفال على مسارح « الأمانات» لأن المنبر أمانة .\n * معلمة تتوفى في جامعة تبوك لارتفاع ضغطها جراء رفض طلب ابنتها المتفوقة الالتحاق بالطب ، الميدان وسوق العمل في واد و الجامعات في وادٍ آخر ، بعض الجامعات تشعرك في تنطعها أننا مكتفون ولا يوجد في السعودية طبيب واحد وافد ، بل تشعرك أن الأطباء السعوديين صاروا يتعينون حراس مدارس ، شبعنا طب ، كفاية ، لا نحتاج إلا الاجتماعيات ، فلتغلق كليات الطب ! \n\n@Q_otaibi\nlolo.alamro@gmail.com\nللتواصل مع الكاتب ارسل رسالة SMS\nتبدأ بالرمز (71) ثم مسافة ثم نص الرسالة إلى\n88591 - Stc\n635031 - Mobily\n737221 - Zain ",
    "date_extracted": "2015-07-25 01:50:56"
}