{
    "url": "http://www.al-madina.com/node/620919/أمير-نجران-يدعو-لتحفيز-الشباب-لزيارة-المواقع-التاريخية.html",
    "title": "أمير نجران يدعو لتحفيز الشباب لزيارة المواقع التاريخية",
    "author": "واس - نجران",
    "content": " دعا صاحب السمو الأمير جلوي بن عبدالعزيز بن مساعد، أمير منطقة نجران، بإحداث برامج تحفز الشباب لزيارة المواقع التاريخية في المنطقة، وربطهم بمرحلة تأسيس المملكة، ومعرفة البطولات التي أسهم آباؤهم وأجدادهم في تحقيقها، ومواقفهم النبيلة التاريخية. جاء ذلك خلال زيارة سموه لقصر «أبا السعود التاريخي» وسط مدينة نجران أمس الأول ، حيث أشاد بما يحظى به من العناية والرعاية من قبل الهيئة العامة للسياحة والتراث الوطني، بمتابعة صاحب السمو الملكي الأمير سلطان بن سلمان بن عبدالعزيز، رئيس الهيئة العامة للسياحة والتراث الوطني.\n وقال سموه «إن القصر الشامخ يوثق مرحلة مهمة في تأسيس البلاد على يد المؤسس الملك عبدالعزيز بن عبدالرحمن آل سعود ـ رحمه الله ـ ، وللمنطقة، فهو يذكرنا بتاريخ الرجال النبلاء وشجاعة أهالي نجران الذين أسهموا في هذه المرحلة».\n وتجول الأمير جلوي بن عبدالعزيز في أرجاء القصر، مطلعًا على ما يضمه من مقتنيات أثرية، واستمع لشرح عن أقسام القصر قدمه مدير فرع الهيئة العامة للسياحة والتراث الوطني في المنطقة صالح بن محمد آل مريح، بعدها تناول الجميع مأدبة طعام الغداء التي أقامها سموه. ",
    "date_extracted": "2015-07-25 09:55:57"
}