{
    "url": "http://www.al-madina.com/node/620622/العولقي-لـ-عدن-كسرت-شوكة-علي-صالح-والحوثيين.html",
    "title": "العولقي لـ \"المدينة\": عدن كسرت شوكة علي صالح والحوثيين",
    "author": "صالح عسكول - شبوة",
    "content": " قال الشيخ صالح بن فريد العولقي القيادي في الحراك الجنوبي إن انتصار عدن الذي تحقق بدعم دول الخليج الشقيقة يعني الكثير لنا في الجنوب. فعدن هي الأم التي رضع منها كل أبناء الجنوب، وكل أبناء اليمن، وهي رمز المقاومة، وتحريرها رفع معنويات وعزيمة أبناء الجنوب العربي، وسوف نرى معظم شباب وشجعان عدن في مقدمة المقاتلين لتحرير بقية المحافظات. وأكد الشيخ العولقي الذي يُعدُّ أحد أبرز القيادات والزعامات القبلية في محافظة شبوة في تصريح خاص لـ«المدينة» أن تحرير عدن كسر شوكة جيوش علي صالح، والفرس، والحوثيين الأنجاس، وفتح لنا المنافذ الإستراتيجية من موانئ، والمطار لاستقبال الدعم اللوجستي الأساس لحسم معركة التطهير من سلاح وتموين، وتمكين أبناء الجنوب من العودة والانضمام لإخوتهم في المقاومة لإكمال مسيرة التطهير.\n وردًّا على سؤال لـ»المدينة» حول استخدام بيته بالبريقة في عدن لاحتضان واستقبال قوات التحالف قال: أحمد الله أن بيتي احتضن أحبتنا من دول الخليج، الذين أتوا لإنقاذنا -جزاهم الله خيرًا- وهو ليس بيتي، بل بيت ومنزل كل أبناء خليجنا العربي الحبيب، ومَن كان في بيتي من أبطال دول الخليج عملوا وحققوا معجزة أولاً بوجودهم في المنطقة المتبقية (البريقة)، ودافعوا عنها، وجهزوا الجيوش من المقاومة لصد الأعداء من كافة مناطق عدن، علمًا أنهم جازفوا بحياتهم من أجلنا، ودماء شهدائهم النقية روت أرضنا، وقد خططوا وجهزوا بعناية فائقة وسرّية مطلقة، ومهنية عالية، فاجأتنا قبل أن تفاجئ العدو المحتل الذي فرّ مدحورًا مهزومًا. ومهما قلنا، ومهما عملنا لا نستطيع أن نعبر عن خالص شكرنا واحترامنا ومحبتنا للجميل الذي طوّقت به أعناقنا من قبل دول الخليج، وعلى رأسها خادم الحرمين الشريفين الملك سلمان بن عبدالعزيز. ",
    "date_extracted": "2015-07-23 19:19:31"
}