{
    "url": "http://www.al-madina.com/node/620497/كيري-تصريحات-خامنئي-«مزعجة».html",
    "title": "كيري: تصريحات خامنئي «مزعجة»",
    "author": "أ ف ب - دبي",
    "content": " أكد وزير الخارجية الأمريكي جون كيري، في مقابلة خاصة مع قناة «العربية»، أنه سيلتقي نظراءه من دول مجلس التعاون الخليجي وسيطلعهم على تفاصيل الاتفاق النووي الإيراني، وعلى كل النقاط التي تضمنها الاتفاق لضمان أمن دول الخليج. واعتبر أن التصدي لممارسات إيران وتدخلاتها في عدد من دول المنطقة وهي دولة غير نووية، هو أكثر سهولة من فعل ذلك وهي دولة نووية.\n وشدد كيري في تصريحاته لـ»العربية» على أن ما تملكه دول الخليج من ميزانية عسكرية يتجاوز بمرات ميزانية إيران، وانطلاقًا من هذه النقطة فإن بإمكان دول الخليج أن تدافع ضد أنشطة عملاء إيران بطريقه مؤثرة جدًا، وعند سؤاله حول تصريحات المرشد الأعلى لإيران، آية الله علي خامنئي الأخيرة والتي أكد فيها أن إيران ستبقى في حالة حرب مع أمريكا، أجاب كيري: «لا أعرف كيف أقرأ هذه التصريحات في هذه الفترة بالتحديد سوى أن آخذها كما هي، أي أن هذه هي سياسته، وأنا أدرك أنه أحيانًا تختلف التصريحات العلنية عن الواقع».\n إلا أن كيري اعتبر أن تصريحات خامنئي هذه «مقلقة للغاية ومزعجة، وهذا أحد أسباب لقائي المزمع مع القادة الخليجيين، وهو أحد أهم الأسباب التي تجعلنا مهتمين أكثر بأمن وسلامة الخليج، ونحن جادون جدا في جهودنا لمكافحة الإرهاب والوكلاء الذين يلعبون أدوارًا مخرِّبة في المنطقة»، وعلى سؤال «هل ستستخدم نفوذ الولايات المتحدة لدى إيران لتضغط الأخيرة على النظام السوري من أجل حل سلمي وحكومة انتقالية بدون الأسد؟»، أجاب كيري: «لا أستطيع التحدث نيابة عن إيران لأننا تفاوضنا معها في الملف النووي فقط، ولم نتطرق إلى القضايا الأخرى، لكن الرئيس الإيراني حسن روحاني قال في تعليقه على الاتفاق: «إنه مهتم بإقامة علاقات مختلفة مع دول المنطقة». ",
    "date_extracted": "2015-07-22 09:50:49"
}