{
    "url": "http://www.al-madina.com/node/620758/أهالي-الرياض-يطالبون-بفعاليات-للشباب-ومنافسات-للقوة-والتحمل.html",
    "title": "أهالي الرياض يطالبون بفعاليات للشباب ومنافسات للقوة والتحمل",
    "author": "عبدالله الشملاني - الرياض",
    "content": " أشاد زوار مواقع احتفالات أمانة الرياض بعيد الفطر المبارك هذا العام، بالتنوع الكبير في فعاليات العيد، وتكامل الخدمات التي تقدمها الأمانة من أجل راحة المواطنين والمقيمين والاستمتاع بفرحة الفطر، معبرين عن تقديرهم للجهود الضخمة التي تبذلها أمانة الرياض في تنظيم هذا العدد الكبير من فعاليات العيد في جميع أحياء العاصمة، وإتاحة الفرصة لجميع أفراد العائلة لقضاء إجازة العيد.\n وأشار عدد من زوار مواقع احتفالات عيد الرياض إلى نجاح الأمانة في تجديد عدد من الفعاليات، مطالبين باستمرار مسيرة تطويرها وإثرائها بأنشطة مبتكرة لاستيعاب الفئات وترسيخ مفهوم الترفيه الهادف.\n وفي هذا السياق أوضح عبدالرحمن الماجد أحد زوار مواقع عروض الطيران باحتفالات العيد أن الفعاليات المخصصة للعائلات وفرت بدائل كثيرة لكل أفراد العائلة للاستمتاع بالعيد في عدد كبير من المواقع المجهزة بكل ما يلزم لراحة الزوار والمشاركين لافتاً إلى أنه حرص على اصطحاب عائلته لمشاهدة الاستعراضات الجوية والتي تواصلت في سماء العاصمة احتفالاً بالفطر.\n من جانبه عبر المواطن عبدالله بن فهد، أحد زوار فعاليات العيد بمسرح دار العلوم عن سعادته بالتجديد الواضح في برنامج الاحتفالات هذا العام، واستحداث فعاليات جديدة تناسب اهتمامات الشباب، مثل سباقات السيارات ورياضات الإثارة والتحدي وعروض السيارات المعدلة، مطالباً بضرورة تكثيف الإعلانات للتعريف بفعاليات العيد ليس فقط عن طريق اللوحات التي يتم تركيبها على الطرق والجسور، وإنما أيضاً من خلال رسائل الجوال، بالإضافة إلى تخصيص الفعاليات في كل موقع حسب الفئة العمرية المستهدفة.\n أما المقيم عصام عثمان من سوريا، فأبدى إعجابه بالألعاب النارية والتي تضئ سماء الرياض في العيد وكذلك عروض الطيران وعروض السيارات المعدلة، مثمناً للأمانة حرصها على تنويع الفعاليات وتنظيمها وتهيئة مواقعها لاستقبال أعداد هائلة من الزوار، مطالباً بتخصيص عدد أكبر من الفعاليات للأطفال وألا يقتصر ذلك على المسرحيات والشخصيات الكرتونية، بل يمتد ليشمل ألعاب كمبيوتر والبلاي ستيشن وغيرها، وكذلك زيادة عدد مواقع الشباب.\n من جانبه تحدث المواطن طارق القرني، أحد زوار حديقة الأمير عبدالعزيز بن عياف في احتفالات العيد، فأكد أن فعاليات العيد هذا العام كانت مفاجأة سارة من حيث مستواها وجودة تنظيمها وتنوعها وإضافة فعاليات جديدة، مؤكداً على أهمية استمرار مسيرة تطوير وتجديد الفعاليات بصفة مستمرة والاستفادة في ذلك من خبرات المؤسسات المتخصصة في صناعة الترفيه.\n وفي ذات السياق أكد المقيم خالد العون، أن فعاليات عيد الرياض تقدم البهجة والسعادة مجاناً وبلا أدنى استثناء أو تمييز بين المواطنين والمقيمين وخاصة الفعاليات المخصصة للأطفال والعائلات، داعياً الله أن يحفظ على المملكة أمنها واستقرارها.\n أما المواطن سيف القحطاني فأبدى سعادته بالحضور الكثيف لفعاليات العيد في جميع المواقع التي زارها وكذلك التنظيم الجيد وتنوع الأنشطة الاحتفالية، مطالباً بزيادة الخدمات في بعض مواقع عيد الرياض بما يتناسب مع الإقبال الكبير مع المواطنين والمقيمين.\n من ناحيته تحدث المواطن نايف الشحيني أحد زوار الخيمة الشعبية بحي النظيم في احتفالات العيد، عن تميز أمانة الرياض في تنظيم فعاليات العيد هذا العام، وزيادة الاهتمام بالفعاليات الشبابية بما في ذلك مشاركة نجوم استاند آب كوميدي وعروض السيارات والطيران والفلكلور الشعبي لافتاً إلى ضرورة الاستماع إلى آراء الشباب من 18 – 25 عاماً بشأن الفعاليات الموجهة لهم.\n وطالب الشحيني بوجود فعاليات القوة والتحمل والإثارة والمنافسات الرياضية لاستثمار طاقات الشباب في أنشطة مفيدة.\n وفي سياق موازِ عبر المواطن خالد محمد القحطاني عن شكره لأمانة الرياض على جهودها المستمرة في إقامة احتفالات العيد، مؤكداً حرصه وعائلاته على المشاركة في الفعاليات التي تقام بساحة الدوح، مطالباً بتخصيص عدد أكبر من البرامج والأنشطة لذوي الاحتياجات الخاصة في ساحة الدوح وكافة المواقع الأخرى لمشاركة ذويهم الاستمتاع بفعاليات العيد. ",
    "date_extracted": "2015-07-25 01:51:11"
}