{
    "url": "http://www.al-madina.com/node/620632/تركيا-إبطال-مفعول-عبوة-ناسفة-بجانب-مقر-حزب-«العدالة».html",
    "title": "تركيا: إبطال مفعول عبوة ناسفة بجانب مقر حزب «العدالة»",
    "author": "أ ف ب - د ب أ - عواصم",
    "content": " أعلنت السلطات التركية أن شابا في العشرين هو منفذ الهجوم الانتحاري، الاثنين، الذي تبناه تنظيم داعش واوقع 32 قتيلا على الأقل في سوروتش على الحدود مع سوريا، حسبما أفاد مصدر رسمي الأربعاء.\n وصرح مسؤول تركي- رفض الكشف عن هويته- لوكالة فرانس «نؤكد بالاستناد إلى تحاليل جينية أن منفذ الهجوم رجل في العشرين من اديامان (جنوب شرق تركيا)».\n من جهة أخرى أفادت تقارير إخبارية تركية بأنه تم العثور على ضابطي شرطة مقتولين في إقليم شانلي أورفا على الحدود مع سورية.. ونقلت صحيفة «حريت» التركية على موقعها الإلكتروني عن عز الدين كوتشوك، حاكم الإقليم، القول: إنه تم العثور على الضابطين مقتولين، وبهما آثار طلقات نارية بالرأس بمنزلهما المشترك بمنطقة جيلانبينار.. وأوضح كوتشوك أن الضابطين كانا يعملان بشرطة مكافحة الشغب، مشيرا إلى أنه لم يتضح بعد ما إذا كان الحادث «إرهابيا».. وكان الإقليم نفسه قد شهد تفجيرا انتحاريا أمس الأول أسفر عن مقتل 32 شخصا وإصابة أكثر من مئة آخرين.\n وفي سياق متصل أبطل خبراء متفجرات أتراك مفعول عبوة ناسفة كانت موضوعة داخل صندوق قرب مبنى حزب العدالة والتنمية الحاكم في العاصمة التركية أنقرة.\n وقام المواطنون أمس بإبلاغ الشرطة عقب اشتباههم في صندوق موضوع أسفل إحدى سيارات الدعاية الانتخابية قرب مبنى الحزب بمنطقة «سانجاق تيبيه» في أنقرة.\n وهرعت إلى المنطقة فرق خاصة من خبراء المتفجرات، عقب طوق أمني فرضته\n الشرطة على المنطقة، وأبطل الخبراء مفعول عبوة ناسفة يدوية الصنع، تحتوي مادة «تي إن تي» المتفجرة، وأرسلتها إلى المختبر الجنائي، تمهيدا لفحصها.. وفتحت الشرطة تحقيقا بشأن الحادث. ",
    "date_extracted": "2015-07-23 19:19:40"
}