{
    "url": "http://www.al-madina.com/node/620670/العرض-الثاني-لمسرحية-«كلنا-سلمان»-بجدة-اليوم.html",
    "title": "العرض الثاني لمسرحية «كلنا سلمان» بجدة.. اليوم",
    "author": "عبدالله البلادي - جدة",
    "content": " يقام مساء اليوم الخميس، العرض الثاني للمسرحية الوطنية الاجتماعية الكوميدية «كلنا سلمان»، والتي تنظمها جمعية الثقافة والفنون بجدة، وتعرضها على مسرحها بالكورنيش في تمام الساعة العاشرة مساء اليوم. والمسرحية من تأليف وإخراج بخيت العامري، وتمثيل كل من: بخيت العامري، ومحمد عيسى، ومحمد طاهر، وعايض الشهري، وإيهاب عسيري، وإبراهيم عسيري، ومعاذ عسيري، وأحمد عسيري، وماهر السلمي، وأيمن لافي. وسيكون الدخول للعائلات فقط، مجانًا. وقد أقيم مساء أمس الأربعاء العرض الأول للمسرحية، وشهد حضورًا مميزًا. وتقدم جمعية الثقافة والفنون بجدة هذا العرض المسرحي مساهمة منها في فعاليات صيف جدة وبجهود ذاتية منها. ",
    "date_extracted": "2015-07-23 19:18:07"
}