{
    "url": "http://www.al-madina.com/node/620737/تصدّت-إدارة-تقنية-المعلومات-في-وزارة-الخدمية-المدنية-لـ186-ألفًا-و823-هجمة-إلكتر.html",
    "title": "التصدي لـ187 ألف هجمة إلكترونية على موقع «الخدمة المدنية»",
    "author": "المدينة - جدة",
    "content": " تصدّت إدارة تقنية المعلومات في وزارة الخدمية المدنية لـ186 ألفًا و823 هجمة إلكترونية لمحاولة اختراق موقعها للوصول إلى خدمات الوزارة الإلكترونية خلال العام الماضي 2014م.\nويبلغ عدد منافذ الشبكة في الوزارة والفروع 7933 منفذًا، فيما بلغ عدد رسائل البريد الإلكتروني الصادرة والواردة 1012004 رسائل، كما تم استقبال وتنفيذ 8300 بلاغ تتعلق بالأجهزة والشبكة والتطبيقات في مبنى الوزارة وفروعها والمكاتب التابعة لها، إلى جانب تركيب وتشغيل 1400 جهاز حاسب شخصي، و368 إجراء تعديل وتطوير على الأنظمة والخدمات الإلكترونية، ونقل وثائق جميع الموظفين المثبتين إلى نظام الأرشفة الإلكترونية، وقد بلغ عددها 953672 وثيقة.\nوكشف تقرير صادر عن الوزارة عن أنه تمت الإجابة عن 795868 استفسارًا شملت: تظلمات جدارة من المتقدمين، الاستفسارات الفنية لجدارة، صندوق الموارد البشرية، المؤسسة العامة للتقاعد. إلى جانب تزويد عدد من الجهات ببيانات موظفي الخدمة المدنية، وتشمل وزارة الشؤون الاجتماعية - الضمان الاجتماعي «1240000» سجل شهري، وبرنامج حافز «2460000» سجل شهري، وبرنامج الإسكان، والتأمينات الاجتماعية، وبرنامج قياس. ",
    "date_extracted": "2015-07-24 06:46:38"
}