{
    "url": "http://www.al-madina.com/node/620524/تعليم-الليث-يجري-مقابلات-لـ-54-مرشحا-للوظائف-التعليمية.html?live",
    "title": "تعليم الليث يجري مقابلات لـ 54 مرشحاً للوظائف التعليمية ",
    "author": "واس - الليث",
    "content": " تجري إدارة التعليم بمحافظة الليث مطلع الأسبوع القادم ، إجراء المقابلات الشخصية لـ 54 معلماً مرشحا للتدريس في مختلف التخصصات العلمية، للعام الدراسي المقبل . \n وأوضح المتحدث الرسمي ومدير الإعلام التربوي بتعليم الليث محمد المالكي أن المقابلات الشخصية ستجري للمعلمين مساء يوم الأحد القادم ، بمدرسة سعيد بن العاص الابتدائية والمتوسطة لتحفيظ القرآن الكريم بالليث ، بعد صلاة المغرب مباشرة ، مطالبا المرشحين للوظائف التعليمية إحضار المستندات والمسوغات ، المتضمنة ، وعدد 2 ملف أخضر علافي ، وعدد 4 صور شخصية ، وعدد 4 صور لوثيقة التخرج ، وإحضار الأصل للمطابقة، وعدد 4 صور من مؤهل الدبلوم التربوي ، وإحضار الأصل للمطابقة، وعدد4 صور لكشف الدرجات مع إحضار الأصل للمطابقة ، وعدد 3 صور للهوية الوطنية مع إحضار الأصل للمطابقة ،وإحضار حجز الموعد من برنامج المقابلات الشخصية في برنامج التكامل الإلكتروني. \n وأفاد أنه تم توفير سكن لاستقبال المرشحين في بيت الطالب، فيما تم اعتماد لجان المقابلات الشخصية والمكونة من أقسام شؤون المعلمين والإشراف التربوي، وشؤون الموظفين، والصحة المدرسية. ",
    "date_extracted": "2015-07-22 20:04:53"
}