{
    "url": "http://www.al-madina.com/node/620470/الفيفا-يقاضي-ناثر-الدولارات-فوق-رأس-بلاتر.html",
    "title": "الفيفا يقاضي ناثر الدولارات فوق رأس بلاتر",
    "author": "د ب ا - زيورخ",
    "content": " أعلنت شرطة مدينة زيوريخ السويسرية امس الثلاثاء أن الاتحاد الدولي لكرة القدم (فيفا) تقدم بشكوى جنائية ضد الممثل الكوميدي البريطاني سيمون برودكين بدعوى تعديه على ممتلكات الغير.\n وكان برودكين قد فاجأ الحضور في مؤتمر صحفي ، عقده جوزيف بلاتر رئيس الفيفا أمس الاثنين بمقر الاتحاد في زيوريخ ، عندما أمطر بلاتر ( 79 عاماً) بدولارات نزيفة.\n وقال برودكين متهكما في إشارة إلى قضايا الفساد المحيطة بالفيفا «هذا من أجل كوريا الشمالية .2026 أنا كسفير لكرة القدم لكوريا الشمالية ، يسعدني إبرام الاتفاقية بين الفيفا وكوريا الشمالية من أجل استضافة كاس العالم 2026 .»\n ونقل برودكين إلى قسم شرطة ليجرى استجوابه قبل إطلاق سراحه.\n والآن ينتظر اتخاذ مكتب الإدعاء السويسري قراره بشأن توجيه الاتهامات المحتملة له. ",
    "date_extracted": "2015-07-22 09:51:06"
}