{
    "url": "http://www.al-madina.com/node/620720/تعليم-بيشة-يدعو-306-معلماً-للمقابلة-الشخصية.html?live",
    "title": "تعليم بيشة يدعو 306 معلماً للمقابلة الشخصية ",
    "author": "واس - بيشة",
    "content": " طلبت إدارة التعليم في بيشة 306 معلمين لإجراء المقابلات الشخصية للمعينين الجدد يوم الأحد القادم .\n وأوضح مدير شؤون المعلمين في تعليم بيشة محمد بن سعد آل مشيـّع أنه يتعين على المعلمين الجدد والراغبين أيضاً من المعينين في تعليم نجران حجز موعد المقابلة من خلال الموقع الإلكتروني , مشيراً إلى ضرورة رفع المستندات المطلوبة على النظام ، وطباعة نماذج مسوغات التعيين ونموذج كشف طبي للمرشح ، وترتيب الرغبات المكانية \"قطاعات المنطقة \"، وإحضار أصل أو صورة مصدقة لكل من الهوية الوطنية , ووثيقة التخرج , والسجل الأكاديمي , وست صور شمسية 4×6 .\n وبين أن موعد ومكان المقابلات النسائية ستعلن في وقت لاحق وتحديداً بعد إعلان أسماء المرشحات من الخدمة المدنية. ",
    "date_extracted": "2015-07-24 06:51:10"
}