{
    "url": "http://www.al-madina.com/node/620802/السياحة-تغلق-11-نزلاً-سياحيًا-بحقل.html",
    "title": "السياحة تغلق 11 نزلاً سياحيًا بحقل",
    "author": "واس - تبوك",
    "content": " أغلقت لجنة تقييم المنشآت والإيواء السياحي بمنطقة تبوك مؤخرًا، 11 نزلًا سياحيًا بمحافظة حقل، لمخالفتها معايير الأمن والسلامة والنظافة. وأوضح مدير فرع الهيئة العامة للسياحة والتراث الوطني بمنطقة تبوك ناصر بن أحمد الخريصي، أن اللجنة قد أعطت ملاك هذه المنشآت الفرصة لتصحيح أوضاع النزل خلال الشهر الماضي، ولن ينظر في وضعها حتى تتوافر الاشتراطات اللازمة فيها، وحصولهم على رخص مزاولة الأنشطة السياحية، مشيرًا إلى أن الجهات المشكلة من المحافظة وفرع الهيئة العامة للسياحة والتراث الوطني وأمانة منطقة تبوك والبلديات التابعة لها والدفاع المدني وشرطة المنطقة، لن تتهاون في تطبيق الأنظمة ضد المخالفين بهدف تقديم خدمات سياحية تتناسب مع مكانة المنطقة سياحيًا، وتليق بالسائح الذي ينشد خلال زيارته للمواقع السياحية ليس فقط التعرف عليها، وإنما أيضًا للحصول على جودة خدمات سياحية مقبولة.\n وأفاد الخريصي، أن مرافق الإيواء هي أحد أهم العناصر التي تقوم عليها صناعة السياحة التي لا يمكن تطويرها، إلا إذا كانت خدمات مرافق الإيواء متطورة وراقية، وتحقق رغبات وطموحات النزلاء بشكل عام، والسياح بشكل خاص، لذلك سعت الهيئة والجهات المشاركة بالمنطقة لتطوير برنامج شامل لضمان جودة هذه الخدمات، إضافة إلى إجراء الرقابة الدائمة على المنشآت السياحية، بحيث تضمن رفع مستوى الخدمات الأساسية خاصة فيما يتعلق بالسلامة والأمن، وفقًا لمعايير التصنيف الخاصة بالفنادق والوحدات السكنية المفروشة، الذي اعتمدته الهيئة بناء على معايير عالمية متخصصة.\n ونوه مدير فرع الهيئة العامة للسياحة والتراث الوطني بمنطقة تبوك، بدعم ومتابعة صاحب السمو الملكي الأمير فهد بن سلطان بن عبدالعزيز أمير منطقة تبوك رئيس مجلس التنمية السياحية بالمنطقة في هذا الشأن. ",
    "date_extracted": "2015-07-24 06:47:04"
}