{
    "url": "http://www.al-madina.com/node/620805/خبيرة-تونسية-قيادات-الدواعش-فاسدون-وانتهازيون.html?weekly",
    "title": "خبيرة  تونسية: قيادات الدواعش فاسدون وانتهازيون",
    "author": "كمال الكافي ـ تونس",
    "content": " أكدت رئيسة المركز الدولي للدراسات الاستراتيجية الأمنية والعسكرية بتونس بدرة قعلول لـ»المدينة»: أن ازدياد عمليات هروب القيادات الداعشية الفاسدة وكان آخرها فرار قيادي تونسي يدعى أبو عواد التونسي من صفوف «داعش» سببها ضغط ورقابة كبيرة جدًا وعمليات عسكرية عجلت بهروب العديد من القيادات التي ربما ليس لها قناعة تامة بأنهم يستطيعون الوصول إلى المكانة التي كانوا يتصورونها ثم هناك عامل آخر ولنكون موضوعيين أكثر وندخل في العمق أكثر الذين ينتمون إلى هذه التنظيمات نوعان، هناك نوع مقتنع بأنه ذهب للحرب ليؤسس ما يسمى بـ»خلافة داعش المزعومة»، وهناك مجموعات أخرى أغرتها الأموال، والمنصب الكبير الذي لم يكن يحلم بها بعد أن كان مهمشًا في بلده بلا مستقبل ولا قيمة مادية ولا قيمة إنسانية يذهب إلى هناك بحلم أن يجد البديل لكن في داخله غير مقتنع وذهابه للانضمام إلى المنظمات الإرهابية «طمع مادي» وتضيف قعلول لـ»المدينة»: هناك 4 أنواع منهم ـ النوع الأول كما قلنا في الأول المقتنع بالفكر الداعشى الإرهابى التكفيرى والنوع الثاني الذي تغريه الأموال والمناصب وهؤلاء المجموعة المرتزقة والثالث نوع يذهب من أجل «الجنس» المتمثل فى حيازة «السبايا» وتستطرد قعلول قائلة: هناك من حدثني أن ابنه حدثه عبر السكايب يقول له إننا بخير وكل الناس سواسية لا توجد طبقة الرأسمالية الجوفاء نعيش مثل بعضنا البعض لدينا الزكاة، نأخذ جرايتنا مثل الكل .. للأسف هذا الكلام يصل إلى» الشباب الطماع» لتغيير حياته بالتوجه إلى بؤر التوتر. ",
    "date_extracted": "2015-07-24 08:45:44"
}