{
    "url": "http://www.al-madina.com/node/620673/«إصلاح-البين»-تنهي-40-قضية-وديًّا-بالطائف.html",
    "title": "«إصلاح البين» تنهي            40 قضية وديًّا بالطائف",
    "author": "عواض الخديدي - الطائف",
    "content": " أنهت لجنة إصلاح ذات البين بمركز حي بني سعد جنوب الطائف٤٠ قضية متنوعة ومختلفة كان بعضها منظورة لدى الجهات المعنية وبعضها تم معالجتها قبل وصولها إلى المحاكم الشرعية، وذلك في غضون أشهر منذ مباشرة اللجنة أعمالها. وأكد رئيس مجلس إدارة المركز الشيخ عطية بن مساعد الثبيتي أنه تم إنهاء تلك القضايا وديًّا من قبل أعضاء لجنة إصلاح ذات البين، وذلك في إطار عملها ودورها في حل النزاعات والخلافات بين المتخاصمين من أبناء المنطقة، وحرصها على نشر ثقافة التسامح بين أبناء المجتمع، وأضاف الثبيتي: إن اللجنة لا تزال تعمل على معالجة قضايا أخرى وفي طور إنهائها، ولفت الثبيتي إلى أن اللجنة تهدف إلى غرس قيم العفو والتسامح بين المجتمع وتحقيق التعاون بين اللجنة والجهات الحكومية الأخرى، وتحقيق رغبة ولاة الأمر في نشر أعمال الخير، وبذل المعروف، ونبذ العداوات بين الناس. ",
    "date_extracted": "2015-07-23 19:18:18"
}