{
    "url": "http://www.al-madina.com/node/620451/مسؤول-يمني-وصول-3-سفن-مساعدات-لعدن.html",
    "title": "مسؤول يمني: وصول 3 سفن  مساعدات لعدن",
    "author": "صالح عسكول-عدن",
    "content": " تعكف الحكومة الشرعية اليمنية التي كلفها الرئيس عبدربه منصور هادي بالنزول ميدانيا الى مدينة عدن بعد تحريرها من مليشيات الحوثي وصالح على معرفة الواقع وطبيعة الوضع ورفعها بشكل سريع الى الرئاسة ورئاسة مجلس الوزراء \n فيما وصف وزير النقل اليمني المهندس بدر باسلمة فى تصريحات لـ»المدينة»: الوضع في عدن بالكارثي جراء ما احدثته مليشيا الحوثي واعوانهم من انصار المخلوع صالح من تخريب وحشى طال كافة المرافق بها وقال مسؤول حكومي بعدن في تصريح خاص لـ لـ «المدينة»: إن عودة الحكومة الى عدن وممارسة مهامها الوطنية يرجع الى تقرير الوزراء الذين وصلوا للمدينة وترتيب عملية الايواء لهم لان مليشيا الحوثي دمرت كل المواقع الأساسية من دار الرئاسة والمحافظة. وأضاف: مليشيا الحوثي قتلت الأطفال والنساء وجثثهم ما زالت متناثرة بالشوارع ونطالب وزارة الصحة بسرعة ارسال فريق طبي لانتشال هذه الجثث وأشار الى ان مطار عدن الدولي جاهز 100 % بانتظار أجهزة اتصالات البرج التي ستصل في الساعات المقبلة بعدها سيدخل المطار ويعاود نشاطه الملاحي .وقال دشنا اليوم أول» امس» أولى المعونات الواصلة من الفاو عبر ميناء عدن وهي ثلاث سفن مساعدات تحمل مواد غذائية ومشتقات نفطية .\n وقال وزير النقل اليمني المهندس بدر باسلمة لـ»المدينة»: ان ما أرتكبته القوة الغاشمة من الحوثيين فى حق عدن يحتاج الى جهد وعمل كبير لإعادة البسمة والفرحة لأبناء المدينة الذين تجرعوا الويلات والدمار والتشريد وعانوا على مدى أربعة اشهر الكثير من التعب والحرمان من الكهرباء والماء والحكومة ستعمل جاهدة على إعادة هذه الخدمات الأساسية للمواطنين وإعادة روح الحياة للمدينة واضاف: تريثنا في إعادة النازحين من أبناء عدن الى بيوتهم لكي نطمئن من خلو منازل المواطنين من بقايا حوثية وذلك من خلال القيام بعملفية التمشيط اليومية من قبل الجيش المساند للشرعية والمقاومة وعدم وجود أي مخاطر على المواطنين الذين سيعودون الى منازلهم مع استكمال إيصال الخدمات من كهرباء ومياه الى البيوت التي قطعتها مليشيا الحوثي على المواطنين للتنكيل عليهم واجبارهم على مغادرة بيوتهم . ",
    "date_extracted": "2015-07-22 09:50:54"
}