{
    "url": "http://www.al-madina.com/node/620738/جذب-الاهتمام.html",
    "title": "جذب الاهتمام",
    "author": "مازن عبد الرزاق بليلة",
    "content": " لاتستغرب من تسليط الأضواء على الفنانين، ونجوم الكرة، ومشاهير هوليود، فهذه صناعة تدر الملايين على أصحابها، وكل العاملين فيها، حتى النقد متاح لهم، بل هو جزء من المتعة، لأن الثمرة المطلوبة تمسك بها الأيدي، وتلوكها أكثر من غيرها، ومن الأفضل أن تُهاجم على أن تُهمل وتُنسى.\n في التراث الهندي، هناك مقاتل هندي، بلغ شأنه في الحرب، وأصبح ذا مال وغنى، ومع ذلك لم يكتسب الشهرة، ولم يهتم به أحد، ولم يدعَ إلى حفلات الملك، فقام يوماً ما، ودخل القصر وعض ابن الملك، وهناك تحرك العسكر في البلاط، واجتمعوا حول الأمير الذي صرخ من شدة الألم، وانتشرت السمعة عند الناس، وهرعوا للقصر، وأغلقت الأسواق، وبدأ الناس يتحدثون عن عضَّاض الأمراء، حتى انتشر اسمه على كل لسان، فقال قولته المشهورة، (اسم بدون صخب، مثل نار بدون لهب)، واليوم يعمد بعض المهووسين بالشهرة، القيام بأعمال مجنونة لجذب وسائل الإعلام إليهم.\n وفي العصور الوسطى، اشتهر فرسان المبارزة، يمتطون الجياد المزركشة بالأمتعة المنقوشة، ويلبسون البدل الحربية المزينة بالنياشين، حتى يصبح الفارس كأنه وهج يستقطب الأعين، كما يجذب المغناطيس قطع الحديد، واستقطاب الأضواء لايعني أن يكون الإنسان خالياً من كل شيء، ويريد الشهرة بأي ثمن، بل له استعدادات مسبقة، وإنجازات تبرزه عن بقية المجتمع، تعطيه المجد، هذا أمر ثابت، ومفروغ منه، لكن بعد ذلك، يجب أن يحافظ على نجمه ساطعاً.\n لاتتضايق سواء كان الكلام عنك إيجابياً أو سلبياً، فالإنسان يتطور ويتعلم بالنقد أكثر من المديح، لكن من المهم ألا يُدفن حياً.\n #ثمانٍ_وأربعون_قانوناً_للقوة_روبرت_جرين\n القانون السادس، ما لا يُرى لا قيمة له، الناس تحكم بالظاهر، لاتضيع نفسك في الزحام، كن دائماً محوراً لجذب الاهتمام العام، وتميز في أسلوب حياتك. \n\nللتواصل مع الكاتب ارسل رسالة SMS تبدأ بالرمز (100) ثم مسافة ثم نص الرسالة إلى 88591 - Stc 635031 - Mobily 737221 - Zain ",
    "date_extracted": "2015-07-24 06:52:59"
}