{
    "url": "http://www.al-madina.com/node/620494/المغرب-اعتقال-8-أشخاص-بتهمة-التخطيط-لاعتداءات.html",
    "title": "المغرب: اعتقال 8 أشخاص بتهمة التخطيط لاعتداءات",
    "author": "أ ف ب - الرباط",
    "content": " أعلنت السلطات المغربية اعتقال 8 أشخاص امس الثلاثاء كانوا يخططون لارتكاب اعتداءات في المغرب باسم تنظيم «داعش» الإرهابي من خلال استهداف «مسؤولين أمنيين»، وبحسب بيان تمكن المكتب المركزي للتحقيقات القضائية، الهيئة الجديدة التي وصفتها الصحافة بـ»الاف بي اي المغربي»، من «تفكيك خلية ارهابية تضم 8 اعضاء ناشطين في مدن طنجة (شمال) وبوزنيقة (غرب) وخريبقة (وسط) وتاونات (شمال)، وأضافت وزارة الداخلية: إن هذه الخلية التي كانت مرتبطة بـ»قادة» لتنظيم داعش قامت بإيواء مقاتلين «تلقوا تدريبات مكثفة لصناعة المتفجرات وفي حرب العصابات» في معسكرات للمنظمة الجهادية، وبحسب المصدر نفسه كانوا يخططون لـ»سلسلة عمليات إرهابية في الرباط» تطال «مسؤولين أمنيين» وهجوم على «مواقع حساسة». ",
    "date_extracted": "2015-07-22 09:50:59"
}