{
    "url": "http://www.al-madina.com/node/620886/سيل-المخدرات-من-المسئول؟.html",
    "title": "سيل المخدرات .. من المسئول؟",
    "author": "محمد سالم الغامدي",
    "content": " من يتتبع أخبار تلك الكميات الهائلة من المخدرات بمختلف أصنافها السائلة والجافة التي يكتشفها رجال الأمن عبر المنافذ الحدودية أو عبر مراكز بيعها وترويجها ومن يتتبع أخبار الأعداد الكبيرة من المتعاطين لها من أبناء الوطن يكتنفه الذهول وتنتابه الحيرة ويتبادر الى مخيلته عدة أسئلة هي : من يقف خلف ذلك من الداخل أو الخارج ؟ ومن يسهل أمر دخولها حتى أصبحت في متناول الكثير من أبناء الوطن ؟ وأين دور التوعية بأضرارها من قبل المنابر الإعلامية والدعوية والتربوية التي أراها قاصرة تمام القصور في ذلك وإن حدث فهي مشاركات خجولة محدودة التأثير لضحالة الرسالة وافتقادها للعمق في محتواها ولافتقادها للعلمية المطلوبة في إحداث الأثر؟ \n فالمؤكد أن بلادنا في هذه الأيام تحديداً تعيش مرحلة صعبة تكتنفها الأخطار من كل اتجاه وتمارس حيالها كافة السبل التخريبية المبرمجة وفي مقدمتها بالطبع سلاح المخدرات التي انتشرت بصورة لافتة وأصبحت خطراً يهدد حياة أكبر شرائح مجتمعنا ألا وهي الشباب ولاشك أن فئة الحاقدين على أمننا واستقرارنا من أعدائنا والطامعين في جمع المال من تجار المخدرات من الخارج والداخل وخاصة العمالة الوافدة تتكالب جميعاً لتحقيق مآربها.. ولعلي هنا أستشهد بما حدث في سجن بريمان جدة حينما مورست أحدث الاساليب المبتكرة لإيصال تلك المخدرات الى داخل السجن من خلال طائرات صغيرة موجهة عن بعد، ولولا يقظة رجال أمن السجن وحسن تدبيرهم لاصطيادها عند وصولها لحدث الممنوع ..لذا نقدم لهم من هذا المنبر كل الشكر والتقدير كونهم بذلك كشفوا أحدث أساليب المكر الشيطاني الذي كان بالإمكان استخدامه في إحداث جرائم أخرى أكثر خطورة وأشد ضرراً.\n ولعلي من خلال هذا المنبر أتقدم ببعض المقترحات التي تجعل المواطن يدخل شريكاً فعالاً ومؤثراً في محاربة تلك الآفة الخبيثة فأقول:\n -حبذا لو خصصت مكافآت مجزية لمن يبلِّغ عن تاجر أو مروِّج وتكون مثل تلك المكافآت مضاعفة لفئة المتعاطين الذين يبلِّغون عن التجار والمروِّجين مقابل عدم تعرضهم للعقاب بل تُوفَّر لهم عملية العلاج في سرية تامة .\n -أن تخصص لرجال الأمن بمختلف مجالات عملهم ممن يسهمون في كشف التجار والمروجين مكافآت مجزية بالإضافة الى منحهم علاوات أو ترقيات فورية وتكون تلك المكافآت مضاعفة لرجال الأمن على المنافذ البرية والبحرية والجوية بالإضافة الى مضاعفة رواتبهم ومنحهم العلاوات والترقيات وتقليدهم نياشين لذلك العمل النبيل .\n وفي الختام يقيني أن وزارة الداخلية التي يقف في أعلى هرمها ولي العهد صقر الأمن صاحب السمو الملكي الأمير محمد بن نايف رعاه الله وسدد خطاه ،ستتبنى تلك المقرحات . والله من وراء القصد. \n\nللتواصل مع الكاتب ارسل رسالة SMS\nتبدأ بالرمز (43) ثم مسافة ثم نص الرسالة إلى\n88591 - Stc\n635031 - Mobily\n737221 - Zain ",
    "date_extracted": "2015-07-25 01:50:45"
}