{
    "url": "http://www.al-madina.com/node/620481/حرس-الحدود-ينقذ-١٦غريقا-بالشرقية-خلال-العيد.html",
    "title": "حرس الحدود ينقذ ١٦غريقا بالشرقية خلال العيد",
    "author": "عبدالله الزهراني - الدمام",
    "content": " أنقذت فرق البحث بقطاعات حرس الحدود بالمنطقة الشرقية 16 شخصا من الغرق بشواطئ البحر خلال إجازة عيد الفطر المبارك. وأوضح المتحدث الرسمي بقيادة حرس الحدود بالمنطقة النقيب عمر بن محمد الأكلبي أن فرق البحث والإنقاذ بقطاع الخبر أنقذت ١٣ حالة غرق خلال أيام عيد الفطر، تعرضوا للإجهاد أثناء ممارستهم للسباحة بشاطئ نصف القمر، وتم نقلهم إلى الشاطئ وإجراء الإسعافات الأولية اللازمة لهم ونقل من استدعت حالته إلى مستشفى الملك فهد بالظهران وجميعهم بحالة صحية جيدة. كما أنقذت فرق البحث والإنقاذ بقطاع سلوى، طفل عمره عام تعرض لحالة غرق بشاطئ العقير، وأجرت الإسعافات الأولية اللازمة له ونقله إلى مستشفى العيون. وأثناء قيام الدروية البحرية، في قطاع الخفجي بعملها المعتاد شاهدت شخصين قد جرفهم التيار بعيدا عن الشاطئ أثناء ممارستهم للسباحة وعلى الفور تم التوجه لهم وإنقاذهم وتقديم الإسعافات الأولية اللازمة لهم.\n ودعا النقيب الأكلبي إلى التقيد بتعليمات الإنقاذ واللوحات الإرشادية والتأكد من مواقع السباحة الآمنة، وعدم المجازفة والمخاطرة وخاصة من فئة الشباب، معربا عن أسفه لتكرار حوادث الغرق أثناء النزهات الشاطئية رغم الجهود المبذولة في التوعية بالسلامة البحرية والسلامة الشاطئية. وأرجع أغلب الحوادث إلى التجاوزات ومخالفة الأنظمة وعدم الاكتراث باللوحات الإرشادية والسباحة في مناطق ممنوعة أو التوغل إلى عمق البحر مما يؤدي إلى الإجهاد والتعب أثناء العودة بتصلب العضلات «الشد العضلي» مما ينتج عنه التعرض للغرق. ",
    "date_extracted": "2015-07-22 10:09:11"
}