{
    "url": "http://www.al-madina.com/node/620364/صحة-المدينة-تتألم-والأرقام-لا-تكذب.html?weekly",
    "title": "صحة المدينة تتألم والأرقام لا تكذب!!",
    "author": "عبد الله منور الجميلي",
    "content": " مقطع فيديو ينتشر بصورة واسعة يرصد أَحَـدَ مستشفيات المدينة القريبة من المسجد النبوي وهو خالٍ من الأطباء المناوبين، وحالة من الانزعاج كانت عنواناً للمراجعين في قسم الطوارئ (ومديرية الصحة بالمنطقة تَـعِـد بالتحقيق)، هذا ما بثته صحيفة الوطن يوم الأربعاء الماضي!!\n والصحيفة نفسها تؤكد الأحد الفارط بأن (طفلةً) أُصِـيْـبَـت بَـتـجَـرْثُـمِ بالـدّم خلالها تنويمها في مستشفى الأطفال بطيبة، و(المديرية) أيضاً تشير إلى أنها بِـصَـدد نَـقْـلِ الطفلة لمستشفى الحرس بجدة!\n وقبل ذلك وذاك، وفي نهاية شهر يونيو وبحسب (واس): لجنة من إمارة منطقة المدينة المنورة تزور فجأة مستشفى أحد هناك، وتضبط سوءًا في بعض الخدمات، يعقب ذلك توجيه عاجل من أمير المنطقة بسرعة معالجتها.\n وهنا لاعجب ولاغرابة من تلك الأحداث والأخبار التي تزاحمت حول (صحة المدينة) خلال الأيام القليلة الماضية (فقط)؛ فرغم ما توليه الحكومة من دعم ورعاية للمدينة النبوية وميزانيات كبيرة سنوياً إلا أن الأرقام حول (صحتها) مؤلمة، ولا تكذب ولا تتجمّـل (كما ذكرتُ سابقاً)!!\n ففي عام 1404هـ كان عدد سكان المنطقة (650 ألف نسمة تقريباً)، وعدد الزوار والمعتمرين والحجاج في العام نفسه (800 ألف)؛ بينما كان عدد الأسَـرّة في المستشفيات (1693 سريراً)!!\n أما اليوم وحسب إحصاءات عام 1433هـ فعدد سكان المدينة أكثر ( 1800000 مليون وثمانمائة ألف نسمة)، والزوار بلغوا في العام ذاته ( سبعة ملايين زائر)!\n وفي المقابل فقد بلغ عدد الأسرة في مستشفيات المدينة (1611 سريراً) ؛ نعم صدقوا لقد نقصت الأَسِـرّة بما نسبته (4%)، ولاحظوا أنّ ذلك المجموع لابد أن يُسْـتَـبْـعَـد منه أَسِـرّة المستشفيات التخصصية كـ (الصحة النفسية والـصّـدر والـدّرن) وغيرها!!\n والعجز الـصّـحّـي في المدينة اليوم ليس في الأسِـرّة بل بالقوى العاملة أيضاً فكل (1000 مواطن) يقابلهم فقط ما نسبته ( 1,03 طبيب ، و3,4 ممرض ، و1,04 فني)!!\n أما في موسم الحج فيتم سنوياً تأجيل العمليات غير العاجلة مع ما يعانيه المرضى من آلام، لخدمة الحجاج والمعتمرين من 15 ذي القعدة وحتى 15 محرم!!\n أخيراً وفي ظلّ رعاية حكومتنا الرشيدة لمدينة المصطفى عليه الصلاة والسلام، وكذا متابعة ونشاط أميرها صاحب السمو الملكي الأمير فيصل بن سلمان لابد من حلول عاجلة منها (شراء بعض المستشفيات الخاصة «وقد كان هذا مطروحاً خلال سنوات مضت)، والتوسع في تحويل المرضى للمشافي الخاصة، وتسهيل إجراءات النّقَـل للرياض وجــدّة)!\n أما المعالجات المستقبلية فإنشاء مدينة طبية متكاملة للمواطنين، وأخرى للحجاج والمعتمرين والزوار الذين ستتضاعف أعدادهم خلال السنوات القادمة.\n \n تويتر @aljamili\n aaljamili@yahoo.com \n\naaljamili@yahoo.comللتواصل مع الكاتب ارسل رسالة SMS تبدأ بالرمز (3) ثم مسافة ثم نص الرسالة إلى 88591 - Stc 635031 - Mobily 737221 - Zain ",
    "date_extracted": "2015-07-22 20:05:10"
}