{
    "url": "http://www.al-madina.com/node/620571/التويجري-يحضر-حفل-معايدة-منسوبي-الحرس-الوطني.html",
    "title": "التويجري يحضر حفل معايدة منسوبي الحرس الوطني",
    "author": "واس - الرياض",
    "content": " بحضور نائب وزير الحرس الوطني عبدالمحسن بن عبدالعزيز التويجري أقامت وزارة الحرس الوطني أمس حفل الاستقبال والمعايدة لمنسوبيها بمناسبة عيد الفطر المبارك.\n وتبادل الجميع التهاني والتبريكات بهذه المناسبة، سائلين الله تعالى أن يعيده على الجميع بالخير واليمن والبركات.\n حضر حفل الاستقبال والمعايدة معالي رئيس الجهاز العسكري الفريق محمد بن خالد الناهض وصاحب السمو الأمير خالد بن عبدالعزيز بن عياف آل مقرن وكيل الحرس الوطني لشؤون الأفواج ورؤساء الهيئات وأمراء الأفواج وقادة الألوية والوحدات ومديرو الإدارات وعدد من منسوبي الوزارة من مدنيين وعسكريين.\n كما أقيم حفل استقبال ومعايدة في جميع قطاعات ووحدات وزارة الحرس الوطني في مختلف مناطق المملكة. ",
    "date_extracted": "2015-07-23 19:19:02"
}