{
    "url": "http://www.al-madina.com/node/620401/كنافة-بطول-18-متراً-عيدية-للزوار-بالمدينة.html",
    "title": "كنافة بطول 18 متراً عيدية للزوار بالمدينة",
    "author": "عبدالرحيم الحدادي - المدينة المنورة",
    "content": " استقبل فندق بالمدينة المنورة - ضمن فعاليات العيد - نزلاءه بكنافة عملاقة طولها 18 مترا وعرضها 50 سم، وقام بوضعها ببهو الفندق واحتفلوا بها إدارة الفندق مع نزلاء الفندق وتعد الكنافة هي الأكبرالتي صنعت على مستوى المملكة العربية السعودية واستغرق تحضيرها 15 يوما وكانت مفاجئة لجميع نزلاء الفندق وخلال أقل من ساعة لم يتبق من هذه الكنافة أي شيء حيث اجتمعوا عليها كافة نزلاء الفندق مع العاملين والموظفين، وكلا أخذ نصيبه منها وهناك من التقط الصور التذكارية مع الكنافة قبل البدء في أكلها. وأوضح مدير العلاقات العامة بالفندق طلعت أبو عوف لقد حرصنا أن يكون عيد هذا العام مميزا عن بقية الأعياد لنزلاء الفندق ولم يكن لدينا سوى أن نعمل هذه الكنافة ذات الطول البارع الذي وصل لـ18 مترا وهي أطول كنافة على مستوى المملكة وذلك لكي نقدمها عيدية لضيوفنا الكرام وكانت محل استغراب الكثير الحضور وقد زينت بالشموع على امتداد الكنافة. ",
    "date_extracted": "2015-07-22 13:50:50"
}