{
    "url": "http://www.al-madina.com/node/620855/وزير-الداخلية-البحريني-لإيران-تدخلاتكم-«مرفوضة».html?weekly",
    "title": "وزير الداخلية البحريني لإيران: تدخلاتكم «مرفوضة»",
    "author": "واس - المنامة",
    "content": " أكد الفريق الركن الشيخ راشد بن عبدالله آل خليفة وزير الداخلية بالبحرين أن التدخلات الإيرانية في الشأن الداخلي للبحرين مرفوضة شكلاً ومضموناً، مشيراً إلى أن هذه التدخلات أخذت أبعاداً متعددة خارج نطاق العلاقات الدولية التي تحترم حسن الجوار ومن بينها التصريحات السياسية المعادية مروراً بتهريب مواد متفجرة وأسلحة وذخائر إلى البحرين وإيواء الهاربين من العدالة وفتح المعسكرات الإيرانية لتدريب المجموعات الإرهابية التي تسعى إلى استهداف أرواح الأبرياء، فضلاً عن الحملات الإعلامية المضللة والمستمرة تجاه البحرين.\n وقال بن عبد الله في تصريح له أمس الخميس إن البحرين لم ولن تتردد يوماً في حماية شعبها، وفي المقابل تسعى إلى تعزيز العلاقة مع أيران، وكانت كل تحركاتنا على الدوام إيجابية مراعاة لحسن الجوار، لذا نقول لهم إنكم متورطون في الإخلال بأمن البحرين، وإنكم دربتم على استخدام الأسلحة والمتفجرات، وإنكم تصدرون إلينا ثقافة الإرهاب، وإنه كلما اتجهت الأمور لدينا إلى الاستقرار والتعافي الوطني عمدتم إلى إثارة القلاقل والتصعيد من خلال تدخلاتكم في شأننا الداخلي.\n وبين أن دول مجلس التعاون الخليجي تعمل كمنظومة أمنية متكاملة نحو هذا التهديد، وعليها في سبيل تحقيق الأهداف الأمنية لشعوب المنطقة أن تعزز تعاونها المستمر مع العمل على تطوير تحالفاتها الدولية التي تساعد على تحقيق ذلك. وأضاف إنني أخاطب كل من في قلبه حب وإخلاص وولاء للبحرين، وأدعو إلى استنكار ورد وطني مخلص تجاه هذه التدخلات الإيرانية الخطيرة بشأن الأمن البحريني. ",
    "date_extracted": "2015-07-24 08:45:56"
}