{
    "url": "http://www.al-madina.com/node/620658/برشلونة-يستهل-جولته-الأمريكية-بفوز-على-جالاكسي.html",
    "title": "برشلونة يستهل جولته الأمريكية بفوز على جالاكسي",
    "author": "ا ف ب - كاليفورنيا",
    "content": " استهل برشلونة بطل إسبانيا وأوروبا استعداداته للموسم الجديد بشكل جيد من خلال فوزه على لوس انجليس غالاكسي الأمريكي 2-1 الثلاثاء في مباراة ودية ضمن بطولة كأس الأبطال الدولية لكرة القدم أقيمت على ملعب روز بول في باسادينا (كاليفورنيا) أمام 93226 متفرجًا.\n ويدين برشلونة، الفائز بثلاثية الدوري والكأس المحليين ودوري ابطال اوروبا والذي يغيب عنه في جولته الامريكية نجماه الأرجنتيني ليونيل ميسي والبرازيلي نيمار، بفوزه على لوس انجليس غالاكسي الى الاوروغوياني لويس سواريز الذي خرج فائزا من مواجهته مع زميله السابق في ليفربول الانجليزي ستيفن جيرارد بتسجيله الهدف الاول في الدقيقة 45 قبل أن يضيف سيرجي روبرتو الهدف الثاني في الدقيقة 56 من المباراة التي اختتمها غالاكسي بهدف شرفي في الوقت بدل الضائع عبر تومي ماير (1+90).\n وعلى ملعب «افايا استاديوم» في سان خوسيه، حقق مانشستر يونايتد الانكليزي فوزه الثاني في هذه البطولة الودية الموزعة مبارياتها بين استراليا والصين واميركا الشمالية واوروبا، وجاء على حساب صاحب الارض سان خوسيه ارثكوايكس بثلاثة اهداف للاسباني خوان ماتا (37) والوافد الجديد الهولندي ممفيس ديباي (37) والبرازيلي الشاب اندريا بيريرا (61) مقابل هدف لفاتاي الاشي (42) في مباراة شهدت 10 تغييرات لفريق «الشياطين الحمر» في الشوط الثاني حيث شارك الوافد الجديد الاخر الالماني باستيان شفاينشتايغر للمرة الاولى.\n وكان فريق المدرب الهولندي لويس فان غال بدأ جولته بالفوز على اميركا المكسيكي بهدف للوافد الجديد الاخر الفرنسي مورغان شنايدرلان.\n وعلى ملعب «ريد بول ارينا» في نيوجرزي، حقق باريس سان جرمان بطل فرنسا فوزه الثاني، بعد الاول على بنفيكا البرتغالي (3-2)، وجاء على حساب فيورنتينا الايطالي باربعة اهداف مقابل هدف . ",
    "date_extracted": "2015-07-23 19:20:03"
}