{
    "url": "http://www.al-madina.com/node/620584/الدوريات-الأمنية-بمحافظة-جدة-تعايد-منسوبيها-بإفطار-جماعي.html",
    "title": "الدوريات الأمنية بمحافظة جدة تعايد منسوبيها بإفطار جماعي",
    "author": "سعد العنيني - جدة",
    "content": " حضر مدير شرطة منطقة مكة المكرمة اللواء عبدالعزيز بن عثمان الصولي صباح أمس، حفل المعايدة الذي أقامته إدارة الدوريات الأمنية بمحافظة جدة، وذلك بحضور مدير شرطة جدة المكلف العميد طلال بن أحمد الصيدلاني وعدد من القيادات الأمنية في شرطة المنطقة، وكان في استقبالهم خلال تشريفهم لحفل المعايدة مدير إدارة الدوريات الأمنية المكلف العقيد بندر بن فتن الشريف وعدد من ضباط وأفراد الدوريات الأمنية، حيث هنأهم اللواء الصولي بعيد الفطر المبارك مقدما شكره لهم على جهودهم التي بذلوها خلال شهر رمضان المبارك وخلال أيام العيد وفرض تواجدهم الأمني حسب الخطة الأمنية، والذي كان له دور كبير في نجاح الخطة الأمنية، مطالبهم ببذل المزيد من العطاء والعمل على راحة المواطنين والمقيمين.\n وقال الصولي في حديثه: لقد تميزتم في تنفيذ الخطة الأمنية خلال شهر رمضان المبارك وخلال أيام العيد وهذا يدل على أنكم تعملون وفق التوجيهات التي تتلقونها من القيادة فنحن إخوان مؤتمنون على هذا العمل من أجل راحة الجميع، فاعلموا أن «عينان لا تمسهما النار عين بكت من خشية الله وعين باتت تحرس في سبيله»، وأنتم تحرسون في سبيل الله وتعمل على الحفاظ على مقدرات ومكتسبات الوطن ومواطنيه والمقيمين به فلكم مني كل الشكر والعرفان. \n من جانبه قدم مدير إدارة الدوريات الأمنية بمحافظة جدة المكلف العقيد بندر بن فتن الشريف باسمه وباسم كل منسوبي الدوريات الأمنية، الشكر والتقدير لمدير شرطة المنطقة اللواء الصولي على تشريفه حفل المعايدة الذي يقيمه منسوبو الدوريات الأمنية، مؤكدا أن هذا ليس بمستغرب على اللواء الصولي والذي يشارك جميع رجال الأمن أفراحهم وأتراحهم، كما قدم الشريف شكره لمدير شرطة محافظة جدة المكلف العميد طلال الصيدلاني على تشريفه الحفل، معتبرا حضورهما شرفا لمنسوبي الدوريات ويدل على أن رجال الأمن مكملين لبعضهم البعض. ",
    "date_extracted": "2015-07-23 19:19:09"
}