{
    "url": "http://www.al-madina.com/node/621021/اعتقال-امرأتين-عضوين-في-«خلية-إرهابية»-بالمغرب.html?live",
    "title": "اعتقال امرأتين عضوين في «خلية إرهابية» بالمغرب",
    "author": "أ ف ب  - الرباط",
    "content": " اعتقلت امرأتان يسود الاعتقاد انهما تنتميان لخلية ارهابية تم تفكيكها اخيرا وكانت تنوي تنفيذ هجمات في المغرب باسم تنظيم داعش، كما اعلنت وزارة الداخلية أمس الجمعة. وقالت الوزارة في بيان نشرته وكالة المغرب العربي للانباء، انه «تم في طنجة ايقاف متطرفتين مواليتين الى الخلية الارهابية التي تم تفكيكها اخيرا واقسم اعضاؤها الولاء لتنظيم داعش المزعوم».واوضحت الوزارة ان المرأتين اقامتا في السابق في «معسكرات للقاعدة في الاراضي الافغانية والباكستانية». وكانت السلطات المغربية اعلنت الثلاثاء تفكيك «خلية ارهابية تتألف من ثمانية اعضاء ناشطين في مدن طنجة (شمال) وبوزنيقة (غرب) وخوربيقة (وسط) وتطوان (شمال)». واوضحت وزارة الداخلية ان هذه الخلية التي تقيم علاقات مع «قادة» تنظيم اداعش، قد ضمت مقاتلين «تلقوا تدريبات مكثفة على صنع المتفجرات وحرب العصابات» في معسكرات للتنظيم الجهادي. واضافت إن اعضاءها كانوا يخططون لـ»مجموعة من العمليات الارهابية في المملكة» تستهدف «مسؤولين امنيين» و»مواقع حساسة». ",
    "date_extracted": "2015-07-25 09:54:57"
}