{
    "url": "http://www.al-madina.com/node/620795/شباب-عسير-ينظمون-ملتقى-السياحة-المعرفية-الأول.html",
    "title": "شباب عسير ينظمون ملتقى السياحة المعرفية الأول",
    "author": "سعد ناصر المالكي- عسير",
    "content": " يستعد مجلس شباب منطقة عسير بالتعاون مع الغرفة التجارية الصناعية بأبها لتنظيم ملتقى السياحة المعرفية الأول - وذلك بقرية المفتاحة بمدينة أبها والذي يأتي متزامنا مع مهرجان صيف أبها 1436هـ اعتبارًا من الأسبوع المقبل ولمدة خمسة وعشرين يومًا، وذلك بعد الموافقة من قبل صاحب السمو الملكي الأمير فيصل بن خالد بن عبدالعزيز أمير منطقة عسير رئيس مجلس شباب منطقة عسير. \n وصرح رئيس مجلس إدارة الغرفة التجارية الصناعية بأبها المهندس عبدالله بن سعيد المبطي أن الغرفة تضع نصب أعينها خدمة شباب وشابات المنطقة من خلال القنوات المتاحة.. وأبرزها مجلس شباب منطقة عسير والذي يرأسه صاحب السمو الملكي أمير المنطقة وذلك لتحقيق رؤية وأهداف سموه لخدمة الشباب من خلال التوظيف والبرامج التدريبية والثقافية والتوعوية، وأضاف: إن هذا الملتقى يأتي لتقديم البرامج المعرفية في مجال العلوم والطاقة والثقافة والفن والإبداع حيث تم استقطاب عدد من البرامج والمعارض من داخل وخارج المنطقة.\n وفي ختام تصريحه رفع المهندس عبدالله المبطي باسم غرفة أبها شكره لصاحب السمو الملكي الأمير فيصل بن خالد بن عبدالعزيز أمير منطقة عسير لإتاحة الفرصة للمشاركة مع مجلس شباب عسير في تنظيم هذه الفعالية الأولى من نوعها في المنطقة.\n ومن جانبه أوضح أمين مجلس شباب منطقة عسير عادل آل عمر إلى أن الملتقى سيحتوي على العديد من الفعاليات تتمثل في إقامة معرض مشكاة السعودية. ",
    "date_extracted": "2015-07-24 06:59:06"
}