{
    "url": "http://www.al-madina.com/node/620852/مجهولون-يطلقون-النار-على-مواطن-ويصيبون-زوجته-بحفر-الباطن.html?weekly",
    "title": "مجهولون يطلقون النار على مواطن ويصيبون زوجته بحفر الباطن",
    "author": "عبدالله عابد - حفرالباطن",
    "content": " أطلق مجهولون النار مساء يوم أمس الأول بمحافظة حفر الباطن على مواطن وهو يقود سيارته وبرفقته زوجته ولاذوا بالفرار، وأصيبت الزوجة وتم نقلها الى مستشفى حفرالباطن العام لإسعافها من الإصابة.\n من جانبه أوضح العقيد زياد الرقيطي الناطق الإعلامي لشرطة المنطقة الشرقية، أنه عند الساعة السابعة والربع من مساء يوم أمس الأول ورد بلاغ لشرطة محافظة حفرالباطن يفيد عن قيام ثلاثة أشخاص يستقلون مركبة بيضاء اللون بإطلاق النارعلى مركبة مواطن ثلاثيني ترافقه زوجته مما أسفرعن اصابتها بالفخذ وتم نقلها الى المستشفى لتلقي الرعاية الطبية اللازمة وحالتها الصحية مطمئنة ولله الحمد.\n وباشر المختصون بالشرطة اجراءات الضبط الجنائي للحادثة للكشف عن ملابساتها، يذكر أن الزوجين مازالا يقضيان شهر العسل. ",
    "date_extracted": "2015-07-24 06:57:14"
}