{
    "url": "http://www.al-madina.com/node/620784/الدوائر-الحكومية-بالجوف-تعايد-موظفيها.html?weekly",
    "title": "الدوائر الحكومية بالجوف تعايد موظفيها",
    "author": "محمد الأسود الشراري - الجوف",
    "content": " نظم عدد من الدوائر الحكومية في منطقة الجوف، صباح أمس الأربعاء، حفلات معايدة لمنسوبيها بمناسبة عيد الفطر المبارك، وتبادل جميع المسؤولين والموظفين التهاني بتلك المناسبة السعيدة في أول يوم دوام بعد إجازة العيد.\n وقامت إمارة منطقة الجوف حفل معايدة لمنسوبيها، بحضور وكيل الإمارة للشؤون الأمنية الأستاذ عبدالرحمن بن نجم البادي، ووكيل الإمارة المساعد للحقوق الأستاذ زايد بن عطا الله الزايد ومديري العموم ورؤساء الأقسام والموظفين في قاعة الاستقبالات الكبرى بديوان الإمارة بمدينة سكاكا.\n كما نظمت بلدية محافظة دومة الجندل حفل معايده لمنسوبيها، بحضور رئيس بلدية المحافظة فهد المشعان ورؤساء الأقسام وموظفي البلدية، في جو يسوده الود والمحبة، وتناول الجميع الإفطار، وعبروا عن شكرهم وامتنانهم على هذه اللفتة، التي تزيد من أواصر المحبة بين الموظفين. \n وأقام مكتب المؤسسة العامة للتأمينات الاجتماعية بالجوف حفل معايدة، بحضور مدير مكتب المؤسسة العامة للتأمينات الاجتماعية بالجوف بالنيابة محمد بن عوض الرويلي ومدير الشؤون الإدارية عبدالواحد بن محمد الخالدي، ومديري الأقسام وجميع الموظفين، وقابل موظفو التأمينات جميع المراجعين بحلويات العيد وتهنئتهم.\n وزار أعضاء لجنة التنمية الاجتماعية الأهلية بسكاكا المرضى المنومين بمستشفى الأمير متعب ومستشفى الأطفال بسكاكا، ورافق اللجنة عدد من الأعضاء والكشافة يتقدمهم رئيس اللجنة نواف ذويبان الخالدي ومساعد مدير مستشفى الأمير متعب محمد الحركان، ومدير مستشفى الأطفال يوسف القضيب، وقدمت اللجنة الورود والحلويات وألعاب الأطفال للمنومين وتمنوا الشفاء العاجل للمرضى وعودتهم لذويهم. ",
    "date_extracted": "2015-07-24 06:58:00"
}