{
    "url": "http://www.al-madina.com/node/620878/هبوط-طائرة-عسكرية-إماراتية-تحمل-مساعدات-وإغاثة-للشعب-اليمني-بمطار-عدن.html?live",
    "title": "هبوط طائرة إماراتية تحمل مساعدات للشعب اليمني بمطار عدن ",
    "author": "واس - عدن",
    "content": " هبطت اليوم بمطار عدن الدولي طائرة عسكرية تابعة لدولة الإمارات العربية المتحدة تحمل مساعدات إنسانية ومواد إغاثة للشعب اليمني الشقيق وذلك بعد أن تم استعادة عدن من قبل قوات الشرعية والمقاومة وبدعم من قوات التحالف.\n جاء ذلك وفقاً لما أوردته وكالة أنباء الإمارات الرسمية اليوم. ",
    "date_extracted": "2015-07-25 01:50:32"
}