{
    "url": "http://www.al-madina.com/node/620578/الحرس-الوطني-للقطاع-الغربي-يقيم-حفل-معايدة-لمنسوبيه.html",
    "title": "الحرس الوطني للقطاع الغربي يقيم حفل معايدة لمنسوبيه",
    "author": "ماجد الديحاني - جدة",
    "content": " أقام الحرس الوطني للقطاع الغربي يوم أمس حفل معايدة لمنسوبيه بمناسبة عيد الفطر المبارك برعاية سعادة مساعد وكيل الحرس الوطني للجهاز العسكري بالقطاع الغربي اللواء الركن/ مانع بن عمر أبا العلاء وذلك بمجمع الحرس الوطني في جدة، حيث نقل سعادته بهذه المناسبة تهنئة صاحب السمو الملكي وزير الحرس الوطني الأمير متعب بن عبدالله بن عبدالعزيز وتهنئة صاحب السمو الأمير الدكتور خالد بن فيصل بن تركي آل سعود وكيل الحرس الوطني للقطاع الغربي لقيادات وضباط القطاع وتمنى للجميع التوفيق والسداد وأن تعود هذه المناسبة الطيبة على الجميع أعواماً عديدة باليمن والبركة. وتوجه سعادته بالدعاء إلى الله العزيز القدير بأن يحفظ قائد المسيرة المباركة خادم الحرمين الشريفين الملك سلمان بن عبدالعزيز والوطن الغالي وأهله من كل شر ومكروه. حضر حفل المعايدة اللواء الركن هادي بن حبيب المطيري نائب مساعد وكيل الحرس الوطني للجهاز العسكري بالقطاع الغربي وقادة الوحدات ومديري الإدارات المدنية والعسكرية وموظفي القطاع. ",
    "date_extracted": "2015-07-23 19:19:05"
}