{
    "url": "http://www.al-madina.com/node/620858/«بولوني»-خاض-ودية-أريس-بتشكيلتين-مختلفتين.html?weekly",
    "title": "«بولوني» خاض ودية أريس بتشكيلتين مختلفتين",
    "author": "سعيد المعبدي - جدة",
    "content": " استغل مدرب الاتحاد «بولوني» المباراة الودية الأولى للفريق في معسكره بإيطاليا أمام فريق «أريس ليماسول» القبرصي، بلعب الشوطين بتشكيلتين مختلفتين، ضمت القائمة الأساسية في الشوط الأول هاني الناهض في حراسة المرمى، وفي الدفاع الرهيب وزوكالا وحمد المنتشري وماجد الخيبري، وفي الوسط باجندوح وأبو سبعان ورياض البراهيم وعبدالفتاح وفهد المولد، وفي الهجوم ريفاس. وسجل الفريق القبرصي هدف المباراة الوحيد في الدقيقة 43، بيد أن المدرب غيّر كامل الفريق في الشوط الثاني، حيث أشرك أمين بخاري حارساً، وتركي الجلفان وياسين حمزة ومحمد قاسم وزياد الصحفي في خط الدفاع، وفي خط الوسط أشرك أحمد عسيري كلاعب محور وبجواره محمد البلادي، وفي الوسط المتقدم إبراهيم زاهر، بينما اعتمد على 3 مهاجمين هم مختار وعبدالرحمن الغامدي وسلمان صبياني، بينما لم يشارك في اللقاء قائد الفريق محمد نور ولا المحترف الروماني سان مارتن. ",
    "date_extracted": "2015-07-24 08:46:12"
}