{
    "url": "http://www.al-madina.com/node/620468/الاتفاق-بدون-بشير-في-الموسم-الجديد.html",
    "title": "الاتفاق بدون بشير في الموسم الجديد",
    "author": "حسين أحمد - الدمام",
    "content": " كشفت مصادر اتفاقية لـ ( المدينة ) ان الادارة المكلفة لنادي الاتفاق برئاسة احمد بن علي الدوسري لم تتوصل حتى اللحظة لاتفاق مع مهاجم الفريق الاول صالح بشير باستمراره مع الفريق في الموسم الجديد من عدمه بعد ان انتهى عقده بنهاية الموسم الماضي ، وقال المصدر : إن بشير ليس من ضمن قائمة اللاعبين الذين غادروا فجر اليوم الاربعاء الى مدينة اسطنبول التركية لاقامة معسكر خارجي هناك . علما ان صالح بشير عاد الموسم الماضي للعب بالاتفاق قادما من الخليج ووقع عقدا مع الادارة السابقة برئاسة عبدالعزيز الدوسري للعب بالفريق بعقد لمدة موسم واحد وانتهى بنهاية الموسم الماضي . وقال المصدر: إن القائمة شملت ما بين (5) الى(6) لاعبين مبعدين من المعسكر الخارجي ومن جانبه قال ابراهيم المغنم مدير الفريق الاول لـ «المدينة: إن بعثة الفريق ستغادر عند الساعة الرابعة فجرا بـ27 لاعبا وسيخوض هناك ما بين خمس الى ست مباريات ودية. ",
    "date_extracted": "2015-07-22 09:51:05"
}