{
    "url": "http://www.al-madina.com/node/620391/تصحيح-أوضاع-14-ألف-يمني-بالباحة.html",
    "title": "تصحيح أوضاع 14 ألف يمني بالباحة",
    "author": "عبدالرحمن أبورياح - الباحة",
    "content": " أنهت جوازات منطقة الباحة منذ بدء عملية التصحيح حتى يوم أمس الأول تصحيح أوضاع أكثر من ١٤٥٠٠ وافد يمني. وأوضح العقيد منصور بن أحمد الغامدي مدير جوازات المنطقة المكلف لـ»المدينة» أن الجوازات أنهت تصحيح أوضاع ١٤٥٣٠ وافدًا من الأشقاء اليمنيين، مشيرًا إلى أن العمل استؤنف رابع أيام عيد الفطر المبارك في جوازات الباحة وفروعها بالمحافظات، وذلك بعد الأمر الملكي الكريم بالتمديد للراغبين في تصحيح أوضاعهم حتى الثلاثين من الشهر الحالي، مرحبًا بالأشقاء اليمنيين، ومؤكدًا أن الجوازات جندت كافة طاقاتها لاستقبالهم. ",
    "date_extracted": "2015-07-22 10:09:05"
}