{
    "url": "http://www.al-madina.com/node/620576/السند-الانتصارات-المتوالية-للمرابطين-بالحد-الجنوبي-«فرحة-كبرى».html",
    "title": "السند: الانتصارات المتوالية للمرابطين بالحد الجنوبي «فرحة كبرى»",
    "author": "مشاري الكرشمي - الرياض",
    "content": " أكَّد الرئيس العام لهيئة الأمر بالمعروف والنهي عن المنكر الشيخ الدكتور عبدالرحمن بن عبدالله السند، أن الانتصارات المتوالية للجنود المرابطين في الحد الجنوبي هي الفرحة الكبرى بعد فرحة المسلمين بعيد الفطر المبارك.. مبينا أن هؤلاء الشجعان يذودون عن حدود الوطن في ميدان الشرف بكل بسالة وعزيمة وإصرار في ظل قيادة وتوجيهات خادم الحرمين الشريفين الملك سلمان بن عبدالعزيز وسمو ولي عهده الأمين صاحب السمو الملكي الأمير محمد بن نايف بن عبدالعزيز، نائب رئيس مجلس الوزراء وزير الداخلية، وسمو ولي ولي عهده صاحب السمو الملكي الأمير محمد بن سلمان بن عبدالعزيز النائب الثاني لرئيس مجلس الوزراء وزير الدفاع. جاء ذلك خلال لقائه بمنسوبي الرئاسة العام في حفل المعايدة، الذي أقيم لمنسوبي الهيئة. وأشاد السند بافتتاح التوسعة العملاقة الثالثة، التي أمر بها خادم الحرمين الشريفين الملك عبدالله بن عبدالعزيز، غفر الله له، وتابع مسيرتها خادم الحرمين الشريفين الملك سلمان بن عبدالعزيز- أطال الله عمره على الطاعة والإيمان- حتى قرت العيون بافتتاح هذه التوسعة بيده الكريمة - رعاه الله- في ليلة من ليالي العشر الأخيرة من رمضان فابتهجت النفوس وقرت العيون بالأعمال الصالحة الجليلة والعناية الفائقة المباركة بالحرم المكي، وأيضًا ما يلقاه مسجد رسول الله صلى الله عليه وسلم من العناية الفائقة والاهتمام.. منوها بالعمل الكبير الذي قام به أعضاء الهيئات خلال شهر رمضان المبارك وفترة أيام العيد، قائلا: إخوانكم في الرئاسة العامة لهيئة الأمر بالمعروف والنهي عن المنكر قاموا بأعمال جليلة في شهر رمضان، وفي أيام العيد وكانت محل التقدير والشكر، وأيضًا العناية من لدن ولاة أمرنا الميامين- وفقهم الله- ووجدت الرئاسة العامة بحمد الله عز وجل القبول من المجتمع بالأعمال الكريمة والكبيرة، التي قام بها إخوانكم في كل مناطق المملكة، وقد بذلوا جهودًا تذكر فتشكر، ثم تتابع هذا العطاء في أيام العيد فقد شاركت الرئاسة بمنتسبيها في هذه الاحتفاليات بالتوجيه وحفظ مسلك هذه المهرجانات مع مشاركة الزائرين من الكبار والصغار أفراح العيد. ",
    "date_extracted": "2015-07-23 19:19:04"
}