{
    "url": "http://www.al-madina.com/node/620435/مخيم-مشرفة-يحتفي-بالعيد.html",
    "title": "مخيم مشرفة يحتفي بالعيد",
    "author": "المدينة - الباحة",
    "content": " نظم مخيم مشرفة بمحافظة قلوة بمنطقة الباحة احتفالية جميلة بمناسبة عيد الفطر المبارك، تخللها العديد من الفقرات والنقاشات التي اتّسمت بالحميمية، واستلهمت العيد أيام زمان، وحضر الحفل الشيخ يحيي أبو القرون شيخ قبائل الأحلاف، واستمر برنامج المخيم إلى ساعات متأخرة من الليل في المساء الأول للعيد، حيث حرص أهالي مشرفة على إقامة مخيم العيد للسنة الرابعة على التوالي. ",
    "date_extracted": "2015-07-22 10:09:03"
}