{
    "url": "http://www.al-madina.com/node/620836/الطريفي-يستعرض-أداء-قطاعاتوزارة-الثقافة-والإعلام.html",
    "title": "الطريفي يستعرض أداء قطاعاتوزارة الثقافة والإعلام",
    "author": "واس - جدة",
    "content": " عقد وزير الثقافة والإعلام د. عادل الطريفي في مكتبه بجدة، اجتماعاً مع وكلاء الوزارة ومديري الإدارات.\n وهنأ د. الطريفي الجميع بعيد الفطر السعيد، سائلاً الله تعالى أن يعيد هذه المناسبة بالخير والبركات. وتم خلال الاجتماع استعراض أداء قطاعات الوزارة وما تحقق من أهداف الخطط والإستراتيجيات الموضوعة لتطوير تلك القطاعات. ووجّه الوزير ببذل المزيد من العمل في سبيل تطوير هذا القطاع المهم. ",
    "date_extracted": "2015-07-24 06:48:17"
}