{
    "url": "http://www.al-madina.com/node/620463/الاتحاد-يعلن-رسميًّا-تعيين-بولوني-مديرًا-فنيًّا.html?weekly",
    "title": "الاتحاد يعلن رسميًّا تعيين بولوني مديرًا فنيًّا",
    "author": "د ب ا - جدة",
    "content": " أعلن نادي اتحاد جدة السعودي أمس الثلاثاء رسميا تعاقده مع المدرب الروماني لازلو بولوني ليتولى منصب المدير الفني للفريق الأول لكرة القدم.\n ويتولى بولوني المنصب خلفا لمواطنه فيكتور بيتوركا الذي أقيل مؤخرا بعد أن تولى مسؤولية الفريق في أكتوبر من العام الماضي. وذكر نادي الاتحاد عبر حسابه بموقع شبكة التواصل الاجتماعي (تويتر) صباح الثلاثاء: «يعلن المركز الإعلامي عن تعاقد إدارة النادي برئاسة إبراهيم بن حمدان البلوي مع المدرب الروماني لازلو بولوني لتدريب الفريق الكروي الأول في الموسم المقبل».\n وأضاف النادي: «وقد وصل قبل قليل مقر معسكر الفريق في إيطاليا مساعد المدرب لازار للإشراف على المرحلة الحالية من التحضيرات لحين وصول المدرب صباح اليوم الأربعاء المقبل برفقة الجهاز الفني».\n وكان مساعدا الروماني لازلو بولوني مدرب الفريق الأول لكرة القدم بنادي الاتحاد قد وصلا أمس للمعسكر المقام حالياً في إيطاليا تحضيراً لانطلاق منافسات الموسم الجديد، \n على أن يتواجد بولوني بالتزامن مع عضو الشرف المؤثر منصور البلوي يوم غدٍ الأربعاء، وسيعقدان اجتماعًا ويتفقان على آلية العمل بكافة التفاصيل.\n وكان الفريق الاتحادي قد واصل تدريباته يوم أمس والتي تركزت على رفع المعدل اللياقي لجميع اللاعبين، وشهد المران مشاركة قائد الفريق محمد نور، بالإضافة إلى المهاجم الفنزويلي ريفاس، والثنائي الروماني سان مارتن وزوكالا. ",
    "date_extracted": "2015-07-22 13:50:57"
}