{
    "url": "http://www.al-madina.com/node/620589/الشمري-يشيد-بمهرجان-بلجرشي-للتسوق.html",
    "title": "الشمري يشيد بمهرجان بلجرشي للتسوق",
    "author": "عمر الغامدي - الباحة",
    "content": " أشاد وكيل إمارة منطقة الباحة الدكتور حامد بن مالح الشمري بمهرجان بلجرشي للتسوق وقال: إن المهرجان يلبي كافة احتياجات الأسرة في مكان واحد ، جاء ذلك خلال جولة ميدانية على المحافظة تفقد خلالها المنتزهات والأماكن السياحية والخدمات التي تُقدم للأهالي وللمصطافين والزوار والسياح ببلجرشي\n واستمع خلال الجولة الى شرح موجز من محافظ بلجرشي سفر بن سويد الغامدي على سير الخدمات والفعاليات المزمع اقامتها بالمحافظة كما قام بجولة لمهرجان بلجرشي للتسوق واطلع على المحال التجارية وما تقدمه للمتسوقين كما شاهد عددًا من الفعاليات التي اقيمت بالمهرجان شملت ألوانًا من الفلكلور الشعبي ولونًا من المزمار كما شاهد الألعاب النارية.\n وابدى وكيل إمارة الباحة اعجابه بما شاهده من فعاليات والحضور الكبير للمصطافين والزوار ومرتادي السوق وقدم شكره لمحافظ بلجرشي ولكافة اللجان التي تعمل على إنجاح فعاليات الصيف بالمحافظة ، كما قدم شكره لرجال الامن بالمحافظة على جهودهم التي يبذلونها في خدمة المصطافين والزوار والسياح. ",
    "date_extracted": "2015-07-23 19:19:11"
}