{
    "url": "http://www.al-madina.com/node/620627/ضابط-إسرائيلي-هجوم-«داعش»-على-إيلات-مسألة-وقت.html",
    "title": "ضابط إسرائيلي: هجوم «داعش» على إيلات مسألة وقت",
    "author": "المدينة - عمان",
    "content": " أكد قائد الكتيبة 80 المسؤولة عن تأمين الحدود الإسرائيلية مع مصر العميد روي الكبيتس، أن «تنظيم «داعش» في سيناء يختلف عن تنظيم «حزب الله» وحركة «حماس»، في أنه لا يمتلك وسائل ردع، وإنما يمتلك وسائل هجومية فقط»، موضحا أن «الخطط التي يضعها التنظيم هجومية أكثر منها دفاعية، وأنهم يعتقدون أنهم بذلك يطبقون الشريعة من أجل إقامة دولة الخلافة». وفي مقابلة مع القناة الأولى بالتليفزيون الإسرائيلي، أكد الكبيتس أن «الجيش الإسرائيلي مستعد في أي وقت لمثل الهجمات التي يشنها في سيناء»، مشددًا على أن «الجيش مستعد لأي مفاجأة من قبل تنظيم «داعش». وتوقع أن «يشن تنظيم «داعش» هجومًا على مدينة إيلات الساحلية سواء عن طريق البر أو الجو، وتم نصب منظومة «القبة الفولاذية» تحسبًا لأي هجوم كهذا»، معتبرا أن «الهجوم على إسرائيل من قبل «داعش» أصبح مسألة وقت. ",
    "date_extracted": "2015-07-23 19:19:47"
}