{
    "url": "http://www.al-madina.com/node/620607/«هيئة-ينبع»-تعايد-منسوبيها.html",
    "title": "«هيئة ينبع» تعايد منسوبيها",
    "author": "محمد عليان - ينبع",
    "content": " نظمت الهيئة الملكية بينبع صباح أمس حفل معايدة لمنسوبيها بمناسبة عيد الفطر المبارك، بالخيمة الملكية بينبع الصناعية، بحضور الرئيس التنفيذي للهيئة الملكية بينبع الدكتور علاء بن عبدالله نصيف، ومديري العموم، والإدارات، وجمع من منسوبي الهيئة، وعبر عدد منهم عن سعادتهم بهذه المناسبة، مؤكدين أن حفل المعايدة اتّسم بروح الإخاء والمودة. وتحرص الهيئة الملكية بينبع على إقامة برنامج لمعايدة منسوبيها جريًا على عادتها السنوية، تهدف من خلاله لتوثيق العلاقة بين كافة موظفيها. ",
    "date_extracted": "2015-07-23 19:20:09"
}