{
    "url": "http://www.al-madina.com/node/620641/الاحتيال-بالطماطم.html",
    "title": "الاحتيال بالطماطم!!",
    "author": "طلال القشقري",
    "content": " قام مواطن بتصوير امرأة وافدة بالفيديو بجانب حاوية نفايات، وقد أحضرت معها حبّات من الطماطم، وظلّت تكرّر إدخالها في الحاوية وإخراجها، وكأنّها كانت أصلاً في النفايات، مُمثِّلةً أنها تزيل أوساخها لأكلها، فظنّ المارّة أنها مُعدمة فغمروها بالصدقات!.\n إنه دهاء من المرأة الوافدة! شأنها شأن ثلّة من الوافدين غيرها، ممّن أخفقنا في مكافحة تسوّلهم، سواءً كانوا محتاجين، أو محتالين!.\n ففي حالة كونهم محتاجين، لم نعمل على إعادتهم لبلادهم مُعزّزين مُكرّمين كي تتولّاهم، فهي أولى منّا بهم!.\n وفي حالة كونهم محتالين لم نعمل أيضًا على ردعهم وترحيلهم لبلادهم بتأشيرة خروج بلا عودة!.\n لكن يبقى بيت القصيد، ومكمن الاستغراب ألاّ يُحصّن الشعب السعودي نفسه ضدّ الاحتيال، فلا يوجد أكثر منه تعرضًا له من عصابات التسوّل باسم أعمال البرّ والخير، وحتى من بعض الجهات الخارجية المشبوهة، بشكلٍ ساذجٍ أحيانًا، إلى أن تدخلت الدولة، وجعلت التبرّعات الخارجية تحت إشرافها ضمانًا لوصولها لمستحقيها!.\n إننا نحتاج داخليًّا لانتهاج ثقافة أخرى مع المتسوّلين، قوامها الحرص على وضع الصدقات في محلّها الذي يستحقها، لا بأيدي من يستثري منها بلا وجه حق، باستخدام الجديد من الحيل والأساليب!.\n وهنا أدرك شهرزاد الصباح، وقبل أن تسكت عن الكلام المباح، قالت إنّ التحرّي عن محلّ الصدقة أمر حثّت عليه الشريعة، وهو من الكياسة التي يتصف بها المؤمن، ولو تحرّيْنا حقّ التحرّي لربّما اندثر الاحتيال للأبد!. \n\n@T_algashgari\nalgashgari@gmail.comللتواصل مع الكاتب ارسل رسالة SMS تبدأ بالرمز (47) ثم مسافة ثم نص الرسالة إلى 88591 - Stc 635031 - Mobily 737221 - Zain ",
    "date_extracted": "2015-07-23 19:18:47"
}