{
    "url": "http://www.al-madina.com/node/620851/القوات-البرية-تعلن-فتح-القبول-لوظائف-بالقيادة-والسيطرة.html",
    "title": "القوات البرية تعلن فتح القبول لوظائف بالقيادة والسيطرة",
    "author": "واس - الرياض",
    "content": " أعلنت قيادة القوات البرية الملكية السعودية -اللجنة المركزية لقبول طلبة القوات البرية- عن فتح باب القبول لوظائف في القيادة والسيطرة لعدد ( 600 طالب ) من خريجي ( كلية التقنية أو ما يعادلها ) حاصلين على دبلوم تقنية الحاسب الآلي. وسوف يمنح للمتعين رتبة وكيل رقيب / عريف، على أن يتم استقبال طلبات المتقدمين عبر الموقع الإلكتروني للقوات البرية ( LFCA.RSLF.GOV.SA) اعتبارا من يوم الأربعاء 6 / 10 / 1436هـ ولمدة ثلاثة أسابيع وحسب الشروط الموضحة في الموقع . ",
    "date_extracted": "2015-07-24 06:53:55"
}