{
    "url": "http://www.al-madina.com/node/620861/الفهمي-معلنًا-الرحيل-أريح-وأستريح.html",
    "title": "الفهمي معلنًا الرحيل: أريح وأستريح",
    "author": "د ب أ - الرياض",
    "content": " أكد صانع ألعاب فريق الأهلي ياسر الفهمي اليوم الخميس أنه سيرحل عن صفوف الفريق في الفترة المقبلة سواء على سبيل الإعارة أو البيع النهائي، موجهًا شكره الكبير لناديه ولجماهيره الكبيرة على دعمها ومساندتها له طوال السنوات الماضية.\n وكتب ياسر الفهمي عبر حسابه الإلكتروني الشخصي بموقع التواصل الاجتماعي «تويتر»: «أشكر مشاعركم وتقديركم واحتفظوا بثقتكم، إنها فرصة للإنسان ولا بد من استغلالها، وأعدكم بأن رحيلي من النادي سيجلب الخير لي وللنادي».\n وأضاف: «سواء كانت إعارة أو انتقال.. هذه فرصتي التي أحارب من أجلها.. لم أكن أعتاد الرد على أحد هنا في تويتر ولكن الإصابة منعتني من الرد على أي أحد في الملعب».\n وأنهى الفهمي تغريداته، قائلًا: «وهذا وعد رجال، الشيء الذي سيأتي في الأيام المقبلة صدقوني راح يكون في مصلحتي وأتوقع أنكم ما تبغون لي إلا كل خير». ",
    "date_extracted": "2015-07-24 06:50:08"
}