{
    "url": "http://www.al-madina.com/node/621028/«المؤثر»-وبولوني-يناقشان-ملف-محترفي-الاتحاد-وخطة-العمل.html?live",
    "title": "«المؤثر» وبولوني يناقشان ملف محترفي الاتحاد وخطة العمل",
    "author": "عبدالرحمن الحربي - جدة",
    "content": " اجتمع عضو شرف الاتحاد «المؤثر» المشرف العام على كرة القدم بالنادي منصور البلوي مع مدرب الفريق الجديد الروماني لازلو بولوني لمناقشة خطة العمل والاتفاق على باقي الأجانب والوقوف على رؤية المدرب للقائمة الحالية للفريق بعد أن تعرف عليها عن قرب من خلال قيادته لأكثر من تدريب بالإضافة إلى المباراة الودية التي لعبها أمام فريق أريس ليماسول القبرصي أمس الأول.\n ويترقب الاتحاديون خطة عمل بولوني خاصة ملف المحترفين الأجانب كون قائمة الفريق لا تزال تضم لاعبين من الموسم الماضي وهما الروماني سان مارتن والمجري زوكالا الذي لا ترغب الجماهير الاتحادية في استمراره لا سيما بعد التدعيمات الجديدة في خط الدفاع. ",
    "date_extracted": "2015-07-25 09:55:14"
}