{
    "url": "http://www.al-madina.com/node/620994/«شرم-برم»-بأدبي-جدة-اليوم.html?live",
    "title": "«شرم برم» بأدبي جدة.. اليوم",
    "author": "علي السعلي - جدة",
    "content": " يعرض النادي الأدبي بجدة مساء اليوم، ولمدة يومين، من الساعة التاسعة مساء، بمسرح النادي، مسرحية اجتماعية بعنوان «شرم برم» من تمثيل نجوم نادي المواهب في جمعية الثقافة والفنون، وهم: سليمان النزهة ويزيد الخميس وشبيب الخليفة وعبدالعزيز الخميس وناصر البريدي ومحمد إدريس ويزيد ناصر وزياد القاضي وعبدالعزيز القدير، من إعداد وإخراج المنذر النغيص، وبإشراف خالد الباز. وتجسّد المسرحية كيفية تقبّل المجتمع لكل ما هو جديد أو دخيل عليهم وانقسام المجتمع لمؤيد ومعارض وأن هذا الانقسام موجود من قديم الزمن، وذلك بشكل كوميدي اجتماعي. ",
    "date_extracted": "2015-07-25 09:54:46"
}