{
    "url": "http://www.al-madina.com/node/620837/أمسية-شعرية-للخنيزي-وسباع-بالدمام.html",
    "title": "أمسية شعرية للخنيزي وسباع بالدمام",
    "author": "عيسى الحبيب - الأحساء",
    "content": " يُحيِي الشاعران صالح الخنيزي وعلي سباع اليوم بجمعية الثقافة والفنون بالدمام الأمسية الشعرية الثانية، والتوقيع على إصداراتهما، كما ستوقع القاصة خديجة النمر مجموعتها القصصية «الأفكار السابحة بين السماء والأرض». وأُقيمت أمس الأمسية الشعرية الأولى لِمُنتدى اليراع الثقافي في الجمعية، وشاركت بها الشاعرة بثينة اليتيم والشاعرة نجوى الناصر، ومن مملكة البحرين الشقيق سُمية جميلي وفاطمة عبد علي، وقمن بتوقيع إصداراتهن. ",
    "date_extracted": "2015-07-24 07:01:10"
}