{
    "url": "http://www.al-madina.com/node/620510/رئاسة-الإفتاء-تقيم-حفل-معايدة-بحضور-سماحة-المفتي.html?live",
    "title": "رئاسة الإفتاء تقيم حفل معايدة بحضور سماحة المفتي",
    "author": "واس - الرياض",
    "content": " نظمت إدارة العلاقات العامة والإعلام في الرئاسة العامة للبحوث العلمية والإفتاء في مقرّها الرئيس بالرياض صباح اليوم، حفل معايدة بحضور سماحة مفتي عام المملكة رئيس هيئة كبار العلماء وإدارة البحوث العلمية والإفتاء الشيخ عبدالعزيز بن عبدالله آل الشيخ،ومعالي المستشار المشرف العام على مكتب سماحة المفتي الشيخ فهد بن عبدالعزيز العواد، وعدد من منسوبيها.\nوتبادل الجميع التهاني بهذه المناسبة السعيدة، سائلين المولى عز وجل أن يديم نعمته على هذه البلاد المباركة. ",
    "date_extracted": "2015-07-22 13:50:44"
}