{
    "url": "http://www.al-madina.com/node/620427/آل-الغامدي-يحتفلون-بعبدالعزيز.html",
    "title": "آل الغامدي يحتفلون بعبدالعزيز",
    "author": "",
    "content": " يحتفل الزميل محمد بن عبيد الغامدي محرر «المدينة» بالمنطقة الشرقية السبت المقبل بزواج شقيقه عبدالعزيز على ابنة عبدالله بن أحمد الغامدي وذلك في قصر الجزيرة للاحتفالات بمحافظة المخواة.. تهانينا وألف مبروك. ",
    "date_extracted": "2015-07-22 09:51:12"
}