{
    "url": "http://www.al-madina.com/node/620803/أوباما-وأردوغان-يبحثان-«التعاون»-ضد-تنظيم-«داعش».html?weekly",
    "title": "أوباما وأردوغان يبحثان «التعاون» ضد تنظيم «داعش»",
    "author": "الوكالات - أنقرة",
    "content": " بحث الرئيس الأمريكي باراك أوباما ونظيره التركي رجب طيب أردوغان، خلال اتصال هاتفي الأربعاء، الحرب في سوريا والعراق والمعركة ضد تنظيم «داعش»، حسب ما أعلن البيت الأبيض، وجاء في بيان: أن الأمن في المنطقة يبقى أولوية، واعدًا بالعمل الوثيق مع تركيا حول عدة قضايا، وأضاف البيان: إن الرئيسين بحثا التعاون المستمر والمكثف في المعركة ضد تنظيم «داعش»، وجهودهما المشتركة من أجل فرض الأمن والاستقرار في العراق، وكذلك إيجاد حل سياسي للنزاع في سوريا، وقدم أوباما تعازيه لتركيا على خلفية الاعتداء الإرهابي الذي نسب إلى تنظيم «داعش» وأوقع الثلاثاء 32 قتيلا ومئة جريح في سروج/سوروتش (جنوب) بالقرب من الحدود مع سوريا، وأكد بيان البيت الأبيض أن الولايات المتحدة وتركيا «ستبقيان موحدتين في المعركة ضد الإرهاب»، وأكد الرئيسان أنهما سيعززان جهودهما من أجل القضاء على تدفق المقاتلين الأجانب الذين يتوجهون إلى العراق وسوريا، وكذلك من أجل أمن الحدود التركية التي يمر عبرها العديد من المقاتلين للانضمام إلى تنظيم «داعش»، وأشار البيان إلى أن «الرئيس أوباما جدد تأكيد التزام الولايات المتحدة بحماية الأمن القومي لتركيا». ",
    "date_extracted": "2015-07-24 08:45:43"
}