{
    "url": "http://www.al-madina.com/node/620613/النت-يتضاعف-4-مرات-بالمملكة.html",
    "title": "النت يتضاعف  4 مرات بالمملكة",
    "author": "واس ـ الرياض",
    "content": " بلغت سعة الربط الدولي للإنترنت في المملكة في العام 2013م 1321 جيجا بايت في الثانية، مقارنة بنحو 318 جيجا بايت/ثانية في 2010م.\n وكشف تقرير مؤشرات الأداء لقطاع الاتصالات وتقنية المعلومات بنهاية العام 2014م، الذي أصدرته إدارة دراسات السوق بالهيئة، ونُشر حديثًا أن سعة الربط الدولي للإنترنت في المملكة زادت من 814.2 جيجا بايت في الثانية إلى 1321 جيجا بايت في الثانية في العام الماضي 2014م. وأوضح التقرير أن سعة الربط كانت في العام 2010م 318 جيجا بايت في الثانية، وهو ما يشير إلى تضاعف سعة الربط الدولي للإنترنت في المملكة خلال الأربعة أعوام الأخيرة إلى أكثر من 4 أضعاف ما كانت عليه. ",
    "date_extracted": "2015-07-23 19:19:21"
}