{
    "url": "http://www.al-madina.com/node/620811/نتانياهو-الاتفاق-النووي-مع-إيران-يزيد-من-مخاطر-الحرب.html?weekly",
    "title": "نتانياهو: الاتفاق النووي مع إيران يزيد من مخاطر الحرب",
    "author": "د ب أ - تل أبيب",
    "content": " جدد رئيس الوزراء الإسرائيلي بنيامين نتانياهو تحذيره من أن الاتفاق بين الدول الكبرى وإيران حول برنامجها النووي لا يقلل من خطر الحرب بل يزيده. ورأى نتانياهو أن الاتفاق يمهد طريق إيران نحو الحصول على السلاح النووي خلال عقد من الزمن حيث تتحرر عند انقضاء مفعول الاتفاق من كافة القيود الخاصة بتخصيب اليورانيوم. ونقلت الإذاعة الإسرائيلية عن نتانياهو قوله: إن رفع العقوبات الدولية عن إيران يعني ضخ مبلغ يزيد على مئة مليار دولار خلال عام في خزانتها. ",
    "date_extracted": "2015-07-24 08:45:49"
}