{
    "url": "http://www.al-madina.com/node/620572/أمير-الرياض-يستقبل-منسوبي-الإمارة-المهنئين-بالعيد.html",
    "title": "أمير الرياض يستقبل منسوبي الإمارة المهنئين بالعيد",
    "author": "واس - الرياض",
    "content": " استقبل صاحب السمو الملكي الأمير فيصل بن بندر بن عبدالعزيز أمير منطقة الرياض بقصر الحكم صباح أمس، وكلاء إمارة المنطقة المساعدين ومديري الإدارات ورؤساء الأقسام والموظفين الذين قدموا للسلام على سموه وتهنئته بعيد الفطر المبارك، سائلين الله العلي القدير أن يعيده على الجميع باليمن والخير والبركات.\n وقد بادل سمو الأمير فيصل بن بندر الجميع التهنئة داعياً الله جل جلاله أن يتقبل من الجميع صيامهم وقيامهم وأن يعيده على الوطن والأمة الإسلامية باليمن والخير والبركة.\n وحث سموه في كلمة وجهها لمنسوبي إمارة منطقة الرياض إلى بذل الجهود في سبيل تطوير العمل والارتقاء بالخدمة المقدمة للمواطن والمقيم في هذه المنطقة الغالية سائلاً الله سبحانه وتعالى أن يديم على الوطن وأبنائه نعمة الأمن والاستقرار وأن يعيد علينا هذه المناسبة السعيدة والوطن ينعم برخاء وطمأنينة في ظل القيادة الحكيمة. ",
    "date_extracted": "2015-07-23 19:19:03"
}