{
    "url": "http://www.al-madina.com/node/620693/سقوط-طفلة-بمتنزه-السودة-بأبها-من-ارتفاع-١٤٠-مترًا.html",
    "title": "سقوط طفلة بمتنزه السودة بأبها من ارتفاع ١٤٠ مترًا",
    "author": "عبدالرحمن القرني - عسير",
    "content": " سقطت طفلة تبلغ من العمر (٦) سنوات بمتنزه السودة غرب مدينة أبها (٢٠) كم وأصيبت بإصابات بليغة.\n وبين المتحدث الرسمي لمديرية الدفاع المدني بمنطقة عسير العقيد محمد عبدالرحيم العاصمي، أنه في الساعة 16:49 من مساء أمس تلقت عمليات الدفاع المدني بأبها بلاغًا مفاده سقوط طفله (سعودية تبلغ من العمر 6 سنوات تقريبًا)، من علو منحدر صخري وعر يطل على إصدار تهامة من الجهة المجاورة للعربات المعلقة بمنتزه السودة السياحي وانزلاقها لمسافة تقدر بـ 140 مترًا تقريبًا وتعرضها لاصابات بليغة جدًا.\n من جانبه أوضح المتحدث الرسمي لمديرية الدفاع المدني بمنطقة عسير العقيد محمد عبدالرحيم العاصمي، أن فرقه الإنقاذ باشرت موقع سقوطها بمشاركة من بعض المواطنين الذين شاركوا رجال الإنقاذ المهمة، وتم رفعها ونقلها للأعلى بواسطة الحبال والنقالات ليتم نقلها للمستشفى، منوهًا إلى أهمية متابعة ومراقبة الأطفال وصغار السن والابتعاد عن المواقع التي تشكل خطورة كالانزلاق أو السقوط خصوصًا مثل هذه المواقع شديدة الانحدار، متمنيًا السلامة للجميع. ",
    "date_extracted": "2015-07-23 19:19:14"
}