{
    "url": "http://www.al-madina.com/node/620643/التحرّش-بين-الشباب-والفتيات.html",
    "title": "التحرّش بين الشباب والفتيات",
    "author": "إبراهيم محمد باداود",
    "content": " حادثة انتشار مقطع الفيديو المتضمن قيام مجموعة من الشباب بالتحرّش بفتاتين ثاني أيام العيد على كورنيش جدة، ليست الحادثة الأولى للتحرّش، ولن تكون الأخيرة وليس المقام هنا أن نتتبع مَن هو المتسبب في الحادثة، بل لابد أن نبحث في جذور هذه القضية، وكيف انتشرت في مجتمعنا؟ وما هي أسبابها؟ مع ضرورة قيام المجتمع بالعمل على وضع آليات مختلفة تساهم في القضاء على هذه الظاهرة. \n الشباب اليوم يحمّلون الفتيات مسؤولية وقوع حوادث التحرّش! فلولا خروجهنّ للشوارع بصورة لافتة للنظر، ومخالفة للدِّين والعرف والتقاليد، وقيامهنّ بتصرّفات وحركات مشينة، لما تفاعل معهنّ الشباب، ولما تحرّشوا بهنّ، وفي المقابل فإن الفتيات يحمّلن الشباب المسؤولية، مؤكدات بأن لهن مطلق الحرية في الخروج بالمظهر الذي يرينه مناسبًا، مع الإشارة بأن بعض الشباب كالذئاب يتحرّشون بأي فتاة حتى لو كانت بكامل حجابها، بل وحتى لو كانت منقبة، ولذلك فمن الواضح أننا أمام قضية يتحمّل كل طرف فيها جزءًا من المسؤولية، كما تتحمّل الأجهزة المعنية جزءًا من المسؤولية بعدم وضعها نظامًا يكافح التحرّش وتطبيقه، وتتحمّل الأسرة أيضًا جزءًا من المسؤولية بعدم تربيتها لأبنائها بشكل صحيح. \n أسباب وقوع مثل هذه الحوادث في مجتمعاتنا واضحة، ويأتي في مقدمتها البعد عن تعاليم ديننا الحنيف للطرفين، إضافة إلى الفراغ الذي يعيشه الشباب والفتيات، وتأخر الزواج للظروف الاقتصادية، والانفتاح الإعلامي، والرغبة في التقليد، ونظرة الشك والريبة القاصرة الموجودة لدى بعض الشباب اليوم تجاه أي فتاة يرونها تسير في طريق عام، ورغبة بعض الفتيات في عدم الإبلاغ عن المتحرّشين حرصًا منهم على الستر وعدم الفضيحة. \n بعض الأسئلة والتي يمكن من خلالها تحديد العديد من المفاهيم بالنسبة للمتحرّش، إذ لابد لمن يفكر في التحرّش أن يسأل نفسه مسبقًا: ماذا لو كانت هذه الفتاة إحدى قريباتك؟ فهل ستقوم بهذا الفعل؟ وهل لو شاهدت شبابًا يتحرّشون بقريبات لك ستدافع عنهن أم ستصمت؟ وهل ستجرؤ على التحرّش لو علمت بأنه سيُشهّر بك لو تم القبض عليك، وأنت تتحرّش بالفتيات؟ وهل لو كنت خارج وطنك، وشاهدت فتيات بهيئات لافتة فستتجرأ وتتحرّش بهنّ؟ \n قضية التحرّش في مجتمعنا قضية وطنية، تقوم على التربية والأخلاق والرجولة، فلو عرف أطراف القضية أنهم في مجتمع قوي ومتماسك، وملتزم بالأنظمة والقوانين لاختفت هذه الظاهرة، ولوجدنا الفتاة تسير في الطرقات في أمان، ولا يجرؤ أحد أن ينظر إليها، فضلاً عن التحرّش بها. \n\nIbrahim.badawood@gmail.comللتواصل مع الكاتب ارسل رسالة SMS تبدأ بالرمز (123) ثم مسافة ثم نص الرسالة إلى 88591 - Stc 635031 - Mobily 737221 - Zain ",
    "date_extracted": "2015-07-23 19:18:49"
}