{
    "url": "http://www.al-madina.com/node/620820/التحرش-بالمقلوب.html",
    "title": "التحرش بالمقلوب!",
    "author": "فاطمة البكيلي",
    "content": " على أرض الرابضين والرابضات، عند منابع الانحراف، استطال شرُّ المزهوين بالجنوح.. مات الحياء في قلوبهم، وحيثما جنحت أهواؤهم جنحوا لها، وأضحى كلٌّ منهم يرمي بعرضه، وأعراض الآخرين عرض الحائط، لا يبالون إن مارسوه علانيةً أو خفاءً.\n من خلف السواتر السوداء، حيث نزعات النزق تقتادهم صوب الانحراف المخلِّ بالدِّين والأدب والقيم، والقبح في كل أوجهه سعوا إلى المقامرة بكل شيء؛ ليجنوا في النهاية الخسارة من كل شيء، لم يردعهم في ذلك لا دِين ولا قانون.\n جنوح السلوك سمة لا تقبلها الدساتير، ولا الأنظمة والقوانين، وحين يبلغ هذا الجنوح خدش الحياء، والعبث بالأعراض عيانًا بيانًا من الجنسين، سواءً كان ذاك العابث رجلاً أم كانت امرأة، فهذه رسالة ومؤشر يفضي إلى اختلال، وفاقد بائن إمّا في القدوة أو المُثُل، رغم أنهما كلٌّ لا يتجزّأ من ركائز التربية القويمة.\n لم تكن مشاهد التحرّش الجماعي بفتاتين على كورنيش جدة ثاني أيام العيد واضحة المعالم والملابسات بالنسبة لي، وللكثيرين مثلي، ولم تكن هذه القضية هي الأولى من نوعها، ولن تكون الأخيرة، والأدهى أن تصوير تلك المشاهد وأمثالها، ومن ثم نشرها على مواقع التواصل الاجتماعي بات مهنة من لا مهنة له. \n إذًا.. ما العمل، وقد بلغ هذا المسلك مع هؤلاء وأولئك حد الخروج على نواميس الدِّين والعرف والأدب؟، وكيف ننجو بأبنائنا وبناتنا من فخاخ الجانحين من الجنسين، والمزروعين في كل مكان.. سواء في الشارع، أو المدرسة، أو الملعب، أو الأماكن العامة.\n إن إعادة تأهيل المنحرف أخلاقيًّا كلٌّ حسب جنسه عبر المؤسسات الرسمية في الدولة يُعدُّ طوق النجاة الذي ينجو بهم وبالمخالطين لهم من مغبة التلذذ الأخرق في ممارسة الإفلاس الأخلاقي على كل شكل ولون، في أيّ وقت، وعلى أي أرض ومع كائن من كان. يبقى لنا أنه بعد تلك القضية، وقبل أن نستنفر ونوسم.. أقف متأمّلة مشهدًا افتراضيًّا من أبعاد أخرى.. \n - ماذا لو كانت.. الفتاتان هما مَن توجّهتا عمدًا إلى مكان تجمع الشباب؟!\n - ماذا لو هُنَّ مَن بدأن باستفزاز الشباب؟! \n - ماذا لو كانت واقعة التحرّش بالمقلوب؟!\n ** مرصد:\n اسم المريض: جانح. \n العمر: جميع الأعمار.\n المهنة: ممارس للإرهاب المجتمعي. \n الحالة المرضية: فساد أخلاقي وانحطاط في القيم.\n وصف الحالة: عدوى، مع خلل وقصور في التربية \n العلاج: لو كانوا جانحين.. عَسْكرُوهُم، ولو كنَّ جانحات أهْلُوهُنَّ. \n\nKsa.watan@yahoo.comللتواصل مع الكاتب ارسل رسالة SMS تبدأ بالرمز (76) ثم مسافة ثم نص الرسالة إلى 88591 - Stc 635031 - Mobily 737221 - Zain ",
    "date_extracted": "2015-07-24 06:52:22"
}