{
    "url": "http://www.al-madina.com/node/620522/مؤشر-سوق-الأسهم-يستأنف-تداولات-مابعد-العيد-مرتفعاً-43-نقطة.html?live",
    "title": "مؤشر سوق الأسهم يستأنف تداولات مابعد العيد مرتفعاً بـ 43 نقطة ",
    "author": "واس - الرياض",
    "content": " استهل مؤشر سوق الأسهم السعودية تداولات ما بعد عيد الفطر مرتفعا 43.16 نقطة بنسبة 0.46% عند مستوى 9381.01 نقطة بتداولات قاربت 4 مليارات ريال.\nوشهدت تداولات اليوم ارتفاع أسهم 125 شركة في قيمتها وتراجعت أسهم 25 شركة,فيما ظلت أسهم 15 شركة أخرى بدون تغير،في الوقت الذي ناهز فيه عدد الأسهم المتداولة اليوم 122 مليون سهم توزعت على أكثر من 77189 صفقة .\nوكانت أسهم شركات العالمية للتأمين،وبتروكيم وملاذ للتأمين ,وكيان السعودية,ووفاء للتأمين،ومجموعة السعودية الأكثر ارتفاعاً اليوم بنسب ارتفاع مابين 9.78% إلى 4.17%, في حين تصدر سهم أسمنت العربية قائمة الأسهم الأكثر انخفاضا ,وسابك والخضري ,ينساب، ,مجموعة الحكير والكيميائية الأكثر انخفاضاً ,وقد تراوحت الانخفاضات مابين 2.49% ارتفاعاً إلى 1.37%.\nوجاءت أسهم شركات الخدمات الأرضية ،وسابك ومصرف الإنماء ,ملاذ للتأمين وكيان السعودية , ومصرف الراجحي الأكثر نشاطاً بالقيمة ،فيما جاءت أسهم شركات كيان والإنماء ,والخدمات الأرضية وزين السعودية ,دار الأركان ,و سابك على قائمة أكثر الأسهم نشاطا بالكمية .\nوحققت كافة مؤشرات قطاعات السوق ارتفاعا تصدرها قطاع التأمين بنسبة 2% في الوقت الذي سجل فيه مؤشر قطاع التطوير العقاري والاستثمار الصناعي القطاعين المتراجعين من بين قطاعات السوق الخمسة عشر بنسبة تراجع ما بين 0.18% و 0.04% على التوالي. ",
    "date_extracted": "2015-07-22 20:04:55"
}