{
    "url": "http://www.al-madina.com/node/620496/أمريكا-تفرض-عقوبات-على-مسؤولين-في-حزب-الله-لدعمهم-الأسد.html?weekly",
    "title": "أمريكا تفرض عقوبات على مسؤولين في حزب الله لدعمهم الأسد",
    "author": "رويترز - واشنطن",
    "content": " فرضت الحكومة الأمريكية أمس الثلاثاء عقوبات على ثلاثة من زعماء جماعة حزب الله الشيعية ورجل أعمال في لبنان وقالت: إنهم يقومون بدور بارز في العمليات العسكرية للجماعة في سوريا، وقالت وزارة الخزانة الأمريكية في بيان: إن مصطفى بدر الدين وإبراهيم عقيل وفؤاد شكر -وهم مسؤولون عسكريون في حزب الله- نسقوا أو شاركوا في الدعم العسكري الذي تقدمه الجماعة لحكومة الرئيس بشار الأسد في الحرب الأهلية الدائرة في سوريا، وفرضت عقوبات على شخص رابع وهو رجل أعمال في لبنان يدعى عبدالنور شعلان لشرائه أسلحة لحزب الله وشحنها إلى سوريا. ",
    "date_extracted": "2015-07-22 10:09:29"
}