{
    "url": "http://www.al-madina.com/node/620668/«صحفية»-تكشف-تفاصيل-حياتها-الزوجية-بعمود-يومي.html",
    "title": "«صحفية» تكشف تفاصيل حياتها الزوجية بعمود يومي!",
    "author": "المدينة - جدة",
    "content": " حول مشكلات أسرية متعددة، وقضايا اجتماعية متنوعة، تعاني منها العائلات المصرية خاصة والعربية عامة، تبدأ قناة MBC1 ابتداء من يوم الأحد المقبل، عرض مسلسل «يوميّات زوجة مفروسة أوي» للكاتبة أماني ضرغام، والمخرج أحمد نور، ويقع في 30 حلقة منفصلة- متصلة، وتتوزع بطولته بين داليا البحيري، والفنان القدير سمير غانم، وخالد سرحان، ورجاء الجداوي، ومروة عبدالمنعم، وإيمان السيد، وعلاء زينهم، ومحمد أبو داوود، وحسن عبدالفتاح، وشريف باهر وغيرهم.\n تنطلق الأحداث داخل إحدى الصحف اليوميّة في مصر التي تجمع «إنجي» و»علي»، حيث يلتقيان ويقرران الارتباط.. ولكن أيام الحب القليلة التي عاشاها قبل الخطوبة وخلالها، تتحوّل إلى كوابيس بعدها، وتنقلب حياتهما فجأة من حب وغرام قبل الزواج، إلى خلافات وانتقام بعده، إلى أن يصل الحال بالزوجة بأن تسعى إلى كتابة مقال يومي في الصحيفة بعنوان «يوميات زوجة مفروسة أوي»، تكشف فيه عن مفاصل من حياتها قبل الزواج كصحفية مندفعة وناجحة ومتفوقة مهنيًا، إلى موظفة مع وقف التنفيذ في صحيفة بعده، تحاول إرضاء زوجها بشتى الوسائل وتلبية طلباته ومن دون أي طموحات، وتنهمك فقط بتربية الأولاد. يقدم «زوجة مفروسة أوي» قصصه بصيغة كوميدية طريفة، تحمل في الوقت نفسه انتقادًا للرجال الذين يحاولون تهميش زوجاتهن مهنيًا. ",
    "date_extracted": "2015-07-23 19:18:08"
}