{
    "url": "http://www.alwatan.com.sa/Culture/News_Detail.aspx?ArticleID=231130&CategoryID=7",
    "title": "جدة تكافئ حفيدها لمشاركته بشارع الرسامين بعنيزة",
    "author": "عنيزة: تركي المحارب",
    "content": " ختام فعاليات شارع الرسامين بعنيزة كان مختلفاً لدى الفنان مشعل العمري، أحد الفنانين المشاركين، إذ فوجئ بحضور جدته لمقره في الفعاليات، بعد أن أتمّ رسمته ثلاثية الأبعاد لـ\"العقرب\"، ما دفعها إلى مكافأته نظير إصراره وحماسه تجاه هذا الفن الذي حاز على إعجاب الزوار.\n وكانت فعاليات شارع الرسامين بعنيزة التي تحاكي التجربة الأوروبية، اختتمت أول من أمس، وقال المشرف على الفعالية علي النقيدان إن \"مشاركة الفنانين بشارع الرسامين استمرت خمسة أيام، ولقيت إقبالا كبيرا من زوار متنزهات الحاجب\"، واصفاً ذلك بأنه مؤشر نجاح للفعالية وحافز للشباب الذي يخوض تجربته الأولى أمام الجمهور، حيث أتاح المهرجان الفرصة لهم لنثر إبداعاتهم بطرق فنية جميلة.\n وكرمت اللجنة المنظمة المشاركين في الملتقى، وهم المشرف علي النقيدان والمشاركون عبدالله الروضان وعثمان الحربي ومشعل العمري وصالح النقيدان وأحمد العليقي ويوسف الشريم وعبدالله الصبيعي ويوسف الزيكان وأحمد الدعاس وعبدالرحمن النقيدان ووسام الحلبي وسليمان القبع. ",
    "date_extracted": "2015-08-06 08:26:33"
}