{
    "url": "http://www.alwatan.com.sa/Local/News_Detail.aspx?ArticleID=230968&CategoryID=5",
    "title": "الشكاوى من البابون تنتظر وزير الزراعة",
    "author": "أبها: سلمان عسكر",
    "content": " تستقبل وزير الزراعة المهندس عبدالرحمن الفضلي في زيارته الأولى لمنطقة عسير صباح اليوم حزمة من التساؤلات والمطالبات من قبل أهالي المنطقة، ويأتي في مقدمتها تذمر الأهالي والمصطافين في متنزهات السودة من انتشار قرود \"البابون\" بشكل كبير خلال السنتين الماضية والحالية، فيما لم تظهر أي محاولات للحد من انتشارها، ودخولها إلى المتنزهات السياحية والقرى وأحواش المنازل، مشكلة كثيرا من الأذى للمواطنين والمزارعين، إضافة إلى عبث بعض الزوار الكثير بالمنتزهات وإضرام النيران تحت جذوع الأشجار النادرة.\n من جهته، أوضح المدير العام لفرع الزراعة في منطقة عسير المهندس فهد الفرطيش أنه سيتم خلال الزيارة استعراض عدد من الملفات التي تهم أهالي المنطقة، وقال إن مشروع \"خدمة النحالين\" من أكبر المشاريع القائمة وسننظر لما يمكن تقديمه لهم من تسهيلات وتعاون.\n وحول مطالبات أهالي بيشة بمنع سقيا أشجار النخيل من المياه المعالجة قال: \"هي مياه معالجة من الدرجة الثالثة والمشروع يأتي لإنقاذ نخيل بيشة، والعينة التي تم أخذها عن طريق هيئة الغذاء والدواء أثبتت سلامة تلك المياه وإمكانية الاستفادة منها\". ",
    "date_extracted": "2015-08-04 17:59:52"
}