{
    "url": "http://www.alwatan.com.sa/Politics/News_Detail.aspx?ArticleID=230948&CategoryID=1",
    "title": "نيجيريا: تحرير 180 رهينة",
    "author": "لاجوس: أ ف ب",
    "content": " حرر الجيش النيجيري 178 شخصا محتجزين رهائن لدى حركة بوكو حرام الإرهابية، بينهم أكثر من 100 طفل و67 امراة، واعتقل قياديا في الحركة، إثر سلسلة من الهجمات الدامية التي شنها المتطرفون في شمال شرق البلاد. وأعلن الجيش أمس شن ضربات جوية على قرية بيتا على مقربة من غابة سامبيسا حيث كانت بوكو حرام تستعد لشن هجوم، وأفاد الجيش عن مقتل عدد من الإرهابيين بدون إضافة أي تفاصيل. وقال المتحدث باسم الجيش الكولونيل توكور جوساو، إن الجيش النيجيري شن هجوما قرب أولاري على الطريق المؤدية إلى باما- 70 كلم جنوب مايدوجوري عاصمة ولاية بورنو وكبرى مدن شمال شرق نيجيريا. وأضاف أنه خلال هذه العملية تم إنقاذ 178 شخصا كانوا محتجزين رهائن لدى الإرهابيين.\n   ",
    "date_extracted": "2015-08-04 17:59:50"
}