{
    "url": "http://www.alwatan.com.sa/Culture/News_Detail.aspx?ArticleID=230889&CategoryID=7",
    "title": "قطار القراءة يمر بمكتبة المؤسس",
    "author": "الرياض: واس",
    "content": " أطلقت المكتبات النسائية ومكتبة الأطفال بمكتبة الملك عبدالعزيز العامة أمس وللسنة الثالثة على التوالي برنامجها (قطار القراءة) الذي يشمل عددا من الأنشطة القرائية والفنية والمسرحية المتنوعة للأطفال وللفتيات من عمر خمس إلى 15 وللأولاد من عمر خمس إلى عشر سنوات في عدد من المراكز التجارية في الرياض.\n وتستمر فعاليات البرنامج خمسة أيام من الساعة الـ5 إلى الـ9 مساء في بانوراما الرياض، ثم ستنتقل فعالياته من 24 إلى 28 إلى حياة مول الرياض. ",
    "date_extracted": "2015-08-04 18:01:16"
}