{
    "url": "http://www.alwatan.com.sa/Local/News_Detail.aspx?ArticleID=231084&CategoryID=5",
    "title": "مليون زائر يكتبون شهادة نجاح صيف حائل",
    "author": "حائل: عبدالكريم الفطيمان",
    "content": " فيما وصل عدد زوار مهرجان صيف حائل إلى نحو مليون زائر، تتواصل الفعاليات المقامة تحت شعار \"صيفنا بكم أجمل\" في متنزه المغواة الترفيهي، ومنتجع وحديقة السمراء وسلمى سيتي والحديقة مول وسلمى مول وسماح سنتر، والتي انطلقت من ثاني أيام عيد الفطر المبارك وتستمر حتى نهاية شوال الجاري.\n وأكد مدير إدارة الإعلام في أمانة منطقة حائل سعد الثويني أن الفعاليات والعروض مستمرة من خلال الفعاليات والفرق الترفيهية، والمسابقات، ومجلس المهرجان، ومسرح الطفل، والسوق الشعبي، والحرف اليدوية، وغيرها من الفعاليات المتنوعة الأخرى.\n وأضاف أن زوار المهرجان هذا العام وصلوا إلى أكثر من مليون زائر في كافة المواقع التي تقام فيها الفعاليات، إضافة إلى الحدائق والمتنزهات العامة، مشيرا إلى أن الإقبال على العروض المسرحية والمجالس المستضيفة لنجوم الإعلام كان أكثر من جيد من قبل الجمهور.\n كما أكد الثويني أن الفعاليات والعروض والمسرحيات التي نظمتها الأمانة شهدت إقبالا كبيرا من قبل قاطني حائل وزوارها، الذين أبدوا إعجابهم بالفعاليات المقامة فيها، متمنين استمرار بعضها على مدار العام وفي فترات متفاوتة.\n ويتضمن برنامج صيف حائل عددا من الاحتفاليات المتنوعة وهي مخصصة للعائلات، ومنها فعاليات الأسر المنتجة حيث تم منحهم محلات مجهزة ومكيفة مجانا مع توفير كافة الخدمات والمقومات لدعمهم وتشجيعهم. وتنوعت المحلات ما بين مشغولات يدوية وأكلات شعبية واستوديوهات تصوير نسائية، حيث بلغ إجمالي مبيعات الأسر المنتجة أكثر من 600 ألف ريال حتى الآن.\n وأوضح الثويني أن فعاليات مجلس المهرجان التي تستضيف عددا من المشاهير من منشدين وإعلاميين وشعراء لإحياء الليالي الصيفية بفنون منوعة لاقت إقبالا كثيفا من قبل الزوار، إضافة إلى تنوع وتعدد فعاليات الأطفال من مسرح للطفل وألعاب مائية وهوائية وكهربائية، بخلاف فتح المجال لأصحاب التصوير الضوئي بمنحهم مواقع أستديوهات للتصوير (النسائي والرجالي) والاهتمام بالتراث ومقتنياته بإنشاء ركن للتحف والمقتنيات التراثية. ",
    "date_extracted": "2015-08-06 01:23:44"
}