{
    "url": "http://www.alwatan.com.sa/Sports/News_Detail.aspx?ArticleID=231039&CategoryID=6",
    "title": "سان جرمان يفرض سطوته  على الأندية الفرنسية",
    "author": "باريس: أ ف ب",
    "content": " سيكون باريس سان جرمان مرشحا فوق العادة لإحراز لقبه الرابع على التوالي في بطولة فرنسا لكرة القدم التي تنطلق بعد غد، في حين ينحصر أمل منافسيه في ألا يحسم الأمور مبكرا.\n وكان فريق العاصمة حسم اللقب بفارق ثماني نقاط عن أقرب منافسيه ليون لكن الأخير صمد في وجهه حتى الرمق الأخير، لكن الأمور تبدو مختلفة عشية انطلاق موسم 2015-2016، خصوصا أن تشكيلة سان جرمان أصبحت أكثر قوة من التشكيلة التي أحرزت جميع الألقاب المحلية الموسم الماضي \"الدوري والكأس وكأس الرابطة\".\n وقال مدرب باريس سان جرمان لوران بلان \"كل سنة تتزايد المتطلبات. نحاول تحسين مستوى الفريق لكن الأمور ليست سهلة لأننا نتنافس على ضم أفضل اللاعبين مع نخبة الأندية الأوروبية التي لا تقل شأنا من ناحية الموارد المادية أو من الناحية التاريخية\".\n لكن الواقع يشير إلى أن أيا من الأندية الفرنسية لا يستطيع مجاراة سان جرمان من ناحية القدرة الشرائية وإن كان ليون الأقرب إلى ذلك.\n نجح ليون في احتلال المركز الثاني في نهاية الموسم الماضي والعودة للمشاركة في دوري أبطال أوروبا بعد غياب أربع سنوات وسيفتتح ملعبه الجديد في مطلع عام 2016.\n واحتفظ ليون بأفضل لاعبيه حيث سيبقى صانع ألعابه نبيل فقير في صفوفه بالإضافة إلى هداف الدوري الموسم الماضي برصيد 27 هدفا الكسندر لاكازيت. بيد أن نتائج الفريق في مبارياته التجريبية لا تبشر بالخير.\n فقد سقط بسداسية أمام آرسنال في كأس ملعب الإمارات الأسبوع الماضي، ثم 1/ 2 أمام فولسبورج الألماني في المسابقة ذاتها، وصفر/2 أمام سان جرمان بالذات في كأس الأبطال التي أفيمت في مونتريال الكندية.\n وكشف رئيس النادي جان ميشال اولاس \"نملك ميزانية تقدر بـ170 مليون يورو هذا العام. لقد استثمرنا 450 مليون يورو في الملعب الجديد وقمنا بذلك من أجل إحراز الألقاب ومنافسة باريس سان جرمان\".\n وتبدو الأمور مظلمة لباقي الأندية لأنها تعيش واقعا ماديا لا تحسد عليه وعلى سبيل المثال، لا يستطيع فريق مثل مارسيليا الذي يملك شعبية هائلة وملعبا يتسع لحوالي 60 ألف متفرج منافسة أندية مؤخرة الترتيب في الدوري الإنجليزي الممتاز من الناحية المادية.\n وخسر مارسيليا جهود أبرز لاعبيه وعلى رأسهم ديميتري بايت واندريه بيار جينياك واندريه ايوو وجانيلي ايمبولا. لكنه لجأ إلى صفقتين غريبتين تمثلت الأولى بالتعاقد مع لاسانا ديارا الغائب عن الملاعب منذ فترة، وأبو ديابي الذي خاض حفنة من المباريات في المواسم الخمسة الأخيرة بداعي الإصابات المتكررة في صفوف آرسنال.\n وسيكون هيرفيه رينار الذي قاد زامبيا إلى إحراز كأس الأمم الأفريقية قبل ثلاث سنوات مدربا لليل الذي فقد بدوره كثيرا من اللاعبين الذين انضموا إلى أندية إنجليزية. فقد خسر جهود ايدريسيا غيي لمصلحة أستون فيلا.\n واضطر موناكو إلى التخلي أيضا عن لاعبيه جوفري كوندوغبيا وفيريرا كاراسكو إلى إنترميلان الإيطالي وأتلتيكو مدريد الإسباني على التوالي، في حين حصل على خدمات المهاجم الإيطالي ستيفان الشعراوي من ميلان على سبيل الإعارة.\n ولخص رئيس نادي كاين جان فرانسوا فورتان واقع الأندية الفرنسية بقوله خصوصا بعد خسارته لجهود لاعب وسطه نغولو كانتي لمصلحة ليستر سيتي على الرغم من تلقيه عرضا من مارسيليا \"القوة الشرائية لدى الأندية الإنجليزية تتفوق بكثير على الأندية الفرنسية. كنت أود الاحتفاظ بكانتي في الدوري الفرنسي، لكن لأسباب مادية ولمصلحة اللاعب ولمصلحة النادي لم يكن الأمر متاحا\". ",
    "date_extracted": "2015-08-06 01:24:41"
}