{
    "url": "http://www.alwatan.com.sa/Local/News_Detail.aspx?ArticleID=231225&CategoryID=5",
    "title": "المملكة تهنئ بوليفيا بذكرى الاستقلال",
    "author": "جدة: واس",
    "content": " بعث خادم الحرمين الشريفين الملك سلمان بن عبدالعزيز، ونائب خادم الحرمين الشريفين الأمير محمد بن نايف ببرقيتي تهنئة لرئيس جمهورية بوليفيا إيفو موراليس أيما، بمناسبة ذكرى استقلال بلاده. وأعرب الملك سلمان والأمير محمد بن نايف باسمهما واسم شعب وحكومة المملكة عن أصدق التهاني وأطيب التمنيات بالصحة والسعادة للرئيس إيفو موراليس أيما، ولحكومة وشعب بوليفيا الصديق اطراد التقدم والازدهار. ",
    "date_extracted": "2015-08-06 08:25:47"
}