{
    "url": "http://www.alwatan.com.sa/Politics/News_Detail.aspx?ArticleID=231196&CategoryID=1",
    "title": "فيصل بن خالد يستعرض تصحيح أوضاع اليمنيين",
    "author": "أبها: الوطن",
    "content": " استعرض أمير منطقة عسير الأمير فيصل بن خالد بن عبدالعزيز آلية سير عمليات لجان تصحيح أوضاع الأشقاء اليمنيين المقيمين في المنطقة التي تعمل وفق الضوابط والأنظمة التي أمر بها خادم الحرمين الشريفين الملك سلمان بن عبدالعزيز، مثمنا جهود اللجان العاملة في مختلف محافظات المنطقة.\n جاء ذلك خلال استقباله أمس مساعد مدير الأمن العام لشؤون الأمن اللواء جمعان الغامدي والوفد المرافق له الذي يزور المنطقة حاليا.\n وأشاد أمير عسير خلال اللقاء بالجهود التي يبذلها رجال الأمن في مختلف القطاعات لحفظ الاستقرار والعمل على راحة المواطن والمقيم في المملكة.\n إلى ذلك، تفقد فريق العمل المكلف بالإشراف والمتابعة على سير عمل لجان تصحيح أوضاع الأشقاء اليمنيين في المملكة أمس مراكز لجان التصحيح في مدينة أبها ومحافظة خميس مشيط.\n وأكد اللواء الغامدي خلال الجولة التفقدية أن لجان تصحيح أوضاع الأشقاء اليمنيين المقيمين في المنطقة تعمل وفق ضوابط محددة ومهنية منظمة تنفيذا لتوجيهات خادم الحرمين الشريفين الملك سلمان بن عبدالعزيز ونائب خادم الحرمين الشريفين وولي ولي العهد لخدمة الأشقاء في اليمن، وتصحيح أوضاعهم والعمل على توفير سبل الراحة لهم، مشيدا بما حققته اللجان في مختلف مناطق المملكة خلال الأيام الماضية من نجاحات.\n وأبان مساعد مدير الأمن العام للشؤون الأمنية أن عدد الأشقاء اليمنيين المستفيدين من تصحيح أوضاعهم بلغ حتى أمس أكثر من 419 ألف مستفيد، منهم أكثر من 50 ألفا في منطقة عسير، مثمنا الجهود التي تبذلها لجان التصحيح في مختلف مناطق المملكة.\n \n   ",
    "date_extracted": "2015-08-06 08:24:44"
}