{
    "url": "http://www.alwatan.com.sa/Articles/Detail.aspx?ArticleID=27346",
    "title": "مليحات محمد زايد..",
    "author": "كفى عسيري",
    "content": " للغيوم المضيئة خلف الجبال....\n للمليحات يهبطن أبها\n يربكن صبحا ثلاثاءها..\n قصيدة منها هذان البيتان، وسواها الكثير من النصوص التي تملأ حواسنا وتشبعها وتغنيها عن سواها من النظم الخالي من الروح والحس الصادق.. هذه الظاهرة الشعرية الفكرية العملاقة تتربع على عرش التميز في صياغة المفردة، وسبكها بطريقة مليئة بالشعور والانسجام والحس الشعري..\n إن قرأت له شعرا طربت للإيقاع الموسيقي والصور المشبعة لخيالي، وإن قرأت نثرا وجدت فكرا وحكمة..\n محمد زايد قامة أدبية شامخة مهيبة بالقدر الذي يؤهلها أن تكون الأعلى والأولى حضورا في دور النشر.. لكن الغريب أن أعلى القوم أكثرهم بعدا عن فهرسة حسه.. أﻷنه يرى أن الشعر هو ما يتناقله العرب مسموعا لا مقروءا، ويرى أن جمع قصائده في دواوين حبس لها يعيقها عن الانطلاق والتحليق في سماء التميز؟ هل يخشى عليها أن تملأ بها الرفوف وتبنى عليها بيوت واهنة ويغلفها غبار التجاهل والنسيان؟ أم إن لديه سببا يمنع تلك القصائد من أن تكون في مراجع طباعية للباحثين والدارسين كما يتمنى الكثير منهم؟\n في سنتين مضتا جاءني سؤال يتكرر بتكرار حاجة الباحثين لبحث يثري دراساتهم.. هذا السؤال يستدعي التوقف وهو:\n أين أجد دواوين محمد زايد؟ نعم، أين نجد دواوين محمد زايد؟ لماذا هذا الشاعر الكبير تحديدا لا يريد لقصائده أن تحرك أجهزة المطبعة وتمتلئ بحبرها؟ لماذا يقف خلف حجب حصاده الشعري؟ أيريد له أن يصبح هشيما تلتهمه نيران النسيان، وتخفيه الدواوين المتناثرة هنا وهناك بغثها وسمينها؟\n لماذا لا يريد لكرم العنب الذي اعتنى به سنين أن يتحول إلى نبيذ يسكر به قراءه؟ لا أقول ليس هناك شعراء في الوطن وفي عسير ركضوا في مضمار النجاح وأحرزوا مراكز متقدمة، وهذا لا يعني أن يغيب نجم مهم من سماء الإبداع ويختفي وراء غيمات يستطيع أن يزيحها بسهولة..\n محمد زايد مدرسة شعرية أطمح أن يستفيد منها الجيل القادم من الشعراء. ينقلها الباحثون لتجوب أقطار الوطن العربي والعالم، لا أن تبقى محصورة في تغريدات العصفور الأزرق..\n يكتمل انتظام عقد شعراء عسير عندما تصطف دواوين محمد زايد إلى جوار دواوين روادها اﻵخرين، وتفرد على طاولات الباحثين وتتصدر مراجعهم..\n رؤية ديوان على الأقل لمحمد زايد يبقى حلما، لعلمي بأن حبات اللؤلؤ تبقى عائمة في عمق البحر، وهيهات أن يستطيع أحدنا الحصول على واحدة منها. \n   ",
    "date_extracted": "2015-08-04 17:57:31"
}