{
    "url": "http://www.alwatan.com.sa/Economy/News_Detail.aspx?ArticleID=231015&CategoryID=2",
    "title": "بريدة تطلق أكبر مهرجان لبيع التمور",
    "author": "بريدة: نصار القوسي",
    "content": " ينطلق اليوم الأربعاء في مدينة \"بريدة\" مهرجان \"بريدة عاصمة التمور ويستمر لمدة 40 يوما ويسهم في تنشيط الحركة الاقتصادية في منطقة القصيم.\n من جهته، أكد أمين منطقة القصيم المشرف العام على مهرجان بريدة للتمور المهندس صالح الأحمد أن نجاحات الأمانة في المهرجانات الماضية أعطت مزيدا من القوة والتميز لفريق العمل، الهادف إلى تطوير العمل وتحقيق التطلعات، والعمل على إضافات تسهم في اكتساب مستجدات تبرز مهرجان التمور، مبينا أن الأمانة خلال الفترة الماضية سخرت جهودها لتقديم الخدمات للمزارعين ورواد السوق في أحد أهم أسواق التمور، سعيا لتحقيق التميز والنجاح لهذا المهرجان.من جهته، أوضح الرئيس التنفيذي للمهرجان عبدالعزيز المهوس خلال المؤتمر الصحفي الذي عقدته اللجنة التنفيذية للمهرجان أول أمس أن اللجنة ستركز على إحصاء حركة السوق والكميات الواردة إليه وستلتزم بالإعلان عنها للجميع بكل شفافية ودون مبالغات، كما ستفعّل دور الدلالين في السوق وتجعلهم شركاء في المسؤولية لضبط الجودة في السوق، وبين أن ما يتم تداوله من أسعار عالية لعدد محدود من عبوات التمور لا ينبغي الالتفات إليها ولا أن تؤخذ كقياس لواقع السوق الفعلي.\n وأضاف: \"تقديرا من اللجنة المنظمة لظروف نقص عبوات التمور الكرتونية في السوق التي باتت تؤرق المزارعين نتيجة احتراق أشهر المصانع في منطقة القصيم قبل أشهر فقد تم السماح للمزارعين باستخدام العبوات المستخدمة، شريطة نظافتها وعدم اتساخها وذلك كحل موقت\" متوقعا أن تحل الأزمة خلال عشرة أيام. ",
    "date_extracted": "2015-08-06 01:19:01"
}