{
    "url": "http://www.alwatan.com.sa/Culture/News_Detail.aspx?ArticleID=231004&CategoryID=7",
    "title": "رحلة عرنوق في 3 عروض",
    "author": "الأحساء: عدنان الغزال",
    "content": " يشهد مسرح عبدالرحمن المريخي في فرع الجمعية العربية السعودية للثقافة والفنون في الأحساء تقديم ثلاثة عروض لمسرحية \"رحلة عرنوق\"، على مدى ثلاثة أيام تبدأ اعتبارا من الغد.\n والمسرحية من تأليف نهار الضويحي، وإخراج جميل الشايب، وتقديم فرقة أرين المسرحية.وأوضح مقرر لجنة الفنون المسرحية في الجمعية نوح الجمعان، أن تقديم المسرحية يأتي في إطار تعاون الجمعية مع الفرق المسرحية، وإتاحتها الفرص للشباب المسرحي، لتقديم مواهبه.\n بدوره، أبان المخرج جميل الشايب أن فريق المسرحية، حظي بتسهيلات كبيرة من إدارة الجمعية بالأحساء، لافتا إلى أن المسرحية اجتماعية كوميدية، تتناول قضايا الإسكان، وارتفاع الأسعار، ومعاناة المعلمين مع طلابهم، وكذلك المبتعثين وتخصصاتهم، ويجسد أدوارها كل من جميل الشايب، سلطان المقبالي، نعيم البطاط، أحمد النصر، أحمد العبيد، مهدي الناصر، حيدر الدوخي، إبراهيم العضب، محمد الجاسم، طلال الجاسم. ",
    "date_extracted": "2015-08-06 01:23:53"
}