{
    "url": "http://www.alwatan.com.sa/Nation/News_Detail.aspx?ArticleID=231029&CategoryID=3",
    "title": "أول عقار بالطباعة ثلاثية الأبعاد",
    "author": "واشنطن: رويترز",
    "content": " لأول مرة توافق إدارة الغذاء والدواء الأميركية على عقار أنتج بتقنية الطباعة ثلاثية الأبعاد ما يمهد السبيل لاحتمال تعديل إنتاج العقاقير حسب طلب المريض.\n وقالت الشركة الخاصة \"أبريشيا\" للمستحضرات الدوائية أمس إن العقار أجيز لاستخدامه عن طريق الفم كعلاج إضافي مساعد لعلاج الصرع. وتمت الاستعانة بتقنية الشركة التي تتيح إنتاج جرعات مقننة من العقار تذوب في الفم مع رشفة من أي سائل.\n وتسمح الطباعة ثلاثية الأبعاد للشركات بإنتاج عقاقير حسب مواصفات المريض بدلا من فرض صورة معينة من العقار. ",
    "date_extracted": "2015-08-06 01:19:17"
}