{
    "url": "http://www.alwatan.com.sa/Sports/News_Detail.aspx?ArticleID=231056&CategoryID=6",
    "title": "المقرن: لا تعديل على جدول الدوري",
    "author": "الرياض: حسن الصفيان",
    "content": " استبعد رئيس لجنة المسابقات بالاتحاد السعودي لكرة القدم خالد المقرن حدوث أي تعديل في جدول مباريات الدور الأول لدوري عبداللطيف جميل للمحترفين بعد تأجيل كأس الخليج الـ23 في الكويت لمدة عام.\n وكانت الأنظار اتجهت بعد إعلان تأجيل البطولة إلى لجنة المسابقات التي سبق وأن أصدرت الجدول قبل التأجيل ما يعني أن هناك فترة توقف لثلاثة أسابيع. وأشار المقرن إلى أن لجنة المسابقات عند وضع أي جدول تضع في حساباتها المشاركات الدولية للمنتخبات والأندية، وقال \"تواريخ مباريات الجولة الـ13 للدوري موجودة في الجدول أصلا أي أنها ستقام في 20 ديسمبر\".\n وأضاف المقرن \"أن لجنة المسابقات تسعى إلى التكافؤ بين جميع الأندية\". ",
    "date_extracted": "2015-08-06 01:19:55"
}