{
    "url": "http://www.alwatan.com.sa/Local/News_Detail.aspx?ArticleID=231090&CategoryID=5",
    "title": "80 مليونا للسفلتة بمكة",
    "author": "مكة المكرمة: حسن الناصري",
    "content": "  أبرم أمين العاصمة المقدسة الدكتور أسامة البار خمسة عقود لمشاريع جديدة خاصة بسفلتة وصيانة وتطوير عدد من الشوارع والطرق والجسور بمكة المكرمة والمشاعر المقدسة. وبلغت القيمة الإجمالية للعقود الخمسة أكثر من 80 مليون ريال، وجاء توقيعها مع عدد من الشركات الوطنية المتخصصة، وشمل العقد الأول مشروع الصيانة الدورية للشوارع الرئيسة بمكة المكرمة بـ(4.310.900) ريال، والثاني مشروع صيانة الشوارع شرق مكة المكرمة بـ18.999.887 ريالا ومدته ثلاث سنوات، وشمل الثالث صيانة الجسور بمكة المكرمة والمشاعر المقدسة بـ (13.914.300) ريال ومدته ثلاث سنوات، أما الرابع فشمل مشروع تطوير وتحسين الطرق والشوارع بالمشاعر المقدسة بـ (28.154.200) ريال ومدته سنتان، في حين شمل الخامس مشروع عملية صيانة طرق المشاعر المقدسة بمكة المكرمة وقيمته (18.583.000) ريال ومدته ثلاث سنوات.\n   ",
    "date_extracted": "2015-08-06 01:23:38"
}