{
    "url": "http://www.alwatan.com.sa/Citizen_Journalist/News_Detail.aspx?ArticleID=231022&CategoryID=9",
    "title": "الأهلي يصدر صكوكا ثانوية",
    "author": "",
    "content": " أنهى البنك الأهلي التجاري بنجاح مؤخرا، عملية الإصدار لصكوك ثانوية ذات الفئة 1 متوافقة مع أحكام الشريعة الإسلامية من خلال طرح خاص داخل المملكة بقيمة ملياري ريال سعوديا. وتعتبر هذه النوعية من الإصدارات من ضمن متطلبات \"بازل 3\" لتعزيز قاعدة رأسمال البنك، والمحافظة على استدامة نموه والمستويات الإيجابية لكفاية رأس المال. فضلا عن أن الصكوك سوف تحسن فترات استحقاق مطلوبات البنك وتزيد من تعدد مصادر التمويل. وهذه الصكوك ليست مرتبطة بتاريخ استحقاق معين، وإنما للبنك الحق في استرداد هذه الصكوك في تاريخ محدد. ",
    "date_extracted": "2015-08-06 01:25:45"
}