{
    "url": "http://www.alwatan.com.sa/Sports/News_Detail.aspx?ArticleID=230908&CategoryID=6",
    "title": "دي ماريا يخضع لفحوصات بالدوحة",
    "author": "الدوحة: أ ف ب",
    "content": " وصل الجناح الأرجنتيني أنخل دي ماريا إلى الدوحة حيث سيخضع لفحص طبي في مستشفى اسباير تمهيدا لانتقاله إلى باريس سان جرمان قادما من مانشستر يونايتد مقابل صفقة بلغت 63 مليون يورو بحسب ما أعلنت وسائل إعلام فرنسية وإنجليزية. وكان دي ماريا انتقل إلى صفوف الشياطين الحمر الموسم الماضي قادما من ريال مدريد، لكنه فشل في فرض نفسه أساسيا في تشكيلة الفريق الشمالي الإنجليزي العريق، ولم يسجل سوى أربعة أهداف.\n   ",
    "date_extracted": "2015-08-04 18:01:22"
}