{
    "url": "http://www.alwatan.com.sa/Politics/News_Detail.aspx?ArticleID=231076&CategoryID=1",
    "title": "حاضنة المتمردين تتهم الحوثيين بقتل أبنائها",
    "author": "",
    "content": " تسود محافظة ذمار حالة من التوتر الشديد بعد الخلافات التي بدأت تطفو على السطح بين أبنائها من جهة وقيادة التمرد الحوثي وفلول صالح من جهة أخرى، بعد تذمر الأهالي من مقتل عدد كبير من أبنائهم بصورة شبه يومية في المواجهات التي تشهدها العديد من المدن والمحافظات اليمنية.\n وأشارت مصادر صحفية إلى أن تلاسنا كبيرا حدث أول من أمس بين مجلس أهلي يضم وجهاء المحافظة وممثلين للتمرد، حيث يؤكد الأهالي أن الحوثيين غرروا بأبنائهم ودفعوا بهم إلى ميادين القتال دون علم أهاليهم، وسادت حالة من الغضب الشديد خلال الأيام الماضية، بعد وصول جثامين عشرات القتلى من أبناء المحافظة بصورة يومية، نتيجة للهزائم المتلاحقة التي يتلقونها على أيدي الثوار في محافظات عدن وأبين ولحج. وأضافت المصادر أن جثث القتلى من أبناء المحافظة في المواجهات التي سبقت تحرير عدن وصل عددها إلى 70 جثة، إضافة إلى عودة كثير من الجرحى الذين قطعت بعض أطرافهم في القتال. كما وصلت بالأمس 60 جثة أخرى لأبناء المحافظة الذين لقوا حتفهم في قاعدة العند الجوية على أيدي الثوار والجيش الموالي للشرعية، ما أحدث حالة من الانفلات الأمني في المحافظة، حيث هاجم الأهالي مندوبي التمرد الذين أوصلوا الجثث واعتدوا عليهم، كما هاجموا وجهاء الأحياء الذين أغروا أبناءهم بالمشاركة في القتال إلى جانب المتمردين بعد أن منحوهم مبالغ ضخمة، وكان الاتفاق بينهم يقضي بتدريبهم عسكريا للدفاع عن مناطقهم في المستقبل، لكنهم أرسلوهم مباشرة من معسكرات التدريب إلى مناطق العمليات دون علم أهاليهم.\n ومضت المصادر بالقول، إن المحافظة التي عرفت بأنها حاضنة المتمردين الحوثيين على شفا إعلان العصيان وخروجها عن سيطرة الانقلابيين، وإن محاولات عديدة بذلتها شخصيات دينية واجتماعية لامتصاص غضب الأهالي وتهدئتهم، إلا أنها باءت بالفشل حيث يصر الأهالي على دفع ديات أبنائهم كاملة قبل استلام جثثهم ودفنهم، وهو ما يؤكد مراقبون عدم قدرة الحركة المتمردة على تنفيذه، لا سيما في ظل الضائقة المالية التي تعيشها.\n واختتم المصدر بالقول إن الأجواء السائدة في المحافظة تؤكد تطور الأمور إلى مراحل أكثر صعوبة، متوقعة أن تشهد الأيام القليلة المقبلة تطورات قد تؤدي في الآخر إلى إعلان المحافظة انسلاخها عن التمرد وانضمامها إلى الشرعية. ",
    "date_extracted": "2015-08-06 01:18:47"
}