{
    "url": "http://www.alwatan.com.sa/Nation/News_Detail.aspx?ArticleID=231122&CategoryID=3",
    "title": "امرأة تستعين بمكنسة  لضرب متحرش",
    "author": "الرياض: بندر التركي",
    "content": " اضطرت مواطنة لاستخدام عصا مكنسة للدفاع عن نفسها ضد أحد المتحرشين في أحد الأسواق، وذلك نتيجة لعدم وجود جهة مختصة لضبط هذه الظاهرة أو قانون ينص على معاقبة المتحرشين من الجنسين، حيث أظهر مقطع فيديو لا يتجاوز 15 ثانية شخصا يمر بالقرب من مواطنة تحمل طفلها في العربة الخاصة به، وما إن وصل إليها حتى أظهرت العصا وانهالت عليه بالضرب، ليلوذ بالفرار. \n وفي الوقت الذي لا تزال فيه الجهات المختصة تحقق في حوادث تحرش وقعت في جدة والطائف ووثقت عن طريق مقاطع الفيديو، أكد الباحث في قضايا المجتمع الدكتور إبراهيم صنبع لـ\"الوطن\" أن التحرش في المملكة لم يصل إلى حد الظاهرة، مؤكدا أن العقوبات الرادعة هي الخيار الأول للقضاء على الحالات التي انتشرت أخيرا. وبين أن الخيار الآخر في القضاء على مثل هذه الحوادث يأتي من قبل المحافظة الأسرية على الشباب والبنات، ما يقضي على حالات التحرش بالنساء في المملكة بشكل كامل.\n وأضاف صنبع: \"من أمن العقوبة أساء الأدب، ولذلك يجب وضع العقوبات الرادعة للقضاء على هذه الحالات تماما\". ",
    "date_extracted": "2015-08-06 08:25:12"
}