{
    "url": "http://www.alwatan.com.sa/Local/News_Detail.aspx?ArticleID=231091&CategoryID=5",
    "title": "دومة الجندل.. حريق الفجر يلتهم 300 نخلة",
    "author": "دومة الجندل: محمد الحسن",
    "content": "  جدد أهالي محافظة دومة الجندل مطالبتهم بافتتاح مركز للدفاع المدني، دعما للمراكز الأخرى، يكون مقره في حي الوادي والبحيرات أو حي صفاه بالمحافظة، وذلك بعد حريق فجر أمس الذي شب في مزارع حي البحيرات بدومة الجندل. وباشرت ثلاث فرق إطفاء بالدفاع المدني في دومة الجندل الحريق الذي اندلع في أشجار نخيل بعدد من المزارع.\n وقال المتحدث الإعلامي للدفاع المدني بالجوف المقدم عطالله الرويلي أن الفرق تمكنت من السيطرة على الحريق ومنع امتداده لمزارع النخيل المجاورة، فيما ساندت فرق الإطفاء ثلاث فرق إسناد من إدارة الدفاع المدني بمدنية سكاكا. والتهم الحريق أكثر من 300 شجرة نخيل مثمرة، وامتدت النيران إلى بعض المنازل القريبة من المزارع نتيجة سرعة الرياح وتطاير الشرر.\n   ",
    "date_extracted": "2015-08-06 01:23:21"
}