{
    "url": "http://www.alwatan.com.sa/Sports/News_Detail.aspx?ArticleID=231043&CategoryID=6",
    "title": "هجر يكثف التدريبات اللياقية",
    "author": "الأحساء: حسن بوجبارة",
    "content": " ركز مدرب الفريق الأول لكرة القدم في نادي هجر المونتنيجري نيبوشا خلال اليومين الماضيين من معسكر الفريق الإعدادي للموسم المقبل المقام حاليا في تركيا على النواحي اللياقية المتنوعة، سعيا منه إلى رفع المعدل اللياقي للاعبيه، وإخضاعهم إلى تدريبات بالكرة في مساحات معينة تعتمد على الضغط على حامل الكرة.\n وأجرى المدرب تقسيمة على ثلثي الملعب طبق خلالها عددا من الجمل التكتيكية وفي نهاية التدريبات تم تقسيم اللاعبين إلى مجموعتين، ضمت الأولى المدافعين فيما ضمت الثانية لاعبي الوسط والمهاجمين، و طبقت كل مجموعة عددا من التدريبات التكتيكية الخاصة فيما خضع حراس المرمى لتدريبات خاصة مع مدرب الحراس. ",
    "date_extracted": "2015-08-06 01:24:38"
}