{
    "url": "http://www.alwatan.com.sa/Citizen_Journalist/News_Detail.aspx?ArticleID=230928&CategoryID=9",
    "title": "حديقة الطيور بالعثيم مول بريدة تجذب الزوار",
    "author": "",
    "content": " تتواصل بالعثيم مول بريدة فعالية حديقة الطيور التي انطلقت أخيرا وتستمر لمدة أسبوعين. وقد حظيت الفعالية باهتمام كبير من الزوار بمختلف الأعمار، حيث أتاحت لهم مشاهدة كثير من الطيور التي تميزت بجمال ألوانها وإشكالها عن قرب، وكذلك أخذ الصور التذكارية والتعرف على موطنها الأصلي، وذلك يوميا من بعد صلاة العصر وحتى الساعة 11 مساءً. وتضم الحديقة أنواعا متعددة وجاذبة من الطيور تم استجلابها من مختلف بلدان العالم منها \"الببغاء الأفريقي، والنعام الأسترالي، والديك الرومي، والطاووس، وطائر الكوكتيل، وطائر الزيبرا، وطائر الفيشر، وطائر السوان، وطائر المينا الإندونيسية، وطائر الوري، وببغاء الكوكاتو، وطائر الجاوا، وببغاء الاكلوتكس، والبلبل الروسي، والبلبل أبيض الخد، إلى جانب مجموعة من الطيور الصغيرة المغردة. ",
    "date_extracted": "2015-08-04 18:02:40"
}