{
    "url": "http://www.alwatan.com.sa/Culture/News_Detail.aspx?ArticleID=231126&CategoryID=7",
    "title": "فعاليات مسرحية توعوية من أجل مكة 4",
    "author": "‎مكة المكرمة: حسن الناصري ‎",
    "content": " يدشن أمين العاصمة المقدسة الدكتور أسامة فضل البار مساء اليوم مهرجان \"من أجل مكة 4\" التوعوي التفاعلي الترفيهي الذي تنظمه الأمانة بهدف غرس القيم النبيلة والحفاظ على النظام والشعور بالمسؤولية الاجتماعية، وذلك بحديقة الحسينية في حي العزيزية.\n وأوضح مساعد الأمين للعلاقات العامة والاتصال الدكتور سمير عبدالرحمن توكل أن مهرجان \"من أجل مكة 4\" التوعوي يهدف لتوعية أبناء المجتمع وحفظ أوقاتهم والاستفادة منها في النافع المفيد، والإسهام في تشجيع السياحة الوطنية، مبينا أن المهرجان يقام بالتعاون مع عدد من الجهات ويشتمل على عدد من البرامج والفعاليات التي تعزز من القيم الفاضلة.\n وكشف توكل أن المهرجان يشهد فعاليات مسرحية توعوية بقالب ترفيهي موجهة للأطفال عن طريق الفقرات المسرحية بالدمى والمنلوجات والألعاب، إضافة لفقرات خاصة بالكبار والمسابقات المتنوعة، مبينا أن المهرجان يقام في الحدائق العامة في مكة المكرمة أيام الخميس والجمعة والسبت من كل أسبوع لمدة أسبوعين. ",
    "date_extracted": "2015-08-06 08:27:39"
}