{
    "url": "http://www.alwatan.com.sa/Sports/News_Detail.aspx?ArticleID=231034&CategoryID=6",
    "title": "فيجورو يترك ليفربول",
    "author": "إنجلترا: رويترز",
    "content": " أعلن ليفربول الإنجليزي الممتاز لكرة القدم انتقال حارسه لورنس فيجورو إلى سويندون تاون المنتمي للدرجة الثالثة لمدة موسم واحد على سبيل الإعارة أمس.\n وكان فيجورو انضم إلى سويندون على سبيل التجربة، وخاض مباراة ودية أمام ليفربول خلال فترة الإعداد للموسم الجديد الأحد الماضي. وأكد ليفربول بموقعه على الإنترنت أن الحارس فيجورو (21 عاما) سيلتحق بزميليه جوردان وليامز وكيفن ستيوارت في سويندون تاون.\n \n   ",
    "date_extracted": "2015-08-06 01:24:18"
}