{
    "url": "http://www.alwatan.com.sa/Local/News_Detail.aspx?ArticleID=231095&CategoryID=5",
    "title": "600 لوحة إرشادية بشوارع الجوف",
    "author": "الجوف: عبدالرحمن البراهيم",
    "content": " فيما أقر رئيس اللجنة المحلية للانتخابات البلدية بالجوف، أمين المنطقة المهندس عجب القحطاني، 33 مركزا انتخابيا بالمنطقة، بلغ نصيب المراكز النسائية منها 12 مركزا في سكاكا والقريات ودومة الجندل وطبرجل وصوير والعيساوية وأبوعجرم والناصفة وزلوم والحديثة.\n وكشف رئيس اللجنة الإعلامية لانتخابات الجوف عبدالعزيز المشيطي في تصريح إلى \"الوطن\" ملامح الخطة الإعلامية للانتخابات التي بدأت أولى خطواتها فعليا بتركيب 600 لوحة إرشادية بمختلف المدن والمحافظات، تشتمل على الخطة الزمنية للانتخابات وأبرز التعليمات الواردة في لائحة الانتخابات، منها أن يكون عمر الناخب 18 عاما فأكثر، وصولا إلى اشتراط الهوية للناخبين والناخبات والمرشحين والمرشحات. وأضاف المشيطي أن اللجان بدأت تجهيز المقرات الانتخابية المعتمدة بأدوات مكتبية، إضافة للتقنيات الإلكترونية ومنها أجهزة الحاسب الآلي والإنترنت، وتركيب اللوحات الخاصة بالمراكز والمشتملة على رقم المركز والدائرة التابع لها. وكان اجتماع موسع ضم تسعة رؤساء للبلديات وتسعة منسقين تابعين لتلك البلديات عقد أول من أمس في مقر أمانة الجوف مع أمين المنطقة، تم خلاله شرح اللوائح والأنظمة الخاصة بقيد الناخبين والمرشحين ومتطلبات المراكز الانتخابية من قبل المنسق العام للجنة المحلية مساعد النبط، أعقبها استعراض الخطة الإعلامية وتقرير عمل اللجان، والإجابة عن كافة الاستفسارات المتعلقة بالعملية الانتخابية. من جانبه، شدد رئيس اللجنة المحلية للانتخابات البلدية على المتابعة اليومية لسير العمل، داعيا فريق العمل إلى بذل أقصى الجهود، لتتم عملية الانتخابات على أعلى المستويات من الدقة والنزاهة والشفافية. ",
    "date_extracted": "2015-08-06 01:23:17"
}