{
    "url": "http://www.alwatan.com.sa/Sports/News_Detail.aspx?ArticleID=231041&CategoryID=6",
    "title": "النخيل يتعاقد  مع بكيتا",
    "author": "بيشة: سلطان آل فاهدة",
    "content": " أنهت إدارة نادي النخيل برئاسة سياف المعاوي التعاقد مع طاقم تدريبي مصري لقيادة الفريق الأول لكرة القدم في النادي خلال منافسات دوري منطقة عسير والاستحقاقات المقبلة للفريق، ويقود الجهاز الفني الجديد المدرب محمد الجمل الملقب \"بكيتا\"، ويساعده هيثم يونس وعادل محمد مدربا للحراس وياسر عبدالفتاح أخصائي علاج طبيعي.\n كما نجحت إدارة النادي في التعاقد مع طاقم تدريبي تونسي للفئات السنية ضم خالد المساكني مدربا لفئة الشباب، ومحمد مسعود مدربا للناشئين.\n وتسعى إدارة النخيل من خلال تعاقدتها الجديدة إلى إعادة كرة القدم في النادي إلى الواجهة، بعد الغياب القصري عن المنافسة على بطولات منطقة عسير خلال السنوات الأخيرة.\n   ",
    "date_extracted": "2015-08-06 01:24:40"
}