{
    "url": "http://www.alwatan.com.sa/Sports/News_Detail.aspx?ArticleID=230912&CategoryID=6",
    "title": "الجبال يغربل خارطة نجران",
    "author": "نجران: سلطان دغمان",
    "content": " غربل مدرب الفريق الأول لكرة القدم في نادي نجران، التونسي فتحي الجبال خارطة فريقه، وطالب بتغييرات عدة في صفوف الفريق، والاستغناء عن خدمات مجموعة كبيرة من اللاعبين، يتوقع أن يكون البعض منهم مفاجأة للشارع النجراني.\n وكانت البداية باللاعب الأردني بهاء عبدالرحمن الذي أنهت إدارة النادي نجران عقده بالتراضي لعدم قناعة الجبال بما قدمه خلال الفترة الماضية، وتشير مصادر إلى أن رغبة اللاعب في الرحيل وعدم الاستمرار لأسباب مالية خلف فسخ عقده مع نجران، وربما يحل الإيفواري ممادو الذي يخوض تجربة ميدانية مع الفريق ضمن المعسكر الإعدادي في مدينة آفيون التركية بديلا له، فيما لا زال مصير المدافع السيراليوني سيمبو، الذي ربما يكون المغادر الثاني في حال تم إيجاد البديل الأفضل معلقا بيد مدرب الفريق، أو الاكتفاء بالمحترف الحالي الغاني كوبينا رغم عدم انضمامه للفريق حتى الآن والبحث عن مهاجم أجنبي.\n على صعيد اللاعبين المحليين، بات المدافع علي دبا القادم الجديد من نادي حطين أول الغادرين ولم يتم ضمه مع البعثة المغادرة إلى تركيا لأسباب فنية، إضافة إلى أسماء أخرى لم يتم الإفصاح عنها حتى الآن، وعلمت \"الوطن\" من مصادرها أن هناك ما لا يقل عن 4 لاعبين سيتم الاستغناء عنهم سواء بالإعارة أو المخالصة النهائية.\n ميدانيا، واصل نجران تدريباته اليومية خلال معسكره الإعدادي للموسم المقبل، والمقام حاليا في مدينة آفيون التركية، في ظل غياب الثلاثي حسين جليدان وجمعان الدوسري وسالم طارق للإصابة، فيما خضع واصل المهاجم عيسى المحياني لتمارين انفرادية بإشراف الجهاز الطبي. ",
    "date_extracted": "2015-08-04 17:56:55"
}