{
    "url": "http://www.alwatan.com.sa/Sports/News_Detail.aspx?ArticleID=231044&CategoryID=6",
    "title": "شركة طيبة ترعى الطائرة",
    "author": "الرياض: الوطن",
    "content": " وقع الاتحاد السعودي لكرة الطائرة عقد رعاية مع شركة خبراء طيبة المحدودة لرعاية أنشطة الاتحاد لمدة عاميين، وذلك في مقر الاتحاد بمجمع الأمير فيصل بن فهد الأولمبي بالرياض، بحضور رئيس الاتحاد فهد الحريشي والمدير التنفيذي للشركة هزاع العتيبي. \n وأبدى رئيس الاتحاد فهد الحريشي سعادته بتوقيع عقد الرعاية الذي سيحقق فوائد عدة لأنشطة وبرامج الاتحاد خلال المرحلة المقبلة، وتمنى المدير التنفيذي للشركة هزاع العتيبي أن تعود الشراكة على الاتحاد بالفائدة للارتقاء بالمستوى الفني للعبة، خصوصا أن كرة الطائرة تعد اللعبة الشعبية الثانية على مستوى العالم.\n من جهة أخرى، وقع رئيس الاتحاد فهد الحريشي عقدا مع المدرب الصربي رادو سلاف ومساعده فلادان للإشراف على تدريب المنتخب الأول لمدة عام، حيث سيبدأ المدرب مهمته في دورة الألعاب الخليجية الثانية التي تستضيفها المنطقة الشرقية.\n يذكر أنه سبق لسلاف أن أشرف على المنتخب عام 2006، وأبرز النتائج التي حققها في ذلك الوقت الميدالية البرونزية في دورة الأسياد، والميدالية الذهبية في البطولة الخليجية في قطر، والميدالية الفضية في البطولة العربية بالبحرين. ",
    "date_extracted": "2015-08-06 01:24:09"
}