{
    "url": "http://www.alwatan.com.sa/Local/News_Detail.aspx?ArticleID=230966&CategoryID=5",
    "title": "القصاص من قاتل بالشرقية",
    "author": "الأحساء: واس",
    "content": " نفذت وزارة الداخلية أمس حكم القصاص في قاتل بالمنطقة الشرقية. وأصدرت بيانا ذكرت فيه أن مقرب بن سعد بن علي الثنيان \"سعودي الجنسية\" أقدم على قتل طلال بن أحمد بن محمد الحمود \"سعودي الجنسية\"، وذلك بإطلاق النار عليه من مسدس لخلاف سابق بينهما. وأضاف البيان أنه تم القبض على الجاني المذكور، وأسفر التحقيق معه عن توجيه الاتهام إليه بارتكاب جريمته، وبإحالته إلى المحكمة العامة صدر بحقه صك شرعي يقضي بثبوت ما نسب إليه شرعا، والحكم عليه بالقتل قصاصا.\n وتم تنفيذ حكم القتل قصاصا في الجاني أمس بمحافظة الأحساء في المنطقة الشرقية.\n \n   ",
    "date_extracted": "2015-08-04 18:00:29"
}