{
    "url": "http://www.alwatan.com.sa/Sports/News_Detail.aspx?ArticleID=231042&CategoryID=6",
    "title": "بطولة جديدة لكرة الصالات",
    "author": "الأحساء: حسن بوجبارة",
    "content": " أوصت لجنة ألعاب كرة القدم في الاتحاد السعودي باستحداث بطولة مستقلة للعبة كرة قدم الصالات تحت إشراف اللجنة، تحمل مسمى كأس الرئيس العام لرعاية الشباب، تضاف إلى البطولة التصنيفية، ولمسابقة الدوري (الممتاز – الأولى).\n جاء ذلك خلال اجتماع اللجنة أول من أمس بمقر الاتحاد السعودي لكرة القدم في الرياض.\n وتم خلال الاجتماع مناقشة طلبات بعض الجهات لإقامة بطولات لكرة القدم الشاطئية، بعد أخذ موافقة الجهات الرسمية، تمهيدا لإقامتها قريبا، إضافة إلى مناقشة المواعيد المقترحة لتحديد المباريات المؤجلة لبطولة المناطق التصنيفية، وبرنامج المنتخب الوطني واستحقاقاته المقبلة.\n يذكر أن اللجنة من خلال توصيتها باستحداث بطولة الرئيس العام لرعاية الشباب تهدف إلى تحقيق كثير من المكاسب في تطور وانتشار اللعبة، مما يعود بالفائدة على كرة القدم السعودية بوجه عام، وكرة قدم الصالات بوجه خاص.\n   ",
    "date_extracted": "2015-08-06 01:24:11"
}