{
    "url": "http://www.alwatan.com.sa/Politics/News_Detail.aspx?ArticleID=231224&CategoryID=1",
    "title": "العيادات السعودية تخفف آلام السوريين في الزعتري",
    "author": "عمان: واس",
    "content": " إنفاذا لتوجيهات خادم الحرمين الشريفين الملك سلمان بن عبدالعزيز، ونائب خادم الحرمين الشريفين المشرف العام على الحملة الوطنية السعودية لنصرة الأشقاء السوريين الأمير محمد بن نايف بتقديم المساعدات الإنسانية والإغاثية للأشقاء السوريين، واصلت العيادات التخصصية التابعة للحملة استقبال المراجعين حيث استقبلت نحو 1600 حالة مرضية خلال أسبوعها 134 في مخيم الزعتري للاجئين بشرق الأردن.\n وتنوعت الحالات المرضية التي راجعت العيادات، حيث توزعت على 12 عيادة مختلفة، تعمل في مختلف المجالات الطبية، وتقدم خدماتها تحت رعاية أطباء متخصصين وذو كفاءة عالية.\n وأوضح المدير الفني للعيادات الدكتور محمد إسماعيل أن عيادة الطب العام سجلت أعلى نسبة مراجعين هذا الأسبوع، حيث وصل عدد المراجعين فيها إلى 410 مراجعا، قُدمت خلالها كل المستلزمات الطبية والعلاجية اللازمة، كما وصل عدد المراجعين لعيادة الأطفال إلى 393 حالة، وعيادة الجلدية المتخصصة 259 حالة.\n وأكد إسماعيل أن الصيدلية الطبية صرفت خلال الأسبوع ذاته 977 وصفة طبية، بينما أُجري أكثر من 180 تحليلا طبيا في المختبرات التابعة للعيادات، إضافة إلى 49 مراجعا لقسم الأشعة، مبينا أن الخدمات المقدمة تتميز بالدقة والاحترافية والمهنية العالية.\n وأبان المدير الإقليمي للحملة السعودية الوطنية لنصرة الأشقاء السوريين الدكتور بدر السمحان  أن الحملة تولي الخدمات الطبية المقدمة للأشقاء السوريين أهمية بالغة، وذلك من خلال التطوير الدائم والمستمر في التجهيزات الطبية، إضافة إلى زيادة ورفع مستوى الخدمات المقدمة لينعم الأشقاء السوريين برعاية صحية كاملة.\n ولفت الانتباه إلى تركيز الحملة على ضرورة اتخاذ الإجراءات الوقائية المسبقة بين اللاجئين ونشر التوعية الصحية لتلافي أخطار الأمراض السارية والمعدية، وذلك من خلال جلسات التوعية الصحية المتواصلة وذلك بتوجيهات كريمة من صاحب السمو الملكي الأمير محمد بن نايف بن عبدالعزيز آل سعود نائب خادم الحرمين الشريفين المشرف العام على الحملة.\n وقدّم السمحان شكره للشعب السعودي الكريم لما يقدمه من عطاء سخي وجهود جبارة لمساعدة اللاجئين السوريين وإعانتهم على العيش الكريم في أزمتهم التي يعانونها. ",
    "date_extracted": "2015-08-06 08:24:21"
}