{
    "url": "http://www.alwatan.com.sa/Sports/News_Detail.aspx?ArticleID=231036&CategoryID=6",
    "title": "الاتحاد الأوروبي يرفض معاقبة فريد",
    "author": "زوريخ: رويترز",
    "content": " رفض الاتحاد الأوروبي لكرة القدم احتجاجا من فناربخشة التركي على مشاركة لاعب الوسط الدولي البرازيلي فريد مع شاختار دونيتسك الأوكراني في مباراة انتهت بالتعادل في تصفيات دوري أبطال أوروبا رغم مزاعم عن مخالفة اللاعب قواعد المنشطات. وقال متحدث باسم الاتحاد الأوروبي \"الاحتجاج قوبل بالرفض\".\n وقرر مدرب شاختار ميرسيا لوسيسكو إشراك فريد منذ البداية في لقاء ذهاب الدور الثالث بتصفيات دوري الأبطال الثلاثاء الماضي في مباراة انتهت بالتعادل بدون أهداف رغم اعترافه أن النادي تلقى نصيحة من الاتحاد الأوروبي بعدم إشراك اللاعب.\n وأكد الاتحاد البرازيلي الجمعة الماضي سقوط فريد في اختبار المنشطات خلال كأس كوبا أميركا التي أقيمت في تشيلي. ولم يعلن اتحاد أميركا الجنوبية حتى الآن عن أي عقوبة ضد اللاعب كما لم يصدر تعليقا على الأمر.\n واعترف لوسيسكو بأنه خالف رغبة الاتحاد الأوروبي عندما أشرك فريد رغم علمه باحتمال تعرضه للإيقاف، مبررا ذلك بعدم تسلم أي تأكيد رسمي موثق وباكتفاء الاتحاد الأوروبي بتقديم توصية شفهية. وستقام مباراة العودة في مدينة لفيف الأوكرانية الأربعاء المقبل.\n وشارك فريد في التشكيلة الأساسية لبلاده في أول مباراتين بالبطولة التي أقيمت بين شهري يونيو ويوليو الماضيين عندما فاز الفريق 2/ 1 على بيرو ثم خسر 1/ صفر أمام كولومبيا. لكن فريد غاب عن المباراة الثالثة التي انتهت بالفوز 2/ 1 على فنزويلا، كما ابتعد عن الخسارة في دور الثمانية أمام باراجواي. ",
    "date_extracted": "2015-08-06 01:24:15"
}