{
    "url": "http://www.alwatan.com.sa/Sports/News_Detail.aspx?ArticleID=230902&CategoryID=6",
    "title": "الدراجات النارية تجذب زوار الحبلة",
    "author": "الحبلة: مسعود آل معيض",
    "content": " تحت زخات المطر شارك 30 شابا في فعاليات الدراجات النارية بمتنزة الحبلة، والتي تقع ضمن فعاليات المتنزه.\n وأوضح مدير فعاليات الحبلة إبراهيم مسفر أن فريق الدراجات النارية الذي بلغ عدد أفراده 30 دراجا ناريا وصل إلى الحبلة وتم استقبالهم وعمل لقاءات معهم وجوائز لقائدي فريق رواد مكة وفريق أبها. والسحب على جائزتين لبقية الدراجين.\n وأشار إلى أن الفريق قام بمسيرة شباب الوطن إلى أبها، وسط الأمطار، وخطف أنظار المتنزهين والسياح.\n وأثنى مسفر على الجهات المشرفة على الفعاليات وعلى رأسهم محافظ أحد رفيدة سعيد بن دلبوح، ورئيس مركز الواديين محمد بدوي، اللذين بذلا جهدا لإنجاح هذه الفعاليات، إضافة إلى الجهات الأخرى التي كان لها الدور الفعال.\n يذكر أن الفعاليات التي تحظى بها الحبلة تقع ضمن برنامج فعاليات صيف محافظة أحد رفيدة، التي تنظم عددا من الفعاليات الرياضية الأخرى كرياضة التسلق بجوار تلفريك الحبلة، التحجير، الفروسية، سباق اختراق الضاحية. ",
    "date_extracted": "2015-08-04 18:01:42"
}