{
    "url": "http://www.alweeam.com.sa/348366/واشنطن-تحيل-الاتفاق-النووي-مع-إيران-إل/",
    "title": "واشنطن تحيل الاتفاق النووي مع إيران إلى الكونغرس",
    "author": "واشنطن -الوئام:",
    "content": " أحالت إدارة الرئيس الأمريكي باراك أوباما اتفاق إيران النووي إلى الكونغرس حيث من المقرر أن يخضع لمراجعة مدتها60 يومًا. وقال المتحدث باسم وزارة الخارجية الأمريكية جون كيربي إن الاتفاق النووي الذي أبرم يوم الثلاثاء بين إيران والقوى العالمية الست قد أرسل إلى الكونغرس للنظر فيه وفقًا لما يقتضيه القانون. وأضاف إنه “بناء على ذلك فإن اليوم الأول لفترة المراجعة التي تستغرق 60 يومًا تبدأ غدًا الاثنين الموافق 20 يوليو”. رابط الخبر بصحيفة الوئام: واشنطن تحيل الاتفاق النووي مع إيران إلى الكونغرس ",
    "date_extracted": "2015-07-21 02:18:46"
}