{
    "url": "http://www.alweeam.com.sa/348217/مصرع-2-ونقل-ثالثهما-بإصابة-خطرة-للمستشف/",
    "title": "مصرع امرأتين ونقل السائق بإصابة للمستشفى بحادث ببريدة",
    "author": "بريدة – الوئام - خالد المرشود :",
    "content": " لقيت امرأتان مصرعهما وأصيب السائق بإصابات خطيرة مساء اليوم السبت في حادث على طريق الملك فهد أعلى كوبري حي المنار نتج عنه احتراق عدة سيارات.\n وأوضح المتحدث الرسمي لهيئة الهلال الأحمر السعودي بمنطقة القصيم محمد بن عبد الله الجعيثن أن امرأتين لقيتا حتفهما بالحادث فيما نقل السائق بحالة خطرة إلى مستشفى برج بريدة المركزي وباشر الحادث فرقة إسعاف وفرقة التدخل السريع. رابط الخبر بصحيفة الوئام: مصرع امرأتين ونقل السائق بإصابة للمستشفى بحادث ببريدة ",
    "date_extracted": "2015-07-21 02:17:11"
}