{
    "url": "http://www.alweeam.com.sa/348320/حكومة-اليمن-قوات-الحوثي-تقصف-عدن-وتقتل/",
    "title": "حكومة اليمن: قوات الحوثي تقصف عدن وتقتل 43 مدنياً",
    "author": "الوئام - رويترز:",
    "content": "  قالت وزارة الصحة التابعة للحكومة اليمنية التي تمارس عملها من الخارج إن 43 شخصا قتلوا وأصيب 173 اليوم الأحد عندما قصفت جماعة الحوثي والقوات الموالية للرئيس السابق علي عبد الله صالح مدينة عدن وذلك بعد يومين من الاعلان عن تحرير المدينة. واستمرت الاشتباكات في دار سعد وصبر وفي منطقة المعاشيق بمديرية كريتر في شمال عدن حيث يواصل مقاتلون محليون بدعم من الحكومة التي تمارس عملها من الرياض وتحالف تقوده السعودية الجهود للسيطرة على الاجزاء المتبقية من عدن. وكانت تلك القوات وقوات الجيش اليمني الموالية للرئيس عبد ربه منصور هادي الذي يقيم في السعودية سيطرت على مطار عدن وعلى مناطق رئيسية اخرى في تقدم مفاجئ الأسبوع الماضي أنهى حالة الجمود التي استمرت في المدينة على مدار أشهر. وجاء تقدمهم بمساعدة جهود خليجية لتدريب وتزويد جنود الجيش اليمني الموالين لهادي بالعتاد ونقلهم إلى عدن ثاني أكبر المدن اليمنية والتي يوجد بها الميناء الرئيسي. وتدعم الضربات الجوية التي ينفذها التحالف منذ نحو أربعة أشهر المقاتلين المحليين في عدن. رابط الخبر بصحيفة الوئام: حكومة اليمن: قوات الحوثي تقصف عدن وتقتل 43 مدنياً ",
    "date_extracted": "2015-07-21 02:18:52"
}