{
    "url": "http://www.alweeam.com.sa/348423/رفع-العلم-الكوبي-على-الخارجية-الأميرك/",
    "title": "رفع العلم الكوبي على الخارجية الأميركية وسفارة هافانا بواشنطن",
    "author": "الوئام - ا ف ب:",
    "content": " رفع العلم الكوبي، اليوم الاثنين، على مبنى وزارة الخارجية الاميركية مع الاستئناف التاريخي للعلاقات الدبلوماسية بين هافانا وواشنطن بعد سنوات من العداء بين البلدين. وأضيف العلم الكوبي الاحمر والابيض والازرق الى اعلام الدول الاخرى المرفوعة عند مدخل المبنى في العاصمة الاميركية. كما رفع العلم في مقر البعثة الدبلوماسية الكوبية في واشنطن التي استعادت الاثنين وضع السفارة لأول مرة منذ 1961. واعيدت العلاقات الدبلوماسية بين البلدين في تمام الساعة 00,01 تغ ليل الاحد الاثنين، كما استعادت شعبة المصالح الاميركية في هافانا وضع السفارة الاثنين على ان تجري مراسم رفع العلم الاميركي خلال زيارة لوزير الخارجية جون كيري مرتقبة في الاسابيع المقبلة. وسيستقبل كيري الاثنين نظيره الكوبي برونو رودريغيز لإجراء محادثات في واشنطن كما سيترأس الوزير الكوبي حفلا يجري في السفارة الكوبية على مقربة من البيت الابيض. وأعلنت الولايات المتحدة كوبا في 17 كانون الاول/ديسمبر عزمهما على تطبيع العلاقات بينهما.   رابط الخبر بصحيفة الوئام: رفع العلم الكوبي على الخارجية الأميركية وسفارة هافانا بواشنطن ",
    "date_extracted": "2015-07-21 02:18:12"
}