{
    "url": "http://www.alweeam.com.sa/348500/جوازات-القصيم-تستأنف-استقبال-اليمنيي/",
    "title": "جوازات القصيم تستأنف استقبال اليمنيين الراغبين بتصحيح أوضاعهم اليوم",
    "author": "بريدة - الوئام - خالد المرشود:",
    "content": " تستأنف جوازات منطقة القصيم في مراكز تصحيح أوضاع الأشقاء اليمنيين بالمنطقة استقبالهم بمقر اللجان بجوازات القصيم ببريدة وشعبتي الرس وعنيزة وذلك اعتبارا من اليوم الاثنين 4/10/1436 وسيستمر استقبالهم حتى نهاية الشهر في الفترة الصباحية .\n أوضح ذلك الناطق الإعلامي بجوازات القصيم الرائد حماد المطيري والذي أكد أن الأشقاء اليمنيين ممن تنطبق بحقهم شروط الحصول على هوية زائر، إلى سرعة الاستفادة من التوجيه السامي الكريم واستيفاء جميع متطلبات التصحيح، والتي يمكن الاطلاع عليها من خلال زيارة موقع المديرية العامة للجوازات الإلكتروني. رابط الخبر بصحيفة الوئام: جوازات القصيم تستأنف استقبال اليمنيين الراغبين بتصحيح أوضاعهم اليوم ",
    "date_extracted": "2015-07-21 02:16:31"
}