{
    "url": "http://www.alweeam.com.sa/348509/الدفاع-المدني-بالعاصمة-المقدسة-يسيطر/",
    "title": "الدفاع المدني بالعاصمة المقدسة يسيطر على حريق نشب بمستودع لقطع الغيار",
    "author": "مكة - الوئام :",
    "content": " تمكنت تسع فرق إطفاء وإنقاذ من إدارة الدفاع المدني بالعاصمة المقدسة من المساهمة في إخماد حريق شب بمستودع لقطع الغيار.\n وأوضح المتحدث باسم الدفاع المدني بمنطقة مكة المكرمة العقيد سعيد سرحان أن بلاغًا وررد لمركز التحكم والسيطرة يفيد بنشوب حريق بمستودع على طريق الخواجات جنوب شرق العاصمة المقدسة ، وعملت فرق الدفاع المدني على مكافحة الحريق من عدت جهات مستخدمة مادة الرغاوي في عمليات الإطفاء وأن سيارة السلالم شاركت في المكافحة من ارتفاعات مختلفة بهدف تسليط المياه على مواقع محددة بوسط الحريق.\n وأفاد أن مساحة الحريق تصل أبعادها الى25 في 84م2 ، مبينًا أن المواد المخزنة في المستودع تحتوي على قطع غيار ومواد بلاستيكية ودهان ، مما ساعد على انتشار الحريق وتصاعد سحب كثيفة من الأدخنة في سماء منطقة الحادث.\n وأشار إلى أنه لم ينتج عن الحادث أي إصابات أو خسائر بالأرواح ولله الحمد ، والتحقيقات لازالت جارية لمعرفة اسباب الحريق. رابط الخبر بصحيفة الوئام: الدفاع المدني بالعاصمة المقدسة يسيطر على حريق نشب بمستودع لقطع الغيار ",
    "date_extracted": "2015-07-21 02:16:26"
}