{
    "url": "http://www.alweeam.com.sa/348397/رجل-يطلق-النار-ويصيب-خمسة-بينهم-سائح-في/",
    "title": "رجل يطلق النار ويصيب خمسة بينهم سائح في إسطنبول",
    "author": "الوئام -- دب أ :",
    "content": " فتح رجل النار فجر اليوم الاثنين في شارع الاستقلال، أهم شارع في مدينة إسطنبول التركية، مما أسفر عن إصابة خمسة أشخاص بينهم سائح. وذكرت وكالة دوجان الإخبارية أنه يبدو أن الرجل كان يتشاجر مع مجموعة من الأشخاص عندما أطلق النار. يشار إلى أن أربعة من المصابين كانوا متورطين في الشجار، وتحقق الشرطة التركية في سبب الواقعة، وقد تم نقل المصابين للمستشفى. رابط الخبر بصحيفة الوئام: رجل يطلق النار ويصيب خمسة بينهم سائح في إسطنبول ",
    "date_extracted": "2015-07-21 02:18:22"
}