{
    "url": "http://www.alweeam.com.sa/348107/بالصور-فريق-ابتسموا-التطوعي-يضيء-عي/",
    "title": "بالصور..فريق «ابتسموا» التطوعي يضيء عيد الصنيدلي بطريقة شبابية مفاجئة",
    "author": "الشقيق-الوئام:",
    "content": " فاجأ فريق ابتسموا الاجتماعي والتطوعي المصلين في مسجد العيد في قرية الصنيدلي التابعة لمركز الشقيق في محافظة الدرب بإعداده حفل معايدة اجتماعي لكلّ المصلين، وكذلك تجهيز مصلى العيد بطريقة لم يعتدها المكان من قبل. وتبدأ التفاصيل من فكرة انطلقت من مجموعة من شباب القرية بقيادة موسى يحيى مجردي لتهيئة مصلى العيد، وتقديم فكرة تطوعية اجتماعية جديدة تضيف شيئاً من البهجة على صباح العيد، وتكسر الروتين الدائم، وتحقق تكافلاً اجتماعياً كبيراً. وبدأت الجهود والأفكار والتخطيط مع العشر الأواخر من رمضان، حيث تم تمهيد المصلى وإزالة الكثبان، وفرشه لأول مرة، وإعداد طاولة طعام تضمّ التمر والقهوة والحلويات والمعجنات والعصائر، وهو العمل الأول لفريق ابتسموا الاجتماعي والتطوعي، والتي تأتي في الحين ذاته كإعلان عن تأسيسه وانطلاقته بقيادة وأفكار شبابية تطوعية، وجاءت ثاني المبادرات بزيارة كبار السن في صباح العيد وتقديم إهداءات لهم، مواكبة لبهجة العيد وفرحته وجماله.\n أعضاء الفريق أكدوا أنهم سيخططون لمبادرات إنسانية واجتماعية تطوعيةٍ أكثر في القريب القادم، ويرحبون بكل صاحب فكرة أو حماس للانضمام إليهم، من أجل خدمة مجتمعهم وإنسانه. رابط الخبر بصحيفة الوئام: بالصور..فريق «ابتسموا» التطوعي يضيء عيد الصنيدلي بطريقة شبابية مفاجئة ",
    "date_extracted": "2015-07-21 02:17:32"
}