{
    "url": "http://www.alweeam.com.sa/348114/أمير-مكة-المكرمة-يستقبل-المهنئين-بعيد/",
    "title": "أمير مكة المكرمة يستقبل المهنئين بعيد الفطر",
    "author": "جده- الوئام -حجب العصيمي :",
    "content": " رفع مستشار خادم الحرمين الشريفين أمير منطقة مكة المكرمة صاحب السمو الملكي الأمير خالد الفيصل التهنئة للقيادة وعلى رأسها خادم الحرمين الشريفين الملك سلمان بن عبدالعزيز – يحفظه الله – بمناسبة عيد الفطر المبارك ونجاح موسم العمرة خلال شهر رمضان. وثمن الأمير خالد الفيصل الجهود التي بذلتها كافة أجهزة الدولة لتوفير الخدمات والتسهيلات لزوار بيت الله الحرام. \n جاء ذلك خلال استقبال سموه البارحة المهنئين بعيد الفطر ، وكان في مقدمتهم عدداً من أصحاب السمو الأمراء، ومسؤولي الأجهزة الحكومية، والقطاعات العسكرية، ووجهاء وأعيان منطقة مكة المكرمة وعدد كبير من المواطنين. \n وبادل الأمير خالد الفيصل، المهنئين أصدق التهاني والتبريكات بهذه المناسبة، سائلاً الله أن يحفظ لهذا الوطن قيادته، وأن يتم عليه نعمة الإسلام والأمن والأمان، وأن يتقبل من الجميع صيامهم وصالح الأعمال. حضر الاستقبال صاحب السمو الملكي الأمير بندر بن خالد الفيصل ، وصاحب السمو الملكي الأمير سلطان بن خالد الفيصل ، وصاحب السمو الملكي الأمير سعود بن خالد الفيصل. رابط الخبر بصحيفة الوئام: أمير مكة المكرمة يستقبل المهنئين بعيد الفطر ",
    "date_extracted": "2015-07-21 02:17:31"
}