{
    "url": "http://www.alweeam.com.sa/348209/بالصور-معايدة-المرضى-المنومين-بمدينة/",
    "title": "بالصور.. معايدة المرضى المنومين بمدينة الملك سعود الطبية",
    "author": "الرياض - الوئام - تصوير : راشد ناصر آل قنيعير",
    "content": " تواصلت فعاليات العيد بمدينة الملك سعود الطبية، حيث قام المشرف العام التنفيذي بالإنابة الدكتور هيثم الفلاح، بجولة معايدة على المرضى المنومين ورافقه عدد من موظفي العلاقات العامة والخدمة الاجتماعية بتوزيع الهدايا والورود على المرضى، حيث قدم التهنئة للمرضى بهذه المناسبة وتفقد أحوالهم والخدمات الطبية المقدمة لهم.\n وأكد د. الفلاح أن مدينة الملك سعود الطبية تحرص دائماً على الجانب الروحي لترفيه المرضى، مبينا أن هذا جزء من الخطة العلاجية وفعاليات المدينة ليست فقط في الأعياد وإنما لدينا أكثر من نشاط متنوع للمرضى المنومين هدفنا من ذلك رسم البسمة على شفاه المرضى وهذا أقل ما نقدمه لهم.\n وأشار د. الفلاح إلى أن الكادر الطبي والفني والإداري، في أقسام الإسعاف والطوارئ بـ”المدينة” يواصل عمله خلال عطلة العيد بشكل يومي وعلى مدار الـ24 ساعة لاستقبال الحالات المرضية والحرجة، وتقديم الخدمة العلاجية المناسبة لهم.\n وأضاف د. الفلاح أن مدينة الملك سعود الطبية ترحب بكافة القطاعات الحكومية والخاصة وأيضاً التطوعية للتعاون معها بكل نشاط يخدم المرضى وذلك عبر التنسيق والتواصل مع الزملاء في إدارة العلاقات العامة والإعلام سائلين العلي القدير أن يمتع الجميع بوافر الصحة والعافية . رابط الخبر بصحيفة الوئام: بالصور.. معايدة المرضى المنومين بمدينة الملك سعود الطبية ",
    "date_extracted": "2015-07-21 02:17:28"
}