{
    "url": "http://www.alweeam.com.sa/348011/الهذيلي-يعايد-مرضى-تخصصي-خالد-للعيو/",
    "title": "«الهذيلي» يعايد مرضى تخصصي خالد للعيون",
    "author": "الرياض-الوئام:",
    "content": " قام الأستاذ عبدالعزيز بن محمد الهذيلي مدير المراسم والعلاقات العامة والإعلام بمستشفى الملك خالد التخصصي للعيون في أول أيام عيد الفطر المبارك بزيارة للمرضى المنوّمين وذلك لمعايدتهم والإطمئنان عليهم، وتوزيع باقات الزهور وحلوى العيد وكذلك الألعاب لصغار المرضى، متمنياً لهم الصحة والعافية وأن يشاركوا أهلهم وذويهم فرحة العيد في القريب العاجل. وقد أبدى المرضى سعادتهم بهذه الزيارة وهم يرفعون أكفّهم بالدعاء ودوام الصحة والعافية لخادم الحرمين الشريفين ولسمو ولي عهده الأمين – حفظهم الله، لما وفرته الدولة لهم من عناية وخدمة طبية فائقة في هذا الصرح الطبي المتميز. وقد نوَّه الهذيلي إلى أهمية التواصل بين كافة أفراد المجتمع كما أمرنا بذلك ديننا الحنيف، خاصةً مع المرضى الذين يرقدون على الأسرّة البيضاء لإشعارهم ومشاركتهم هذه المناسبة السعيدة، ممّا يدخل البهجة والسرور عليهم.وقد شارك في الجولة من المراسم والعلاقات العامة والإعلام كل من الأستاذ معتصم بن محمد العمار أخصائي المراسم، والأستاذ ياسر العتيبي موظف العلاقات العامه وكذلك الاستاذ عبدالمحسن احمد فقيهي من قسم التغذية . رابط الخبر بصحيفة الوئام: «الهذيلي» يعايد مرضى تخصصي خالد للعيون ",
    "date_extracted": "2015-07-21 02:17:38"
}