{
    "url": "http://www.alweeam.com.sa/348295/الخارجية-الأمريكية-الكونجرس-تسلم-اتف/",
    "title": "الخارجية الأمريكية: الكونجرس تسلم اتفاق ايران النووي",
    "author": "الوئام - رويترز:",
    "content": " قالت وزارة الخارجية الأمريكية إنها أحالت إلى الكونجرس اليوم الأحد الاتفاق النووي الذي تم التوصل اليه الأسبوع الماضي بين ايران والقوي العالمية الست بما في ذلك الملاحق والمواد ذات الصلة. وأمام أعضا الكونجرس 60 يوما لمراجعة الاتفاق. وذكرت الوزارة في بيان أن فترة الستين يوما تبدأ غدا الاثنين 20 يوليو تموز. رابط الخبر بصحيفة الوئام: الخارجية الأمريكية: الكونجرس تسلم اتفاق ايران النووي ",
    "date_extracted": "2015-07-21 02:19:47"
}