{
    "url": "http://www.alweeam.com.sa/348511/تكدس-السيارات-بـ-جسر_الملك_فهد-بسبب-انق/",
    "title": "تكدس السيارات بجسر الملك فهد بسبب انقطاع الكهرباء",
    "author": "الدمام - الوئام :",
    "content": " يشهد جسر الملك فهد الذي يربط المملكة العربية السعودية بمملكة البحرين في المسار المتجه إلى البحرين انقطاعا في الكهرباء.\n ورصد العديد من المسافرين صوراً لكبينة الجوازات وهي مظلمة دون كهرباء إضافة إلى تكدس السيارات على الجسر مما سبب ارتباكاً كبيراً على الجسر. رابط الخبر بصحيفة الوئام: تكدس السيارات بجسر الملك فهد بسبب انقطاع الكهرباء ",
    "date_extracted": "2015-07-21 02:16:24"
}