{
    "url": "http://www.alweeam.com.sa/348268/اسـلام-145-امرأة-بشمـال-الرياض/",
    "title": "اسـلام «145» امرأة بشمـال الرياض",
    "author": "الرياض-الوئام:",
    "content": " نفذ القسم النسائي بالمكتب التعاوني للدعوة والارشاد وتوعية الجاليات بشمال الرياض عدد من البرامج والفعاليات خلال شهر رمضان اشتملت على حملة هدايا العاملات بالمشاغل النسائية بأحياء بشمال الرياض التي في نطاق حدود المكتب. واوضحت مديرة القسم النسائي الاستاذة منى بنت ناصر الخالدي ان الحملة تستهدف تعريف العاملات في بالدين الاسلامي وفضائله والحكمة من شهر رمضان ومزاياها، واشعار العاملات بأن المجتمع يقدرهن ويحبهن وتستهدف الحملة زيارة ١٧٠ مشغل يعمل بها ١١٢٠ عاملة. واردفت ان القسم النسائي بالمكتب نجح بحمد الله خلال شهر رمضان من تحقيق عدد من الانجازات حيث أسلم ١٤٥ امرأة من الفلبين، وسيرلانكا، وكينيا، وأثيوبيا، والهند. وحضر ١٢٥ مسلمة جديدة في دروس المتابعة وتم طرح مسابقة (أحسن الحديث) باللغة العربية والإنجليزية في شبكات التواصل الإجتماعي. كما تمت زيارة 162 مشغل نسائي نهاية دوام يوم الثلاثاء 27/9/1436هـ، وتوزيع 1193 هدية رمضانية على موظفات 97 مشغل. و زيارة 20 مستشفى ومركز صحي وتقديم (هديتنا إليك). وإرسال 3407 رسالة نصية باللغة العربية والإنجليزية وتجهيز 1500 هدية معايدة لممرضات المستشفيات وموظفات المشاغل النسائية وتوزيع 2973 كتاب ومادة دعوية. رابط الخبر بصحيفة الوئام: اسـلام «145» امرأة بشمـال الرياض ",
    "date_extracted": "2015-07-21 02:17:25"
}