{
    "url": "http://www.alweeam.com.sa/348027/مهرجان-بسمة-العيد-ينطلق-غداً-في-الأفلا/",
    "title": "مهرجان بسمة العيد ينطلق غداً في الأفلاج",
    "author": "الأفلاج ـ الوئام:",
    "content": " يرعى محافظ الأفلاج الأستاذ حمد بن مشنان آل مبارك حمد مغرب غداً السبت، انطلاق فعاليات مهرجان بسمة عيد الذي تنظمه الرئاسة العامة لرعاية الشباب بالتعاون مع نادي التوباد في محافظة الأفلاج. وأكد القائمون على المهرجان المقام في حديقة سحاب بالمحافظة أن فعاليات المهرجان سوف تستمر يومين تتنوع فيها البرامج والفعاليات والمسابقات التي رصدت لها جوائز عينية قيمة، كما يصاحب الاحتفال أمسيات شعرية وشيلات إنشادية وفنون حرفية متنوعة. فيما وجه القائمون على المهرجان دعوة عامة لكافة الأهالي لحضور الاحتفال. رابط الخبر بصحيفة الوئام: مهرجان بسمة العيد ينطلق غداً في الأفلاج ",
    "date_extracted": "2015-07-21 02:17:36"
}