{
    "url": "http://www.alweeam.com.sa/348365/مقتل-مدير-منفذ-بنغازي-البحري-جراء-الاش/",
    "title": "مقتل مدير منفذ بنغازي البحري جراء الاشتباكات في منطقة الليثي",
    "author": "طرابلس -الوئام:",
    "content": " قتل مدير منفذ مدينة بنغازي البحري العقيد عبد الله محمد عبد المولى السعيطي جراء الاشتباكات الدائرة في منطقة الليثي بالمدينة.\n ونعت وزارة الداخلية الليبية في بيان اليوم السعيطي قائلة : ” إنه قدم نفسه أثناء تأدية واجبه الوطني, بمحور الليثي الذي شهد أشد المعارك الأيام الماضية”, مضيفة أن هذا لن يثني رجال الشرطة عن تأدية واجباتهم الوطنية. ولم يذكر البيان أي تفاصيل عن الحادثة, غير أن مدينة بنغازي تشهد اشتباكات في العديد من محاورها ; مما أدى إلى سقوط أعداد كبيرة من المدنيين والعسكريين,إضافة إلى تعرض ضباط وصحفيين وسياسيين ونشطاء للاغتيال. رابط الخبر بصحيفة الوئام: مقتل مدير منفذ بنغازي البحري جراء الاشتباكات في منطقة الليثي ",
    "date_extracted": "2015-07-21 02:18:47"
}