{
    "url": "http://www.alweeam.com.sa/348462/إنريكي-هذا-ما-يحتاجه-ميسي-وسنحصد-المزي/",
    "title": "إنريكي: هذا ما يحتاجه ميسي وسنحصد المزيد",
    "author": "برشلونة-الوئام:",
    "content": " فسر المدير الفني لنادي برشلونة «لويس إنريكي» سبب استبعاد النجم الأرجنتيني ليونيل ميسي عن بعثة الفريق فور الوصول لمدينة لوس أنجلوس الأميركية في ساعة مبكرة من صباح اليوم الاثنين لخوض المرحلة التحضيرية للموسم الجديد. وافتتح بطل الثلاثية الثانية في تاريخ برشلونة، حديثه عن ميسي حين أكد على حاجته الماسة للراحة في فترة ما قبل بداية المباريات الرسمية حيث خاض كأس العالم 2014 ثم كوبا أميركا 2015 في غضون سنة واحدة مع المنتخب الأرجنتيني. وأضاف «ليس هنا لأنه يحتاج لعطلة، قد تبدو طاقته لا تنتهي، لكن حتى ميسي بحاجة للراحة في بعض الأحيان، أنا أفضل عدم قيامه بهذه الجولة التي ستكون سلبياتها أكثر من ايجابياتها». وتابع «من دواعي سروري المجيء إلى دولة مثل الولايات المتحدة، لكن هناك بعض الصعوبات التي تواجهنا من أجل الوصول مثل تأثير الرحلات الجوية الطويلة، ليست مثالية بالنسبة لنا». وأوضح «نستطيع القيام بنفس الأعمال في إسبانيا، وتنفيذ الدورات التدريبية نفسها، لكن مرة أخرى أحب أن أشيد بالمشاركة في منافسات ودية من هذا القبيل وسنحاول خلالها استعادة قوتنا». وعانق إنريكي دوري أبطال أوروبا والدوري الإسباني وكأس ملك إسبانيا في عام 2015، وسيواجه في الفترة القادمة مجموعة من الاختبارات في كأس سوبر أوروبا ثم كأس سوبر إسبانيا ثم كأس العالم للأندية في اليابان. وسئل عن تخطيطه للمرحلة القادمة فأجاب «سأجعل الموسم المقبل موسمًا تاريخيًا، أود حصد ثلاث جوائز أخرى هذا العام». رابط الخبر بصحيفة الوئام: إنريكي: هذا ما يحتاجه ميسي وسنحصد المزيد ",
    "date_extracted": "2015-07-21 02:16:35"
}