{
    "url": "http://www.alweeam.com.sa/348301/العثور-على-جثة-متعفنة-لطفلة-في-طوارئ-م/",
    "title": "العثور على جثة متعفنة لطفلة في &#8220;طوارئ&#8221; مستشفى الششة بمكة",
    "author": "مكة ـ الوئام ـ محمد السويهري:",
    "content": " وجهت الشؤون الصحية بمنطقة مكة المكرمة بتشكيل لجنة للتحقيق وبشكل عاجل بعد العثور يوم أمس على طفلة متوفاة في طوارئ مستشفى الملك فيصل بالششة من يوم الاثنين الماضي والموافق 26 رمضان.\n إذ إن أحد العاملين بالمستشفى تفاجأ بصدور رائحة كريهة وبعد البحث تم العثور على الجثة قد مضى عليها عدة أيام، وعلى الفور تم إبلاغ الجهات الأمنية بالعاصمة المقدسة ممثلة بقسم شرطة القرارة.\n وقد أوضح المتحدث الرسمي بصحة منطقة مكة المكرمة عبد الوهاب شلبي أنه تم تشكيل لجنة عاجلة بتوجيه من مدير عام الشؤون الصحية بمنطقة مكة المكرمة الدكتور مصطفى بلجون للتحقيق ومحاسبة المتسببين وتم التنسيق مع مدير شرطة القرارة لاستكمال الإجراءات النظامية مع الطب الشرعي.\n يذكر أنه تم إحضارها للمستشفى متوفاة منذ ما يقارب النصف ساعة بالمنزل وتم استقبال الحالة ومعاينتها مباشرة واستدعاء الأطباء المناوبين واتضح أنها متوفاة منذ فترة ووجود عيوب خلقية بها، ولم يتم إكمال إجراءاتها الرسمية من قبل ذويها، إذ تبين أن إقامتهم غير نظاميه وليس لها أي إثبات رسمي. رابط الخبر بصحيفة الوئام: العثور على جثة متعفنة لطفلة في “طوارئ” مستشفى الششة بمكة ",
    "date_extracted": "2015-07-21 02:17:02"
}