{
    "url": "http://www.alweeam.com.sa/347009/جمعية-البر-بجدة-تستقبل-زكاة-الفطر-عبر-1500/",
    "title": "جمعية البر بجدة تستقبل زكاة الفطر عبر 1500 نقطة ميدانية",
    "author": "جدة - الوئام - حسين العبادي :",
    "content": " دشنت جمعية البر بجدة مؤخرًا 1500 نقطة ميدانية في مختلف أنحاء محافظة جدة لاستقبال زكاة الفطر ضمن حملتها تحت شعار ” وكلنا وتفرغ للعشر” ومشاريعها الموسمية الرمضانية “نور حياتهم وساهم في رعايتهم” بعد حصولها على توكيل خطي من الأسر الفقيرة والمحتاجة والأيتام. وأكدت الجمعية أن مشروع زكاة الفطر يستفيد منه 80 ألف محتاج بجدة وما حولها بحيث يتم تسليمها في وقتها الشرعي عادة النقاط الميدانية لاستقبال الزكاة هدف للتسهيل على المزكين للمشاركة في مشروع زكاة الفطر الذي يعتبر أحد المشروعات التي تقوم بها الجمعية كل عام عبر فروعها المنتشرة في أحياء مدينة جدة . وأوضح رئيس مجلس إدارة الجمعية مازن بن محمد بترجي أن الجمعية حصلت على توكيل خطي من الأسر الفقيرة والمحتاجة والأيتام لكي تستقبل الجمعية الزكاة وتسلمها لهم في وقتها الشرعي من قبل الجمعية وتوزع على المستفيدين قبل صلاة العيد عن طريق المندوبين والمكاتب بمحافظة جدة وبعض القرى المجاورة. رابط الخبر بصحيفة الوئام: جمعية البر بجدة تستقبل زكاة الفطر عبر 1500 نقطة ميدانية ",
    "date_extracted": "2015-07-21 02:17:52"
}