{
    "url": "http://www.alweeam.com.sa/348227/طائرات-امريكا-والتحالف-تنفذ-23-غارة-ضد/",
    "title": "طائرات امريكا والتحالف تنفذ «23» غارة ضد تنظيم داعش في العراق",
    "author": "واشنطن-الوئام:",
    "content": "  قال الجيش الأمريكي يوم امس السبت إن الولايات المتحدة وحلفاءها قصفوا أهدافا تابعة لتنظيم الدولة الإسلامية في العراق في 23 غارة جوية يوم الجمعة بالقرب من تلعفر والرمادي. وقال الكولونيل واين موروتو مسؤول الشؤون العامة لقوة المهام المشتركة في بيان “حين يرصد التحالف أهدافا لداعش ويتم تحديدها بشكل واضح فإننا نقصفها بلا هوادة وتوقع غاراتنا خسائر كبيرة في صفوف هذا العدو الوحشي.” ووفقا لبيان الجيش فإن نحو عشر غارات نفذت بالقرب من تلعفر حيث دمرت مبنى تابعا لتنظيم الدولة الإسلامية بالإضافة لمركبات ووحدات تكتيكية. وشملت قائمة الأهداف هناك أيضا أماكن تجمع وشحنات أسلحة ومركزا للقيادة والتحكم. كما قال الجيش إن خمس غارات شنت بالقرب من الرمادي دمرت متفجرات محلية الصنع ومركبات ومواقع قتالية وأصابت كذلك وحدات تكتيكية.وفقا لرويترز. وفي بيان منفصل قال الجيش الأمريكي إن قوات التحالف شنت ثماني غارات في سوريا بينها خمس استهدفت مواقع قريبة من الحسكة. رابط الخبر بصحيفة الوئام: طائرات امريكا والتحالف تنفذ «23» غارة ضد تنظيم داعش في العراق ",
    "date_extracted": "2015-07-21 02:20:02"
}