{
    "url": "http://www.alweeam.com.sa/347923/بالصور-الأهلي-يدشن-أطقمه-الجديدة-على/",
    "title": "بالصور.. الأهلي يدشن أطقمه الجديدة على الطريقة الأوروبية",
    "author": "جدة - الوئام :",
    "content": " دشن النادي الأهلي مساء أمس الخميس أطقم الفريق الكروي الأول لكرة القدم لموسم ٢٠١٥ – ٢٠١٦ التي نفذتها شركة “سبورتس رن وي” لتوريد الملابس والمستلزمات الرياضية – الوكيل الحصري لشركة بوما – العالمية.\n جاء ذلك في حفل مميز أقيم في متجر النادي الأهلي بحضور الأمير فيصل بن خالد رئيس فريق عمل الاستثمار والتسويق ومساعد الزويهري رئيس النادي المرشح وعبد المعطي كعكي رئيس مجلس إدارة شركة “سبورت رن وي” وعبد الله بترجي مسئول الاستثمار وبمشاركة نجوم الفريق الأول عمر السومة ومحمد عبد الشافي ونبيل بهوي ووليد باخشوين وحسين المقهوي.\n ودخل نجوم الفريق للحفل بطريقة رائعة عبر إحدى السيارات الفارهة ليتفاجأ الجمهور بدخولهم مرتدين أطقم الفريق الجديدة بثلاثة ألوان مختلفة، الطقم الأساسي باللون الأبيض والطقم الآخر باللون الأخضر والطقم الرديف باللون الفسفوري.\n وتقرر أن يتم بيع أطقم الفريق الجديدة في متجر النادي عقب إجازة عيد الفطر السعيد. رابط الخبر بصحيفة الوئام: بالصور.. الأهلي يدشن أطقمه الجديدة على الطريقة الأوروبية ",
    "date_extracted": "2015-07-21 02:21:09"
}