{
    "url": "http://www.alweeam.com.sa/347334/عيد-القرينة-يا-زينة-فعاليات-تقدمها-لج/",
    "title": "&#8220;عيد القرينة يا زينة&#8221;.. فعاليات تقدمها لجنة التنمية الاجتماعية الأهلية بالقرينة",
    "author": "القرينة - الوئام :",
    "content": " تقدم لجنة التنمية الاجتماعية بالقرينة برامج عامة تهدف إلى توعية فئات المجتمع وتقديم البرامج الثقافية والهادفة واستغلال إجازة الصيف بإقامة فعاليات “عيد القرينة .. يا زينة” خلال فترة عيد الفطر المبارك من ثالث أيام عيد الفطر المبارك إلى خامس يوم، بحيث يكون ثالث ورابع العيد للرجال وخامس يوم للنساء من الساعة ٥ عصرا إلى الساعة ١١ ليلا.\n وتحتوي هذه الفعاليات على معرض قدوتي وهو معرض عن سيرة النبي صلى الله عليه وسلم بالصور والمجسمات والعروض المرئية المشوقة أعدته مؤسسة الإعمار العالمية، ومعرض المخدرات وخطرها بالتنسيق مع المديرية العامة لمكافحة المخدرات بالرياض، ومعرض صور القرينة وهي عبارة عن مسابقة لأفضل صور القرينة في الماضي والحاضر، ومعرض الأشكال الجميلة وهو عبارة عن مسابقة لأفضل تصميم للأشكال الجميلة للاستفادة منها في مداخل المحافظة، وستقام هذه المعارض في صيوان كبير بمساحة ١٠٠٠ م بتكييف وفرش وإضاءة.\n وتتضمن الفعاليات ديوانية الملتقى وهو مكان خصص لاستقبال الزوار وتقديم الضيافة لهم (مشروبات حارة وباردة) وعرض لأنشطة اللجنة وأهدافها، كما يوجد استضافة فرق ترفيهية للصغار فترتي المغرب والعشاء ليكون اليوم الأول فرقة الأناكوردا الترفيهية، واليوم الثاني فرقة تلاوين الترفيهية وسيتخللهما توزيع الهدايا والجوائز.\n كما تحتوي الفعاليات تجهيز مكان زحاليق ونطيطات للأطفال، ودوري لكرة القدم والطائرة في الفترة المسائية طوال الأيام للشباب، وبرامج خاصة بالنساء في اليوم الخامس ويشرف عليها مركز المرأة والطفل باللجنة وهي مسرح الأطفال (فقرات ترفيهية ومسابقات وألعاب للصغار)، ومسابقة (عيديتي) والتي تتضمن العيديات (أفضل تصميم لعيدية مقدمة للأطفال)، وأكلة العيد (الأكلة الشعبية المخصصة للعيد سوف يختار منها أفضل مذاق وشكل)، وفقرة مسرحية عن العيد (القصائد الشعرية، المشاهد المسرحية، الأناشيد الاستعراضية).\n وسيكون هناك 10 جوائز للفائزات الجائزة الأولى: شاشة lcd، والجائزة الثانية: آيباد ميني، والجائزة الثالثة: جوال سامسونج، و7 جوائز قيمة، وأيضا سحوبات على مبالغ نقدية كما سيتم توزيع هدايا وعيديات على الحضور، حيث من المتوقع زيارة ٥ آلاف زائر للفعاليات.\n وأبدى رئيس اللجنة حمد بن موسى الموسى شكره الجزيل لأهالي القرينة على دعمهم وتفاعلهم مع مشاريع وأنشطة اللجنة والشكر أيضاً لرعاة الفعاليات على مشاركتهم ودعمهم لأنشطة اللجنة.\n تجدر الإشارة إلى أن الافتتاح على شرف محافظ حريملاء وبإشراف ومتابعة رئيس مركز القرينة فهد بن علي المطرب. رابط الخبر بصحيفة الوئام: “عيد القرينة يا زينة”.. فعاليات تقدمها لجنة التنمية الاجتماعية الأهلية بالقرينة ",
    "date_extracted": "2015-07-21 02:17:45"
}