{
    "url": "http://www.alweeam.com.sa/348057/بالفيديو-فرحة-تغمر-الفؤاد-مع-بزوغ-فجر/",
    "title": "بالفيديو.. أطفال حي السويدي بالرياض يعيدون أيام العيد القديمة",
    "author": "الرياض - الوئام - عبدالرحمن الجديعي:",
    "content": " رصدت “الوئام” فرحة العيد التي تغمر الفؤاد، وتبهج النفس، وتكتمل بوجود أحباب يحيطون بالمرء من الأهل والأحبة والأصدقاء حيث أجمل أيام الأعياد كانت في زمن الطفولة والصبا، وحتى الكبار مع بزوغ فجر العيد يستيقظ داخلهم طفل العيد الذي افتقدوه وتحسروا عليه، فقد استطاع أطفال حي السويدي بالرياض إعادة أيام وتقاليد العيد القديمة.\n ويسترجع الآباء ذكريات العيد في نظرات أبنائهم وضحكاتهم، التي تتعالى مع أقرانهم في لعب عفوي دائم، ولهو بفرحة تملأ الزمان والمكان.\n ولا تكتمل فرحة العيد إلا بسماع أغنية العيد القديمة، التي نسمعها من خلال القنوات الفضائية لفنان العرب “محمد عبده”، والتي تهيض الذكريات لشباب هذا الجيل أيضاً ولكن هذه السنة أطفالنا هم من استرجع لنا الذكريات. رابط الخبر بصحيفة الوئام: بالفيديو.. أطفال حي السويدي بالرياض يعيدون أيام العيد القديمة ",
    "date_extracted": "2015-07-21 02:17:34"
}