{
    "url": "http://www.alweeam.com.sa/341789/بالصور-آل-حسين-يرعى-حفل-اختتام-فعالي/",
    "title": "بالصور..«آل حسين» يرعى حفل اختتام فعاليات مهرجان اﻷفلاج الخامس",
    "author": "الأفلاج-الوئام:",
    "content": " برعاية محافظ اﻷفلاج زيد آل حسين اختتمت فعاليات مهرجان اﻷفلاج الخامس مساء أمس اﻷحد .وكان مهرجان اﻷفلاج الخامس والذي نظمه وأشرف على فعالياته الرئاسة العامة لرعاية الشباب «النشاط الكشفي» ولجنة التنمية الاجتماعية اﻷهلية باﻷفلاج قد اختتم فعالياته المتعددة وبرامجه المتنوعة ليلة البارحة بسباق للدراجات شارك فيه عدد من الجاليات الآسيوية وشباب المحافظة. كما أقيمت أمسية شعرية أحياها عدد من شعراء المحافظة لقيت تفاعلا وحماسا من الحضور بعد أن تطرق فيها الشعراء لموقف المملكة في عاصفة الحزم واستجابة القيادة الرشيدة لنداء اﻷشقاء في اليمن لاستعادة شرعية بلادهم المخطوفة كذلك أشاد الشعراء بالموقف البطولي لجنودنا البواسل في التضحية من أجل الوطن. واختتم الحفل بتكريم العاملين على المهرجان والداعمين له والجهات الإعلامية المشاركة في تغطية ونقل فعاليات المهرجان، كما تناول الجميع وجبة العشاء المعدة لتلك المناسبة. رابط الخبر بصحيفة الوئام: بالصور..«آل حسين» يرعى حفل اختتام فعاليات مهرجان اﻷفلاج الخامس ",
    "date_extracted": "2015-07-21 02:20:39"
}