{
    "url": "http://www.alweeam.com.sa/348361/الأهلي-يصل-لسويسرا-ويبدأ-أولى-مراحل-بر/",
    "title": "الأهلي يصل لسويسرا ويبدأ أولى مراحل برنامجه الإعدادي",
    "author": "سويسرا - الوئام :",
    "content": " وصلت بعثة الفريق الكروي الأول في النادي الأهلي مساء أمس الأحد إلى مقر السكن المعد في مدينة سان مورتيز في سويسرا لتنطلق بذلك أولى مراحل المعسكر الخارجي الذي سيستمر حتى الثامن من شهر أغسطس المقبل.\n واستقبل مدرب الفريق كريستيان جروس البعثة فور وصولها صباح أمس إلى مدينة ميلان في ايطاليا ورافقها إلى مدينة سان مورتيز في سويسرا ، حيث اجتمع باللاعبين فور الوصول إلى مقر السكن وطالبهم بضرورة بذل أقصى الجهد خلال المعسكر والعمل على تحقيق الاستفادة القصوى من كافة مراحل الإعداد قبل انطلاقة الموسم.\n وينطلق اليوم الاثنين برنامج الإعداد والتدريبات اليومية على فترتين صباحية ومسائية. رابط الخبر بصحيفة الوئام: الأهلي يصل لسويسرا ويبدأ أولى مراحل برنامجه الإعدادي ",
    "date_extracted": "2015-07-21 02:20:47"
}