{
    "url": "http://www.alweeam.com.sa/348389/بالفيديو-مواطن-يوقف-عروض-كوميدية-في-ع/",
    "title": "بالفيديو.. مواطن يوقف عروض كوميدية في «عيد الرياض» بسبب ألفاظ خادشة",
    "author": "الرياض - الوئام :",
    "content": " قام أحد المواطنين بالاعتراض على أحد المقدمين في ستاند أب كوميدي باحتفالات عيد الرياض الذي ترعاه الأمانة، مطالبا إياه بانتقاء كلامه لما فيه من سب وقذف وألفاظ لا يصح قولها أمام الأطفال . جاء ذلك بحسب مقطع الفيديو المتداول بعد قيام المقدم بتصنيف الأطفال إلى ثلاثة أصناف: “طفل كلبي ..  طفل كلبي إبن كلبي ..  طفل كلبي إبن كلبي بن كلبي . رابط الخبر بصحيفة الوئام: بالفيديو.. مواطن يوقف عروض كوميدية في «عيد الرياض» بسبب ألفاظ خادشة ",
    "date_extracted": "2015-07-21 02:16:41"
}