{
    "url": "http://www.alweeam.com.sa/348437/داعش-يلغي-الإنترنت-في-الرقة-خوفاً-من/",
    "title": "«داعش» يلغي الإنترنت في الرقة خوفاً من فرار مقاتليه",
    "author": "دمشق-الوئام:",
    "content": " أفاد المرصد السوري لحقوق الإنسان بأن تنظيم داعش أعطى أصحاب مقاهي الإنترنت مهلة أربعة أيام، لإزالة كل الوصلات التي تعطي شبكة إنترنت إلى المنازل المحيطة بهذه المقاهي، بما في ذلك الاشتراكات الخاصة بمقاتلي التنظيم. وأوضح المرصد في بيان أن التنظيم يحاول من خلال هذه الخطوة “القيام بعملية تعتيم إعلامي على ما يجري داخل مدينة الرقة (التي تعد معقله الرئيسي في سورية)، واعتقال كل من ينشر أخبار التنظيم، عبر إجراء دوريات ومداهمات متتالية لمحلات الانترنت، وتفتيشها بحثاً عن ناقلي الأخبار وناشريها، ومحاولة قطع التواصل بين مقاتلي التنظيم غير السوريين وذويهم، خوفا من عودتهم، أو أن يكون بعضهم الآخر مخترقا أمنياً ويتواصلون عبر شبكات الانترنت هذه مع أجهزة المخابرات التي يعملون لصالحها”.وفقا للالمانية. والجدير بالذكر أن الكثير من عناصر التنظيم من جنسيات غير سورية، حاولوا الفرار من التنظيم والعودة إلى بلدانهم، وبعضهم تمكن من اجتياز الحدود السورية – التركية ، والبعض الآخر تم إعدامه، وآخرين جرى اعتقالهم. رابط الخبر بصحيفة الوئام: «داعش» يلغي الإنترنت في الرقة خوفاً من فرار مقاتليه ",
    "date_extracted": "2015-07-21 02:18:10"
}