{
    "url": "http://www.alweeam.com.sa/341663/وزير-التعليم-يرعى-انطلاقة-الملتقى-الت/",
    "title": "وزير التعليم يرعى انطلاقة الملتقى التعريفي لبرنامج «فطن» الأربعاء القادم",
    "author": "الرياض-الوئام:",
    "content": " يرعى معالي وزير التعليم الدكتور عزام بن محمد الدخيّل الأربعاء القادم انطلاقة الملتقى التعريفي لبرنامج ” فطن ” بالمنطقة الشرقية بحضور إدارات التعليم بمناطق ومحافظات المملكة , وذلك تمهيداً لإطلاق عمليات التدريب لتنمية المهارات الشخصية والاجتماعية للطلاب والطالبات , وأولياء أمورهم والمعلمين والمعلمات ، واطلاق الحملة الإعلامية للبرنامج . وقال وكيل وزارة التعليم للتعليم رئيس اللجنة الفنية لبرنامج ” فطن ” الدكتور عبدالرحمن البراك : إن هذه المرحلة من البرنامج تعدّ من أهم المراحل التي يجب أن نعرف من خلالها الأدوار المناطة بنا لتوصيل الرسالة والأهداف التي أطلق من أجلها هذا البرنامج , ونعي أيضاً مدى قدرتنا على الوصول إلى الشرائح والفئات المستهدفة , مبيناً أهمية الإعداد المسبق بتعريف الميدان بمسارات البرنامج الإعلامية والتدريبية , ودور الوزارة في إطلاق ” فطن ” من خلال رؤية وطنية ليكون شاملاً للوقاية من الانحرافات السلوكية والفكرية على اختلافها , والعمل على ذلك من خلال القطاعات المعنية بالطلاب والطالبات . وأشار مدير عام برنامج فطن ناصر العريني من جانبه أن رعاية وزير التعليم واهتمامه بـ” فطن ” يأتي من واقع الشعور بالمسؤولية الوطنية تجاه هذا الوطن , وإسهاماً منه في بلورة الأفكار البناءة التي تدعم كل منتج وطني سيحقق بإذن الله أهدافه التي ستعود على أبنائنا وبناتنا بالنفع , وتجعل منهم دعائم محصنة تجاه أي سلوك أو أفكار قد تخل بتوجهاتهم وأفكارهم وتشوه سلوكياتهم الايجابية تجاه أنفسهم ومجتمعهم ووطنهم . وأطلق معالي وزير التعليم الدكتور عزام الدخيّل مركز استشارات” فطن ” لوقاية أبنائنا من الانتماءات المشبوهة من خلال الرقم المجاني للبرنامج ، معتمداً تنفيذه على مستوى مناطق ومحافظات المملكة ، إذ يسعى البرنامج للعمل على تنمية المهارات الشخصية والاجتماعية للطلاب والطالبات وأولياء أمورهم والعاملين في الميدان التعليمي ، من خلال خطته الإستراتيجية، والتدريبية، والإعلامية ، واعتمد البرنامج منظومة المهارات الشخصية والاجتماعية متمماً إعداد 360 خبيراً من خبراء فطن في مرحلته الأولى . وأكدت وزارة التعليم في وقت سابق أنها أطلقت برنامجها الوطني الوقائي من خلال عقد شراكات مع عدد من الجهات ذات العلاقة, وعقد اجتماعات لمسؤولي إدارات التعليم في المناطق والمحافظات لتنفيذ الحملة الوقائية الخاصة بالبرنامج، مشيرة إلى أنها ستستخدم التغطية الإعلامية الشاملة والأنشطة والبرامج والتدريب في البرنامج في جميع مراحل التعليم . رابط الخبر بصحيفة الوئام: وزير التعليم يرعى انطلاقة الملتقى التعريفي لبرنامج «فطن» الأربعاء القادم ",
    "date_extracted": "2015-07-21 02:20:40"
}