{
    "url": "http://www.alriyadh.com/1070073",
    "title": "أثينا كانت تنوي إطلاق عمليات تأميم في حال قطيعة مع الدائنين",
    "author": "أثينا - أ ف ب",
    "content": "    ذكرت صحيفة يونانية أن أثينا كانت تنوي تطبيق خطة طارئة في حال اضطرت لقطيعة مع الجهات الدائنة، تشمل إجراءات تأميم واجراء تحقيق في الفساد يستهدف شركات ألمانية. \nوكتبت صحيفة ايفيميريدا تون سينتاكتون السبت إن الخطة وضعت \"لزيادة كلفة القطيعة\" على الدائنين، وأضافت الصحيفة نقلاً عن مصادر حكومية ان الخطة تشمل تأميم شركة \"اوباب\" التي تحتكر المراهنات وتمت خصخصتها في 2013، ورسوم استخدام الطرق السريعة واكبر جسر في البلاد. \nوتابعت ان اثينا كانت تنوي ايضا العمل على مكافحة الفساد باستهداف عدة شركات ألمانية نشطة في اليونان مثل سيمنز وليدل واليانتس وهوشتيف. \nولم يصدر اي تعليق من الحكومة اليونانية على هذه المعلومات. \nوكان رئيس الوزراء اليوناني الكسيس تسيبراس صرح الجمعة في البرلمان انه طلب من وزير المالية السابق في حكومته يانيس فاروفاكيس وضع \"خطة دفاعية\" في حال اضطرت اليونان للخروج من منطقة اليورو تحت ضغط دائنيها الاكثر تشدداً وبينهم ألمانيا. \nوقال \"لم تكن لدى الحكومة خطة لخروج اليونان من اليورو لكنني طلبت من وزارة المالية وضع خطة طوارئ\" لمواجهة تهديدات بعض الاوساط الاوروبية التي أرادت في نهاية يونيو عند توقف المفاوضات بين اثينا ودائنيها، خروج اليونان من منطقة اليورو. \nوتريد حكومة اليونان الحصول بحلول منتصف اغسطس على قرض جديد لثلاث سنوات من 82 مليار يورو بموجب قرار قادة منطقة اليورو في 13 يوليو. \nوقد اجرى وزير المالية اليوناني اقليدس تساكالوتوس الجمعة اولى مباحثاته مع كبار ممثلي الجهات الدائنة المكلفين وضع خطة مساعدات ثالثة لليونان، ومن بينهم ممثل صندوق النقد الدولي الذي قال انه لن يساهم في هذه الخطة. \nوقال صندوق النقد انه لن يشارك في هذه الخطة الثالثة قبل ان توافق اثينا على سلسلة اصلاحات كاملة وان يخفض الاوروبيون ديون اليونان التي تمثل 170% من اجمالي الناتج الداخلي. ",
    "date_extracted": "2015-08-03 20:12:49"
}