{
    "url": "http://www.alriyadh.com/1069801",
    "title": "الجريس يتفوق على الحكام الدوليين في اختبار القانون",
    "author": "المدينة المنورة - صالح الحبيشي",
    "content": "    يواصل (حكام دوري عبداللطيف جميل) ودوري الدرجة الأولى، برنامجهم المكثف في المعسكر الخارجي بالتشيك، الذي يبدأ بعد صلاة الفجر بالتدريب اللياقي لقياس المعدل اللياقي لجميع الحكام بإجراء بعض التدريبات اللياقية تحت إشراف المحاضر الإنجليزي اوليفر ري فيما يخص الجوانب النظرية ثم محاضرة عن العمل الجماعي وكيفية التواصل بين الجميع، يلي ذلك الاجتماع الفني بين الحكام وما قبل المباراة، وشرح كيفية الإدارة، تعقبها المناقشات بشكل جماعي بعد توزيع المجموعات، وعرض الحالات التحكيمية عبر شاشة \"البروجكتر\" وتتمثل في العقوبات الإدارية ومتى يجب استخدامها من اجل الوصول لانجاح أي مباراة، بعد ذلك اختبار في القانون باستخدام جهاز التحكم لكل حكم والإجابة بشكل سريع. \nوحصل سامي الجريس على المركز الأول بنسبة 78 بالمئة وكرمه المحاضر بهدية رمزية تقديرا لاستيعابه وتركيزه، بعدها بعد ذلك ناقش المحاضر الحكام حول الحالات الأكثر أخطاء وشرح كل حالة ثم محاضرة عن كيفية إخراج المباراة معتمداً على المناقشة بشكل مجموعات. ",
    "date_extracted": "2015-08-02 23:20:27"
}