{
    "url": "http://www.alriyadh.com/1070181",
    "title": "انتشال مركبة علقت في سيول جازان",
    "author": "جازان - حمد دقدقي",
    "content": "    تمكنت فرق الدفاع المدني في العيدابي بمنطقة جازان من انتشال مركبة علقت في مجرى سيل وادي ضمد، أثناء محاولة سائقها عبور الوادي، محذرة في الوقت ذاته من مخاطر التقلبات الجوية وهطول الأمطار وجريان السيول. ",
    "date_extracted": "2015-08-04 18:15:53"
}