{
    "url": "http://www.alriyadh.com/1070086",
    "title": "مواطنون: أراضينا تفتقر لأساسيات البنى التحتية في المخططات العمرانية الجديدة",
    "author": "الرياض – تركي العوفي",
    "content": "    اشتكى عدد من المواطنين ممن يملكون الأراضي السكنية الواقعة في عدد من المخططات في العاصمة الرياض إلى افتقارها لأساسيات البنى التحتية، وذلك في عدم استفادتهم من تعميرها، في الوقت الذي حصلوا فيه على قروض عقارية من صندوق التنمية العقارية. \nوأشاروا في حديثهم ل\"الرياض\" أنهم حصلوا على القروض منذ عامين، لكنهم لم يتمكنوا من البناء والعمران بسبب عدم توفر الخدمات الأساسية كالكهرباء والماء والسفلتة والصرف الصحي، وقال سلمان الحربي:\" رغم ان مخططا عريضا يقع في منطقة بعيدة نوعاً ما عن الرياض الا أنني وغيري من المواطنين من أصحاب المنح في هذا المخطط حريصون كل الحرص على بناء الأراضي التي منحتنا إياها الدولة قبل عشر سنوات لرغبتنا في السكن في هذه المخطط، بسبب صعوبة امتلاكنا المساكن حالياً ومستقبلاً وحتى في وسط المدينة أو في أطرافها القريبة من المدارس والجامعات والمستشفيات، ولكن رغم هذا كله لم تتحقق رغبتنا كون هذا المخطط يفتقر لخدمات البنى التحتية\". \n \nغلاء أسعار المخططات \nبدوره أكد فهد السويد أن غلاء أسعار الأراضي في المخططات التي تقع داخل النطاق العمراني أجبره على شراء قطعة أرض سكنية في مخطط الخير بسعر لم يفصح عنه، وإنما وصفه بالمناسب جداً إلا أنه لم يستفد من هذه الأرض لعدم توفر الخدمات فيها، ويشاركه الرأي عامر السالمي أن الاهمال وعدم الاهتمام في تطوير المخططات السكنية المعتمدة من أمانة منطقة الرياض منذ عقود من الزمن أدى إلى عدم استفادته من الأرض، وقال:\" الواضح حتى الآن أنه لم يتم التفكير من قبل الجهات المسؤولة في توفير البنى التحتية لهذه المخططات من أجل تمكين المواطنين من الاستفادة من أراضيهم التي منحتها لهم الدولة، وفي ظل الدعم اللامحدود لصندوق التنمية العقارية من القيادة الحكيمة، إلى جانب حصول عدد كبير من المواطنيين على قروض باتت معلقة ولم يستفيدوا منها لعدم وجود الأرض، معرجاً بقوله:\"إذا كان هذا حال المخططات الجاهزة فكيف نعول على من بيدهم الحل والعقد استحداث مخططات جديدة مهيأة للسكن في الوقت القريب\". \n \nحل الأزمة السكانية \nمن جهته أكد مختصون عقاريون أن هناك مخططات معتمدة وبمساحات شاسعة قد تم توزيع بعض ما فيها من القطع السكنية على المواطنين ومن هذه المخططات، مخطط عريض الواقع جنوب الرياض، ومخطط نمار الذي يقع غرباً، ومخطط شرق الرياض الواقع شرقاً، ومخطط الخير الواقع شمالاً، وكذلك مخطط بنبان الواقع شمالاً أيضاً، وقالوا ان توفير البنى التحتية لهذه المخططات وغيرها من المخططات الأخرى المشابهة لها التي تعتبر في طي النسيان، مشيرين أنها كفيلة بحل نسبة كبيرة من أزمة الأراضي السكنية بشكل خاص والعقار بشكل عام، ولكن لها أيضاً دور في اتساع دائرة المدينة وتمددها والتخفيف من الازدحام المروري الذي تعاني منه العاصمة بسبب الكثافة السكانية. \nوكانت وزارة الشؤون البلدية والقروية كشفت في وقت سابق بعد أمر خادم الحرمين الملك سلمان بن عبدالعزيز بتخصيص 20 مليار ريال لدعم مشروعات الكهرباء والمياه في مخططات المنح بمختلف مناطق المملكة أن عملية تطوير المخططات السكنية في مختلف مناطق المملكة ستطال أكثر من 3700 مخطط تستوعب حوالى 2.5 مليون قطعة أرض سكنية، وأوضحت الوزارة أن هذا المشروع يعد من أكبر المشروعات لخدمة المواطنين في المجال السكني لعدة سنوات مقبلة، بحيث لا يضطر المواطن لشراء أي أرض سكنية لتوفر المطلوب بشكل غير مسبوق، وأكدت أن الأمانات والبلديات ستضخ المزيد من الأراضي ذات المساحات الشاسعة لصالح وزارة الإسكان من أجل تطويرها والاستفادة منها في توزيعها على المواطنين. ",
    "date_extracted": "2015-08-03 20:10:21"
}