{
    "url": "http://www.alriyadh.com/1070080",
    "title": "مقتل 13 بهجوم انتقامي لبوكو حرام قرب مايدوغوري",
    "author": "مايدوغوري (نيجيريا) - أ ف ب:",
    "content": "    قتل 13 شخصا الأحد في مالاري التي تبعد نحو 20 كلم عن مايدوغوري، كبرى مدن شمال شرق نيجيريا، خلال هجوم انتقامي لجماعة بوكو حرام، بحسب ما قال شهود لوكالة فرانس برس. \n \nوقال أحد السكان ويدعى موها صالح أن الإرهابيون قاموا بقتل 13 شخصا وجرح 27 آخرين كما أضرموا النار في منازل عدة واتهمونا بأننا اخبرنا الجنود عن مخبئهم. ",
    "date_extracted": "2015-08-03 20:49:56"
}