{
    "url": "http://www.alriyadh.com/1070056",
    "title": "«سياحة حائل» تسوق لبرامجها السياحية في منطقة الجوف",
    "author": "حائل – خالد العميم",
    "content": "    افتتح حسين الخليفة مدير عام فرع الهيئة العامة للسياحة والتراث الوطني في الجوف وخالد السيف مدير عام فرع الهيئة العامة للسياحة والتراث الوطني في منطقة حائل المعرض التعريفي \"معرض حائل السياحي المتنقل في الجوف\" والذي يهدف للتعريف بمنطقة حائل لدى أهالي الجوف وتسويقها سياحياً والتعريف بأهم المواقع السياحية والمتنزهات والأسواق التجارية ودور الإيواء. \nوقال السيف في كلمة \"إن تزايد أعداد زوار منطقة حائل من منطقة الجوف ولّد فكرة إقامة المعرض التعريفي في منطقة الجوف للإسهام بترويج المنطقة لهم كوجهة سياحية من جانب ولزيادة اعداد الزوار لمنطقة حائل من جهة اخرى\". \nواضاف \"انطلاقة المعرض من الجوف وسيتبعه عدد من المعارض في عدد من المناطق الاخرى للتعريف بالمواقع السياحية بمنطقة حائل والمعالم السياحية والتعريف بمنظمي الرحلات السياحية اضافة للتعريف بمواقع الرسوم الصخرية في موقعي جبة والشويمس التي دخلت قائمة التراث العمراني العالمي في اليونسكو مؤخراً اضافة لتقديم عروض مخفضة في قطاع الايواء وعدد من العروض السياحية الخاصة والتعريف برالي حائل ومهرجان الصحراء الدولي وصيف حائل. \nوقدم شكره وتقديره لسمو امير منطقة حائل ورئيس مجلس التنمية السياحية لدعمه المتواصل لخطط تسويق والتعريف بمنطقة حائل سياحياً في مختلف المناطق وأضاف \"الشكر موصول لإمارة منطقة حائل وامانة المنطقة والغرفة التجارية الصناعية وجامعة حائل وكافة الشركاء لاسهاماتهم العديدة مع الهيئة العامة للسياحة والتراث الوطني اضافة للجهود الكبيرة التي يبذلها صاحب السمو الملكي الامير سلطان بن سلمان رئيس الهيئة العامة للسياحة والتراث الوطني ودعمه لكافة مبادرات الهيئة وفروعها في كافة مناطق المملكة. ",
    "date_extracted": "2015-08-03 20:12:25"
}