{
    "url": "http://www.alriyadh.com/1069933",
    "title": "الفيلم الكوري «المطارد-The Chaser»",
    "author": "الرياض - «ثقافة اليوم»",
    "content": "    تجري أحداث الفيلم في ليلة واحدة فقط يتم الكشف من خلالها عن حجم الفساد في كوريا على كل المستويات، وذلك عبر حكاية بسيطة بطلها رجل يسعى للعثور على موظفة تعمل عنده اختفت بعد زيارتها لأحد العملاء الغامضين، فيقرر البحث عنها دون أن يمتلك أي معلومة عن منزل العميل ولا عن هويته، في أجواء من المطاردة المحمومة. يقدم الفيلم مستوى عالياً من الإثارة والتشويق وسط عالم تعمه الفوضى والفساد، وينجح في خلق شخصيات كارزمية جذابة؛ خاصة شخصيتي البطل المنقذ وخصمه المجرم المريض والمعقد نفسياً. \nرشح الفيلم لجائزة الكاميرا الذهبية من مهرجان كان السينمائي عام 2008 كما رشح لست وثلاثين جائزة أخرى من مهرجانات آسيوية وعالمية. وهو للمخرج نا هونغ جن الذي تميز أيضاً في فيلم الإثارة \"البحر الأصفر-Hwanghae\" الذي قدمه عام 2010 وأكد من خلاله تميز السينما الكورية في الألفية الجديدة. \n \n \n \n \n ",
    "date_extracted": "2015-08-03 20:13:12"
}