{
    "url": "http://www.alriyadh.com/1070365",
    "title": "هزازي مستمر في التأهيل.. وأنباء متضاربة حول إصابة مورا",
    "author": "الرياض - بندر العتيبي",
    "content": "    اعتمدت إدارة النصر اللقاء الودي الأخير في معسكره بمدينة بتيرول النمساوية امام الشعب الاماراتي بعد غد (الخميس) بدلاً من النصر الاماراتي الذي اصرت إدارته على خوض اللقاء الودي السبت أي قبل مواجهة الهلال في السوبر السعودي بثلاثة ايام وهو مارفضته الادارة الصفراء. \nمن جهة ثانية منح المدرب الاوروغوياني خورخي داسيلفا اللاعبين أمس (الاثنين) راحة بعد المباراة الودية امام السد القطري والتي كسبها النصر بنتيجة 2-1 سجلهما المهاجم محمد السهلاوي والمدافع جمعان الدوسري، وواصل المهاجم نايف هزازي تدريباته العلاجية في العيادة الطبية وصالة الحديد وقطع شوطاً كبيراً في التأهيل من اصابته التي تعرض لها الاسبوع الماضي في مفصل القدم. من جهة أخرى يصل المهاجم الاوروغوياني مورا للنمسا بعد غد (الخميس) لاجراء الفحوصات الطبية قبيل التوقيع النهائي لمدة ثلاثة اعوام، وينتظر ان تجري الادارة فحصاً دقيقاً بعد أن سرت انباء بأن اصابته في وتر الركبة وليس في العضلة. ",
    "date_extracted": "2015-08-04 18:15:41"
}