{
    "url": "http://www.alriyadh.com/1070371",
    "title": "صغار (الأخضر) يواجهون الإمارات.. اليوم",
    "author": "الرياض - خالد الحربي",
    "content": "    يخوض المنتخب السعودي للناشئين لكرة القدم عصر اليوم (الثلاثاء) مباراته الثالثة في بطولة غرب آسيا الخامسة للناشئين لكرة القدم المقامة حالياً في الأردن حتى 6 أغسطس المقبل، عندما يلتقي نظيره الإماراتي، في اللقاء الذي يقام عند الساعة الخامسة، على ستاد البترا بمدينة الحسين للشباب، وتعد المباراة صعبة للطرفين. ويملك المنتخب السعودي ثلاث نقاط بعد فوزه على فلسطين في اللقاء الأول وخسارته امام العراق في اللقاء الثاني، فيما لدى المنتخب الاماراتي ست نقاط في صدارة الترتيب بعد فوزه في اللقاءين السابقين على الأردن وفلسطين. \n ووضع المدرب الوطني محمد العبدلي اللمسات النهائية للتشكيلة الأساسية التي سيدخل بها اللقاء امام الامارات، وركز المدرب في التدريب الأخير على الأخطاء التي حدثت في لقاء العراق، ومن المنتظر أن يلعب المنتخب السعودي المباراة بأسلوب هجومي وفي الوقت ذاته تعزيز المناطق الدفاعية أمام مهاجمي المنتخب الإمارات. ",
    "date_extracted": "2015-08-04 18:17:35"
}