{
    "url": "http://www.alriyadh.com/1069952",
    "title": "فولفسبوغ يؤكد عقدة غوارديولا.. وباريس ينهي آمال ليون بكأس «السوبر»",
    "author": "مونتريال - أ ف ب",
    "content": "    أحرز فولفسبورغ بطل كأس ألمانيا لكرة القدم، لقب كأس السوبر أمس الأحد إثر فوزه على بايرن ميونيخ بركلات الترجيح 5-4 بعد تعادلهما 1-1 في الأشواط الأصلية، وذلك على ملعب فولكسفاغن ارينا وأمام 30 ألف متفرج. \nويعد اللقب هو الأول لفولفسبورغ في تاريخه، وهو الذي قدم موسماً رائعاً أنهاه في مركز وصافة الدوري، فضلاً عن تحقيقه لقب الكأس موسم 2014 – 2015. \nفي المقابل، فشل بايرن ميونيخ صاحب الرقم القياسي في الدوري (25 مرة) والكأس (17 مرة) في إحراز اللقب الخامس في هذه المسابقة بعد مواسم 1987 و1990 و2010 و2012. \nوفشل مدرب بايرن ميونيخ الإسباني جوسيب غوارديولا للمرة الثالثة على التوالي في هذه المسابقة، بعد أن سقط في الموسمين الماضيين أمام بوروسيا دورتموند. \nوقدم الفريقان عرضا متوسطا في الشوط الأول ندرت فيه الفرص والمحاولات الجدية. \nواستهل بايرن ميونيخ الشوط الثاني بهدف مبكر عندما أرسل البرازيلي دوغلاس كوستا المنضم حديثا من شاختار دانيتسك الأوكراني مقابل 30 مليون يورو، وقبل دقيقة واحدة من نهاية المباراة خطف الدنماركي نيكلاس بندتنر هدف التعادل من أمام مدافع البايرن جيروم بواتينغ. \nواحتكم الفريقان لركلات الترجيح فسجل اللاعبين الخمسة لفولفسبورغ، وأهدر الإسباني تشابي الونسو الركلة الثانية لبايرن، كانت كفيلة بخسارة الفريق البافاري لأول ألقاب الموسم. \nوفي ذات السياق، أحرز باريس سان جرمان بطل الدوري الفرنسي لكرة القدم الكأس السوبر (كأس الأبطال) إثر فوزه على وصيفه ليون 2-صفر أمس الأحد على استاد سابوتو في مونتريال الكندية. \nوحسم باريس سان جرمان الفوز في أقل من 20 دقيقة بعدما افتتح المدافع الدولي العاجي سيرج اورييه التسجيل من متابعة رأسية لكرة نفذها البرازيلي لوكاس مورا، وأضاف الأوروغوياني ادينسون كافاني الهدف الثاني من كرة ارتدت إليه بعد تسديدة من زميله السويدي زلاتان ابراهيموفيتش (17). \nولم تتبدل النتيجة في الشوط الثاني رغم محاولات الطرفين المتكررة. \nوعادت مسابقة الكأس السوبر الفرنسية التي انطلقت قبل 20 عاما، إلى الأراضي الكندية للمرة الأولى منذ ستة أعوام حيث اعتاد الفرنسيون على خوضها خارج أراضيهم فتنقلت من مونتريال (2009) إلى تونس (2010) وطنجة المغربية (2011)، وهاريسون الأميركية (2012) وليبرفيل (2013 ) وبكين (2014). \nويعد اللقب \"الثالث\" على التوالي لباريس سان جرمان والخامس في تاريخه. \nمن جهته، فشل ليون في استعادة الكأس السوبر التي توج بها عام 2012 للمرة الثامنة والأخيرة (رقم قياسي للأندية الفرنسية). ",
    "date_extracted": "2015-08-03 20:10:02"
}