{
    "url": "http://www.alriyadh.com/1069812",
    "title": "متسول مصري رصيده 3.5 ملايين جنيه وعمارتان",
    "author": "القاهرة - أمنية المحلاوي",
    "content": "    بلغ رصيد متسول من مدينة بني سويف جنوب القاهرة أكثر من ثلاثة ملايين جنيه مصري إلى جانب عمارتين في منطقة فيصل جنوب الجيزة. \nوقد تداولت عدد من المواقع الاجتماعية قصة المتسول الذي رمزت له بالأحرف الأولى والبالغ من العمر 66 عاماً الذي اعتاد على زيارة أحد فروع البنوك الكبيرة في المدينة عند الساعة التاسعة صباحاً لإيداع غلته من التسول من الليلة السابقة وعند الساعة الواحدة والنصف ظهراً لإيداع غلة اليوم. \nوقد اتخذ المتسول (ك.أ) صاحب الملابس الرثة الممزقة من مدخل مدينة بني سويف بجوار مبنى مديرية الزراعة موقعاً لممارسة مهنته اليومية. \nومن المؤكد أن ك.أ أصبح من المليونيرات في مصر ومن أهم عملاء البنوك في بني سويف حيث بلغ رصيده لدى البنك 3 ملايين و450 ألف جنيه مصري بالإضافة إلى عمارتين بالجيزة. \nالطريف أن ك.أ قال إنه يكره يومي الجمعة والسبت لإغلاق البنوك مؤكدًا أنه يبيت ساهرًا خوفًا من أن يقوم الحرامية والبلطجية بالسطو على عرق جبينه. ",
    "date_extracted": "2015-08-02 23:20:29"
}