{
    "url": "http://www.alriyadh.com/1070303",
    "title": "الأمير محمد بن نايف يوجه بنقل  الجندي الحارثي إلى مستشفى قوى الأمن",
    "author": "الرياض - نايف آل زاحم",
    "content": "    وجه نائب خادم الحرمين الشريفين صاحب السمو الملكي الأمير محمد بن نايف بنقل الجندي عبدالمحسن عاضة الحارثي من مستشفى الملك عبدالعزيز بالطائف إلى مستشفى قوى الأمن الداخلي بالرياض عن طريق طيران الإخلاء الطبي صباح امس الاثنين، والذي أصيب في حادث إنقاذ أطفال من الألعاب النارية في الطائف. ",
    "date_extracted": "2015-08-04 18:15:48"
}