{
    "url": "http://www.alriyadh.com/1069922",
    "title": "جعلتم من «الرياض» منبراً  إعلامياً متميزاً في سماء الصحافة العربية",
    "author": "",
    "content": "    سعادة الأستاذ تركي السديري حفظه الله \nالمشرف العام لمؤسسة اليمامة الصحفية \nكم نحن حزينون لاستقالتك عن رئاسة تحرير صحيفة «الرياض» وآلمنا هذا الخبر الذي يعتبر -بالنسبة لي - خسارة كبيرة. \nونحن على ثقة - بإذن الله - بكفاءة وقدرة من أهلتَ من قيادات صحفية ومحررين وكُتاب بارزين عملوا معك وشاركوك المسؤولية، أدوا ولازالوا يؤدون مهامهم بكل حب وإخلاص لمؤسستهم «الرياض» وأيضاً ما تركته من إرث يحكي واحدة من أعظم أسس النجاح المعنوي والمادي في الإعلام العربي المعاصر التي حققتها بفضل عصاميتك. \nختاماً.. \nيسعدني -أبا عبدالله- أن أرفع إليكم خالص الشكر والتقدير والامتنان على جهودكم الكبيرة التي شهدتها صحيفة «الرياض» لسنوات طويلة والتي جعلت منها صرحاً إعلامياً متميزاً في سماء الصحافة العربية، وغدت من أهم وسائل الإعلام المقروءة - الكترونياً وورقياً - داخل المملكة وخارجها. \nوتقبل أيها الأخ النبيل تحياتي لشخصكم الكريم ولأسرة صحيفة «الرياض» ومؤسسة اليمامة إدارة وتحريراً. \n \nأخوكم \nمحمد بن سليمان الصيخان ",
    "date_extracted": "2015-08-03 20:10:21"
}