{
    "url": "http://www.alriyadh.com/1069958",
    "title": "الإنجليزي ري: على الاتحاد السعودي إزالة العراقيل واللجنة مطالبة بالشفافية",
    "author": "المدينة المنورة - صالح الحبيشي",
    "content": "    ودعت لجنة الحكام الرئيسية لكرة القدم المحاضر الانجليزي واليفر ري بعد أن امضى خمسة أيام بمعسكر حكام (دوري عبد اللطيف جميل) ودوري الدرجة الأولى بالتشيك، قدم خلاله 15 محاضرة شملت شرح كثير من المواد أهمها حالة التسلل بنظامه الجديد والتعاون بين الحكام وإدارة المباريات، وتركيز المساعدين داخل منطقة الجزاء. \nوأبدى ري سعادته بالتطور الكبير لدى الحكم السعودي، مؤكد أنهم حصلوا على رسائل ايجابية عدة من المعسكر االحالي ستساعدهم على التميز في منافسات الموسم الجديد وقال: \"سعيد بوجودي في المعسكر للعام الثاني على التوالي، وسعادتي أكبر بعد أن لمست تطوراً في مستوياتهم، ورغبة صادقة منهم في الاستفادة على جميع الأصعدة، لكونهم يحظون بالدعم والمساندة من اتحاد القدم ولجنة الحكام\". \nوأضاف: \"كل الحكام الموجودين في المعسكر يرغبون في تطوير أنفسهم ويحاولون أنهم يتماشون مع التطور الحاصل في الدوري السعودي، شخصياً لدي اقتناع كبير أن الحكام استفادوا من هذا المعسكر عدة رسائل لتقديم أفضل ما لديهم\". \nووجه ري رسالة مباشرة إلى الحكام في حال تعرضهم للضغوطات الإعلامية بقوله: \"الإعلام ينتقد ولكن ليس لديه المعرفة الكاملة بمواد القانون، ونحن في مجتمع الحكام نحاول شرح ذلك للإعلام ولكنه ليس قادراً على فهم التفاصيل الدقيقة في قانون اللعبة، ويجب أن يكون تعامل الحكام مع الإعلام واضحا وهادئا، في المقابل يجب على كل إعلامي أن يكون على وعي تام بقوانين اللعبة، ونحن في انجلترا لا نسمح للحكم أن يتحدث إعلامياً عن قرار اتخذه داخل الملعب؛ لأن الإعلام دائماً ما يركز في الحكم في حال أخطأ، أما في حال تميزه داخل الملعب فلا يسأل عنه\". \nمشددا في حديثه على وجوب اعتراف الحكم بخطئه في حال وقع خلال مباراة ما، لكون ذلك يعد أحد أهم سبل التطور في المستقبل القريب وقال: \"لماذا يركز الإعلام كثيراً عندما يخطئ الحكم فيما تجده غائباً عند بروزه في قيادة إي مباراة\". \nوعن توجيهاته ونصائحه التي يوجهها لاتحاد القدم ولجنة الحكام: \"نصيحتي أولا للجنة الحكام، عليها أن تواصل الدعم للحكم السعودي، وأن تناقشه بعد أي مباراة على أي لقطة يحدث فيها خطأ، ويجب أن تتخذ مبدأ الشفافية بشكل دائم بما يعود بالفائدة على الجميع\". \nوكشف ري عن عمل إداري مميز تقوم به لجنة الحكام بالدوري الإنجليزي حين قال: \"في (البريمير ليغ) نناقش الحكام أمام الإعلام في كل ما يتعلق بالأمور السلبية أو حتى الإيجابية ونعطي الإعلام أربع بطاقات تتمثل بالأحمر والأبيض والأصفر والأخضر، ونجعلهم يشاهدون ويقيمون حالات تحكيمية معينة، ونتفاجأ بأن الإعلاميين أنفسهم يعطون قرارات مختلفة على حالة واحدة فقط، حينها نوجه السؤال لهم، أن لديهم اختلاف في تحديد الخطأ ولونه بين منسوبي الإعلام ذاتهم، فكيف بحكم يتخذ قراره في جزء من الثانية؟\". \nوختم حديثه بتقديمه نصيحة للاتحاد السعودي لكرة القدم بمواصلة الدعم للحكام، وتوفير كل ما يحتاجون إليه وإزالة العراقيل التي تواجههم كي يصلوا للمستوى المأمول قريباً\". ",
    "date_extracted": "2015-08-03 20:13:19"
}