{
    "url": "http://www.alriyadh.com/1070013",
    "title": "سجن «خريجة موسيقى» بريطانية لانتحالها صفة «طبيبة»",
    "author": "لندن - الرياض",
    "content": "    صدر حكم قضائي على البريطانية \"أولواداميلولا أوبيمويا - ٣٩ عاما\" بالسجن لسنتين وأربعة أشهر بعد اعترافها انتحال شخصية \"طبيبة\" وتقديم وثائق مزورة لإثبات خداعها وممارستها لمهنة الطب ومعالجة المرضى دون امتلاك أدنى معرفة أو علم في ذلك. \nوكانت \"أولواداميلولا\" والحاصلة على شهادة في الموسيقى قد تقدمت لإحدى وكالات التوظيف في بريطانيا بحثاً عن عمل عندما لاحظت وجود طلب توظيف لمرأة أخرى بنفس اسمها الأول وبمؤهلات علمية طبية متميزة فخطرت لها فكرة انتحال شخصيتها. \nومن هناك بدأت \"أولواداميلولا\" في تجهيز وثائقها المزورة باسمها الحقيقي والتي كانت عبارة عن سيرة ذاتية مزيفة وشهادة جامعية في الطب العام والجراحة وجواز سفر ورخصة قيادة وعقد زواج وبعض الشهادات العلمية الإضافية لدعم ادعائها وحبك خطتها . \nوتقدمت الطبيبة المزيفة بعد ذلك لإحدى وكالات التوظيف البعيدة عن مكان سكنها حتى لا يكشف حقيقتها أحد وتلقت موافقة على شغر وظيفة طبيبة عامة في أحد السجون البريطانية ونجحت في المقابلة الشخصية التي قالت فيها بكل ثقة أنها تدرس الماجستير في طب الجراحة وهي ابنة لأب جراح وأم طبيبة. \nوبعد مباشرتها للعمل الذي تجهله تماماً وبدء معالجتها للمرضى بلا خلفية طبية ووقوع أخطاء منها كان بعضها فادحاً أخبرتها إدارة السجن بصرفها من العمل والاستغناء عنها لتنتقل إلى سجن آخر بعد أن عززت سيرتها الذاتية بذكر عملها التي زعمت أنه كان ناجحاً في السجن الأول. وبنفس الأخطاء التي كررتها في العيادة الطبية بالسجن الثاني بل وتمادت فيها حين اعتمدت ووقعت على شهادة وفاة طلبت منها الإدارة ترك العمل والاستقالة الإجبارية ولكنها وقبل أن يتم ذلك بشكل نهائي تم اكتشاف خداعها وتزويرها وكذبها بعد الاستفسار عنها وألقي القبض عليها لتحال للمحاكمة ويصدر الحكم بسجنها. ",
    "date_extracted": "2015-08-03 20:13:44"
}