{
    "url": "http://www.alriyadh.com/1070164",
    "title": "1700 محاولة تسلل من فرنسا إلى بريطانيا كل ليلة",
    "author": "ليل - أ. ف. ب",
    "content": "    جرت 1700 محاولة تسلل من فرنسا إلى بريطنيا قام بها مهاجرون ليل الأحد الأثنين في النفق تحت بحر المانش قرب منطقة كاليه شمال فرنسا، ما زاد الضغوط على السلطات وعناصر الشرطة الفرنسيين. \nوأوضح مصدر في الشرطة أن قوات الامن في محيط النفق \"صدت\" ألفا من هذه المحاولات فيما تم \"اعتراض\" 700 محاولة أخرى داخل النفق. \nواصيب عنصر في قوات الامن \"في وجهه وراسه\" حين القيت عليه حجارة من قاعدة السكك الحديد ونقل الى المستشفى حيث تم قطب جرحه، بحسب ما قال المصدر مشيرا الى القبض على المهاجر الذي قذفه بالحجارة وهو سوداني، ويشهد النفق الذي يربط بين فرنسا وبريطانيا تحت بحر المانش منذ أسابيع محاولات تسلل مكثفة من مهاجرين يسعون للوصول إلى بريطانيا. \nوتراجع عدد محاولات التسلل خلال عطلة نهاية الأسبوع إلى أقل من 400 ولا سيما بسبب تراجع حركة الشاحنات. ",
    "date_extracted": "2015-08-04 18:16:18"
}