{
    "url": "http://www.alriyadh.com/1070235",
    "title": "مصدر عسكري: نشر المئات من جنود دول التحالف العربي لتأمين عدن",
    "author": "عدن - أ ف ب",
    "content": "    نشر مئات الجنود من دول الخليج الاعضاء في التحالف العربي امس حول عدن لتأمين كبرى مدن جنوب اليمن، وفق مصدر عسكري. وقال المصدر \"نزل المئات من الجنود العرب الخليجيين الاحد في ميناء عدن مع العشرات من الدبابات والمدرعات وانتشروا على الفور حول المدينة لتأمينها\". ورفض المصدر اعطاء المزيد من التفاصيل حول العسكريين والبلدان التي ينتمون اليها مكتفيا بالقول انها \"اكبر قوة ينشرها التحالف على ارض اليمن\" منذ بدء الحملة الجوية التي يشنها على قوات الحوثيين وحلفائهم في اليمن في مارس الماضي. وتمت الاشارة مرارا الى وجود جنود من دول التحالف العربي في عدن منذ ان استعادت القوات الموالية للرئيس عبد ربه منصور هادي السيطرة عليها في منتصف يوليو. وبدأت القوات الموالية لهادي بدعم من طيران التحالف هجوما واسعا الاثنين لاستعادة قاعدة العند الاستراتيجية في لحج وحماية عدن. سقطت قاعدة العند في مارس بايدي المقاتلين الحوثيين الذين باتوا يسيطرون على مناطق واسعة في البلاد بما فيها العاصمة صنعاء منذ بدء هجومهم الواسع في يوليو 2014 انطلاقا من معقلهم في محافظة صعدة في الشمال. ويشن التحالف العربي منذ 26 مارس حملة جوية ضد المتمردين الحوثيين اسهمت في استعادة عدن ومطارها ومينائها. ",
    "date_extracted": "2015-08-04 18:16:49"
}