{
    "url": "http://www.alriyadh.com/1070029",
    "title": "اكتشاف أجزاء من فيل عمره   بين 800 ومليون سنة جنوب تيماء",
    "author": "ينبع – محمد الصواب",
    "content": "    كشف مهرجان صيف ينبع 36 النقاب عن اكتشاف تاريخي لهيئة المساحة الجيولوجية لأجزاء فيل يصل عمره ما بين 800 إلى مليون سنة عثر عليها بمنطقة كانت يوجد بها بحيرات جنوب تيماء. \nوعرضت الهيئة جزءا من فخذ الفيل في جناح هيئة المساحة بمعرض المهرجان ضمن عدد من مشاركات المؤسسات والجهات الحكومية في الفعاليات التي تستمر حتى نهاية الشهر الجاري، وتعد هذه هي المرة الأولى التي يعرض فيها هذا الاكتشاف. \nوذكر عمار جمال عبدالشكور أحد الجيولوجيين بوحدة الاحافير، أن هذا الاكتشاف عثر عليه في شهر اكتوبر الماضي بواسطة فريق من الجيولوجيين السعوديين بوحدة الأحافير أثناء عمليات البحث والتنقيب التي جرت في منطقة جنوب تيماء. \nوأفاد أن هذا الاكتشاف له أهمية كبيرة ويمكن أن يسهم في زيادة الفهم العام للامتداد التاريخي الجيولوجي وهو يعود لفترة زمنية تمتد من 800 إلى مليون سنة، وتم اكتشاف 70% من أجزاء الفيل وما زال قيد الدراسة والأبحاث وموجود في معمل الأحافير بالهيئة. \nتجدر الإشارة إلى أن هيئة المساحة الجيولوجية تشارك بجناح يضم وحدة الأحافير ومعمل الأحجار الكريمة، وقد شهد الجناح توافد الآلاف من الزوار للاطلاع على هذا الاكتشاف التاريخي. \nويتضمن المهرجان العديد من البرامج المتنوعة من رحلات بحرية ورحلات سفاري صيد وغيرها من الفعاليات التي جذبت أكثر من عشرين ألف زائر في قصر المصمك بمنطقة الشرم الترفيهية. ",
    "date_extracted": "2015-08-03 20:13:47"
}