{
    "url": "http://www.alriyadh.com/1069853",
    "title": "برناوي وحداوياً أربعة أعوام.. والأوروغوياني ليما ثالث الأجانب",
    "author": "مكة المكرمة - تركي الغامدي",
    "content": "    نجحت إدارة الوحدة مساء أمس (السبت) في إغلاق ملف لاعب الوسط عبدالخالق برناوي بتجديد عقده لمدة أربعة أعوام بعد مفاوضات طويلة شهدت شداً وجذباً بين اللاعب والإدارتين الوحداويتين الحالية والسابقة، وعلى الرغم من أنه دخل فترة الاشهر الستة التي تسمح له بالتوقيع لأي ناد من دون موافقة الوحداويين، إلا أن الإدارة بقيادة هشام مرسي نجحت في إبقائه بعد إصرار المدرب الأوروغوياني على وجوده في تشكيلة الفريق الموسم المقبل؛ لحاجته إلى إمكاناته، ولم تعلن الإدارة الوحداوية عن قيمة تجديد العقد إلا أن مصادر \"دنيا الرياضة\" أشارت إلى أنها بلغت مليونا و٨٠٠ ألف ريال في العام الواحد. \nوكانت \"دنيا الرياضة\" قد انفردت الإثنين الماضي بخبر توصل الوحداويين إلى اتفاق مع برناوي على تجديد عقده بعد تدخل أعضاء شرف النادي الذين تكفلوا بتمويل قيمة عقده الجديد. \nوعلى صعيد اللاعبين الأجانب أعلنت الإدارة الوحداوية رسمياً توقيعها مع لاعب الوسط الأوروغوياني ليما للدفاع عن شعار النادي في الموسم المقبل، بناءً على توصية ابن جلدته المدرب رودريجيز بحكم معرفته بمستواه وقدراته، وينتظر أن يصل إلى مصر غداً (الإثنين) للحاق بالمعسكر الإعدادي الخارجي في مصر، وأعلنت الإدارة توقيعها رسمياً مع المدافع السوري جهاد الباعور الذي وصل إلى مصر للانخراط في تدريبات الفريق. \nوكان الإدارة سددت الجمعة الماضي رواتب اللاعبين المتأخرة حتى نهاية شهر مايو من أجل تمكين النادي من تسجيل لاعبيه الجدد، وبلغت ستة اشهر. \n \n \n \n ",
    "date_extracted": "2015-08-02 23:20:13"
}