{
    "url": "http://www.alriyadh.com/1070150",
    "title": "كيري: على تسريع عمليات بيع السلاح لدول الخليج",
    "author": "متابعة - الرياض الإلكتروني",
    "content": "    قال وزير الخارجية الأميركي جون كيري إن الولايات المتحدة وحلفاءها في الخليج يستعدون للتصدي للأعمال التي تزعزع الاستقرار في الخليج. \nوأعلن جون كيري في مؤتمر صحفي مشترك مع وزير الخارجية القطري عقب عقد الاجتماع المشترك مع أصحاب السمو والمعالي وزراء خارجية دول مجلس التعاون لدول الخليج العربية أن حواره مع وزراء الخارجية لدول الخليج كان شاملا وبناءً ومؤكدا التزام بلاده بأمن هذه المنطقة، والاتفاق على تسريع عمليات بيع السلاح والانخراط في تدريبات عسكرية وتكامل منظومات الدفاع الصاروخي. \nمن جانبه اعلن وزير الخارجية القطري إثر اللقاء الذي ضم وزير الخارجية الأميركي جون كيري ووزراء خارجية دول مجلس التعاون الخليجي ان الاتفاق النووي مع ايران هو \"افضل خيار\" متوافر. \nوقال الوزير خالد العطية في مؤتمر صحافي مع كيري في الدوحة ان الاتفاق مع ايران \"كان افضل خيار بين خيارات اخرى للتوصل الى حل لقضية البرنامج النووي الايراني عبر الحوار\". \nوقال كيري في المؤتمر الذي عقد في العاصمة القطرية الدوحة \" المبادرة الخليجية هي أساس كل حل سياسي في اليمن، وواشنطن تدين ممارسة ميليشيا الحوثي في اليمن، والولايات المتحدة ستقدم دعماً للقضاء على \" داعش \" والقضاء عليها سيكون بعمل ساسي واقتصادي\"، مشيرا إلى أن \" سياسة الولايات المتحدة في سوريا واضحة وأن بشار الأسد فاقد للشرعية، و نسعى إلى رؤية تردع داعش والولايات المتحدة ستقدم دعماً للقضاء على التنظيم الإرهابي و الولايات المتحدة تدعم المعارضة في سوريا\". ",
    "date_extracted": "2015-08-03 20:10:32"
}