{
    "url": "http://www.alriyadh.com/1069953",
    "title": "أمير الرياض يستقبل السفير الباكستاني",
    "author": "الرياض - واس",
    "content": "    استقبل صاحب السمو الملكي الأمير فيصل بن بندر بن عبدالعزيز أمير منطقة الرياض في مكتب سموه بقصر الحكم أمس سفير جمهورية باكستان لدى المملكة منظور الحق. \nوجرى خلال الاستقبال تبادل الأحاديث الودية، وبحث عدد من الموضوعات المشتركة بين البلدين الشقيقين. ",
    "date_extracted": "2015-08-03 20:11:35"
}