{
    "url": "http://www.alriyadh.com/1070276",
    "title": "عبدالوهاب: ثمار معسكر مصر سنجنيها في دوري الأولى",
    "author": "المدينة المنورة - صالح الحبيشي",
    "content": "    أبدى مدرب أحد عبدالوهاب ناصر تفاؤله بالمعسكر الخارجي الإعدادي المقام في مدينة ستة أكتوبر المصرية، والذي يستمر حتى العاشر من شهر أغسطس الجاري استعدادا لخوض منافسات دوري الدرجة الأولى. \nوقال: \"المعسكر يسير بصورة جيدة فجميع الأمور متوفرة لنا، نشكر رئيس النادي سعود الحربي وأعضاء الشرف على اهتمامهم، ومتابعتهم للبرنامج الذي يسير بشكل جيد، أما الجاهزية فهي في تصاعد مستمر\". \nوتابع: \" إقامه المعسكر الخارجي يعد أهم عوامل النجاح التي يبحث عنها أي مدرب ونستفيد منه في عدة أمور من أهمها تأهيل اللاعبين ورفع المعدل البدني وزيادة التجانس، فضلاً عن حجم الاستفادة الكبير للعناصر التي تحتاج إلى تأهيل وزيادة في المعدل اللياقي\". \nوطالب المدرب الأحدي اللاعبين بالمثابرة والاهتمام والانضباط والتزام داخل الملعب وخارجه واثبات جدارتهم خلال منافسات دوري الأولى، بعد أن كانوا \nوكان الفريق قد كسب أولى مواجهاته الودية في المعسكر أمام نظيره الباطن بنتيجة 5-1 . ",
    "date_extracted": "2015-08-04 18:17:26"
}