{
    "url": "http://www.alriyadh.com/1070202",
    "title": "66 مركزاً للانتخابات البلدية في الطائف",
    "author": "الطائف - اسماعيل ابراهيم",
    "content": "    أكملت اللجنة المحلية للانتخابات البلدية بمحافظة الطائف استعداداتها لاطلاق المرحلة الاولى من العملية الانتخابية بدورتها الثالثة خلال الأيام القادمة والتي ستنفذ وفق الجداول الزمنية المحددة ، وتشرف اللجنة على 66 مركزا انتخابياً في الدوائر الانتخابية في المحافظة والمحافظات والمراكز المحيطة ، منها 18 مركزا نسائياً . \nوعقدت اللجنة المحلية للانتخابات البلدية بمحافظة الطائف اجتماعات تنسيقية برئاسة أمين الطائف رئيس اللجنة المهندس محمد بن عبدالرحمن المخرج للاستعداد الأمثل لإنطلاق العملية الانتخابية ، وأكد رئيس اللجنة على تحقيق توجيهات معالي وزير الشؤون البلدية والقروية المهندس عبداللطيف بن عبدالملك آل الشيخ وقيام اللجنة المحلية للانتخابات البلدية بتولي الإشراف على تطبيق الأحكام والقواعد والتعليمات الخاصة بالعملية الانتخابية، ومتابعة التحضيرات المتعلقة بها، وقد تم بحث سبل التنسيق الأمثل للعملية الانتخابية، ودراسة خيارات المراكز الانتخابية وتوزيعها بشكل متوازن وتوفير المتطلبات والتجهيزات الأساسية لتلك المراكز حتى تتمكن من الأداء الفعال خلال المراحل المختلفة . \nواطلعت اللجنة على خطط العمل للفرق التنظيمية والتقنية والإعلامية والقانونية فيما يتعلق بالاستعدادات لمواكبة انطلاق العملية الانتخابية، والإجراءات اللازمة لتنفيذ هذه الخطط ، وكثفت اللجنة جهودها لحث المواطنين على قيد أسمائهم في جداول الناخبين ليتمكنوا من المشاركة في العملية الانتخابية ، ويكونوا جزءاً فاعلاً في صنع القرار البلدي من خلال اختيار من يمثلهم من ذوي الكفاءات والخبرات . \nيذكر أن أن الطائف تضم ثماني دوائر انتخابية أما البلديات المرتبطة ( تربة ، رنية ، الخرمة ، المويه ، ميسان ، بني سعد ، المحاني ، قيا ، القريع بني مالك ، ظلم ) فتضم كل منها دائرة واحدة . ",
    "date_extracted": "2015-08-04 18:16:35"
}