{
    "url": "http://www.alriyadh.com/1070120",
    "title": "طفلة كندية تجازف بحياتها لإنقاذ حياة والدتها وشقيقها",
    "author": "متابعة – محمد ناصف",
    "content": "    كانت أنجيلا شيمانسكي تقود سيارتها عائدة بأطفالها إلى منزلهم في منطقة \"برنس جورج\" في مقاطعة بريتيش كولومبيا الكندية، عندما أغمي عليها فجأة، وهوت بهم السيارة إلى أسفل الجسر وارتطمت بشجرة، ما أدى إلى إصابة الأم بكسر في ظهرها بينما أصيب الطفل بيتر بنزيف في الدماغ. \nوعندما استيقظت الطفلة ليكسي التي تبلغ من العمر خمس سنوات ولم تصب إلا بخدوش بسيطة، وجدت والدتها مغمى عليها وشقيقها الصغير يجهش بالبكاء، فقامت بفك حزام الأمان في السيارة وخرجت منها، وتسلقت جرفاً شديد الانحدار للبحث عن مساعدة، مجازفة بحياتها عبر صعود هذا المنحدر الخطر، الذي احتاج الأطباء ورجال الإنقاذ للحبال لسحب المصابين من أسفله بحسب صحيفة دايلي ميل البريطانية، ولحسن الحظ فإن الأم والطفل يتماثلان للشفاء في المستشفى حالياً. ",
    "date_extracted": "2015-08-04 18:16:21"
}