{
    "url": "http://www.alriyadh.com/1070708",
    "title": "تأجيل انضمام لاعبي الهلال لـ«الأخضر».. والبدين والصالح إلى لندن",
    "author": "الرياض - عايض الطريسي",
    "content": "    عقد مدير الكرة بالمنتخب السعودي زكي الصالح مساء اليوم الأربعاء اجتماعاً بالجهاز الفني ممثلاً بفيصل البدين ومساعده يوسف عنبر والمعد البدني عبداللطيف الحسيني ومدرب الحراس عبدالرحمن علام وناقشوا العديد من الملفات المتعلقة بالفترة المقبلة أبرزها البرنامج الإعدادي للقاء تيمور الشرقية في الثالث من سبتمبر بمدينة جدة وماليزيا في الثامن من الشهر ذاته بمدينة كوالامبور ضمن منافسات التصفيات الآسيوية المشتركة المؤهلة لكأس العالم 2018م وكأس آسيا 2019. \nاجتماعات لمناقشة التحضير لتيمور وماليزيا.. والمعسكر في 29 أغسطس \nوحدد المجتمعون موعد انطلاق المعسكر الداخلي في مدينة جدة في 29 أغسطس بعد نهاية الجولة الثانية من (دوري عبداللطيف جميل) بانضمام جميع اللاعبين ما عدا لاعبي الهلال سينضمون في اليوم الذي يليه بسبب خوض فريقهم لمواجهة الجولة الثانية، واطلع الجهازان الفني والإداري على التجهيزات الخاصة بالمعسكر في ماليزيا وتحديد موعد الإعلان عن القائمة المشاركة في البرنامج الإعدادي والاحتياجات الخاصة في هذه المرحلة ووضع برنامج زمني لمعسكرات المنتخب التحضيرية للتصفيات الآسيوية المشتركة بناءً على رزنامة المنافسات السعودية التي تم وضعها مع لجنة المسابقات بالاتحاد السعودي لكرة القدم. \nوتقرر أن يحضر الصالح وفيصل البدين لقاء السوبر السعودي بين النصر والهلال في لندن للوقوف عن قرب على مستويات اللاعبين والالتقاء بمدربي الفريقين. ",
    "date_extracted": "2015-08-06 01:13:10"
}