{
    "url": "http://www.alriyadh.com/1069945",
    "title": "وفاة ثلاثة أشخاص   على طريق ساجر- المذنب",
    "author": "ساجر - ابراهيم الفهيد",
    "content": "    توفي ثلاثة أشخاص مساء السبت إثر اصطدام مركبتين وجهاً لوجه على الرابط بين ساجر والمذنب. \nوكان قائد سيارة من نوع \"اكورد\" متجهاً إلى المذنب في ساعة متأخرة من يوم السبت، فتفاجأ بمركبة \"اكسنت\" يستقلها شابين في مقتبل العمر، حيث اصطدمت السيارتان وجهاً لوجه، مما أدى إلى وفاة الشابين بموقع الحادث، فيما نقل قائد ال\"اكورد\" إلى مستشفى وثيلان العام ليلفظ أنفاسه الأخيرة. وقد باشر الحادث الدوريات الأمنية بساجر والدفاع المدني والهلال الأحمر ومرور الدوادمي وبلدية السر. ",
    "date_extracted": "2015-08-03 20:12:09"
}