{
    "url": "http://www.alriyadh.com/1069998",
    "title": "قرية الطيب صالح تودع آخر أبطال رواياته",
    "author": "الخرطوم - بليغ حسب الله",
    "content": "    غيب الموت في قرية \"كرمكول\" آخر الأبطال الحقيقيين لرواية \"عرس الزين\" للأديب السوداني الراحل الطيب صالح. \nوخرج سكان القرية الواقعة عند انحناءة النيل في أقصى شمال السودان لتشييع سيف الدين عبدالله هبشي إلى مثواه الأخير. \nويعتبر سيف الدين الذي توفي عن عمر تجاوز المئة عام من أهم الشخصيات التي استند عليها الطيب صالح في الرواية بتفاصيل حقيقية ممزوجة ببعض الخيال الذي تميز به الكاتب الكبير صالح في كل روايته. وقالت صحيفة \"الأهرام اليوم\" السودانية أن سيف الدين قد قضى أغلب عمره في مدينة بوتسودان الواقعة على ساحل البحر الأحمر وأقر في أكثر من مرة قبل رحيله بالكثير من الأحداث التي سطرها الطيب صالح في عرس الزين. وأكدت أن سيف الدين اختار منذ سنوات العودة إلى قرية كرمكول وأنه صرح في أكثر من مناسبة أنه يريد أن يموت ويدفن في قريته. ومع رحيل سيف الدين يكون آخر أبطال رويات الطيب صالح الحقيقيين قد ودع الفانية ليلتحق بمن رحلوا وعلى رأسهم مؤلف الروايات نفسه، إلى جانب أحمد إسماعيل الملقب ب\"أبوالبنات\"ومحجوب العمدة وغيرهم من الشخصيات. ",
    "date_extracted": "2015-08-03 20:10:16"
}