{
    "url": "http://www.alriyadh.com/1069790",
    "title": "«الاحتراف» تسلمت شهادة الأوروغوياني أيرزميندي",
    "author": "الرياض - عماد الصائغ",
    "content": "    أكد رئيس لجنة الاحتراف الدكتور عبدالله البرقان أن اللجنة تسلمت الشهادة الدولية للاعب وسط الشباب الاورغوياني هوغو دييغو ايرزميندي الذي يحمل الجنسيتان الاورغويانية والايطالية، وبذلك يحق له المشاركة مع فريقه في المباريات الرسمية. \nمن جهة أخرى استأنف الفريق تدريباته صباح أمس (السبت) بعد الراحة التي منحت للاعبين، وشهدت مشاركة لاعبا الوسط بدر السليطين وأيرزميندي بعد إنهائهما البرنامجي التأهيلي اللياقي وتعافيهما من الإصابة، وواصل الحارس وليد عبدالله برنامجه التأهيلي مع الجهازين الطبي واللياقي. ",
    "date_extracted": "2015-08-02 23:20:06"
}