{
    "url": "http://www.alriyadh.com/1070099",
    "title": "الغريمان يتفقان على طلب إلغاء عقوبات «السوبر»",
    "author": "الرياض -  عايض الطريسي",
    "content": "    تقدم فريقا الهلال والنصر بطلب رسمي للاتحاد السعودي لكرة القدم، بطلب السماح للاعبين الموقوفين من الفريقين وعددهم خمسة لاعبين بالمشاركة في نهائي كأس السوبر والمزمع إقامته في العاصمة البريطانية لندن في ال ١٢ من شهر أغسطس الجاري. \nوعلمت مصادر \"دنيا الرياضة \" بأن الاتحاد السعودي سيضطر للموافقة على طلب الناديين، بعد ان استندت لجنة الانضباط على أحد بنود الإيقاف التي تنص على أن يسري الإيقاف في المنافسات المقامة محلياً، وهو مايخالف اللقاء المقبل الذي سيقام خارجياً. \nوكانت \" دنيا الرياضة\" قد تواصلت خلال الأسبوع الماضي مع رئيس لجنة الانضباط المكلف فهد القحيز الذي أكد بأن لوائح الاتحاد السعودي ستعدل في المستقبل القريب من أجل البطولات المقبلة. \nيذكر أن هناك خمسة لاعبين موقوفين ضمن صفوف قطبي العاصمة الرياض، فمن النصر سيغيب الثلاثي حسين عبدالغني والمهاجم حسن الراهب والمدافع محمد عيد، ومن الهلال المهاجم ناصر الشمراني ولاعب الوسط سالم الدوسري. \nوجاءت عقوبة اللاعبين بسبب أحداث مع الجماهير التي حضرت نهائي كأس الملك في مدينة جدة الموسم المنصرم. ",
    "date_extracted": "2015-08-03 20:13:15"
}