{
    "url": "http://www.alriyadh.com/1070402",
    "title": "أمريكا تسلم مصر أبراج لدبابات «ابرامز»",
    "author": "القاهرة - رويترز",
    "content": "    قالت السفارة الأمريكية في القاهرة اليوم الثلاثاء إن الولايات المتحدة سلمت مصر خمسة أبراج لدبابات (ابرامز إم1 أيه1) في نطاق الإنتاج المشترك لهذا الطراز. \nوقالت السفارة في بيان إن الأبراج نقلت جوا من الولايات المتحدة إلى قاعدة شرق القاهرة الجوية ثم نقلت إلى مصنع الدبابات المصري للإنتاج المشترك للدبابة، وأضافت أن ذلك جاء \"في إطار الدعم الأمني الأمريكي المستمر لمصر.\" \nونقل البيان قول الجنرال تشارلز هوبر كبير مسؤولي الدفاع في السفارة الأمريكية بالقاهرة \"الإنتاج المشترك لدبابات إم1 أيه1 في مصر يعطي الشعب المصري والقوات المسلحة المصرية قدرات اقتصادية وأمنية قوية حيث أن تسليم الأبراج سيتيح الفرصة لأكثر من 2000 مواطن مصري للعمل في مصنع الإنتاج فضلا عن تزويد القوات المسلحة بوسائل إضافية لمحاربة التطرف في المنطقة.\" ",
    "date_extracted": "2015-08-04 18:16:05"
}