{
    "url": "http://www.alriyadh.com/1070373",
    "title": "وفاة مغربي اختناقاً خلال محاولته الدخول إلى إسبانيا مختبئاً داخل حقيبة",
    "author": "مدريد - د ب أ",
    "content": "    ذكرت الشرطة الإسبانية أمس الاثنين أن شاباً مغربياً يبلغ من العمر 27 عاماً قد توفي اختناقاً خلال محاولته الدخول والتسلل بطريقة غير شرعية إلى أسبانيا مختبئاً داخل حقيبة. وكان شقيق الشاب الذي يكبره والبالغ من العمر 34 عاماً قد وضع الحقيبة في سيارته قبل الصعود إلى عبارة من منطقة جيب \"مليلية\" الأسباني الواقع على ساحل شمال أفريقيا إلى ميناء \"ألميريا\" الإسباني. وعندما عاد الشقيق الأكبر إلى سيارته بعد خمس ساعات والتي كانت متوقفة تحت أشعة الشمس المباشرة اكتشف أن شقيقه لم يعد يتنفس وقام بتنبيه طاقم العبارة ليسارعوا في استدعاء الطاقم الطبي المرافق لهم على متن العبارة. وفشلت محاولات طاقم العبارة وفريقها الطبي والشقيق الأكبر في إفاقة الشاب الصغير الذي ربما كان قد توفي أصلاً قبل وقت من اكتشاف جثته. وألقت الشرطة القبض على شقيقه الأكبر للاشتباه في القتل غير العمد. وقالت السلطات الإسبانية بأن الشرطة المغربية منعت عبور أكثر من 400 لاجئ مغربي وأفريقي بجنسيات متعددة من دخول منطقة جيب \"مليلية\" في أوقات متفرقة خلال الأسبوع الماضي حيث أوقفتهم قبل وصولهم إلى السياج الحدودي. ",
    "date_extracted": "2015-08-04 18:17:39"
}