{
    "url": "http://www.alriyadh.com/1070367",
    "title": "الحقباني يلفت الأنظار في بطولة السوبر الأميركية للتنس",
    "author": "الرياض - خالد الحربي",
    "content": "    واصل قائد المنتخب السعودي للناشئين سعود الحقباني تقديمه للمستويات المميزة في بطولة السوبر الأميركية للملاعب الصلبة في مدينة ليتل رآك بولاية اركنسا، وتغلب أمس (الأثنين) على ممثل ولاية فلوريدا اللاعب الأميركي فليب مارتن بمجموعتين (6-4 و 6-3)، بعد مباراة قوية تميز فيها الحقباني بالضربات الساحقة واللعب الهجومي خصوصا على كرات المنافس القصيرة. وبذلك يتأهل إلى الدور ال32 ومواجهة ممثل الولايات الجنوبية كلارك شنايدر مساء اليوم الثلاثاء. ",
    "date_extracted": "2015-08-04 18:17:27"
}