{
    "url": "http://www.alriyadh.com/1070707",
    "title": "فرنسا تلغي عقد بارجتي «ميسترال» وتتعهد بتعويض روسيا",
    "author": "باريس - أ. ف. ب",
    "content": "    توصل الرئيس الفرنسي فرنسوا هولاند ونظيره الروسي فلاديمير بوتين إلى اتفاق في قضية عدم تسليم سفينتي ميسترال، بحسب ما أعلنت الرئاسة الفرنسية في بيان مساء الأربعاء. \nوأورد البيان أن الرئيسين \"تشاورا بعد ظهر اليوم بهدف التأكيد أن فرنسا وروسيا توصلتا إلى اتفاق لإنهاء العقد الموقع العام 2011 والذي كان يلحظ تسليم سفينتي رصد وقيادة من طراز ميسترال\"، مضيفا أنه \"سيتم دفع كامل الأموال التي نص عليها العقد\" لروسيا. ",
    "date_extracted": "2015-08-06 01:13:13"
}