{
    "url": "http://www.alriyadh.com/1069969",
    "title": "في الشباك",
    "author": "  (زائر)",
    "content": "    * كان الاتحاد السعودي للكرة الطائرة واضحاً وصريحاً في بيانه مع قضية الملهى الليلي، إذ كشف الحقيقة التي كانت غائبة، ونتمنى من جميع الاتحادات الأخرى الوضوح والشفافية، وأن تقف بالمرصاد لكل من يحاول الخروج عن القيم والاخلاق بابعاده وعدم دخوله المجال الرياضي مرة أخرى. \n* مشكلات الأندية المالية لن تحل الا بقرار من لجنة الاحتراف بتحديد تاريخ نهائي لاستقبال جميع الشكاوى خصوصاً من اللاعبين المحليين على أن تسقط جميع الحقوق المالية التي لم تستقبها لجنة الاحتراف قبل هذا التاريخ. \n* لقي قرار وزير الشؤون الاجتماعية الدكتور ماجد القصبي بتأسيس جمعية رعاية لاعبي كرة القدم القدامى تفاعلا كبيرا من الوسط الرياضي الذي يعول على هذه الجمعية الآمال العريضة لحل جزء كبير من مشكلات اللاعبين القدامى. \n* كان من المفترض أن تكون ادارة النصر واضحة منذ البداية في قضية التعاقد مع الماهجم الاوروغوياني رودريقو مورا أن تضع الجماهير والاعلام والوسط الرياضي في مختلف فئاته أمام الأمر الواقع، بدلا من الضبابية والتصريحات التي تأتي على طريقة (كاد المريب أن يقول خذوني)! \n* لم يختلف تصريح الخبير التحكيمي الانجليزي ري حول واقع التحكيم السعودي عما كان يردده الاعلام والجمهور الذي كان ينادي بالشفافية لدى اللجنة والشجاعة من الحكام في اتخاذ القرارات والدعم من اتحاد الكرة وعدم التصدي للمسيئين، بدلا من ترك الحبل على الغارب وعدم اصلاح الوضع! \n* جاء استمرار ياسر المسحل بالقرب من اصحاب القرار في الاتحاد الاسيوي بعضويته للجنة الانضباط ليؤكد ضرورة الاستفادة من هذه القدرة الادارية ودعمها نحو المناصب المهمة حتى تكون صوتا للكرة السعودية داخل اروقة الاتحاد القاري! \n \n\"صياد\" ",
    "date_extracted": "2015-08-03 20:13:35"
}