{
    "url": "http://www.alriyadh.com/1070053",
    "title": "أمير عسير يكرّم «سابتكو» الناقل الرسمي لمهرجان أبها",
    "author": "الرياض - أحمد الشمالي",
    "content": "    كرّم صاحب السمو الملكي الأمير فيصل بن خالد بن عبدالعزيز أمير منطقة عسير الشركة السعودية للنقل الجماعي \"سابتكو\" الناقل الرسمي البري لمهرجان أبها للتسوق السابع عشر للعام 2015، وذلك أثناء افتتاح سموه حفل المهرجان بمركز أبها الدولي. \nوقد أثنى رئيس اللجنة التنفيذية للمهرجان بالجهود الكبيرة التي تبذلها الشركة السعودية للنقل الجماعي ودورها الفاعل في نقل المصطافين والزوار إلى منطقة عسير على مختلف الاتجاهات وداخل المناطق السياحية. \nوقد تسلم درع التكريم مدير فرع الشركة بعسير سعيد القحطاني ممثل الشركة السعودية للنقل الجماعي، وتأتي مشاركة \"سابتكو\" في مهرجان أبها ورعاية المهرجان كناقل بري للعام السابع عشر على التوالي تأكيداً على حرص الشركة لدعم المناسبات الوطنية المختلفة، ومساهمتها في دعم مسيرة السياحة الوطنية في المصايف السعودية، والتي حققت قفزات كبيرة في استقطاب السياح والمصطافين. \nويُعد مهرجان أبها للتسوق أحد أهم عوامل الجذب السياحية في المملكة عامة والمنطقة الجنوبية خاصة، ويحظى بإقبال كبير من الزوار من داخل المملكة وخارجها وتسعى من خلاله الدولة إلى توفير الإمكانات بدعم وتوجيهات صاحب السمو الملكي الأمير فيصل بن خالد بن عبدالعزيز أمير منطقة عسير، حتى أصبحت منطقة عسير من أفضل مناطق الاصطياف ووجهة العديد من الأسر من داخل المملكة وخارجها، حيث توفر الشركة شبكة خطوط واسعة وفرصاً عديدة للسفر وبأسعار مناسبة على مدار العام إلى جميع مناطق الخدمات السياحية في المملكة ولا سيما مدينة أبها. ",
    "date_extracted": "2015-08-03 20:12:21"
}