{
    "url": "http://www.alriyadh.com/1069829",
    "title": "اتفاقية بين «قياس» و«المحاسبين» لتسهيل الحصول على «الزمالة»",
    "author": "",
    "content": "    وقعت الهيئة السعودية للمحاسبين القانونيين اتفاقية تعاون مع المركز الوطني للقياس والتقويم يوم الاربعاء 13/10/1436ه، تهدف هذه الاتفاقية إلى تنفيذ اختبار زمالة الهيئة في عدد من مناطق المملكة بشكل إلكتروني عبر مراكز الاختبارات المحوسبة التابعة لمركز قياس، وقد وقع الاتفاقية من جانب الهيئة د. أحمد بن أحمد المغامس أمين عام الهيئة فيما مثل المركز الوطني للقياس والتقويم رئيس المركز الأمير د. فيصل بن عبدالله المشاري آل سعود. \nهذا وسوف تسهل هذه الاتفاقية على الأفراد الراغبين في الحصول على شهادة الزمالة التقدم لهذه الاختبارات بسهولة ويسر، كما ستتيح إمكانية التقدم للاختبارات في مدن متعددة في أنحاء المملكة، ومن المقرر أن يكون أول اختبار ينفذه مركز قياس في شهر ديسمبر 2015 إن شاء الله. \nوقد صرح د. المغامس الأمين العام للهيئة السعودية للمحاسبين القانونيين قائلا: \"إن هدفنا يتمثل في تعزيز مهنة المحاسبة والمراجعة من كافة الجوانب التي تؤدي إلى تطوير المهنة وتحسين وضعها في المملكة، وفي هذا الصدد فإن اختيار مركز قياس لتنفيذ اختبار زمالة الهيئة والذي يحظى بسمعة ممتازة في تقديم الاختبارات والخدمات الخاصة بالتكنولوجيا في تنفيذ الاختبارات إلى الاعتماد على الحاسب الآلي وتطوير الامتحانات، وذلك باعتباره المركز الاول المتخصص في المملكة والعالم العربي سوف يكون مؤشر جيد لتحقيق النجاح والتطوير الدائم الذي نصبو إليه. \nالجدير بالذكر أن عدد المتقدمين لاختبار زمالة الهيئة في تزايد ملحوظ الأمر الذي يشير إلى الاهتمام والتقدير الذي تحظى به زمالة الهيئة السعودية للمحاسبين القانونيين في أوساط العاملين والمتخصصين في حقل المحاسبة والمراجعة، ومما جعل الهيئة تعتزم على عقد ثلاث اختبار بالسنة من بداية العام القادم، حيث يتوقع ان يتقدم له اكثر من الف متقدم لكل اختبار. ",
    "date_extracted": "2015-08-02 23:19:17"
}