{
    "url": "http://www.alriyadh.com/1069793",
    "title": "قادري: الخليج يعاني من تغير الطقس في إسبانيا",
    "author": "الدمام - عبدالله العبود",
    "content": "    اشاد مدرب الخليج جلال قادري بالحالة التي ظهر عليها الفريق أمام اتليتكو بلاسيو وفوزه بنتيجة 2-1 عن طريق المهاجمين فهد السويلم وعبدالله السالم خصوصا في ردة فعل اللاعبين بعد إدراك اتليتكو هدف التعادل وقال: \"المباراة بصفة عامة جيدة ولكن عابها تغير الطقس المفاجئ بعد هبوب رياح باردة، وبالتأكيد هي تجربة جيدة بانتظار خوض آخر مباراتين وديتين في معسكر اسبانيا\". \nوشهدت المواجهة تعرض مهاجم الخليج سامر سالم للإصابة لم يستطع اكمال المباراة ونقل على اثرها للمستشفى وخضع لفحوصات دقيقة لتشخيص الاصابة واثبتت النتائج انها كدمة في جانبه الأيمن وسيخضع للعلاج ولن تعيقه عن المشاركة في التدريبات المقبلة، ويستأنف الخليج اليوم (الأحد) تحضيراته بعد الراحة السلبية التي منحها المدرب للاعبين بعد المباراة. \n من جهة ثانية أقام أعضاء بعثة الخليج واللاعبين بعد نهاية ودية اتلتيكو بلاسيوس حفل مبسط لإداري الفريق وهبي المرزوق للجهود المميزة التي يقدمها طيلة أيام المعسكر، وأبدى المرزوق سعادته بهذه المفاجأة والتي تؤكد مدى العلاقة المتميزة بين اللاعبين وأعضاء الجهاز الاداري والفني. ",
    "date_extracted": "2015-08-02 23:20:15"
}