{
    "url": "http://www.alriyadh.com/1070126",
    "title": "الكويت تعلن تأجيل كأس «خليجي ٢٣» لمدة عام واحد",
    "author": "متابعة - عايض الطريسي",
    "content": "    قرر أمناء سر الاتحادات الخليجية تأجيل بطولة كأس \"خليجي 23 \" المقرر إقامتها بالكويت لمدة عام حتى ديسمبر ٢٠١٦ بعد تقديم الاتحاد الكويتي لكرة القدم بطلب لتأجيل بعد الاجتماع الذي تم صباح اليوم بفندق كراون بلازا . \nوعلل الاتحاد الكويتي التأجيل، لعدم جاهزية الملاعب المحلية، بسبب الصراع الدائر بين اتحاد الكرة والهيئة العامة للشباب، فضلاً عن صعوبة طرح دولة بديلة، حيث إن الدولتين المرشحتين كبديل وهما قطر والإمارات لم تبديا حماساً، كما أن فترة ثلاثة أشهر ليست كافية لتنظيم البطولة. يذكر أن الكويت سبق و أن استضافت البطولة 3 مرات كان أخرها في 2003. ",
    "date_extracted": "2015-08-03 20:09:21"
}