{
    "url": "http://www.alriyadh.com/1070392",
    "title": "جوارديولا يثير الشكوك حول لياقة شفاينشتايجر",
    "author": "ميونيخ - رويترز",
    "content": "    أثار بيب جوارديولا مدرب بايرن ميونيخ الشكوك حول باستيان شفاينشتايجر المنضم لمانشستر يونايتد وقال إن لاعبه السابق لم يكن لائقا بشكل تام من الناحية البدنية على مدار آخر ثلاثة مواسم. \nويرى جوارديولا أن شفاينشتايجر (31 عاما) سيكون بوسعه تحقيق النجاح في الدوري الإنجليزي الممتاز بشرط أن يبتعد عن الإصابات. \nونقلت وسائل إعلام بريطانية عن جوارديولا قوله \"إذا لم يتعرض للإصابات فإني أثق تماما في ظهوره بشكل رائع مع مانشستر يونايتد.\"، وأضاف \"لسوء الحظ وعلى مدار آخر ثلاثة أعوام لم يكن أبدا في حالة جيدة. إنه سيلعب بشكل جيد هناك وأتمنى بالفعل حدوث ذلك.\" \nوقضى شفاينشتايجر - الفائز مع ألمانيا بكأس العالم الماضية - 17 عاما في بايرن قبل أن ينتقل إلى يونايتد منذ أسابيع. ",
    "date_extracted": "2015-08-04 18:16:10"
}