{
    "url": "http://www.alriyadh.com/1070200",
    "title": "400 لوحة تعريفية وتوعوية   للانتخابات البلدية بمكة المكرمة",
    "author": "مكة المكرمة - خالد عبدالله",
    "content": "    أنهت اللجنة المحلية للانتخابات البلدية في الدورة الثالثة 1436 / 1437ه بمكة المكرمة ممثلة في لجنة الإعلام والتوعية، تركيب لوحات مراكز قيد المرشحين في مكة المكرمة والجموم ومدركه وعسفان البالغ عددها 30 مركزاً للرجال و17 مركزاً للنساء. \nكما أنهت تركيب 400 لوحة تعريفية وتوعوية في الشوارع والطرقات الرئيسة، وقامت بتوزيع أكثر من 250 لوحة تعريفية بالحملة في الأسواق التجارية والحدائق العامة، وتركيب أكثر من 10 لوحات على الجسور، وتوزيع أكثر من 50 لوحة على الطرقات الدائرية في مكة المكرمة، بالإضافة إلى تشغيل 50 شاشة تفاعلية داخل مبنى الأمانة والبلديات الفرعية، و10 شاشات إلكترونية في مداخل مكة المكرمة لبث رسائل توعوية على مدار الساعة. \nوأوضح رئيس فريق الإعلام والتوعية شادي بن عبدالقادر كابلي، أن اللجنة تعمل بتوجيه ومتابعة مستمرة من أمين العاصمة المقدسة رئيس اللجنة المحلية للانتخابات بمكة المكرمة د. أسامة بن فضل البار، لتوعية أفراد المجتمع المكي وساكني محافظات الجموم ومدركة وعسفان بأهمية الانتخابات البلدية والمشاركة فيها لتحقيق رؤية القيادة الرشيدة - رعاها الله -، في مشاركة أبناء الوطن في التنمية الشاملة التي تشهدها بلادنا. \n لافتا إلى أنه سيتم الأسبوع القادم بمشيئة الله تعالى تفعيل خدمة التوعية عبر الرسائل النصية، بواقع 500 ألف رسالة توعوية. \nوبين كابلي أنه تم التنسيق مع العديد من مؤسسات المجتمع المدني والحكومي لدعم مسيرة الانتخابات البلدية في دورتها الثالثة والمشاركة في بث الرسائل التوعوية والتثقيفية والإعلامية لأفراد المجتمع وتعريفهم بالحملة الانتخابية البلدية وأهمية المشاركة فيها من الجنسين، علاوة على الاستفادة من التقنيات الحديثة ومواقع التواصل الاجتماعي المختلفة للوصول إلى أفراد المجتمع، مشيراً إلى أن الخطة الإعلامية والتوعية تنفذ على عدة مراحل لتواكب مراحل الحملة الانتخابية. ",
    "date_extracted": "2015-08-04 18:16:33"
}