{
    "url": "http://www.alriyadh.com/1070260",
    "title": "فايز المالكي ضد داعش في مسرحية «الرحلة»",
    "author": "جدة - منى الحيدري",
    "content": "    طرحت المسرحية الكوميدية \"الرحلة\" في أول عرض لها ضمن مهرجان جدة 36 عدة قضايا اجتماعية من أهمها قضية داعش والعنف والإجرام الذي يمارسه هذا التنظيم الإرهابي، حيث تدور أحداث المسرحية حول الطلبة المبتعثين وما يعترضهم من أخطار من بينها خطر استغلال تنظيم داعش وتجنيدهم لصالح هذه الفئة الباغية التي لا تمت إلى الإسلام بصلة. وحذّر نجوم المسرحية من \"إرهاب الدّواعش\" الناتج عن انحراف نفسي أو اجتماعي خاص ومعزول في الزمان والمكان. \nالمسرحية التي لعب بطولتها كل من فايز المالكي ومحمد علي ونايف فايز، وأخرجها خالد الباز، كادت أن تؤجل بسبب وفاة عم فايز المالكي قبيل انطلاق عروضها إلا أن المالكي أصر على عرض المسرحية في موعدها تقديراً الذي حضر العرض وتجاوز عدده حاجز الثلاثة آلاف مشاهد في مسرح  مركز جدة الدولي للمعارض والمؤتمرات. \nوإلى جانب قضية داعش، فقد تناول المالكي في أغلب فصول العرض قضايا محورية تتعلق بشباب الابتعاث، مشيداً بالجوانب الإيجابية المشرفة للمبتعثين، ومنتقداً السلبيات، من خلال شخصيته التي جسدها في المسرحية. كما وجه الانتقاد للتقنية التي دخلت المجتمع ودمرت أخلاقياته وسلوكه. ",
    "date_extracted": "2015-08-04 18:15:50"
}