{
    "url": "http://www.alriyadh.com/1070051",
    "title": "13 مليون راكب سافروا عبر مطار الملك خالد في سبعة أشهر",
    "author": "الرياض - أحمد غاوي",
    "content": "    سجّل مطار الملك خالد الدولي نمواً في عدد ركاب الرحلات الداخلية والدولية في مرحلتي القدوم والمغادرة بنسبة ٩٪ حتى نهاية شهر يوليو من هذا العام ٢٠١٥، مقارنة بنفس الفترة من العام الماضي ٢٠١٤. ووفقاً للبيانات الإحصائية الأولية الصادرة عن المطار، فقد بلغ عدد الركاب حتى نهاية شهر يوليو من هذا العام حوالى ١٣ مليون راكب مقارنة بحوالي ١١,٩ مليون راكب عن نفس الفترة من العام السابق، وارتفع متوسط عدد الركاب اليومي خلال هذه الفترة من هذا العام إلى حوالي ٦١,٣ ألف راكب يومياً مقارنة بحوالي ٥٦,٣ ألف راكب يومياً عن نفس الفترة من العام الماضي، بزيادة خمسة آلاف راكب يومياً. \n \n \n \nمن جهته أكد يوسف العبدان مدير مطار الملك خالد الدولي بالرياض أن زيادة العدد يرجع الى زيادة في رحلات الداخل وخاصة للوجهات الأكثر طلباً مثل جدة، وكذلك زيادة عدد المشغلين الدوليين من شركات الطيران العالمية، حيث اصبح عددها 40 مشغل طيران دولي، وكان آخرها شركة الطيران اليونانية التي بدأت رحلاتها بين الرياض وأثينا مع منتصف شهر يوليو الماضي. ",
    "date_extracted": "2015-08-03 20:12:20"
}