{
    "url": "http://www.alriyadh.com/1070032",
    "title": "حقوق الإنسان العربية تعد «اليمن» بتوثيق لانتهاكات الحوثي والمخلوع",
    "author": "الرياض- أسمهان الغامدي",
    "content": "    وعدت لجنة حقوق الانسان العربية تشكيل فريق عمل لرصد وتوثيق كافة انتهاكات القانون الإنساني الدولي والانتهاكات الجسيمة لحقوق الإنسان التي أحدثها الحوثيون والمخلوع في دولة اليمن، وذلك بالنظر لمقررات جامعة الدول العربية، وكون الجمهورية اليمنية دولة طرف في الميثاق العربي لحقوق الإنسان، وبناء على مهام وولاية اللجنة من منطلق مسؤولياتها ومهامها المحددة بموجب الميثاق العربي, تلبية لمطالب الحكومة الشرعية في اليمن الداعية لتوثيق جرائم انتهاكات القانون الإنساني الدولي وجرائم الحرب وغيرها من الانتهاكات الجسيمة لحقوق الإنسان في اليمن. \nحيث ان عملية تحرير مدينة عدن كشفت عن أنماط الجرائم المنهجية المرتكبة من جانب التمرد المسلح والتي شملت القصف العشوائي للمدنيين وللأعيان والممتلكات المدنية، وإعدامات خارج القانون، والقصف المباشر للأحياء السكنية، فضلا عن الحصار المفروض على المدن اليمنية الأخرى وأعمال الاعتقال للسكان المدنيين. \nجاء هذا على هامش زيارة حقوق الانسان اليمني عزالدين الأصبحي لرئيس لجنة حقوق الانسان العربية الدكتور هادي اليامي, حيث دعا د.اليامي كافة هيئات حماية حقوق الإنسان في جامعة الدول العربية والأمم المتحدة، وخاصة مجلس حقوق الإنسان للتحرك الفوري للتحقيق في الجرائم التى تم ارتكابها في اليمن من قبل المليشيات الحوثية وإعداد تقرير عنها توطئة لملاحقة المتورطين ومحاسبتهم على هذه الجرائم، مطالبا كافة الهيئات المسؤولة عن تقديم الإغاثة والدعم لتكثيف جهودها لتطويق الأزمة الإنسانية الصعبة التى يرزح تحتها ملايين السكان المدنيين. \n \n \nالأصبحي: تمرد الحوثي وصالح المسلح خطرٌ على حقوق الإنسان العالمية \n \n \nوأبان اليامي أنه استعرض مع وزير حقوق الانسان اليمني الوضع المأساوي الذي يعيشه اليمن جراء الانتهاكات الممنهجة التي قامت بها جماعة الحوثي والقوات الموالية للرئيس السابق ضد المدنيين الابرياء, مؤكدا على دعم مسار حقوق الانسان باليمن وتلبية دعوة الحكومة اليمنية الى زيارة عدن وتعز وكل المناطق اليمنية. \nكما شدد اليامي على ان لجنة حقوق الإنسان العربية تعتبر أن التمرد المسلح الذي تقوده جماعة الحوثي والقوات الموالية للرئيس السابق تهديدا خطيرا وجسيما لجملة الحقوق والحريات الواردة في الميثاق العربي لحقوق الإنسان ومعايير حقوق الإنسان العالمية. \nوأضاف اليامي إن التمرد المسلح يشكل اعتداء مباشرا ومتواصلا على حق الشعوب في تقرير مصيرها، وعلى الأخص حرية الشعب اليمني في اختيار نمط نظامه السياسي، وحقه في العيش تحت ظل السيادة الوطنية والوحدة الترابية والتي جاءت في مقدمة الحقوق الواردة في الميثاق العربي لحقوق الإنسان. \nواكد ان نتائج التمرد والنزاع المسلح قد أدت لتدهور الأوضاع الإنسانية لملايين المواطنين اليمنيين فضلا عن النزوح الداخلي وتفاقم اللجوء، وانهيار مؤسسات الدولة بما فيها المرافق الأساسية في الكهرباء وإمدادات المياه وتوفير الوقود والغذاء والسلع الأساسية . \nومن جهته قال وزير حقوق الانسان عزالدين الاصبحي ان التمرد المسلح يشكل اعتداء مباشرا ومتواصلا على حق الشعوب في تقرير مصيرها، وعلى الأخص حرية الشعب اليمني في اختيار نمط نظامه السياسي، وحقه في العيش تحت ظل السيادة الوطنية والوحدة الترابية والتى جاءت في مقدمة الحقوق الواردة في الميثاق العربي لحقوق الإنسان. \nواعتبر أن التمرد المسلح الذى تقوده جماعة الحوثي وصالح يعد تهديدا خطيرا وجسيما لجملة الحقوق والحريات الواردة في الميثاق العربي لحقوق الإنسان ومعايير حقوق الإنسان العالمية. ",
    "date_extracted": "2015-08-03 20:09:55"
}