{
    "url": "http://www.alriyadh.com/1070192",
    "title": "رئيس التحرير يتلقى عدداً من التهاني",
    "author": "  (زائر)",
    "content": "    تلقى الزميل راشد بن فهد الراشد رئيس التحرير عدداً من التهاني بمناسبة تعيينه رئيساً للتحرير. \nوعبّر المهنئون عن تمنياتهم للزميل راشد الراشد بالتوفيق في عمله، وأن يعينه الله على تحمل المسؤولية، فيما أشادوا بما قدمه الزميل راشد الراشد من إسهامات في جريدة «الرياض» على مدى السنوات الماضية، إلى جانب ما يتمتع به من مهنية عالية في الصحافة. وفيما يلي خطابات التهنئة التي تلقاها رئيس التحرير: \n \nعبداللطيف الجبر \nبعث عبداللطيف بن حمد الجبر خطاب تهنئة جاء فيه: «يسعدني أن أبارك لكم اختياركم رئيساً لتحرير جريدة الرياض الغراء، وأدعو المولى عز وجل أن يعينكم على تحمل هذه المسؤولية وأن تكونوا خير خلف لخير سلف لتستمر جريدة «الرياض» كما عهدناها منارة للثقافة والتنوير الإعلامي». \n \nعبدالله الحقيل \nفيما كتب عبدالله بن حمد الحقيل أمين عام دارة الملك عبدالعزيز الأسبق: «أبعث لسعادتكم بأسمى آيات التهاني وأطيب الأمنيات بمناسبة تعيينكم رئيساً لتحرير جريدة «الرياض» وأنتم أهل لها لما عُرفتم به من تاريخ صحفي عريق وكفاءة وخبرة وممارسة للعمل الصحفي عبر سنوات طويلة. أسأل الله أن يمدكم بعونه الدائم وتوفيقه المستمر، ويعينكم على تحمل هذه المسؤولية الوطنية، ومع المزيد من التوفيق تقبلوا خالص تحياتي وتقديري». \n \nعبدالعزيز الفايز \nوهنأ الدكتور عبدالعزيز بن إبراهيم الفايز سفير خادم الحرمين الشريفين لدى دولة الكويت الزميل راشد الراشد في خطاب جاء فيه: «يسرني أن أتقدم لسعادتكم بأجمل التهاني والتبريكات باختياركم رئيساً لتحرير جريدة «الرياض» الغراء والتي قدمتَ لها الكثير خلال السنوات الماضية بما عُرف عنكم من كفاءة عالية في المجالات الثقافية والإعلامية داعياً الله عز وجل لكم بدوام التوفيق والسداد». \n \nعبدالوهاب الفايز \nوكتب عبدالوهاب الفايز رئيس تحرير صحيفة «اليوم»: «تلقيت ببالغ السرور نبأ تكليفكم برئاسة تحرير صحيفة «الرياض»، والذي جاء تتويجاً لمسيرتكم العطرة ولما تتمتعون به من خبرة في عالم الصحافة. متمنياً لكم دوام التوفيق والسداد والتقدم». \n \nرشيد الحصان \nوبعث رشيد بن عبدالعزيز الحصان الرئيس العام لمجموعة «الحصان» للتعليم والتدريب القابضة خطاباً جاء فيه: «يطيب لي باسمي واسم العاملين في مجموعة الحصان للتعليم والتدريب القابضة أن نرفع إليكم صادق التهاني والتبريكات على تعيينكم رئيساً لتحرير جريدة «الرياض»، متمنين لشخصكم الكريم التوفيق والمزيد من الإنجازات». \n \nد. توفيق خوجة \nفيما كتب الأستاذ الدكتور توفيق بن أحمد خوجة مدير المكتب التنفيذي لمجلس وزراء الصحة لدول مجلس التعاون خطاب تهنئة جاء فيه: «تلقيت بمزيد من التقدير والامتنان نبأ تعيين سعادتكم رئيساً لتحرير جريدة «الرياض»، وبهذه المناسبة فإنه يطيب لي أن أتوجه لسعادتكم باسمي شخصياً وباسم مجلس وزراء الصحة لدول مجلس التعاون ومكتبه التنفيذي بأطيب التهاني والتبريكات وبأرق التهاني العطرة مفعمة بالأمنيات القلبية الصادقة داعياً الله عز وجل لسعادتكم بدوام التوفيق والسداد وأن يعينكم على تحمل المسؤولية التي أنتم أهل لها وتستحقونها عن جدارة وتعكس ما عُرف عن سعادتكم من جد واجتهاد وعمل دؤوب، وأن هذا ليس بمستغرب على سعادتكم منذ أن عرفناكم أخاً كريماً معطاء يستحق كل مكانة يحظى بها ويحصل عليها فأنتم ولله الحمد خير خلف لخير سلف.. معرباً في الوقت نفسه لسعادتكم ولجميع العاملين في جريدة «الرياض» عن وافر شكري وتقديري على كريم جهودكم الخيرة وإسهاماتكم المتميزة في دعم مسيرة العمل الصحي الخليجي المشترك وتوطيد أواصر التعاون من خلال نشر الرسالة الصحية الهادفة عبر جريدتكم الغراء وتفعيل وإبراز أنشطة برامج وأنشطة المكتب التنفيذي لمجلس وزراء الصحة لدول مجلس التعاون. مرة أخرى أهنئ سعادتكم داعياً الله عز وجل أن يكلل جهودكم دائماً بالتوفيق وأن يسدد على طريق الخير خطاكم». \n \nحمد الشنيبر \nوكتب حمد بن عبدالله الشنيبر المدير العام للتعليم في منطقة الرياض بالإنابة، «لقد أسعدني كثيراً خبر الثقة الغالية التي فزتم بها من قبل مجلس إدارة مؤسسة اليمامة الصحفية لتولي منصب \"رئيس تحرير جريدة الرياض\" وهذا ليس بغريب عليكم فعملكم وخبرتكم الإعلامية الكبيرة والمميزة التي تملكونها كان لها الأثر الكبير في تطوير وازدهار جريدة الرياض وتربعها على قمة الصحافة العربية. فيسرني تهنئتكم بهذا المنصب الجديد ولجريدة الرياض مزيداً من التطور والازدهار والرقي». \n \n \n \n \n \n \n \n \n \n \n \n \n \n \n \n ",
    "date_extracted": "2015-08-04 18:16:29"
}