{
    "url": "http://www.alriyadh.com/1070304",
    "title": "أودية جازان تفيض من خير السماء",
    "author": "جازان - حمد دقدقي",
    "content": "    شهدت منطقة جازان خلال اليومين الماضيين هطول أمطار كثيفة عاشتها معظم المحافظات، شملت كل من الدائر، والعبدابي، وهروب، وفيفا، والحرث، وأبي عريش، والطوال، وصامطة وأحد المسارحة، والعارضة، جرت معها كل من أودية قصي، وجورى، ووادي خلب، والملح، وتعشر، ومقاب، وضمد. \nالمتحدث الرسمي لمديرية الدفاع المدني بمنطقة جازان الرائد يحيى القحطاني أكد أن فرقة الدفاع المدني بمحافظة ضمد تمكنت من إنقاذ تسعة أشخاص من الغرق داخل وادي ضمد، مشيرا إلى سقوط مركبة في وادي ضمد بالقرب من مزلقان السد وتم إخراجها من قبل فرقة الدفاع المدني بالعيدابي بعد أن نجا قائدها من السيول. \nوأشار إلى أنه تم رفع درجة الاستعداد والمواجهة بإدارات ومراكز الدفاع المدني بالمنطقة باتخاذ الاحتياطات والتجهيزات، لمواجهة أي حوادث تنتج عن الأمطار -لا سمح الله- وحذر من عدم نزول الأودية أثناء جريانها، واتباع تعليمات دوريات السلامة في الأودية. \n \n ",
    "date_extracted": "2015-08-04 18:15:48"
}