{
    "url": "http://www.alriyadh.com/1070346",
    "title": "مهرجان التمور في البدائع ينطلق.. غداً",
    "author": "البدائع - فهد اللويحق",
    "content": "    أكملت بلدية محافظة البدائع استعداداتها لانطلاق مهرجان التمور في موسمه الثامن في مقر السوق شرق جامع الملك عبدالعزيز. \nويتوقع أن يشهد السوق إقبالاً كبيراً لعدة أسباب، أهمها؛ كثرة المنتج والذي يفوق المليون نخلة وتنوع التمور، وكذلك وقت العرض والذي يبدأ دائماً بعد صلاة العصر، إضافة إلى أن محافظة البدائع تتوسط محافظات القصيم. \nوستكون بداية الانطلاقة يوم غد الأربعاء الموافق ١٤٣٦/١٠/٢٠ ولمدة شهر، وستكون الفرصة سانحة أمام الشباب للعمل في السوق في ظل تطور وحجم العرض والطلب والذي يفتح المجال أمام الشباب للعمل في الدلالة أو التسجيل أو التغليف أو النقل. ",
    "date_extracted": "2015-08-04 18:17:13"
}