{
    "url": "http://www.alriyadh.com/1070382",
    "title": "قنصل عام المملكة بلوس أنجلوس يؤكد سلامة السعوديين من الحرائق",
    "author": "لوس أنجلوس - واس",
    "content": "    أكد السفير فيصل السديري القنصل العام للمملكة العربية السعودية في لوس انجلوس، أنه لا يوجد أي مواطن سعودي قريب من الحرائق التي اندلعت في شمال ولاية كاليفورنيا، مشيراً إلى أن القنصلية لم تسجل أي اتصال من المواطنين في كاليفورنيا. \nوأوضح أن هذا الموضوع محل اهتمام القنصلية حيث تم تفعيل خطة الطوارئ المرسومة من قبل وزارة الخارجية في مثل هذه الحالات، داعيا الله أن يحفظ الجميع من كل مكروه. ",
    "date_extracted": "2015-08-04 18:16:12"
}