{
    "url": "http://www.alriyadh.com/1070319",
    "title": "البنك السعودي للاستثمار يعايد 1000 عميل عبر استرداد مبالغ مشترياتهم لحساباتهم",
    "author": "saad2019",
    "content": "    بمناسبة عيد الفطر وفي إطار التميز الذي يسجله البنك السعودي للاستثمار ربح أكثر من 1000 عميل اختارهم النظام بشكل عشوائي فرصة استرداد مشترياتهم أيام العيد، بعد استخدامهم بطاقة الصراف الآلي في الفترة التي امتدت من 16 يوليو ولمدة 6 أيام، عبر استرداد العميل مبلغ مشترياته التي تتراوح قيمتها مابين 200 ريال وحتى 1500 ريال، ولاقى العرض استحسان الكثير من العملاء الذين ترجموا ذلك عبر إشادتهم بالعرض في مواقع التواصل الاجتماعي. \nوتأتي هذه الخطوة لتؤكد مشاركة البنك عملاءه أفراحهم عبر تقديم هذا العرض كهدية لعملائه الكرام خلال أيام العيد. ",
    "date_extracted": "2015-08-04 18:16:55"
}