{
    "url": "http://www.alriyadh.com/1070261",
    "title": "افتتاح معرض «ضوء سعودي» في الأردن",
    "author": "الجوف - قبيّل الشمري",
    "content": "    احتضن المركز الثقافي الأردني في عمّان فعاليات المعرض الفوتوغرافي \"ضوء سعودي\" الذي اشتمل على 75 صورة فوتوغرافية ل 63 فنانا من مختلف مناطق المملكة. وشهد حفل افتتاح المعرض حضور نخبة من المهتمين بالشأن الثقافي في المملكة والأردن من بينهم حاتم خياط مسؤول الشؤون الاقتصادية والثقافية بسفارة المملكة بالأردن، وحسين الشهراني مشرف الشؤون الثقافية بالملحقية الثقافية، وسلطان البازعي رئيس مجلس إدارة جمعية الثقافة والفنون، وتركي رضيمان مدير \"فنون\" الحدود الشمالية إلى جانب علي كتانه رئيس الجمعية الأردنية للتصوير. ",
    "date_extracted": "2015-08-04 18:15:51"
}