{
    "url": "http://www.alriyadh.com/1070227",
    "title": "كيري: أميركا ودول الخليج تعتزم التصدي للأعمال المزعزعة للاستقرار",
    "author": "الدوحة - وكالات الأنباء",
    "content": "    قال وزير الخارجية الأميركي جون كيري امس إن الولايات المتحدة وحلفاءها العرب في الخليج يستعدون للتصدي للأعمال التي تزعزع الاستقرار في الخليج. \nجاء ذلك عقب محادثات في دول خليجية عربية بشأن اتفاق نووي بين إيران والقوى العالمية. \nوأضاف كيري في مؤتمر صحافي أنه اتفق ونظراؤه في مجلس التعاون الخليجي على أنه بمجرد تطبيق الاتفاق بالكامل فإنه سيسهم في أمن المنطقة. \nوتابع أن الوزراء بحثوا أيضا الدفاع الصاروخي ونقل السلاح. وأشار إلى أن هناك المزيد من التعاون الأميركي مع دول الخليج يشمل تبادل معلومات المخابرات وتدريب القوات الخاصة. \nمن جانبه اعلن وزير الخارجية القطري اثر اللقاء الذي ضم وزير الخارجية الاميركي جون كيري ووزراء خارجية دول مجلس التعاون الخليجي ان الاتفاق النووي مع ايران هو \"افضل خيار\" متوافر. \nوقال الوزير خالد العطية في مؤتمر صحافي مع كيري في الدوحة ان الاتفاق مع ايران \"كان افضل خيار بين خيارات اخرى للتوصل الى حل لقضية البرنامج النووي الايراني عبر الحوار\". \nوسعى وزير الخارجية الاميركي جون كيري امس الى طمأنة نظرائه في دول الخليج العربية الذين بدأ لقاءه معهم في الدوحة حيال مزايا الاتفاق مع ايران حول برنامجها النووي لامن المنطقة. \nويقوم كيري بجولة في المنطقة قادته الى مصر. وهو ضيف اجتماع استثنائي في الدوحة لوزراء خارجية دول مجلس التعاون الخليجي. \nكما سيعقد كيري اجتماعا ثلاثيا مع نظيريه الروسي سيرغي لافروف والسعودي عادل الجبير لبحث النزاعين في سورية واليمن، كما ذكر دبلوماسي في الخارجية الاميركية. \nوأكد وزير الخارجية القطري خالد بن محمد العطية في افتتاح اجتماع المجلس في فندق فخم في الدوحة، من جديد انه يجب حماية الشرق الاوسط \"من اي تهديد بالاسلحة النووية\"، داعيا الى استخدام \"الطاقة والتكنولوجيا النووية المدنية لغايات سلمية\". \nوكان مسؤول في الخارجية الاميركية صرح ان زيارة كيري للدوحة هي \"فرصة فعلية ليعمق وزير الخارجية النقاش مع نظرائه في مجلس التعاون الخليجي للرد على اي سؤال متبق ولطمأنتهم وضمان دعمهم لجهودنا في المضي قدما\". \nواعرب الكثير من دول الخليج عن مخاوف حيال طموحات ايران الاقليمية في اعقاب الاتفاق مع الدول العظمى في مجموعة 5+1 التي تضم الولايات المتحدة وفرنسا وبريطانيا وروسيا والصين والمانيا. \nوبدأ كيري نهاره بلقاء أمير قطر تميم بن حمد ال ثاني والجبير قبل التوجه الى اللقاء المقرر مع وزراء مجلس التعاون الخليجي. \nووصل كيري الى الدوحة الاحد وافدا من القاهرة بعد زيارة مصر في نهاية الاسبوع ليؤكد لنظيره المصري سامح شكري والرئيس عبد الفتاح السيسي ان الاتفاق التاريخي مع ايران سيعزز الامن في الشرق الاوسط. \nوقال كيري في مؤتمر صحافي مع سامح شكري في القاهرة، المحطة الاولى في جولة تهدف الى حشد التأييد للاتفاق، \"لا شك على الاطلاق في انه اذا تم تطبيق اتفاق فيينا بالكامل، فانه سيجعل مصر وجميع دول المنطقة اكثر امانا من قبل\". \nوتخشى مصر ودول اقليمية اخرى طموحات ايران الاقليمية، التي تدعم نظام الرئيس السوري بشار الاسد في سورية ومتهمة بدعم تمرد الحوثيين في اليمن. \nوتابع الوزير الاميركي في ختام \"الحوار الاستراتيجي\" الاميركي المصري الذي جرى للمرة الاخيرة في 2009، ان \"الولايات المتحدة ومصر تقران بان ايران تقوم بانشطة تزعزع الاستقرار في المنطقة، ولذلك من المهم للغاية ان نضمن ان يبقى برنامج ايران النووي سلميا بالكامل\". \nواضاف \"بما ان ايران تقوم بانشطة تزعزع الاستقرار، فمن الافضل باشواط الا تملك سلاحا نوويا\". \nوفي طهران اعتبر الرئيس الايراني حسن روحاني ان الاتفاق النووي مع القوى الكبرى سيخلق \"مناخا جديدا\" لتسوية الازمات الاقليمية مثل اليمن وسورية. \nوقال روحاني في خطاب متلفز الاحد \"سنشدد على مبادئنا في المنطقة، الا انه من المؤكد تماما ان الاتفاق النووي سيخلق مناخا جديدا لتسويات سياسية اكثر سرعة\" للازمات في المنطقة. \nكما شدد على \"ان الحل في النهاية سيكون سياسيا في اليمن، وفي سورية ايضا الحل سيكون سياسيا في النهاية. ان الاجواء ستكون افضل قليلا للتحركات التي سنقوم بها، كما سنحافظ على مبادئنا\". \nوقال كيري ان \"الولايات المتحدة ومصر تجدان قاعدة اكثر صلابة لعلاقتهما\". \nوفي اطار رفع تجميد مساعداتها العسكرية، اعلنت واشنطن الخميس عن تسليم القاهرة ثماني طائرات من طراز اف-16 من اصل 12 مقاتلة وعد بها الرئيس باراك اوباما في مارس. \nوقال كيري \"لقد ضاعفنا بشكل كبير التعاون العسكري، وهو ما يشير اليه تسليم طائرات اف-16 ومعدات وتجهيزات اخرى ضرورية لمكافحة الارهاب\". \nلكنه تطرق امام الصحافيين الى ضرورة ان تجد مصر \"توازنا\" بين \"مكافحة الارهاب\" في مواجهتها لتمرد متطرف غير مسبوق و\"احترام حقوق الانسان\". \nولا تشمل جولة وزير الخارجية الاميركي التي تستمر حتى 8 اغسطس محطة في اسرائيل الحليفة المقربة للولايات المتحدة والتي تعارض بشدة الاتفاق مع ايران. \n \n ",
    "date_extracted": "2015-08-04 18:16:45"
}