{
    "url": "http://www.alriyadh.com/1070111",
    "title": "وظيفة معيد بكلية الهندسة بجامعة الملك عبدالعزيز",
    "author": "الرياض - واس",
    "content": "    أعلنت كلية الهندسة بجامعة الملك عبدالعزيز توفر وظيفة معيد بقسم الهندسة المدنية تخصص \"هندسة مدنية - هندسة مساحة\" للعام الدراسي 1435 / 1436هــ . \n \nواشترطت الكلية على المتقدم أن يكون سعودي الجنسية وحاصلًا على درجة البكالوريوس في تخصص \" الهندسة المدنية\" من جامعة سعودية أو أي جامعة أخرى معترف بها، وأن لا يقل التقدير في البكالوريوس عن جيد جدًا، مع حسن السيرة والسلوك، وأن لا يتجاوز العمر (30) سنة، مع الحصول على الدرجة المطلوبة في التوفل, أو STEP أو IELTS 0 . \n \nودعت الراغبين إلى تقديم الطلبات مصحوبة بالأوراق الثبوتية من وثيقة تخرج وكشف درجات معتمد وشهادات الدورات والدبلومات التي اجتازها إن وجدت إلى مكتب رئيس قسم الهندسة المدنية بمبنى كلية الهندسة رقم 44 غرفة رقم 44C24 أو على العنوان البريدي ص.ب 80204 جدة 21589 أو البريد الالكتروني eng.ce@kau.edu.sa ،بدءًا من تاريخ 1 إلى 30 /11 / 1436هـ خلال الدوام الرسمي. ",
    "date_extracted": "2015-08-03 20:10:53"
}