{
    "url": "http://www.alriyadh.com/1070121",
    "title": "دراسة: الصراخ بكلمة «آآه» مسكن للألم",
    "author": "متابعة - محمد سمير",
    "content": "    توصلت دراسة أجراها عالمان في جامعة سنغافورة إلى أن الصراخ يساعد على تسكين الألم بالنسبة للمرضى والصابين والذين يعانون من بعض الآلام الجسدية والنفسية. \nوأكدت الدراسة التي أجراها العالمان \"جونوفياف سوي\" و\"آنت شريمر\" أن الصراخ بقول \"آه\" في اللغات الإنجليزية والفرنسية والإيطالية والصينية، يمكنه تسكين الألم وتخفيفه حيث أنه عند وصول هذه الكلمة من خلال حاسة السمع إلى المخ فإنها تدخل في تنافس مع الألم في إدراك المخ له وشعوره به مما قد يسبب بعض التشويش يساعد الشخص على تحمله للألم. ",
    "date_extracted": "2015-08-03 20:10:44"
}