{
    "url": "http://www.alriyadh.com/1070212",
    "title": "المعيويد رئيساً لنادي الطلبة السعوديين في جامعة تكساس",
    "author": "الرياض - أحمد غاوي",
    "content": "    اعتمدت الملحقية الثقافية بأميركا تشكيل هيئة إدارية جديدة لنادي الطلبة السعوديين في جامعة تكساس سان انتونيو برئاسة عبدالله عبدالرحمن المعيويد، الذي قال: إن إدارة النادي فتحت المجال لجميع الراغبين من طلاب وطالبات الجامعة للمشاركة في جميع الأنشطة والفعاليات التي سوف يقيمها النادي، والمشاركة بالاقتراحات والأفكار لتطوير عمل النادي في شتى المجالات مع حفظ الحقوق الأدبية لصاحب الفكرة أو المقترح المقدم عند تنفيذه. وأضاف: كما تم فتح المجال لجميع الجهات الراغبة في دعم ورعاية أنشطة النادي خلال الفترة المقبلة. وأشار إلى أن الهيئة الإدارية الجديدة للنادي تحرص على العمل لفتح صفحة جديدة لتعزيز الثقة وتلافي جميع السلبيات السابقة، وتحسين وتطوير مكتسبات النادي من خلال تفاعل الجميع بالأفكار والاقتراحات لبناء مرحلة جديدة وتجاوز كل العقبات والأخطاء. وبين المعيويد أنه من تجد لديها القدرة من الأخوات الطالبات في الجامعة لتولي الإشراف على القسم النسائي التقدم والتواصل مع إدارة النادي. وتقدم المعيويد بالشكر للملحقية الثقافية بأميركا على دعمها للأندية الطلابية السعودية في الجامعات الأميركية. \nويضم تشكيل النادي الجديد نائب رئيس النادي، عبدالعزيز الشهري، والمحاسب، ريان عثمان، والمشرف الاجتماعي، رائد أبوعلايم، ومساعد المشرف الاجتماعي، عادل بامهدي، والمشرف الثقافي، أحمد عثمان، والمشرف الرياضي، بندر القحطاني. ",
    "date_extracted": "2015-08-04 18:16:39"
}