{
    "url": "http://www.alriyadh.com/1070770",
    "title": "الهلال يطلب وضع شعار «اليونسكو» على قمصان لاعبيه",
    "author": "الرياض - حمد الصويلحي",
    "content": "    رفعت إدارة الهلال خطابا الى الاتحاد الآسيوي لكرة القدم لطلب وضع شعار منظمة اليونسكو على قمصان الفريق في بطولة دوري ابطال آسيا 2016م، بعد أن أصبح يرتبط بشراكة رسمية مع هذه المنظمة إضافة إلى أندية برشلونة الإسباني ومانشستر يونايتد الانجليزي وباريس سان جرمان الفرنسي ويوفنتوس الإيطالي فقط، ومنح مدير الجهاز الفني بالهلال اليوناني جوريجوس دونيس لاعبي الفريق راحة عن التدريبات اليوم (الخميس) نظير المجهود الذي بذلوه خلال الفترة الماضية. ",
    "date_extracted": "2015-08-06 01:13:06"
}