{
    "url": "http://www.alriyadh.com/1070326",
    "title": "الرياض.. منصة عالمية لرصد قياس ريادة أعمال شباب العالم",
    "author": "الرياض - فاطمة الغامدي",
    "content": "    اعتمد تحالف شباب رواد الأعمال في مجموعة دول العشرين، مقترح اللجنة الاستراتيجية لتحالف شباب رواد الأعمال في مجموعة العشرين، إنشاء منصة قياس نظام وشاشة لوحة التحكم (داش بورد) لرواد الأعمال لتصبح مدينة الرياض بوصلة عالمية لرصد التحولات في عالم ريادة الاعمال، تمكّن جميع الدول الاعضاء من دول مجوعة العشرين بادخال البيانات المختلفة حيال شباب ريادة الاعمال تم بناؤها لتكون المحور لرواد الاعمال واصحاب الافكار الريادية والباحثين عن الفرص التجارية والمرشدين والراغبين في تطوير مهاراتهم الإدارية من خلال الدورات المختلفة. \nوقال الدكتور عبدالعزيز المطيري رئيس اللجنة الاستراتيجية لقمة تحالف رواد الأعمال في مجموعة العشرين، ومدير عام صندوق المئوية ان اعضاء تحالف رواد الأعمال في مجموعة العشرين ابدوا اعجابهم الشديد بلوحة التحكم (داش بورد) التي تم اعدادها وانشاؤها من قبل فريق صندوق المئوية مشيرا الى ان جميع اعضاء التحالف سيتمكنون من خلال لوحة التحكم الالية بتسجيل جميع بياناتهم الخاصة بالتحولات والتطورات في مجال ريادة الاعمال بشكل منتظم والاطلاع عليها بشكل آلي وتحديثها بالمعلومات والتي سوف تكون في منصة الاعمال البورتل الخاصة بصندوق المئوية المعروف \"رواد\" ويمكن الاطلاع عليه من خلال الموقع www.ruwad.org.sa . \nواشار المطيري ان اللجنة الاستراتيجية التابعة لتحالف شباب الاعمال لمجموعة دول العشرين قامت باعداد الاستبيانات والمقابلات مع الاعضاء وتحليلها وفق آلية مهنية ومن ثم وضع النتائج والاهداف العامة والتفصيلية ومؤشرات الأداء التي تساهم في قياس مدى الوصول الى تلك الاهداف. \nواضاف المطيري ان اللجنة الاستراتيجية شاركت في الاجتماعات التحضيرية لقمة العشرين في اليابان التي عقدت مؤخرا وقدمت مقترحات جديدة لتطوير الشراكات مابين اعضاء التحالف في مجال تنمية وتعزيز ثقافة ريادة الاعمال وزيادة التأثير القوي والإيجابي في تنمية الاقتصاد العالمي، وتقوية التعاون في المجالات الاقتصادية لتوسيع قاعدة التعاون الاستراتيجي لتعزيز شبكة العلاقات التجارية والاستثمارية مع المجموعات الاقتصادية . \nويرأس صندوق المئوية أهم اللجان في التحالف، وهي اللجنة الاستراتيجية لقمة التحالف ويعتبر تحالف شباب رواد الأعمال لدول مجموعة العشرين لريادة الأعمال مجموعة من أبرز منظمات ريادة الأعمال غير الحكومية يمثلون أكثر من 500.000 رائد أعمال شباب في مختلف بلدان دول مجموعة العشرين.G20، والاتحاد الأوروبي. \nيذكر انه تم التصويت على رئاسة المملكة للجنة الخطة الاسترتيجية لتحالف رواد الاعمال لمجموعة الدول العشرين G20 YEA في اكتوبر 2013 خلال القمة التحضيرية التي استضافتها مدينة الرياض. ",
    "date_extracted": "2015-08-04 18:16:59"
}