{
    "url": "http://www.alriyadh.com/1069962",
    "title": "د. الحقباني والحقيل يبحثان محفزات قطاع الإسكان",
    "author": "الرياض - وأس",
    "content": "    استقبل وزير العمل د. مفرج بن سعد الحقباني في مقر وزارة العمل بمدينة الرياض وزير الإسكان الأستاذ ماجد بن عبدالله الحقيل. وجرى خلال اللقاء بحث آلية التعاون المشترك بين الوزارتين، وكيفية تقديم محفزات لقطاع الإسكان من خلال توفير العمالة المناسبة كماً ونوعًا، وذلك بحضور عدد من القيادات في وزارة الإسكان والعمل. ",
    "date_extracted": "2015-08-03 20:11:39"
}