{
    "url": "http://www.alriyadh.com/1069946",
    "title": "المشعاب",
    "author": "تنومة – سعيد معيض",
    "content": "    المشعاب عبارة عن عصا صلبة معكوفة الطرف إلى الأسفل, ويقال ان سبب تسمية المشعاب بهذا الاسهم لأن أعلاه معكوف كالشعبة التي تكون في أعواد الشجر. \nوالمشعاب يستخدم قديماً لأغراض متعددة منها الدفاع عن النفس حيث يحمل الشخص المشعاب عند تنقلاته بين القرى في الليل للدفاع عن نفسه من الاعتداء عليه من إنسان أو حيوان, كما يستخدم لسوق الماشية, وكذلك يستخدم بكثرة أثناء أداء الحفلات الشعبية. \nوجاء ذكر المشعاب في قصائد عديدة منها قول الشاعر خالد بن مدعث: \nلعل من يفرح بشيل المشاعيب \nويصير في فرقا الرفاقة سبايب \nتقطع عراويّه من الرزق والصيب \nويموت ما تنظر عيونه حبايب \nوقول الشاعرة هداية العطاوية راثية زوجها: \nيا عنك ما لد النظر للقصيرة \nولا بمشعابه على الربع هدّاد \nله هدة والقفش مثل المطيرة \nيوم الهزيمة حبلها صار منقاد ",
    "date_extracted": "2015-08-03 20:10:24"
}