{
    "url": "http://www.alriyadh.com/1069949",
    "title": "الفهمي يجدد للأهلي واليوناني فتفاتزيديس يصل لوزان",
    "author": "جدة - عبدالله الغامدي",
    "content": "    علمت \"دنيا الرياضة\" من مصادرها الخاصة بأن هناك اتفاقا نهائيا بين إدارة النادي الأهلي والكابتن ياسر الفهمي لتجديد عقده لمدة عامين بما يقارب المليون ريال للموسم الواحد، وكان هناك حرص من الطرفين على التجديد، وقد دخل الفهمي في الفترة الحرة التي تجيز له الانتقال لأي ناد آخر حسب رغبته ولكنه فضل البقاء. \nيذكر أن الفهمي يمتلك موهبة كبيرة في صناعة اللعب ولكن إصابة الرباط \"المتصالب\" حرمته من اللعب ثلاثة مواسم متتالية من مزاولة كرة القدم، وبات الفهمي قريباً للعودة للملاعب، ويقضي هذه الأيام آخر مراحل التأهيل، وتسعى إدارة الأهلي إلى إعارته الموسم المقبل أو تحويله إلى الفريق الأولمبي. \n وأكد مدير أعمال اللاعب فهر الطيب توصل الفهمي والنادي الأهلي إلى اتفاق لتجديد عقده وسيتم توقيع العقد خلال الأيام المقبلة. \n \n \n \nوكانت \"دنيا الرياضة\" قد انفردت الأربعاء الماضي بخبر توصل الأهلاويين إلى اتفاق مع ياسر الفهمي على تجديد عقده لمدة عامين. \nومن جهة ثانية وصل اللاعب اليوناني جانيس فتفاتزيديس المحترف الرابع للنادي الأهلي إلى معسكر الفريق بمدينة لوزان السويسرية لإجراء الكشوفات الطبية في أحد المستشفيات وتوقيع العقد الرسمي مع الفريق والانخراط في التدريبات فيما تبقى من أيام المعسكر الإعدادي قبل العودة إلى مدينة جدة في ال 8 من شهر أغسطس الجاري. \nومن جانب آخر شهد مقر متجر النادي الأهلي إقبالا جماهيريا كبيرا، حيث تواجدت جماهير النادي منذ وقت باكر مع أول يوم لبيع الأطقم الجديدة الخاصة بفريق كرة القدم الأول لموسم ٢٠١٥ - ٢٠١٦. \nوأشادت جماهير النادي بأسلوب العرض داخل المتجر وبالتنظيم وأبدت سعادتها بالأطقم الجديدة وجودتها وطريقة تصميمها التي تحاكي أطقم كبار الأندية العالمية \nوقد ساهم توافر الأطقم بكميات كبيرة وبجميع المقاسات في زيادة الإقبال على اقتناء الأطقم بألوانها وتصاميمها الثلاثة من كافة الفئات العمرية. \nوكان رواد متجر النادي قد حرصوا كذلك على اقتناء بقية منتجات المتجر، كما سيتواصل البيع في متجر النادي خلال الأيام المقبلة. \nيذكر أن عضو فريق عمل الاستثمار والتسويق عبدالله بترجي كان قد تواجد منذ وقت باكر في مقر المتجر وتابع سير العمل والتنظيم الخاص ببيع المنتجات. ",
    "date_extracted": "2015-08-03 20:10:00"
}