{
    "url": "http://www.alriyadh.com/1069787",
    "title": "سيزار يعود إلى البرتغال.. وحفلة أهداف أهلاوية في سويسرا",
    "author": "جدة - عبدالله الغامدي",
    "content": "    تقرر أن يخوض الفريق أربع مباريات ودية في مرحلة الإعداد الثانية بمدينة لوزان السويسرية بدأها مساء (الجمعة) بلقاء مورجيس السويسري على أن يخوض الثلاث مباريات المتبقية في ثلاثة أيام متتالية (الثالث والرابع والخامس) من شهر أغسطس الجاري أمام فرايبوجت واكسماكس وليمونت من سويسرا، وسيختتم المعسكر في الثامن من أغسطس الجاري، يعود بعدها إلى مدينة جدة استعداداً لانطلاقة الموسم الرياضي الجديد. \nوكان الأهلي قد كسب ودية مورجس السويسري مساء أول من (الجمعة) بنتيجة 10-صفر، تناوب على تسجيلها مهند عسيري ومحمد أمان (هدفين) وأحد مدافعي مورجس خطأ في مرماه وصالح العمري وعمر السومة (هاتريك) وإسلام سراج ومصطفى بصاص. \nمن جهة ثانية علمت \"دنيا الرياضة\" أن لاعب الوسط البرازيلي برونو سيزار انتقل بشكل رسمي إلى استوريال البرتغالي بعدما كان يرتبط بعقد مع النادي الأهلي قبل ثلاثة مواسم قادماً من بنفيكا البرتغالي وتم الاستغناء عنه بقرار من المدرب البرتغالي فيتور بيريرا، ثم أعير إلى بالميراس البرازيلي قبل أن يعود لتمثيل الأهلي في فترة الانتقالات الشتوية في الموسم الماضي بمطالبات جماهيرية ولم يقنع المدرب السويسري كريستيان غروس فنياً وبقي حبيس دكة الاحتياط إلى نهاية الموسم. ",
    "date_extracted": "2015-08-02 23:20:04"
}