{
    "url": "http://www.alriyadh.com/1070129",
    "title": "نائب الملك يوجه بنقل الجندي الحارثي لمستشفى قوى الأمن بالرياض",
    "author": "الرياض - نايف ال زاحم",
    "content": "    وجه نائب خادم الحرمين الشريفين صاحب السمو الملكي الأمير محمد بن نايف بنقل الجندي عبدالمحسن عاضة الحارثي من مستشفى الملك عبدالعزيز بالطائف إلى مستشفى قوى الأمن الداخلي بالرياض عن طريق طيران الإخلاء الطبي صباح اليوم الاثنين ، والذي أصيب في حادث إنقاذ أطفال من الألعاب النارية في الطائف. ",
    "date_extracted": "2015-08-03 20:10:42"
}