{
    "url": "http://www.alriyadh.com/1070331",
    "title": "البنك الأهلي: نجاح إصدار صكوك ثانوية   من خلال اكتتاب خاص داخل المملكة",
    "author": "",
    "content": "    أعلن البنك الأهلي التجاري أنه أنهى بنجاح بتاريخ يوم الأربعاء 28 رمضان 1436 الموافق 15 يوليو 2015 عملية الإصدار لصكوك ثانوية ذات الفئة 1 متوافقة مع أحكام الشريعة الإسلامية من خلال طرح خاص داخل المملكة بقيمة 2 مليار ريال. \nوتعتبر هذه النوعية من الإصدارات من ضمن متطلبات (بازل 3) لتعزيز قاعدة رأس مال البنك، والمحافظة على استدامة نمو البنك والمستويات الإيجابيّة لكفاية رأس المال. إضافةً فإن الصكوك سوف تُحسّن فترات استحقاق مطلوبات البنك الأهلي التجاري وتزيد من تعدّد مصادر التمويل. وهذه الصكوك ليست مرتبطة بتاريخ استحقاق معين، وإنما للبنك الأهلي التجاري الحقّ في استرداد هذه الصكوك في تاريخ محدّد. وقد تمّ الحصول على جميع الموافقات اللازمة من الجهات التنظيمية لإصدار هذه الصكوك. هذا وقد عيّن البنك الأهلي التجاري شركة (الأهلي المالية) للعمل على إدارة هذا الإصدار الخاص. ",
    "date_extracted": "2015-08-04 18:17:02"
}