{
    "url": "http://www.alriyadh.com/1069956",
    "title": "الملا: أجواء أبوظبي ستساهم في جاهزية القادسية",
    "author": "الدمام - مرشد الخالدي",
    "content": "    ابدى رئيس بعثة القادسية إلى معسكر تركيا نجيب الملا ارتياحه عن مرحلة الفريق بالمعسكر هناك حسب التقارير الأولية التي رفعت من قبل الجهازين الفني والاداري وقال: \"مرحلة الاعداد الحالية ستكون الأهم قبل بداية الدخول في منافسات الموسم والمباريات الودية التي سيخوضها الفريق في المعسكر ستساهم في جاهزية الفريق من جميع النواحي وبالذات الامور الفنية والتكتيكية\". \n من جهة ثانية قرر مدرب القادسية جميل بلقاسم إيقاف التدريبات الصباحية في المعسكر الحالي بأبوظبي رغبة في عدم تعرض اللاعبين للإجهاد البدني. ",
    "date_extracted": "2015-08-03 20:13:18"
}