{
    "url": "http://www.alriyadh.com/1070378",
    "title": "«داعش» دمر أكثر من 1500 مدرسة في الأنبار العراقية",
    "author": "بغداد - أ ف ب",
    "content": "    أعلن مسؤول عراقي الاثنين أن أكثر من 1500 مدرسة دمرت «جزئياً أو كلياً» في محافظة الأنبار، كبرى المحافظات العراقية، مشيراً إلى أن غالبية هذه المدارس \"استهدفها بشكل مباشر\" تنظيم داعش المتطرف. \nوقال عيد عماش المتحدث باسم مجلس محافظة الأنبار أن \"الأنبار تضررت بشدة، وأكثر من 1500 مدرسة دمرت جزئياً أو كلياً\" في هذه المحافظة الشاسعة التي تمتد حدودها من الحدود مع سوريا غربا وحتى أبواب العاصمة بغداد شرقا والتي شهدت معارك عنيفة منذ مطلع 2014، أي حتى ما قبل الهجوم الواسع النطاق الذي شنه التنظيم المسلح وسيطر فيه على انحاء واسعة من البلاد. \nوأوضح ان \"غالبية هذه المدارس استهدفتها مباشرة الجماعات الإرهابية لداعش\"، وأضاف أن \"البقية هي أماكن استخدمها داعش كقواعد وقد استهدفتها القوات العراقية والقوة الجوية للتحالف، أو أنها كانت ببساطة تقع في مناطق قتال\"، وأكد المتحدث أنه \"بعد أن نستعيد الأنبار من داعش سنحتاج إلى أموال طائلة وإلى سنتين ونصف على الأقل لإعادة إعمار وتأهيل هذه المدارس\". \nوبحسب الاحصاءات الأخيرة للأمم المتحدة فإن أكثر من 70% من الأطفال الذين هجروا من مناطقهم في العراق بسبب المعارك محرومون من التعليم. ",
    "date_extracted": "2015-08-04 18:16:14"
}