{
    "url": "http://www.alriyadh.com/1070405",
    "title": "الموافقة على أول عقار أنتج بالطباعة الثلاثية الأبعاد",
    "author": "واشنطن - رويترز",
    "content": "    لأول مرة توافق إدارة الغذاء والدواء الأميركية على عقار أنتج بتقنية الطباعة ثلاثية الأبعاد ما يمهد السبيل لاحتمال تعديل إنتاج العقاقير حسب طلب المريض. \nوقالت الشركة الخاصة ابريشيا للمستحضرات الدوائية أمس الاثنين إن العقار أجيز لاستخدامه عن طريق الفم كعلاج إضافي مساعد لعلاج الصرع. \nوتمت الاستعانة بتقنية شركة ابريشيا التي تتيح إنتاج جرعات مقننة من العقار تذوب في الفم مع رشفة من أي سائل. \nوتسمح الطباعة الثلاثية الأبعاد للشركات بإنتاج عقاقير حسب مواصفات المريض بدلا من فرض صورة معينة من العقار. وبالاستعانة بهذه التقنية الحديثة ينتج العقار بهذه التقنية وهي أحد أشكال ما يعرف باسم (تكنولوجيا التصنيع بالإضافة) حيث يتم تكوين جسم ثلاثي الأبعاد بوضع طبقات رقيقة متتالية من مادة ما فوق بعضها بعضا ما يتيح القدرة على طباعة أجزاء متداخلة معقدة التركيب كما يمكن صناعة أجزاء من مواد متباينة وبمواصفات ميكانيكية وفيزيائية مختلفة. \nوفي مجال الرعاية الصحية استعان الباحثون بتقنية الطباعة ثلاثية الأبعاد بالفعل في المجال الطبي لتخليق عدد من أجزاء الجسم منها على سبيل المثال الأسنان وعظام الفك والفخذ والأجهزة السمعية وغيرها. \nواستحدث علماء بريطانيون استخداما جديدا للطباعة ثلاثية الأبعاد لانتاج نماذج طبق الأصل من الأجزاء المصابة بمرض السرطان في الجسم مما يسمح للأطباء باستهداف الأورام الخبيثة بدقة أكثر. ",
    "date_extracted": "2015-08-04 18:15:09"
}