{
    "url": "http://www.alriyadh.com/1067827",
    "title": "معرض «الفهد روح القيادة» يناقش آخر   استعداداته لإقامة النسخة الثانية في جدة",
    "author": "جدة - صالح الرويس- واس",
    "content": "    عقدت اللجنة التنفيذية لمعرض (الفهد روح القيادة) اجتماعاً برئاسة صاحب السمو الملكي الأمير تركي بن محمد بن فهد رئيس اللجنة، وبحضور صاحب السمو الملكي الأمير عبدالعزيز بن سعود بن فهد نائب الرئيس، ونائب الرئيس التنفيذي الدكتور يوسف الحزيم، والمدير التنفيذي للمعرض خالد السليمان ومدير عام إدارة الدراسات والعلاقات العامة في إمارة منطقة مكة المكرمة سلطان الدوسري ومدير مركز غرفة جدة للمعارض والمؤتمرات محمد الساعد. \nوفي بداية الاجتماع رحب سمو رئيس اللجنة التنفيذية للمعرض بانضمام صاحب السمو الملكي الأمير عبدالعزيز بن سعود بن فهد إلى اللجنة في منصب نائب الرئيس، وعده إضافة مهمة للجنة التنفيذية، لاسيما وأن سموه أحد الفاعلين والناشطين في مجال العمل الاجتماعي، فضلاً عن اختصاصه في علم واستراتيجيات الاتصال ومواقع التواصل الاجتماعي. \nوقدم سمو الأمير تركي بن محمد بن فهد الشكر والتقدير لصاحب السمو الملكي الأمير خالد الفيصل بن عبدالعزيز مستشار خادم الحرمين الشريفين أمير منطقة مكة المكرمة على تفضله برعاية المعرض، عاداً رعاية سموه تتويجاً للمحطة الثانية للمعرض في منطقة مكة المكرمة، التي تستضيفها محافظة جدة، بعد المحطة الأولى في الرياض، التي رعاها وافتتحها خادم الحرمين الشريفين الملك سلمان بن عبدالعزيز آل سعود -حفظه الله-، مؤكداً أن الرعاية الكريمة والحضور الشخصي من سمو أمير المنطقة ستثري المعرض، بوصفه معاصراً لأهم المحطات التاريخية في حياة الملك فهد بن عبدالعزيز آل سعود -رحمه الله-. \nوثمن سموه للجنة العليا لمعرض (الفهد روح القيادة)، المتابعة الدائمة لتحضيرات المعرض في نسخته الثانية ، التي تستضيفها محافظة جدة، فضلاً عن دعمها غير المحدود للجنة التنفيذية وأعمالها، مشيراً إلى أن موافقة أصحاب السمو الملكي الأمراء أبناء الملك فهد أعضاء اللجنة العليا للمعرض على اختيار منطقة مكة المكرمة لتكون المحطة الثانية للمعرض جاء لما تمثله المنطقة من شواهد على الإنجاز في عهد الملك فهد (رحمه الله). \nوناقشت اللجنة في اجتماعها التحضيري الأول لاستعدادات المعرض عدة مواضيع من أبرزها موعد المعرض، واستعراض التصاميم الفنية والهندسية للمعرض، والوقوف على خطط اللجان والإدارات. \nويتناول معرض (الفهد روح القيادة) الذي ينظمه أبناء الملك فهد وأحفاده بالتعاون مع دارة الملك عبدالعزيز، سيرة الملك الفهد -رحمه الله- من ولادته حتى وفاته، ويضم مقتنياته الشخصية، والأوسمة والأوشحة التي تقلدها، ووثائق رسمية ومخطوطات عدة، وأفلاما وثائقية ونحو ما يزيد عن 1000 صورة، بعضها تنشر للمرة الأولى، وندوات يشارك فيها باحثون ومتحدثون من خلال أوراق يقدمونها خلال أيام المعرض، إضافة إلى أنشطة وفعاليات للعائلات والشباب والأطفال، وورش تدريب عن السمات القيادية للشباب والتنشئة القيادية للطفل، تحت إشراف مدربين مختصين. ",
    "date_extracted": "2015-07-26 17:24:02"
}