{
    "url": "http://www.alriyadh.com/1067564",
    "title": "السلطات الاميركية تعتقل شابا صنع «طائرة بدون طيار مسلحة»",
    "author": "نيويورك - أ ف ب",
    "content": "    أعلنت الشرطة الاميركية الخميس انها اعتقلت شابا بث على الانترنت شريط فيديو لطائرة بدون طيار رباعية المروحيات زودها بمسدس يطلق النار بواسطة التحكم عن بعد، مشيرة الى انها اطلقت سراحه بكفالة مالية. \n \nوقالت الشرطة ان اوستن هووت (18 عاما) الطالب في الهندسة الميكانيكية والمقيم في كلينتون في ولاية كونيكتيكت (شمال شرق) ملاحق بتهمة الاعتداء على شرطي وإعاقة عمله، واضافت ان اعتقاله ليس مرتبطا بتاتا بالطائرة المسيرة التي زودها بمسدس والتي بسببها حضر عناصر الشرطة للتحقيق معه بشأنها الاحد، بل بسبب مقاومته عناصر الشرطة واعتدائه عليهم بالضرب والركل، واوضحت الشرطة ان الشاب اعتقل الاربعاء ومثل الخميس أمام قاض اطلق سراحه مقابل كفالة مالية قدرها 20 الف دولار. \n \nوكان الشاب بث على الانترنت في 10 يوليو شريط فيديو مدته 14 ثانية بعنوان \"المسدس الطائر\" وتظهر فيه طائرة مسيرة رباعية المروحيات تطير على ارتفاع بسيط وعلى متنها مسدس، وخلال طيرانها اطلق المسدس النار اربع مرات. \n \nوشوهد الفيديو 2,8 مليون مرة، واعلنت وكالة الطيران الاميركية الفدرالية الثلاثاء انها فتحت تحقيقا بشأنه، وقال والد بريت هووت الشاب لوكالة فرانس برس \"لست افهم لماذا يضخم الناس الامور. هو طالب ميكانيك ويبني اشياء مختلفة\". ",
    "date_extracted": "2015-07-25 09:44:21"
}