{
    "url": "http://www.alriyadh.com/1067892",
    "title": "أوباما من كينيا: «أفريقيا تسير قدماً»",
    "author": "نيروبي - أ  ف ب",
    "content": "    أكد الرئيس الاميركي باراك اوباما في اليوم الاول من زيارة غير مسبوقة إلى كينيا السبت ان \"افريقيا تسير قدما\". \nوقال اوباما في افتتاح قمة عالمية حول ريادة الاعمال \"اردت ان اكون هنا لان افريقيا تسير قدما. افريقيا واحدة من المناطق التي يسجل فيها اكبر نمو في العالم\". \nواضاف \"الناس يخرجون من الفقر والدخل في ارتفاع والطبقة الوسطى تتسع وشبان مثلكم يستفيدون من التكنولوجيا لتغيير الطريقة التي تدير بها افريقيا اعمالها\". \nوتعقد القمة وسط اجراءات امنية مشددة ادت الى اغلاق مناطق فيها واغلاق المجال الجوي فوقها عند هبوط طائرة الرئيس الاميركي السبت واقلاعها الاحد الى اثيوبيا المجاورة. \nواكثر ما يقلق الاجهزة الامنية في كينيا حركة الشباب الصومالية المتطرفة التي شنت عددا كبيرا من الهجمات الانتحارية والمجازر على الاراضي الكينية ولا سيما الهجوم على جامعة غاريسا الذي ادى الى مقتل 147 طالبا في ابريل. \nوحذرت السفارة الاميركية من ان هذه القمة بحد ذاتها قد تكون \"هدفا محتملا للارهابيين\". \nمن جهته قال الرئيس الكيني اوهورو كينياتا ان تنظيم هذه القمة يقدم وجها آخر لافريقيا مختلفا عن الصورة التي ترسمها وسائل الاعلام. \nواكد ان \"هذا الخطاب عن اليأس الافريقي خاطىء وفي الواقع لم يكن يوما صحيحا\". واضاف \"بينوا ان افريقيا منفتحة ومستعدة للاعمال\". \nواحتلت زيارة اوباما الصفحات الاولى للصحف الكينية اليوم ايضا. وعنونت صحيفة ذي ستاندارد \"كينيا انا هنا\" مع صورة للرئيس الاميركي عند وصوله الى المطار، بينما اختارت ذي ستار عنوان \"وصل اوباما\". \nوكان عدد كبير من الكينيين تجمعوا مساء الجمعة على الطريق المؤدية من المطار الى وسط المدينة لتحية الرئيس في سيارة الليموزين التي استقلها مع أوما، اخته من ابيه. \nوتحدثت صحيفة ذي ديلي نيشن عن \"ظاهرة اوباما\" ودعت الكينيين الى التمثل به واغتنام \"الفرص التي تقدم لنا كافراد وكأمة بلا حدود\". \nواضافت \"اذا كان هناك شيء يجب تعلمه من الزيارة الرئاسية فهو اننا نستطيع بالتأكيد تجاوز الانقسامات الصغيرة التي كانت سببا في جعلنا نقف ضد بعضنا البعض\". \n \n ",
    "date_extracted": "2015-07-26 17:24:42"
}