{
    "url": "http://www.alriyadh.com/1067967",
    "title": "شركة عبدالله محمد بن سعيدان وأولاده العقارية تقيم حفل المعايدة",
    "author": "",
    "content": "    أقمت شركة عبدالله محمد بن سعيدان وأولاده العقارية حفل معايدة في مقر الشركة بالرياض، بحضو عدد من منسوبي الشركة ورؤساء الأقسام، وذلك صباح اليوم الأول من بدء الدوام الرسمي الأسبوع الفائت. \nوقال الرئيس التنفيذي الشركة وليد بن عبدالله بن سعيدان: في كل عام تحرص الشركة على إقامة كثير من المناسبات الاجتماعية التي تعزز علاقات منسوبي الشركة مع بعضهم، ويسرني بهذه المناسبة أن أبارك لجميع منسوبي الشركة بمناسبة بدء العمل، وانتهاء عيد الفطر المبارك، سائلاً المولى عز وجل أن يتقبل من الجميع الصيام والقيام، لافتاً إلى أن هذه الاحتفالات التي تقيمها الشركة خلال المناسبات الدينية والاجتماعية فرصة مواتية للتواصل بين الجميع. ",
    "date_extracted": "2015-07-26 17:23:05"
}