{
    "url": "http://www.alriyadh.com/1067922",
    "title": "قصر بكنغهام يفتح أبوابه للجمهور لمشاهدة المآدب الرسمية",
    "author": "لندن - رويترز",
    "content": "    هل تساءلت من قبل عن شعورك وأنت تتناول العشاء مع الشخصيات الملكية والرؤساء ورؤساء الوزراء؟ \nللإجابة على هذا السؤال يفتح قصر بكنغهام أبوابه مرة أخرى هذا الصيف لدعوة الجمهور للتعرف على ما يجري من عمل لإعداد مأدبة رسمية. \nوسوف يتصرف الجمهور تماماً مثل رجال الدولة من جميع أنحاء العالم إذ سيدخلون القصر في لندن عبر بوابته الرئيسية حيث تعرض عربة الخيول الاسترالية التي تستخدم في مراسم الزيارات الرسمية. \nويستطيع الزوار إلقاء نظرة على قاعة الطعام الفاخرة حيث يرون المائدة معدة لمأدبة رسمية وقد زينت بأدوات الطعام ومظاهر الأبهة الملكية. \nوقالت آنا رينولدز أمينة صندوق المجموعة الملكية لرويترز \"سيتمكن الزوار للمرة الأولى هذا العام من الدخول عبر البوابة الرئيسية.\" \nويبرز المعرض الذي يحمل عنوان \"ترحيب ملكي\" قطعاً من المطبخ وغرفة الملابس. وتعرض أيضاً الفساتين التي ارتدتها الملكة إليزابيث لمثل هذه المآدب بالإضافة إلى الهدايا التي تلقتها من رجال الدولة الذين زاروها. \nوقالت رينولدز \"كثيرا ما تصلنا أسئلة من الجمهور عن: واين تحفظ قبعات الملكة؟ وماذا يحدث خلف الكواليس؟ شعرنا أن هناك اهتماماً حقيقياً من الرأي العام بعرض ما نعرضه هذا العام.\" \nوفتح قصر بكنغهام أبوابه للمرة الأولى أمام العامة في 1993 واجتذب المعرض الصيفي العام الماضي نحو 500 ألف زائر. ",
    "date_extracted": "2015-07-26 17:23:07"
}