{
    "url": "http://www.alriyadh.com/1067555",
    "title": "ريال مدريد يقسو على مانشستر سيتي برباعية",
    "author": "ملبورن - أ ف ب",
    "content": "    حقق ريال مدريد الاسباني فوزا عريضا على مانشستر سيتي الإنجليزي 4-1 في مباراة ودية أقيمت اليوم الجمعة في ملبورن أمام 99382 متفرجا، وهي أعلى نسبة متفرجين في ملعب ملبورن كريكيت غراوند، علما بأن الرقم القياسي السابق كان 95446 متفرجا خلال مباراة ليفربول وملبورن فيكتوري عام 2013. \nوافتتح الفرنسي كريم بنزيمة التسجيل للفريق الملكي بضربة مقصية رائعة (21)، ثم أضاف البرتغالي كريستيانو رونالدو الثاني بتسديدة من فوق الحارس جو هارت بعدها بأربع دقائق إثر تمريرة متقنة من الألماني توني كروس، وسجل المدافع البرتغالي بيبي الهدف الثالث لريال مدريد (43)، قبل أن يرد العاجي يايا توريه لمانشستر سيتي بركلة جزاء احتسبت بعد أن لمس سيرخيو راموس الكرة داخل المنطقة (45+3). \nوفي الشوط الثاني، اختتم الروسي دينيس شيريشيف مهرجان الأهداف مستغلا تمريرة عرضية لايسكو قبل نهاية المباراة ب17 دقيقة. ",
    "date_extracted": "2015-07-24 16:23:39"
}