{
    "url": "http://www.alriyadh.com/1067442",
    "title": "«المظالم» يطلق تطبيقاته للأجهزة الذكية",
    "author": "الرياض - واس",
    "content": "    أطلق ديوان المظالم تطبيقاته للأجهزة الكفية، التي يمكن من خلالها تصفح محتويات بوابة ديوان المظالم الإلكترونية والاستفادة من الخدمات المتاحة عليها. وأوضح رئيس لجنة التعاملات الإلكترونية إبراهيم بن عبدالله المطرودي، أن هذه الخطوة تأتي امتداداً لخطة الديوان في سبيل الاستفادة من الإمكانات التقنية لتقديم الخدمات عبر جميع الوسائل المتاحة. وأبان أن ديوان المظالم سيقوم -بمشيئة الله- بتطوير الخدمات وزيادة عددها بما يُمكن من التحول الإلكتروني في جميع أعماله، وتحديث التطبيقات عند نشر تلك الخدمات. ",
    "date_extracted": "2015-07-24 06:37:04"
}