{
    "url": "http://www.alriyadh.com/1067753",
    "title": "الشؤون الإسلامية تشارك في ندوة التناول الإعلامي للرموز الدينية",
    "author": "الرياض - راشد السكران",
    "content": "    تشارك وزارة الشؤون الإسلامية والأوقاف والدعوة والإرشاد في المملكة، في الندوة الدولية التي ينظمها معهد ابن سينا للعلوم الإنسانية بمدينة ليل الفرنسية تحت عنوان: \"الندوة الدولية حول التناول الإعلامي للرموز الدينية في ضوء القانون الدولي\"، وتقام برعاية من نائب رئيس البرلمان الأوروبي السيد غيل بارنيو. \nوترتكز هذه الندوة الدولية حول احترام الأديان والرموز الدينية في دول الاتحاد الأوربي، وتنطلق يومي السبت والأحد في التاسع والعاشر من الشهر الهجري الجاري. \nوتأتي مشاركة المملكة ممثلة في وزارة الشؤون الإسلامية انطلاقا من جهود المملكة الداعمة لإرساء مبادئ العدل والإنسانية وتعزيز قيم ومبادئ التسامح في العالم، والتأكيد على أهمية احترام الأديان والرموز الدينية وعدم الإساءة لها. \nويمثل المملكة في هذه الندوة المدير العام للعلاقات الخارجية في وزارة الشؤون الإسلامية الشيخ عبدالمجيد بن محمد العمري والدكتور زيد بن علي الدكان الأمين العام لمؤتمر وزراء الأوقاف والشؤون الاسلامية في العالم الإسلامي. \nوسيشارك في هذه الندوة عدد من المختصين والأكاديميين ومديري المراكز الإسلامية في عدد من دول الاتحاد الأوربي، وممثلين عن الدوائر والمؤسسات الإعلامية وممثلي بعض الديانات، وستتضمن الندوة العديد من الجلسات العلمية والمحاور. ",
    "date_extracted": "2015-07-25 09:46:13"
}