{
    "url": "http://www.alriyadh.com/1067645",
    "title": "إسبانيا ترفع الحد   الأدنى لسن الزواج",
    "author": "مدريد- رويترز",
    "content": "    رفعت اسبانيا الحد الأدنى لسن الزواج إلى 16 عاما أمس الأول الخميس بعد أن كان 13 عاما مما يضع البلاد على قدم المساواة مع معظم دول أوروبا وذلك بعد احتجاجات من جماعات حماية الأطفال. \nكان القانون الاسباني حتى الآن يجيز لمن هم في سن 14 عاما الزواج بعد الحصول على إذن من قاض. \nوقالت الحكومة قبل عامين إنها ستغير القانون بهدف حماية الأطفال من الزواج القسري والاستغلال وأصبح التشريع ساريا الخميس. \nوبحسب الاحصاءات الرسمية فان عددا قليل جدا ممن تقل أعمارهم عن 16 عاما تزوجوا في اسبانيا خلال السنوات القليلة الماضية منهم خمس حالات في العام الماضي واثنتان في 2013 . \nوواقعيا أدى ارتفاع معدلات البطالة في اسبانيا والذي يعد أحد أعلى المعدلات أوروبياً بسبب الركود الاقتصادي إلى مكوث الشبان في المنازل وتأخر سن الزواج. وتشير الاحصاءات إلى ثبات متوسط سن الزواج عن 37 عاما للذكور و34 عاما للإناث. \nأصبحت اسبانيا الآن متماشية مع الحد الأدنى للسن المطبق في فرنسا وبريطانيا وهولندا وأعلى من المانيا وايطاليا اللتين لا يزال السن بهما 14 عاما. ",
    "date_extracted": "2015-07-25 09:50:34"
}