{
    "url": "http://www.alriyadh.com/1068014",
    "title": "أمانة جدة تنفي وضع كاميرات مراقبة في الكورنيش",
    "author": "جدة - محمد حميدان",
    "content": "    نفى المتحدث الرسمي لأمانة جدة ومدير إدارة العلاقات بها محمد البقمي وجودي أي كاميرات تتبع لأمانة جدة في مواقع ومرافق عامة بهدف المراقبة حتى الآن، مبيناً حقيقة ما تردد مؤخراً حول نية الأمانة وضع عدد من الكاميرات للمراقبة في مناطق من كورنيش جدة وعدد من المواقع العامة التي يكثر العبث بها وتخريب الملكية العامة من قبل بعض العابثين وأن ذلك لازال طور الدراسة والبحث ولم يدخل حيز التنفيذ بعد. \nوقال البقمي لـ \"الرياض\" إن أمانة جدة لا تطمح إلى ممارسة دور الجهات الأمنية والتي هي جهات ناجحة فيما هو مطلوب منها وبالنسبة لموضوع كاميرات المراقبة في المرحلة الرابعة والخامسة من تطوير كورنيش جدة فهناك خطة لوضع كاميرات مراقبة ولكنها لن تدخل حيز التنفيذ قبل العام 2017 ونفس الأمر ينطبق على عدد من المواقع العامة التي تتعرض لأعمال إساءة استخدام أو عبث بعض اللاهين كالمنطقة التاريخية في جدة والتي يوجد فعلاً خطة لازالت طور البحث والدراسة لوضع كاميرات مراقبة بها. ",
    "date_extracted": "2015-07-26 17:21:55"
}