{
    "url": "http://www.alriyadh.com/1067443",
    "title": "أبطال «الدبابات البحرية»  يستعرضون مهاراتهم في أملج",
    "author": "",
    "content": "    شهد \"مهرجان أملج التراثي البحري الثاني\" أمس الخميس استعراضاً للدبابات البحرية، والذي أقيم على مرفأ الصيادين، وشارك فيه أبطال رياضة الاستعراض بالدبابات البحرية، تحت إشراف وتنظيم من الاتحاد السعودي للرياضات البحرية. ",
    "date_extracted": "2015-07-24 06:37:05"
}