{
    "url": "http://www.alriyadh.com/1067567",
    "title": "توقيف 23 سورياً في لبنان يشتبه بانتمائهم لتنظيمات إرهابية",
    "author": "بيروت - د ب أ",
    "content": "    أوقفت قوة من الجيش اللبناني 23 شخصاً سورياً شرق لبنان وشماله، للاشتباه بانتماء بعضهم إلى تنظيمات إرهابية وتجول بعضهم داخل الأراضي اللبنانية بطريقة غير شرعية. \nوقال بيان صادر عن قيادة الجيش اللبناني الجمعة أن قوة من الجيش أوقفت في محلتي تعنايل - زحلة، والمنية - بحنين، 23 شخصا من التابعية السورية، وذلك لتجول بعضهم داخل الأراضي اللبنانية بطريقة غير شرعية، وللاشتباه بانتماء بعضهم الاخر إلى تنظيمات إرهابية، وضبطت بحوزتهم 3 دراجات نارية من دون أوراق قانونية\". وأضاف البيان أنه \"تم تسليم الموقوفين مع المضبوطات إلى المراجع المختصة لإجراء اللازم\". ",
    "date_extracted": "2015-07-24 17:45:57"
}