{
    "url": "http://www.alriyadh.com/1067942",
    "title": "عضو لجنة المجوهرات بغرفة جدة: أسعار الذهب المتهاوية لا تعني أنه استثمار جاذب",
    "author": "جدة - محمد حميدان",
    "content": "    حذر عضو لجنة الذهب والمجوهرات بغرفة تجارة جدة محمد جميل عزوز، من مغبة الاندفاع من قبل الأفراد والباحثين عن الربح السريع في شراء الذهب الذي تشهد أسعاره انخفاضات متواصلة مسجلة أدنى مستوى لها منذ خمسة أعوام، مبيناً أن الأسعار في الأسواق المحلية وكذلك أسعار الذهب المشغول والتي تعد استجابتها وتأثرها بما طرأ من انخفاض عليه دون الواقع المفترض وهي لا تلائم ما تتطلع إليه تلك الفئة من المستثمرين. \nوقال محمد جميل عزوز بأنه من المفترض والطبيعي أن يكون تأثير للانخفاض الحاصل على سعر المعدن النفيس العالمي والذي راوح 4% في غضون 8 جلسات خلال أربع أيام ملموساً وملاحظاً في الأسواق المحلية وأن لا يقتصر على الذهب الغير المشغول فقط مبيناً بأن الاستثمار في الذهب يتطلب شراؤه من البورصات والمواقع التي لا تزيد على السعر قيمة المصنعية ممثلاً بأن قيمة المصنعية التي تصرف على جنيه الذهب تبلغ خمسة ريالات فقط، وتتضاعف تلك القيمة من نقطة التصنيع حتى نقطة البيع الأخيرة في السوق المحلي ما يعني كلفة مضاعفة على المشتري. \nوبين محمد جميل عزوز بأنه من الضروري تنمية وعي المستهلك فيما يختص بحساب مشترياته من الذهب المشغول، ومقارنة تلك المشتريات مع مشترياته في السابق، مبيناً بأن تشدد الكثير من تجار الذهب ومصنعيه بأسعار تشغيل مرتفعة هو خطأ يبعد الكثير من المشترين الراغبين في شرائه كهدايا، ويجعلهم يفضلون بدائل أخرى ما يتطلب من التجار إعادة النظر في تلك النقطة واستقطاب المستهلك بدلاً من تنفيره. \nمن جهة أخرى سجل سعر الذهب في السوق الفورية العالمية يوم الجمعة الماضي أدنى مستوى له منذ فبراير 2010 عند 1077 دولارا للأوقية لكنه بحلول الساعة 18:47 بتوقيت جرينتش كان مرتفعا 0.5 في المئة إلى 1096.29 دولارا للأوقية (الأونصة). ",
    "date_extracted": "2015-07-26 17:22:31"
}