{
    "url": "http://www.alriyadh.com/1067694",
    "title": "مؤسسة الملك عبدالعزيز تنظم لقاء للموهوبين وأولياء أمورهم عن البرنامج الصيفي للموهوبين",
    "author": "",
    "content": "    نظمت مؤسسة الملك عبدالعزيز للموهبة والإبداع موهبة لقاء مع أولياء أمور الموهوبين المشاركين في برنامج موهبة الصيفي 2015م بالصالة الرياضية بمدارس منارات الرياض بحضور رئيس البرنامج عبدالرحمن المجلي الذي رحب بالطلبة الموهوبين وأولياء أمورهم ببرنامج موهبة الصيفي الإثرائي 2015م. \nوتحدث المجلي عن الاستعداد الكامل لنجاح البرنامج من قاعات دراسية مجهزة تقنيًا وصالة رياضية ومسبح وملاعب رياضية ومركز مهارات الحياة باللغة الإنجليزية وقاعة الروبوت وقاعة دعم مشروعات الطلبة ومنجزاتهم العلمية كلها لخدمة أبنائنا الموهوبين، مشيرا إلى أن البرنامج قد اختار أمهر الكوادر للفريق التنفيذي من المدربين ومساعديهم لتوجيه الطلبة لإعداد كل منهم منجزا علميًا يفاخر به، معربا عن شكره لمؤسسة الملك عبدالعزيز ورجاله للموهبة والإبداع على تبنيها مثل هذه البرامج التي تؤسس الناشئة على أسس الإبداع الحديثة، معبرا عن شكره لأولياء الأمور على حرصهم لحضور هذا اللقاء استعدادا لتنفيذ البرنامج الأسبوع القادم. \nبعد ذلك قام النائب العلمي للبرنامج سليمان فتح الله بشرح الخطة التنفيذية للبرنامج موضحا الأهداف العامة والخاصة والوحدات الإثرائية من اختراعات وحس وإدراك والعلوم والهندسة والإحصاء والأرقام والروبوت، ثم قدم استعراضا لكامل البرنامج، وما يشتمل عليه من برامج أنشطة ترفيهية ورياضية وما يقدمه البرنامج من دعم للطالب بما فيها المواصلات والتغذية الصحية وكل ما يحتاج الطالب من الثامنة صباحًا وحتى الخامسة مساء، بعد ذلك ألقى أحد أولياء الأمور كلمة نيابة عن بقية أولياء أمور الطلاب، ثم التقى كل مدرب ومساعدوه بالطلاب الموهوبين التابعين له. ",
    "date_extracted": "2015-07-25 09:48:16"
}