{
    "url": "http://www.alriyadh.com/1068008",
    "title": "رصاصة مجهولة تخترق رأس طفلة سعودية بعُمان",
    "author": "متابعة - منير النمر",
    "content": "    اخترقت رصاصة رأس طفلة سعودية في عمان اليوم الأحد، وأفادت التحقيقات الأولية بأن الرصاصة أطلقها مجهول جار البحث عنه حتى الآن من قبل السلطات العمانية، والطفلة زينب تبلغ من العمر 4 أعوام وكانت في رحلة سياحية بمناسبة عيد الفطر، وفجأة أصابتها الرصاصة في رأسها. \nوأفاد جد الطفلة بأنها أصيبت بالرصاصة في مدينة مسندم، حيث فوجئت بطلق ناري أستقر في رأسها، مضيفا \"أدخلت المستشفى في العاصمة مسقط لتلقي العلاج واستخراج الرصاصة\". وذكر بأن العائلة تواصلت مع سفارة المملكة في مسقط، وتم مباشرة الحادثة من قبل السفارة، وتم تقديم الخدمات للعائلة، مشيرا إلى أن أنه تواصل مع والد الطفلة ووالدتها، إذ أشارا له بأن حالة الطفلة الصحية مستقرة. ",
    "date_extracted": "2015-07-26 17:21:55"
}