{
    "url": "http://www.alriyadh.com/1067999",
    "title": "البيت الأبيض يصف حزب العمال الكردستاني بأنه منظمة إرهابية",
    "author": "نيروبي - رويترز",
    "content": "    رحب البيت الأبيض اليوم الأحد بتزايد تركيز وجهود تركيا للتصدي لتنظيم داعش ووصف حزب العمال الكردستاني بأنه منظمة \"إرهابية\". جاءت هذه التصريحات خلال إفادة صحفية لأحد مسؤولي البيت الأبيض في نيروبي خلال زيارة يقوم بها الرئيس الأمريكي باراك أوباما لكينيا. ",
    "date_extracted": "2015-07-26 17:23:39"
}