{
    "url": "http://www.alriyadh.com/1067911",
    "title": "الرائد يغلق ملف الأجانب بالتعاقد مع زاياتي",
    "author": "بريدة - سلطان السيف",
    "content": "    أغلقت إدارة الرائد ملف الرباعي الأجنبي بالتعاقد مع المدافع الغيني الدولي كامل زاياتي (٣٠ عاماً) في مدينة بولو التركية حيث مقر المعسكر الإعدادي للفريق بحضور رئيس النادي عبداللطيف الخضير واللاعب ووكيل أعماله في ساعة باكرة من صباح أمس (السبت). \nوبدأ زاياتي مسيرته عبر الفريق الرديف في لينس الفرنسي في العام ٢٠٠٣ قبل صعوده إلى الفريق الأول الذي مثله حتى موسم ٢٠٠٧ لينتقل بعدها إلى يونغ بويز السويسري الذي مثله حتى موسم ٢٠٠٩، لينتقل بعدها معاراً إلى هال سيتي الذي قرر شراء عقده ليمثله حتى موسم ٢٠١١ إذ انتقل إلى كونيا سبورت التركي، ثم إلى بلدية إسطنبول الذي ينشط في الدوري التركي، وإلى شيفيلد وينيزداي الذي يلعب في دوري الدرجة الأولى الإنجليزي، وشارك المدافع الغيني في تدريبات فريقه الجديد بدءًا من صباح أمس. \nمن جهة ثانية، كشفت مصادر \"دنيا الرياضة\" أن إدارة الرائد ستكتفي بإبرام صفقتين محليتين على الأكثر تنهي بهما مسلسل تعاقداتها قبل بداية الموسم، ويأتي هذا التوجه بطلب من المدرب الجزائري عبدالقادر عمراني الذي قرر في وقت سابق الاكتفاء ب٣٠ لاعباً لتمثيل الفريق في الموسم المقبل، في وقت ينتظر أن يعلن عمراني عن الاستغناء عن ثلاثة أسماء بعد نهاية المعسكر. \nوتتواصل تدريبات الرائد في معسكره المقام حالياً في مدينة بولو التركية على ثلاث فترات، ودخل المهاجم فهد الجهني التدريبات الجماعية بشكل تدريجي إضافة إلى الحارس أحمد الكسار الذي شارك في جزء من تدريبات حراس المرمى بعد أن وصل إلى مرحلة متقدمة من برنامجه التأهيلي. ",
    "date_extracted": "2015-07-26 17:25:56"
}