{
    "url": "http://www.alriyadh.com/1067935",
    "title": "لجنة وزارية لكشف ملابسات إدخال الرغبات لطالبة جامعة تبوك",
    "author": "الرياض - راشد السكران",
    "content": "    أوضح المتحدث الرسمي باسم وزارة التعليم مبارك العصيمي قيام وزير التعليم بتشكيل لجنة وزارية للتحقيق في ملف قبول طالبة تبوك التي تناقلت وسائل الإعلام خبر وفاة والدتها المعلمة رحمه سالم الحويطي جراء تعرضها لصدمة، إثر مراجعتها مع أسرتها عمادة القبول والتسجيل بالجامعة لقبول ابنتها في كلية الطب، مشيرا إلى أن مدير تعليم تبوك، والمساعدة لتعليم البنات قاما بنقل العزاء لذوي المتوفاة، سائلا الله أن يتغمدها بواسع رحمته. \nوأكد العصيمي أن اللجنة المشكلة ستقوم بالوقوف على بيانات الطالبة والنظر في عملية إدخال رغباتها، والتحقق من الأسباب التي أدت إلى عدم قبولها في كلية الطب رغم حصولها على نسبة عالية واجتيازها اختبارات القدرات والتحصيلي بدرجات مرتفعة. \nوأضاف العصيمي أن وزير التعليم حرص على أن تكون اللجنة المشكلة من ذوي الاختصاص في المجال التقني لمتابعة مراحل تقديم الطالبة على الجامعة، وإعداد تقرير متكامل للكشف عن ملابسات إدخال رغبات الطالبة أثناء تقديمها على الجامعة. ",
    "date_extracted": "2015-07-26 17:22:57"
}