{
    "url": "http://www.alriyadh.com/1067603",
    "title": "صناعة الهدف",
    "author": "حسين فهد العييري",
    "content": "    بالنظر إلى العنوان المذكور أعلاه فهو يبدو من الوهلة الأولى أنه مصطلح رياضي بحت لكن حقيقة الأمر فهو مجرد اقتباس للحديث عن موضوعنا التالي. \nوبذكر صناعة الهدف فالمقصود الهدف الموجه والمعلن للشباب خاصة لكونهم الركيزة الأساسية والأرض الصلبة التى تعتمد عليها التنمية الشاملة، فبعد توفيق الله تعالى فالأساس فى الشباب وهذا ليس اجتهاداً أو مجرد كلمات لكنها الحقيقة الماثلة أمامنا للحصول على أوجه التنمية والاستقرار كما هو الحال الآن بكل الدول المتقدمة. \nفدولتنا تفعل ما بوسعها في بناء وتعزيز قدرات الشباب لما للشباب من عزيمة واضحة وطموح متقد. \nلذا يجب استغلال هذه الهمة وهذا الطموح خير استغلال بعمل دراسات متخصصة وهذا يعود إلى المختصين بهذا المجال، وأبدي رأيي المتواضع من هذا المنطلق وأقول: \"إن الشباب إذا لم يكن له عمل أصبح عالة على المجتمع، ومن المحزن أن أغلب الشباب لدينا أصبح بلا عمل واقتصر جهده على التسكع بالشوارع وضياع الوقت الثمين هباء دون أي فائدة\". \nومن هنا فالمطلوب هو احتواء هؤلاء الشباب ليستفيد المجتمع منهم، والاحتواء نطاقه واسع وفائدته عظيمة وليس مجرد كلمة وفيما يلي إيجاز لبعض النقاط المطلوبة من المجتمع لصناعة الهدف: \n1- التجنيد الإجبارى للشباب. \n2- بناء مصانع ضخمة ذات مجالات مختلفة في كل المناطق لتوظيف الشباب. \n3- إنشاء مراكز معتمدة للابتكارات والمهارات الصناعية، و نؤكد على الصناعية لأنها أساس التقدم الحقيقي. \n4- إنشاء لجان متخصصة صناعيا مهمتها اكتشاف المواهب الفعلية لاستغلالها على أكمل وجه. \n5-عمل دورات مكثفة للتوعية الصناعية. \n6- منح الجوائز القيمة لكل من يبتكر أو يخترع عملاً ذا قيمة متميزة. \n7-فتح المجال الواسع أمام القطاع الخاص وشركات الاستثمار الصناعي الكبيرة بشكل موسع عن الموجود الآن. \n8- إنشاء أسواق دائمة؛ لترويج الصناعات المحلية. \nوعلى الرغم من تواجد كل تلك المحاور أو بعضها وتوفر الكوادر -والحمد لله- إلا أنها تحتاج إلى تمكين حقيقي وتخصص عميق. \nخلاصه القول: إننا نريد ثورة صناعية بيد شبابه للمساهمة فى بناء الأمة، فركيزة التقدم عند الأمم هي الصناعة ثم الصناعة وليس دون ذلك. \nإذن صناعة الهدف لصناعة الشباب لصناعة المستقبل والله الموفق والمستعان. ",
    "date_extracted": "2015-07-25 09:46:00"
}