{
    "url": "http://www.alriyadh.com/1067773",
    "title": "طلاب السعودية يحصدون الميداليات الذهبية في بلجيكا",
    "author": "القنفذة – عبده الناشري",
    "content": "    حصد الفريق السعودي المشارك في الملتقى العلمي العالمي الخامس عشر 2015م في دولة بلجيكا الميداليات الذهبية المعتمدة للمسابقة حيث حصل محمد معشي من تعليم جازان على ميدالية ذهبية ، وعبدالله النفيعي من تعليم الطائف على ميدالية ذهبية، ويزيد الجماز من تعليم الرياض على ميدالية ذهبية، وعمر البركاتي من تعليم مكة على ميدالية ذهبية، ومحمد السعيدي من تعليم صبيا على ميدالية ذهبية. \nويأتي إنجاز الطلاب المشاركين تتويجا لجهودهم وتميزهم خلال مسيرتهم في البحث العلمي عبر مراحل متعددة حازوا فيها على الإعجاب والتقدير ، ومن ثم حصدوا الذهب في الملتقى العلمي العالمي الذي شارك فيه 1000 مشارك من 60 دولة خلال الفترة من 19 – 25 يوليو 2015. ",
    "date_extracted": "2015-07-25 15:54:39"
}