{
    "url": "http://www.alriyadh.com/1067870",
    "title": "تأويل الشعور",
    "author": "سارة العتيق",
    "content": "    حتى يظن الجميع أن اللحظة الناعمة من الإحساس المعقّد، لا تتمكن من تبسيط الحديث الآتي إلى نوع من الحاجات الإرادية الا عندما يجد الكلام الممشوق الحروف الضالة عن سبيل التوجس الخفي. \nتماماً مثل القصيدة المتوازنة ، والتي تطمح دائماً لما بعد الظهور البارز من ذات الشاعر واحتياطاته العديدة لمعاصرة الظروف الراهنة والترفع عن استقامة الشعر المنمق بهندام الحيرة الواضح. \nلا شك أننا نأخذ الأشياء بمعضلة التمازج إذا تأكدنا باستطراد الشعور القديم وعودته باتجاه واحد حتى يدل على التكوين الداخلي لقصيدة ما في ظروف تؤيد الاستزادة بالعواطف المختلفة ، والتي قد تخلق لنا في نهاية الأمر نصاً لايخرج عن إطار التنوع المستبد. \nقلما نجد حقيقة مبينة من وراء الدافع القوي لكتابة الأفكار المبنية على أسس صادقة تتماشى مع التأويل الحالي بأنه لا قيمة للشعور إن كان يكبر بتصنّع. \nالموقف يصنع الحدث ، والحدث يثْبُت بفكرة ، والفكرة تعطي ميعاداً قائماً لتبرير الاعتقاد الساكن الملائم لدقة الكيان الوجداني والذي قد جاء بعد أن تمكن احساس دافئ من انتهاز العديد من الفرص لتحسين الصورة الأولى في دائرة القصيدة. ",
    "date_extracted": "2015-07-26 17:25:50"
}