{
    "url": "http://www.alriyadh.com/1064854",
    "title": "افعلها يا سهلاوي واجعل المسيئين عبرة لمن لا يعتبر",
    "author": "محمد العجمي",
    "content": "    تتبع عورات الناس ومحاولة كشف سترهم، في الوسط الرياضي وفي أي وسط اسلوب لا يقدم عليه الا الشخص ضعيف الادراك ومخافة الله، فهو لا يعلم أنه (كما تدين تدان)، وربما يبتليه الله بالمصائب التي فرح بها عندما اصابت غيره. ومع الأسف أن التعصب والحقد وصل ببعضهم الى محاولة خديعة بعض الاعلاميين واللاعبين وكل من ينتمي للأندية المنافسة بالتصوير والتسجيل من دون علمهم من أجل أن يتباهى به (المصوراتي والمسجلاتي) وأن ينتصر لذاته أمام من يقف معه في الفكر والميول، وهذا اسلوب لا يقدم عليه الا المصاب بالمرض النفسي وغياب الوازع الديني وعدم خشية العقوبة من الله الذي ربما يبتليه ويعافي من كان يشمت به. بالأمس تداول المغردون تسجيلا صاحبه (هاشتاق) ضد مهاجم النصر محمد السهلاوي و(يعلم الله في هذا الشهر الفضيل أنني لست نصراويا)، ولكنني مثل ما استأت لتتبع عورات لاعبين سعوديين غيره في مختلف الاندية والمنتخبات، حزنت لمحاولات الايقاع بالسهلاوي الذي لو تقدم بشكوى الى الجهات المختصة على هذا الاسلوب الرخيص ضد من خدعه وحاول (تسحيبه) بالكلام، لما لامه أحد لأنه حسب النظام لا يمكن أن تصور أي شخص او تسجل عليه الا بإذنه، اما اذا حدث العكس فهناك عقوبات السجن وغيرها التي تردع مثل هذه الاساليب الرخيصة والسخيفة. فإلى متى والوسط الرياضي يعج بمثل هذه الصفات من البشر الذين لا يحترمون انسانية وميول الآخرين، ولا يقيمون لهم وزنا، أمر مؤسف أن يصل ذلك إلى حد الظاهرة من دون أن يرد اعتبار من تم التجسس عليهم بالتسجيل او التصوير والاستفزاز. افعلها ياسهلاوي وأجعل من صورك وسجل كلامك عبرة لمن لا يعتبر فالأمر وصل الى مرحلة التسلط على خصوصيات الناس ليس الرياضيين فقط انما البشر ككل، وما لم يكن هناك رادع وعقوبات وفق نظام الجرائم المعلومات فسيتجاوزون السهلاوي وبقية النجوم الى غيره من اللاعبين الذين هم بشر لهم خصوصيات وحرية لا يمكن أن يتعدى عليهم أحد. ",
    "date_extracted": "2015-07-24 06:38:34"
}