{
    "url": "http://www.alriyadh.com/1067789",
    "title": "البحرين تستدعي سفيرها في إيران للتشاور",
    "author": "متابعة - الرياض الإلكتروني",
    "content": "    استدعت مملكة البحرين سفيرها لدى إيران للتشاور في أعقاب ما وصفتها بتصريحات عدائية متكررة من قبل المسؤولين الإيرانيين. \nوأدانت المنامة بشدة في نبأ أوردته وكالة أنباء البحرين اليوم استمرار التصريحات العدائية من قبل المسؤولين الإيرانيين تجاه مملكة البحرين دون أدنى مراعاة لمبادئ حسن الجوار أو التزام بالقوانين والأعراف الدولية وميثاق الأمم المتحدة ومنظمة التعاون الإسلامي التي تمنع وترفض كل صور التدخل في الشؤون الداخلية للدول. \nوشددت على أن تلك التصريحات المؤسفة والمتكررة لا تجسد مطلقًا أية نوايا حقيقية لإيران في إرساء علاقات الودية ، مؤكدة أنها ستتخذ جميع الإجراءات والسبل الممكنة وستسلك كل الطرق الضامنة لتعزيز أمنها وسلامة شعبها . ",
    "date_extracted": "2015-07-25 23:35:23"
}