{
    "url": "http://www.alriyadh.com/1067746",
    "title": "النصر والهلال ممنوعان  من تسجيل اللاعبين",
    "author": "الرياض - عايض الطريس",
    "content": "    أكد رئيس لجنة الاحتراف بالاتحاد السعودي لكرة القدم أنه حتى نهاية دوام اللجنة أمس لم يقدم الهلال والنصر الحوالات البنكية، وقال: \"إذا لم يرفعاها إلى اللجنة لن يتمكن لاعبوهم الجدد من المشاركة في مباراة كأس السوبر السعودي\". \nوكانت أندية الجيل والقادسية والرائد والتعاون والشباب والخليج والفتح والفيصلي والاتحاد والشعلة والحزم والوطني والدرعية والفيصلي والفيحاء والمجزل قد قدمت الحوالات البنكية الخاصة بلاعبيها ويحق لها تسجيل اللاعبين. \nوبدأت فترة التسجيل بنظامها الجديد عن طريق نظام الTMS الداخلي، وتستطيع الأندية تسجيل لاعبيها من دون الحضور إلى مقر اللجنة التي تشترط للتسجيل أن لايكون على النادي شكاوى، ويقدم كشف بالحوالات البنكية الخاصة برواتب اللاعبين حتى نهاية الشهر الخامس من عام 2015. \nويعتبر نجران والوحدة الناديين الذين عليهما قضايا ولا يحق لهما التسجيل بسبب عدم إرسال الحوالات البنكية الخاصة برواتب اللاعبين. ",
    "date_extracted": "2015-07-25 09:50:12"
}