{
    "url": "http://www.alriyadh.com/1067661",
    "title": "اعتماد امتداد طريق الأمير فيصل بن بندر بالبكيرية",
    "author": "البكيرية - حسن البدراني",
    "content": "    اعتمدت وزارة الشؤون البلدية والقروية امتداد طريق الأمير فيصل بن بندر الرابط بين أحياء البكيرية الصفا والروابي والمنار مع طريق الملك عبدالعزيز الشريان الرئيسي الذي يسلكه جميع المواطنين ويفك الكثير من الاختناقات المرورية التي تعاني منها المحافظة. \nمن جهته، بارك رئيس بلدية البكيرية م. صالح بن عبدالله السهلي العمل الذي يقوم به الزملاء مسؤولو إدارة التخطيط العمراني بالبلدية، مؤكداً أن اهتمامهم ومتابعتهم المستمر دائماً تساعد على تنمية وتطوير المحافظة. ",
    "date_extracted": "2015-07-25 09:46:50"
}