{
    "url": "http://www.alriyadh.com/1068015",
    "title": "الشرطة الفرنسية تطلق النار على سيارة اخترقت حواجز سباق الدراجات",
    "author": "باريس - أ ف ب",
    "content": "    فتحت الشرطة الفرنسية النار باكرا صباح الأحد في وسط باريس على رجل اقتحم بسيارته طوقا أمنيا أقيم قرب خط وصول دورة فرنسا للدراجات النارية، على ما أفاد مصدر في الشرطة. \nولا يزال البحث جاريا للعثور على المشتبه به بعد الحادث في ساحة الكونكورد عند طرف الشانزيليزيه حيث تنتهي بعد الظهر الدورة الدولية الأهم لسباق الدراجات الهوائية. \n \n \n \n \n \n \n \n ",
    "date_extracted": "2015-07-26 17:22:02"
}