{
    "url": "http://www.alriyadh.com/1067607",
    "title": "السعوديون ينشرون المحبة والسلام بين الشعوب في لوس أنجلوس",
    "author": "الرياض - سعدون العويمري",
    "content": "    يدخل السعوديون الأستاد الأولمبي بلوس أنجلوس اليوم (السبت) حاملين طموحات تحقيق إنجاز رياضي جديد، حيث مراسم حفل افتتاح دورة الألعاب العالمية الصيفية للأولمبياد الخاص الدولي، والتي وصفتها اللجنة المنظمه للألعاب بالحدث الانساني الاكبر الذي يقام في أميركا ويستمر حتى الثاني من أغسطس بمشاركة 6500 لاعب ولاعبة من 165 دولة، وسيكتب فى تاريخ لوس أنجلوس أنها البلد الوحيد في العالم التي استضافت دورتين أولمبيتين من قبل 1932 و1984، والألعاب العالمية للاولمبياد الخاص 2015. \nوبدأت هذه المدينة باستقبال الوفود المشاركة بالألعاب بعد قضائهم أربعة أيام فى 100 مدينة من مدن ولاية كاليفورنيا استقبلتهم فيما يعرف ببرنامج استضافة المدن. \nويشهد الحفل حضور 85 ألف متفرج بعد أن نفذت جميع تذاكر الحفل تتقدمهم حرم الرئيس الاميركي ميشيل أوباما، وعدد من رؤساء العالم تم توجيه الدعوة لهم للحضور، وسفراء الدول العربية ال15 المشاركة في الالعاب اضافة الى سفراء وقناصل 165 دولة. \n \n \n \nوأكد رئيس البعثة السعودية الدكتور ماهر بن جديد أن دخول المملكة العربية السعودية في طابور العرض سيشهد تقديم تحية عربية من القلب للجماهير الغفيرة المتواجدة في الاستاد الاولمبي، وملوحين بأديهم التي ترمز لنشر المحبة والسلام بين الشعوب، وهو الهدف السامي من إقامة الدورات الاولمبية. \nوأضاف: \"البعثة وجميع أفرادها بخير والجميع قضى أجمل الأوقات بين الأسر الاميركية في الايام الاربع لبرنامج استضافة المدن، مصرين على تحقيق إنجاز رياضي جديد باسم وطنهم.. السعودية\". ",
    "date_extracted": "2015-07-25 09:44:37"
}