{
    "url": "http://www.alriyadh.com/1067851",
    "title": "كشافة المملكة تشارك في مخيم الجامبوري العالمي باليابان",
    "author": "الرياض - راشد السكران",
    "content": "    تشارك جمعية الكشافة العربية السعودية في الجامبوري الكشفي العالمي ال 23 الذي تبدأ فعالياته الثلاثاء المقبل تحت شعار \"روح الوحدة\" في مدينة كيرارا هاما ياما جاشي في اليابان، بمشاركة 32 ألف كشاف من 144 جمعية كشفية وطنية حول العالم. \n وأوضح قائد الوفد السعودي الدكتور صالح بن رجاء الحربي، أن وفد المملكة يضم أكثر من 120 كشافاً وجوالاً ستكون لديهم فرصة للعيش والعمل في بيئة متعددة الثقافات، لاكتشاف ثقافة الآخر. \n وبيّن أن الجمعية جهزت مجموعة من المتطوعين للمشاركة ضمن ستة آلاف مشارك في فريق الدعم العالمي (ist)، من الذين سيخدمون في 14 إدارة لتقديم خدمات تأمين نجاح المخيم ومنها الموارد البشرية، وخدمات الضيافة، والاحتفالات، والسلامة، والنقل، والبرنامج العام الذي يتضمن القرية العالمية، والثقافة والحضارة، والعلوم، وقضاء أوقات الفراغ، وقرية الأديان، وبرامج المجتمع، وبرامج الطبيعة، والبرامج المائية، والسلام، واليوم الثقافي، وجائزة صداقة الجامبوري. \n وأفاد الحربي، أن الجمعية ستشارك في الجامبوري الذي تستمر فعالياته حتى ال 24 من الشهر الجاري، بخمس ورش هي اللغة العربية، والخيمة العربية، ولوحة السلام، والحوار، والحرمان الشريفان، مؤكداً أن الجمعية اعتادت على المشاركة بهدف إيصال الرسالة العربية والإسلامية عبر هذا المحفل الشبابي العالمي، منذ المشاركة الأولى لها في النسخة 11 من الجامبوري الكشفي، الذي استضافته اليونان عام 1383ه في سهل مارتن، ومثل الكشافة في حينها 36 كشافاً وجوالاً، كانوا نماذج مشرفة للثقافة العربية والإسلامية، وظلت المشاركات كذلك حتى آخر مشاركة للكشافة السعودية في الجامبوري الأخير الثاني والعشرين عام 1432 بمدينة رينكابي في السويد بمشاركة أكثر من 40 ألف كشاف وجوال. \nوتعود الكشافة السعودية لليابان بعد 45 عاماً، حين شاركت في الجامبوري الكشفي العالمي ال 13 الذي استضافته اليابان عام 1391م، بمشاركة 23753 كشافاً يمثلون 87 جمعية كشفية وطنية. ",
    "date_extracted": "2015-07-26 17:24:14"
}