{
    "url": "http://www.alriyadh.com/1067837",
    "title": "أمانة المدينة تنفذ مشروع سفلتة في عدد من المخططات",
    "author": "المدينة المنورة - سالم الأحمدي",
    "content": "    بدأت أمانة منطقة المدينة المنورة في تنفيذ استكمال مشروع سفلتة بعض أجزاء من مخططات شوران الواقعة جنوب طريق صلاح الدين، حيث أوضح وكيل الأمين للدراسات والإشراف المهندس عدنان بن أحمد السيد أن هذا المشروع يأتي ضمن مشروع استكمال سفلتة مخططات شوران وتبلغ تكلفة المشروع 45,999,540 ريالاً وبمدة زمنية تقدر بعامين، وتبلغ الأطوال أكثر من 72,837 مترا طوليا، وأضاف المهندس السيد انه تم تسليم المشروع في الشهر الماضي وسيتم الانتهاء منه في رجب 1438ه‍. \nوفي السياق ذاته بين وكيل الأمين بأنه تم البدء في أعمال ربط طرق الخدمة بجسر السلام ومخطط الأمير تركي وطريق سهل بن أبي حثمة بحمراء الأسد (ج)، وعدد من أحياء العزيزية ويجري التجهيز لبدء الأعمال حسب الأولوية في المخططات. ",
    "date_extracted": "2015-07-26 17:24:09"
}