{
    "url": "http://www.alriyadh.com/1067880",
    "title": "أسرتا العيسى والبواردي تحتفلان بعيد الفطر",
    "author": "شقراء - علي العطاس",
    "content": "    احتفلت أسرة العيسى بلقائها السنوي بمناسبة عيد الفطر المبارك، الذي يقام في كل عام لدى عميد الأسرة الشيخ محمد بن حمد العيسى، وذلك بحضور عدد من أبناء الأسرة والأقارب والأصدقاء والضيوف. من جهتها، احتفلت أسرة البواردي بلقائهم السنوي بمناسبة عيد الفطر المبارك وذلك بحضور عدد من أبناء الأسرة وأقاربهم وأصدقائهم والضيوف، والذي يقام في كل عام في مقرهم الدائم بالثمامة في مدينة الرياض، وأقيمت في آخر أيام اللقاء العرضة السعودية والتي شارك فيها عدد من أبناء الأسرة والأصدقاء والضيوف. من جهته، زار رئيس بلدية محافظة شقراء م.عبدالله بن عزيز الحربي، معايدة لأسرة الجميح، حيث التقى الشيخان محمد وحمد العبدالعزيز الجميح، كما زار الشيخ محمد العيسى، وقام بزيارة معايدة لأسرة البواردي، وكذلك زيارة لأسرة الرقيب، حيث التقى الشيخان عبدالرحمن وحمد الرقيب، وتم تبادل التهاني بمناسبة العيد السعيد حيث تمنى الجميع من الله أن يعيد علينا هذه المناسبات السعيدة في كل عام ووطنا بأمن وأمان في ظل الرعاية الكريمة من قبل ولاة أمرنا -يحفظهم الله-. \n \n \n \n \n ",
    "date_extracted": "2015-07-26 17:24:40"
}