{
    "url": "http://www.alriyadh.com/1067697",
    "title": "مطار الملك فهد يوقع عقد بناء وتشغيل مبنى الطيران الخاص",
    "author": "الدمام - محمد الغامدي",
    "content": "    وقعت إدارة مطار الملك فهد الدولي أمس الأول عقد بناء وتشغيل مبنى الطيران الخاص مع شركة أكس جت الأميركية، وهي إحدى أكبر وأقوى الشركات المتخصصة والمصنفة عالمياً في مجال بناء وتشغيل مباني الطيران الخاص على أحدث السبل والتقنيات المتطورة والحديثة، بحضور نخبة من رجال الأعمال المتخصصين والمهتمين بهذا المجال، وكذلك مُلَّاك الطائرات الخاصة، وذلك بعد أن ارتأت إدارة المطار ضرورة إيجاد مبنى متخصص يخدم مالكي الطائرات الخاصة من خلال مطار الملك فهد الدولي. \nيذكر أن مدة إنشاء المشروع تستغرق 24 شهراً، وأوضحت إدارة المطار في تصريح لها أن مدة العقد 23 سنة كما أنها خصصت 100.000 متر مربع لوقوف الطائرات و30.000 متر مربع لمبنى الطيران الخاص ومواقف السيارات بمساحة إجمالية تبلغ 130.000 متر مربع. \nمن جهته ثمّن مدير عام مطار الملك فهد الدولي التوجيهات الحثيثة التي تجدها إدارته من قبل رئيس الطيران المدني سليمان بن عبدالله الحمدان لتذليل كافة العقبات وتسخير الإمكانيات لما يعود بالنفع على المستفيدين من الخدمة في المطار. ",
    "date_extracted": "2015-07-25 09:48:34"
}