{
    "url": "http://www.alriyadh.com/1067445",
    "title": "ثلاثيني يقتل زوجته في حفر الباطن",
    "author": "حفر الباطن - فهد جارالله المريخي",
    "content": "    ضرب رجل ثلاثيني زوجته بحجر كبير على رأسها في منطقة برية خارج النطاق العمراني بحفر الباطن بسبب خلاف بينهما، ما أسفر عن وفاتها. وأوضح العقيد زياد الرقيطي المتحدث الإعلامي لشرطة المنطقة الشرقية أنه عند الساعة 11:30 من مساء الأربعاء ورد بلاغ لشرطة محافظة حفر الباطن عن تعرض مواطنة ثلاثينية للاعتداء بالضرب من قبل زوجها إثر خلاف عائلي مما أدى إلى إصابتها بالرأس إصابة بليغة، حيث تم نقلها إلى المستشفى إلا أنها فارقت الحياة. وباشر المختصون بالشرطة إجراءات الضبط الجنائي للحادثة وضبط الجاني وهو مواطن ثلاثيني تم إيقافه تمهيدا لإحالته وملف القضية لهيئة التحقيق والادعاء العام. ",
    "date_extracted": "2015-07-24 06:37:15"
}