{
    "url": "http://www.alriyadh.com/1067920",
    "title": "بريطانيا: «جيرمي كوربين» أمل العمال للعودة للحكم",
    "author": "لندن - تركي الناصر",
    "content": "    استطاع جيريمي كوربين في وقت محدود للغاية ومنذ إعلانه الترشح لزعامة حزب العمال ان يخلط الأوراق مجددا في الحزب الذي عانى في الانتخابات الماضية والتي سبقتها. وبعد ان كان السباق منحصرا بين اندي بورنام ويفيت كوبر حول زعامة الحزب، أصبح كوربين المرشح الأقوى بنيله ٧٨ في المئة من الأصوات بحسب استطلاعات الرأي، وهي نسبة لم يستطع ايا من السياسيين سواء من حزبي العمال او المحافظين الحصول عليها عند إعلان ترشحهما لرئاسة أحزابهم. وكوربين هو نائب عن منطقة ازلنغتون منذ العام ١٩٨٣، وعرف بتوجهه اليساري. ويعترف زملاؤه من حزب العمال ان له رأيا مستقلا، وكان دائم الاختلاف في العديد من القضايا إبان تولي العمال الحكم لمدة ١٣ سنة. وهي حالة نادرة في السياسة البريطانية لا سيما انه يمثل الحزب لأكثر من ٣٢ عاما. \nوكان كوربين كثير المشاركة في النقابات العمالية والمظاهرات المطالبة بحقوقهم، ما اكسبه شعبية كبيرة وسطهم ما يؤهله للفوز في الانتخابات وبالتالي خوض انتخابات العام ٢٠٢٠ كمرشح للحزب لرئاسة الحكومة. وكان توني بلير رئيس الحكومة الاسبق قد صرح بأن ترشح كوبرين سيكون كارثيا على الحزب، ويعرف كوبرين بمعارضته الدائمة لسياسات توني بلير عند توليه زعامة الحزب. \nوعرف عن كوربين مناصرته للقضية الفلسطينية العادلة وضد سياسة الفصل العنصري التي تنتهجها إسرائيل، ودائم الانتقاد لها ومناصر لقضايا العرب. كما انه كان ضد الحرب على قطاع غزة والحرب على العراق، وقاد مظاهرات عديدة للتنديد بذلك. كما ان له بعض الآراء فيما يتعلق في الشأن الداخلي البريطاني ما تعتبر غريبة بعض الشيء عن توجه الأحزاب البريطانية عامة، وهو تأييده لاندماج ايرلندا الشمالية (التابعة للملكة المتحدة) مع جمهورية ايرلندا، ما جلب له الكثير من الانتقادات من جميع الأحزاب. وعلى المستوى الاقتصادي يسعى كوبرين لإنهاء الخصخصة للعديد من الشركات وعودتها لملكية الدولة. والمتابع لمسيرته كوبرين يرى انه لا يزال متمسكا بمبادئه السابقة منذ دخوله المعترك السياسي وهي حالة نادرة قليلا ما تشهده بريطانيا لنائب لأكثر من ٣٢ عاما. \nومن القضايا التي يتوقع ان ينال منها كوربين اصواتا كبيرة، هي رفضه لوجود رسوم دراسية من الأساس. وهذا ما يختلف مع سياسة الحزب التي تطالب بتخفيضها وليس اختلافها، ما يجلب له تأييدا كبيرا من باقي شرائح المجتمع البريطاني في ظل حالة الكساد التي تعاني منها بريطانيا في الوقت الراهن. \nويأمل أعضاء حزب العمال، من هم دون ال ٢٥ عاما، ان يعبر كوبرين عن أمانيهم وتطلعاتهم لا سيما وان النسبة الكبرى منهم ستصوت له بعد ان فقدوا في المرشحين الآخرين الحماس والرغبة في التغيير. ويأمل الحزب الذي يعاني منذ سنوات من انتكاسة تلو الأخرى بعد هزيمتين انتخابيتين وضمان بقائه خارج الحكومة لعشر سنوات، وخسارته اغلب مقاعده في اسكتلندا لصالح الحزب القومي الاسكتلندي وفشله في التصويت على العديد من القوانين وتخلفه عن حزب المحافظين ب٩٩ نائبا، ان يكون جيرمي كوبريين منقذا للحزب من أزمته الحالية. وكان أعضاء سابقون من الحزب قد قالوا ان الحزب قد يشهد انقساما داخليا ما قد يفقد الحزب الأمل في الفوز في المستقبل. ",
    "date_extracted": "2015-07-26 17:25:05"
}