{
    "url": "http://www.alriyadh.com/1068010",
    "title": "أكثر من 197 مليون لسفلتة مخططات المنح بمكة",
    "author": "مكة المكرمة - خالد عبدالله",
    "content": "    أبرمت أمانة العاصمة المقدسة ثلاث مشاريع جديدة لثلاث مراحل في سفلتة مخططات المنح بمكة المكرمة ، وبلغت القيمة الإجمالية لهذه المشاريع أكثر من 197 مليون ريال وذلك ضمن المشاريع الجديدة لأمانة العاصمة المقدسة والتي تهدف من خلالها إلى تطوير مخططات المنح وإيصال الخدمات المختلفة لها . \nوأوضح أمين العاصمة المقدسة أسامه البار بأن الأمانة قد وضعت جدولاً زمنياً لأولويات العمل بهدف إنهاء المشاريع حسب ما هو مقرر لها مشيراً إلى أن المخططات المشمولة في هذا المشروع تعد من أهم المخططات الحديثة والتي تشهد إقبالاً كبيراً من المواطنين . \nوقد شمل المشروع الأول عملية سفلتة مخططات المنح للمناطق الجبلية (مرحلة أولى) وبلغت قيمته (84.540.000) ريال ومدته ثلاث سنوات ، أما العقد الثاني فقد شمل مشروع تنفيذ سفلتة مخططات المنح للمناطق المستوية (مرحلة أولى) وبلغت قيمته (59.480.000) ريال ومدته ثلاث سنوات ، في حين شمل العقد الثالث مشروع تنفيذ سفلتة مخططات المنح للمناطق المستوية (مرحلة ثانية) وبلغت قيمته (53.715.000) ريال ومدته ثلاث سنوات ، وقد تضمنت هذه المشاريع العديد من المواقع الهامه بمخططات المنح الجديدة بمكة المكرمة. ",
    "date_extracted": "2015-07-26 17:22:12"
}