{
    "url": "http://www.alriyadh.com/1067770",
    "title": "تركيا تعتقل 590 من عناصر داعش والمتمردين الأكراد",
    "author": "أنقرة - رويترز",
    "content": "    أعلن رئيس الوزراء التركي احمد داود اوغلو السبت أن الشرطة التركية اعتقلت منذ الجمعة في جميع أنحاء تركيا 590 شخصا متهمين بالارتباط بتنظيم داعش أو حزب العمال الكردستاني. \nوقال داود اوغلو في مؤتمر صحافي بثه التلفزيون في أنقرة \"حاليا أوقف 590 شخصا مرتبطين بمنظمات إرهابية لأنهم يشكلون خطرا محتملا\". ",
    "date_extracted": "2015-07-25 15:54:41"
}