{
    "url": "http://www.alriyadh.com/1068000",
    "title": "وصول سفينة «درب الخير»  الإغاثية إلى ميناء عدن",
    "author": "عدن - واس",
    "content": "    إنفاذًا لتوجيهات خادم الحرمين الشريفين الملك سلمان بن عبدالعزيز آل سعود - حفظه الله -, بتقديم المساعدات الإنسانية والإغاثية للأشقاء في اليمن، وبإشراف من مركز الملك سلمان للإغاثة والأعمال الإنسانية , وصلت صباح اليوم سفينة \" درب الخير \" إلى ميناء عدن، بالتنسيق مع خلية الإجلاء والعمليات الإنسانية بوزارة الدفاع وهي أكبر سفينة إغاثية تصل إلى اليمن حتى الآن . \nوأكد المتحدث الرسمي لمركز الملك سلمان للإغاثة والأعمال الإنسانية رأفت الصباغ، في تصريح صحفي أن السفينة تحمل على متنها 3540 طناً،من المواد الغذائية والطبية شملت 100 ألف سلة غذائية بـوزن 3000 طن , و 450 طناً من التمور،إضافة إلى 90 طنًا من المستلزمات الطبية . \nوأبان الصباغ, أن المديريات التي ستستفيد من المساعدات هي المنصورة، والشيخ عثمان، والبريقة، ودار سعد، وخور مكسر، والمعلا، والتواهي، وكريتر, مشيراً إلى أن ذلك يأتي بإشراف ومتابعة مباشرة من معالي المستشار بالديوان الملكي المشرف العام على مركز الملك سلمان للإغاثة والأعمال الإنسانية الدكتور عبدالله بن عبدالعزيز الربيعة للتخفيف من معاناة الأشقاء في اليمن. \nيذكر أن سفينة درب الخير هي جزء من منظومة متكاملة لقوافل وجسور إغاثية ومساعدات إنسانية بحرية وبرية وجوية وجزء من البرامج التي ينفذها مركز الملك سلمان للإغاثة والأعمال والإنسانية . ",
    "date_extracted": "2015-07-26 17:23:39"
}