{
    "url": "http://www.alriyadh.com/1067713",
    "title": "أوباما يدعو بريطانيا للبقاء   في الاتحاد الأوروبي",
    "author": "واشنطن - أ ف ب",
    "content": "    حث الرئيس الأميركي باراك أوباما بريطانيا على البقاء في الاتحاد الاوروبي معتبرا ان هذا الامر ضروري للحفاظ على نفوذ بريطانيا على المستوى الدولي. \nوجاءت تعليقات أوباما خلال مقابلة مع \"بي.بي.سي\" بثت الخميس، وقبل استفتاء بريطاني مرتقب سيحدد مسألة بقاء بريطانيا في الاتحاد الاوروبي. \nوقال اوباما \"ان وجود المملكة المتحدة داخل الاتحاد الاوروبي يعطينا ثقة اكبر حيال متانة الوحدة على ضفتي الاطلسي\". \nوذهب اوباما الى حد وصف الاتحاد الاوروبي بانه \"حجر الزاوية للمؤسسات التي بنيت بعد الحرب العالمية الثانية\" وساعدت على جعل المجتمع الدولي \"أكثر أمنا وازدهارا\". \nوكان رئيس الوزراء البريطاني المحافظ ديفيد كاميرون قد وعد باجراء استفتاء حول عضوية بريطانيا في الاتحاد الاوروبي قبل نهاية 2017. \nوالاستفتاء الذي يأتي بعد فوز وسط اليمين المحافظ الذي ينتمي له كاميرون بغالبية واضحة في الانتخابات العامة في مايو الماضي، من المقرر ان ينظم قبل 2017 لكن قد يجري مطلع العام المقبل. \nويتفاوض كاميرون مع قادة دول الاتحاد الاوروبي بشأن تغيير شروط عضوية بريطانيا في الاتحاد قبل اجراء الاستفتاء. \nوالشهر الماضي قال كاميرون للصحافيين في قمة مجموعة السبع في المانيا ان هدفه \"اعادة التفاوض والحصول على اتفاق يكون في مصلحة بريطانيا ثم التوصية ببقاء بريطانيا فيه\". واهتز الاتحاد الاوروبي في الاسابيع القليلة الماضية اثر مفاوضات شائكة بين اليونان والدائنين الدوليين لضمان صفقة انقاذ ثالثة لاثينا ومنع خروجها من الاتحاد. ",
    "date_extracted": "2015-07-25 09:48:45"
}