{
    "url": "http://www.alriyadh.com/1067632",
    "title": "«تعليم النماص» يدعو المرشحين للوظائف التعليمية لتسجيل موعد إلكتروني",
    "author": "تنومة – سعيد معيض",
    "content": "    دعت إدارة التعليم بالنماص ممثلة بقسم شؤون المعلمين جميع المرشحين للوظائف التعليمية للعام الدراسي ١٤٣٦/١٤٣٧ه إلى ضرورة الدخول إلى بوابة تكامل وتسجيل موعد لإجراء المقابلة الشخصية. \nوأوضح مدير شؤون المعلمين بتعليم النماص علي بن محمد بن مسعد إنه على جميع المرشحين الدخول على الرابط: http://riyadhedu.org/moe، والاطلاع على التعليمات والمستندات المطلوب إحضارها عند المقابلة الشخصية متمنيناً للجميع التوفيق والسداد. ",
    "date_extracted": "2015-07-25 09:46:32"
}