{
    "url": "http://www.alriyadh.com/1067559",
    "title": "مالك استراحة يكافئ مستأجره بـ 52 يومًا تقديرًا لما قامت به",
    "author": "متابعة - الرياض الإلكتروني",
    "content": "    قدم أحد ملاك الإستراحات لمواطنة هدية قيمة عبارة عن يوم مجاني كل أسبوع لمدة عام كامل، تقديرًا لتسليمها الاستراحة «أجمل من ما كانت» – على حد تعبيره - . \nوأبدى عدد من مرتادي مواقع التواصل الاجتماعي إعجابهم بالمقطع المنتشر وتقديرهم للمستأجرة ولمالك الإستراحة أيضاً، ولقي إشادات واسعة بموقف الاثنين الذي يتماشى مع الدعوات المتكررة بالإلتزام بمعايير النظافة في الأماكن العامة والمستأجرة. \nعلى النقيض من ذلك ما تم تداوله يوم العيد لحارس في إحدى الإستراحات ظهر ممتعضاً من الحالة المزرية التي كانت عليها الإستراحة عقب خروج عائلة منها وهي في حالة يرثى لها وتظهر الصورة المرفقة حال حديقة الاستراحة وهي مليئة بالعلب والأكياس الفارغة. \n \n \n ",
    "date_extracted": "2015-07-24 16:23:30"
}