{
    "url": "http://www.alriyadh.com/1067757",
    "title": "العراق ينشر جنوداً دربهم التحالف في معركة استعادة الرمادي",
    "author": "بغداد، أربيل - رويترز، ا ف ب",
    "content": "    قال الجيش الأميركي إن العراق نشر للمرة الأولى جنوداً دربهم التحالف الذي تقوده الولايات المتحدة ضمن حملة لاستعادة الرمادي عاصمة محافظة الأنبار من قبضة تنظيم داعش. \nوجاء الإعلان خلال زيارة لم يعلن عنها مسبقاً لوزير الدفاع الأميركي آشتون كارتر إلى بغداد حيث التقى برئيس الوزراء العراقي حيدر العبادي وأكد على الحاجة إلى قوات برية عراقية قادرة على قتال التنظيم المتشدد. وقال كارتر لقوات أميركية في مطار بغداد \"نحن نحقق بعض التقدم. نحتاج لفعل المزيد\". \nكما التقى كارتر رئيس إقليم كردستان العراق مسعود بارزاني بهدف تقييم الجهود المبذولة لمحاربة داعش. ",
    "date_extracted": "2015-07-25 09:46:09"
}