{
    "url": "http://www.alriyadh.com/1015571",
    "title": "أفلام سخرت من أعداء أمريكا",
    "author": "",
    "content": "    1- أنتج عام 1940 وقدم فيه تشابلن صورة ساخرة للزعيم الألماني أدولف هتلر 2- فيلم كوميدي أنتج عام 1993 وظهرت فيه شخصية الرئيس العراقي صدام حسين. 3- ظهر هذا الفيلم عام 2012 وقدم محاكاة ساخرة للرئيس الليبي معمر القذافي. 4- الفيلم الجديد «المقابلة» عن مذيع أمريكي يلتقي برئيس كوريا الشمالية في لقاء تلفزيوني. ",
    "date_extracted": "2015-07-24 06:39:52"
}