{
    "url": "http://www.alriyadh.com/1064867",
    "title": "إلى اتحاد الكرة.. ما الجديد في قضية الرشوة؟",
    "author": "فهد الرشيد",
    "content": "    إلى الاتحاد السعودي لكرة القدم، انتم مؤتمنون على تأدية المهمة لصالح الجميع، والأغلبية وثقوا فيكم اثناء وبعد الانتخابات من خلال البرامج التي عرضتموها خصوصا الاستاذ احمد عيد في برنامجه الانتخابي، ولكنكم تكاسلتم في الفترة الاخيرة واصبحت القضايا بلا حل هي سيدة الموقف، اينكم من قضية رئيس القادسية وأحد لاعبي الدرعية والاتهامات الخطيرة، لماذا تأخر الحسم في اعلان المخطئ ومعاقبته؟ الموسم على الابواب وانتم لم تحركوا ساكنا تجاه هذه القضية الخطيرة جدا، فقط تصريحات من المتحدث الرسمي ووعود بلا نتيجة ويبدو ان الملف يتجه الى الحفظ بالادراج كالملفات الأخرى، اينكم ايضا من قضية الأمين العام ورئيس لجنة الانضباط ونشر الغسيل وانتم تلتزمون الصمت،، لماذا لم تصدوا لذلك وتحكمون بالعدل وتوقفون المخطئ وتعاقبونه، هل يرضيكم ما يحدث من تجاوزات وضعف وغياب للشفافية؟ لا تجعلوننا نكره الرياضة بسبب تهاونكم ومجاملتكم التي ليس لها داع، نريد الحزم والعدالة ولاسواهما من اجل مستقبل رياضة المملكة العربية السعودية، انفضوا غبار الخوف والكسل، لاتكونوا مع ناد او اندية كونوا مع اندية الوطن جميعا فأنتم تؤدون خدمة جماعية تشكرون عليها ان اصبتم ويلومكم الجميع ان تهاونتم. ",
    "date_extracted": "2015-07-24 06:38:39"
}