{
    "url": "http://www.alriyadh.com/1067897",
    "title": "تدشين بطولة قفز الحواجز على كأس أمير  عسير",
    "author": "ابها- احمد الشيبان",
    "content": "    انطلقت بطولة قفز الحواجز على كأس الأمير فيصل بن خالد على ميادين نادي الجواد العربي يوم الخميس تستمر حتى اليوم (السبت)، يتنافس فيها أكثر من 80 فارسا من مختلف أندية المنطقة، ضمن برامج الفروسية فعاليات مهرجان (أبها يجمعنا). \nوفاز أحمد القحطاني على الجواد \"ذكرالله\" بالشوط الأول المفتوح، وحل هادي خيري على الفرس \"سالي\" ثانيا، وعبدالله بهران على الفرس \"هيفاء\" ثالثا. \nوكسب الفارس محمد آل هادي على \"المعتصم\" و \"ريما\" المركزين الأول والثاني في الشوط الثاني المفتوح، وجاء الفارس أحمد سعيد على الجواد \"ذكر الله\" ثالثا. \nوتوج الفارس فادي حكمي على الجواد \"الكسندر\" بالشوط الثالث المفتوح، وجاء الفارس محمد آل هادي على الجواد \"المعتصم\" ثانيا، والفارس محمد خيري ثالثا. \nوتشتمل برامج الفروسية على فعالية \"سفاري الخيل\" في متنزه السودة، وسباق كأس الأمير فيصل بن خالد للقدرة والتحمل بمركز وادي بن هشبل، وتختتم برامج الفروسية بسباق القدرة والتحمل الجبلي بمتنزه السودة لأول مرة في الشرق الأوسط بطريقة مشابهة للسباقات الأوروبية، وسيكون بين الجبال والأودية، يمر فيه الفرسان بعدد من التضاريس المختلفة التي تتميز بها منطقة السودة. ",
    "date_extracted": "2015-07-26 17:26:28"
}