{
    "url": "http://www.alriyadh.com/1067864",
    "title": "قصيدة «حي المنازل تحية عين» لابن لعبون.. هيام عذب ومشاعر صادقة",
    "author": "قراءة - عبدالعزيز الصعب",
    "content": "    كثيراً ما تأتي القصيدة وهي محملة بشجون وهيام تتم صياغتها بمصداقية الحب ودقة الوصف. \nوكثيراً ما أبدع الشعراء في قصائد العشق لأنهم عاشوا في بيئة فرضت عليهم ذلك الإبداع إذا ان البيئة تدخل في تشكيل إبداع الفرد قديماً. \nوالشعراء القدامى هم المثال الواضح لذك الإبداع لعدد من الاعتبارات لعل من أهمها اتصافهم بالصدق خصوصاً في الحب والعشق والهيام. هو من قال: \nماشفت برقٍ سرى مابين \nذيك الحواجب بليوانه \nوصف فريد لا يجيده إلا شاعر متمكن يستطيع صناعة المفردات في شكلٍ إبداعي يعانق الجمال.. شاعرنا هو محمد بن لعبون الذي عُرف بزعيم الشعر الشعبي الغزلي وذلك من خلال إبداعه وتفرده.. له العديد من القصائد العاطفية والغزلية التي اشتهرت على مدى سنوات مضت ومازالت حتى وقتنا الحاضر متداولة بين أوساط محبي الشعر الشعبي ومن هنا فقد عُرف ابن لعبون بإبداعاته الشعرية الغزلية التي تطرب لها النفس. \nإحدى قصائده التي اشتهرت كثيراً كانت سبباً في شهرته الفائقة وقد استهلها بقوله: \nحي المنازل تحية عين \nلمصافح النوم سهرانه \nولا تحية غريم الدين \nمعسر ووافاه ديانه \nمحمد بن لعبون عاش في الزبير أغلب حياته وعشق هناك من أطلق عليها (مي) ورمز لها بالمنازل ولذلك نجد أغلب قصائده لا تخلو من كلمة منازل وهنا يرحب بالمنازل في مستهل قصيدته بالرغم من سهره وتعبه فهو يشير إلى أن النوم قد فارق عينه ثم أنه يقول ولا تحية غريم الدين ذلك الذي أنهكه الدين وهو لا يملك رده كونه معسرا وليس لديه شيء ويأتيه صاحب الدين يريد مقاضاته. \nومن كل ذلك نجد أن الشاعر يريد الدخول في رسم صورة هي بعيدة كل البعد عن المال الذي قد يتبادر إلى القارئ حيث ان فيه دائنا ومديونا بل هو يريد بجمال المعنى أن يصف حاله بعد رحيل محبوبته من ديارها وألمه لذلك وهنا تتجلى صورة الشعر الحقيقي الذي يتكئ على روح الإبداع في المعنى والنسق والموضوع. \n \n \nودي بنسيانها ومن أين ينسى محمد لخلانه \n \n \nثم يقول: \nمنزل فريد البها والزين \nعطبول مكحولة أعيانه \nودي بنسيانها ومن أين \nينسى محمد لخلانه \nأطيع أنا في هواها اثنين \nسلطان قلبي وشيطانه \nيذكر الشاعر هنا منزل تلك الحبيبة التي وصفها بأجمل وأرق الأوصاف التي تتصف بها المرأة، فهي فريدة في البهاء والزين إضافة إلى ذلك فقد وصفها بوصفٍ عميق جداً حيث قال (عطبول) تأتي في اللغة بمعنى امرأة فتية جميلة ممتلئة طويلة العنق وهنا أجد بأن الشاعر لديه بلاغة وفصاحة حقيقية وإلا لما أورد تلك الكلمة بما تحمله من معنى، ولذلك وصف محبوبته بتلك التي تمتاز بالطول إضافة إلى طول العنق ومما زاد من جماليات الوصف أنه ذكر بأنها ذات أعين بها كحل والكحل هو ما يزين العين ويجعلها فاتنة ثم وبعد كل هذا الوصف ومما يشعر به من ألم وحسرة على الفراق لمحبوبته يتمنى أن ينساها ولكنه في ذات الوقت لا يستطيع إلا أذا نسى هو كل خلانه أي أصحابة وأقاربه وهذا مستحيل ولذلك أجد بأن الشاعر يأتي هنا بالعديد من المبالغات غير أنها جميلة تعبر عن مشاعرة التي تفيض ألماً وأسى وحسرة. \nولعل مما زاد من جماليات هذه الجزئية من القصيدة أنه لا يطيع في حبه لها سوى اثنين سيطرة قلبه على ذلك الحب وقوته التي تجعله يتمسك بها. \nويستطرد الشاعر العذب في معاناته من تلح المحبوبة فيقول: \nأتبع هواها من أين إلى أين \nوأحظى بشوفه ورضوانه \nماشفت برقٍ سرى مابين \nذيك الحواجب بليوانه \nوماذقت مابي رماك البين \nبين شفتيها وبرهانه \nهنا يتمنى الشاعر أن يجد محبوبته فهو يتبع هواها في كل مكان ويطلب شوفتها ورضاها عنه بمعنى إعطاءه حبها وشوقها له، ثم يعود للوصف فيصفها بأعذب الأوصاف كوصفها بالبياض الذي يشع ويملأ منزلها فكلمة ليوان بمعنى القصر أو البيت أو الساحة الكبيرة ومن هنا كان الشاعر يدرك حقيقةً بأنه وهو يصفها يعيش لحظة المعاناة ثم يقول: \nومجدلاتٍ على المتنين \nسافات خانه على خانه \nيصف شعرها بكل جمالياته وطوله وترتيبه فهو يصفه بأنه على شكل جدايل تنتثر بكل أناقة. \nوعلى أن الشاعر بكل ما يعانيه من ألم وحسرة وفراق إلا أنه لن يسأل الا الله ولن يشتكي إلا لله وحده فهو يتألم من هذا العشق والحب الذي أنهكه تماماً وجعله يقول أعذب القصائد في تلك المحبوبة ليختتم قصيدته العذبة بقول: \nوين أشتكي مادهاني وين \nمشكاي لله سبحانه \nوهنا نجد أن شاعرنا أراد أن تكون خاتمة قصيدته شكوى ورجا لله عزوجل. \nويبقى أنير شعراء النبط ابن لعبون علامة فارقة في تكوين النص الشعري لدينا إذ أنه كما أسلفت امتاز بقوة المعاني والبناء للنص الشعري في شكلٍ سهل وأنيق أوصلنا إلى ذائقة قرائية جميلة. \n \n \n \n \n ",
    "date_extracted": "2015-07-26 17:23:18"
}