{
    "url": "http://www.alriyadh.com/1067784",
    "title": "اتهامات لثلاثة رجال أعمال بالأرجنتين ضمن فضيحة فساد الفيفا",
    "author": "بوينس آيرس - د. ب. أ",
    "content": "    وجهت إلى رجال الأعمال الأرجنتينيين أليخاندرو بورزاكو وهوجو ينكيس ونجله ماريو اتهامات \"بالاحتيال\" و\"غسل الأموال\" والعمل ضد مصلحة الأرجنتين وذلك ضمن قضية الفساد التي شملت التحقيقات الجارية فيها عددا من المسؤولين السابقين والحاليين بالاتحاد الدولي لكرة القدم (فيفا) ، حسبما أفادت صحيفة \"تييمو أرخنتينو\" اليوم السبت. \nوأوضحت الصحيفة أن المدعي العام وجه هذه الاتهامات إلى رجال الأعمال الثلاثة بسبب \"الرشى المقدمة من شركاتهم إلى مسؤولين بالفيفا وباتحاد كرة القدم في أمريكا الجنوبية (كونميبول) \" معتبرا أنها قدمت \"نظير الحصول على حقوق البث والتسويق والإعلانات في البطولات التي يشارك فيها المنتخب الأرجنتيني\". \nوأوضحت الصحيفة أن هذا الإجراء يتضمن أيضا اتهامات بالاحتيال لموظفين عموميين لتربحهم بملايين الدولارات. \nويخضع ينكيس ونجله ماريو ، مالكا شركة \"فول بلاي\" للتسويق الرياضي ، للإقامة الجبرية بمنزلهما في العاصمة الأرجنتينية بوينس آيرس منذ 24 يونيو الماضي وذلك بعدما سددا الضمان المالي البالغ 12 مليون بيزو (نحو مليون و300 ألف دولار أمريكي) لإخلاء سبيلهما. \nكما صدر قرار بالاقامة الجبرية بحق بورزاكو ، المالك السابق لشركة \"تورنيوس آند كومبيتنسياس\" ، في منزله في مدينة بولتزانو الإيطالية، ووجهت وزارة العدل الأمريكية طلبات إلى الجهات المعنية لتسليم رجال الأعمال الثلاثة في إطار التحقيقات التي تجريها السلطات الأمريكية بشأن الرشى التي حصل عليها عدد من المسؤولين مقابل منح حقوق التسويق الرياضي لبطولات أحداث رياضية عديدة ومنها بطولات كأس أمم أمريكا الجنوبية (كوبا أمريكا) في نسخ 2015 و2019 و2023 إضافة للنسخة المئوية المقرر إقامتها بالولايات المتحدة في 2016 . ",
    "date_extracted": "2015-07-26 17:23:54"
}