{
    "url": "http://www.alriyadh.com/1067715",
    "title": "مصدر: مخاوف بشأن الاحتكار تؤثر على صفقة اندماج هاليبرتون وبيكر هيوز",
    "author": "لندن - رويترز",
    "content": "    قال مصدر مطلع إن استحواذ شركة خدمات حقول النفط هاليبرتون على منافستها الأصغر بيكر هيوز يواجه بواعث قلق من جانب سلطات مكافحة الاحتكار الأمريكية التي تعتقد أن الاندماج الذي تبلغ قيمته 35 مليار دولار سيؤدي إلى ارتفاع الأسعار وتراجع الابتكار. \nوقال مصدر ثان مقرب أيضا من عملية التدقيق إن التحقيقات في الاندماج المقترح بين ثاني وثالث أكبر شركتين للخدمات النفطية في العالم أبعد ما تكون عن الاكتمال وإنها قد تنتهي بتصفية استثمارات معينة لتبديد مخاوف وزارة العدل. \nوسوف تتجاوز الشركة الناتجة عن الاندماج شلومبرجر لتكون أكبر مزود بخدمات الحقول النفطية في العالم. \nكانت مخاوف وزارة العدل قد وردت أولا في تقرير نشرته بلومبرج، وهبط سهما الشركتين بسبب التقرير. \nوقالت سوزي مكمايكل المتحدثة باسم هاليبرتون في رسالة بالبريد الالكتروني لرويترز إن الشركة ملتزمة تماما تجاه هدفها إنجاز الاستحواذ في أواخر 2015، ورفضت بيكر هيوز التعليق. \nوتملك هاليبرتون وبيكر هيوز أعمالا متداخلة في الولايات المتحدة وآسيا وأوروبا وتدقق السلطات التنظيمية في عدة بلدان في الصفقة. \nوأغلق سهم بيكر هيوز منخفضا 3.9 بالمئة عند 58.28 دولارا بينما أغلق سهم هاليبرتون منخفضا 0.8 بالمئة إلى 41.54 دولارا. ",
    "date_extracted": "2015-07-25 09:48:49"
}