{
    "url": "http://www.alriyadh.com/1067921",
    "title": "أفراح آل بغلف والعمودي",
    "author": "جدة - محسن سالم",
    "content": "    احتفل رجل الأعمال الشيخ عبدالعزيز بن أحمد بغلف وإخوانه بزواج ابنهم المهندس أحمد بن عبدالعزيز بغلف من ابنة الشيخ عبدالله بن سعيد العمودي. أقيم حفل الزواج في قاعة ليلتي في جدة. \nحضر الحفل وجهاء المجتمع ورجال الأعمال والأقارب والمهنئون، وقد أحيت الفرقة الشعبية الحفل ابتهاجاً بهذه المناسبة السعيدة، تهانينا للعروسين. \n \n \n \n \n \n \n \n \n \n \n \n \n \n \n \n \n \n \n \n \n \n \n \n \n \n \n \n \n \n \n \n \n \n \n \n \n \n \n \n \n \n \n \n \n \n \n \n \n \n \n \n \n \n ",
    "date_extracted": "2015-07-26 17:24:41"
}