{
    "url": "http://www.alriyadh.com/1067985",
    "title": "اللواء السحيباني: ثقة ولاة الأمر حافز لمزيد من العمل",
    "author": "الرياض - فهد اللويحق",
    "content": "    ‏عبر اللواء سليمان بن عبدالرحمن السحيباني مدير جوازات منطقة الرياض، عن اعتزازه البالغ وشكره لمقام خادم الحرمين الشريفين الملك سلمان بن عبدالعزيز ولصاحب السمو الملكي الامير محمد بن نايف بن عبدالعزيز ولي العهد نائب رئيس مجلس الوزراء وزير الداخلية - حفظهما الله - على الثقة الكريمة بترقيته الى رتبة لواء. \nوأكد اللواء السحيباني ان الثقة الكريمة من ولاة الأمر بترقيته هي شرف كبير يعتز به، وحافز نحو بذل مزيد من الجهد والعطاء لخدمة الدين والمليك والوطن، وتحقيق تطلعات قيادات الوطن. \nوقدم اللواء السحيباني شكره لمدير عام الجوازات اللواء سليمان اليحيى. يذكر أن صاحب السمو الملكي الأمير فيصل بن بندر أمير منطقة الرياض، استقبل اللواء سليمان السحيباني في مكتبه أول من أمس، وقلده رتبته الجديدة. ",
    "date_extracted": "2015-07-26 17:24:10"
}