{
    "url": "http://www.alriyadh.com/1067574",
    "title": "تركيا توافق على استخدام أمريكا لقواعدها الجوية ضد داعش",
    "author": "أنقرة - رويترز",
    "content": "    قالت وزارة الخارجية التركية في بيان اليوم الجمعة إن تركيا وافقت على استخدام طائرات التحالف الذي تقوده الولايات المتحدة لقواعدها الجوية ضد تنظيم داعش. \nوأضافت الوزارة أن الطائرات التركية ستشارك في عمليات ضد المتشددين وأنها تتوقع التنسيق لتعزيز أمن أولئك الذين يعيشون في مناطق خاضعة لسيطرة تنظيم داعش في سوريا. ",
    "date_extracted": "2015-07-25 01:47:30"
}