{
    "url": "http://www.alriyadh.com/1067822",
    "title": "القيادة تهنئ رئيس المالديف ورئيسة ليبيريا بذكرى استقلال بلديهما",
    "author": "جدة - واس",
    "content": "    بعث خادم الحرمين الشريفين الملك سلمان بن عبدالعزيز آل سعود برقية تهنئة لفخامة الرئيس عبدالله يامين رئيس جمهورية المالديف بمناسبة ذكرى استقلال بلاده. \nوأعرب خادم الحرمين الشريفين باسمه واسم شعب وحكومة المملكة العربية السعودية عن أصدق التهاني وأطيب التمنيات بالصحة والسعادة لفخامته ولحكومة وشعب جمهورية المالديف الشقيق اطراد التقدم والازدهار. \nوأشاد الملك المفدى بهذه المناسبة بتميز العلاقات الأخوية التي تربط بين البلدين والشعبين الشقيقين التي يسعى الجميع لتعزيزها وتنميتها في جميع المجالات. \nكما بعث خادم الحرمين الشريفين الملك سلمان بن عبدالعزيز آل سعود برقية تهنئة لفخامة السيدة ايلين جونسون سيرليف رئيسة جمهورية ليبيريا بمناسبة ذكرى استقلال بلادها. \nوعبر خادم الحرمين الشريفين باسمه واسم شعب وحكومة المملكة العربية السعودية عن أصدق التهاني وأطيب التمنيات بالصحة والسعادة لفخامتها ولحكومة وشعب جمهورية ليبيريا الصديق اطراد التقدم والازدهار. \nمن جانبه، بعث نائب خادم الحرمين الشريفين صاحب السمو الملكي الأمير محمد بن نايف بن عبدالعزيز برقية تهنئة لفخامة الرئيس عبدالله يامين رئيس جمهورية المالديف بمناسبة ذكرى استقلال بلاده. \nوعبر سمو نائب خادم الحرمين الشريفين عن أبلغ التهاني وأطيب التمنيات بموفور الصحة والسعادة لفخامته ولحكومة وشعب جمهورية المالديف الشقيق المزيد من التقدم والازدهار. \nكما بعث نائب خادم الحرمين الشريفين صاحب السمو الملكي الأمير محمد بن نايف بن عبدالعزيز برقية تهنئة لفخامة السيدة ايلين جونسون سيرليف رئيسة جمهورية ليبيريا بمناسبة ذكرى استقلال بلادها. \nوأعرب سمو نائب خادم الحرمين الشريفين عن أبلغ التهاني وأطيب التمنيات بموفور الصحة والسعادة لفخامتها ولحكومة وشعب جمهورية ليبيريا الصديق المزيد من التقدم والازدهار. ",
    "date_extracted": "2015-07-26 17:23:57"
}