{
    "url": "http://www.alriyadh.com/1067953",
    "title": "انخفاض عائدات النفط تدفع المنتجين   إلى إعادة النظر في دعم أسعار المحروقات",
    "author": "باريس - أ ف ب",
    "content": "    تجد الدول المنتجة للنفط نفسها امام خيار صعب، لكن تراجع عائداتها بسبب انخفاض اسعار الخام يجعلها مضطرة لتقليص نفقاتها وخصوصا دعم اسعار المحروقات. \nفقد اعلنت الامارات احدى اكبر الدول المهمة المنتجة للنفط في العالم رفع الدعم الحكومي عن اسعار الوقود والديزل اعتبارا من اغسطس. وقالت وزارة الطاقة في بيان ان \"سياسة التسعير الجديدة ستخضع للمراجعة الشهرية\"، وستحدد على اساس الاسعار الدولية. \nويبلغ سعر الوقود في الامارات حاليا 1,83 درهما (50 سنتا) والديزل 2,35 درهما (64 سنتا). \nوقال الخبير النفطي بيار تيرزيان مدير مجموعة بتروستراتيجيز \"في منطقة الخليج انه البلد الوحيد الذي يذهب الى هذا الحد وهو استثناء ايضا في منطقة اوبك\" منظمة الدول المصدرة للنفط. \nوالى جانب الالتزامات المالية، تستعد الامارات بجد لمرحلة ما بعد النفط باهداف طموحة في مجال تطوير الطاقات المتجددة. \nوقال تيرزيان ان \"الدول الاربع التي تسجل ادنى اسعار للمحروقات هي اربعة بلدان اعضاء في اوبك: فنزويلا وليبيا وايران والجزائر\". \nوكلها تدعم بشكل ما الاسعار المتدنية للمحروقات. لكن في الاشهر الاخيرة اعادت بعض الدول النظر في هذه السياسة عبر خفض الدعم ان لم يكن الغاؤه بالكامل. \nوفي يناير بدأت الكويت بيع الكيروسين باسعار السوق لكنها ابقت الدعم على اسعار الوقود. واعلنت البحرين وسلطنة عمان ايضا انهما ستخفضان الدعم للمشتقات النفطية. \nوفي ايران، الغت الحكومة في نهاية مايو كمية الستين لترا المدعومة لبعض سائقي السيارات وحددت اسعارا موحدة للجميع. ويبلغ سعر لتر الوقود بين 31 و37 سنتا والديزل تسعة سنتات من اليورو. \nوقبل شهر من ذلك، قررت انغولا خفض دعمها للمحروقات الذي يبلغ اربعة مليارات دولار سنويا. ",
    "date_extracted": "2015-07-26 17:25:08"
}