{
    "url": "http://www.alriyadh.com/1067913",
    "title": "مقتل 13 عراقياً و13 من «داعش» في عمليات ببعقوبة",
    "author": "ديالى - د ب أ",
    "content": "    أعلنت السلطات الأمنية العراقية أمس السبت مقتل 13 من عناصر تنظيم «داعش» و13 عراقيا في حوادث متفرقة في بعقوبة مركز محافظة ديالى/ 57 كم شمال شرقي بغداد. \nوقالت مصادر لوكالة الأنباء الألمانية (د. ب. أ) إن طيران الجيش العراقي نفذ طلعاته الجوية على مواقع عناصر تنظيم «داعش» في قرى منطقة جبال حمرين شمالي بعقوبة تمكنت خلالها من قصف رتل للتنظيم وتدميره بالكامل وقتل 13 من عناصرهم بينهم المسؤول العسكري الميداني (أبو ولاء التونسي) وهو تونسي الأصل يحمل الجنسية الفرنسية. \nوأشارت إلى مقتل 13 مدنيا وإصابة 23 آخرين جراء انفجار ثلاث عبوات ناسفة في ناحية العبارة وحيي اليرموك والاملاك في بعقوبة. ",
    "date_extracted": "2015-07-26 17:24:54"
}