{
    "url": "http://www.alriyadh.com/1067582",
    "title": "مقتل أحد أخطر المطلوبين   وإيقاف 12 عنصراً إرهابياً في تونس",
    "author": "تونس- الحسين بن الحاج نصر",
    "content": "    نفذت الوحدات الأمنية التونسية منذ فجر الخميس وحتى صباح الجمعة عملية أمنية واسعة النطاق شملت مدينتي سجنان ومنزل بورقيبة من ولاية بنزرت بالشمال التونسي أسفرت عن مقتل أحد أخطر الإرهابيين المطلوبين وإيقاف ثمانية آخرين وحجز كمية من الأسلحة كانت بحوزة المجموعة في مدينة سجنان. \n وفي منزل بورقيبة تم إيقاف أربعة إرهابيين بعد ساعات من المحاصرة وتبادل إطلاق النار بين الوحدات الأمنية والإرهابيين الذي تحصن رابعهم بمنزل متخذا زوجته وابنته الرضيعة كرهينتين ولكن بتدخل والده وضغطه علية قام بتسليم نفسه وبتفتيش المنزل تم العثور على كمية كبيرة من الأسلحة حسب شهود عيان. \nووفق بعض المعطيات الأولية فان العملية الأمنية انطلقت إثر عمليات رصد وتخابر أدت للكشف عن هذه الخلايا التي كانت تنوي القيام بعملية إرهابية كبيرة خلال الأيام القريبة. ",
    "date_extracted": "2015-07-25 09:47:20"
}