{
    "url": "http://www.alriyadh.com/1067621",
    "title": "الشباب يقص شريط الوديات بإكسيلسيور الهولندي",
    "author": "الرياض - عماد الصائغ",
    "content": "    يخوض الشباب عند الساعة الخامسة من عصر اليوم (السبت) أول مبارياته الودية أمام إكسيلسيور الهولندي على ملعب كارلتون دي بروغ ضمن استعدادات الفريق للموسم المقبل. \nمن جهة ثانية كشف الفحص الطبي الذي خضع له الحارس محمد العويس عن إصابته بتمدد العضلة الأمامية وحاجته للراحة لمدة أسبوع في الوقت الذي انضم خمسة لاعبين للبعثة في هولندا على أن يلتحق اللاعبون السبعة غداً (الأحد). \nوكانت تدريبات الفريق قد انطلقت أول من أمس في معسكره الخارجي بمدينة ميرلو الهولندية بثلاث فترات تحت إشراف المدرب الاورغوياني ألفارو غوتيريز وشهدت التدريبات مشاركة الثنائي الأجنبي المنضمين حديثاً ماوريسيو أفونسو ودييغو أريسمندي. \nمن جانبه أكد عضو مجلس إدارة الشباب والمشرف على الألعاب المختلفة خليف الهويشان أن النادي سيفتح أبواب الترشيح لكرسي الرئاسة الاسبوع المقبل. ",
    "date_extracted": "2015-07-25 09:49:47"
}