{
    "url": "http://www.alriyadh.com/1067444",
    "title": "بوادر إنتاج موسم التمور تصل سوق بريدة",
    "author": "بريدة - ملفي الحربي",
    "content": "    شهدت مدينة تمور بريدة بوادر إنتاج موسم تمور عام 1436ه، حيث وصل عدد من سيارات المزارعين المحملة بأنواع التمور المختلفة إلى ساحات السوق. وتنطلق فعاليات (مهرجان تمور بريدة) في منتصف الشهر الحالي، والذي تنظمه أمانة منطقة القصيم وشركاؤها خلال الفترة من 15 شوال حتى 25 ذو القعدة. وأوضح عبدالعزيز المهوس الرئيس التنفيذي للمهرجان أن الاستعدادات متواصلة منذ شهر رجب، مؤكداً وجود العديد من الفعاليات داخل مدينة التمور وخارجها من خلال ثلاثة مواقع للفعاليات المصاحبة. ",
    "date_extracted": "2015-07-24 06:37:14"
}