{
    "url": "http://www.alriyadh.com/1067749",
    "title": "الهلال يرفض خيارات الشركة المسوقة ل «السوبر» والنصر يؤجل رحلة العودة",
    "author": "الرياض - أسامة النعيمة، حمد الصويلحي",
    "content": "    رفض نادي الهلال الاقامة في الفنادق المحددة من قبل الشركة المسوقة والراعية لكأس السوبر السعودي في لندن، اذ وقع اختياره على فندق آخر وحدد موعد العودة إلى الرياض عقب نهاية المباراة مباشرة في الواحدة بعد منتصف الليل بتوقيت لندن على متن الطائرة المخصصة للبعثة، فيما ستكون اقامة النصر في أحد الفنادق المحددة ولكنه أجل العودة الى يوم 14 اغسطس وتحدد موعد انطلاق المباراة في التاسعة مساء \"بتوقيت السعودية السابعة مساء بتوقيت لندن وسيقودها طاقم حكام انجليزي حسب الترتيبات التي تجريها امانة اتحاد الكرة حاليا. \nمن جهة ثانية تواجد المنسق الإداري للاتحاد السعودي لكرة القدم محمد الحميد في لندن خلال الأيام الماضية لمتابعة آخر الترتيبات التنظيمية والأمنية المتعلقة بنهائي كأس السوبر السعودي بين الهلال بالنصر على ملعب كوبند بارك بلندن في الثاني عشر من شهر اغسطس المقبل، واتم ترتيب سكن الفريقين بحجر سكن كل بعثة في فندق مختلف وخاص عن الفريق الآخر، وملعبين لتدريبات الفريقين قبل المباراة، ووقف على غرف الملابس ومنافذ بيع التذاكر والتنظيم الاعلامي الخاص باللقاء ومقاعد الاعلاميين وآلية دخولهم وأماكن مقاعدهم، وإصدار بطاقات خاصة بهم لدخول هذا اللقاء وسيتم الكشف عن متطلبات وشروط استخراج البطاقة الإعلامية خلال اليومين المقبلين وتقرر عقد مؤتمر صحفي لمدربي الهلال دونيس والنصر داسيلفا في ال11 من شهر اغسطس المقبل في لندن للحديث عن اللقاء المرتقب. ",
    "date_extracted": "2015-07-25 09:45:01"
}