{
    "url": "http://www.alriyadh.com/1067795",
    "title": "باكستان تحصل على ثمان غواصات حديثة من الصين",
    "author": "إسلام آباد - واس",
    "content": "    أبرمت باكستان اتفاقية مع الصين للحصول على ثماني غواصات حديثة لتعزيز أسطولها البحري . \nوأوضحت قناة \"ايكسبريس نيوز\" الباكستانية في تقرير لها اليوم نقلًا عن مصادر وزارة المالية الباكستانية أن هذا الاتفاق قد تم التوصل إليه خلال مباحثات أجراها وزير المالية الباكستاني إسحاق دار مع مسئولين بشركة صينية مملوكة للدولة حول توفير الميزانية اللازمة لشراء ثماني غواصات حديثة من الصين لتعزيز القدرات الدفاعية للقوات البحرية الباكستانية . \nوأضافت أن مسؤولين بوزارة الدفاع الباكستانية قد أكدوا أيضًا في إيجاز للجنة الدفاع بالبرلمان الوطني الباكستاني عن تفاوض باكستان مع الصين لشراء ثماني غواصات حديثة صينية الصنع . ",
    "date_extracted": "2015-07-26 17:23:51"
}