{
    "url": "http://www.alriyadh.com/1067891",
    "title": "أبو سريع: على الاتحاد العربي اعتماد المواعيد المناسبة لبطولاته",
    "author": "المدينة المنورة- صالح الحبيشي",
    "content": "    أكد عضو اللجنة الفنية في الاتحاد العربي لكرة السلة المصري متولي أبو سريع على قوة البطولة العربية ال21 للمنتخبات التي تستضيفها مدينة شرم الشيخ المصرية على الرغم من قلة الفرق المشاركة وقال: \"لايوجد فيها منتخب ضعيف والجميع مرشح والمستوى الفني متقارب جدا باستثناء فارق خبرة وقامة للمنتخب المصري ونحن سنرفع تقريرا إلى مجلس الإدارة في الاتحاد العربي نطالب فيها بضرورة إيجاد حلول جذرية أخوية لمشاركة جميع الفرق العربية في البطولات المقبلة والأكثر من ذلك يجب على مجلس الاتحاد العربي إيجاد مواعيد مناسبة لإقامة البطولات يضمن معها أكبر مشاركة وإن كان الأمر يعتمد بشكل كبير على الأجندة الدولية وارتباط بعض المنتخبات بالبطولات الإفريقية والآسيوية والخليجية، وهذه البطولة جاء الاستعداد لها من قبل المنتخبات العربية في شهر رمضان المبارك وهذا العذر الأكبر لعدم مشاركة الاكثرية\". \nمن جهة ثانية يتنافس عصام مرعي من منتخب مصر والسعودي ناصر أبو جلاس على لقب أفضل لاعبي البطولة لتأثيرهما الايجابي الكبير على فريقهما علي مستوى الدفاع والهجوم وتقارب عمريهما. ",
    "date_extracted": "2015-07-26 17:26:27"
}