{
    "url": "http://www.alriyadh.com/1067548",
    "title": "«أرجوحة» تقتل طفلة في القصيم",
    "author": "الرس - سليمان الخليفة",
    "content": "    فتح قسم شرطة البتراء تحقيقاً في وفاة طفلة تبلغ من العمر 12 عاماً في بلدة المشنية غرب القصيم على إثر اختناقها بحبل أرجوحة علقت به عندما كانت تلهو بمنزل ذويها مساء أمس. \n \n ووفقاً للرائد بدر السحيباني الناطق الإعلامي لشرطة منطقة القصيم، فإن شرطة محافظة النبهانية تلقت مساء أمس بلاغاً من مستشفى النبهانية العام حول وفاة طفلة تبلغ من العمر ١٢ عاماً، حيث جرى انتقال المختصين ومباشرة الحادثة في حينه، مشيراً إلى أن إجراءات المعاينة الأولية أوضحت وجود آثار لسحجات حول عنقها تعرضت لها إثر اختناقها بحبل أرجوحة علقت به عندما كانت تلهو بمنزل ذويها، مضيفاً بأن التحقيقات لا تزال جارية لمعرفة ملابسات الحادثة. ",
    "date_extracted": "2015-07-24 16:23:43"
}