{
    "url": "http://www.alriyadh.com/1067989",
    "title": "المنامة تستدعي سفيرها لدى طهران للتشاور",
    "author": "المنامة، القاهرة - واس، سباعي إبراهيم",
    "content": "    استدعت مملكة البحرين سفيرها لدى إيران للتشاور في أعقاب ما وصفتها بتصريحات عدائية متكررة من قبل المسؤولين الإيرانيين. \nودانت المنامة بشدة في نبأ أوردته وكالة أنباء البحرين أمس استمرار التصريحات العدائية من قبل المسؤولين الإيرانيين تجاه مملكة البحرين دون أدنى مراعاة لمبادئ حسن الجوار أو التزام بالقوانين والأعراف الدولية وميثاق الأمم المتحدة ومنظمة التعاون الإسلامي التي تمنع وترفض كل صور التدخل في الشؤون الداخلية للدول. \nوشددت على أن تلك التصريحات المؤسفة والمتكررة لا تجسد مطلقًا أية نوايا حقيقية لإيران في إرساء علاقات ودية، مؤكدة أنها ستتخذ جميع الإجراءات والسبل الممكنة وستسلك كل الطرق الضامنة لتعزيز أمنها وسلامة شعبها. \nمن جانبه دان رئيس البرلمان العربي أحمد الجروان بشدة التدخل الإيراني السافر في الشؤون الداخلية لمملكة البحرين وعدد من الدول العربية، إثر التصريحات التي صدرت مؤخرا عن القيادة الإيرانية في عيد الفطر المبارك. \nوأكد الجروان في بيان أمس أصدره البرلمان العربي من مقره بالقاهرة أن تصريحات القيادة الإيرانية تعد تعديا سافرا على سيادة مملكة البحرين وشأنها الداخلي، في منافاة واضحة لمبادئ القانون الدولي واحترام سيادة واستقلال الدول. \nوقال الجروان \"إن البرلمان العربي يعرب عن عدم رضا كافة الشعب العربي الذي يمثله بمثل هذه الاستفزازات\". \nوطالب رئيس البرلمان العربي إيران التوقف عن هذه التصريحات والتدخلات التي توضح سوء النية وتعارض مستلزمات التقارب والشراكة الإقليمية وحسن الجوار. \nوتعليقا على تمكن وزارة الداخلية البحرينية من ضبط مستودع مواد متفجرة بالبحرين، أشاد الجروان بجهود رجال الأمن البحريني، مستنكرا نشاط الجماعات الإرهابية الرامية إلى زعزعة الأمن والاستقرار واثارة النعرات الطائفية بدعم من دول مجاورة. كما طالب الجروان المجتمع الدولي للضغط على ايران من اجل الالتزام بعدم التدخل في كافة الشأن العربي الداخلي والتوقف عن دعم بعض الجهات الساعية الى زعزعة أمن واستقرار الدول العربية. ",
    "date_extracted": "2015-07-26 17:22:36"
}