{
    "url": "http://www.alriyadh.com/1067646",
    "title": "وفاة 12 شخصاً في أمطار وفيضانات باكستان",
    "author": "إسلام آباد - د ب أ",
    "content": "    أعلنت السلطات الباكستانية الجمعة وفاة 12 شخصا بسبب موجة الأمطار الموسمية والفيضانات التي تجتاح البلاد لترتفع بذلك حصيلة الضحايا إلى 26 شخصا. \nوذكرت الهيئة الوطنية لإدارة الكوارث في باكستان أن الموسم السنوي للأمطار الموسمية الغزيرة بدأ الأسبوع الماضي، وأسفر عن فيضان مياه كثيرة من الأنهار والقنوات. \nوأضافت الهيئة أن الفيضانات أودت بحياة سبعة أشخاص في اقليم بالوشيستان بجنوب غرب البلاد وثلاثة أشخاص بإقليم البنجاب شرقا وشخصين في اقليم جيلجيت بالتيستان شمالا. \nوكان 14 شخصا قد لقوا حتفهم في وقت سابق هذا الأسبوع في مختلف أنحاء البلاد بسبب الأمطار الغزيرة والفيضانات. \nوقالت الهيئة إن حوالي 200 ألف شخص تضرروا من الفيضانات في اقليم البنجاب فيما أتلفت المياه 205366 أكرا من المحاصيل الزراعية. ",
    "date_extracted": "2015-07-25 09:50:35"
}