{
    "url": "http://www.alriyadh.com/1067776",
    "title": "قطاع التصنيع الياباني ينمو في يوليو بأسرع وتيرة في خمسة أشهر",
    "author": "طوكيو - رويترز",
    "content": "    أظهر مسح نشر الجمعة ان نشاط المصانع في اليابان نما في يوليو تموز بأسرع وتيرة في خمسة أشهر مما يشير الى ان النمو الاقتصادي يتعافى بعد تباطؤ متوقع في الربع الثاني. \nوبلغت القراءة الاولية لمؤشر ماركت/نيكي لمديري المشتريات بقطاع التصنيع الياباني 51.4 ارتفاعا من القراءة النهائية المسجلة في يونيو حزيران والبالغة 50.1. \nويبقى المؤشر فوق حاجز 50 نقطة الذي يفصل بين النمو والانكماش للشهر الثالث على التوالي. \nوسجل مؤشر طلبات الشراء الجديدة قراءة اولية 51.3 ارتفاعا من قراءة نهائية 49.6 في يونيو حزيران وهو ما قد يفسر بيانات صدرت مؤخرا تظهر ان الشركات اصبحت اكثر ثقة بشان تزايد الإنفاق الرأسمالي. \nلكن مؤشر طلبات التصدير الجديدة هبط الى 52.3 في يوليو تموز من 54.0 في الشهر السابق، وهو ما يدعم مجددا أدلة على ضعف الطلب العالمي مع بقاء معدل النمو في الصين راكدا. \nوأظهر استطلاع لرويترز ان من المتوقع ان يتراجع نمو الاقتصاد الياباني الى 0.7 بالمئة على اساس سنوي في الربع الثاني من هذا العام من 3.9 بالمئة في الربع الاول مع ضعف انفاق المستهلكين والصادرات وانتاج المصانع. \nواشار الاستطلاع الى ان ثالث أكبر اقتصاد في العالم من المتوقع ان يسجل نموا قدره 2.0 بالمئة على اساس سنوي في الربع الحالي. ",
    "date_extracted": "2015-07-25 15:54:49"
}