{
    "url": "http://www.alriyadh.com/1067963",
    "title": "شركة سعودية تنفذ مشروعات للاتصالات وتكنولوجيا المعلومات في 40 جامعة سودانية",
    "author": "الخرطوم - بليغ حسب الله",
    "content": "    ابدت شركة اكسبيرت باث تكنولوجي السعودية استعدادها لتمويل وتنفيذ مشروعات البني التحتية ل40 جامعة سودانية في مجالات الاتصالات وتكنولوجيا المعلومات. وتشمل المشروعات انشاء مركز قاعدة بيانات بمواصفات عالمية والتطبيب عن بعد باستخدام تقنية الفايبر وتحسين خدمات التعليم الالكتروني. \nوالتقى وفد من الشركة في العاصمة السودانية الخرطوم وزير الدولة بوزارة الاتصالات وتكنولوجيا المعلومات المهندس محمد عبدالرحيم. \nوأكد مدير للشركة بالسودان الدكتور امين احمد امين علي قدرة الشركة وإمكاناتها على تقديم خدمات ومساعدات للسودان والإستفادة من علاقات الشركة مع صناديق التمويل العربية والعالمية للحصول علي التمويل اللازم لعدد من المشروعات فضلا عن تقديمها كشريك تنفيذي في مجالات الترخيص من الشركات العالمية ل(هاردوير والسوفت وير وقواعد البيانات) لكبريات الشركات العالمية. \nومن جانبه عبر وزير الدولة بالاتصالات عن امله ان يسهم التعاون مع الشركة السعودية في تطوير البني التحتية بما يمكن من تنفيذ مشروعات الحكومة الالكترونية وتطبيقاتها في حقول التعليم والصحة والخدمات الاخرى بالصورة المثلى، مؤمنا على اهمية ايجاد شريك محلي للشركة للمزيد من المتابعة والتنسيق. ",
    "date_extracted": "2015-07-26 17:25:27"
}