{
    "url": "http://www.alriyadh.com/1067638",
    "title": "ناشئو السلة السعودية  يستعدون في الإسكندرية",
    "author": "المدينة المنورة - صالح الحبيشي",
    "content": "    يقيم المنتخب السعودي لكرة السلة (16 عاماً) معسكراً خارجياً في مدينة الإسكندرية لمده ١٦يوماً، يلعب خلالها أربعة لقاءات مع مصر وتونس وفرق مصرية، قبل خوض البطولة الخليجية ال15 في دبي خلال الفترة من ٢٣ وحتى ٢٩ شوال الجاري، وتضم البعثة مدير المنتخب إبراهيم العيد، ومساعد المدرب عبدالحليم برقاوي، والإداري أحمد إسلام واللاعبين أسامة برقاوي وسلمان المولد وسعيد القرني وخالد صالح من الأنصار، وفهد فقيهي من النهضة ومحمد المجرشي وفيصل الصليلي ومحمد القاضي وماجد كيال وعبدالرحمن الجيزاني من الأهلي، ومشعل هوساوي من الوحدة، ومحمد السويلم من نادي الهلال، وهاشم آل شبر من الصفا. ",
    "date_extracted": "2015-07-25 09:50:27"
}