{
    "url": "http://www.alriyadh.com/1067977",
    "title": "مصدر نصراوي: لم نتلقَ  طلب مورا بالاستمرار في الأرجنتين",
    "author": "الرياض - بندر العتيبي",
    "content": "    أعلنت إدارة النصر أمس (السبت) تجديد عقد المهاجم الاوروغوياني فابيان بعد أن فشلت في التعاقد مع بديل له في الفترة الماضية، ولم تعلن مدة عقد اللاعب الذي سيغيب عن الفريق في دوري أبطال آسيا لإيقافه ست مباريات. \nمن جهته أكد مصدر نصراوي ل\"دنيا الرياضة\" أن إدارة النصر لم تتلق اي طلب من المهاجم الاوروغوياني مورا بالموافقة على استمراره مع فريق ريفربليت الارجنتيني حتى شهر يناير المقبل بعد ان ضمن الأخير المشاركة في نهائيات كأس العالم للاندية، بتأهله إلى نهائي كأس الليبرتادوريس وكون الفريق الذي سيواجه في النهائي ليس من اندية امريكا الجنوبية، وكشف المصدر بأن مورا سيلتحق بمعسكر الفريق بالنمسا قبل نهايته بثلاثة ايام. \nوتعاقدت الشهر الماضي مع الاوروغوياني مورا لمدة ثلاثة اعوام بعد شراء بطاقته الدولية من ريفربليت مقابل ثلاثة ملايين دولار. \nمن جهة ثانية اعلن سبورت رسيفي البرازيلي أول من أمس (الجمعة) تسجيل مهاجم النصر السابق البرازيلي هرناني في كشوفاته، وأكدت الادارة الصفراء عدم تلقيها أي خطاب بهذا الشأن كون بطاقته الدولية مملوكة للنصر حتى نهاية الموسم بعد المقبل، ولكنها تلقت قبل اسبوعين خطابا يطلب البطاقة الدولية للاعب تمهيدا لتسجيله في ميراسول المنتمي لدوري الدرجة الرابعة بالبرازيل، ورفضت ارسالها وخاطبت الاتحاد الدولي لكرة القدم (فيفا) لفتح تحقيق في قضية تنقله بين سبورت رسيفي وميراسول البرازيليين. \n \n \nالفشل بالتعاقد مع البديل يجبر الإدارة على التجديد مع فابيان \n \nعلى صعيد آخر دشن نادي النصر أطقم الفريق (2015 - 2016) ممثلة بالطقم الأساسي الذي سيلعب به الفريق معظم مباريات الدوري خصوصاً التي تقام على أرضه ولون قمصانه صفراء والشورت باللون الأزرق والشراب اصفر وأرقام اللاعبين وأسماؤهم ستكون باللون الأزرق، وارتدى الطقم الأساسي المدافع حسين عبدالغني والمهاجمان محمد السهلاوي ونايف هزازي. \nويلعب في الطقم الثاني غالباً المباريات التي تقام خارج أرضه ولون قمصانه زرقاء والشورت ازرق والشراب ازرق أما أرقام اللاعبين وأسماؤهم ستكون باللون الأصفر. \nوارتدى هذا الطقم المدافع عمر هوساوي ولاعب الوسط عبدالعزيز الجبرين اما الطقم الجيشي فلون القمصان جيشي مختلط الألوان الرصاصي مع الأسود وارتداه المدافعون احمد عكاش وخالد الغامدي والمهاجم حسن الراهب، ويمتاز الطقمان الأصفر والأزرق بوجود فتحات للتهوية على جانبي القميص ينفذ من خلالها الهواء لجسم اللاعب. ",
    "date_extracted": "2015-07-26 17:22:40"
}