{
    "url": "http://www.alriyadh.com/1067769",
    "title": "بدء أولى تجارب عبور السفن في قناة السويس الجديدة",
    "author": "القاهرة - د ب أ",
    "content": "    شهد الفريق مهاب مميش رئيس هيئة قناة السويس وكبار المسئولين بالهيئة صباح اليوم السبت أولى تجارب تشغيل القناة الجديدة بعد الانتهاء من تنفيذها. \nويشارك في التجربة قافلتان ( من الشمال إلى الجنوب ، والعكس) كل منهما تضم ثلاث سفن حاويات يتراوح غاطسها بين 15 و18 مترا فيما يصل عمق القناة الجديدة 24 مترا بما يوازي 66 قدما، وتتراوح حمولات السفن الثلاث بين 150 و200 طن وذلك قبل الافتتاح الرسمي للقناة الجديدة في السادس من أغسطس القادم \nومن بين السفن المشاركة في التجربة سفن ترفع إعلام سنغافورة ولوكسمبورج والبحرين. \nووجهت مصر الدعوة إلى زعماء وقادة نحو خمسين دولة للمشاركة في احتفالات افتتاح قناة السويس الجديدة .وتتوقع مصر أن يتضاعف أعداد السفن المارة عبر قناة السويس بعد الوصول بغاطس السفن إلى 66 قدما الذي يسمح بمرور سفن الجيل الرابع العملاقة. \nوبدأ العمل في مشروع قناة السويس الجديدة لمسافة 72 كيلو متر في السادس من أغسطس من العام الماضي ، وأصدرت الحكومة المصرية شهادات استثمار باسمها مدتها خمس سنوات وبفائدة نسبتها 15% وبلغت حصيلتها 64 مليار جنيه مصري تم جمعها في اقل من أسبوع واحد. ",
    "date_extracted": "2015-07-25 15:54:42"
}