{
    "url": "http://www.alriyadh.com/1068001",
    "title": "موتا يعلم سان جرمان برغبته في الرحيل",
    "author": "شارلوت - أ ف ب",
    "content": "    اعلم لاعب الوسط الدولي الايطالي تياغو موتا فريقه باريس سان جرمان الفرنسي برغبته في الرحيل، أملا التوصل إلى حل سريع مع إدارة النادي الباريسي لكنه لا يريد الوصل إلى حد التصادم معها. \n\"النادي يعلم رغبتي، أريد الرحيل\"، هذا ما قاله موتا بعد المباراة الودية التي خسرها فريقه أمام تشيلسي الانجليزي بركلات الترجيح (1-1 في الوقت الأصلي) السبت في شارلوت (كارولاينا الشمالية)، مضيفا \"المفاوضات متواصلة لكن القرار في نهاية المطاف بيد ناصر (الخليفي رئيس سان جرمان). أنا أواصل اللعب، وكنت صادقا وسأواصل مفاوضاتي على أمل التوصل إلى حل في أسرع وقت ممكن\". \nوتابع موتا الذي خاض 45 دقيقة في مباراة السبت ضد تشيلسي: \"احتاج إلى القيام بأشياء جديدة من اجل مسيرتي، أن أجد الحافز... أنا أتفهم رغبة سان جرمان بالمحافظة علي. تحدثت عدة مرات مع المدرب (لوران بلان)، لقد تفهم شعوري، كما تحدثت أيضا مع ناصر، أنا أتفهم موقف النادي لكني احتاج أيضا إلى أن يتفهم النادي وضعي\". \nوأكد موتا (32 عاما) بأنه لا يعتزم الدخول في تصادم مع إدارة النادي في حال أصرت على بقائه، مضيفا \"لا اعتقد انه من الضروري الوصول إلى تصادم. نحن أكثر من لاعب كرة قدم ورئيس نادي سان جرمان. نحن رجال وبإمكاننا التحدث بهدوء وأنا مقتنع انه بإمكاننا التوصل سويا إلى حل يرضي الجميع\". \nواعترف موتا انه يتمنى العودة الى اتلتيكو مدريد الاسباني الذي دافع عن الوانه خلال موسم 2007-2008 قبل الوصول الى ايطاليا للعب مع جنوى (2008-2009) ثم انتر ميلان (2009-2012) قبل الانضمام الى سان جرمان عام 2012. \nوتابع موتا الذي تأسس كرويا مع برشلونة الاسباني ودافع عن الوان الفريق الاول من 2001 حتى 2007: \"في هذا النادي (اتلتيكو) لم انجح في تحقيق ما رغبت فيه وهذا الامر يشكل تحديا بالنسبة لي\". \nورفض بلان التطرق الى موضوع موتا بعد الخسارة امام تشيلسي واكتفى بالقول: \"لننتظر المباراة المقبلة لنعرف ما سيحصل. حاليا هو متواجد معنا، انه معنا تماما\"، اي انه يقدم كل ما لديه مع الفريق دون اي تلكؤ. \nويملك موتا في رصيده الكثير من الالقاب على الصعيدين المحلي والقاري اذ توج بلقب دوري ابطال اوروبا مع برشلونة عام 2006 وانتر ميلان عام 2010 اضافة الى الدوري الاسباني (مرتان) وكأس السوبر الاسبانية (مرتان ايضا) والدوري الايطالي (مرة) والكأس الايطالية (مرتان) وكأس العالم للاندية (مرة واحدة) والكأس السوبر الايطالية (مرة) والدوري الفرنسي (ثلاث مرات) والكأس الفرنسية (مرة) وكأس رابطة الاندية الفرنسية (مرتان). ",
    "date_extracted": "2015-07-26 17:23:37"
}