{
    "url": "http://www.alriyadh.com/1067961",
    "title": "تقرير نفط الهلال: مشروعات تعزيز الطاقة الكهربائية تتجاوز خطط الترشيد من حيث النتائج والأدوات",
    "author": "",
    "content": "    استحوذت خطط تعزيز الطاقة الانتاجية من الطاقة الكهربائية على الكثير من الاستثمارات والتركيز الحكومي، نظرا لما يمثله النجاح في هذا القطاع من نتائج ايجابية على قطاعات التنمية والقطاعات الانتاجية التي تتكون منها خطط التنمية متوسطة وطويلة الاجل، وشكل النجاح في رفع الطاقات الانتاجية والتحول من مرحلة تلبية الطلب الحالي إلى مرحلة تعزيز الطاقة وصولا إلى مرحلة تلبية مستويات الطلب المتوقعة، والتي تتناسب مع خطط التوسع على القطاع الصناعي وقطاعات الطاقة والخدمات على أنواعها. \nوشكل هدف تأمين التيار الكهربائي في أوقات الذروة خلال موسم الصيف لدى دول مجلس التعاون التحدي الاكبر لشركات توليد الطاقة الكهربائية، حيث سجل قطاع الطاقة الكهربائية الكثير من الانجازات على هذا الصعيد لتنخفض معدلات الانقطاع خلال فترات ذروة الطلب سواء كان خلال فترة الصيف أم كنتيجة لارتفاع مستوى التشغيل للقطاعات الانتاجية الرئيسية، ليسجل العام الحالي أدنى مستوى انقطاع منذ فترة طويلة من الزمن. \nوعلى صعيد الخطط الهادفة إلى ترشيد استهلاك الطاقة، فقد قامت الجهات ذات العلاقة بتنظيم وتنفيذ حزم من الخطط والنشاطات وبرامج التوعية لسنوات مضت، بالإضافة إلى الاتجاه نحو رفع الاسعار السائدة على التعرفة نظرا لارتفاع مستويات الاستهلاك لدى العديد من دول المنطقة إلى مستويات تتجاوز مثيلاتها من الدول على مستوى العالم، وهذا يقودنا إلى الاعتقاد أن خطط تعزيز الطاقات الانتاجية من الطاقة الكهربائية قد نجحت وبكفاءة عالية، إلا أن خطط الترشيد لن تصل إلى مستوى الانجاز المستهدف لدى دول المنطقة، الامر الذي يتطلب اتخاذ إجراءات تنفيذ عملية أكثر صرامة لإجبار منافذ الاستهلاك كافة على ترشيده بكافة الوسائل المتاحة سواء كانت من خلال حملات الترشيد والتوعية أم من خلال تعديل آليات وأدوات وسلوكيات الاستهلاك، وأخيرا من خلال رفع تكاليف الاستهلاك للفئات التي تزيد مستويات استهلاكها عن المستويات الطبيعة وفقا لمعايير الدولة نفسها والمعايير العالمية بهذا الخصوص. \nوالجدير ذكره أن خطط تعزيز الطاقة الكهربائية بدأت تأخذ منحى استراتيجي لدى غالبية دول العالم وبالتالي لا مجال للتأجيل أو التأخير في إيجاد الحلول المناسبة، يأتي ذلك في الوقت الذي يحتاج فيه العالم إلى استثمارات تصل قيمتها إلى 48 تريليون دولار خلال السنوات العشرين القادمة، الامر الذي يتطلب إيجاد أساليب وادوات مبتكرة لتعزيز الطاقة الانتاجية من الكهرباء بمزيد من الاستثمار في البنية التحتية، وتسعى فيه المملكة إلى بناء 16 مفاعلاً نووياً حتى العام 2030 للأغراض السلمية لتوليد الطاقة الكهربائية وبتكلفة إجمالية تصل إلى 300 مليار دولار، وذلك بهدف تعزيز قدراتها في مواجهة الطلب المتزايد على مصادر الطاقة والحد من استهلاك النفط مع الاخذ بعين الاعتبار أنه ومع إنجاز هذه المشاريع ستتمكن المملكة من توفير مليون برميل نفط يوميا وخفض تكاليف الطاقة ودعم مشروعات التنمية لديها، يذكر أن اشتداد الطلب على الطاقة الكهربائية لدى دول المنطقة يعزز جاذبية القطاع للاستثمار من قبل القطاع الخاص وجاذبيته للتمويل من قبل قنوات التمويل، الامر الذي يعزز فرص نمو القدرات الانتاجية وتنوع مصادرها في المستقبل. \n \n \n ",
    "date_extracted": "2015-07-26 17:25:17"
}