{
    "url": "http://www.alriyadh.com/1064869",
    "title": "ارتقوا برياضتنا إلى حيث مكانة التنافس الشريف وقيمة الوطن",
    "author": "عبدالله البدر",
    "content": "    على الرغم من كل المناكفات التي تحفل بها الساحة الرياضية نتيجة الحماس والتعصب والبحث عن التفوق على المنافسين، والبقاء في دائرة الزعامة وتجديد العلاقة مع البطولات وكثرة ما يقال إن التعصب الرياضي أصبح ظاهرة يتعامل بها الصغير والكبير مع خصوم فريقه الا أن الأمل لايزال يدفعني الى رؤية رياضة سعودية متحضرة تؤمن بتعدد الآراء العقلانية والنقاشات الهادفة والاطروحات المثرية، رياضة تنطلق بسواعد ابنائها وافكارهم إلى استعادة الهيبة واحتلال القمة من جديد، اقولها من كل قلب صادق يمزج بين الحب الكبير للوطن والولع بالرياضة والعشق لكرة القدم، المنافسة تجمع لاتفرق والاندية يفترض أن تحتضن للجميع، ليس عيبا ان تشجع الهلال وتعشق النصر وتحب الاهلي وتتعاطف مع الاتحاد وتذهب بالاحترام الى أي فريق آخر، العيب ان لاتقدر الخطوط الحمراء التي يقف عندها هذا التنافس ولا يتحول الى خصومات واتهامات وتطاول على الآخرين والطعن بذمم واعراض الناس، من يفعل ذلك ليس انسانا متحضرا يدرك خطورة عواقب ما يفعل، يستحق أن نطلق عليه شخصاً غير سوي يسلم نفسه الى عاطفته وميوله وحقده ضد الآخرين والنتيجة والعياذ بالله تحميل ملفه الكثير من الذنوب والبغضاء. الوطن يمتلك شباباً يتمتعون بميول رياضية وطاقات هائلة نحو الممارسة والتشجيع والتعلق بفرقهم إلى أي مكان، الوطن ايضا لديه امكانات رياضية كبيرة من ملاعب ومنشآت ومدن رياضية ومقر نموذجية للاندية، وهذا ما يجب أن نستثمره ونصوبه نحو الافضل وخدمة رياضتنا ووطننا وهوياتنا، إلى متى هذه المناكفات من أجل (كرة قدم) او اي لعبة أخرى؟، دعونا نصبح أكبر من هذه الامور متسلحين بالوعي والادراك ووضع الامور في نصابها الصحيح. يارعاية الشباب ويا اتحاد الكرة وياشباب الوطن وأي طرف له علاقة بالرياضة، اوجدوا لنا منافسة نقية شريفة خالية من الشوائب، لاتسلموا انفسكم للتعصب للاندية واللاعبين، ارتقوا الى الاعلى وحكموا العقول، عليكم مسؤوليات والوطن يحتاج لكم وخدمتكم للرياضة جزء من الخدمة التي تقدمونها الى الوطن، ومالم تعملوا وفق منهج يبعدكم عن (رياضة السب والشتم) فلا خير في الرياضة كلها، انتم ابناء وطن واحد والرياضة قبل كل شيء فهي رياضة وطن، فأقولها لكم صادقا التكاتف أمر مهم، وعندما تشجعون بمثالية وتعملون باتقان وتطبقون الانظمة على الوجه الصحيح وتعطون كل ذي حق حقه صدقوني ستخرجون لنا رياضية وطنية راقية تعوض المتابع لها عن اخفاق السنين والخيبات التي سجلتها المنتخبات والاندية في المشاركات الخارجية والغياب عن نهائيات كأس العالم. ",
    "date_extracted": "2015-07-24 06:38:48"
}