{
    "url": "http://www.alriyadh.com/1067624",
    "title": "المالكي: رياضة الوطن خط أحمر.. ومن أجلها تتوحد كل الانتماءات",
    "author": "المدينة المنورة - صالح الحبيشي",
    "content": "    أكد المشرف العام على سلة الأهلي حمود المالكي أن منتخب الوطن خط أحمر بالنسبة للجميع، وقال: \"يجب أن نبذل قصارى جهدنا لتقديم العون فمع المنتخب تسقط المنافسات والانتماءات، ونظل صفا واحدا كلا يساعد حسب قدرته وتخصصه فالمنافسات المحلية لكل فرد الحق في إبداء ميوله وانتماءاته ونختلف في ذلك ولكن علم الوطن يوحدنا ويجعلنا كلنا تحت هذا العلم العظيم ومعه أتمنى للسلة السعودية في البطولة العربية\". \nمن جهته أكد عضو اتحاد السلة عبد الرحمن المسعد ان نتيجة لقاء المنتخب مع مصر تدل على أن هناك تطورا في الأداء وقال: \"هناك تحسن جيد ولكن نحتاج لأكثر من ذلك، واتحاد اللعبة يعمل على وضع حلول جذرية لأنها المشكلة الأولى الفنية في المنتخب السعودي بإيجاد لاعبين طوال قامة\". \nواطمئن رئيس اتحاد السلة محمد إسلام على مستوى وراحة بعثة المنتخب المتواجدة في شرم الشيخ وتسهيل جميع متطلبات البعثة وقال: \"جميع المنتخبات السعودية تشهد تطورا ملحوظا وان لم نصل لمخططاتنا ونحتاج للوقت لكي نكون مؤثرين وبقوة في جميع المنافسات الخارجية والأمر في غاية الصعوبة ونحن نواصل العمل ليل نهار للنهوض بمستوى السلة السعودية بعد أن هبط مستواها لأدنى نقطة في السنوات العشر الماضية ولكن نحن وبدعم قوي من الرئيس العام لرعاية الشباب واللجنة الاولمبية سنبذل قصارى جهدنا\". \nفيما أكد عضو اللجنة الفنية بالاتحاد العربي للعبة فايز عايش على ان مباريات البطولة تشهد منافسة قوية، ونتائج ايجابية خلال مباريات اليومين الأوليين. ",
    "date_extracted": "2015-07-25 09:49:58"
}