{
    "url": "http://www.alriyadh.com/1067695",
    "title": "«الدريس».. سعر السهم الجاري أكبر من قيمته العادلة بسبب جاذبيته ورغبة المستثمرين في اقتنائه",
    "author": "الرياض - عبدالعزيز الصعيدي",
    "content": "    زادت الأرباح الصافية لشركة الدريس للخدمات البترولية والنقليات عن أعمالها حتى نهاية النصف الأول من عام 2015 إلى 136 مليون ريال من 124 مليون عام 2014، ومن 102 عام 2013، وانعكس ذلك على ربحية السهم التي ارتفعت إلى 3.41 ريالات من 3.09 عام 2013، ولكن مكرر ربح السهم الحالي زاد بشكل طفيف إلى 19.21 ضعفا من 19.13 ضعفا عام 2013، ورغم كونه أقل من متوسط مكررات السوق البالغ 22 ضعفا إلا أنه يعتبر مرتفع نسبيا. \nوأيضا زاد مكرر القيمة الدفترية إلى 4.55 أضعاف من 4.31 مقابل متوسط السوق البالغ 2.20 ضعف، وتجاوز مكرر الربح على النمو الوحدة وصولا إلى 1.54 ضغف، وفي كل ذلك ما يشير إلى أن سعر سهم \"الدريس\" الجاري أكبر من قيمته العادلة، وهذا ليس بسبب أداء الشركة، ولكن نتيجة لجاذبيته السهم ورغبة المستثمرين في اقتنائه ما أدى إلى صعود سعره الأمر الذي أدى إلى ارتفاع مكرراته. \nوصاحب ارتفاع أرباح الشركة تحسن ملموس في معدلات النمو، سواء كان ذلك على مستوى الأصول أو حقوق المساهمين، فزادت أصول الشركة الإجمالية للعام 2014 إلى 1205 ملايين ريال من 1089 مليونا عام 2013، زيادة بنسبة 10.65 في المئة عن العام الماضي، وتبعا لذلك زادت حقوق المساهمين بنسبة 12.05 في المئة، وهذا يحسب لإدارة الشركة التي تحرص على أموال المساهمين والمستثمرين. \nورغم السلبيات التي طرأت على مكررات سهم الشركة، إلا أن الإيجابيات أكثر خاصة على مستوى النمو، الاستقرار، والاستدامة. \nتنشط \"الدريس\" في تجارة الجملة والتجزئة في الوقود والزيوت والشحوم من خلال قطاع الخدمات البترولية \"بترول\"، بينما يقوم قطاع خدمات النقليات بنقل البضائع وتشغيل ورش الصيانة لتأمين صيانة متكاملة للاسطول الذي تمتلكه الشركة، وأما قطاع السوبر تو فيتولى خدمات عدة متميزة منها: غسيل السيارات سوبر واش، في مراكز الغسيل المتطورة، ويقدم سوبر كافيه، المشروبات الساخنة والباردة وبعض المأكولات الخفيفة كالمعجنات والحلويات ذات الشهرة العالمية والجودة المتميزة. \nتأسست \"الدريس\" شركة توصية بسيطة سعودية بتاريخ 13/04/1382ه في الرياض بالمملكة العربية السعودية بموجب السجل التجاري رقم 01010002475، وقد تم تغيير الاسم من شركة محمد سعد الدريس وأولاده المحدودة إلى الاسم الحالي في 02/11/1425ه وعدلت الشركة عقد التأسيس والنظام الأساسي الخاص بها لتصبح شركة ذات مسؤولية محدودة في 15/04/1423ه، ورخص لها من قبل وزير التجارة والصناعة بموجب القرار الوزاري رقم 1707 وتاريخ 03/11/1426ه والقرار الوزاري رقم 144 وتاريخ 27/01/1427ه وتحولت الشركة إلى مساهمة عامة واعلن عن تأسيسها، برأسمال قدره 200 مليون ريال، مقسم إلى 20 مليون سهم بقيمة إسمية قدرها 10 ريالات للسهم. \nتذبذب السهم \nواستنادا على إغلاق سهم \"الدريس\" الأربعاء؛ 28 رمضان 1436، الموافق 15 يوليو 2015، على سعر 65.50 ريالا، تبلغ القيمة السوقية للشركة 2620 مليون ريال، موزعة على 40 مليون سهم، منها 39.29 مليون حرة. \nوظل سعر السهم في خمس جلسات بين 65 ريالا و68، بينما تراوح خلال 12 شهرا بين 45.20 ريالا و73.00، ما يعني أن سعر السهم تذبذب في 52 أسبوعا بنسبة 47.04 في المئة، وفي هذا ما يوحي بأن السهم متوسط إلى مرتفع المخاطر، ولكن كمية الأسهم المتبادلة يوميا، البالغ متوسطها 415 ألفا، ربما يهمش مبدأ المخاطرة، فمثل هذه الكمية صغيرة وتعني أن مثل هذا السهم ليس للمضاربات اليومية. \nالأوضاع المالية \nمن النواحي المالية أوضاع الشركة مطمئنة جدا، فقد بلغ معدل الخصوم إلى حقوق المساهمين 107.76 في المئة، والخصوم إلى الأصول 51.87 في المئة، وهما ضمن المسموح به، وإذا قارنا ذلك بمعدلات سيولة الشركة الجيدة وهي: معدل التداول البالغ 0.89، معدل السيولة السريعة عند 0.84، والسيولة النقدية 0.80، ففي كل ذلك ما يؤكد حصانة الشركة وقدرتها على الوفاء بأي التزامات مالية قد تواجهها على المدى القريب. \nعدالة السعر \nومن حيث السعر والقيمة يبلغ مكرر الربح الحالي 19.21 ضعفا وهو مقبول كونه أقل من متوسط السوق البالغ 22 ضعفا، ولكن مكرر القيمة الدفترية البالغ 4.54 أضعاف ومكرر الربح على النمو مرتفع ورغم أن مكرر القيمة الجوهرية مقبول إلا أن متوسط مكررات السهم لا يزال مرتفعا وفي كل ذلك ما يشير إلى أن سعر سهم \"الدريس\" الحالي عند 65.50 ريالا أكبر من قيمته العادلة ولكن ذلك يعود لجاذبية السهم والطلب على شرائه واقتنائه. \nهذا التحليل يهدف في الدرجة الأولى إلى تحديد مدى عدالة سعر السهم وجدوى الاستثمار فيه بناء على المعطيات الحالية، ولا يعني توصية من أي نوع. \nاستخلصت جميع الأرقام والمعايير والمؤشرات والنسب الواردة في هذا التحليل من القوائم المالية للشركة على موقعها ومن موقع «تداول»، وتمت مقارنة النتائج مع مواقع أخرى تتسم بالدقة والحيادية، وفي حال وجود أي اختلافات جوهرية، تم الأخذ بالأرجح والموثق منها. ",
    "date_extracted": "2015-07-25 09:48:22"
}