{
    "url": "http://www.alriyadh.com/1067551",
    "title": "إصابة مقيم إثر سقوط مقذوفات على محل تجاري في نجران",
    "author": "نجران - حسين القفيلي",
    "content": "    تعرضت مدينة نجران ظهر اليوم لسقوط مقذوفات عشوائية من الحدود اليمنية، نتج عنها إصابة أحد المقبمين اليمنيين وبعض الأضرار المختلفة. \nوصرح المقدم علي الشهراني المتحدث الإعلامي للدفاع المدني بمنطقة نجران، بأن رجال الدفاع المدني باشروا في تمام الساعة العاشرة والثلث من ظهر اليوم الجمعة، بلاغاً عن سقوط مقذوفات عسكرية من داخل الحدود اليمنية على محل تجاري بمدينة نجران، مما نتج عنه إصابة أحد المقيمين من الجنسية اليمنية، وتعرض محل تجاري وعدد من السيارات إلى أضرار، حيث تم نقل المصاب إلى المستشفى، وإعادة الأوضاع وفق الخطط المعتمدة لذلك. \n \n \n \n \n \n ",
    "date_extracted": "2015-07-24 16:23:40"
}