{
    "url": "http://www.alriyadh.com/1067619",
    "title": "الاتحاد يخسر أولى تجاربه في إيطاليا",
    "author": "جدة - عبدالرحمن العمري",
    "content": "    خسر الاتحاد لقاءه الودي الأول في معسكره بإيطاليا أمام أريس ليماسول القبرصي بنتيجة 1-صفر جاء في منتصف الشوط الأول من المباراة، وقدم المهاجم الفنزويلي ريفاس مستوى مميزاً في أول ظهور له مع الفريق، وعمد المدرب الروماني بولوني على إشراك جميع اللاعبين للكشف عن مستواهم ودون العديد من الملاحظات خلال المباراة لشرحها في اجتماعه باللاعبين. ",
    "date_extracted": "2015-07-25 09:49:45"
}