{
    "url": "http://www.alriyadh.com/1067906",
    "title": "وزير الدفاع الفرنسي يؤكد تسليم الفرقاطة «فريم» لمصر.. قريباً",
    "author": "القاهرة - أحمد إبراهيم",
    "content": "    أكد وزير الدفاع الفرنسي جان ايف لودريان على الشراكة القوية مع مصر، مضيفا أن بلاده سلمت مصر منذ أيام الدفعة الأولى من طائرات الرافال، ومن المنتظر تسليم إحدى الفرقاطات الفرنسية \"فريم\" \nوالتقى إبراهيم محلب، رئيس الوزراء المصري يوم السبت وزير الدفاع الفرنسي جان ايف لودريان، الذي يزور القاهرة حاليا، وثمن محلب العلاقات الإستراتيجية المتطورة بين بلاده وفرنسا، مشيرا إلى أن التعاون العسكري المتنامي يعد أحد مظاهر هذا التطور الكبير فى العلاقات الثنائية. \nكما أكد محلب أهمية مواصلة التنسيق بين البلدين حول القضايا المتصلة بمكافحة الإرهاب ومواجهة تصاعد التيارات الأصولية المتطرفة. \nوقال محلب \"جميعنا نتعرض لتهديدات الإرهاب، وهو ما أظهرته الهجمات الأخيرة التي استهدفت ثلاث دول فى ثلاث قارات مختلفة في جنوب فرنسا والكويت وتونس، وذلك بالإضافة إلى الهجمات الأخيرة التى وقعت فى مصر ما يتطلب ضرورة تضافر الجهود الدولية لدحر الإرهاب\". \nكما نوه رئيس الوزراء المصري بدور الأزهر الشريف ودار الإفتاء المصرية فى نشر أفكار الإسلام المعتدل وتجديد الخطاب الديني ومكافحة التطرف والتصدي لما تطلقه التنظيمات الجهادية المتطرفة من فتاوى وأفكار مغلوطة تحرض على العنف. \nونبه محلب إلى الدور السلبي وعدم الحرفية التي تتصل بعمل عدد من القنوات الفضائية على الأقمار الغربية، والتي تقوم ببث أفكار ورسائل تحض على العنف والكراهية والإرهاب. \nوبحث محلب مع وزير الدفاع الفرنسي ظاهرة الهجرة غير الشرعية، مؤكدا أهمية تناول الجانب الأوروبي هذه الظاهرة بشكل شامل ومعالجة جذورها المتعلقة بشكل أساسي بالتنمية، كما شدد على أهمية تعزيز التعاون الفني والتدريب المهني كأحد المجالات التى ستساعد على نقل الخبرة والتكنولوجيا الفرنسية بما يتيح المزيد من فرص العمل للشباب. \nوأشار وزير الدفاع المصري بالتعاون العسكري القائم بين مصر وفرنسا، مشيرا إلى وجود العديد من الفرص لتعزيز هذا التعاون فى القطاعات المختلفة مثل التعاون والتدريب الفني بين الجانب الفرنسي والترسانة البحرية بالإسكندرية. ",
    "date_extracted": "2015-07-26 17:24:50"
}